P,v
9.05208467757,1.38085887452
8.9634504449,1.40930527553
9.4139207245,1.25807571715
6.97843219456,1.94002172264
7.79825375465,1.74056053522
10.670053288,0.676693204432
8.08197553631,1.66597838216
8.53901082861,1.53825169812
10.5934099747,0.725635032329
8.92868983523,1.42030587165
10.2326776437,0.921723693155
8.2724096288,1.61398704008
10.2654776733,0.905650493388
8.92878938046,1.42027449049
10.024677327,1.01775957991
10.3224921509,0.877010562477
10.8052732249,0.580368009815
6.7981351478,1.98119574326
7.03114098732,1.92781862397
8.40671138853,1.57628985538
9.50114256008,1.22664141227
10.1275766621,0.971437249158
10.4790845733,0.793046177981
6.74148166483,1.99395802345
6.86680775752,1.96561483172
10.1081754116,0.980338588898
7.60070889086,1.790655838
7.13413785,1.90374711543
7.83491691022,1.73110365857
9.71121684154,1.14740226845
7.66440348324,1.77465803345
6.75254585119,1.99147203055
10.7849245309,0.595859767789
10.6214533314,0.708120012622
8.40090047221,1.57793956283
10.6005499822,0.721215966667
10.0075600178,1.02526228841
9.32813939308,1.28824296005
8.50199347265,1.54898888503
7.47080629732,1.82284761429
7.32123578281,1.85922315429
7.58363889343,1.79491898452
11.0325625826,0.365094634741
10.8057238467,0.580020261978
8.58345794725,1.52525958716
9.53501351048,1.2142151442
8.67260753373,1.4988612982
8.8312403776,1.45070077878
7.35797833323,1.85035362592
10.3827042598,0.845712022147
9.95547723181,1.04776038351
6.87724516594,1.96323589581
7.0350462482,1.92691140593
8.1134901059,1.65748705045
7.31424608332,1.86090565835
9.68216484722,1.158683489
8.42761067493,1.57034226461
9.53512106124,1.2141754844
6.76345496019,1.98901783959
10.0582906433,1.00286316643
10.5086949368,0.776148677955
9.78806700702,1.11701129207
10.7219386392,0.641444799258
10.4873012403,0.788393546724
9.43374956412,1.25099887808
9.30438391537,1.29647308676
10.2698422566,0.903490133764
7.45020222022,1.82790151574
6.92042256228,1.95336394822
8.2545195974,1.61894234607
6.76340710087,1.98902861298
10.3037870487,0.886508635115
9.71201023307,1.14709262916
10.3844831905,0.844769689672
7.72575900908,1.75911015205
9.14685201308,1.34978110666
6.93484380397,1.95005558628
6.78559195504,1.98402841302
10.0979289709,0.985007220942
8.91706210637,1.42396669924
6.9035877033,1.9572189411
7.27443647187,1.87045945043
10.6727392872,0.674913650785
8.09605267632,1.6621907776
10.1605558629,0.956116172078
8.0574984788,1.67254377231
7.94317170123,1.70287402438
11.0431586725,0.351860074747
7.36473209735,1.84871866016
9.38599239961,1.26797624162
9.06613536593,1.37629543687
7.16873557432,1.89559265946
7.88844844088,1.71720222877
11.0540718658,0.337687684976
9.35802304694,1.27781443414
10.0754692823,0.995164013373
7.12109367665,1.90681248891
7.21966591458,1.8835244784
7.1526599265,1.89938593809
7.77880005173,1.74555760911
6.86444373681,1.96615324899
10.1300019206,0.970318792996
7.78238630811,1.74463748328
10.6988326794,0.657375342733
8.94552775222,1.41498790153
8.77996882309,1.46643969181
8.07746309959,1.66719068013
9.23985585408,1.31856968471
9.39090383931,1.26624075764
6.74202004396,1.99383712771
7.38972895481,1.84265474624
8.30638821734,1.60453327792
6.93209469994,1.95068668821
9.62814544676,1.17937300599
10.5139889528,0.773088667641
7.66231397527,1.77518513034
9.21625483334,1.32655955049
9.58387168876,1.19606309403
6.96778850763,1.94247663732
10.2046404279,0.935243987051
8.66683558504,1.50058450355
8.98886702598,1.40120709932
9.69848500391,1.15235978053
7.02483271763,1.92928317579
11.0106978436,0.390990428701
9.83610999462,1.09758494959
10.0073718298,1.0253444682
10.2100736609,0.932639248134
9.01585023505,1.39255823135
9.50126134546,1.22659805333
8.07915428992,1.66673643322
9.15897142088,1.34575493907
8.24918602591,1.62041674369
7.01444464211,1.93169249102
7.29266948491,1.86608983395
8.14712997118,1.64837481068
8.44008666568,1.56678104261
8.04064717024,1.67704879766
8.34197807276,1.59457112041
9.45308034843,1.24406104114
9.51587015779,1.22125382052
8.89490549621,1.43091647143
9.80665554274,1.10953529734
10.420521615,0.825447855661
9.61474729912,1.18444858575
9.85843735718,1.08843880335
9.82420680928,1.10242994275
9.05437153959,1.3801171666
9.12996096094,1.35537250411
10.818281686,0.570243998744
10.1781167976,0.947856887669
9.48624585242,1.23206690115
9.13649658799,1.35321177412
9.27732778747,1.30578354619
8.6024453695,1.51967561111
7.63702018701,1.78155334273
8.14325605016,1.64942672856
6.81043006827,1.97841520548
9.06807332035,1.37566483248
11.1478559375,0.173353020231
6.81973823016,1.97630753127
10.395061574,0.839144269024
8.88112530668,1.4352218727
10.408332746,0.832033078262
11.0622613399,0.326648844024
10.4284153093,0.821154992603
9.53793008792,1.21313918469
7.26374309314,1.87301742008
10.8852250375,0.515006627864
11.0418149753,0.353565786512
10.5300952093,0.763703651546
9.68628492118,1.15709031038
10.3396988316,0.868181604765
8.92051974185,1.42287909509
7.31850332769,1.85988107004
7.32121361813,1.859228492
8.54239796447,1.53726548664
10.2946194075,0.891126811332
11.1280625247,0.218576903484
7.77271536969,1.74711764746
9.67339890705,1.1620658959
10.4904085507,0.786626882393
10.0248521108,1.01768268493
6.84078451005,1.97153365388
8.84809284396,1.4454901291
10.6465777012,0.692051729991
9.22123666104,1.32487701957
10.2520258069,0.912276649503
10.3626430796,0.856267013104
8.49353554647,1.55143174665
7.52323726503,1.8099233614
9.06249166201,1.37748030523
10.7621976377,0.612699214313
6.76850226577,1.98788133653
6.75247865986,1.99148713702
10.5578251068,0.74726950681
8.90580650709,1.42750142476
7.54165981985,1.80536022889
10.8083810362,0.577965436559
9.82436447469,1.10236590683
7.95596559522,1.69950677391
10.9161476453,0.487382056401
8.32055916888,1.60057403607
7.7655863568,1.74894366923
9.97068207191,1.0412426232
9.74206457085,1.13530104374
8.84731231787,1.44573187637
10.1805338903,0.946714435712
7.57211520915,1.79779125115
7.47134912814,1.82271427577
9.32000947231,1.29106549042
9.98499235961,1.03507083464
10.1472633588,0.962320787422
7.47980847127,1.820635099
9.34101983777,1.28375844745
8.68832529426,1.49415871335
7.4407701581,1.83021041644
10.7196394201,0.643047691695
8.88587491797,1.43373939225
8.31781815299,1.60134061592
8.67256652876,1.49887354715
9.2569194681,1.31276269707
11.0167873647,0.383953740338
7.33896646656,1.85494832156
9.42044837413,1.2557504268
7.03375535293,1.92721133673
8.97492581671,1.40565479429
7.63606981745,1.78179217344
7.66885585127,1.77353436163
9.8271382358,1.10123873281
9.99000278314,1.03290120618
7.69557563529,1.76677590998
8.58165956615,1.5257874103
11.1452288829,0.180010396392
9.91450617041,1.06512466978
8.2742436558,1.6134781784
10.9253435065,0.478859650413
8.16972703287,1.64222541496
9.99330435029,1.03146905741
10.9896147624,0.414430910958
11.1287549774,0.217153829342
7.48461935537,1.81945159764
7.35509799705,1.85105046464
8.7256274774,1.48293861121
8.10273333829,1.66039025113
9.63212766435,1.17786021815
9.2594298279,1.31190621744
7.27987441986,1.86915729284
9.28320403643,1.30376708414
10.5801235629,0.733787372451
8.93047009983,1.41974454702
9.11782544685,1.35937549177
10.6031760153,0.719583846449
6.73796343883,1.99474787834
8.75323356474,1.4745800224
8.01842098654,1.68297229896
8.74852898699,1.47600782344
9.65968447037,1.16733805804
8.73097647614,1.48132272193
8.10857032487,1.65881550659
9.9361991797,1.05596634394
8.12267301588,1.65500459692
10.8783610842,0.520939877043
10.2044984373,0.935311961321
10.5634008329,0.743921210907
9.30616886518,1.29585650399
7.80834114278,1.73796373053
7.07248491753,1.91819238077
8.15316346152,1.64673514879
10.2203729669,0.927681599982
7.51113618945,1.81291445961
9.26506226878,1.30998251464
9.85853185428,1.08839993037
9.54771407038,1.20952276821
11.1472965142,0.174791938231
10.1805726362,0.946696111037
10.5251728383,0.76658407836
8.44399029222,1.56566510416
10.6390478689,0.69690631123
9.70900542515,1.14826488382
9.17060938454,1.34187734145
7.61180746025,1.78787857252
9.4023729438,1.26217879465
6.87303128819,1.9641966865
8.80805266325,1.45783979565
10.4968474064,0.782953376359
11.1132697932,0.247027222929
6.85291252887,1.96877742711
7.88970736242,1.71687394884
11.0999723975,0.270055536172
7.22679468998,1.88182910736
9.31467538606,1.29291402067
8.4883196416,1.55293631543
7.97263903431,1.69510841941
7.9207551704,1.70875787757
9.16398532467,1.34408575193
9.95059670493,1.04984390862
11.0606750426,0.32881600307
7.64336344712,1.77995844174
10.6373894762,0.697970961478
9.68252923595,1.15854267297
9.40273513001,1.26205030778
10.9340686515,0.470630829082
9.12767340848,1.35612797367
10.2102784586,0.932540924069
7.85203565429,1.72667032009
10.0305514656,1.01517209991
10.5930382576,0.72586435724
10.4250826471,0.822970140512
8.53679852264,1.5388955004
9.29615260088,1.29931267875
7.7100652497,1.76310010069
9.63922042444,1.17516095623
10.7056001051,0.652749761396
9.79421462323,1.11454437463
7.47925882991,1.82077026454
7.05832843663,1.92149391008
7.28837481897,1.86711998897
8.45974820895,1.56115224394
8.99115372552,1.40047622004
8.54826375276,1.53555608296
10.2252179438,0.925340247687
11.1538769897,0.157033568084
9.86804165772,1.08448078613
10.1114564902,0.978838909446
7.89880892323,1.71449873028
7.75284653134,1.75220210285
8.19339878624,1.63575876778
8.15773546416,1.6454915728
10.2309419073,0.92256646518
10.7064136991,0.652191455313
10.167735137,0.952748257713
9.48554939084,1.23231997302
7.57481490534,1.79711876637
8.02592681891,1.68097425349
9.86402485859,1.0861378993
6.93789832175,1.94935413198
9.12675949872,1.35642967688
9.28346305752,1.30367812809
8.3016706949,1.60584914735
10.4458581348,0.811588461683
9.17994364792,1.33875918635
9.1654043594,1.3436129622
6.87455215363,1.9638499738
8.87020939917,1.43862322866
10.7592880591,0.614821758658
8.30883992572,1.6038489909
10.8550009638,0.54064485728
10.167503756,0.952856987928
7.90970903727,1.71164980901
9.65271525134,1.17000809131
6.78181569874,1.98488042545
7.00054126035,1.93491241963
9.15435366412,1.34729041488
9.35520199704,1.27880253367
10.8612407293,0.535452407144
11.1500282664,0.16764842334
6.87213462253,1.96440107129
8.00143458525,1.68748532772
10.7417564063,0.627459184776
10.1044863931,0.982021990054
7.15938435626,1.89780013531
7.68429074219,1.7696334381
9.55399532553,1.2071953414
7.2648121394,1.87276185006
7.2568326798,1.87466860768
7.76152400755,1.74998334511
9.64439708913,1.17318697424
10.4433717026,0.812959027251
9.27775627516,1.30563661392
8.2821824316,1.61127366456
10.4782966545,0.793490898135
7.76724057145,1.74852012943
7.01554138765,1.9314382638
8.85067437464,1.44469028024
11.156294748,0.149981628
7.15344546751,1.89920075454
7.03480215905,1.92696812197
10.2585071267,0.909090092868
9.42865548173,1.25282075283
7.52810599932,1.8087185306
8.36576450201,1.58787808127
8.18253566257,1.63872952304
8.94700654755,1.41451989408
9.14371131274,1.35082251547
9.16582057546,1.34347425703
10.5231971076,0.767737178529
11.0549779373,0.336484181246
9.38705488943,1.26760100646
9.16790021957,1.34278099513
9.78177626315,1.1195300166
10.0420000912,1.01011008521
7.35219270679,1.85175307484
8.40294888444,1.57735821963
7.32946697828,1.85723985301
9.2293868287,1.32211981675
10.5615691305,0.745022831705
9.32493409302,1.28935650781
10.144155195,0.963765840121
7.02817214255,1.92850802078
10.7775371393,0.601385167584
8.15534460217,1.64614199988
9.50823001118,1.22405166881
8.13384251481,1.65198007245
9.13305325834,1.35435059579
10.1916560592,0.941439615614
10.232900845,0.921615263753
8.69736597504,1.49144712189
7.95216483054,1.70050780092
6.85842951665,1.96752235278
7.40182150648,1.83971407645
8.83246109439,1.45032397168
9.32021444247,1.2909944051
6.86040499765,1.9670727506
8.20903581334,1.63147298811
9.71718882037,1.14506950955
7.03888130501,1.92602008089
7.15894215745,1.89790445848
8.89578143113,1.43064236151
8.97998190205,1.40404336846
7.83429268154,1.73126510409
6.75735884418,1.99038963835
7.19737631744,1.88881559066
11.1112813727,0.250605344084
9.38185436205,1.26943659812
10.6920293547,0.661992883857
7.75793039861,1.7509025418
7.06263177464,1.92049089975
7.61022068689,1.78827590514
10.8096863472,0.576953348909
8.18002187404,1.6394162057
8.57742549362,1.52702938613
9.64850997113,1.1716162663
9.17435424178,1.34062722523
7.15039822748,1.89991901056
9.65682585087,1.16843398469
7.90183851814,1.71370737185
9.75394935693,1.13060420969
9.59695322211,1.19115602733
10.3154179846,0.88061472668
7.75259056078,1.75226750971
8.45692413628,1.56196198021
9.00515041374,1.39599423248
8.4664714676,1.55922281578
8.38885730578,1.58135311402
7.25619378428,1.87482119318
8.08403733956,1.66542417045
9.44015032263,1.24870590839
6.92126255342,1.95317140043
7.6886079562,1.7685407909
7.50057782025,1.8155202119
6.92047080054,1.95335289128
8.09403619012,1.66273386414
7.28297456927,1.86841453256
10.8682987162,0.529517703742
9.05664472699,1.37937949857
10.559979899,0.745977307834
9.41317367992,1.25834155662
7.76796558067,1.74833446806
7.85669977583,1.72546045147
10.6776255902,0.671664240835
8.08081118859,1.66629127682
9.86825321842,1.08439343747
7.24772360637,1.87684292793
10.8477972439,0.546578122896
10.8334473096,0.558209382534
7.23331117713,1.88027801386
10.1351817496,0.967925684093
8.02562325491,1.68105510802
8.2027309897,1.63320236056
8.08642524255,1.66478207271
10.4638489497,0.80160178848
7.20247037979,1.88760766784
8.41288526697,1.57453520992
9.84605922008,1.0935188134
6.74932330029,1.99219642012
10.7718233773,0.605624203481
7.52308945404,1.80995992658
7.70897469282,1.76337702613
9.96897040457,1.04197838902
9.20033025471,1.33192356121
10.62975242,0.702852964334
9.92999832035,1.05859230171
7.22244423769,1.88286391693
7.47461947564,1.82191075587
11.0584980031,0.331767174127
9.69024842624,1.155555602
9.47313544087,1.23682211825
8.20984681358,1.63125040289
7.43845877744,1.83077578151
8.18980862442,1.63674117144
10.4869547126,0.788590320038
7.3601444326,1.84982940933
11.0638769017,0.324426825367
9.21655095324,1.32645960049
10.9885462047,0.415583747672
9.80133787491,1.11167910747
7.40063381282,1.84000310823
11.0065310845,0.395733195792
8.08734351976,1.66453508564
8.83551602411,1.44938055605
8.14553850789,1.64880703512
10.2744921754,0.901182842324
7.07868075152,1.91674561902
9.1998174599,1.33209593126
8.28825516481,1.60958529277
7.27973465267,1.86919077251
10.2895748785,0.893657801193
9.95442033824,1.04821192879
9.77481164011,1.1223119595
10.8621726481,0.534672578582
10.8711430663,0.527107144374
8.85779357698,1.44248220331
7.1528522663,1.89934059755
8.35175725002,1.59182285648
10.5348583601,0.760906015231
8.70359705332,1.48957534729
10.9629661647,0.442285258504
9.82293649183,1.10294574742
8.29187218036,1.60857882985
10.9144371135,0.488950933007
10.1231609968,0.973470321195
9.23294389322,1.32091465731
11.1383854103,0.196295520833
7.23944915875,1.87881584339
8.9464102121,1.41470864026
9.02962271612,1.388122997
7.01304001177,1.93201803754
10.0989247279,0.984554490847
7.49121259718,1.81782837585
9.48343034984,1.23308964534
9.21937106121,1.32550734558
8.94167047614,1.41620792001
10.6830890565,0.66801229855
7.9615523548,1.69803428897
9.72226993756,1.14308098838
7.92368101643,1.70799105658
6.82706887369,1.97464604879
9.99315303992,1.03153473607
10.3881178981,0.842841042474
10.2131978099,0.931138204625
10.0710504494,0.997150132783
11.0715423602,0.313669419917
7.37274451265,1.8467771202
7.23490671428,1.87989803946
10.9870043749,0.417241570562
7.06654726122,1.9195778334
7.70942614938,1.7632623929
7.28492298713,1.86794756282
8.02339479527,1.68164854113
11.164712573,0.122296770284
10.17181849,0.950827368189
8.97452828592,1.40578141307
10.3069724083,0.884898376263
7.99855934691,1.688248041
11.0007618979,0.402207595574
7.30241863667,1.86374920629
10.974789308,0.430149821282
9.68683790538,1.15687631164
7.36726640405,1.84810477652
10.0095222744,1.02440499789
8.5700579196,1.52918810379
9.2997518761,1.29807178553
10.7178188479,0.64431406838
7.82490150614,1.73369214817
7.38203511618,1.84452329553
10.4351318424,0.817484559421
9.52973086018,1.21616155212
10.3830068609,0.845551802882
10.424487665,0.823293778884
9.76890868154,1.12466444425
11.0770227972,0.305746441741
10.3227730939,0.876867121091
10.6088873835,0.716021298259
6.99897452402,1.93527492923
8.96103555009,1.41007228472
10.0559010061,1.00392948035
8.8880818569,1.43305002584
6.7773300185,1.98589202565
10.2612327746,0.907746680226
10.547281025,0.753560696745
9.82515779272,1.10204364369
9.9051422831,1.06905366106
10.2558576985,0.910394038445
10.6850750056,0.666679874076
8.18065007226,1.63924462999
7.51870729479,1.81104364086
9.16954828356,1.34223134874
9.04915728714,1.38180774681
9.2932870613,1.30029976112
9.47589084409,1.23582423727
6.77114935198,1.98728503164
6.79852110543,1.98110851697
7.94678263909,1.70192432925
8.40607041934,1.57647190995
10.4228201669,0.824200131355
7.2643176327,1.87288007294
7.38479550914,1.84385311583
9.21707213899,1.32628366522
10.8752192003,0.523633314213
6.72987061456,1.99656356158
10.7640672477,0.611331440419
11.1288510692,0.216955611653
8.00483365805,1.68658321219
11.1482145267,0.172424361269
6.79660060054,1.98154251242
10.447095033,0.8109057987
10.6574226504,0.684999393131
8.95420322496,1.41224008386
8.47285851513,1.55738765882
10.2155392532,0.930011635354
7.32867886284,1.85742984059
7.15125338792,1.89971747061
7.74549211723,1.75408036745
8.48111039457,1.55501348287
10.9817020879,0.422893150641
9.96762175317,1.04255774551
7.25460222303,1.87520124698
9.43918955946,1.24905035497
10.2372569315,0.91949655174
9.30028643758,1.29788738787
7.85075300796,1.72700288872
7.17423149413,1.89429407635
9.49037604602,1.23056505138
6.78279336322,1.98465987639
10.8965445033,0.505069775811
7.30878926973,1.86221812185
9.82237343929,1.10317429434
10.8019457284,0.582929439435
8.82422640098,1.45286393755
10.9254099258,0.478797543481
8.29670009171,1.60723444361
10.5267434355,0.765666188182
9.95343462205,1.04863288914
8.26074215832,1.61722049977
8.2181936293,1.62895778813
9.88457671319,1.07763248566
10.4133380901,0.829335192075
7.32390114911,1.85858116769
11.1384653664,0.1961130604
9.86956238416,1.08385275582
8.32117641416,1.60040136045
10.573735075,0.737675177291
7.10443057219,1.91072115559
7.19639352525,1.88904854508
11.0711292193,0.314258594319
7.7388791851,1.75576754722
8.82064173209,1.45396823147
10.4974994063,0.782580434895
7.01044087166,1.93262028701
9.38304545647,1.26901642076
10.922707985,0.481317587427
11.0279912737,0.3706583402
9.16452442587,1.3439061554
9.03959150254,1.38490382773
10.5067027161,0.7772970879
9.91252134877,1.06595869012
10.1274801294,0.971481740457
10.6928392677,0.661444871381
7.1560705506,1.89858178603
7.66230914852,1.77518634775
8.94375298099,1.41554937481
10.3746541125,0.849963272952
7.87028000636,1.7219329119
7.2376042893,1.87925544191
8.97275134792,1.40634725182
7.7111230073,1.76283146243
8.82707952095,1.4519844045
11.1003200988,0.269478446804
9.35077750794,1.28035071715
9.15986367476,1.3454580488
7.11337992074,1.90862290075
7.30299024037,1.86361188143
8.50942543526,1.54683916315
8.17583521826,1.64055922156
8.71195607333,1.48706065281
6.876242598,1.96346453024
8.77641325681,1.46752489111
7.47827076804,1.82101321941
9.64648815465,1.17238866015
9.95444477417,1.04820149102
9.06597613561,1.37634723708
8.71901158592,1.48493478613
10.386894609,0.843490636044
9.70904635508,1.14824892402
10.6832985009,0.667871902285
8.29130870833,1.60873566176
10.8729680561,0.525554660299
9.1349620342,1.35371941956
6.7758919415,1.98621622837
8.92059787793,1.42285450767
6.8365179746,1.97250235562
10.4170055946,0.827352818426
8.45174448967,1.56344603181
10.5168313332,0.77144072682
9.37733171501,1.27103076825
8.34946137942,1.59246849614
8.18090587583,1.63917475887
8.30345630697,1.60535120931
9.59602681368,1.19150420104
6.89891601804,1.95828735921
9.80076384289,1.11191028047
9.89881073394,1.07170215171
7.96854394664,1.69618973589
7.76015580409,1.75033337001
8.07016759991,1.66914880507
10.9907728324,0.41317786986
11.0208600277,0.379174747307
8.10796885791,1.65897784378
8.42135949402,1.57212360572
10.750317023,0.621320507334
8.6090952827,1.51771509277
7.11366356966,1.90855635901
8.55428132959,1.53380046548
8.49354091244,1.55143019804
8.51637423374,1.54482649215
10.2182597267,0.928700982023
8.30372866702,1.60527524507
9.72743613005,1.14105561964
10.0986935538,0.984659614869
11.0244560401,0.374904433109
8.22108568926,1.62816267475
9.88520294472,1.07737226469
8.72592204546,1.48284967039
6.91602089496,1.95437261457
10.2882286139,0.894332051195
10.09672083,0.985556234135
7.38228697386,1.84446215856
9.67312581231,1.16217111353
7.58262769822,1.79517120784
6.86211603262,1.96668325096
10.8184707118,0.570095561595
10.9537731558,0.451495736227
7.01419746088,1.93174978337
6.87121890848,1.96460977599
7.1836386672,1.89206926885
8.22422356344,1.62729954028
7.36095014209,1.84963438209
8.96163478146,1.40988199819
8.67331950975,1.4986486017
10.3084350219,0.884158015277
9.04519312742,1.38309163559
7.53615653726,1.80672455902
8.49763399013,1.55024849385
7.77005270127,1.74779988521
9.98564139821,1.03479004249
8.96645426573,1.40835063105
7.14009199529,1.9023462527
11.156356891,0.149795997921
7.82090326421,1.73472441842
9.14274818339,1.35114171381
9.53406930302,1.21456326913
8.56990382305,1.52923322193
10.2623295959,0.907205519491
8.60252343874,1.51965260952
8.56968769493,1.52929650014
8.93353089161,1.41877894784
9.02712257952,1.38892918307
9.03528912472,1.38629408954
9.26948351502,1.30847050169
7.82699015273,1.73315265475
7.22751620902,1.88165743
10.3796209436,0.847342829398
8.05423590769,1.67341693414
10.9265742091,0.477707542265
9.08638941146,1.36969049398
10.740280175,0.628511704991
8.06462386822,1.67063521779
7.14202841644,1.90189043847
10.2320689353,0.922019334026
7.58904225175,1.7935706189
9.29731452429,1.29891222132
7.24488375646,1.87752028036
10.1328648159,0.968996850526
6.9986356077,1.93535333836
9.125134722,1.35696588844
10.1288337053,0.970857699515
10.4475197847,0.810671239148
8.88840560687,1.43294887038
10.3156801471,0.880481422679
9.44674817356,1.24633791812
10.982193282,0.422372776966
9.72436043563,1.14226185617
7.24082140914,1.8784887946
9.35617809246,1.27846073338
7.7028250861,1.76493778426
8.5787540781,1.52663978269
6.88440074989,1.96160329952
9.12454516014,1.35716040425
8.34849773412,1.59273941236
6.88286390017,1.96195405704
7.94442618371,1.70254414912
9.61177307686,1.18557235418
10.2023617964,0.936334226063
10.7408532595,0.628103317895
8.46974386054,1.55828284622
9.22936601267,1.32212686614
6.80248705928,1.98021199019
7.61370522652,1.78740325039
7.84721431511,1.72792008037
6.80324515203,1.98004057273
8.87025320023,1.43860959648
10.7674375073,0.608858055719
11.0202563399,0.379886929122
10.0721461149,0.996658036335
8.18241088122,1.63876361591
7.93413525398,1.70524833826
8.23222469228,1.62509659647
10.2579325909,0.909373015819
11.1202125062,0.234105515813
11.0950645367,0.278073516884
10.6055305655,0.718117303013
10.7531247207,0.619293902259
9.12205134422,1.35798288782
8.37723743545,1.58463971476
9.99256230053,1.03179111582
10.503136847,0.779348397785
7.17124680977,1.89499941187
8.47972899074,1.55541118376
6.82059558224,1.97611328548
6.72871646304,1.99682236925
10.0546625767,1.00448165213
9.43216843416,1.25156464565
9.06661014901,1.37614097065
9.72343556141,1.14262432753
10.1860667245,0.944094107492
10.6383759999,0.697337831665
8.6497555045,1.50567217958
9.57103528135,1.20085871906
7.75405485047,1.75189331421
10.1030352336,0.982683403949
8.64204848281,1.50796226458
10.7201339412,0.64270327555
9.4532236822,1.244009454
7.98193565751,1.69265106242
8.51228138846,1.54601227337
7.96682648889,1.69664302909
6.87987942444,1.96263502935
7.41219779189,1.83718701645
10.3930668071,0.840207936693
8.20304978334,1.63311496148
9.87160541845,1.08300844928
9.02011314895,1.39118693071
9.38483290176,1.26838561003
10.0481554779,1.007377964
9.4198680165,1.25595733713
7.11185551831,1.90898047351
7.27615664161,1.87004764088
9.15568860802,1.34684670519
10.0079375873,1.0250973877
10.1645350892,0.954250920576
10.0535482617,1.00497822642
8.91144957923,1.42573036122
9.97883818589,1.03772952566
10.2077377565,0.933759991329
8.78340899204,1.46538894814
8.13418185417,1.65188809801
10.8994732068,0.502466799772
10.7302410133,0.635623178945
7.16058188868,1.89751758569
9.38932198028,1.26679997571
8.33308120204,1.5970673193
7.5661794046,1.79926895525
6.80281332111,1.98013821875
11.0166627265,0.384099057126
10.1527952452,0.959743511415
9.22839055773,1.32245716375
7.12770529673,1.90525937824
7.69875331874,1.76597043182
6.98577370242,1.93832662762
6.8170074015,1.97692611368
9.81768792286,1.10507434459
10.1914683722,0.941528873505
8.17306723945,1.64131448157
7.52297733105,1.80998766284
11.1707122242,0.0978975792134
8.30945458342,1.60367739035
9.38546278997,1.26816324022
9.25914089291,1.31200482419
6.77109699828,1.98729682701
8.83868756516,1.44840047867
7.52353731883,1.80984913242
8.32170549526,1.60025333411
10.1532879859,0.959513610393
8.39675287825,1.57911600234
9.85038468058,1.09174632334
11.0805894601,0.300477975021
9.93385366236,1.05696039753
10.1888307225,0.942782361208
8.84776614655,1.44559131988
7.83509716759,1.73105703544
10.4759104542,0.794836208707
9.56911543862,1.20157431843
8.37585231231,1.58503103276
7.23648195153,1.87952282409
7.21022365562,1.88576769752
8.30450115054,1.60505977127
10.535566383,0.76048927945
9.94368152572,1.05278897833
7.96818707264,1.69628393657
9.14910580804,1.34903328683
7.92935264435,1.70650362539
10.9179785505,0.485697159797
9.20867449207,1.32911560082
7.8483910065,1.72761514848
9.45429307224,1.24362450318
8.04206583273,1.67666999935
9.30611396982,1.2958754711
8.599253912,1.52061561461
10.1108263837,0.979127089828
10.3749122933,0.849827258769
7.15592558871,1.89861597187
7.82098806023,1.73470253207
8.4936464095,1.5513997515
10.1895209317,0.942454514823
10.7672981214,0.608960548196
10.2710509717,0.902890936001
10.6858918624,0.666131050235
8.65870992249,1.50300705774
10.9375487634,0.467308258845
8.25420405785,1.61902961031
7.85069598647,1.72701767194
7.72791641923,1.75856094882
7.20938260997,1.88596737725
10.3299038562,0.87321847062
7.55889190824,1.80108150179
8.49814971762,1.5500995353
10.6420058585,0.695003300635
10.0770375288,0.994458184693
9.42166852471,1.2553153049
7.97711611755,1.69392544635
10.6748371532,0.67352048248
7.34207375163,1.85419814635
10.0945026962,0.986563421015
8.50452056747,1.54825824869
10.8827471177,0.517156410464
8.84325153075,1.44698894588
8.75323440469,1.47457976736
8.30717066918,1.60431492247
10.1578957435,0.957361069112
7.37421711508,1.84642006233
8.05327387589,1.67367431572
7.23198910119,1.88059280578
9.71770875383,1.14486618956
7.7996444268,1.74020276363
10.1489704004,0.961526222922
8.9668045346,1.40823926995
10.3736360326,0.850499403244
10.9998178215,0.403257177043
10.9387708989,0.466135829651
9.10702796599,1.36292723545
7.67136920908,1.7728997354
9.40335888933,1.26182899624
8.32669147431,1.59885768343
9.03464943487,1.38650067861
10.6243665327,0.706275612328
7.40146565227,1.83980068029
7.69053900186,1.76805184243
9.82331819628,1.10279078401
8.09841856307,1.66155336307
10.6078615216,0.716662499219
11.1355932305,0.202564239019
7.12033424031,1.90699080424
9.97625395561,1.03884392156
6.78553945087,1.9840402617
9.07752995881,1.37258351532
7.78137515191,1.74489696475
8.2669813593,1.61549220642
6.82097324543,1.97602771424
11.0720939749,0.312881040256
7.67188919632,1.77276840955
6.89400805275,1.95940918723
10.4503547495,0.809103952172
8.77014301684,1.46943668686
10.3541202196,0.860712055892
9.84102539509,1.09557796699
7.88008484327,1.7193815527
9.46728562219,1.23893799048
6.76094142965,1.98958356975
7.62303369609,1.78506496444
7.42761653699,1.83342547299
9.39022046594,1.26648237377
10.551444906,0.751082588064
7.54517361558,1.80448857697
9.0115186197,1.39395025017
9.51462953834,1.22170857542
8.03487870006,1.67858816148
10.6081679137,0.716471053147
10.5000721485,0.781107098603
7.22147391552,1.88309464265
8.11328118256,1.65754348629
8.75980962721,1.47258192101
10.5675120723,0.741442673343
8.09112227307,1.66351833642
7.43582720564,1.83141925306
8.21871758354,1.6288137663
8.99284830315,1.39993434973
8.66410637095,1.50139861705
6.94644385604,1.94739035174
7.98047594877,1.69303714023
7.50137051203,1.81532470944
9.16962419847,1.34220602491
9.72033793501,1.14383749477
8.16318203147,1.64400888908
8.10851542127,1.65883032585
10.876874363,0.522216127351
9.74194767467,1.13534714429
6.72265809984,1.99818035064
10.7905571085,0.591612208881
7.28361170767,1.86826184492
6.74427760526,1.99333010117
9.40082715354,1.26272702235
11.0737435142,0.310511540744
8.62452238817,1.51315711275
9.41162072802,1.2588940025
10.6845661342,0.667021542622
10.6225390533,0.707433184595
6.81433112231,1.9775321519
8.52029276575,1.54369035956
7.07642898066,1.91727154634
8.61575000405,1.51575061835
10.7343215917,0.632742247558
9.71300616987,1.14670382357
7.55986979492,1.80083838774
9.80953606691,1.10837228675
8.21107509152,1.63091323478
10.3998367603,0.836592507338
6.77522971167,1.98636550488
8.41250721739,1.5746427096
9.47617229147,1.23572226454
6.79764162809,1.98130727294
9.58018286143,1.19744319019
7.17006523557,1.89527856695
10.8404384755,0.552573316248
6.95773432325,1.94479273996
9.67419725216,1.16175825575
10.1192987093,0.975245130801
8.59532506028,1.52177201089
8.95981334045,1.41046031907
9.74935293403,1.13242301325
6.7496683022,1.99211888055
10.7089182049,0.650469800266
11.1615458032,0.133387694727
8.44894941168,1.56424628148
10.4931766181,0.785049746712
8.83583675969,1.44928147168
9.11063755604,1.3617409209
7.85900170068,1.72486302162
9.57833976393,1.19813215029
9.95513490735,1.04790665889
10.7822751446,0.597847249448
8.32320181922,1.59983461834
7.5503055475,1.80321476401
7.26776683346,1.87205530886
7.31432489818,1.86088669515
9.56363032296,1.20361648823
9.92734002112,1.0597160532
8.46888776768,1.55852880703
8.4852089115,1.55383293648
7.74005306451,1.75546816977
6.91948897068,1.9535779294
10.8031446488,0.582007837451
9.87989659732,1.07957525048
8.14977535165,1.64765610271
7.14775578882,1.90054163228
11.0500034753,0.343039549283
10.0425658259,1.00985928744
7.76105147503,1.75010424012
8.74885718076,1.47590826412
9.59268271329,1.19276017458
8.67034552982,1.49953685154
8.81234361166,1.45652134002
10.5486435067,0.752750721972
9.41677933026,1.25705794916
9.41024195843,1.25938428181
10.2483346878,0.914086432615
10.6375242013,0.697884531686
6.80515352945,1.97960899094
8.2628025295,1.61664996983
7.28044270105,1.86902116127
11.0236394578,0.375878393338
10.5087314259,0.776127628047
9.80852161843,1.10878200912
7.32774018866,1.85765609737
6.78548894517,1.98405165932
7.81805410894,1.73545964161
8.83006987741,1.45106199328
9.63876488276,1.1753345061
9.34691985393,1.28169903197
8.72692954769,1.48254542848
6.88070150317,1.96244747799
9.9952740183,1.03061371003
10.2888415568,0.894025133929
6.85738572502,1.96775986913
8.66211711833,1.501991725
7.72214796837,1.76002901668
8.72721711729,1.48245857779
9.57869124511,1.19800079524
10.7140435393,0.646932245104
8.87247151493,1.43791902276
9.32619072595,1.28892005778
11.0914454529,0.283840969137
10.437483054,0.81619577515
6.98589936038,1.93829760131
8.33966670544,1.59521999732
9.43246777466,1.25145755381
10.6376595322,0.697797702409
10.4197711229,0.825854837474
9.97459768559,1.0395575256
7.77151888077,1.74742424878
7.32809713686,1.8575700623
6.81144256383,1.97818605201
7.2505277055,1.87617386272
9.6792792585,1.15979800521
9.37997752663,1.27009839937
8.11513498591,1.65704265674
7.71723380371,1.76127870387
6.98409290888,1.93871484013
7.66857945832,1.77360413736
6.88701020692,1.96100759552
10.6134711997,0.713149203675
8.15018502069,1.64754477409
9.62589772523,1.18022602731
9.86810096029,1.08445630214
11.0082911944,0.393736739629
8.62960298306,1.51165302893
7.77062670008,1.74765283585
11.0977236074,0.273758539222
9.60632716324,1.18762726072
9.90567462777,1.06883068189
8.11862017069,1.65610067784
7.21034128615,1.88573976818
9.34492882617,1.28239437494
7.00494278584,1.93389363624
7.58531829637,1.79450001122
9.54309287008,1.2112322306
7.32361103824,1.85865105525
10.0287522773,1.01596531854
9.29297919685,1.30040576554
8.59060381748,1.52316047373
9.24503872911,1.31680858733
10.1510935339,0.960537065984
7.72818613098,1.75849227733
10.9410622904,0.463929647442
8.57486187141,1.52778087989
10.7590405791,0.61500195784
9.85672515903,1.08914290467
10.1505078695,0.960810025712
8.21986624583,1.62849798339
9.54803868399,1.20940259716
7.20145740655,1.88784792935
8.08972738415,1.66389373155
9.04489944409,1.38318670461
7.66168781383,1.77534305464
7.22941177205,1.88120632741
8.42545401158,1.57095705721
10.8708120249,0.527388265336
7.94855549926,1.70145786393
10.6325309188,0.701080737955
11.1741817531,0.0804800870819
10.9693655517,0.435758798769
9.08858016189,1.36897416975
10.4839986245,0.790266922512
11.0960131951,0.276541817293
6.87111639461,1.96463313903
10.5935618431,0.725541318647
7.07208594025,1.9182855068
9.09038164424,1.36838484614
7.19803685383,1.88865900543
7.8451743121,1.72844860635
6.86339221967,1.96639268978
11.0722224885,0.312697080425
10.3714644827,0.851641833822
10.9604572512,0.444817861804
9.50395182271,1.22561556677
8.96847212013,1.40770897311
9.92536040442,1.06055212949
8.15342252284,1.6466647097
10.7747286593,0.603472497851
9.70111270081,1.15133835834
6.89048248142,1.96021464117
7.31440681143,1.86086698626
10.9341164314,0.470585370986
8.56877676964,1.52956317299
10.9602028642,0.445073846162
7.19901918229,1.88842611291
10.837176814,0.555209888634
6.81213349829,1.97802966075
9.88569493943,1.07716777969
8.33407518171,1.59678863162
7.57114968052,1.79803169986
6.99756047565,1.93560205179
8.6954770326,1.49201408386
7.19609557166,1.88911916431
10.6277497916,0.704127546665
10.5579508581,0.747194156871
9.13222597667,1.35462406224
8.41396192151,1.57422901934
9.80413993597,1.11054997639
9.93385184349,1.05696116803
8.81291426719,1.45634590797
9.7059312978,1.14946294464
7.92111550929,1.70866345666
7.08472181369,1.91533394514
7.19028826716,1.89049505115
8.49871853633,1.54993522572
9.42349807202,1.25466258126
10.5492935503,0.75236397361
10.3397163907,0.8681725491
9.45330585408,1.24397987862
9.08499848545,1.37014509993
10.552831174,0.75025574282
7.25350059839,1.87546426221
8.13407664226,1.65191661516
10.4689426915,0.798751579976
6.74524576668,1.99311262192
10.3587951698,0.858276716225
8.69993045571,1.4906770535
7.1421412668,1.90186387125
8.3645800443,1.58821203195
7.127597901,1.90528461628
9.436632692,1.2499665641
7.08192271215,1.91598816779
7.19132623069,1.89024920671
7.84176594869,1.72933128809
7.73041497219,1.75792468782
7.85546847182,1.72577993294
10.3798849237,0.847203329658
10.7282536613,0.637021552538
9.49864535769,1.22755258443
10.8851301187,0.515089142354
7.31700708025,1.86024123528
7.75705814917,1.75112557867
6.88667440977,1.96108426365
10.0478586359,1.00750988987
9.66595313823,1.16493119063
10.4689853344,0.798727676155
10.9860040016,0.418313688333
8.98782920843,1.40153868281
8.59051542135,1.52318645794
9.94918601735,1.05044536941
9.99796921716,1.02944214227
10.3482414184,0.863764776103
9.28508268278,1.30312175971
7.0573284391,1.92172691183
7.32152048775,1.85915459015
10.9510669685,0.454171481748
10.2749547144,0.900953007209
7.28109012028,1.86886606013
9.68757614183,1.15659056062
10.6921486136,0.661912218012
8.43400631114,1.5685176657
9.08594883839,1.36983450584
8.09525610398,1.66240533422
7.50457439581,1.81453431734
10.3964197702,0.838419267163
7.35684082795,1.85062885352
7.07569265404,1.91744349271
7.6532261431,1.77747579825
8.7398031924,1.47865238107
9.68703023646,1.15680187237
7.45769139143,1.82606614141
9.09921795007,1.36549051897
8.19498057862,1.63532574244
10.4659547924,0.800424692639
10.3944671222,0.839461388987
9.17110613991,1.34171158052
10.0244774845,1.01784749218
9.90521583735,1.06902285472
8.35399295771,1.59119388393
10.2409999617,0.917672110471
9.37611300985,1.27146000299
10.0059593229,1.02596108567
10.7910983998,0.591202410812
11.137077522,0.199256413893
8.69922618862,1.49088857212
9.37196052095,1.27292144589
7.9747927463,1.69453945037
10.0154824953,1.02179662591
10.7281031244,0.637127350742
8.01314554606,1.68437519789
8.80370635246,1.4591740477
8.26714703172,1.61544628904
7.38898574054,1.84283532821
9.74864357767,1.13270344527
11.0972830313,0.274478167854
7.30708079797,1.86262885047
9.85155873887,1.09126472019
8.19083993181,1.63645902722
10.8926459394,0.508514072615
9.70940409187,1.14810942231
7.50237772928,1.81507626793
8.29916714081,1.60654703172
7.76841963662,1.74821818274
9.37650386741,1.27132235657
9.36776690296,1.274395663
10.4071009217,0.832695692645
9.65241777755,1.1701219233
7.25580485099,1.87491407487
9.64305577184,1.17369876821
9.63112588771,1.1782409617
10.1681859608,0.95253637154
8.94633140226,1.41473358249
7.92687195551,1.70715436595
10.2834278538,0.896732289759
9.88166299123,1.07884241301
9.32170768152,1.29047641948
8.45362980894,1.5629060208
8.97788766564,1.40471104718
8.04207601232,1.67666728098
9.61802060717,1.18321057821
8.16428516465,1.64370842742
7.92321303575,1.70811373053
9.73904257754,1.13649223167
8.08621350575,1.66483901791
7.79392302652,1.74167421022
8.60269239308,1.51960282919
9.82735168077,1.10115194731
10.536825466,0.759747629985
6.94065450258,1.94872097252
9.9466383111,1.0515307378
7.12211113043,1.90657356506
9.47405092803,1.23649066002
7.40614420599,1.83866174017
7.78472350298,1.7440375679
7.66425057483,1.77469661126
9.38549115087,1.26815322703
10.0454298426,1.00858867362
6.77381481853,1.98668440539
11.0552086711,0.336177017192
6.81043783448,1.97841344789
7.22987273002,1.88109661313
8.02163150233,1.68211795317
9.72193489299,1.1432122163
10.8012787248,0.583441530372
8.27828449722,1.61235645624
8.21758774546,1.62912431447
7.56682755989,1.7991076576
9.58228075379,1.19665850366
10.0814016346,0.992491367366
8.57620754951,1.5273864573
7.36632015928,1.84833400869
8.94098913931,1.41642331094
7.74244989255,1.75485674201
9.16873803684,1.34250160252
9.74373812514,1.13464083593
10.5154805329,0.77222432549
8.37874440938,1.5842138623
9.83854816131,1.09658989305
8.67638557975,1.49773229547
8.14288577468,1.64952723741
10.178544137,0.947655003614
10.3476042873,0.864094975242
7.26050323512,1.87379173923
7.42604744538,1.83380861984
9.05660034943,1.37939390323
8.02040916413,1.68244327899
6.98322693709,1.93891482309
7.27560556866,1.87017957791
8.86608336963,1.43990679158
10.2782338074,0.899321945118
9.98343411508,1.0357446638
7.20035900233,1.88810841921
7.83390144296,1.73136628323
7.74084374656,1.75526649133
8.99081519197,1.40058444683
7.68829298021,1.76862053126
7.35367347755,1.8513950012
10.208901752,0.933201686384
9.47194461694,1.23725313113
10.9670662253,0.4381149736
9.30922343255,1.29480067069
10.822626891,0.566821997246
7.35950747599,1.84998357429
7.53273715493,1.80757174645
11.0520091132,0.340411699213
7.11947707988,1.90719204512
10.6260903711,0.70518194733
10.3906759894,0.841481018733
9.73343411559,1.13869963322
10.5783244521,0.734884327381
9.43643951684,1.25003575778
8.22438415676,1.62725535359
9.4055468567,1.26105239228
8.20164329982,1.6335005217
10.7303678156,0.635533851816
10.8690480511,0.528883715628
7.14713403893,1.90068810178
7.94816142837,1.70156156077
7.82693255998,1.73316753309
8.65621440274,1.50375027917
7.49012362197,1.81809657579
6.80689967292,1.9792140161
9.33582527949,1.28556889012
7.66865786202,1.77358434453
7.18837771969,1.89094748587
7.75299227809,1.75216485983
8.10750315691,1.65910352655
8.9940765635,1.39954146124
7.36792470628,1.84794528299
7.53705215076,1.80650259583
10.5365635628,0.759901960874
6.95305704279,1.94586926838
7.68230879424,1.77013482503
9.31149653803,1.29401439626
6.83250342943,1.97341340964
8.16053530616,1.6447295569
8.59817136622,1.52093433285
9.3880610976,1.26724554563
7.75979696346,1.75042515994
7.36985062209,1.84747859284
9.3326479719,1.2866750113
9.9985628431,1.0291839216
7.30710260368,1.8626236088
8.02715364082,1.6806474488
8.4111176545,1.57503777346
8.89412064414,1.43116203383
9.04490027158,1.38318643675
10.708534176,0.650734086213
8.98298234944,1.40308622035
10.061797738,1.00129615979
10.0052513025,1.02627002635
9.18345459552,1.33758445634
9.34024752867,1.2840277794
7.76443603121,1.74923813445
8.569998301,1.52920555976
8.23414467583,1.62456752465
7.84054496819,1.72964738222
8.6897730666,1.4937248108
8.63942427395,1.50874123571
9.29292307637,1.30042508811
10.8013973131,0.583350517245
9.58208645378,1.19673120041
9.40168729465,1.26242199535
7.03562321637,1.92677733617
10.063408655,1.00057556267
11.0181883882,0.382316475077
9.97847975143,1.03788416458
6.73474375436,1.99547043556
7.27317631451,1.87076107524
7.82281335049,1.73423134701
7.94282387586,1.70296547627
10.8034626079,0.581763179486
9.72274318335,1.14289560509
9.03873168576,1.38518177878
7.41378595516,1.83679992539
10.8968334501,0.504813562172
8.2840204221,1.61076284397
9.77908087921,1.12060747759
6.89897204664,1.95827454888
10.4234056027,0.823882036941
9.6130062788,1.18510653534
8.66615644576,1.50078712932
10.7159415551,0.645617298151
8.40549469799,1.57663541425
8.32355073728,1.59973696498
9.86114670533,1.08732371593
9.79325267835,1.11493074441
8.81668098448,1.45518740579
8.35342143381,1.59135469463
9.10941297403,1.36214350331
10.44815871,0.810318279134
6.79648886098,1.98156776039
9.81187088876,1.10742870705
7.88350520094,1.7184906354
9.26273561644,1.31077750128
7.63760531314,1.78140628285
10.1949441514,0.939874529402
10.6942509841,0.660488572907
6.86105001727,1.96692592753
9.25690371234,1.31276807082
7.5564983155,1.8016764385
9.3441543079,1.28266476447
7.30819417636,1.86236119676
7.31912416653,1.85973160599
8.17301804532,1.64132790135
6.98668282961,1.93811661432
10.7198789934,0.642880860588
8.5146785364,1.54531788084
10.815208037,0.572652256926
8.72986177182,1.48165961045
8.72957267621,1.48174696909
8.30586474961,1.6046793432
10.6298734285,0.702775873861
8.8763469019,1.43671179673
7.19020146911,1.89051560805
8.49447668945,1.55116011113
6.92797751516,1.95163147383
7.05725016917,1.92174514772
8.9218443212,1.42246222647
9.61659573922,1.18374964088
8.88309701588,1.43460663561
6.71548527045,1.99978694729
10.4115825207,0.83028244414
7.20780257705,1.88634244901
7.64117441541,1.78050899663
9.56237350395,1.20408392824
10.5854365643,0.730538311661
10.2880995917,0.894396642713
10.9769889547,0.427854099566
8.83200911435,1.4504634989
7.5875476572,1.79394368463
10.1446124931,0.963553368264
10.3523564635,0.861629067742
10.1415605107,0.964970507754
8.77069453144,1.46926862987
8.00595594607,1.68628525044
10.3891637393,0.842285280438
8.79772547199,1.46100809603
8.67462365675,1.49825892109
7.41705227656,1.83600355186
9.58730172622,1.19477838826
8.7659507779,1.47071351399
9.11956955339,1.35880091116
8.69136083165,1.49324880697
7.80852398045,1.73791662667
9.30920278041,1.29480781215
10.4370117968,0.816454251332
8.53216645271,1.54024260566
9.36965953924,1.27373054022
9.81150410547,1.10757698968
8.74423776398,1.47730897127
8.97206440409,1.40656593757
8.878857273,1.43592924661
9.96323611976,1.04443951334
9.52855004326,1.21659620173
8.04058415045,1.67706562264
9.69795135238,1.15256710769
10.5802213859,0.733727680796
8.12088893437,1.65548718631
9.22710179498,1.32289342369
8.4823276629,1.55466295164
8.09882653908,1.66144342191
6.72738373713,1.99712117882
9.48541394468,1.23236918379
6.80933652663,1.97866267192
8.81641971503,1.45526779232
8.5606061655,1.53195303705
7.68776509616,1.76875416406
7.23723401634,1.87934365877
9.9421487757,1.05344063855
9.76295261699,1.12703311628
8.8232780271,1.45315617547
7.26150195531,1.87355308136
9.62878976423,1.17912837055
9.97927205077,1.03754231305
8.61483937828,1.5160195855
9.0127666211,1.39354933189
8.68720422124,1.4944946164
9.81205364409,1.10735481557
8.60124854923,1.52002818753
10.319272207,0.878652900798
10.1479565537,0.96199821008
9.33813674671,1.28476359694
8.07665240891,1.6674083845
9.90021518503,1.07111523423
10.220021096,0.927851412725
7.78916936408,1.74289582628
10.8835576687,0.516454181069
11.0464735693,0.347616297721
9.2858820948,1.30284706072
9.12248185188,1.35784093799
8.73146421472,1.48117529235
7.93213342587,1.70577386864
10.0817369484,0.992340086711
8.59147250687,1.52290509727
8.03575081006,1.67835552233
8.38812502611,1.58156043596
9.20339815739,1.33089185484
9.22391231446,1.32397247876
7.64143570433,1.78044328981
8.78707929428,1.46426708266
7.40196735911,1.83967857928
8.07554232179,1.66770644324
6.9828382941,1.93900456755
8.65101146486,1.50529865002
10.5512168495,0.751218526101
7.74289677404,1.75474271955
10.0553863077,1.00415900301
6.88354222794,1.961799249
8.884662433,1.43411798684
8.09623135613,1.66214264642
8.71924904654,1.48486318493
10.6244632907,0.706214270433
9.74623706723,1.13365430155
8.85403579043,1.44364813139
10.1494121272,0.961320508519
10.1632282082,0.954863919316
9.53061773815,1.21583499699
8.3421442967,1.5945244457
7.02714120338,1.928747358
10.5217282676,0.768593319761
8.46007745939,1.5610578118
11.0188300984,0.381564213231
9.24777401868,1.31587820875
10.5458680049,0.754399797224
7.65601346591,1.77677354304
8.64454836637,1.50721982379
9.98822407943,1.03367194711
10.134007975,0.968468492444
6.84245927877,1.97115327347
10.5502486148,0.751795389835
6.93004228342,1.95115772101
9.87381861006,1.08209307998
9.85753166445,1.08881130496
7.08365515621,1.91558327701
8.27793197748,1.61245434545
7.17896116155,1.89317583124
9.06179683088,1.37770613639
8.30936630663,1.60370203666
7.33037510693,1.85702091025
9.66689967456,1.16456733387
9.85530929085,1.08972480359
7.78517517447,1.74392160825
10.2101544436,0.932600465321
10.5102233122,0.775266497151
7.14589806959,1.90097923326
7.29446655879,1.86565860375
7.73475875012,1.75681798843
7.47129877084,1.82272664572
10.7628585467,0.612216054073
7.48240006219,1.8199976504
9.88559048572,1.07721119645
7.83248915699,1.7317314687
7.56560957425,1.79941074929
10.6696121379,0.676985032196
8.40282560704,1.57739321204
10.5938914339,0.725337895948
10.90600509,0.496612241158
8.92151234734,1.42256671601
6.75311775674,1.99134344572
7.95494686423,1.69977514018
8.36155145243,1.58906560596
9.16839221975,1.34261693153
8.64409291775,1.50735511478
6.98744579508,1.9379403476
8.88561106309,1.43382178861
10.4953907347,0.783785945893
9.5649728695,1.20311696355
11.0751602446,0.308461932875
8.93125204787,1.41949792548
7.72201686624,1.76006236788
9.2141655869,1.32726452455
9.58476035333,1.19573038102
8.33558571799,1.59636502091
9.63798399807,1.17563194384
8.31466284356,1.60222260711
9.83043908637,1.09989586007
10.4434412647,0.812920714784
7.61767796474,1.78640781299
11.0887809152,0.288013427306
9.40388862654,1.26164101353
7.60550778709,1.78945550867
7.61745770006,1.78646301859
8.19342958282,1.63575033812
8.33107280539,1.59763027644
10.3587464819,0.858302115008
8.52344369321,1.54277617807
8.41421457489,1.57415715844
7.30694130706,1.86266238107
9.92921623865,1.05892303747
9.2979542178,1.29869169796
10.5037537537,0.778993901071
7.22074613755,1.88326767703
10.6393593088,0.696706192459
10.5461522644,0.754231069044
10.6146636846,0.712400127042
10.1915772938,0.941477074924
7.35848217128,1.85023170559
8.40867817565,1.57573109725
10.7560492575,0.617175886576
11.0803894488,0.300775862618
7.24227505298,1.87814228517
6.85538446401,1.96821517892
7.74197352148,1.75497828062
10.9848421289,0.419555449083
7.25399433224,1.87534638677
10.3865135048,0.843692908623
9.2981278834,1.29863182326
10.3066139332,0.885079738407
7.17796494317,1.89341142413
7.66791859564,1.77377096181
9.40506039691,1.26122509918
6.79447777262,1.98202211824
8.74858626765,1.47599044754
9.83073822842,1.09977408019
7.25773454248,1.87445319739
10.2180328371,0.928810362214
10.3399603396,0.86804672904
7.7282268716,1.7584819041
7.62513768649,1.78453715211
10.91454636,0.488850884112
8.87973432892,1.43565574418
9.76721752028,1.12533751035
7.36905952973,1.84767030553
8.48171955013,1.55483807699
8.60388663969,1.51925091254
9.36815311009,1.27425996773
10.4826651027,0.791022092086
9.12974623291,1.35544343645
9.7318103688,1.13933791585
6.83094354418,1.97376729389
7.71236911127,1.76251493739
7.20820870559,1.88624604843
9.78646619114,1.11765277445
9.68846229165,1.15624746314
7.97328404975,1.69493803885
7.16294532989,1.89695982433
8.49237413627,1.5517668908
9.56273428042,1.20394976571
8.85875097776,1.44218499999
10.1062227922,0.981229982918
9.53220827666,1.21524912897
9.4719878525,1.23723748486
7.87325921974,1.72115807784
10.2759851036,0.90044079702
10.3616038788,0.856810236077
10.4496179609,0.809511571531
7.42733641038,1.83349388126
7.44783820287,1.82848048391
7.32728937564,1.85776475095
7.90115901803,1.7138848954
7.72490540311,1.75932740375
8.29559089096,1.60754341252
7.84976016248,1.72726027289
9.97772596812,1.03820929321
9.40418590646,1.26153550841
8.16846357852,1.64256984962
9.26369944714,1.31044823146
7.9696125566,1.69590763367
9.25494835322,1.31343480674
10.7479798492,0.623002458841
10.4661943646,0.800290670037
7.51155755895,1.81281039002
10.4574869035,0.80514750728
7.63946583292,1.78093859734
8.18679007544,1.63756670419
10.0009378743,1.02815016074
10.4861152398,0.789066805464
7.97696190519,1.69396620739
8.5761177278,1.52741278751
10.8793463922,0.520092330732
8.51454355536,1.54535698969
10.1655821479,0.95375950845
10.5098170239,0.77550110538
11.1718256351,0.0926655250457
8.86273967103,1.44094614112
8.98596820252,1.40213307922
7.92313107459,1.70813521448
9.1875587226,1.33620994482
10.1397768523,0.965797758433
10.3370011316,0.869571752976
8.23006916871,1.62569036867
9.10876699608,1.3623558212
10.0899755328,0.988615883576
7.18018656042,1.89288599989
8.34225072058,1.59449456178
7.1696785504,1.89536991507
7.81505191028,1.73623402071
7.92829687352,1.70678060819
6.85702027928,1.96784302009
7.59082298201,1.79312602953
9.19973267643,1.3321244281
10.2055496067,0.93480862449
9.39214787704,1.26580079245
8.0128262649,1.6844600669
7.05182097207,1.92300965854
7.86750330479,1.72265476289
8.78766264586,1.4640886961
10.1945188296,0.940077123408
7.45799698648,1.82599120993
7.99300086219,1.6897215618
10.5621292736,0.744686123927
8.91185898545,1.42560178453
8.17608700802,1.64049050192
7.16799965353,1.89576647625
9.95646754328,1.04733710797
10.0025142763,1.02746343853
6.77945858619,1.98541206026
8.69704279852,1.49154413791
10.9038840617,0.498520867375
8.6105972497,1.51727193421
7.23671679818,1.87946687812
9.27110982898,1.30791388217
9.67435507152,1.16169743085
8.86309155789,1.44083679651
7.65216741167,1.77774246884
9.48926928787,1.23096767821
10.6157881342,0.711693065559
9.4439426773,1.24734536926
10.7559997346,0.6172118127
8.95835911496,1.41092187616
9.54797876698,1.20942477917
10.7933634347,0.589484519268
6.71762379355,1.99930808811
9.96124684487,1.04529194567
9.63660195952,1.17615817576
9.00378844624,1.3964309904
10.5271753872,0.76541355351
7.49337984603,1.81729449385
11.0683198745,0.318236035859
9.25617460206,1.31301672152
9.7471299267,1.13330160953
8.9168789685,1.42402428235
9.06463871852,1.37678224366
10.9275927683,0.47675192418
9.16111771262,1.34504066705
7.18727247839,1.89120916746
7.798266527,1.74055724968
7.69370015785,1.76725113311
9.01993094954,1.39124556854
8.43634600047,1.5678496497
6.98670720703,1.93811098269
9.3691254761,1.2739182594
7.6536226427,1.77737591864
8.71101547825,1.48734383
10.2882577238,0.894317477445
7.58248263105,1.79520738917
8.82746425031,1.45186576298
7.88275354392,1.71868646278
8.8617308977,1.44125955932
8.87884617382,1.43593270747
8.76721915948,1.47032732093
7.93494181311,1.70503655036
11.1136323647,0.246369181358
7.05745532784,1.92169734803
8.87630330496,1.4367253833
10.9301450457,0.474348906756
9.70262717555,1.15074924917
11.1164638893,0.241168409316
8.51585716648,1.54497634736
7.50500735184,1.81442748149
10.5116992838,0.774413610081
7.04875144513,1.92372421229
6.8850464348,1.96145591517
7.3939545696,1.84162769389
8.39509978018,1.57958464923
9.77496797946,1.12224958711
9.30405403456,1.29658700679
10.581601038,0.732885297672
8.02620740098,1.68089951676
6.73217331791,1.99604710166
6.73517440823,1.99537380396
10.0323668095,1.01437113003
9.07496953732,1.37341847635
10.9111425056,0.491958604263
7.58803730528,1.79382147212
10.8369396469,0.555401115148
6.97263218045,1.94135985263
10.228517285,0.923742432684
10.7759692429,0.602551357698
10.9769491463,0.427895756086
7.3755015407,1.84610857478
7.64798616062,1.77879524107
6.74395954722,1.99340154175
7.77215993141,1.74725998569
6.8677378984,1.96540294716
8.1216010225,1.6552945852
9.47026890898,1.23785939122
8.49388407688,1.5513311583
10.3111248928,0.882794807424
8.3306735086,1.59774217639
9.47403253654,1.23649731966
8.771363922,1.46906462801
6.89004920473,1.96031360496
10.5791925969,0.734355206225
8.09053948943,1.66367518655
9.92347061909,1.0613496517
8.74648585148,1.47662746846
8.91191900139,1.42558293517
10.5142513165,0.77293670294
9.30384221556,1.29666015043
10.1144085752,0.977487636462
9.47306461194,1.23684775864
10.2853994424,0.895747331902
10.196820902,0.938980052799
10.6496373151,0.690069399285
8.21324968106,1.63031612863
10.8014743024,0.583291422545
7.32802307374,1.85758791403
8.28554799535,1.61033817229
10.8119984341,0.575156274968
10.8059577426,0.57983968073
8.62625114119,1.51264549224
9.68873426332,1.15614214134
9.12387476261,1.35738155655
11.1043251412,0.262739795986
8.6001829299,1.52034204409
8.48070390979,1.55513051884
9.3070710092,1.29554476093
8.23431524483,1.62452051423
8.04857782962,1.67493012622
9.09433754894,1.36708984928
9.4084369656,1.26002583431
9.56983296947,1.20130691692
7.22451820478,1.88237066883
8.84412522304,1.44671857528
7.00575151392,1.93370638851
7.30250455497,1.8637285655
9.64856890919,1.17159374258
8.05655395235,1.67279660277
8.1901191291,1.63665622894
9.25323281298,1.31401949091
10.0085101663,1.02484726746
10.3193141934,0.878631505347
11.09694521,0.275028683331
9.36544266791,1.27521198647
7.68199458297,1.77021430016
7.69835584795,1.76607120269
8.52777363158,1.54151904466
9.01028030486,1.39434794272
9.56798805689,1.20199433851
7.93896754429,1.70397907228
8.66226451503,1.5019477858
8.62525252968,1.51294105014
10.3043580767,0.886220185012
8.74486636514,1.47711844387
7.29970964923,1.86439988907
7.34344034029,1.85386812205
9.43281842183,1.25133209488
8.76751937264,1.47023589807
7.71471046768,1.76192005157
8.71734860823,1.48543612495
8.97110148845,1.4068724206
9.14015510513,1.35200073185
6.76323654046,1.98906700656
9.08833347501,1.36905484932
8.40915544265,1.5755954773
10.6109968183,0.714701017343
10.1710687505,0.951180351121
10.5221770773,0.768331823746
11.0362213411,0.360579740755
10.3194096896,0.878582840312
9.34000326612,1.28411295078
11.0092149471,0.392684884658
8.55923493526,1.53235375033
7.34895134756,1.85253664486
7.82948833994,1.73250715713
7.80496003501,1.738834564
11.0235983165,0.375927396948
6.74329241534,1.9935513812
9.56922685435,1.20153280115
8.17132244937,1.64179037973
8.4391744452,1.56704170656
10.7989388732,0.585234404473
9.97482094058,1.03946136474
10.7167443389,0.645060322233
7.05525296645,1.92221041165
9.32371668918,1.28977919206
10.254650383,0.910987613193
9.75950820419,1.12840065838
7.01154101687,1.93236539413
8.51334757981,1.54570346349
8.08720700682,1.66457180555
8.88844056712,1.43293794665
7.57031285176,1.79824007202
8.05394308101,1.67349528105
9.40996903916,1.25948130706
11.0369732762,0.359644834644
7.55559974148,1.80189973183
8.52598261484,1.5420391641
9.36455286464,1.27552436705
8.37557639656,1.58510897155
8.18183644589,1.63892055445
11.073629761,0.310675523054
10.7458037918,0.624564390864
9.66603126631,1.16490116182
9.52735186903,1.21703708176
9.87075798529,1.08335874028
7.24035840882,1.87859914795
8.485610214,1.55371729615
9.20292181056,1.33105209817
7.60843244028,1.78872358146
7.14865534725,1.90032969771
7.18388271792,1.89201151575
10.2031682637,0.935948507145
7.57626035013,1.79675860772
6.72769107734,1.99705227425
10.5817365267,0.732802519241
9.64266684608,1.17384712527
10.0027627741,1.02735514446
9.90410784542,1.06948681518
10.7594299663,0.614718406986
7.55503819717,1.8020392601
6.72765201666,1.99706103165
10.2891625015,0.893864386089
10.3885292404,0.842622498141
8.973797439,1.40601416767
10.3436705158,0.866130900901
10.5552346402,0.748820021933
8.9387067273,1.41714461107
8.38759826297,1.58170955555
8.48264876558,1.55457047199
10.918545124,0.485174583142
7.29235859349,1.8661644261
6.81859957868,1.97656548009
7.62985582583,1.78335297985
7.57728298117,1.79650375714
10.359382511,0.857970261553
7.68206483096,1.77019653227
8.28284926968,1.61108835336
9.38777305546,1.26734731179
9.1770742344,1.33971850017
9.33449870504,1.2860308283
10.7567835041,0.616642986107
9.85108565779,1.0914588054
7.59533311214,1.79199950591
9.64330735976,1.17360278915
9.450841629,1.24486649934
6.92552309362,1.95219448149
10.0010196134,1.02811456429
8.52125770426,1.54341045858
9.62617936491,1.18011917747
10.0248205968,1.01769654974
7.75883580238,1.75067099721
8.35203522539,1.59174466708
10.5958698619,0.724115613586
8.04331974191,1.6763351207
10.9794689574,0.425250913246
9.19289541957,1.33442051637
8.23350206375,1.6247446224
8.31919257448,1.60095627738
9.47843358503,1.23490265743
8.44388572623,1.56569500704
8.27836359784,1.61233449043
10.8551179934,0.540547929509
7.89854312319,1.7145681423
7.7989249967,1.74038785716
8.47055414551,1.55805001053
10.0923087475,0.987558615763
7.96054780332,1.69829914964
9.25625761199,1.31298841477
10.920881815,0.483013372008
9.79541192901,1.11406328383
6.88451441757,1.96157735448
10.0158889926,1.02161848786
7.20048081301,1.88807953321
9.54804190615,1.20940140427
9.36731714288,1.27455366962
7.39302611092,1.84185340853
9.5592185875,1.2052565158
9.43347951806,1.25109552538
8.98099764846,1.4037194166
8.40287144356,1.57738020139
11.1202838464,0.23396903391
6.97023946874,1.94191161009
9.63435851344,1.17701190058
8.36591251346,1.5878363454
8.52995579206,1.54088509803
10.4516761642,0.808372380644
8.52399483383,1.54261621946
9.27118134994,1.30788939808
9.41969336336,1.25601959817
10.0271565689,1.01666830996
9.32313922014,1.28997964166
8.17155920005,1.64172581316
10.5998443678,0.721653887754
8.12362987956,1.6547457098
9.20789734521,1.32937737281
8.37484918535,1.58531437082
7.27955160026,1.86923461975
6.8243876739,1.97525390194
9.50563217964,1.22500154797
8.8124505106,1.45648847854
8.89990877603,1.42935006708
7.11425602388,1.90841736656
7.52188841521,1.81025700975
9.0605908106,1.37809802429
9.18186511886,1.33811640802
9.68804229476,1.15641008927
10.2746211572,0.901118757337
8.35339731622,1.59136148028
10.1326072204,0.969115869131
10.4127148893,0.829671576171
9.19110257255,1.33502193692
7.69432559829,1.76709266833
9.33558519312,1.28565250502
11.1038308493,0.263580781857
9.56930716742,1.20150287288
9.2447804707,1.31689639713
7.77164697495,1.74739142711
6.9432871079,1.94811600911
6.80020548089,1.98072780374
9.0056477744,1.395834704
10.1286148326,0.9709586339
7.35175011779,1.85186008637
11.0203500131,0.379776508613
9.44103773665,1.24838767404
10.6945368833,0.660294735737
8.4980094202,1.55014005909
9.96500539383,1.04368076947
6.75689430356,1.99049413438
10.2042571555,0.93542745727
8.24227399228,1.6223254935
7.63932697284,1.78097350733
7.19005445222,1.89055042643
9.87069495976,1.08338478769
8.69231145701,1.49296374173
6.8776328829,1.96314747028
8.61961957983,1.51460714764
6.7557400212,1.99075376053
10.1477678535,0.962086032188
8.56609692385,1.53034742683
10.6932190243,0.661187759737
9.34253137838,1.2832311553
9.71845319648,1.14457501238
7.41674134537,1.83607937598
6.89260385897,1.95973002977
8.84940999485,1.44508208482
6.95219760776,1.94606701221
6.79149717216,1.9826953229
8.6924869469,1.4929111114
6.8872943775,1.96094271227
11.0239768414,0.37547629299
7.68820026566,1.76864400249
10.2277175523,0.924129983328
9.30989913393,1.29456699331
7.40808286112,1.83818959008
9.64710702185,1.17215228858
11.1468857385,0.175841015626
10.5839858395,0.731426906046
6.9730205268,1.94127028547
7.13193225402,1.9042657759
10.2413402246,0.917506078394
10.9378868787,0.466984189811
7.08086162889,1.9162361121
7.6434156301,1.77994531532
7.8069625205,1.73831885926
7.79937233964,1.74027276798
9.29526546987,1.29961834578
10.5717759875,0.738863309235
8.1006691313,1.6609467905
9.57138790805,1.20072723513
10.3472951838,0.864255125537
8.71060124535,1.48746852258
10.0172864407,1.02100585151
9.83290366737,1.0988921337
8.94137049683,1.41630275646
8.00064158254,1.68769572164
7.1406751256,1.90220900113
9.83155861037,1.09944003581
10.6864401172,0.665762439021
8.17080514457,1.64193145007
7.50755430725,1.81379886965
7.87706844969,1.72016686459
9.8207894681,1.10381698539
6.96980065278,1.9420127837
10.5961123811,0.723965642091
9.66351803649,1.16586674295
9.54031870003,1.21225728644
6.80267574916,1.98016932563
7.45667175588,1.82631613239
10.6667933628,0.67884673438
9.42607645219,1.25374212122
7.66677730191,1.77405902664
7.68036125589,1.77062736882
9.69478908565,1.15379490482
10.7120116551,0.648336980376
10.6175336029,0.710594109403
7.67554560736,1.77184468654
8.12168069828,1.6552730336
7.73424957046,1.75694775231
7.68237692039,1.77011759304
7.67503018527,1.77197492732
9.25330663635,1.31399433605
7.54855902693,1.80364837436
10.6167847283,0.711065812805
7.88375469346,1.71842563079
8.17468006632,1.64087445412
11.1692876675,0.10420939104
9.14233537645,1.35127850234
7.28418700734,1.86812396596
6.91941843385,1.95359409564
8.79544416932,1.46170705553
8.91016971674,1.42613223559
9.68770154291,1.15654201429
10.5474618375,0.75345325657
8.76786046659,1.47013201903
10.4176229093,0.827018677863
8.56336091005,1.53114770377
8.9598980799,1.41043341894
9.71994638882,1.14399074996
7.38558722556,1.84366085466
8.1816785702,1.63896368423
6.7617808126,1.98939466443
7.1213134233,1.90676088938
10.1349006228,0.968055718019
8.59098096439,1.52304960571
9.11309030923,1.36093421801
9.01142714145,1.39397963286
9.22003849297,1.32528187636
10.8842084292,0.51588969607
8.38186004545,1.58333305834
9.1615883715,1.34488398411
9.61351307847,1.18491504819
7.81884032398,1.73525679031
7.97711223755,1.69392647192
9.78747215313,1.1172497062
9.65315413376,1.16984012736
9.15588347368,1.34678192336
9.06517546559,1.37660767851
9.13934848005,1.35226783407
6.899285894,1.95820278954
9.6425384885,1.17389608359
8.40243342146,1.57750452915
7.81637312425,1.73589327287
9.05586287149,1.37963326162
9.41252262863,1.25857319061
9.94599856069,1.05180310698
8.77493465477,1.46797594111
10.1539823184,0.959189557976
7.40627463773,1.83862997796
9.34343956523,1.28291423538
10.7565244662,0.616831042841
9.30354888135,1.29676143545
8.68508136158,1.49513047442
8.90306216961,1.42836193429
8.77307720239,1.46854236371
9.74893540256,1.13258808565
8.38439267095,1.58261671282
6.77602358522,1.98618655257
7.81455808723,1.73636136304
8.65254134972,1.50484352854
10.9994346157,0.403682429338
9.30711322674,1.29553017049
10.6509969883,0.689186634023
8.53868982404,1.53834513024
6.72733885277,1.99713124154
6.75470082261,1.99098747258
9.09471323329,1.36696680224
9.22109121927,1.32492617043
7.41388216621,1.83677647277
8.824954746,1.4526394608
9.50515961833,1.22517425758
9.27296884428,1.30727732838
7.32329673949,1.8587267667
10.0505537879,1.0063114454
6.7604566084,1.98969267186
7.19782935029,1.88870819714
9.99668249911,1.03000162804
11.1523430803,0.161347840868
10.8661466716,0.531334273468
10.5127285881,0.773818272398
9.5474706731,1.20961286537
7.08789929793,1.9145910137
10.4389086336,0.815413371364
7.42961685522,1.83293691142
8.79722117405,1.46116263471
9.44377287374,1.24740631945
9.20629750563,1.32991609612
9.18535757803,1.33694730495
7.25330459342,1.87551105495
7.59514827318,1.79204568822
6.84239367412,1.97116817525
6.9518301135,1.9461515613
10.9196093871,0.484191439913
9.32862744309,1.28807332298
10.0755674201,0.995119858659
8.40948907207,1.5755006664
7.05527049125,1.9222063296
10.4980568565,0.78226143451
7.7728180295,1.74709133829
8.95348477809,1.41246784347
9.91667913439,1.0642108427
8.58641746051,1.52439057499
11.0493365082,0.343908981687
7.46657243769,1.82388726596
7.01475270813,1.93162108425
10.3263243591,0.875051920332
8.41681541999,1.57341722257
9.2228131546,1.32434413938
7.27683160803,1.86988602879
7.78158579994,1.74484291173
8.68984276328,1.49370391928
8.89441981802,1.43106843408
10.9748951817,0.430039604099
6.73469952916,1.9954803587
10.4298637227,0.82036485634
8.56516826463,1.53061910415
10.7425183031,0.626915277934
7.61409072842,1.78730668059
10.3527706688,0.861413801906
10.6373355641,0.698005544619
9.03993404376,1.38479307965
10.9929594784,0.410801479734
8.87446662164,1.43729765152
9.53110963454,1.21565383923
10.5214931554,0.768730270887
8.73100896615,1.48131290158
10.1530491172,0.959625067713
7.69370159203,1.76725076975
9.24640214161,1.3163449198
8.58703334241,1.52420966916
9.60080184095,1.18970850321
10.946045621,0.459095031513
7.32818627869,1.85754857586
11.1065459819,0.258927563863
9.38938975037,1.26677602272
10.6974326813,0.658328193703
8.47363443002,1.55716457192
7.73079626294,1.75782757119
7.64860165122,1.77864030948
6.8448974049,1.97059938491
7.94562118465,1.70222985551
8.80363702966,1.45919531888
10.4225626814,0.824339996275
7.07560430335,1.91746412325
8.46169177733,1.56059472745
10.1097771451,0.979606772955
6.99227660309,1.93682392123
10.2920235614,0.892430120808
8.68211755449,1.4960177685
8.46802714457,1.55877603028
10.0758354087,0.994999273807
8.91986694366,1.42308449734
10.7830416781,0.597272901354
9.20760383118,1.32947622585
6.95903915993,1.94449231088
8.3222535483,1.60009998535
8.64449322585,1.50723620392
7.73229598048,1.7574455337
9.00714388125,1.39535471765
7.77259394254,1.74714876573
10.6654953765,0.679702294244
6.7291355573,1.99672839517
11.018825316,0.381569825012
9.59891335716,1.19041901065
7.90873019491,1.71190583907
7.20170576143,1.88778902626
10.3780131173,0.848191986409
10.7299550427,0.635824587774
9.29236260403,1.30061804586
7.88716856069,1.71753590962
9.36275488401,1.27615534538
7.42458923504,1.83416461952
8.25577861361,1.61859411121
9.31921755647,1.29134009652
6.99044624515,1.93724700275
10.1541091914,0.959130333161
8.00394885046,1.68681808699
7.22284409304,1.88276883006
10.4057080373,0.833444308772
11.1411911405,0.189787928737
8.37024607641,1.58661389238
9.60846625822,1.18682054032
6.9389347629,1.94911606124
8.80625711182,1.45839115091
7.16418955297,1.89666612744
6.71836340601,1.99914244702
10.3299441831,0.873197792904
9.10470806768,1.36368913989
8.80759434453,1.45798055019
8.76533125074,1.47090210892
9.46250146142,1.24066573323
10.9878949203,0.416284834168
11.1467846626,0.176098194648
9.69911748449,1.15211400932
8.54541297035,1.53638709341
9.15923643665,1.34566676405
10.2002200986,0.937357791396
10.0621856627,1.00112268032
7.91286582698,1.71082384499
8.69697493389,1.49156450973
10.7081078809,0.651027333911
10.0892963504,0.988923434378
8.73579663565,1.47986507933
6.97147380212,1.94162699335
9.92399302093,1.061129249
9.20386680757,1.33073418184
9.99383160698,1.03124016064
8.20531413885,1.63249404095
7.46434875585,1.82443306816
7.16964586978,1.89537763513
9.01576412301,1.39258591809
7.67603429943,1.77172119125
6.82027147729,1.97618671849
6.84829180875,1.96982799176
11.1494020532,0.169312595013
11.0454391457,0.348946121154
7.60554246964,1.78944683073
10.4184913678,0.826548369372
8.03109702835,1.67959656612
7.6223366207,1.78523980012
6.99944148029,1.93516689255
9.71628139639,1.14542427125
10.552667204,0.750353590935
9.98818922769,1.03368704319
10.3965376919,0.838356291277
6.78303063268,1.98460634762
9.43457842428,1.25070218908
10.8881493285,0.512457983153
7.82504587123,1.73365486434
7.27077431926,1.87133586988
7.61232489022,1.78774898747
9.55444376363,1.20702900762
8.7957267518,1.46162049431
9.92121760186,1.06229968166
7.30056963072,1.8641933512
7.9736123788,1.69485130428
9.95649433786,1.04732565315
7.15663059636,1.89844970669
8.35975696782,1.58957114469
8.48375704346,1.5542512385
11.0417650878,0.35362895609
9.41800267013,1.25662214365
8.73588662198,1.47983785332
10.38125433,0.846479300754
11.1074488465,0.257361587421
7.23990892292,1.87870627402
8.21933289638,1.62864461603
10.536597945,0.759881702399
9.54720291746,1.20971197139
7.8198873389,1.73498661321
6.73169656419,1.99615404094
8.81467650907,1.45580402266
10.7661219514,0.609824716816
7.17568651065,1.89395013408
9.09185006592,1.3679042897
9.74576762606,1.1338396934
8.4865243403,1.55345384711
9.70640346531,1.14927901087
9.47112844869,1.23754845252
9.01253578986,1.39362349472
8.18743657904,1.63738992913
11.0984264723,0.272606560457
6.91697108327,1.95415491774
7.86722519583,1.7227270454
10.2981473114,0.889352477186
9.35848084549,1.27765401378
7.85592501564,1.72566148226
9.52235020838,1.21887576988
10.2326885165,0.921718411534
8.81618554502,1.45533983722
9.66727075917,1.16442465472
9.7799402336,1.12026406918
8.86065300536,1.44159437697
7.88722305954,1.7175217024
9.42958963425,1.25248685598
11.0769212551,0.305895105325
10.634787329,0.699638215285
7.6541623666,1.77723995131
7.37970033545,1.84508995329
6.79377408506,1.9821810752
9.49950927097,1.22723743873
8.31375630509,1.60247591846
9.53890804301,1.21277819192
9.04601860743,1.38282438224
9.7522290899,1.13128526139
8.03595247146,1.67830172368
8.73140070296,1.48119449099
9.26161994836,1.31115853948
9.3741151081,1.27216336177
8.52845238027,1.54132188708
8.79259771727,1.46257870055
10.25919777,0.908749877634
6.8763607312,1.96343759149
8.19711478101,1.63474130971
8.14099271149,1.65004100132
10.9224753077,0.481533983951
8.90492193551,1.42777884607
10.3623429998,0.856423909622
9.91861497559,1.06339607477
9.82424951414,1.1024125985
8.76493319362,1.47102327173
10.9555595952,0.449720669042
7.6505730989,1.77814396486
8.91371123177,1.42501992957
7.54331538129,1.80494959345
10.9271262964,0.477189808358
9.34995539416,1.28063817874
7.52528623384,1.80941641553
8.01661954634,1.68345148776
8.90962749821,1.42630245702
9.30208443909,1.29726697265
10.1288630818,0.9708441516
9.53530575575,1.21410737449
6.73660995684,1.99505165681
9.78603317259,1.11782623132
7.10555130491,1.91045851601
9.65787388317,1.16803231345
8.96818139842,1.4078014378
9.89932893719,1.07148563297
8.03449996486,1.67868918071
10.9632311728,0.442016900809
8.45219965103,1.56331567726
8.4986928517,1.54994264538
10.5262656361,0.765945540645
9.12816600967,1.35596532653
7.49117948585,1.81783653131
9.19113984543,1.33500943628
8.01771783506,1.68315935571
8.22619826125,1.62675612573
8.74758109592,1.47629533352
8.66993986027,1.49965797362
8.34264867848,1.59438280988
10.6386113255,0.697186719799
9.35583430679,1.27858112757
10.8648411891,0.532433228549
8.62017544458,1.5144428171
7.90831316853,1.71201490658
9.55946442083,1.20516518794
10.8010893523,0.583586838911
8.12340427973,1.65480675129
9.79806852486,1.11299509143
8.53401994078,1.53970371303
10.0582408433,1.00288539996
9.17988564113,1.33877858622
7.46335404202,1.82467716759
8.68927620432,1.49387373641
9.81301062131,1.10696781082
7.22901236103,1.8813013875
7.255115134,1.87507877581
8.50029602911,1.54947945829
11.1668670361,0.114136859585
7.45981546014,1.82554525911
9.10465577969,1.36370630749
7.12207302933,1.9065825127
9.14171110629,1.35148533546
9.610733823,1.18596477073
9.3134289987,1.29334557603
8.95414872136,1.4122573637
7.3859983373,1.84356101199
7.04007635743,1.92574224837
11.0020210609,0.400803437374
8.4375919754,1.5674937892
9.44505176488,1.24694719421
8.53394355526,1.53972592548
9.24713869525,1.31609436565
10.6595861615,0.683583783437
8.27963135609,1.61198239991
7.13311561661,1.90398751793
8.37333534317,1.58574186701
7.22961082244,1.88115895148
11.0057676211,0.396596051407
11.0319705989,0.365819903083
8.26433969629,1.61622418735
9.61699626915,1.18359813534
6.92812384169,1.95159790358
9.41799935386,1.25662332525
10.5523473711,0.750544412551
9.34390162274,1.28275296623
8.95827576335,1.41094832658
9.51837543765,1.22033498174
11.019703381,0.380538095673
6.90932368966,1.95590631828
8.70453350142,1.48929384115
11.18014231,0.0337563109191
10.9859750369,0.418344689338
10.0812637176,0.992553583507
9.86757896036,1.08467179894
10.1128112732,0.978219009419
11.0041652604,0.398400939977
7.69416233495,1.76713403493
10.0074208136,1.02532307809
7.83821958932,1.73024922935
8.61855703484,1.51492121868
11.0241316673,0.375291624114
8.17021591392,1.64209212002
8.99790889413,1.39831488895
7.61586244987,1.78686279005
10.1870939113,0.943606835094
8.19997653445,1.63395731537
8.97459037023,1.40576163916
9.67849713518,1.16009990441
8.20155071824,1.63352589796
10.0354008224,1.01303104267
9.52763651199,1.21693235904
10.7801348582,0.599448009458
7.96707393016,1.69657772872
7.76829736008,1.74824949896
9.80461362326,1.11035898378
7.22514961123,1.88222047684
10.4663424865,0.800207795824
10.9194222177,0.48436448758
9.80481793091,1.11027659597
9.00119298342,1.39726292958
9.46909814358,1.23828279028
9.51816203904,1.22041327497
6.89772909328,1.958558717
7.69070005417,1.76801105723
8.78393053906,1.46522958431
9.10915410362,1.36222859195
9.06203545327,1.3776285845
8.21151492723,1.63079248084
10.6957180666,0.659493299994
8.6475003148,1.506342653
8.92887947317,1.4202460886
10.4432971912,0.813000063596
6.76042706259,1.98969932053
7.3406374947,1.85454493189
8.36305930576,1.58864069206
9.66311253068,1.16602246308
10.5902373516,0.727590007266
10.0329103569,1.01413118179
7.53401856135,1.80725431125
9.75946801588,1.12841660465
6.92726107759,1.9517958307
9.29797908828,1.29868312353
9.48438872685,1.23274160576
9.59920831835,1.19030806485
8.97125059441,1.40682496656
7.67088349923,1.7730223955
7.70439953566,1.76453832353
6.79773388416,1.98128642463
7.79824665126,1.74056236249
8.23094039827,1.62545040117
8.88955722977,1.43258898871
7.99569368355,1.68900787162
10.48726473,0.788414281133
9.46149089455,1.24103037973
7.20196346413,1.88772790418
7.58729259393,1.79400734322
9.9313325347,1.05802783508
8.80575321564,1.45854584354
8.1884821219,1.6371040034
9.9887031325,1.03346442227
10.3780077561,0.84819481646
11.0577329569,0.332798048343
7.5594449334,1.80094401731
7.18901466207,1.89079666425
7.23472139974,1.87994217574
8.72352706378,1.48357264794
8.86916035802,1.4389496825
8.830582609,1.45090377619
8.74133189274,1.47818941425
8.44871400965,1.56431365998
9.87678162714,1.0808663715
9.64689792829,1.17223215559
7.48930999947,1.81829693424
10.4265343349,0.822179965503
10.5775133493,0.735378338331
8.25945600115,1.61757654289
8.42884239196,1.56999103526
11.0476287301,0.346125219729
7.28428797523,1.86809976648
7.7566369891,1.75123326043
7.79773584007,1.74069375784
7.7032150076,1.76483886394
9.72221318353,1.14310321846
7.15364643237,1.89915337615
6.74286309825,1.99364780092
10.2460118487,0.915223503213
8.47160561745,1.55774781781
10.417106472,0.827298224687
10.7395460517,0.629034462933
8.5798401744,1.52632121431
10.183982251,0.945082158822
7.4048461986,1.83897779585
11.0813695703,0.299313282198
10.9441995911,0.460891885066
8.30122033685,1.60597471038
9.40085449938,1.26271732598
9.37575928187,1.27158456082
10.1889816833,0.942710665236
10.9368450758,0.467981993809
9.55431764307,1.20707579033
10.1065692931,0.981071860219
7.37974868881,1.84507821956
8.65284529058,1.50475309357
7.57335650682,1.79748207953
7.53891168405,1.80604165373
8.88975591879,1.43252688933
8.27415668135,1.61350231361
11.0165980258,0.384174470591
8.74732123728,1.4763741429
10.5464903421,0.754030346795
10.2979171345,0.889468350934
8.25439619019,1.61897647559
11.1108794444,0.251322416279
8.50165577342,1.54908649489
7.10601702793,1.91034936491
10.1473275623,0.962290914974
8.05126128349,1.67421263587
8.15265008513,1.64687472755
7.17647655325,1.89376335468
9.12913993994,1.35564369666
10.8770547001,0.522061486265
7.49101065793,1.81787811376
9.92747041972,1.05966095717
8.29631638663,1.60734133174
7.80379306733,1.73913502537
9.21402773573,1.32731102648
7.99718607599,1.68861220644
8.41804653589,1.57306685089
8.8138369962,1.45606219608
8.32182265797,1.60022055246
8.44820003652,1.56446076305
7.54237963612,1.8051817015
6.78074182462,1.98512264998
9.18167162602,1.33818115002
9.3079514883,1.295240432
7.6994253796,1.76580003098
9.19257439159,1.33452822692
8.05423638992,1.67341680511
8.12300112872,1.65491582793
7.85415274136,1.72612125485
7.46758147527,1.82363954404
6.80327528364,1.98003375916
10.3525202306,0.861543963075
11.0529753512,0.339138435977
6.83431541074,1.97300225379
10.5662224909,0.742221012523
9.01551023298,1.39266754559
10.1957186106,0.939505518218
7.59334349419,1.7924965526
7.75256302926,1.75227454456
7.02584895054,1.92904731844
7.99212275284,1.68995422578
7.8717765739,1.72154372809
7.15799339092,1.89812827132
9.80021288343,1.11213211655
6.90998133993,1.95575576533
8.19261896725,1.63597220581
7.70950493152,1.76324238789
8.62508940798,1.5129893236
6.84155488414,1.97135869244
9.78559933269,1.11799999021
9.45848184495,1.24211551206
10.9085043258,0.49435382467
10.9058276345,0.496772207203
9.40471915119,1.26134623688
8.32938777892,1.59810243935
8.68090906519,1.49637941076
10.3098678834,0.883432112883
7.73288235171,1.75729613912
9.42680036881,1.25348356754
10.1721846714,0.950654919629
10.5770099597,0.735684766371
11.1388236742,0.195293305542
7.90170793404,1.71374148917
7.20517617519,1.88696574523
8.85126993339,1.44450569235
10.9424047386,0.462632233117
7.06394474373,1.92018477216
8.13764968001,1.65094788585
10.504116666,0.778785283253
7.56587207076,1.79934543222
8.85380559137,1.44371952462
8.48333740505,1.5543721208
8.28850161133,1.60951673707
9.19594230288,1.3333978001
9.84286486721,1.0948259553
7.26966642976,1.87160092704
10.8353697679,0.55666524321
7.53477742307,1.80706629665
7.73814065095,1.75595587131
9.17935840656,1.33895490238
7.64554603257,1.77940933852
6.97594898051,1.94059474164
10.7559925661,0.617217012836
9.90891752521,1.06747134797
8.05943081654,1.67202640579
8.57384900392,1.52807768746
10.2999214266,0.888458859523
7.73444040915,1.7568991184
6.86688293211,1.96559770792
8.48259284123,1.55458657896
10.2819682467,0.897460777727
9.84430495315,1.0942368597
10.9477889447,0.45739166751
6.71802562753,1.99921809644
10.2514063452,0.912580626767
9.87821201792,1.08027368179
9.46763764856,1.23881076517
9.7314761385,1.13946925488
11.0306160617,0.367474028536
7.99525868118,1.68912318262
10.85696151,0.53901876871
7.2116519226,1.88542855218
7.24723218624,1.87696015746
9.6390545435,1.17522415564
8.61403917515,1.51625589827
9.81420140381,1.10648606544
9.6766903785,1.16079701136
9.4125207073,1.25857387413
10.8552921796,0.540403630644
8.95747821714,1.41120139118
10.6239590689,0.706533874646
9.90195150717,1.07038918357
9.95247411889,1.0490429195
7.40761670489,1.83830313125
9.773446052,1.12285662061
7.93595793604,1.70476969733
9.55957798309,1.20512299685
9.13361348482,1.35416537582
8.67243625275,1.49891246236
10.4730454134,0.796448481447
8.2338079333,1.62466033009
8.46378097304,1.55999521527
8.76540052009,1.47088102332
9.51364072886,1.22207090702
8.26798483783,1.61521406466
7.64624370915,1.77923377863
10.4855627684,0.7893802317
7.99546466521,1.68906858108
8.39282746222,1.58022861573
9.54106552003,1.21198142172
9.97024748455,1.04142948124
11.1124394066,0.24852775096
11.041319139,0.35419313449
7.94427411093,1.70258414116
7.88896859993,1.71706659824
7.78063793653,1.7450861236
7.61343777889,1.78747024404
8.64406270351,1.50736408949
10.1010102517,0.983605612976
11.0702482807,0.315511214525
8.27025853624,1.61458366913
10.5879160047,0.729017103368
9.22867038704,1.32236241953
10.535237753,0.760682736436
7.16499440847,1.89647611835
8.55400308085,1.53388168837
8.40424452366,1.57699040416
9.04139763435,1.38431978179
7.52161631581,1.81032430817
9.92451097257,1.06091067865
8.29512210242,1.60767397616
6.94507367108,1.94770535617
10.3758849765,0.849314636641
7.33107887562,1.85685121934
10.2213202443,0.927224289785
8.36334727071,1.58855953045
9.45654786689,1.24281244875
7.36145061733,1.84951322843
9.47458693262,1.23629655474
10.5848346779,0.730907108748
7.50912026521,1.81341226875
7.82027614079,1.73488627407
7.43551234526,1.83149622753
10.0965206189,0.985647186148
6.90049683774,1.95792588976
6.79304284345,1.98234624288
10.5916062956,0.72674710705
10.9208341867,0.483057520066
8.17870022145,1.63977712148
7.17770137747,1.89347374914
8.5127989365,1.54586237933
8.52265103201,1.54300620458
9.06315628358,1.37726425801
9.65723362124,1.16827771811
9.73993068309,1.13614229409
9.22353154243,1.3241012416
9.48094796186,1.23399068096
8.25411644903,1.61905383819
10.5082361074,0.776413319375
9.2726211066,1.30739642237
9.45569429089,1.24311992281
7.15504789309,1.8988229425
10.7179151538,0.644247141038
10.071820889,0.996804130454
9.57983280331,1.19757407435
9.86500202173,1.08573500766
8.93966875687,1.41684063007
7.89300166034,1.71601462124
9.90734512651,1.06813067055
7.72806281533,1.75852367514
9.50443621415,1.22543859697
9.44850949147,1.24570501414
7.18193830766,1.89247159953
9.30671468584,1.29566790027
7.73999437778,1.755483138
10.7969650958,0.586742520326
9.99405478785,1.03114325632
8.88589996833,1.43373156929
10.5844208551,0.731160564741
11.0872214401,0.290427636637
8.47330774442,1.55725850271
8.60840536111,1.51791861224
8.86114508029,1.44144153706
9.93695044209,1.05564775354
9.75761428218,1.12915190031
6.82678849669,1.97470962164
7.21078485263,1.88563444725
8.44333699174,1.56585192004
8.01680143948,1.6834031098
9.922882644,1.06159766519
8.86015559004,1.44174885915
6.78433664653,1.9843116808
7.43745368243,1.83102157388
6.7784137638,1.98564766913
7.55434246432,1.80221211553
8.69974057847,1.49073408393
9.09811854186,1.36585096361
11.023707549,0.375797275545
9.09480082693,1.3669381113
10.8026067519,0.582421495554
8.82432317922,1.45283411239
7.42923992999,1.83302898232
9.19895905851,1.33238442307
9.50970535157,1.22351189247
9.75437320608,1.13043634531
7.75458692294,1.75175732464
8.56785212818,1.52983381369
6.78472051965,1.98422506185
10.9946101635,0.408998412321
8.62428900003,1.51322617019
8.69153348608,1.49319703691
6.8510376784,1.96920375976
9.76365918023,1.1267523829
10.4250267025,0.823000576806
8.34304785231,1.59427070867
9.40510610632,1.26120887206
9.79471796158,1.11434215298
10.0808268133,0.992750650925
8.39538427184,1.57950400685
8.08307021127,1.66568415703
11.089674478,0.286620947004
8.15613809578,1.64592616074
8.04010425782,1.67719373854
7.56245921394,1.80019446932
9.9456026879,1.05197161168
8.7501946554,1.47550246463
6.73909340369,1.9944942311
9.73715123589,1.13723711252
8.65064290969,1.50540826997
7.66653033414,1.77412135564
7.03034210014,1.92800415817
7.5474912103,1.80391343088
8.07836363238,1.66694881606
10.9379516628,0.46692207135
8.31922683385,1.60094669602
9.71941635695,1.14419817716
8.91544202805,1.42447601148
6.92803872526,1.95161743107
7.82405908472,1.73390969651
8.08145297851,1.66611881616
6.89970412558,1.95810715927
6.98005779432,1.93964651244
8.90231836315,1.42859507163
7.91571530641,1.71007794515
8.54822323686,1.5355678966
8.04209295412,1.67666275681
8.19794149622,1.63451486479
7.98844569626,1.69092815152
6.85833344685,1.9675442148
7.54649753254,1.80416004946
8.69992167472,1.49067969096
7.81576411879,1.7360503468
7.09025153042,1.91404084963
11.1428546412,0.185822031322
7.29142068175,1.8663894411
9.65826263181,1.16788328564
8.21564964807,1.6296568836
6.76457905175,1.98876478383
11.0945350401,0.278924782075
7.00202261333,1.93456960345
9.11763775351,1.35943731122
8.28953155725,1.60923019844
8.1232572607,1.65484652963
9.56369542772,1.20359226932
10.7757039073,0.602748489164
9.94217179114,1.05343085635
11.0653350458,0.322408168475
10.129305217,0.970640223643
7.96821167086,1.69627744378
8.5855071144,1.52465793583
9.19577097129,1.33345533004
9.0840690821,1.3704487792
8.70806056637,1.48823309039
7.67093458922,1.77300949374
8.81675390988,1.45516496755
9.46473778101,1.23985841269
7.07390891687,1.91785996559
8.92451261084,1.42162209725
8.78281192438,1.46557136678
6.82416563581,1.97530423167
8.95578583642,1.41173824009
7.32008372545,1.85950057303
10.7715987833,0.605790223745
9.70925722415,1.14816669635
10.4059630586,0.83330729599
6.76858538211,1.98786261576
7.87904441975,1.71965246534
10.9649458854,0.440276561775
8.04266772697,1.67650926118
9.33067259191,1.28736222438
8.51387809759,1.54554978222
8.09271115427,1.6630906305
8.83804692451,1.44859850445
8.94884329281,1.41393838735
9.27298671722,1.30727120692
7.18953595403,1.89067321855
10.5203916534,0.76937156283
9.79714368625,1.11336707669
10.8312956289,0.559932585674
7.65578497665,1.77683112047
10.9286871382,0.475723040748
10.2353465643,0.920426315994
7.54230829479,1.80519939622
8.02156269471,1.68213626801
10.4479509166,0.81043308682
8.92278060484,1.42216748769
7.24207643212,1.87818963479
10.0105401404,1.02396001954
10.8154132404,0.572491792058
8.75489651406,1.474075
9.80642717149,1.10962745
10.0191028671,1.02020898663
11.143548449,0.184142707478
10.3706016681,0.852095326693
10.5464909326,0.754029996212
7.06597178591,1.91971205777
9.08172923523,1.37121301811
9.49741163858,1.22800249087
11.0255334528,0.373615488319
11.0070413083,0.395155497617
9.54349407011,1.21108391537
11.1081769822,0.256091694815
8.8258186922,1.45237314664
9.16844524796,1.34259924742
8.50478620735,1.54818142658
8.98172410303,1.40348768269
7.02499505389,1.92924550112
7.74855314184,1.75329884818
9.36521415448,1.27529221731
10.3019989051,0.887411294646
10.0412077233,1.01046124783
8.5778967547,1.5268912016
10.494986363,0.784016910241
8.99643351702,1.39878722415
7.7954717664,1.74127602347
10.7331079968,0.633600426912
6.86760068045,1.96543420662
10.3641656197,0.855470510596
9.56366912492,1.20360205399
8.85598835663,1.44304242643
8.06122770137,1.67154516192
8.00702517494,1.68600132664
8.37463135097,1.5853758925
7.76369636843,1.74942745028
9.62399522473,1.1809475541
7.03790753624,1.9262464385
7.00905164059,1.93294211025
9.31377297371,1.2932264908
9.62483559652,1.18062889593
7.15744399933,1.89825786005
7.39014123698,1.84255456463
11.0329142008,0.364663167122
8.96979612777,1.40728779268
10.3148702671,0.880893164099
10.9866667269,0.417603741551
6.92706779191,1.9518401697
9.83835038941,1.09667064072
7.81161350477,1.73712048976
10.9702259939,0.434873800689
10.0803740761,0.992954818612
6.89740009396,1.95863392701
8.56980969818,1.52926078023
9.34347474909,1.28290195608
8.21465937716,1.62992893264
10.2391082241,0.918594640902
8.55702836723,1.53299835366
11.1813036384,0.00997711953542
8.18555509799,1.63790433405
6.94481979788,1.94776371582
6.86468490953,1.96609832748
9.72150813045,1.14337934587
7.20829012159,1.88622672255
8.50768134208,1.54734391656
8.22390466465,1.62738728061
7.23584728622,1.87967400791
9.62065259386,1.18221418642
6.83962576456,1.97179679
7.05878121759,1.92138840177
9.62419267118,1.18087269268
7.91512531531,1.71023241209
9.23647801819,1.31971618003
9.10816303929,1.36255429778
8.11214390043,1.65785066326
10.6954408727,0.659681464209
8.551419131,1.53463575735
7.41128045215,1.83741056714
11.150209476,0.167163765262
8.07368165899,1.66820591235
8.82782121715,1.45175567409
10.3111318599,0.882791273814
9.12388187567,1.35737921026
10.3182380425,0.879179727409
8.42662687147,1.57062274392
8.02125918063,1.6822170534
9.76128555523,1.12769520023
7.61902023442,1.78607135901
9.77677061054,1.12153016758
9.42370080037,1.2545902334
7.84883945077,1.72749892291
10.0591879419,1.00246247722
8.8369177593,1.44894747016
10.2515207412,0.912524498918
10.4988612433,0.781800895445
6.81194349681,1.97807266833
9.67414878203,1.16177693591
8.38549734421,1.58230415773
10.9433636449,0.461703262166
8.93544283345,1.41817544695
8.91027390658,1.42609952441
10.241415227,0.917469476768
7.49357724882,1.81724585768
8.73252695043,1.48085400656
8.57129396597,1.5288261519
8.23038155562,1.62560433031
8.42076471785,1.57229298843
6.93439580319,1.95015844613
10.3288003246,0.87378411936
7.80934649835,1.73770470836
9.07002582654,1.37502920052
7.44957430974,1.8280553143
8.35686212317,1.590386336
8.35440300311,1.59107849871
9.08159335469,1.37125738622
7.85486485758,1.72593652869
8.03521311571,1.67849895846
8.02812702977,1.68038810917
7.79978876088,1.74016562727
8.48468520775,1.5539838353
6.78626768618,1.98387591355
7.43001832683,1.83283883953
8.17387795856,1.64109330788
7.95095840903,1.70082541919
8.99869308574,1.39806376866
7.24678764433,1.87706619778
10.7417333732,0.627475620468
9.14612738911,1.35002145232
10.6815168448,0.669065254034
9.37324178739,1.27247069111
7.81850848864,1.73534241002
8.56712980433,1.53004520313
9.54335551571,1.21113513808
9.35167527335,1.28003672935
8.05560454603,1.67305070098
10.5264151802,0.765858118423
10.6785023014,0.671079559841
10.6928194054,0.661458316274
7.6887510105,1.76850457362
8.67945331317,1.49681493073
9.3729097785,1.27258750852
7.61923035506,1.78601868433
9.9145208285,1.06511850803
8.83439645276,1.44972637049
7.77220989194,1.74724718313
8.64753598225,1.5063320513
9.12753211473,1.35617462246
9.77432012835,1.12250802807
9.82399265215,1.10251691686
10.9306430446,0.473878610634
7.01204414583,1.93224881286
9.02512543276,1.3895728406
7.63007863491,1.78329703914
8.87933297323,1.43578091001
9.71796690186,1.14476522736
6.85955420998,1.96726639502
9.40327172178,1.26185992587
11.0428394278,0.352266077383
8.73322881924,1.48064177966
8.79419764995,1.46208883061
9.4954758574,1.22870808971
9.80750553305,1.10919224089
11.1566668358,0.148866691288
10.9757036237,0.429197061823
9.11984861521,1.35870895414
6.78688005305,1.98373770404
9.73211721672,1.13921732365
8.49115689055,1.55211806956
10.7673294986,0.608937477606
7.80268676485,1.73941981923
9.80120834306,1.11173127647
10.6830446558,0.668042057758
8.47292284045,1.55736916556
9.83049750497,1.09987207908
8.06569219115,1.67034887666
9.30594598465,1.29593351059
9.54006900746,1.21234950533
9.2032905342,1.33092806103
10.1831706458,0.945466584604
10.7786086644,0.600586872238
10.0784988271,0.993800039525
7.61210812199,1.787803276
8.52492734473,1.54234553724
9.95279999176,1.0489038252
8.87630748224,1.4367240815
10.6444615578,0.693419468897
8.07128920871,1.66884791276
8.14357018567,1.64934145374
10.3670061077,0.853982550174
8.81448764767,1.45586210675
10.6761620047,0.672639177494
10.3051552112,0.885817362032
9.4078627358,1.26022986558
7.59496787062,1.79209076094
6.75739098577,1.99038240806
8.663331503,1.50162967657
6.965504942,1.94300292653
9.15963462263,1.3455342703
7.57263829572,1.79766097179
7.53013997418,1.80821495967
10.1314741454,0.969639217996
10.6555110045,0.686247774565
9.29183604433,1.30079930218
10.3081778814,0.884288222266
9.30243060475,1.29714749127
10.0362455339,1.01265762804
9.12279668651,1.35773711924
8.49683410635,1.55047949749
6.74686990892,1.9927477356
8.49812968798,1.55010532077
7.95724186225,1.69917050461
7.48283357179,1.81989099909
9.04754836015,1.38232898041
8.04076143959,1.67701828967
10.7540731515,0.618607821778
10.2993913636,0.888725945157
10.2879687221,0.894462154371
8.14015138765,1.6502692793
10.2797225747,0.898580436354
9.31268608219,1.29360273865
7.35243785917,1.85169379793
6.97081208842,1.9417795787
8.36789382711,1.58727755426
8.64540277439,1.50696598914
10.52792501,0.764974925167
9.41977431781,1.25599073959
8.605838545,1.51867555597
10.7252784809,0.639109279461
10.7901566355,0.591915214373
9.3828878694,1.26907202007
10.0134513375,1.02268626894
9.9386846084,1.05491197232
6.82152193777,1.97590338447
10.989228722,0.414847768667
10.4864211244,0.788893218489
8.28545333826,1.61036449061
11.0733874761,0.311024503348
9.46455958414,1.23992276176
9.58523981741,1.19555083284
8.54904274712,1.53532892584
7.61014474891,1.78829491801
9.27327666268,1.30717189698
9.98414204419,1.03543858951
9.8252716571,1.10199738175
9.64778203704,1.17189441736
7.78217456986,1.74469182244
10.2631645333,0.906793353177
8.4238990632,1.57140017176
7.7462097611,1.75389717492
7.99116501528,1.69020795155
8.22459788447,1.6271965453
9.77253407372,1.12322021358
9.02813571601,1.38860254671
6.98732164238,1.93796903149
10.4877930836,0.78811417253
9.84925194635,1.09221077393
7.96325977255,1.69758401533
10.6150480174,0.712158534944
7.22154353952,1.88307808821
10.7560146357,0.617201003005
7.53959539537,1.80587214542
10.0877614787,0.989618110713
8.26971061499,1.61473560585
6.94341980698,1.94808551035
9.07847036172,1.37227671958
7.53508360872,1.80699043095
7.06051930335,1.92098333426
10.5085870115,0.776210934678
8.71436100215,1.48633637544
9.99290032826,1.03164442024
10.7688593402,0.607811574416
11.1802823833,0.0318442428412
8.76503461284,1.47099240214
11.1440313493,0.182964776587
10.7856914739,0.595283194147
9.120018996,1.35865280685
10.7167371885,0.645065285382
9.20441838703,1.33054858411
9.31563346362,1.29258219318
10.832880955,0.558663470798
9.92088798782,1.06243859881
9.19745786584,1.33288879428
8.05558023867,1.67305720607
11.0971475582,0.274699068105
11.0495006257,0.343695248546
8.7080857415,1.48822551635
9.11941823542,1.35885077116
6.88348240504,1.96181290228
7.34015174598,1.85466220169
8.45352855827,1.56293502672
10.303936527,0.886433136452
10.0229540244,1.01851742469
10.2500088378,0.913266028848
10.9042032546,0.498234106156
7.83548883471,1.73095572737
8.55980702423,1.53218658207
9.71021351654,1.14779371949
7.31401862084,1.86096038572
9.17230233824,1.34131234034
10.5134849797,0.773380492097
9.05947978223,1.37845894664
9.16070209709,1.34517901082
11.179120561,0.0453259718143
7.53579646596,1.80681378913
6.87503001301,1.96374102325
9.31069733834,1.29429089643
9.02039677758,1.39109564466
8.0277407441,1.6804910319
8.9832809404,1.40299093357
7.28229798033,1.86857666071
8.73263544476,1.48082120268
10.816310106,0.571789932905
6.72459964622,1.99774525376
10.8300690125,0.560912569109
10.3342923604,0.870965373782
7.57881667287,1.79612147699
7.60615837696,1.78929271717
10.6992874879,0.657065498705
7.39801178532,1.84064103232
8.87877759839,1.43595408988
9.90237945442,1.0702101599
8.21310242473,1.63035656967
8.25580532467,1.61858672231
10.4836015112,0.790491882051
9.49390570468,1.22928011825
6.93205459877,1.95069589258
10.3887876998,0.842485150769
11.0816025929,0.298964502825
8.75553295784,1.4738816721
8.27729710816,1.61263062371
11.1588227976,0.14223456837
7.35105912817,1.85202714518
7.05503501264,1.92226117887
8.97828425262,1.40458463276
10.8454223491,0.548520112451
8.31051299026,1.60338186058
7.57955592876,1.79593718478
9.89958816127,1.07137730601
7.53408834158,1.8072370234
7.25020113535,1.87625179546
8.54243353259,1.53725512713
8.68633582582,1.4947547587
6.77416710228,1.98660500951
6.89459523297,1.95927500755
10.8670189475,0.530598723238
10.1044053104,0.982058957912
6.79284969463,1.98238986767
7.06971564592,1.91883866839
8.78812137179,1.46394840429
6.84976432761,1.96949326144
10.6104945807,0.715015585561
9.65348149588,1.16971482744
8.47242096959,1.55751344548
8.92086986119,1.4227689182
7.46559943374,1.82412610965
9.667061965,1.16450493661
9.15053196559,1.34855986678
8.51324547007,1.54573304105
9.75529647826,1.13007059939
10.4894506845,0.787171900874
8.02385906645,1.68152492417
9.35759552204,1.27796422791
7.83362048815,1.73143893798
10.7003459281,0.656343856644
9.60051216751,1.18981751509
7.83849823925,1.73017712111
6.94001980676,1.94886679528
9.8942662304,1.07359909241
9.84765699421,1.09286441128
10.9435831881,0.461490309661
10.6606789937,0.682867615495
7.60253858373,1.79019827894
7.6969231615,1.76643438433
9.15435357853,1.34729044332
7.20843241151,1.88619294643
8.73626052049,1.47972472228
10.3370681651,0.869537236979
9.46803301285,1.23866786158
7.82998838206,1.73237792415
10.2973724515,0.889742490679
7.02963559666,1.92816822223
10.0363892093,1.01259410098
7.44023014127,1.83034252051
7.26299572345,1.87319606824
8.09696321689,1.66194548973
8.74158786008,1.47811188038
8.92663345126,1.42095398184
8.33543296254,1.59640786434
7.57388295402,1.79735094059
10.0683710443,0.998352512533
11.0223275772,0.377437847423
7.09469920265,1.91300015035
8.35708312498,1.59032411639
7.25278460178,1.87563518816
10.3389687785,0.86855802706
6.99304237645,1.93664688769
10.1813229349,0.946341190945
11.1384781589,0.196083851938
8.65749312526,1.50336949299
7.42113348792,1.83500801137
10.2233819679,0.926228186009
10.753335345,0.619141605537
8.91976555055,1.42311639791
6.7304063055,1.99644342651
6.80983743448,1.97854932125
7.71089006946,1.76289062507
10.702304162,0.655006641298
9.32941183273,1.28780063699
7.4736975564,1.82213730603
8.14013113931,1.65027477293
8.56028591394,1.53204663323
9.87313042139,1.08237779565
9.35397752195,1.27923118017
9.09048829979,1.36834994767
10.1606891024,0.956053775304
9.78433795713,1.11850503527
7.49260686523,1.81748492862
6.86329538293,1.96641473899
10.5020479185,0.779973741929
7.44024332472,1.83033929556
10.8778965832,0.521338955521
6.75342537046,1.99127427972
8.93477081002,1.41838759916
9.88767077631,1.07634618242
8.23521456311,1.62427263111
11.0990150077,0.27163820692
9.79513163597,1.11417592732
7.99993707884,1.68788261363
10.9386145274,0.466286005694
10.556408877,0.748117584572
6.97485938168,1.94084612079
6.85230669819,1.96891520041
9.52632903147,1.21741331862
7.15335336178,1.89922246849
7.36313571399,1.84910524655
7.98113715324,1.69286226942
9.44954456015,1.24533292721
6.78366298112,1.9844636807
10.6778920592,0.671486585839
9.98758271246,1.0339497208
9.38426759265,1.26858514827
7.25677860072,1.87468152371
10.5279075677,0.764985134085
8.23924829206,1.62316033066
7.45708505343,1.82621480554
7.32322848882,1.8587432072
10.0938513811,0.986858968141
10.1823074899,0.945875256527
10.1866662473,0.943809739051
9.36853068064,1.27412729298
7.6277136716,1.78389072134
6.8025601877,1.98019545527
8.52943351374,1.54103685057
7.34969370032,1.85235721689
8.82747474393,1.45186252686
7.39329186749,1.84178880412
6.96514968886,1.94308478826
10.5210753787,0.768973562471
9.540290694,1.21226763025
8.8073949009,1.45804179721
7.70727461997,1.76380863941
7.03649420951,1.92657492634
9.13178360232,1.35477027098
7.28767800656,1.86728707872
9.87612352284,1.08113895123
9.87753804708,1.08055298554
9.12486776277,1.35705397051
11.0977319802,0.273744844979
9.87864065657,1.08009600985
7.29079194234,1.86654026719
7.6909665679,1.76794356271
6.81759321439,1.9767934327
9.28449766066,1.303322752
7.0250505712,1.92923261661
7.42020493838,1.83523456233
9.63217441794,1.17784244558
9.58797533985,1.19452592686
7.46355773321,1.82462718512
11.0471311486,0.346768282563
9.28028386495,1.30476954405
6.80051674169,1.98065744258
8.49247303534,1.55173835466
8.93447174003,1.41848200287
9.38145809671,1.26957635615
7.15645217992,1.89849178483
8.12771467988,1.65364007862
7.61808748894,1.78630516817
10.7078183025,0.651226459072
7.08503670764,1.91526033227
10.2973818278,0.889737772276
9.31549512681,1.29263011101
11.0993819205,0.271032751842
7.89358241418,1.71586308522
7.88202776548,1.7188755269
9.59438341915,1.1921215907
9.59271837763,1.19274678678
9.12090056015,1.35836225913
7.97068616235,1.69562416536
8.84880382722,1.44526988568
10.9390756874,0.465842977629
9.42637198582,1.25363657502
8.46647949939,1.5592205094
9.77839989667,1.12087953173
8.91147422474,1.42572262146
8.58446743634,1.52496322302
8.91976142658,1.42311769539
10.4062745598,0.83313990817
9.01535097457,1.39271874589
8.79177678847,1.46282999017
10.3431317837,0.866409349578
7.28236592273,1.86856038059
8.83923614983,1.44823088641
10.7238795185,0.640088597843
7.45882717871,1.82578763242
9.87675844699,1.08087597363
10.7106212226,0.649296499162
8.78042488571,1.46630043819
10.348216827,0.863777523196
8.14972362761,1.64767015832
8.50898007901,1.54696806818
7.74187885519,1.75500243223
11.132463892,0.209366972168
8.34793117402,1.59289867179
7.23442546616,1.88001265595
10.6472441445,0.691620423946
6.93994889866,1.9488830859
6.84042862837,1.97161447374
8.79155827287,1.4628968714
10.2344842257,0.92084570347
7.65008699807,1.77826636167
6.95297297461,1.94588861217
10.1237122071,0.973216763541
10.4649293896,0.80099807468
6.80442434733,1.97977390744
8.75828541987,1.47304528455
7.42495650711,1.83407496219
8.5341365692,1.53966979758
7.31597445991,1.86048975909
9.90005392725,1.07118263989
7.78718684189,1.74340505019
10.7421863042,0.627152345065
9.26642501008,1.30951665966
10.2552589106,0.910688479963
10.2793685893,0.898756800907
9.24598487613,1.31648684024
9.60370086404,1.18861697245
6.83758251344,1.9722607004
8.40652807432,1.57634192429
7.03396965394,1.92716154856
7.38277248367,1.84434429821
9.42464778043,1.25425222847
8.85443322679,1.44352486338
10.2440641366,0.916175854751
9.15001911259,1.34873013
8.16637705932,1.64313850476
10.9659545095,0.439249642782
9.16666037386,1.34319434824
9.369787431,1.27368558313
8.40151215919,1.57776598736
7.10787979187,1.90991272819
10.5269800174,0.765527829338
10.9679197091,0.437241870071
7.38768054999,1.84315241316
9.57744712769,1.19846568032
10.0003805791,1.02839282345
8.71635775344,1.48573475807
7.08858960365,1.91442957437
6.78287658856,1.98464110064
8.2312276831,1.62537126498
8.24686383806,1.62105826378
8.08213714972,1.66593494722
9.49441142112,1.22909590776
8.81234550809,1.45652075705
9.661387659,1.16668460667
7.11598405717,1.90801190426
10.826075374,0.564091420913
7.5111531947,1.81291025978
10.8710814482,0.527159481944
7.30770351468,1.86247915549
9.60158195907,1.18941487418
7.13512352054,1.9035152828
10.8541792677,0.54132492425
9.41418725164,1.25798085857
7.62498448214,1.78457559061
8.51259914305,1.54592024592
8.4677352791,1.55885986288
7.17483533718,1.89415134524
10.3703076051,0.852249830248
10.1084468499,0.980214609907
10.8164462993,0.571683276824
7.1648141704,1.89651867034
10.2648134891,0.90597879631
9.70787735559,1.1487046646
8.97482433654,1.40568711814
10.1564510102,0.958036505302
10.8870062404,0.513455739346
8.84701956503,1.44582253838
6.85812377864,1.96759192689
6.87045222079,1.96478449835
9.20510056699,1.33031900557
10.4468405262,0.811046311802
9.07070930723,1.37480662619
6.89026755391,1.96026373292
7.71365789803,1.76218751061
11.0466167521,0.347431825212
7.00529696261,1.93381163465
8.15366822597,1.64659789994
7.59986723159,1.79086627605
9.74886713563,1.13261507291
8.0416324142,1.67678573589
10.617234006,0.710782857949
10.974627024,0.43031870839
7.96001600531,1.69843934711
8.85606193541,1.44301959661
8.92210299953,1.42238080156
6.939400967,1.94900896458
7.00905916349,1.93294036767
8.41015091427,1.57531256701
8.46745692459,1.55893981052
7.6069930759,1.78908383594
6.79353567799,1.98223492642
8.18258538827,1.63871593675
8.642759657,1.50775109006
8.00345088981,1.68695025774
9.26885966461,1.30868395687
10.0300574548,1.01538995905
9.76131435062,1.12768376726
10.5111026346,0.774758495624
9.42096889321,1.25556482122
7.53070692788,1.80807456844
8.56381345695,1.53101536385
10.4078166759,0.832310743341
10.7251932369,0.639168995906
7.94085510421,1.70348302245
6.76187184796,1.98937417561
7.42527257052,1.83399780225
10.8159212731,0.572094327133
8.30617624463,1.60459242711
6.90728549819,1.95637283878
10.1178861055,0.975893448442
6.81575842852,1.9772089643
9.37452420696,1.2720193707
10.2542767421,0.911171234808
7.76269401541,1.74968396868
10.0045240037,1.02658728222
11.1228430517,0.22901919838
7.93441077615,1.70517599406
9.51015306755,1.22334804148
7.8080503498,1.73803864392
8.10938914016,1.65859448109
8.92437060321,1.42166682182
10.3072964705,0.884734392493
11.083834065,0.295603681738
9.82212014495,1.10327709283
9.37974494452,1.27018038741
9.59685862826,1.19119158337
11.0188072348,0.381591041144
7.47683091789,1.82136720663
10.4729692473,0.796491298636
10.7370248021,0.630826507564
10.4776389386,0.793861937946
10.5122380607,0.774102044876
11.1132805521,0.247007721486
9.53463944824,1.21435307116
9.23655853231,1.31968886375
9.05985530643,1.37833696656
6.80314034892,1.98006427135
10.3889395209,0.842404461414
7.16375283217,1.89676921987
8.35484253884,1.59095480573
10.3897989755,0.841947535612
7.06426865265,1.92010924311
8.29609086477,1.6074041517
8.17037836961,1.64204782358
7.02088068171,1.93020012928
11.0572038137,0.333509186947
9.24772743149,1.31589406037
9.98356408399,1.03568847831
7.25917239706,1.87410971398
7.91074399062,1.71137906067
7.46464045076,1.82436148101
7.78647177316,1.74358868381
10.9197664756,0.484046155832
7.35770381188,1.85042005209
11.0698061158,0.316138064778
7.10273217339,1.9111191003
9.49034574184,1.23057607748
9.22135830165,1.32483591072
10.4933779013,0.784934939855
7.53719590697,1.80646696566
7.33541299546,1.85580584539
8.20223536144,1.63333823057
11.1661532196,0.11690351003
8.98300943478,1.4030775771
6.89197972242,1.95987262112
7.36808778574,1.84790576995
7.34579350482,1.85329970691
8.4564570111,1.56209587689
7.20483641073,1.8870463629
10.3931549834,0.840160946997
8.80874806326,1.45762620497
8.766060034,1.47068025201
10.1404781478,0.965472586114
7.57951363873,1.79594772795
8.31932275992,1.60091986798
9.95044063016,1.04991046961
8.17216356159,1.64156098038
6.97510878857,1.94078858351
9.48689999296,1.23182916005
9.96861071341,1.0421329374
6.82413860835,1.97531035794
10.9050888507,0.497437625704
7.33894233521,1.85495414628
8.45138429572,1.56354918076
8.87065864419,1.43848340428
10.225909524,0.925005555762
7.12628350427,1.90559347297
10.4901457564,0.786776447864
10.1407703804,0.965337053191
10.2623304297,0.907205107941
7.99542025898,1.68908035228
9.51192040089,1.2227010346
10.8878913606,0.512683322717
10.1306140259,0.970036304672
11.0694899491,0.316585528381
10.5821885108,0.732526306517
7.21439586661,1.884776825
10.7621354201,0.612744679132
7.79791583785,1.74064745836
9.21834569431,1.32585365637
9.12215024992,1.3579502773
10.5426758164,0.756292002525
7.90825183246,1.71203094761
8.56867283272,1.5295935975
10.624944973,0.705908817899
6.96029243477,1.94420370982
8.36866688146,1.58705947589
10.6239746466,0.706524002752
9.61637059302,1.18383479678
7.79059832133,1.7425286969
9.03899393147,1.3850970091
10.855337364,0.540366192771
10.2161804246,0.92970290209
6.82292495112,1.97558543608
10.6540152492,0.687222981383
8.3855838772,1.58227967157
9.9079163981,1.06789117771
7.57991200746,1.79584840968
8.82410634011,1.45290093712
9.80778779686,1.10907829563
10.6864147857,0.665779474788
9.04311302976,1.38376484889
8.56122760065,1.53177140114
10.7012289487,0.655741207713
11.0546576228,0.336910135289
8.2053491473,1.63248443925
11.093281386,0.280929983175
7.55870255598,1.80112857319
8.97408812978,1.40592159529
9.11622327018,1.35990310088
6.80457117557,1.97974070092
10.4340602969,0.818071238837
10.3545661003,0.860480078906
9.1186507551,1.35910363147
10.6529753619,0.687900155387
9.04414080601,1.38343225514
10.9246234481,0.479532441252
9.30287224085,1.29699504165
8.25576023803,1.6185991943
10.5533393645,0.749952402185
10.8106635074,0.576194533132
10.7399087308,0.628776259038
8.41722852115,1.57329966399
7.58323397934,1.79501998686
7.0627969432,1.92045239227
7.28811397496,1.86718253892
9.4988531861,1.22747677839
7.4056442443,1.83878348377
7.9326129566,1.70564799448
9.47733685662,1.23530023517
8.88093046673,1.43528265475
10.5924535714,0.726224923527
7.19191781502,1.89010907408
8.69546135897,1.49201878736
10.6733564187,0.674504119691
8.89881523128,1.42969257571
7.66033938569,1.77568309426
11.1559060238,0.151137630042
10.0677341788,0.998638092245
9.14801832622,1.34939417018
9.86861281257,1.08424495299
8.56876841581,1.52956561835
8.94657358166,1.41465693465
6.73982805863,1.99432930318
11.1745427052,0.0784462823574
7.17511242254,1.89408584664
10.9673562318,0.437818495826
7.06171606407,1.92070437495
10.7942829823,0.588785667758
7.9646039742,1.69722944361
9.72782816989,1.14090177645
9.82059630664,1.10389533442
10.2869648376,0.894964526349
8.00841488352,1.68563223096
10.5571569143,0.747669758949
7.97244651306,1.6951592705
6.7787487532,1.98557213161
9.95058644319,1.04984828506
9.89658371584,1.07263216006
11.0838280865,0.295612737007
9.50739048853,1.22435871506
7.72698996424,1.75879681376
9.47728972261,1.23531731897
9.89578037055,1.07296744123
8.16298949646,1.64406132444
7.30872928096,1.86223254511
6.85289981656,1.96878031815
10.4922414206,0.785582939497
8.06793717455,1.66974699683
8.86406881492,1.44053308211
9.85344784936,1.09048935347
7.30607939611,1.86286955242
8.68982890756,1.49370807254
10.5910018371,0.727119410923
8.80892359286,1.45757228646
9.78017207359,1.12017140508
9.35492380815,1.27889993062
7.4377434815,1.83095070795
10.7650546749,0.610607819576
10.8754736277,0.52341571738
7.21368025996,1.88494681386
6.80246908205,1.98021605496
7.97791848468,1.69371335077
7.82067963256,1.73478213773
9.15514490124,1.34702744051
11.0473010489,0.346548841461
9.0656080733,1.37646696627
8.09913141897,1.66136125829
8.37251311592,1.58597400872
10.3591484416,0.858092404144
7.27183703511,1.871081585
10.2832900554,0.896801090093
9.78738077118,1.11728632707
9.72506884354,1.14198414323
7.44329258224,1.82959323064
8.66159036339,1.50214874103
9.04907776501,1.38183351369
9.97841207491,1.03791335959
7.00198669247,1.93457791701
7.53998665588,1.80577513547
9.25495272871,1.31343331517
7.81688657759,1.73576083258
9.34552776435,1.28218524249
8.58522725867,1.52474011763
6.80958727262,1.9786059313
9.67837648022,1.16014647017
10.3697362795,0.85254993019
7.90961706581,1.71167386708
8.95016012924,1.41352133459
10.8517553349,0.543326104176
6.77324927404,1.98681185824
10.4271701734,0.821833629974
10.9331218288,0.471530738624
8.78629571902,1.46450666261
10.8430070318,0.550488129389
9.55778312383,1.20578965704
10.1979748868,0.938429629747
10.4734977778,0.796194134992
8.50132529472,1.54918201175
9.68969117043,1.15577150008
6.90820799169,1.95616170354
9.92078944023,1.06248012855
7.92813457498,1.70682318343
8.1698851595,1.64218230243
8.43703852162,1.56765187004
9.52348008475,1.21846065238
7.74602093816,1.75394537749
8.41479870897,1.57399100361
7.29101280661,1.86648728623
10.4496994786,0.809466482943
6.74649110787,1.99283284454
10.0859423677,0.990440801594
7.24290139603,1.8779929622
10.1476183532,0.962155604767
9.33035233916,1.28747360226
8.2832844037,1.61096742016
10.2565000957,0.910078047109
10.137976647,0.966631965585
8.77977580952,1.46649862236
10.5977490291,0.722952741458
9.63710687617,1.17596594846
8.40049235678,1.57805536117
9.11626904024,1.35988803129
7.5599759704,1.8008119893
6.74577820291,1.99299301002
9.16600018822,1.34341439615
9.20414133103,1.33064181229
6.9411801852,1.94860018752
11.0048564198,0.397623427372
9.27749173172,1.3057273302
7.95178380301,1.70060812161
9.33730866603,1.28505215038
6.80275071865,1.98015237407
8.52985566945,1.54091419069
6.96373624574,1.94341045679
9.71080289662,1.1475637868
8.29872176512,1.60667115175
9.43293104361,1.25129179698
7.6938970859,1.76720123995
9.05627082002,1.37950086157
11.0365394699,0.360184496766
7.80721445105,1.73825396817
10.9048555445,0.497647578493
9.95843903541,1.0464939499
9.09893057389,1.36558474539
7.98073423796,1.69296883183
9.81285921741,1.10702904807
8.68030975678,1.49655872229
6.78432397675,1.9843145396
9.56577050215,1.20282008812
10.1098275962,0.979583713432
10.5039634401,0.778873370972
8.46756967958,1.55890742607
8.62439041458,1.51319616293
8.33174709025,1.59744129532
9.63675536102,1.17609977745
6.73058791472,1.99640269683
10.7971986507,0.586564268937
7.23868470302,1.87899801164
7.98755150678,1.69116490676
8.98463610319,1.40255839071
10.8510439032,0.543912058965
6.97632612041,1.94050772487
8.18832462083,1.63714707858
10.1032098466,0.982603841829
9.21022746304,1.32859234788
10.4960463864,0.78341131367
8.50584192408,1.54787607935
7.10054243614,1.91163204621
9.59810242713,1.19072397811
10.2969390901,0.889960541781
7.11836667595,1.90745270997
9.35910563684,1.27743504381
9.91332062977,1.06562291144
8.80652196564,1.45830983605
11.0349565382,0.362146868511
9.80609427143,1.10976176855
10.3355103327,0.87033902203
7.81821585768,1.73541791076
7.60005491692,1.79081935168
7.89668333958,1.71505373457
10.699164645,0.657149201343
9.80741835846,1.10922742947
7.52989571029,1.80827544186
9.25682969096,1.31279331671
10.7886867992,0.59302599365
9.88670420913,1.07674818105
8.01253044577,1.68453869558
9.57811482754,1.19821620564
9.06838493511,1.37556340702
9.97307290119,1.04021404626
8.02686012961,1.68072564103
7.29280254267,1.86605790851
8.86361448551,1.44067428771
7.27804469883,1.86959553456
9.25295920417,1.31411271721
10.9412705069,0.463728653614
7.77529717448,1.74645587436
9.08213583561,1.3710802452
7.86564596835,1.72313744043
10.2497463287,0.913394718022
6.75086532778,1.99184982429
7.11273580748,1.9087739959
8.91273228404,1.42532748068
8.86339222393,1.44074336158
10.4983817,0.7820754831
7.4177210779,1.8358404464
7.94954689857,1.70119695659
11.1115975737,0.250039770799
8.56957723685,1.52932883915
11.0934378765,0.280680461554
10.868693765,0.52918356032
8.09988122396,1.66115917228
6.85963230542,1.96724862082
7.30334640498,1.86352630959
9.57545818604,1.19920850696
6.73633415571,1.99511355255
8.77272854635,1.46864866061
10.9675070247,0.437664258731
9.90237613298,1.07021154948
7.12919302834,1.90490972631
9.05310237243,1.38052885032
8.86642459167,1.43980068452
7.09034869578,1.91401812021
8.57664709492,1.52725760306
7.56814129967,1.79878068056
10.0983609338,0.984810850629
10.1158364826,0.976833362339
7.53576917838,1.80682055115
9.30500598201,1.29625823695
10.3273268714,0.874538812302
9.55321427236,1.20748499342
10.904096063,0.498330424952
10.8179193305,0.570528439211
7.91839208294,1.70937695675
8.846677475,1.44592847231
10.6158686804,0.711642390624
7.45858469657,1.82584709558
10.4686624497,0.79890865388
7.29378743314,1.8658215801
8.36215247802,1.58889625024
10.0788402943,0.993646185414
7.58254686953,1.79519136748
8.35268451808,1.59156201795
8.2279604472,1.62627103873
6.747076632,1.99270128757
7.82062154337,1.73479713023
8.86042796296,1.44166427039
6.72615024224,1.99739770005
7.42415888628,1.83426966936
9.18769166557,1.3361653973
8.95078613416,1.4133230306
7.90366426856,1.7132302923
8.62286601208,1.51364715126
7.66463442427,1.77459976692
6.89717239531,1.95868597776
9.45136117012,1.24467962256
9.28468437257,1.30325860795
11.1429678963,0.185548941717
6.87371278328,1.96404133318
9.29689338033,1.29905738304
6.92267770935,1.952846967
8.65672320368,1.50359877672
7.6246908747,1.78464925349
10.1958107268,0.939461617417
6.90705408346,1.95642580013
9.61990522539,1.18249720322
10.2768964481,0.899987521408
9.81430327038,1.10644484435
7.37007992251,1.84742302065
7.54511663697,1.80450271476
9.25488426327,1.31345665432
10.7866433672,0.594566800621
9.68262193686,1.15850684647
7.53378049242,1.80731329087
10.1428113259,0.964389963473
9.45888123131,1.24197153874
6.74939051301,1.99218131423
8.29867541022,1.60668406967
10.4360406704,0.816986638912
9.87593659294,1.08121636305
10.0854406431,0.990667585738
9.58142794485,1.19697754665
8.20981907879,1.63125801542
7.58822349525,1.79377499831
9.64769034068,1.1719294508
8.7078934606,1.48828336384
9.72861966805,1.14059111571
7.91165843568,1.71113980218
10.5504113381,0.751698472006
8.11675763753,1.65660415163
11.0089923375,0.392938622341
8.076014959,1.66757954651
10.7766307651,0.602059597711
9.359120342,1.27742988965
6.95852506003,1.94461068415
7.77828435271,1.74568988213
8.70868337626,1.48804570424
7.52989332759,1.80827603184
10.4105064265,0.830862538085
10.0934584729,0.987037215173
7.41988370696,1.83531293105
8.0084312029,1.68562789618
8.94473500521,1.41523872547
10.2308882728,0.922592494704
7.82167491182,1.73452524148
10.5745348435,0.737189589611
8.29910494175,1.60656436631
7.62176545466,1.78538304331
8.84662604528,1.44594439772
9.05454450299,1.38006105241
7.15518350109,1.89879096606
8.74308818846,1.47765734113
10.5921970138,0.726383081867
9.63881455707,1.17531558268
11.0330730189,0.364468115412
6.89346455885,1.95953337573
10.6589351522,0.684010054283
8.79576661529,1.46160828284
10.4777888086,0.793777406425
8.99056734885,1.40066367523
8.12832249889,1.65347549732
7.79636690096,1.74104583953
7.92270297787,1.70824742433
7.8544035527,1.72605619551
7.51144704561,1.81283768512
10.1452103074,0.963275538545
9.26728269288,1.30922337462
9.8383296259,1.09667911784
10.2676902724,0.904555956942
9.28764848011,1.30223987882
10.024115994,1.01800649536
9.23800598831,1.31919768424
10.0622777979,1.00108147315
8.87031587361,1.43859009046
7.17260436766,1.89467862866
8.3899551332,1.58104224783
10.086946883,0.989986595198
9.42612638393,1.25372428933
7.51520810175,1.8119085309
8.35559237322,1.59074376712
10.2915258052,0.892679814374
9.6888329188,1.15610393436
9.87472856067,1.08171650248
7.10400787162,1.91082020454
7.08076542267,1.91625859111
8.22215432715,1.62786877611
6.7192637911,1.99894078131
8.66571573976,1.50091860228
9.44497153337,1.2469760025
9.48328554165,1.23314222464
8.57257975078,1.52844954412
8.05514198419,1.67317448661
6.96339135275,1.94348991459
6.96335788579,1.94349762466
9.85160769742,1.09124463259
9.57642564951,1.19884723779
6.77064291438,1.98739912987
11.0149275005,0.386116491265
9.37555718737,1.27165571865
9.64445649158,1.17316430343
11.0454829154,0.348889954809
9.22259524859,1.32441780789
6.7606051097,1.98965925439
7.37668300487,1.84582201013
11.1595816262,0.139825452078
7.66355712147,1.77487155456
10.17502539,0.949316054488
7.43036875401,1.83275323254
8.11727367867,1.65646467242
8.11388372088,1.65738071918
10.2581518378,0.909265060798
10.528836802,0.764441067195
8.14233060806,1.64967792227
8.41716411566,1.57331799281
10.5174905586,0.771058021356
10.14334821,0.964140670754
10.2055925231,0.934788068845
8.40815700703,1.57587917894
6.85951928721,1.96727434325
7.01815970456,1.93083119874
7.91176784695,1.7111111732
6.74375661028,1.99344712308
7.13983841695,1.90240593442
7.79633863615,1.7410531083
8.17106473366,1.64186066098
7.83480666965,1.73113217141
7.70222027883,1.76509120863
10.5895920911,0.727986975284
7.36312702922,1.84910734946
11.1186581679,0.237059634712
11.1588253819,0.142226433124
7.21231866051,1.88527021281
7.02944758301,1.92821188036
8.53587109018,1.53916531204
10.8502888125,0.544533282803
8.06392479638,1.6708225625
9.90776760895,1.06795355941
6.7796566689,1.98536738919
9.60090252509,1.18967061073
10.2225770806,0.926617187718
9.37301462081,1.27255062088
10.6559586611,0.685955640571
7.43356936824,1.83197115898
8.90812008118,1.42677558143
9.02233401664,1.3904719828
8.94342706514,1.41565245857
8.81793727436,1.45480081258
8.51465056721,1.5453259846
9.75030698904,1.13204573421
7.149570415,1.90011408491
10.5224578029,0.768168215575
10.7499208411,0.621605940712
8.3984866131,1.57862434576
9.27801977378,1.30554624967
7.69006390087,1.76817215243
8.67303400113,1.49873389849
6.94587670384,1.94752074576
7.79412964799,1.74162109234
7.89985592432,1.71422528514
7.15171856676,1.8996078306
10.8253606149,0.564658465976
7.18815501632,1.89100021697
9.66317022746,1.16600030795
8.5217079034,1.54327985136
7.28608994168,1.86766782746
10.6256230249,0.705478616043
9.85931679079,1.0880769798
7.158092389,1.89810491903
9.27152244022,1.30777262485
11.0587727453,0.331396185717
9.55159401686,1.20808564048
6.80290518473,1.98011744686
7.30270495254,1.86368042163
10.9988014782,0.404384056713
7.09469499091,1.91300113612
10.0452288406,1.00867789986
9.04825564125,1.38209987137
8.84087186848,1.44772509407
7.78018862579,1.7452014002
7.50930620498,1.8133663588
9.46384670786,1.24018015673
8.50978066227,1.54673633764
7.41252966921,1.83710613305
10.332239938,0.872019830223
10.1039707211,0.982257075632
9.55195347194,1.20795241219
9.83550583739,1.09783137681
8.07523640821,1.66778857177
10.4410678424,0.814226896691
9.91605604216,1.06447296066
9.00931238462,1.39465871739
8.15103443656,1.64731391915
8.10425814678,1.6599790214
9.88379616744,1.07795674161
10.6798045821,0.670210123815
9.24016951763,1.31846317134
8.85130108023,1.44449603803
10.0610299986,1.00163940337
7.02977174199,1.92813660768
10.8985954048,0.503248386405
7.57722191362,1.79651897684
9.03625106494,1.38598337114
6.77339181569,1.98677973539
8.96344656478,1.40930650825
9.35276672884,1.27965489589
8.29996751795,1.6063239536
7.87293559522,1.72124226302
8.88676174859,1.43346241888
11.1413772402,0.189348381295
8.61544345124,1.51584116871
7.70642338908,1.76402470963
11.0473101678,0.346537059686
8.17297377272,1.64133997848
6.75123010934,1.99176782486
7.23049721337,1.88094796737
8.55093040628,1.53477833926
8.15234269639,1.64695829592
7.84366974747,1.7288383069
8.790180985,1.46331834856
8.52184886345,1.54323895518
7.00041090216,1.93494258434
10.030738266,1.01508970861
9.86645151398,1.08513709568
8.91495501764,1.42462907982
10.3457460469,0.865057305723
6.9040758814,1.95710726073
8.08917253921,1.66404302892
8.63987570302,1.50860726199
10.138385906,0.966442380021
6.75809648942,1.99022369756
7.64971806507,1.7783592508
8.67761021875,1.49736615092
7.01465020979,1.93164484268
7.87486157357,1.72074119324
7.92703791113,1.7071108398
8.9053842692,1.42763385467
7.31687608345,1.86027276451
8.44997393342,1.56395300154
8.08245176293,1.66585038906
10.3050427157,0.885874221483
9.54330488033,1.21115385712
10.1676790742,0.952774603808
7.58088188926,1.79560658313
9.6608299338,1.16689862579
6.82048117847,1.97613920645
9.74115652683,1.13565910141
9.47662431288,1.23555847261
8.21613488804,1.62952356101
7.05699865216,1.92180374676
7.01914294468,1.93060318211
10.5431630833,0.756003475904
10.8331749609,0.558427790685
10.6623812978,0.68175054238
7.58228529555,1.79525660561
9.11571940614,1.36006898489
10.4525305364,0.807899024078
8.73051598955,1.48146190054
7.6761018677,1.77170411569
8.6200757742,1.51447228401
9.26847136616,1.30881679857
9.16162697727,1.34487113138
8.50011834022,1.54953080266
9.43964163227,1.24888829259
6.72923752359,1.99670553045
7.17154685996,1.89492851639
11.0549418391,0.336532211596
9.86519127938,1.08565695804
9.85637999291,1.08928479101
10.4224851785,0.82438209087
8.05344255871,1.67362918925
9.34063551737,1.28389248085
9.9228784328,1.06159944131
9.5887529256,1.19423443173
8.33432442905,1.59671874111
6.87796990109,1.96307060424
10.9722781999,0.432755721256
8.89307322284,1.43148968255
10.7584251801,0.615449823527
10.3772725051,0.84858284732
9.33962439032,1.28424504898
8.21213888173,1.63062116298
8.14178947847,1.64982478391
7.21078837229,1.88563361151
9.95124226486,1.04956855272
10.1031483156,0.982631879079
7.94847464729,1.70147914005
10.1067691037,0.980980666804
9.51130851324,1.22292508061
10.5679754972,0.741162769187
6.79780115703,1.98127122196
9.38566072661,1.26809335447
9.19854662849,1.33252301046
7.35427548213,1.85124940724
7.51985055719,1.81076097296
10.1991550665,0.937866378196
9.48138959793,1.23383042786
8.1992131684,1.63416648081
6.76558491178,1.98853831707
10.1233787822,0.973370147446
10.1102247722,0.979402158841
10.264189584,0.906287081199
10.5714798161,0.739042762704
9.06157320829,1.37777880942
9.57344213671,1.19996098844
7.00438108757,1.9340236776
10.277790515,0.899542617242
8.9660755619,1.40847102258
7.40511261847,1.83891292892
11.0782599841,0.303929286585
7.0956543811,1.91277657677
10.2154935155,0.930033654815
10.3254684923,0.875489733997
10.3730339018,0.850816331891
8.25017085117,1.62014460234
11.0709839925,0.314465438021
10.8449991956,0.548865410665
9.35711616153,1.27813216268
9.85034687932,1.09176182603
10.6269600341,0.704629557643
10.5676349172,0.741368486542
8.51607989719,1.54491179786
10.16359036,0.954694089694
9.85512612059,1.0898000609
10.2708218751,0.903004536854
7.4679931323,1.82353847127
11.1707560992,0.097696708717
6.99497981137,1.936198914
9.53952015893,1.21255218676
8.97047653216,1.40707130001
7.94309587155,1.70289396229
9.82693364317,1.10132191258
8.80828649975,1.45776797674
6.9384369064,1.9492304226
10.4998213128,0.781250867278
7.96308070609,1.69763124366
8.24493550138,1.62159078695
8.51804470598,1.54434226044
8.84446818052,1.44661243072
7.98588338619,1.69160648777
6.74505170879,1.99315621527
9.31492296516,1.2928282805
10.4537633747,0.807215492811
9.28951484286,1.30159802268
9.75988592809,1.12825077083
9.51203262932,1.22265993709
9.33215095586,1.28684795229
9.55389988628,1.20723073859
10.4472338367,0.810829154938
8.5515887487,1.53458626952
8.53674513891,1.53891103225
7.46942411516,1.82318708325
7.1432974536,1.90159166051
8.11775831901,1.65633366975
8.87663641811,1.43662156849
7.33177210211,1.85668405517
10.405521647,0.833544434611
9.81716993521,1.10528419618
8.78257555909,1.46564357583
10.1399206715,0.96573108219
8.68374979572,1.49552917902
7.22356188294,1.8825981253
9.59671659871,1.1912449676
6.95677568202,1.94501343051
7.0140086436,1.93179354682
9.230442814,1.32176215591
10.5296010704,0.763993297458
8.4699561124,1.55822185893
8.32035153363,1.60063211827
9.00196906544,1.39701421931
10.0997475497,0.98418023022
9.086693837,1.36959097635
8.46798839659,1.55878716013
10.9151972619,0.488254357557
10.6097056466,0.715509442154
8.10849974077,1.65883455821
9.07629921689,1.37298492728
10.3084994873,0.884125369219
8.68903350123,1.49394647693
8.82883951137,1.45144158538
7.59814644877,1.79129644231
9.20668370436,1.32978606915
9.67960088971,1.15967383293
10.5898879662,0.72780497806
6.74903664437,1.99226084407
10.8303959601,0.56065152759
7.14097434606,1.90213856967
7.95433172499,1.69993716698
7.15211496851,1.89951439596
9.27583346847,1.30629583226
7.77460330222,1.74663375365
8.14728957247,1.64833145842
8.59822664599,1.52091805925
8.64296127084,1.5076912179
9.83807346175,1.09678369664
8.32424144297,1.5995436363
10.2228651594,0.926477978138
8.22819472635,1.62620653648
9.90219527489,1.07028721161
6.9182470932,1.95386253404
8.77437271,1.46814732695
11.153139712,0.159121835219
11.1017174508,0.267146651413
9.18621491479,1.33666015458
8.78743831848,1.46415729708
9.80344276228,1.11083101988
8.30174673805,1.60582794501
6.9392690663,1.94903926548
7.42020301852,1.83523503071
10.2780490224,0.89941393816
6.74502945447,1.99316121445
7.82470065101,1.73374401982
9.29616708049,1.2993076891
8.02210199814,1.68199271373
7.73969296698,1.75556001179
7.55000888965,1.80328842289
9.45873913107,1.24202276584
9.09665507431,1.36633061878
8.42795876532,1.57024301312
8.962181308,1.40970842572
9.78816962948,1.11697015641
10.7120694389,0.648297073804
7.26727422989,1.8721731212
10.5020585262,0.779967652669
8.36851585398,1.58710208305
7.08052409461,1.91631497732
10.3450892222,0.865397200813
8.52353524377,1.54274960832
6.9255174219,1.95219578231
10.4550403076,0.806506903102
10.4581512333,0.804777991048
7.22102346137,1.88320174319
7.22600282376,1.88201750502
7.11042878467,1.90931507583
9.83838052105,1.09665833875
7.08271733332,1.91580246692
8.48052161688,1.55518300215
10.3295748824,0.873387134459
10.628936261,0.703372691453
10.2330962083,0.921520347351
9.54171517238,1.21174139829
10.8046139492,0.580876402222
7.32650748324,1.8579531852
9.03862730991,1.38521551633
10.3886395237,0.84256389543
8.05634578594,1.67285231954
8.32306654709,1.599872476
10.6051216886,0.718372188875
9.43668454394,1.24994799053
10.3849417935,0.844526588752
10.0408812075,1.01060591799
6.83569318621,1.97268956603
10.2561787302,0.910236138614
7.30283826822,1.86364839295
11.1332178909,0.207748257719
7.45936837691,1.82565490903
11.1667297736,0.114674052817
7.90676645221,1.71241936831
11.1208642166,0.232855747745
10.7346499997,0.632509817487
10.7403159601,0.628486211804
9.75790596916,1.12903623249
9.72522648351,1.14192233538
7.54716659402,1.80399400035
11.1002267808,0.269633450476
9.26310154293,1.31065250095
7.0367356394,1.92651881675
9.21196768209,1.32800575924
8.78087865647,1.46616187124
8.11907469525,1.65597778903
7.69069532675,1.76801225442
8.7893411644,1.46357529061
9.04454139271,1.38330260155
10.9423020523,0.462731603219
9.08335595304,1.37068174599
8.39714259245,1.57900549961
7.24501032641,1.87749009648
8.88462215308,1.4341305624
9.20000437438,1.3320331047
8.93616780961,1.41794654241
9.21215818027,1.32794153086
7.21952643308,1.88355763478
7.12292440499,1.90638256611
9.70125211722,1.15128413993
9.1964012798,1.333243672
10.2954423179,0.890713250464
7.35638246955,1.85073974507
11.0869244213,0.29088517718
10.6723087173,0.675199231705
8.02610071879,1.68092793336
8.2637004073,1.61640127873
10.3096573913,0.883538787681
8.79352558394,1.46229462484
8.43193882773,1.56910772619
10.2303967018,0.922831026241
10.696578844,0.658908646437
7.68979856488,1.76823934001
10.0509599003,1.00613073698
9.16864062905,1.34253408875
9.41686986264,1.25702570287
9.64369337091,1.17345551329
8.06266140607,1.67116108599
8.80179699292,1.45975980682
9.07977948258,1.37184951957
10.4426702069,0.813345286406
8.98278217425,1.40315009692
8.67231304379,1.49894926562
7.33408230702,1.85612686524
6.86215606469,1.96667413715
9.74544017466,1.13396899265
10.4589334571,0.804342681671
10.0821199707,0.992167253627
8.77316059503,1.46851693814
8.16484340439,1.64355635808
8.4416124405,1.56634496059
9.55020935022,1.20859871552
11.029446846,0.368895879883
7.22819489817,1.88149592924
9.81344520246,1.10679202009
9.66358547609,1.16584084314
10.5295026191,0.764050992843
6.78136623845,1.98498180993
9.62960857548,1.1788174098
10.5662514708,0.742203530377
11.0276135179,0.371114372767
10.9459083654,0.459228872669
9.3959168604,1.26446692296
9.73038071918,1.13989960446
10.7142643587,0.646779398659
7.53960864191,1.80586886113
9.25462105417,1.3135463757
8.19162366372,1.63624458196
10.7219489941,0.641437571355
10.3394013197,0.86833502444
10.4000212958,0.836493739119
10.9362448784,0.468555878177
6.959537389,1.94437758504
10.8492284668,0.545404449744
7.31671778471,1.86031086425
10.9031815235,0.499151443685
8.45353280557,1.56293380998
10.8783131941,0.520981036195
7.12395689641,1.90614005613
11.1429784867,0.185523384598
10.3717734761,0.851479369003
8.92069653004,1.42282346377
8.72311290417,1.48369763534
10.7032240288,0.654377550339
7.55338810543,1.80244919986
6.73011024163,1.99650982325
10.5995460712,0.721838937838
10.9123534885,0.490855231305
10.5978525683,0.722888614593
8.9726138725,1.40639101927
6.84162216205,1.97134341206
11.0709258842,0.314548162462
10.1788549234,0.947508154604
8.94899811845,1.41388935919
6.73298271424,1.99586553513
7.17361376363,1.89444007892
9.73238481408,1.13911214662
10.6877784648,0.664861761991
10.5598333585,0.746065257087
9.53577971933,1.21393257316
9.26337495,1.31055909743
8.09119593061,1.66349851121
7.4125342258,1.83710502252
8.99190448028,1.40023617918
10.1180852234,0.975802088912
7.14129581573,1.90206289822
7.07053309199,1.91864791694
7.87289438904,1.72125298178
9.82772820881,1.1009988365
8.11816581326,1.65622351234
10.8505953408,0.544281183152
6.82763721425,1.97451717661
7.85498803984,1.72590457265
9.28076437294,1.30460464435
8.09170289868,1.6633620524
8.45269253202,1.56317450786
10.5322044348,0.76246606446
7.29942709028,1.86446774498
10.6660311778,0.679349254618
10.3879179527,0.842947252151
8.3433472336,1.59418662732
10.6927678684,0.661493200605
10.5725359571,0.738402635832
9.62054019839,1.18225675316
7.04730149809,1.92406165251
7.59528268938,1.79201210424
10.534383552,0.76118535514
9.32557485238,1.28913397963
9.20138976833,1.33156734726
8.40792935146,1.57594385924
10.3399125401,0.868071383781
6.95838017713,1.94464404264
8.12694779859,1.65384770641
7.82673342311,1.73321897657
9.8938074863,1.07379039254
8.05596379413,1.67295455669
7.05898422291,1.92134109502
8.89389325333,1.43123317138
7.50655114999,1.81404648402
6.81973125656,1.97630911117
7.90607833031,1.71259927944
9.29687590793,1.29906340515
9.8057267851,1.1099100231
8.97266129581,1.40637592148
9.76012948214,1.1281541137
8.85264162407,1.44408045984
6.86013100583,1.96713511488
10.2269308125,0.924511079133
7.36939642688,1.84758866457
9.415290038,1.25758829434
10.7177095178,0.644390038393
10.2486671494,0.913923571081
10.9698659492,0.435244339482
6.85390153003,1.96855249545
10.0855986798,0.990596157309
9.01402185487,1.39314597385
7.91389754581,1.71055381255
9.42966793934,1.25245886312
7.9939241123,1.68947690277
11.1702426166,0.100022297051
7.94623683348,1.70206791291
7.73573895605,1.75656815702
7.4173677119,1.83592662615
11.0035955193,0.399040725212
10.7292470026,0.636322985385
9.80063526639,1.11196205395
9.06886336294,1.3754076721
7.86025129625,1.72453862127
7.35554961794,1.8509412215
9.11407500185,1.36061022111
9.90126961967,1.07067437651
9.44114220604,1.24835020507
7.70629589176,1.76405707034
9.236412001,1.31973857747
7.6556629018,1.77686188157
10.4073618655,0.832555371599
9.77920135218,1.12055934148
9.92195466762,1.06198897662
9.13180569182,1.35476297057
9.97393609453,1.03984243527
8.88066874676,1.43536429657
6.85189856676,1.96900800905
7.14986268244,1.90004521426
8.69215304315,1.49301124927
10.6429126933,0.69441884768
8.92362869226,1.42190046003
7.88090489929,1.71916799077
10.6055441405,0.718108839078
9.33392579628,1.28623027461
9.33935327294,1.28433956797
6.78368424456,1.98445888319
10.5542354874,0.749417204191
9.01783762267,1.39191909357
10.4843204302,0.790084576794
10.4717091918,0.797199311678
11.164982313,0.121305207425
8.03897810615,1.6774943464
9.3018191203,1.29735854174
9.9598704562,1.04588134096
10.546230256,0.754184768916
10.6642658997,0.680511704431
7.75440885167,1.7518028381
9.9115868154,1.06635115436
6.80618135149,1.97937650879
10.1082621139,0.980298989473
8.26312499192,1.6165606597
9.20443373245,1.33054342025
8.54651499265,1.53606590436
9.5704541869,1.20107536035
11.1641854198,0.12421173363
9.45147434152,1.24463891156
10.2278246893,0.92407807416
10.9310725496,0.473472623051
8.76192344092,1.47193907397
8.50496321663,1.548130234
7.56649741695,1.79918981762
9.51399322108,1.22194175485
11.1762431559,0.0680521908971
7.22668118965,1.88185611207
10.2934647238,0.891706784415
6.9000551787,1.95802688602
7.96467560314,1.69721054734
10.6152376489,0.712039302142
10.4438895636,0.81267376361
9.83195589734,1.09927823141
9.15217849322,1.348013087
8.04364343449,1.676248662
10.7578968595,0.61583405678
8.26035647954,1.61732727432
7.45124949636,1.82764497018
6.75050346654,1.99193116392
7.02875074173,1.92837368333
7.85531430925,1.72581992872
8.16821773816,1.64263686062
9.26226801052,1.31093721792
9.09085390041,1.36823031375
10.0591947697,1.00245942763
10.1971067673,0.938843731963
9.56999900227,1.20124503316
9.6729510361,1.16223844611
7.27925597051,1.86930543091
10.4022166551,0.835317829735
8.06931085976,1.66937860494
7.59381113799,1.79237973814
8.36207408076,1.58891834187
9.19066387889,1.33516905791
9.3819026152,1.26941957876
7.6823958862,1.77011279576
9.21718879616,1.32624428238
9.94395896085,1.05267098158
10.0968349936,0.985504368056
10.2247075899,0.925587157132
10.0229538446,1.01851750374
8.72303918238,1.48371988241
10.3384354018,0.868832938034
10.3560377353,0.859713991616
7.32660074732,1.85793070978
10.1010576503,0.983584036791
10.4678763031,0.79934911982
8.11178512281,1.65794755635
8.61862769113,1.51490033585
8.61238719715,1.5167436373
8.6153222194,1.51587697699
7.71649235465,1.76146717967
10.954263163,0.451009543719
8.88289682277,1.43466911437
9.51754758277,1.22063868308
10.8611388862,0.535537560575
8.52738698851,1.54163134243
7.12271351923,1.90643209484
7.70846813881,1.76350564075
10.62574561,0.705400811782
10.1403209013,0.965545506701
6.93957066557,1.94896997987
6.94869394678,1.94687294711
6.91663061029,1.954232926
10.4252490142,0.822879622951
7.86578248616,1.7231019673
7.91387494047,1.71055972952
9.95322212573,1.04872361576
10.3711555752,0.851804222441
10.8320548587,0.559325152176
10.4707912115,0.797714720305
7.1081998083,1.90983770546
9.91342218972,1.06558023843
6.80538427158,1.97955680196
10.2031787392,0.935943495837
7.12942828871,1.90485442871
9.94328360254,1.05295819713
8.19263619004,1.6359674922
8.59045440645,1.52320439313
9.33317579464,1.2864913254
8.63967730644,1.50866614298
7.34183584598,1.85425559337
8.02321593927,1.68169616095
10.2629497957,0.906899376123
9.07510825541,1.37337325298
10.6257220697,0.705415753371
8.68601193969,1.49485177259
10.559441893,0.746300152125
10.1093477903,0.979802994481
9.95179567651,1.04933244405
6.90385660483,1.95715742536
6.77141074182,1.98722613906
6.83158435491,1.97362192368
9.41763600611,1.25675278078
9.14834134831,1.34928698463
9.19895019004,1.33238740326
9.73241461074,1.13910043468
10.9279081719,0.47645562205
10.543344246,0.755896175476
7.62670105908,1.7841448594
9.25266769055,1.31421203691
11.0202559064,0.379887440143
6.79208510594,1.98256254904
10.3002812154,0.888277525108
9.99018925769,1.03282037045
8.09139751895,1.66344425173
9.3876904051,1.26737651091
7.319477039,1.85964664824
9.0313742937,1.38755790985
11.1503758425,0.166717565327
10.7355073081,0.631902656427
6.97593087559,1.94059891886
9.45238993836,1.24430949609
7.74749028916,1.75357024772
6.92285103272,1.95280722781
7.5996911765,1.79091029156
10.1785515772,0.947651488319
8.35949150609,1.5896459164
6.93358971933,1.95034350731
10.9475038139,0.457670696365
8.19657525913,1.63488907281
10.8120569396,0.575110728609
10.0834368931,0.991572782142
7.16800980941,1.89576407765
9.31419237963,1.29308127631
7.55748676327,1.80143077981
9.16509893795,1.34371473565
10.8552647058,0.54042639297
7.40741668549,1.83835184761
7.46766557288,1.82361889629
10.8814183267,0.518305564119
8.42154600438,1.5720704868
8.66571239772,1.50091959925
8.47795591071,1.55592149775
9.31359623952,1.2932876781
7.35307466256,1.85153981242
9.94628528407,1.05168104527
10.8832292912,0.51673878935
8.93957736636,1.41686951035
10.9324105937,0.472205605477
7.81421015322,1.73645107929
8.17729086249,1.64016190056
8.47502370404,1.55676505543
10.628904532,0.703392888625
8.74841858755,1.47604131219
9.18490762806,1.33709798338
9.49560047039,1.22866268005
10.6433819913,0.694116193005
7.33965013325,1.85478329361
7.28991773142,1.86674995833
10.7536323506,0.618926785089
10.8976801769,0.504062006293
9.15935543883,1.34562716823
7.35211208655,1.85177256809
7.05815692173,1.92153387546
8.36435270245,1.58827612158
9.33575687673,1.28559271331
10.5006276901,0.780788590748
10.0597500914,1.00221136737
8.43153731429,1.56922229254
8.71950825131,1.48478502331
7.69010998873,1.76816048194
7.82357442469,1.73403484357
9.01773237379,1.39195294865
8.60616263185,1.51858000487
11.0146916614,0.3863898729
9.67516416468,1.1613855495
10.8554446745,0.540277269522
8.81395275839,1.45602659873
7.64509609703,1.7795225489
10.6459080882,0.692484816947
9.14509402137,1.35036412913
8.84125173433,1.44760760774
9.76914469875,1.12457047961
10.6593765522,0.683721061409
8.45948102511,1.5612288706
8.71624008205,1.48577021899
9.29884811981,1.29838347783
9.54613365215,1.21010766412
6.93040598121,1.95107426009
10.5170037287,0.771340662984
10.628248587,0.70381030184
9.72506239599,1.14198667113
8.7303881031,1.48150055094
8.99098682922,1.40052957666
7.15244232582,1.89943723212
9.99541157646,1.03055394755
10.399185353,0.836941064345
8.4268055432,1.57057180889
8.27973615539,1.61195329089
10.7149371199,0.646313504956
10.9605529958,0.444721477931
8.51368147185,1.54560674287
10.2640069312,0.906377314018
9.17818536979,1.33934710246
6.99919295025,1.93522439411
7.29596540123,1.86529886165
7.91778124005,1.70953694827
10.952668821,0.452589558992
9.92328374782,1.06142848207
7.47598221471,1.82157582812
7.46067553074,1.82533430296
9.73181852313,1.13933471133
10.9427587374,0.462289502918
10.0454195972,1.00859322181
8.85687768776,1.44276646301
10.2145892928,0.930468866714
10.468356736,0.799079969444
8.67514741646,1.49810239257
8.33502235192,1.59652302291
7.67812398931,1.77119301752
9.10680941435,1.36299903068
8.46252486767,1.56035569282
10.1970382847,0.938876391133
10.7874058963,0.593992299009
7.62355914208,1.78493316436
10.8207991363,0.568263929202
6.72414532091,1.9978470757
10.6083340539,0.716367220672
8.75069310221,1.47535120371
7.27246828228,1.87093052488
10.792201563,0.590366352908
9.76094263808,1.12783134371
9.6968925481,1.15297834981
9.96784726062,1.04246089396
11.0491303796,0.344177238666
8.18548493011,1.63792351513
10.2718200512,0.902509472232
9.99942310913,1.02880960046
9.98640932909,1.03445771579
7.75880887547,1.75067788384
7.55477160414,1.80210549733
8.11642269133,1.65669467694
10.0736418662,0.995985856824
9.05761214776,1.37906544287
7.94805704286,1.70158902799
10.5935337801,0.725558636466
7.99650151556,1.68879370957
10.8678665366,0.529883012046
9.86275930186,1.08665947576
8.47973941698,1.55540818246
7.38029036451,1.84494676804
10.7937524624,0.589188961327
10.7520294198,0.620085281866
7.05736584719,1.92171819617
8.64263552271,1.50778795236
11.1227460875,0.229208688113
6.71507416992,1.99987898799
10.1621468524,0.955370837044
6.96777390547,1.94248000311
7.45144628806,1.82759675917
9.08100761161,1.37144862832
7.90278752358,1.71345940761
7.77232949146,1.74721653497
9.76065089443,1.12794715758
9.97584395691,1.03902061517
9.57137293037,1.20073282015
10.7059632244,0.652500639945
9.04078078841,1.38451927797
6.78480406456,1.98420620988
10.3587541721,0.858298103387
9.33425395918,1.28611603528
8.14208079463,1.64974572283
7.35046534602,1.85217069034
9.99727297779,1.02974491613
9.53339818844,1.21481064533
10.9116982973,0.491452508705
8.96401914509,1.40912458652
7.71878406641,1.76088456306
9.18820638433,1.33599290751
8.17349994293,1.64119643869
9.08279182771,1.37086600781
9.25499801022,1.31341787895
8.38127736623,1.58349782155
10.1081440289,0.980352921911
7.74752860313,1.75356046498
7.51814831392,1.811181831
9.89587770456,1.07292682385
6.8848094061,1.96151002074
8.16072235649,1.64467863597
9.53008865829,1.21602981872
8.24041488134,1.62283850163
8.64515176964,1.50704056416
8.82228956348,1.45346070435
9.67536322848,1.16130880349
7.10823104693,1.9098303819
10.2433761063,0.916512036924
11.1594565621,0.14022535233
6.82946547258,1.97410255891
8.03039249295,1.67978436766
9.68195211043,1.15876569206
7.13355461034,1.90388428184
6.94215748818,1.94837561474
10.3105404319,0.883091187082
11.1481866797,0.172496657266
7.86392009508,1.72358583266
10.693556861,0.660958945626
9.50472626545,1.22533261607
8.39484627016,1.57965650604
