E_n,T
11.205481,4.0305438839
6.32675362647,2.39915006282
6.20249520103,2.35750603513
8.99979717918,3.29361980627
12.4061970461,4.43146866669
2.48503560909,1.10373384793
7.42333832813,2.76636652234
7.57252935821,2.81629247976
4.7993061252,1.88654990657
6.92651180959,2.60005199392
5.07642014299,1.9796804865
6.85956150539,2.57763315419
13.6988212222,4.86295550639
11.3296248133,4.07200235901
10.6486413566,3.84456387331
5.02226243889,1.96148522251
11.1875674259,4.02456142082
8.95922395152,3.28005704934
4.63848193826,1.83246569079
4.16974835176,1.67465710607
4.70957096189,1.8563759395
9.85410455943,3.57912883702
4.56272124891,1.8069779081
7.88930128056,2.92227626826
9.36636489406,3.41614168853
7.48080049065,2.78559675045
10.8179656864,3.90112055571
2.60560366488,1.14490577476
8.48534170141,3.12162370372
9.643062092,3.5086097771
9.96018251432,3.61457186284
12.8247416079,4.57119437821
6.9794351194,2.61777254404
3.6026989546,1.48330098037
7.06752259442,2.64726490741
13.694852076,4.86163074447
12.1305372479,4.3394357716
3.6702554258,1.50612991521
7.25826262551,2.71111643624
3.07121559273,1.30331823296
12.0543230746,4.31398949725
2.22515216446,1.01471346454
6.5298063303,2.4671848959
7.39300138526,2.75621356287
2.5005026572,1.10901970046
6.1825749358,2.35082920639
8.29175577357,3.05688788803
9.81863135618,3.56727607208
7.51479693244,2.79697347071
6.8488707618,2.57405310908
13.0967436535,4.66199197832
6.12990019168,2.33317279118
9.80057592808,3.56124308661
12.0443797361,4.31066959406
5.05899228876,1.97382557043
10.3298011447,3.73805733177
10.5232251416,3.80267090059
10.1597504585,3.68124761997
11.3481478998,4.07818810587
3.72921613662,1.52604651712
8.79273893825,3.22440131015
10.2899047918,3.72472929672
13.4313474284,4.77367999897
8.30466485208,3.06120500236
10.545714596,3.81018322972
3.48443328789,1.44331244255
5.30726983702,2.05721024363
3.14463232432,1.32822609493
11.2766934901,4.05432586028
12.5872181495,4.49190184152
7.66805932359,2.84825745038
3.10316976446,1.31416126748
11.2625787695,4.04961217882
2.2704716403,1.03026729889
6.33240977208,2.4010454804
7.71291830988,2.86326663113
8.6840221572,3.18805438866
13.27436031,4.72127987915
9.35082094182,3.41094675135
4.44693518409,1.76801149275
10.8468122498,3.91075537674
9.48051159929,3.45428935045
2.26218963531,1.02742590311
8.57721455103,3.1523433271
4.17783184481,1.67738108166
6.70718382136,2.52660151342
12.4769603111,4.45509300096
9.96132087876,3.61495220704
8.4463094967,3.10857189245
7.2690316631,2.71472106362
12.8491754163,4.57935089274
9.71876408759,3.53390610728
14.0001005612,4.9635093215
9.43140977748,3.43787986232
3.24491695296,1.36222343797
5.3153935037,2.05993774067
8.63499337305,3.17166194675
14.0154977152,4.96864807695
9.00574565015,3.29560822555
13.4475333436,4.77908254397
3.24315732451,1.3616271555
11.8878937241,4.25842058703
8.49601278438,3.12519190152
11.1132783328,3.99975128485
2.70010531439,1.17712801734
9.29662255502,3.39283280667
5.57174422283,2.14598106782
4.18303318076,1.67913377712
8.30285989947,3.06060138407
12.0263935714,4.30466431337
8.73203475499,3.20410658398
6.2828753475,2.38444557333
13.9912988378,4.96057176595
13.9194208617,4.93658248916
12.9181653057,4.60238092772
12.2139608392,4.36728856025
4.85298383211,1.90459536059
13.9406088362,4.94365400654
12.6967413417,4.52846451986
11.3533085654,4.07991149344
13.6435329964,4.84450214966
13.419872604,4.76984991486
12.7759064339,4.55489205135
3.58249309803,1.47647106826
13.5857197673,4.82520583543
13.143461695,4.67758652121
4.86685939796,1.90925959799
7.61333509303,2.82994669054
7.04518581702,2.63978665785
6.43529647216,2.43552086733
2.62994027036,1.15320772248
2.5260722013,1.11775534755
10.2089973461,3.69770018138
6.58881548095,2.48695289594
5.75415595421,2.20717877662
6.85747825493,2.57693553273
8.45059711383,3.1100056272
7.29810536333,2.72445245551
10.5728498243,3.81924734016
7.73938722859,2.87212248014
10.2262187709,3.70345349383
5.81348777604,2.22707946288
2.26118907694,1.02708260029
10.9205927621,3.93539781369
8.38393210705,3.08771306321
11.0389119929,3.97491476157
12.9629158949,4.61731928091
4.12362259314,1.65911178703
10.3230362293,3.73579741486
6.94698030368,2.60690568028
12.2915706617,4.39319978335
8.08447893058,2.98756381494
12.5730594159,4.48717509483
13.6493823308,4.84645447006
7.57455787819,2.81697126496
2.34359421614,1.05533517692
8.84828412681,3.24297061371
5.9053291052,2.25787997236
13.9906630905,4.96035958655
5.26381833851,2.04262063994
3.49130403776,1.44563647528
12.5820094941,4.49016298758
11.6250954506,4.17067014409
13.7393325433,4.87647671246
13.9773710219,4.95592337961
7.60789409972,2.82812608181
8.59138236962,3.15708047049
4.04247968018,1.63175707365
11.5718560511,4.1528923053
2.24249710697,1.02066795108
4.08640262513,1.64656554886
8.1306065795,3.00299220828
6.12242265961,2.33066622418
6.16811398101,2.34598208548
6.19690834366,2.35563346617
6.93188988578,2.60185280888
5.58022129402,2.1488255572
13.6900810322,4.86003833601
12.3533373307,4.41382118138
2.99144518222,1.27623535485
11.2033794623,4.02984205071
6.25308692667,2.37446232276
3.30413492313,1.38228560573
13.9427981781,4.94438470116
5.19132322969,2.01827571967
3.96572079101,1.60587061657
9.71093100567,3.53128867182
13.7527787791,4.88096455574
8.99940426528,3.29348846512
7.91123815025,2.92961472952
2.65706750207,1.1624584139
8.95589969632,3.27894580829
11.1143039978,4.0000938275
8.00283048611,2.96025337681
2.48639602107,1.10419881823
5.70768164775,2.19158910351
12.4516179195,4.44663248169
6.12668821281,2.33209609737
5.14675157971,2.00330572917
7.82348965244,2.90025974773
6.83784882753,2.57036210893
4.52947729349,1.79579170671
12.7877292951,4.55883881552
7.55618957679,2.81082480118
4.75554087543,1.87183464841
4.91348055747,1.92492979572
13.0667560649,4.65198200504
4.52077848518,1.7928644428
4.84561635502,1.90211872314
13.8910798127,4.92712358294
10.8024718831,3.89594554899
10.9940328026,3.95992592893
4.0356546294,1.62945575587
12.8736191189,4.58751066773
7.16116860948,2.6786151712
13.3101323427,4.73322022537
4.20909239071,1.68791436156
4.72454552094,1.86141181461
13.0245960182,4.637908715
12.6130534412,4.50052664747
2.77607066398,1.20300167723
7.79291868482,2.89003217174
9.17107270949,3.35087010563
3.92105417909,1.59080256171
8.172318389,3.01694316526
8.09906584327,2.9924427831
5.34914619467,2.07126955213
5.8422082029,2.23671188729
10.8514921546,3.91231846716
7.45767590628,2.77785802788
4.80357288655,1.88798442025
4.3446978042,1.7335908
7.32250351035,2.73261865039
8.74479433709,3.20837245233
5.9655871877,2.27808576776
14.0678152528,4.98610880502
4.04191063735,1.6315652027
9.07404592939,3.31843875315
12.0382605947,4.30862651781
12.6858851725,4.52484038996
4.03438268165,1.62902686348
5.45776073272,2.10772885651
10.3732361996,3.75256729218
4.92125981654,1.92754433637
11.9367893585,4.27474654542
11.0726237721,3.98617373807
9.59569695097,3.49278193752
4.81521650019,1.89189898605
2.97977944536,1.272272945
5.60231673709,2.15623947059
9.15584862104,3.3457815447
11.2755498093,4.05394392314
11.2834193805,4.0565719978
7.8001142477,2.89243948488
8.19408118973,3.02422179228
11.8929506562,4.26010907599
14.055380148,4.98195866191
8.87179093006,3.25082898271
6.44392281225,2.43841115921
8.90839839445,3.26306670901
11.363127791,4.08319058464
12.361842912,4.41666082794
2.51479529612,1.11390309047
2.57990924682,1.13613759809
9.14655885276,3.3426764742
6.71978822207,2.53082312302
12.1426122144,4.34346729868
9.2460990692,3.37594660851
9.49831856368,3.46024021536
11.5075114019,4.13140581203
2.98376145294,1.27362553449
13.2251943484,4.70486863826
10.0427752708,3.64216682761
11.729511588,4.20553628159
6.3292288172,2.39997952008
11.1459403627,4.01065941017
11.0603934163,3.98208908835
10.4973291878,3.79402059391
9.16694048345,3.34948893785
3.2418180578,1.36117331459
11.5860437841,4.15762993626
2.38544836921,1.06966883233
3.27053556362,1.37090380959
11.7762184203,4.22113207865
8.53010080971,3.1365900884
13.7410005889,4.87703344336
10.6768192648,3.85397592156
6.60326141795,2.49179203075
11.69059857,4.19254275082
13.1503818322,4.67989645961
9.8308615256,3.57136259557
3.06980010928,1.30283784151
6.62273092946,2.49831382836
4.67085726545,1.84335557478
8.80224900443,3.22758066326
11.226357596,4.03751584319
13.9074235583,4.93257836038
9.37264414754,3.41824026321
11.6945498176,4.19386212689
11.8962322315,4.26120477938
11.7205042207,4.2025286243
6.88296955691,2.5854717273
9.70741552863,3.53011396707
7.46105030149,2.77898729159
8.99058030099,3.29053883
4.93995909045,1.93382876002
3.99838622702,1.6168880116
13.6039195258,4.83128038831
10.8361667702,3.90719977224
11.5468319763,4.14453610807
11.0651240666,3.98366901564
3.53063092016,1.45893671946
13.5301993918,4.80667461585
5.61285866618,2.15977659522
7.26342820421,2.71284547096
13.9803666015,4.95692315045
13.4276395124,4.7724423661
4.43698560504,1.76466231329
13.627295445,4.83908256451
3.17515249601,1.33857577437
3.19946089739,1.34681703233
3.71465308381,1.52112784237
10.3491452539,3.74451947564
14.0028611172,4.96443065002
4.82606620607,1.89554651679
11.8245582533,4.23727293981
11.511788842,4.13283418228
5.84338277732,2.23710581208
13.3381037365,4.74255673914
3.57993413123,1.47560603252
10.8131868227,3.89952439462
6.29525642274,2.38859481741
7.78950632445,2.88889054363
3.11270913752,1.31739765478
8.29134588036,3.05675080898
2.73277629192,1.18825866389
3.68775654599,1.51204242381
12.5453534986,4.47792571726
11.7365519409,4.20788712631
8.51899642119,3.13287708579
6.29055806392,2.38702027527
6.84674170928,2.57334014065
2.64716592239,1.15908225254
4.21012220309,1.68826133401
13.7092310572,4.86642994009
6.58973906235,2.48726228225
6.47023001441,2.44722528204
10.5742280098,3.81970769965
10.6795714416,3.85489520476
12.9627894113,4.61727705916
12.71343446,4.53403718968
10.2647432742,3.71632356859
12.9492141871,4.61274547994
11.095931578,3.99395794973
6.64135258623,2.50455145988
4.56531648517,1.80785111987
3.97424848299,1.6087470068
8.15097020699,3.00980309395
2.82217452741,1.21869305082
8.23927066351,3.03933515972
4.11474986884,1.65612113066
8.18599712607,3.02151806925
13.1162659944,4.66850857884
8.29375799952,3.0575574844
6.94787303898,2.60720460076
9.52851085265,3.47032998159
11.0340855556,3.9733028299
8.03888648344,2.97231389502
12.5527005245,4.48037846313
14.0965647794,4.99570375791
6.64918989234,2.50717664969
10.2822520721,3.72217275546
8.37124286751,3.08346970601
8.8356286253,3.23873980969
11.0903760842,3.99210256205
12.0123463361,4.29997415635
13.7866602109,4.89227284506
12.2283175087,4.37208179025
7.07014538711,2.64814299413
10.3997368011,3.76141999125
12.9787291698,4.62259793316
12.5261059527,4.47150005852
4.58934912112,1.81593693959
8.83141534655,3.23733128021
7.1935358792,2.68945016323
13.6851620781,4.85839655882
3.79634665024,1.54871455585
11.7908702066,4.22602439021
10.4397004715,3.77476994636
10.495221715,3.79331660822
8.17130851525,3.01660540742
11.2936551999,4.05999028102
10.0664201734,3.65006661863
10.8505300481,3.91199712333
3.76502053943,1.53813770516
10.525915848,3.80356970168
12.0530215746,4.31355495014
5.99806552505,2.28897555458
10.1156631014,3.66651848996
2.22325405109,1.01406172105
3.43684385325,1.42721226674
3.87904087857,1.57662644654
8.65731943778,3.17912657867
13.3190521733,4.73619756265
2.89253627243,1.24262468776
13.8390173407,4.9097474645
4.59567071861,1.81806374028
2.42546975967,1.08336527013
7.88019156231,2.91922878861
13.0780908637,4.65576561196
5.97187268047,2.28019330241
11.6343560853,4.17376245202
13.3205103654,4.73668428998
12.8790187345,4.58931315688
8.79207400953,3.22417901414
8.22427707584,3.03432069348
10.4659679964,3.78354456232
9.75764737901,3.54689887426
10.9823278035,3.95601663602
12.7277027722,4.53880036941
9.0051387576,3.29540535745
7.35828698527,2.74459521661
14.0462942475,4.97892629066
10.2451017588,3.70976185345
5.52337563588,2.12974997876
4.9988454485,1.95361703364
10.6446109782,3.8432176295
9.57853152183,3.487045739
12.1096220092,4.33245267156
12.4906557684,4.45966518815
9.74295224886,3.54198855593
2.62338194387,1.15097075208
6.39590497407,2.42232212744
4.37113152785,1.74249165267
7.31864714126,2.73132791565
9.05231563867,3.31117513014
2.52531026228,1.11749508516
4.59758109938,1.81870644838
4.02584026489,1.62614634953
6.80471428641,2.55926579334
10.6673753218,3.85082144507
8.75804577715,3.21280272623
11.0375217105,3.97445043583
6.59284611895,2.48830309811
13.9755332466,4.95531002425
13.3405761687,4.74338200478
10.3276365134,3.73733420631
11.5800559439,4.15563045232
10.4773918633,3.78736065581
8.62646333029,3.16880993234
11.5537674472,4.14685205035
8.27640780704,3.05175509746
7.32098843439,2.73211155192
2.77875833306,1.20391665433
6.14827731031,2.33933291456
9.92269440819,3.60204643349
11.9071369078,4.26484579543
6.2841301313,2.38486608996
6.15117067046,2.34030277016
10.5745629867,3.81981959298
7.50024887033,2.79210508713
2.54581713477,1.12449877874
8.05231724831,2.97680631975
4.2307177252,1.69520021905
5.35178832129,2.07215655746
11.1297520604,4.00525302336
6.36459435354,2.41183047853
4.22918118283,1.69468255992
11.5445098154,4.14376067439
4.45771214249,1.77163904085
2.51545148938,1.1141272678
7.17549956263,2.68341252504
6.71179685814,2.52814657211
2.32911844199,1.05037525024
2.60944949023,1.14621788597
5.63820192922,2.16827968918
7.02657854811,2.63355688859
6.32646327451,2.39905276323
6.24630455317,2.37218922399
8.71619452663,3.1988107264
6.87689752418,2.5834384277
10.9085365196,3.93137111219
13.6776196745,4.85587916187
6.23126183006,2.36714760121
11.5527111161,4.14649931297
13.464745934,4.78482775532
4.25652239523,1.70389327929
7.18909587678,2.6879638877
11.8663271721,4.25121957799
13.0596159675,4.64959860389
3.56382210065,1.47015917779
11.0832122959,3.98971004172
5.887127023,2.25177600975
7.87690159747,2.91812818904
3.28394965518,1.37544820191
4.05443062563,1.63578659696
12.6001340307,4.49621366165
3.00122945323,1.27955834666
12.4644842682,4.45092789904
12.4939773547,4.46077408755
4.84158105148,1.90076219992
6.84698143899,2.57342042045
12.8952935055,4.59474595681
12.4926579539,4.46033361054
5.80962689943,2.22578454054
9.32853981186,3.4035001125
3.8390019813,1.56311362128
7.17981623255,2.68485753627
9.7693472456,3.55080831375
11.0406491677,3.9754949419
11.6595442887,4.18217324748
12.1191749954,4.33564219066
8.50223694909,3.12727312656
8.13093168611,3.00310094532
7.52255795969,2.79957060447
7.6989501826,2.85859315714
10.7817703256,3.88903108342
11.5133074608,4.13334129591
5.92244094681,2.26361814866
8.51912035383,3.13291852561
4.78514932472,1.88179016128
4.51190067714,1.78987684946
4.01657055599,1.62302045842
13.7917058654,4.89395688037
8.20151407182,3.02670771274
5.31823841201,2.0608928979
9.51920364026,3.46721968028
4.86262329531,1.9078356628
2.18780076065,1.00188373487
14.0159182424,4.96878842649
3.76490870987,1.53809994403
9.48738952752,3.4565878743
7.06064242296,2.64496147761
8.86918987182,3.24995944942
9.39535841969,3.42583149098
8.6475369251,3.17585584713
5.22690045634,2.03022361459
13.8450269052,4.91175319558
7.00199705316,2.62532673126
3.66327294399,1.50377080755
12.1162626719,4.33466983465
5.23851456713,2.03412375318
13.8411907557,4.91047285608
12.0251344086,4.30424389889
8.15727782192,3.0119127384
6.20714042954,2.35906298218
8.79155061177,3.22400403407
9.95312954936,3.61221535995
7.62742666634,2.83466182506
2.53633744137,1.12126145114
13.9642209871,4.95153456651
11.0778310398,3.98791283752
12.7074384932,4.53203555623
2.4772322892,1.10106658985
10.6631446797,3.84940831778
13.5147849337,4.80152964767
7.56985096611,2.81539623183
4.35898193896,1.7384007165
4.086278769,1.64652379544
11.2154664405,4.03387863267
4.77383515671,1.87798600575
2.37058277087,1.06457905081
6.55037698275,2.47407622035
7.10727006376,2.66057172118
13.264951975,4.71813945742
3.89288291445,1.58129736379
13.9914291093,4.96061524379
10.019668403,3.63444671839
2.31879763069,1.04683817692
7.98710547902,2.95499334765
12.5998332286,4.49611324244
9.81662025096,3.56660408997
5.92581610805,2.26474993327
5.29381956045,2.05269423821
13.9937222058,4.96138056005
4.59459193573,1.81770080423
7.99774437283,2.95855207444
3.26063315784,1.36754878393
6.12840740977,2.33267239349
2.47918240766,1.10173319149
3.94985552574,1.60051893805
4.43161725541,1.76285519352
4.99859629008,1.95353331284
10.2355281237,3.70656353439
2.44788105197,1.09103109704
2.24277380494,1.02076292445
8.61986041826,3.16660224214
13.5191365051,4.802982097
5.12129334404,1.99475447509
9.5889760127,3.49053599662
13.369355107,4.75298801041
5.9344011601,2.26762870753
3.3758360004,1.40656446399
11.1305723163,4.00552696385
6.08143134929,2.31692485674
5.69770443798,2.18824209407
5.53113733687,2.13235469083
3.96074430596,1.60419199201
12.5679583444,4.48547215121
13.3404797259,4.74334981341
9.37933882877,3.42047766961
7.89423317699,2.92392612911
7.13282479265,2.66912672946
13.6957284131,4.86192323516
7.80613734672,2.89445453284
10.2390081126,3.70772611562
3.5652763577,1.47065082919
6.57602851658,2.48266941015
12.7086830941,4.53245104154
6.56151016423,2.47780584044
13.4718233262,4.78719003904
13.7297785424,4.87328794303
10.0067620352,3.63013460937
12.0551165431,4.31425442187
11.8623224611,4.24988241211
10.6789866176,3.85469986167
5.1135803525,1.99216362113
8.56395748505,3.14791066274
8.61764836418,3.16586263757
6.23689251617,2.3690347596
10.3018937439,3.72873442602
12.2058615454,4.36458445921
3.90476973401,1.58530823536
5.35764829973,2.07412382924
13.511303272,4.80036755231
5.66074785105,2.17584386331
6.33241933001,2.40104868332
10.2598506486,3.7146890755
3.76840229271,1.53927959949
6.01715913425,2.2953772417
10.6947672299,3.85997089181
12.8561129579,4.58166678097
11.6378852554,4.17494090912
12.1790670036,4.3556385608
6.72505047259,2.53258559606
7.33158003944,2.73565656384
6.66525078719,2.51255633537
11.5808722509,4.15590303709
3.11061042809,1.31668565755
8.72501047583,3.20175816583
6.55640153762,2.47609445551
10.2800841365,3.72144851261
9.09032931874,3.32388162296
13.387991947,4.75920869793
10.0052606994,3.62963300091
10.5658932295,3.81692360404
8.89942407528,3.26006665515
7.85279572125,2.9100639032
4.53207162279,1.79666471528
7.48814603944,2.78805492838
11.3687047768,4.08505299251
3.29547868849,1.37935359195
8.17234776218,3.01695298928
13.2122074131,4.70053366722
8.80217862121,3.2275571332
6.38043369052,2.41713802671
4.60585247149,1.82148913211
10.612248176,3.83240760012
11.3932245306,4.09324121065
5.29792526004,2.05407276499
7.22099379349,2.69864145172
9.43645827695,3.43956705441
13.5142782005,4.80136051228
8.14732211589,3.0085829491
11.0537824485,3.97988117465
2.40736698339,1.0771711275
11.2126998611,4.03295470379
9.49409080522,3.45882735607
13.1988591022,4.69607805938
2.41181404385,1.07869292939
3.89599646225,1.5823479665
5.37879367992,2.08122239146
10.1283192619,3.67074680972
8.51912291036,3.13291938045
11.6065134118,4.16446521179
2.84927693225,1.22791342076
4.01285150939,1.62176629845
10.8733241005,3.91961031442
10.2859406224,3.72340498909
6.93341859266,2.60236468469
10.9418455703,3.94249606485
8.51761498436,3.13241516933
7.45485701112,2.77691466316
6.09280999585,2.32073937127
6.81056902549,2.56122649981
8.91530713185,3.26537624213
4.67985566112,1.84638210195
13.8327850679,4.9076674009
3.84714840678,1.56586321238
12.1252734909,4.33767833195
12.9693683995,4.61947320294
12.4186549588,4.43562777232
11.9275341674,4.27165630882
3.5691264203,1.47195242583
10.6032489015,3.8294015826
12.8696145466,4.58617386787
8.22273688786,3.03380558879
12.3378587325,4.4086535307
14.024923865,4.97179402056
8.49991926939,3.12649814599
2.79967047655,1.21103489015
4.06698204384,1.64001833902
10.6876861506,3.85760567785
3.90465355078,1.5852690338
6.38650112592,2.41917111014
12.2128689472,4.36692401194
10.9615479024,3.94907642565
14.0137750595,4.96807314626
13.6097182791,4.83321584018
2.28038329127,1.03366720463
8.260995039,3.04660057839
8.90897099781,3.26325812588
13.3446702714,4.744748562
4.24242222422,1.69914333948
10.0603723164,3.64804602964
4.37870034999,1.74504008299
9.55900502317,3.48052048045
11.4446139272,4.1104021841
12.3982264975,4.42880767252
6.43662700541,2.43596667045
11.0393327446,3.97505528394
11.7184220885,4.20183337679
13.2273770092,4.70559719792
3.54426818028,1.46354798715
13.2600111755,4.71649025852
12.8829465197,4.59062432119
6.40367207099,2.42492467412
13.8312413368,4.90715216974
11.7629743885,4.21670980724
3.76806038779,1.5391641517
5.25676777023,2.04025314475
11.1072462126,3.99773672761
2.62870106791,1.15278505992
5.52405401181,2.1299776334
10.1604333752,3.6814757733
9.48194645914,3.45476886462
8.83032763291,3.23696764911
4.840126715,1.90027330054
12.0509782432,4.31287271872
4.93764044655,1.93304953188
10.3304618183,3.73827803894
6.14890947446,2.33954481664
2.85091100432,1.22846924994
7.32783181773,2.73440203773
9.16924379161,3.35025880295
3.50234237111,1.44936996593
10.709301891,3.86482572396
13.3940914403,4.76124460923
11.9263440562,4.27125893937
7.22099554852,2.69864203919
12.3668891474,4.41834554546
9.94572545461,3.60974153151
5.99769342657,2.28885079569
9.80359146109,3.562250691
4.81763750176,1.89271290583
11.4419895693,4.10952581239
11.007845437,3.96453912087
6.09828377675,2.32257434592
8.16206618027,3.01351424575
2.72751529693,1.18646660737
13.7578709744,4.88266413452
10.1529087132,3.67896188117
5.81417949118,2.22731146034
13.7105967011,4.86688574311
11.3944327645,4.09364469124
9.69815021142,3.5270179308
8.69240202226,3.19085608882
3.9690761595,1.60700239678
6.57639808832,2.48279321345
11.2245220315,4.0369028389
9.49532583973,3.45924008808
2.70883166317,1.18010143705
6.41152113206,2.42755465531
10.60381413,3.8295903855
11.826235496,4.23783297402
12.9496896199,4.61290418554
3.66005516185,1.50268361115
6.10287843553,2.32411459994
6.46151945348,2.44430687951
13.1999846856,4.69645377467
2.38587882715,1.06981619607
6.74205258955,2.53827999482
2.21300347117,1.0105416131
6.20282340348,2.35761603952
6.77143319464,2.54811994779
13.7855959775,4.89191764683
7.74521379073,2.87407187725
13.3252861843,4.73827840108
3.44088734031,1.42858044429
9.66775477049,3.51686110007
7.97691050227,2.95158308364
12.5039976348,4.46411931618
7.64286976073,2.83982911903
8.24261783349,3.04045458217
13.336666164,4.74207689601
7.78032869942,2.88582009104
13.1155151445,4.66825794394
5.64005186041,2.16890035539
5.33872690342,2.06777157205
4.83810985739,1.89959529681
5.68614085525,2.18436282949
12.5517676942,4.48006704539
13.3481150867,4.74589839487
12.3785370516,4.42223426406
6.52412608946,2.46528193819
9.2777714998,3.3865323705
8.38619393747,3.08846942883
8.87955564549,3.25342471764
9.93391360685,3.60579498465
4.71956655875,1.85973743935
2.42681274765,1.0838247205
6.1926677914,2.35421213265
9.26346921239,3.38175219063
4.64033677684,1.8330896227
2.9707095234,1.26919191437
12.8948766631,4.59460680786
3.16716051319,1.33586588307
11.4979723542,4.12822042099
10.5372311859,3.80734945694
12.6508759461,4.5131531525
9.85688745536,3.58005868621
5.63716399997,2.16793145489
9.70360694724,3.52884131867
9.58426166407,3.48896059494
8.09441765191,2.99088808185
12.9483245058,4.61244849278
11.5950056959,4.16062252788
12.3197356564,4.40260297621
9.09731040367,3.32621509846
8.45594498802,3.11179389507
4.44138820959,1.7661443122
2.39263921023,1.07213041644
10.0357653526,3.63982479016
10.9892914469,3.95834238957
6.98539361377,2.6197675861
10.0971703524,3.66034017385
11.9801386183,4.28922042801
10.5452377453,3.81002394419
11.0556589033,3.98050786858
8.70768424212,3.19596546456
8.85547361179,3.24537408392
12.3797262807,4.42263129431
12.3793631398,4.42251005788
13.0888677967,4.65936299269
3.39627513223,1.41348300707
11.2624282837,4.04956192325
11.87568571,4.25434437167
6.79841436806,2.55715598413
7.51569393195,2.79727364169
6.54394494816,2.4719214607
5.60779922131,2.15807901342
9.82605388983,3.56975620051
14.0533773384,4.98129023521
7.24321397155,2.70607926285
6.77643966751,2.54979664593
7.54627669546,2.80750767579
9.45797395992,3.44675747772
9.60178891037,3.49481768583
5.61275935216,2.15974327282
8.9555791101,3.27883864174
4.28989831335,1.71513555522
8.26980208499,3.04954594125
9.31597094434,3.39929939817
6.37512535251,2.41535928787
4.25316712121,1.70276300985
13.3029243113,4.73081426333
12.9725488114,4.62053486082
3.29567675788,1.37942068365
13.1915022158,4.69362235784
7.93060563387,2.93609355452
6.57860302523,2.48353184678
3.66103817724,1.50301574614
3.31883996384,1.38726599848
11.0170382898,3.96760937037
13.1879576245,4.69243918506
9.84142511276,3.57489223812
10.5937244382,3.82622012611
4.4400566809,1.76569609735
11.130892709,4.00563396525
10.1788685694,3.68763470021
2.57192350217,1.13341182915
14.036270229,4.97558082223
9.85742651206,3.58023880113
7.45137369284,2.77574894068
8.67236570146,3.18415717788
12.6487330748,4.51243778825
8.68015739428,3.18676224988
9.86385294494,3.58238606062
9.53832279167,3.47360893804
12.9456017902,4.61153961463
10.4283420429,3.77097565811
12.8543963015,4.58109372752
9.22577944616,3.36915516065
3.23298974295,1.35818151488
4.04602544148,1.63295262855
12.5371107933,4.47517395115
11.6837474926,4.19025507816
7.0062673437,2.6267564883
6.84476348414,2.57267767905
12.4347490371,4.44100080312
5.91362697592,2.26066254938
12.7329212812,4.54054245656
10.195212444,3.69309490936
13.5347216689,4.80818403829
11.7205643449,4.20254870046
10.4064770846,3.76367161259
7.37367558834,2.74974558126
8.55868128978,3.14614649073
9.88035969602,3.58790142165
6.19200913743,2.35399136645
9.54461639937,3.47571212931
6.23433699642,2.36817826378
6.34676127628,2.40585470793
13.3536390613,4.74774222151
8.8404184758,3.24034108694
5.25283971148,2.03893413286
9.12694195982,3.33611954876
12.2973779261,4.39513860756
4.79876290769,1.88636727187
6.68602958374,2.51951614295
4.0788059344,1.64400456656
11.3355243865,4.07397251316
7.24584965193,2.70696149883
5.41695771605,2.09403330107
3.19050579045,1.34378118847
10.1693222936,3.68444543584
8.42337787174,3.10090372342
13.6487999976,4.846260106
6.59332674556,2.48846410021
2.60490704034,1.14466809429
3.51981573947,1.45527940546
2.61949785253,1.14964583862
8.31681122928,3.06526701426
9.29039199816,3.39075042479
2.61501934997,1.14811807648
5.35966799521,2.07480186141
13.4477368241,4.77915046171
8.69400175023,3.19139093563
12.3760200599,4.42139395307
9.93332983081,3.60559993424
10.5092763201,3.79801143465
5.29842455238,2.05424040612
7.43043674044,2.76874212706
6.90169723161,2.59174284224
10.040237668,3.64131900673
11.9722773338,4.28659563617
9.03115826567,3.30410292668
7.15415057637,2.67626582499
4.18058561995,1.67830902689
12.4899482871,4.45942899799
10.5964282598,3.82712328475
3.20761230398,1.34958021609
8.95371244303,3.27821464615
9.2237531868,3.36847791793
5.80111138649,2.2229284392
8.30654045957,3.06183224846
4.49869586211,1.78543293945
2.86038042121,1.23169007009
5.14401230505,2.00238565162
7.81772902323,2.89833253828
8.59434659519,3.15807158166
9.6418747809,3.50821302196
3.52281195843,1.45629264784
6.04652603373,2.30522294414
10.20007177,3.69471832015
14.0552111963,4.98190227522
4.01187826135,1.62143808999
11.9057549667,4.26438437289
13.4747114184,4.78815402219
5.19755084178,2.02036721382
6.86051326685,2.57795187152
6.78227214143,2.55174996376
7.52734021884,2.80117092019
6.24417802688,2.37147651813
7.01235505418,2.62879473274
9.79598507618,3.55970910556
2.19928509247,1.00582949861
2.3862228581,1.06993397147
6.24749270527,2.37258743247
7.15213900261,2.67559243033
7.14865661006,2.6744266608
3.26735916367,1.36982764535
3.61332071569,1.48689095993
9.76084107623,3.5479660309
10.483160495,3.78928763615
6.02942026226,2.29948803171
5.31788927388,2.06077567766
6.49253680166,2.45469882784
5.19194142169,2.018483336
10.4073846801,3.76397479844
4.80873425584,1.88971968214
9.88120970519,3.58818543208
6.75956814913,2.54414623053
9.3591597763,3.41373367457
13.5638477844,4.81790557373
11.6274268263,4.171448637
2.43695753923,1.08729503563
3.99553282885,1.61592568815
6.77057901156,2.54783387566
13.2455075576,4.71164905906
12.9220048242,4.60366261649
6.80680930364,2.55996739988
2.73771888237,1.18994215579
6.25541685402,2.37524318775
3.03745682075,1.2918593213
2.22754192808,1.01553398777
5.77522810441,2.21424691217
10.0961313201,3.659993038
9.17199140344,3.35117717227
9.84760267425,3.57695635723
4.88285498327,1.91463623787
13.0991641192,4.66279993653
3.90381512445,1.58498613845
12.2755524428,4.38785189658
4.58055954923,1.81297975155
10.4284203352,3.77100181175
10.036348823,3.64001972986
11.1056795518,3.99721350664
3.87353905516,1.57476979292
10.0967545483,3.66020125567
9.36222916765,3.41475949334
8.50320060756,3.12759535218
9.83742921445,3.57355707879
10.6086674887,3.83121154835
9.60576411529,3.4961460757
8.23681890466,3.03851519548
2.90989494882,1.24852593198
6.23456216915,2.36825373173
9.97250630293,3.61868941082
13.3533617522,4.74764965959
12.4209129005,4.43638159059
11.9693333455,4.28561267117
7.15325925581,2.6759674466
4.9735401236,1.94511378739
12.3090848074,4.39904708076
13.4761204058,4.78862431173
5.07244540818,1.97834519171
7.0501290267,2.6414416375
11.957875842,4.28178713093
13.4111508875,4.76693876173
4.5777457597,1.81203305345
8.01042655207,2.96279424439
10.3167763298,3.73370620041
4.53813825873,1.79870614615
11.2166466909,4.03427278971
8.31785089695,3.06561470004
3.93224641561,1.5945785254
6.22554928906,2.36523299189
11.7901789411,4.22579357334
12.2753895458,4.38779751122
10.6651946173,3.85009304217
5.7661758902,2.21121060373
7.68919142474,2.85532802548
2.29381526916,1.03827364201
4.1325691025,1.66212719247
5.56545934734,2.14387213953
11.389199778,4.09189717383
12.1922541332,4.36004135748
6.01187730916,2.29360637721
2.81151051306,1.21506431994
13.914867346,4.93506274336
6.31710104454,2.39591537216
6.54186182365,2.47122360087
8.22084297725,3.03317218334
6.53408015753,2.46861667627
4.29417080089,1.7165745801
13.8160295934,4.90207513575
4.35098621809,1.7357083396
12.2700626219,4.38601904505
13.3912307714,4.76028976494
11.0340596936,3.97329419252
2.47586371281,1.10059876244
9.93759823804,3.60702608716
12.7296868645,4.53946271624
8.0076780161,2.96187486682
2.37622535197,1.06651114779
7.35820168332,2.74456666694
6.57170812714,2.4812221129
9.69418899725,3.52569427396
7.31882502383,2.73138745343
7.77703301095,2.88471748456
2.19791156371,1.00535763355
13.6089182388,4.83294881058
7.19506752001,2.68996287311
8.91600975695,3.2656111233
13.7953211054,4.89516350026
8.26358426642,3.04746650227
3.69367256399,1.51404092779
8.63745774759,3.17248590591
2.77723725686,1.20339883008
9.68349279849,3.52212008068
10.5048684771,3.79653903323
5.27821275934,2.04745398697
11.4886330435,4.12510171997
4.41085693374,1.75586641012
11.0161095509,3.96729918849
5.0910649845,1.98460023608
8.40733735322,3.09553981876
7.80745963291,2.89489690675
5.59496784121,2.15377365662
12.1711749221,4.35300361887
6.0346152919,2.30122974433
10.5544848743,3.81311281773
9.37977156587,3.42062229292
3.92687003373,1.59276470367
6.92536459626,2.5996678553
7.58341079465,2.81993362116
9.90707832005,3.59682876593
7.08981209284,2.65472714447
12.6919812991,4.52687546935
7.78695391442,2.88803661553
3.40136526455,1.4152058298
6.16270830711,2.34417014651
9.49101368629,3.45779902299
11.0657392918,3.98387448639
10.3493352447,3.74458294423
6.55494010388,2.47560487446
11.4044731625,4.09699760078
12.9474331604,4.61215095006
6.18882455628,2.35292396232
4.50343972135,1.78702944834
11.2410125159,4.04240998117
10.2929040478,3.72573125497
7.6025399332,2.82633451741
9.35759754452,3.41321156174
13.1487063335,4.67933717925
11.0989584439,3.99496884133
9.26076985519,3.38084999432
2.26129155645,1.02711776247
5.83751191874,2.23513685492
4.75866757572,1.87288601006
9.90211468511,3.59517030232
2.79012873747,1.20778721731
7.91429299345,2.9306366447
13.0334585351,4.64086708922
6.88237608852,2.58527299729
5.29388137912,2.0527149945
9.16675572048,3.34942718204
8.8678045039,3.24949632063
5.16406694276,2.00912152789
8.07566628751,2.98461617334
7.51699239571,2.79770815781
2.8860034197,1.24040349774
2.4418575134,1.08897100687
8.50060010573,3.12672580265
8.15340827492,3.01061853116
12.0384839306,4.3087010859
10.3830524781,3.75584649468
8.60331549077,3.16107038793
9.88992804504,3.59109845264
12.056280226,4.3146429542
14.0725877408,4.98770159255
9.58742926616,3.49001911817
3.89413190811,1.58171881308
7.29818504003,2.72447912407
3.16523323644,1.33521236128
5.24939181578,2.03777634568
10.2525024611,3.71223424001
3.82936125036,1.55985951426
5.24137366173,2.03508384977
13.9311968978,4.94051276153
13.8156984759,4.90196462263
13.025031122,4.63805395601
7.87812573982,2.91853770457
3.37721326781,1.40703069487
3.35979974314,1.40113553778
5.56979499275,2.14532699473
12.133353732,4.34037612576
12.6964519269,4.52836790423
8.61809849086,3.16601313838
6.2774663133,2.38263283058
3.72375879834,1.52420334864
2.62388414592,1.15114205453
9.46710087104,3.44980761803
10.0124857304,3.63204693944
7.00564467536,2.62654801007
12.3935799596,4.42725640805
5.8606374291,2.24289252142
10.8791854373,3.92156798564
12.7298983176,4.53953330533
8.24977367402,3.04284776147
4.59642654022,1.81831802133
12.2708775177,4.38629110929
5.71991805088,2.19569390556
5.21465540602,2.02611147968
11.9732088415,4.28690665606
9.85987295549,3.58105623027
9.1644114575,3.348643627
7.48132502567,2.78577228595
8.06487598289,2.98100701881
3.04782313495,1.2953784026
4.63807585875,1.83232909296
7.20147425125,2.69210748865
11.829244254,4.23883760278
13.9886937257,4.95970231476
7.85117926784,2.90952313542
4.89945776879,1.92021671152
4.4775444321,1.77831425645
13.2870412525,4.72551266019
6.49982428861,2.45714033807
6.9565045293,2.61009472399
5.76639866896,2.21128532916
9.48108767322,3.45448186798
7.19085160187,2.68855161146
10.9046939526,3.93008771798
3.09742295622,1.31221143371
6.92943150527,2.60102963704
2.71397142935,1.18185260959
10.8162740993,3.90055555861
6.67831064876,2.51693072607
14.0512343941,4.98057503904
10.2350643071,3.70640858421
7.36286593482,2.74612773946
3.67029533313,1.50614339805
11.2427835585,4.04300143474
2.35228684975,1.05831297614
10.8435563058,3.90966788844
9.57088592825,3.48449078368
12.3193137159,4.40246210719
8.57849713024,3.15277217132
8.93826581262,3.27305106988
9.22335731535,3.36834560454
13.1905494855,4.6933043397
5.81260280377,2.22678264759
2.85425807102,1.22960772211
9.0798606817,3.32038239225
7.53906398754,2.8050940843
4.35823322487,1.73814860766
7.31411904917,2.72981234745
13.7046852157,4.8649127002
4.17982782418,1.67805367201
11.0928097522,3.99291534304
7.20022036525,2.69168775883
12.9902382188,4.62643977468
5.98924080978,2.28601674197
8.36471169237,3.08128562756
10.3031849451,3.72916577431
8.17593839768,3.01815389502
12.4681750124,4.45216004786
7.29518151894,2.72347381511
3.06434515474,1.30098646147
9.56845847756,3.48367959184
6.61229600102,2.4948184101
4.91698446198,1.92610743449
7.70391428117,2.86025405816
3.42147952935,1.42201314647
3.30909331783,1.38396500876
12.6952917154,4.52798058964
5.72707085974,2.19809332902
7.88949555526,2.92234125884
10.0606520174,3.64813947787
13.2540173897,4.71448957919
7.70492486893,2.86059218236
12.9971029773,4.62873129885
11.3887047189,4.09173185237
12.1583485213,4.34872123685
4.86941541625,1.91011877639
12.5325320558,4.4736453713
7.40289882094,2.75952600152
10.6262226306,3.83707545199
9.68593086581,3.52293477578
5.7425367194,2.20328126821
7.99068620541,2.95619110963
4.87512956833,1.91203950454
9.49602112241,3.45947244214
12.1745129409,4.35411808919
11.1615019153,4.01585645609
11.3392204091,4.07520679291
13.1333727701,4.67421883736
10.4572026579,3.78061652762
7.21067128213,2.69518611537
6.00396056861,2.29095206138
8.47698404656,3.11882905238
10.4128585799,3.76580337381
10.1159684625,3.66662050889
11.9900099919,4.29251635779
11.3682144961,4.0848892657
9.04509485646,3.30876147321
6.28067645065,2.38370865349
9.73606837464,3.53968832578
13.0883871248,4.65920254275
9.63159988293,3.50477952446
4.8573639683,1.90606775333
10.3615311557,3.74865711691
8.66388686552,3.18132235209
12.4158268616,4.43468360599
5.1710255327,2.01145867284
11.0306777596,3.97216469398
4.9729815795,1.94492609533
5.80182066927,2.22316633423
10.6186985071,3.83456219089
5.93843067997,2.2689798874
13.3468154381,4.7454645898
13.4803517562,4.79003664432
4.51541605177,1.79105986789
8.64215969727,3.17405799066
9.06356188931,3.31493434194
6.11909831282,2.32955184972
9.2976636699,3.39318076829
9.92468212966,3.602710571
11.0855715601,3.99049797567
9.72210634747,3.53502292528
6.55160369702,2.47448717285
3.69595112876,1.51481063638
6.78414776187,2.55237811324
8.26595189078,3.04825831329
3.77138472849,1.54028664081
4.61568215333,1.82479596608
4.50837287832,1.78868963497
3.11457648924,1.31803115144
11.061583512,3.98248655289
6.03785860727,2.30231710738
6.93358513736,2.60242045086
9.33300116568,3.40499116093
4.33035651899,1.72876136631
11.7253648084,4.20415162798
13.6771452398,4.85572081164
9.72067392003,3.53454427906
6.27402320551,2.38147892577
8.90392746007,3.26157210804
2.98325673034,1.2734540957
6.03898450636,2.30269457809
10.4393525345,3.77465371807
13.9417671355,4.94404058992
6.6273819361,2.49987177411
12.575148122,4.48787238871
9.19020784167,3.35726584996
4.42419573747,1.76035686633
5.34975715593,2.07147466235
6.81468770649,2.56260580559
7.72919078576,2.8687110253
14.0798678694,4.99013128678
9.32191203005,3.4012850064
3.80301461941,1.55096566969
8.14799760782,3.00880887518
8.9342839866,3.27171999778
12.4620452225,4.4501136271
9.56370259105,3.48209029363
11.1376576193,4.00789323631
13.9723869131,4.95425993863
3.16243328511,1.33426290409
2.19472594067,1.00426318636
14.0128411396,4.9677614535
4.80800583199,1.88947478635
7.33755382702,2.73765597494
11.4232859692,4.10327995816
10.1891309714,3.69106319756
2.60843292877,1.14587106429
11.0491139256,3.97832199074
13.8909870001,4.92709260643
5.64194072915,2.16953408307
5.6952059401,2.18740392407
7.54446177513,2.80690034975
13.515319951,4.80170822355
11.8099370541,4.23239088588
8.46222673667,3.11389443158
13.135394408,4.67489366076
13.3938839301,4.76117534574
2.35484276126,1.0591884573
12.3913333375,4.42650636407
3.56280546683,1.46981547415
5.0789108992,1.98051723802
3.87284400953,1.57453523795
11.4921438257,4.12627408587
4.28196457941,1.71246331225
7.93489926649,2.93752984993
2.75477182238,1.19574976044
7.81027928569,2.89584022647
10.2684042768,3.71754660783
2.97848738407,1.27183405211
13.6514350471,4.84713960052
12.5891277242,4.49253933213
11.191533983,4.02588610527
5.04223607648,1.96819603676
9.10264694565,3.3279988681
8.04876989426,2.97561977826
5.80005071604,2.22257268737
10.8142382639,3.89987558075
6.59194685069,2.48800185761
11.3539788241,4.08013532397
12.0775057185,4.32172973559
10.6762387464,3.85378201644
6.17321353868,2.34769140247
5.67462011549,2.1804978498
6.49685655672,2.45614606855
10.4261654804,3.77024857456
12.6276681678,4.50540557861
3.95417451269,1.60197586277
5.94857270461,2.27238067202
9.48638906966,3.45625353337
3.92716305754,1.59286356194
13.5196978544,4.80316946173
3.78118356633,1.54359517122
4.415318668,1.75736846078
13.4067379772,4.76546580931
12.4842979707,4.45754265832
7.57319088022,2.81651383899
8.51513764606,3.13158681093
3.30275061984,1.38181673204
6.88717274908,2.58687921263
10.0680836356,3.65062238042
2.21832940118,1.0123706587
7.07126929178,2.64851926623
11.2465326474,4.04425347136
13.3844238562,4.7580177264
7.98569347103,2.95452102649
14.0830277132,4.99118586263
11.6992734653,4.19543941612
9.85351125095,3.57893059467
12.8909636359,4.59330057329
11.7640403114,4.21706572666
3.09605635565,1.31174774491
9.98004650103,3.62120868435
3.66710663683,1.50506607483
2.9919130768,1.27639427132
2.96545566744,1.26740706282
5.65837262368,2.17504698876
11.9819418577,4.28982250801
9.83216551621,3.57179830271
12.279473963,4.38916114804
5.55313495287,2.13973653366
6.28342473713,2.38462969078
10.0924370525,3.65875879921
3.53405534429,1.46009468447
5.30597561332,2.05677570704
2.46775656359,1.09782724906
5.42635591297,2.0971879209
13.0994926858,4.66290961294
12.9571928744,4.61540886685
10.953992851,3.94655312724
10.3682911097,3.75091534255
6.23619423174,2.36880072625
9.66348110731,3.51543301662
3.42520819326,1.42327493829
13.4811981801,4.79031916204
8.5027143155,3.12743274713
6.76516945103,2.54602216741
10.2544512285,3.71288527249
6.51789309513,2.46319378355
4.30109715913,1.71890740727
5.17013487157,2.01115953347
8.25084877732,3.04320731494
3.95094798309,1.60088745989
14.0555954493,4.98203051752
3.04741131577,1.29523860785
10.0989728091,3.66094236588
5.14146460825,2.00152991615
4.46210813914,1.77311870152
7.51803801586,2.7980580623
2.36478632185,1.06259407122
13.692614365,4.86088387454
8.33299934859,3.07068061793
10.5329873084,3.80593184154
3.9477390804,1.59980498559
2.67279822383,1.16782124214
8.84050563493,3.24037022474
4.12461977614,1.65944789184
9.18691433948,3.35616503146
3.65491357326,1.50094637152
11.2178030359,4.03465896315
8.81677105685,3.23243556064
2.29827750435,1.03980368982
13.505893536,4.79856191046
12.0739181933,4.32053193299
13.741093328,4.87706439619
7.37962157478,2.75173560442
2.72933020711,1.18708483475
12.5558918106,4.48144384717
5.07492954991,1.97917972992
7.23793582399,2.70431251193
4.20728837665,1.68730653533
5.80426760631,2.22398703998
7.51960236781,2.79858155366
11.3692447605,4.08523331732
3.54859208686,1.46500997508
6.81765762974,2.5636003994
4.03365790371,1.62878247198
2.75405096128,1.1955042861
11.9751131778,4.28754249225
6.2748347148,2.38175089121
9.18587508599,3.35581767149
13.3858415607,4.75849093355
11.6786008364,4.1885365332
12.7492420418,4.54599077918
7.59226298137,2.82289570926
9.23065188216,3.37078368649
13.5935287328,4.82781224466
10.4321983465,3.77226385993
10.1621140724,3.68203727138
7.16419270261,2.67962750665
7.07580126897,2.65003652239
9.13223485947,3.33788870175
9.25390292148,3.37855487832
13.3814944361,4.7570399323
10.3795159191,3.75466508168
8.7310919381,3.20379137383
12.1240873184,4.33728229769
9.88463249817,3.58932907618
7.75655587968,2.87786658008
11.5802278356,4.15568785115
9.62089031673,3.50120075881
13.7817837941,4.89064529307
13.9766518401,4.95568335356
9.67343417405,3.51875892003
11.6944214675,4.19381926904
13.3329096758,4.74082302812
9.03908852568,3.30675375776
5.59045331874,2.15225885655
7.04755512179,2.64057989889
9.8791828927,3.58750822052
11.4974853053,4.12805777965
9.47224920693,3.45152814438
12.8574950685,4.58212815634
12.4756420306,4.45465289625
6.14486776177,2.33819002661
3.83470503126,1.56166326101
8.27732133617,3.05206060881
12.9601003568,4.61637942023
9.64046486828,3.50774188139
4.55129310722,1.8031326197
2.45288978118,1.09274396415
5.24004151497,2.03463650984
7.42706769098,2.76761461924
8.57804678452,3.1526215934
10.6168379506,3.83394071357
11.1151701763,4.00038310617
2.59408174622,1.14097432972
3.89741970997,1.58282820652
3.47304441546,1.43945991212
11.0474687162,3.97777252646
9.35296927123,3.41166474601
11.4109834453,4.09917165158
11.7619654707,4.21637292213
8.04605111732,2.97471038227
11.0200075024,3.96860103266
10.9632341877,3.94963962429
12.9614376614,4.61682582875
11.2329437187,4.03971533891
10.1491231235,3.67769716174
5.61889589001,2.16180222566
3.68600541239,1.51145085573
10.6431187687,3.84271919493
4.54327522651,1.80043470827
7.54163368496,2.80595398508
2.5620352363,1.13003624291
11.2240972417,4.03676097624
5.50967610811,2.12515251498
6.29029428251,2.38693187494
13.308307297,4.7326110454
10.1051623715,3.66301026516
5.18000495126,2.01447448228
6.40729741396,2.42613941976
11.7949237429,4.22737788473
3.1451705511,1.32840863669
5.37401502496,2.07961821386
10.3810494713,3.75517737603
3.22654873828,1.35599860575
13.1298741174,4.67305098525
4.64900757762,1.83600626166
13.2411527949,4.71019546907
7.16397467009,2.67955451891
2.78533727212,1.20615623338
13.709466477,4.86650851477
8.59830783834,3.15939605021
5.85376027149,2.24058614421
7.0784204299,2.65091338524
11.1494902325,4.01184495201
9.02561177714,3.30224890672
6.84577836926,2.57301754067
13.0015773568,4.63022488918
4.74158316612,1.86714120406
7.74905143059,2.87535583384
6.39941597016,2.42349857203
11.7073810268,4.19814663469
3.78895243091,1.54621816176
12.8555584676,4.5814816813
4.68224602142,1.84718606257
13.8219543795,4.90405257934
12.3902955084,4.42615988044
4.06997631622,1.64102782876
6.85642437917,2.57658261898
5.05683076303,1.9730993834
11.8802038602,4.25585296854
12.1359938076,4.34125758089
10.6664876697,3.85052494996
6.9994936601,2.62448855468
10.4492356493,3.77795516417
11.7562720831,4.21447185625
12.2543687538,4.3807794199
6.76588872353,2.54626305865
4.7847958814,1.88167132527
4.93835003152,1.9332880031
12.9410353306,4.61001526941
13.7217567537,4.8706105648
8.23445218764,3.03772367117
13.9625751677,4.95098527498
8.72128825233,3.2005137155
5.53779509943,2.13458890342
12.660661863,4.51642002427
6.45801580609,2.44313300092
8.00822072426,2.96205640134
14.1007412362,4.99709761733
2.87901540564,1.238027377
12.3400295474,4.40937827532
2.450379786,1.09188562222
5.84667710928,2.23821064947
9.23604693154,3.37258688171
9.87284692664,3.58539120309
7.28674564137,2.72065022499
7.90205095326,2.92654138591
3.00404380131,1.28051411253
10.3547713879,3.74639894757
12.3255502314,4.40454422803
12.3144274915,4.40083079191
8.15536496569,3.01127296569
3.3957016442,1.41328889844
2.30673981569,1.04270496905
12.3759395702,4.42136708116
4.20713803923,1.68725588195
5.67905878015,2.18198694416
5.50313666767,2.12295787803
9.5144067736,3.46561664904
11.2813029727,4.0558652156
11.836280924,4.24118715424
9.96598900551,3.61651189447
2.86328993066,1.23267960959
5.14267834228,2.00193759301
12.9292988287,4.60609746162
12.1961797552,4.36135200501
10.3914663036,3.75865718721
3.73691987852,1.52864828961
2.38393459588,1.06915059586
6.44383679885,2.43838234023
4.94197220532,1.93450530467
12.1938271057,4.36056652599
2.46130445903,1.09562127743
6.86321293804,2.57885591118
13.3342044958,4.74125522265
4.77631904449,1.87882117317
2.79521044004,1.2095168956
4.98820557839,1.95004183364
11.7027202352,4.19659033746
12.2355631944,4.37450088521
12.8470354689,4.57863653537
5.51069627941,2.12549488182
11.4107806362,4.09910392537
7.23547226967,2.70348788468
8.14019152288,3.0061980329
4.82073116656,1.89375296049
10.5085745897,3.79777702789
3.58663269757,1.47787039268
10.4857952094,3.7901677469
5.79646265564,2.22136923666
2.54668618055,1.12479553649
12.9530953975,4.61404107771
3.43959262596,1.42814236156
9.03776822936,3.30631242595
6.0328606948,2.3006414907
8.63280180275,3.17092919809
8.13901613224,3.00580490754
11.5851400159,4.15732814652
10.1932010125,3.69242292644
12.6822160723,4.52361552722
8.55490855849,3.14488501985
4.34370826384,1.73325758068
7.08344177588,2.65259446302
12.0137891591,4.30045589369
5.51859563123,2.12814585853
2.87471600914,1.23656537157
4.7875017155,1.88258108745
3.54135497221,1.46256295744
2.73798387031,1.19003241023
9.57475243286,3.48578286852
13.4815120884,4.79042393775
4.78405365855,1.88142177196
7.39049619153,2.75537512844
8.71738979275,3.1992103411
5.97885075397,2.28253303355
4.92030833456,1.92722455477
3.81186980472,1.55395506204
13.7755617614,4.88856862651
13.5447775198,4.81154042413
7.61015551229,2.82888277331
2.92489383852,1.25362406586
11.6720497487,4.18634902419
10.3633761271,3.74927344741
12.9285600287,4.60585083958
13.8796755004,4.92331734821
7.93128800098,2.93632181861
3.5242977628,1.45679510025
12.3314764773,4.40652275948
9.64397917865,3.50891623315
5.39026259341,2.08507239413
10.1652838733,3.68309625778
8.03694164269,2.97166336595
10.098061071,3.66063775866
5.26704418447,2.04370382642
6.69302318337,2.52185859049
13.5093402427,4.79971233981
9.82150147637,3.56823508073
10.0870214938,3.65694948107
11.0998583056,3.99526937068
2.25512846627,1.02500299494
4.16768775735,1.67396271153
3.38295222971,1.40897339003
13.4397902538,4.77649805259
6.22878388144,2.36631709659
11.5501389068,4.14564038263
10.1442573344,3.67607155796
7.6052373005,2.82723708796
4.25913535516,1.70477347926
8.3204551223,3.06648560426
12.1343828472,4.34071972165
11.0068896816,3.964219915
10.4220347605,3.7688687005
4.98844633693,1.95012273428
5.95315020127,2.27391556082
7.84599266105,2.90778800483
8.74540488833,3.20857657504
10.4843487762,3.78968457456
13.655335081,4.84844130524
13.5296712157,4.80649832386
10.2487711994,3.71098772121
12.0554655058,4.31437093413
3.16459563431,1.33499615387
13.3730484529,4.75422079363
5.47270118656,2.11274332079
5.47083589077,2.11211728052
2.22286407103,1.01392781294
2.75567502544,1.19605732454
7.38822791056,2.75461598185
6.94028565603,2.60466405719
4.91633993998,1.92589081586
8.72978019885,3.20335282227
12.999946262,4.62968041442
13.0950000221,4.66140994906
7.01562829495,2.62989065043
2.68808631023,1.17303211559
10.391058917,3.75852109732
7.81957682662,2.89895071902
3.05822713906,1.29890992936
3.47932516258,1.44158454697
12.9116643128,4.60021079656
7.49156765932,2.789199963
8.90041178769,3.26039684147
4.63774404688,1.83221747729
5.87132402775,2.24647640534
12.5968083253,4.49510341389
2.52027233995,1.11577416207
12.2228386064,4.37025256306
13.4358991575,4.77519927964
13.9434243137,4.94459367436
5.80342127835,2.22370318095
11.0590494584,3.98164023721
6.34885001014,2.40655463976
7.10017767629,2.65819734626
14.026768969,4.9724098168
9.95688703044,3.61347079244
8.40090991827,3.09339048581
3.56490627924,1.47052571447
6.48901346673,2.4535184041
4.4500970398,1.76907579543
7.61305084555,2.82985157882
9.66358689603,3.51546836692
9.00700433846,3.29602897148
13.0774508845,4.65555198425
8.05895431529,2.97902631929
13.2673141261,4.7189279238
12.7347897619,4.54116620823
2.47397561597,1.09995332831
5.45826782535,2.10789905468
13.7864761426,4.89221141048
12.8300174275,4.57295556037
8.66811333185,3.18273543662
10.8547943303,3.9134213939
5.69064186233,2.18587280427
13.2963382247,4.72861589672
13.9588808366,4.94975229298
4.6046708676,1.82109161763
9.21633615271,3.36599889419
13.2809968521,4.72349509669
11.1982127577,4.02811656713
8.2275898306,3.03542861829
10.5491896447,3.81134402197
13.3893124626,4.7596494647
2.64350605345,1.15783422706
4.44559868722,1.76756161483
8.0169873513,2.96498880528
13.5690437184,4.81963983513
11.8094579964,4.23223092701
11.312918418,4.06642326274
7.54775454484,2.80800220716
8.98499744644,3.28867261077
10.5966050493,3.82718233781
12.9300258267,4.60634014396
8.85657736615,3.24574307198
5.18420307883,2.01588443361
2.60953085969,1.14624564669
6.46652909077,2.44598532205
11.399345488,4.09528525669
7.53635844685,2.80418872392
8.61578770495,3.16524052172
4.88548181233,1.915519177
4.8533627899,1.90472274887
10.1313177116,3.67174856397
3.76675177451,1.53872228262
13.5499861912,4.81327894299
7.54080840719,2.80567782166
11.8190569694,4.23543605
11.5586177858,4.14847170752
6.4446537194,2.43865605113
9.10492669294,3.32876088504
12.7134271683,4.53403475549
5.96969284014,2.27946240145
12.6122840771,4.5002698051
7.46819310536,2.78137766622
5.59181269826,2.15271498339
13.5153269641,4.80171056435
9.75136358589,3.54479917425
2.30693176116,1.04277077176
12.6656825607,4.51809610113
4.22241285956,1.69240228057
13.5409833622,4.8102740321
13.587350746,4.82575020977
8.15197284083,3.01013843546
9.27058849129,3.38413163506
9.78830989513,3.55714452381
11.1513406821,4.01246294186
4.62020421794,1.82631721101
6.3700704047,2.41366544326
11.8202354743,4.2358295554
9.53229361703,3.47159410868
10.0808448897,3.65488589548
5.60810100682,2.15818027118
5.50024232897,2.12198652782
6.75748007402,2.54344690814
6.9390564842,2.60425248175
13.4065716277,4.76541028474
3.79224464826,1.54732967405
10.0805054879,3.65477250216
6.03966093812,2.30292135933
2.54658746833,1.12476182888
2.73430846728,1.18878054794
10.6310531626,3.83868897694
10.9052236922,3.93026464793
10.6432251328,3.84275472318
5.50702109322,2.12426149539
8.52841693039,3.13602704715
8.65940722412,3.17982461639
8.9967728665,3.29260885453
8.43360605385,3.10432396816
6.30415249996,2.39157609363
4.8263280213,1.89563453421
4.30704458957,1.72091047513
11.828398625,4.23855524608
13.8095767274,4.89992143904
3.53590354056,1.46071963894
3.78149374992,1.54369990024
11.7857018116,4.22429863707
8.10568762053,2.9946575889
8.22711194256,3.03526879255
7.33086916406,2.73541863491
2.34245268246,1.05494409246
6.43796911786,2.4364163524
9.30883349305,3.39691393683
4.67354935167,1.84426104243
2.93906309334,1.25843946747
7.55349934612,2.80992457829
9.60481695415,3.49582956413
13.6852924147,4.8584400607
10.9437960156,3.9431474939
12.8110784497,4.56663331269
6.16760092371,2.34581011341
9.32150476029,3.40114889037
7.37735736701,2.75097781296
3.49969758878,1.44847544789
13.4643888217,4.78470855872
10.4056035401,3.76337980156
7.26663690533,2.71391949038
5.21770506476,2.02713562819
6.26652040954,2.37896445781
9.27365851883,3.38515771375
10.73539176,3.87354013597
8.16063181145,3.01303450945
5.73823600568,2.20183863248
5.81909582281,2.22896036247
12.248185444,4.37871502687
11.3840048379,4.09016235906
3.92930596506,1.59358651625
12.5045428029,4.46430131805
6.56972873795,2.48055902994
8.82905618544,3.23654259406
7.28998470052,2.72173438007
11.8726427531,4.25332833638
10.5386090507,3.80780971535
4.95293312468,1.93818885756
3.98430428957,1.61213867422
12.4630868459,4.45046137166
12.2040935163,4.36399416882
5.63404797931,2.16688599848
6.9515306205,2.6084292898
7.08950016191,2.65462271528
13.8890025967,4.92643030437
3.19242716922,1.34443256878
2.60195375556,1.14366044118
11.7274668379,4.20485351809
10.5153046361,3.80002513699
13.5807273905,4.82353952098
2.86763970108,1.23415893003
7.22770392394,2.70088756714
4.92859536691,1.93000969701
7.39360398476,2.75641523964
5.97604015953,2.28159065143
13.8769629557,4.92241202448
12.7422249276,4.54364827419
2.41976625187,1.08141392713
13.8619845239,4.91741289946
3.47581607651,1.44039751379
8.2401171489,3.03961825727
12.7848223267,4.55786839833
2.80086990091,1.21144310641
2.67463279867,1.16844660305
2.56477759759,1.13097245881
7.0680681054,2.64744753965
12.7081494412,4.53227289213
5.642079661,2.16958069551
9.34625992886,3.40942240941
13.9069891981,4.93243339149
13.0824511397,4.65722108939
9.54315953135,3.47522527524
6.03271091233,2.30059127391
9.57150964718,3.48469921442
5.70770408046,2.19159662884
4.8361132066,1.89892408194
4.05225542324,1.63505319669
3.44854132206,1.43117018243
10.7974369833,3.89426386166
10.6936207609,3.85958794995
14.0764052374,4.98897565689
13.4826561024,4.79080578441
8.6955336588,3.19190310745
11.9601804523,4.28255661704
10.3868666518,3.75712064508
3.6627965349,1.5036098439
12.4783645835,4.45556181375
6.71142220955,2.52802109024
3.61990022085,1.48911460374
12.8840676083,4.59099856026
2.21242504265,1.01034295572
13.4382489057,4.77598358042
8.54817626784,3.14263396688
12.0448309552,4.31082024826
4.29321044223,1.71625112201
10.7962833002,3.89387852404
2.62067327229,1.15004679682
9.29602389657,3.39263272284
10.5324677453,3.80575828769
10.2619560341,3.71539242788
4.54976009358,1.80261678664
8.8050369525,3.22851271127
13.9023826996,4.93089595929
4.23261517891,1.69583946409
7.3391658567,2.73819551503
4.74131297229,1.86705034617
13.0866042372,4.65860740866
8.90763758068,3.26281237475
9.40514957404,3.42910371857
8.16657581197,3.01502252535
2.69345368424,1.17486131642
7.2060914274,2.69365305223
9.35060379522,3.41087417859
7.16612925541,2.68027577898
6.09342963912,2.320947095
9.3935196996,3.42521698444
2.69184750632,1.17431394426
3.747418845,1.53219390274
9.15907204743,3.34685895931
2.2529525637,1.02425630791
5.37468301764,2.07984245769
3.07796060622,1.30560729071
11.1133789253,3.99978487983
4.71630335414,1.85864004179
3.11332366982,1.31760613525
13.4969110234,4.7955637563
7.12404604822,2.66618787808
7.80879771256,2.89534456389
6.78301982414,2.55200036455
11.7030205833,4.19669062757
3.17513864882,1.33857107928
2.20903981573,1.00918027564
10.1769292629,3.68698680864
10.2525018856,3.71223404775
9.19256042842,3.35805217617
13.3313171157,4.7402914516
3.89426669208,1.58176429321
6.80794174521,2.56034664586
9.85037013602,3.57788105209
7.63694783426,2.83784763762
8.47961086022,3.11970741391
10.3415095836,3.74196868941
13.3108835339,4.73347096459
11.1779274938,4.0213420305
11.8173389085,4.23486238544
13.4120258322,4.76723080288
3.83067123336,1.56030169246
6.13512313963,2.33492357403
3.33924142096,1.39417475109
4.06825345804,1.64044698564
9.33654707354,3.40617625173
13.1621471242,4.68382370096
4.52148834843,1.79310332456
6.17423357508,2.34803330606
10.135016622,3.67298433399
5.87217833368,2.24676290447
6.25729592012,2.37587294654
12.1388556418,4.34221307505
7.19185131047,2.68888626046
2.38860817485,1.07075054076
3.12587468858,1.32186382353
9.91669381856,3.60004151295
5.45695886887,2.10745972233
9.62601214017,3.50291229687
3.75448024963,1.53457849445
14.0236836942,4.97138011828
10.1929254842,3.69233087736
7.15436082279,2.67633620702
10.5785588746,3.82115435009
4.5477876729,1.80195309649
11.5343360155,4.14036335544
6.57800841906,2.48333265947
6.87918450932,2.58420425631
12.0447433037,4.31079098295
13.8899865006,4.92675868601
7.90836400745,2.92865326046
12.5069765873,4.46511382554
14.0457320375,4.97873865593
13.7467546983,4.87895394746
7.53150051581,2.80256309924
5.28305631323,2.04908031414
6.51111110585,2.4609216864
7.73385335045,2.87027099746
11.9731036839,4.28687154513
13.904186572,4.93149800704
4.61241795231,1.82369785824
8.14823538048,3.00888840096
11.1886959535,4.02493830776
7.50071002642,2.79225941006
7.24539785413,2.70681026963
12.1306453194,4.33947185401
4.18420007839,1.67952698146
13.797286851,4.8958195858
12.5598035048,4.48274973239
8.77503214228,3.21848162215
4.03255098463,1.62840922277
4.14077920608,1.66489428721
8.79794548836,3.22614193768
2.47241880043,1.09942112629
8.08486642079,2.98769342171
9.12506463563,3.33549205145
13.4674697686,4.78573691405
4.63854167524,1.83248578522
5.31208275082,2.05882617148
6.01654881345,2.29517261713
4.20980875509,1.68815572482
5.56939912453,2.14519415901
6.3499096784,2.40690973232
12.9709822688,4.62001193104
3.06384258153,1.30081588625
13.2202815659,4.70322877849
3.61935692605,1.48893099247
4.24245768267,1.69915528476
3.87721091787,1.57600891122
3.94619845534,1.59928527306
5.07148614155,1.97802292817
6.39903654377,2.42337143629
2.50341167624,1.11001371573
8.54337769652,3.14102947893
13.4048326165,4.7648298328
11.101142215,3.99569816138
7.3085218316,2.72793892967
12.2355318125,4.37449040784
4.62184478512,1.82686910019
7.92143472407,2.93302570764
2.901865738,1.24579646326
5.59345559479,2.15326623996
4.01216627896,1.62153521834
8.60669989526,3.16220198019
7.0368961055,2.63701125364
8.6465274737,3.17551834122
4.91091450151,1.92406735401
3.91032029736,1.58718103167
9.34414049298,3.40871406883
5.10710900685,1.98998980569
2.86486568233,1.23321551773
12.0990481723,4.32892230532
8.51164219689,3.13041802003
4.02148765505,1.62467859861
8.20540108238,3.02800771435
6.41729164788,2.42948816046
11.781219682,4.22280202947
5.41104642471,2.09204906986
13.5706673046,4.82018174368
7.91104707732,2.92955081116
11.8125573672,4.23326581618
7.23976915554,2.7049261829
5.28415403255,2.04944889435
13.4811446744,4.79030130302
4.96016881784,1.94062043955
9.19617806296,3.35926132872
5.75426484113,2.20721530079
6.41841480421,2.4298644904
9.72758881498,3.53685489111
4.40191541307,1.75285615484
2.72539913546,1.18574574475
11.0914357805,3.99245647276
13.0579136379,4.64903035706
7.78020087685,2.88577732675
10.4008799944,3.76180188043
5.84041345686,2.2361099698
3.46683645181,1.43735980752
12.2492451672,4.37906883196
12.4970010664,4.46178354186
3.20015305097,1.34705166764
7.31663748144,2.73065527636
6.12862063429,2.33274386888
8.1385861283,3.0056610868
6.11871975919,2.32942495208
2.96742284703,1.26807536856
5.60700037664,2.15781097763
7.05331611406,2.64250866505
4.61832194523,1.82568400797
9.31807934099,3.40000405959
12.6015529778,4.49668736025
6.66068872257,2.51102825793
4.86940275039,1.91011451892
13.2649075673,4.71812463451
11.8390287142,4.24210464302
8.79057047177,3.22367635776
8.08199114484,2.98673170556
13.56885289,4.81957614183
8.34414093716,3.07440653328
2.51078740173,1.11253381304
3.51586379931,1.45394293224
7.18958133635,2.68812639396
11.0335304784,3.97311744528
13.0840001561,4.65773815694
11.3933792941,4.09329289276
5.80368713914,2.22379235091
2.87669406866,1.23723801725
4.65304220225,1.8373633791
7.55144716987,2.80923786391
5.39250950225,2.08582664784
2.70971090217,1.18040101109
9.68846016353,3.52377995508
8.91348292299,3.26476642528
12.4881479646,4.45882796646
11.5289245228,4.13855630123
4.60591085943,1.82150877491
13.4073515424,4.76567060675
10.646459276,3.84383500588
6.65628491221,2.50955317969
12.6050589309,4.49785778029
11.2279143935,4.0380357503
2.8993816279,1.24495196156
12.5171714288,4.46851732057
6.10255012218,2.3240045408
4.0094379586,1.62061513986
5.39692249893,2.08730801373
6.76643501168,2.54644601562
3.16006734149,1.3334605999
7.42117707495,2.76564321887
13.0233499873,4.63749278017
9.36610757908,3.41605569174
3.91660479599,1.58930139791
13.6601504849,4.85004852951
4.2476243646,1.70089582269
13.2593061381,4.71625492262
6.25930291768,2.37654557886
11.0308411978,3.9722192791
12.2218801715,4.36993257257
4.3646877329,1.74032196111
13.7334202699,4.87450341658
7.68342515328,2.85339870577
12.9183542036,4.60244398467
12.316988351,4.4016857609
9.64180858766,3.50819090264
6.63917854733,2.50382323747
8.13322742733,3.0038687915
13.6725207392,4.85417730935
2.9329498517,1.25636197824
7.16254390179,2.67907555992
5.51830277065,2.12804757701
8.10069954754,2.99298921413
8.52754968926,3.13573706619
12.9681192254,4.61905621411
8.39164207572,3.09029130432
4.94950847138,1.9370379726
6.46056719161,2.44398782976
3.3684861724,1.40407632853
3.64596781803,1.49792365037
10.6877539012,3.85762830784
8.76232789755,3.21423433393
4.62154775337,1.8267691785
5.16061690797,2.00796276762
3.01675026511,1.2848289582
4.52455795322,1.79413629485
8.8271877577,3.23591796315
5.23619528481,2.03334492302
5.54046154433,2.13548370045
7.96215942946,2.94664873673
10.843029979,3.90949209468
5.8204921385,2.22942867393
6.08722409072,2.31886679224
12.7261780701,4.53829137999
3.41611534784,1.42019783096
8.24394282421,3.0408977093
13.7828800054,4.89101116449
13.0882339789,4.65915142213
4.84099627012,1.9005656162
6.59592261121,2.48933367117
13.013351869,4.63415532646
3.27742261694,1.37323704902
12.8230133693,4.57061745453
3.05734610118,1.29861088406
2.68515380651,1.17203266514
4.24900540933,1.70136105896
3.25049918882,1.36411502455
11.0416291706,3.9758222424
13.7375426548,4.87587931481
3.03361680781,1.29055565276
9.01128825807,3.29746096928
3.68191951872,1.51007053476
8.57287408182,3.15089204164
12.9363974563,4.60846708353
12.7331188249,4.54060840224
11.3883247834,4.09160497556
4.64588200605,1.83495490781
4.49884662969,1.78548367952
11.3813001088,4.0892591322
3.14654365063,1.32887432495
11.1183449606,4.00144339197
8.53959888589,3.13976596259
11.8856272746,4.25766382806
11.5937409835,4.16020021132
11.5174687979,4.13473089344
2.55217147054,1.12666854116
2.52746591993,1.11823140496
9.21658013405,3.36608044116
10.8871714356,3.92423528198
11.8166064697,4.23461782231
10.0259546434,3.63654698727
7.35243624547,2.74263702978
13.5406157888,4.8101513455
4.5778110737,1.81205502842
11.2225712917,4.03625137032
2.72112901802,1.18429108709
11.8195845946,4.23561222525
9.31777116615,3.39990106245
5.7302885388,2.19917269483
6.02045252677,2.29648142621
4.17623870306,1.67684423234
6.52549500913,2.46574054619
7.15581478061,2.67682293309
11.6639067892,4.18362995907
9.18857415676,3.35671980819
11.7691006672,4.21875541494
9.57168578607,3.48475807547
9.41102278391,3.43106655179
8.22744364428,3.03537972748
10.4122909254,3.76561374702
2.85769303066,1.23077604603
8.57825387907,3.15269083769
5.89804962433,2.25543886453
9.71676367329,3.5332376669
13.2723484116,4.72060832516
7.88168273551,2.91972763326
2.40916387429,1.07778604431
4.1993386918,1.68462799301
6.41699095663,2.42938740937
8.31751374683,3.06550195029
5.25531923481,2.03976673917
12.1926646357,4.360178412
14.0654043394,4.98530417751
2.38210332411,1.06852364673
9.59772767089,3.49346054327
7.85499407114,2.91079933727
12.4636411747,4.45064643355
3.9387972916,1.59678851748
13.6822196316,4.85741447099
6.71598774875,2.52955023226
3.76112151614,1.53682112052
4.4090492941,1.75525785783
8.37673386875,3.08530593409
3.32584233244,1.38963740378
2.33932388236,1.05387213853
4.37724455926,1.74454992253
10.4730692993,3.78591672389
10.1723049814,3.68544190742
4.72729479586,1.86233635692
2.9016461572,1.24572181516
10.8386281364,3.90802187301
5.29800328605,2.05409896282
4.38997425862,1.74883588151
2.30308642788,1.04145247114
12.065959684,4.31787474274
11.1353428223,4.00712016618
9.39594146677,3.42602634719
11.994305268,4.29395049484
9.41783874143,3.433344445
7.32692319993,2.73409792353
7.84675573128,2.90804328327
6.22879779085,2.36632175845
2.75254503384,1.19499146671
12.9626998177,4.61724715174
12.1950266836,4.36096702908
2.36575389084,1.06292542669
7.80655580229,2.89459452818
3.60719003359,1.48481892009
3.05677363422,1.29841657376
7.89868464861,2.92541526835
9.59247964371,3.49170680848
9.92376762328,3.60240501619
13.8791835652,4.9231531627
8.25945368309,3.04608509687
9.92450652592,3.6026518983
13.7979929019,4.89605523667
9.01526985749,3.29879190653
12.8839612261,4.590963048
4.035502488,1.62940445493
13.8425547695,4.91092810451
7.74370390743,2.87356671544
5.4110554056,2.09205208448
5.44859915071,2.10465387379
3.32829581163,1.39046826286
9.28791299101,3.38992188707
3.68935639805,1.51258288055
9.37569145688,3.41925869494
4.4578276757,1.7716779288
4.7101718839,1.85657803145
12.2405551161,4.37616752036
4.4243927674,1.76042319399
9.80439245471,3.56251833323
8.97204017526,3.28434127141
3.89253799504,1.58118097678
4.71057599552,1.85671393523
7.87041366725,2.91595775795
9.17660282116,3.3527185021
6.84756354691,2.5736153545
12.9173147981,4.6020970154
11.7468407284,4.21132264791
11.8037663403,4.23033046377
3.1819141694,1.34086835115
3.71725714291,1.52200739467
7.00103587847,2.62500491467
13.3643281159,4.75131007513
6.67698823387,2.51648778755
10.8197636822,3.9017210934
3.96089571401,1.60424306427
13.1672117298,4.68551425785
2.97198915062,1.26962661776
4.76180867327,1.87394220249
2.7644058812,1.19903023437
5.56125259118,2.14246052145
2.98703139911,1.27473621396
13.9501598396,4.94684165957
8.0949189345,2.99105574833
3.83948162769,1.56327551543
9.98917628291,3.62425904657
3.70176977765,1.51677615283
8.81155408208,3.23069146794
11.6941306272,4.1937221535
5.42559093049,2.09693114764
4.58723477694,1.81522559192
4.16531238605,1.67316223332
8.55368270591,3.14447513646
9.24071741836,3.37414790114
2.18507700417,1.00094777431
12.9285581467,4.60585021134
3.41842821177,1.42098054568
4.3753989825,1.7439285183
6.35065264494,2.40715869847
10.1729316819,3.68565127858
4.98151468209,1.94779351052
8.27498586253,3.05127955646
9.00266982845,3.29458005912
9.45192443598,3.4447357678
6.39660507741,2.42255671456
5.40202703753,2.08902149975
7.24283155857,2.70595125832
6.98362304283,2.61917475932
12.1903141881,4.35939366748
10.5287698115,3.80452303606
10.0915366599,3.65845798163
7.5971669968,2.82453666366
4.58235863842,1.81358504941
3.92935406989,1.59360274532
2.19219625605,1.00339404101
6.23034667085,2.36684087853
9.48001349787,3.45412289043
13.1081351055,4.66579447326
7.5171702072,2.79776766036
10.9571904605,3.94762109201
10.0180298371,3.6338992632
5.9485824755,2.27238394833
13.3968625052,4.76216954467
6.17123414855,2.34702793378
4.6405251952,1.83315300279
6.60380271799,2.49197335494
10.8010632645,3.89547506204
9.51808873115,3.46684709696
9.80030615804,3.5611529461
10.2939726704,3.72608824827
10.7737240184,3.88634354691
4.02615429603,1.62625224332
7.11611777466,2.66353371403
11.1271923387,4.00439815381
2.38185530086,1.06843873267
3.51339807104,1.45310905048
12.2688302069,4.38560758619
8.62592176144,3.16862885861
5.30693980508,2.05709943529
2.185714567,1.00116686387
8.90098026139,3.26058687872
2.39560470248,1.07314548283
4.38246363416,1.7463071569
8.31565985895,3.06488197256
12.8088574645,4.56589189725
7.94421000295,2.94064443748
7.21087222791,2.6952533799
5.44118237973,2.10216447203
12.1788720726,4.35557347894
4.21226526254,1.68898338548
3.7736445202,1.54104966478
11.1652467467,4.01710710259
11.7675465522,4.21823648529
8.01793959408,2.96530732571
12.3537105543,4.41394578477
5.39938170064,2.08813351837
13.1587628523,4.68269403572
2.54684621114,1.12485018258
9.74595822981,3.54299299501
11.0500989197,3.9786509573
8.50817960623,3.12926021352
8.38977396144,3.08966660149
3.55348378953,1.46666389472
9.76607732868,3.54971569294
12.7433208128,4.54401411093
7.73338356331,2.87011381926
11.3296348848,4.07200572239
6.1728700988,2.34757628554
13.0782211282,4.65580909477
11.6187228161,4.1685421915
10.9666970991,3.95079619326
2.22979414343,1.01630724814
10.3370257004,3.7404707915
3.34481590011,1.39606230601
7.08172631471,2.65202015119
7.58535590748,2.82058449014
5.8132649301,2.22700472151
3.78732803602,1.54566972907
7.64999176776,2.84221213449
12.6944913047,4.52771338764
9.23405494335,3.3719210972
4.65830602266,1.83913393105
4.20607195703,1.68689668457
7.82557979462,2.9009589992
6.33054278077,2.40041983911
2.70128870504,1.17753126566
4.6165219217,1.82507847008
3.56490943961,1.47052678292
7.56604639428,2.81412313602
2.46675406659,1.09748451051
13.9105080852,4.93360782943
8.13117863853,3.00318354244
2.63571730493,1.15517803844
10.8254245925,3.90361185729
13.2915328521,4.72701191201
3.84578449346,1.56540287115
11.2940942587,4.06013690581
10.5410556951,3.80862698557
6.89099745404,2.58815995125
6.35251983897,2.40778438915
2.58601964181,1.13822304669
5.36066625452,2.07513698598
10.0491679075,3.64430262315
7.25331091762,2.70945898026
6.76928429446,2.54740026489
6.49068122706,2.45407715496
12.3043023962,4.39745042063
11.9027355892,4.26337621875
13.1933399267,4.69423577928
4.43433871937,1.7637713104
12.6999356257,4.52953087046
10.386124934,3.75687286941
6.11423702192,2.32792225608
9.20870603141,3.36344863921
10.7637724122,3.88301961355
11.7009134297,4.19598702174
8.78177132904,3.22073465635
12.9859808802,4.62501863137
5.84347633675,2.23713718969
5.76752034828,2.21166156734
14.0058938448,4.96544281463
6.80212687799,2.55839928596
13.6074167157,4.83244764683
7.03811954473,2.637420864
12.0197591669,4.30244918931
14.0369737548,4.97581562079
8.30891748498,3.062627179
4.75843663066,1.87280835449
13.4311744322,4.7736222561
8.14758235633,3.00866998954
7.38610936457,2.75390694692
12.1378345586,4.34187216125
12.2387845674,4.37557639378
11.3522580739,4.0795606854
3.4388198192,1.42788087085
13.2221785458,4.70386198013
12.7485409457,4.54575673426
12.7783786943,4.55571735401
12.82953679,4.57279511329
8.15012804226,3.00952142284
8.4720690714,3.11718556463
12.1857979552,4.35788583035
2.2573601731,1.02576879917
10.9198934324,3.93516424287
10.0535277207,3.6457592441
9.53136528427,3.47128387795
8.47408091282,3.11785829233
5.99515358264,2.28799922299
11.3649706722,4.0838060064
12.5003223196,4.46289232845
5.39346688431,2.08614802553
12.713919615,4.53419914886
5.88485504328,2.25101410058
10.5610567835,3.8153080653
7.36592303715,2.74715091331
13.0628920129,4.6506921651
8.41655425801,3.09862193325
7.27924355568,2.71813916596
9.43351441267,3.43858322507
4.70390014762,1.85446880772
11.9138656986,4.2670924993
12.9058979856,4.5982859056
8.79975199308,3.22674587792
4.24331251117,1.69944325969
2.78650625318,1.2065541555
11.5991456868,4.16200496493
4.23487943738,1.69660227759
10.766540267,3.88394410516
11.8266264163,4.23796350294
11.7171014002,4.20139238383
6.19301233683,2.35432761654
11.2595943036,4.04861549893
13.0327540365,4.64063192253
6.19792585866,2.3559745119
5.69597033186,2.18766035467
4.92988499387,1.93044311457
12.4771909077,4.45516998506
3.9871764893,1.61310739177
10.9531577551,3.94627421462
7.94583931877,2.9411894668
9.82875188564,3.57065769335
2.82020840925,1.21802405726
3.68678822792,1.51171530729
5.21351534394,2.02572861752
13.0993948665,4.66287696059
7.31377741673,2.7296980016
6.05912294402,2.30944610249
9.61603081327,3.49957687525
6.88761227712,2.58702639304
8.08556840254,2.98792821874
2.43701460878,1.08731455628
4.72968954549,1.8631416708
6.95982373029,2.6112061003
2.39881951297,1.07424583172
13.9113410249,4.93388582516
8.71265268464,3.19762657655
7.43927418087,2.77169970449
3.18735965862,1.34271457288
10.6764118655,3.85383984181
6.28942656688,2.38664107955
3.27327878813,1.37183319192
6.94150180263,2.6050712707
12.1941220229,4.36066499002
11.0510387431,3.97896483771
13.9036745032,4.93132710259
6.00553333281,2.29147937883
12.9342136062,4.60773808397
9.95170289101,3.61173869082
11.6817070012,4.18957372806
5.56354030491,2.14322818765
2.91126498627,1.24899164238
5.85907636626,2.24236899374
2.33876215973,1.05367968119
11.1874288138,4.02451512942
2.56938426096,1.1325450466
2.85261087998,1.22904745142
7.44540430737,2.77375122534
11.2377688363,4.04132672805
3.14293894521,1.32765177299
5.57565028643,2.14729175742
4.16353425055,1.6725630126
12.9401625137,4.60972391128
13.6091249144,4.83301779274
13.0115737712,4.63356178216
11.422133789,4.10289519958
13.8335786971,4.90793228017
8.25796460282,3.04558709755
6.42679375892,2.43267196256
5.90989259573,2.25941028133
13.7407063658,4.87693524278
10.8411115623,3.90885134105
7.59769185486,2.82471228832
6.0584156351,2.30920897704
4.9037571595,1.92166176469
8.78155995532,3.22066399036
11.7704159325,4.21919459083
10.3885652975,3.75768808851
3.23820217971,1.35994796735
2.73781026667,1.18997328116
12.760648047,4.54979840862
2.94832735386,1.26158752963
7.95577201481,2.94451207954
6.58617958743,2.48606990795
12.9349485465,4.60798341729
11.6643077977,4.18376386242
8.30876202736,3.06257519053
13.0338298547,4.64099103834
11.6705279903,4.18584088505
10.7390717225,3.87476929283
2.21948873855,1.01276877552
12.7715938479,4.55345240075
13.3703748796,4.75332839522
13.66021968,4.85007162458
2.46019358685,1.09524144804
10.4374701267,3.77402489993
2.50996382262,1.11225243103
13.3411341478,4.74356825087
11.3537082641,4.08004497139
5.56273537524,2.14295808552
8.57881714133,3.15287917043
6.81006345692,2.56105718939
5.17787336742,2.01375857898
11.0043653166,3.96337682005
6.95324536166,2.60900344466
12.6068171431,4.49844473782
12.5430483373,4.47715615675
10.5383673286,3.80772897116
9.34865079386,3.41022146389
6.27138988861,2.38059640591
5.13717940558,2.00009056435
10.86417158,3.91655338867
7.36126763526,2.74559280738
8.11955138221,2.99929460689
10.5035049174,3.79608354755
13.8724694741,4.9209123043
11.0804534967,3.98878867256
5.02515277495,1.96245635044
7.05071173986,2.64163672845
9.11163596531,3.33100348734
4.62606968843,1.82829034977
5.18323638895,2.01555976978
7.52515294441,2.80043898047
12.2845040235,4.39084049857
9.99055428702,3.62471945211
13.3677750561,4.75246061296
10.5061349111,3.79696207468
9.55430001133,3.47894817609
3.30183454479,1.38150644791
6.41042463677,2.42718725493
9.1504931147,3.34399148855
10.5103478131,3.79836935715
9.1410063621,3.34082056731
9.56770532238,3.48342790647
8.98857948775,3.28987000507
13.5257717379,4.80519677501
10.6722327431,3.85244392775
4.21553269109,1.69008425291
6.01021108594,2.29304773074
2.7575376233,1.19669157684
13.2659147907,4.71846083733
6.02843721004,2.2991584468
5.452808523,2.10606671028
4.6353655773,1.83141739838
11.9636953501,4.28373020508
11.0536424111,3.97983440527
6.07483729092,2.31471426838
4.01472367455,1.62239764441
8.54385999829,3.14119074536
3.8168591153,1.55563932261
7.94273520582,2.94015109624
7.51509797878,2.79707421257
12.4345072209,4.44092007258
8.21153205649,3.03005819677
4.45087143012,1.76933645871
11.7617139599,4.21628894079
5.68035828515,2.18242290289
11.2444299948,4.04355127478
8.73621981356,3.20550576432
9.55137206151,3.47796972228
10.3208376717,3.7350629539
13.9498334197,4.94673271683
6.79123123768,2.55475037204
3.64163290546,1.49645884779
5.28041088756,2.04819205803
9.03046602624,3.30387153271
12.2193396439,4.36908437203
3.81086417135,1.55361558097
5.84967025396,2.23921447033
13.5936462494,4.8278514683
10.5944337477,3.82645705714
11.8111166623,4.23278476062
5.56569799264,2.14395221892
11.9316669025,4.27303619796
8.82520891191,3.23525641781
5.40424008861,2.08976436824
6.78062519516,2.55119839658
9.30174150981,3.39454366291
8.08024562026,2.9861478652
3.07360004718,1.30412746261
4.12555977713,1.65976472182
2.54412076072,1.12391949789
7.1690622986,2.68125762972
3.03143706298,1.28981561695
13.4174346977,4.76903618579
13.6116889995,4.83387360776
2.51989705893,1.11564596321
3.5837861088,1.47690815354
3.89512585698,1.58205420036
7.47638417468,2.78411882809
3.00563146656,1.28105327943
6.64379622405,2.50536998548
2.99551750715,1.27761846106
3.80811396856,1.55268715969
2.51983993898,1.11562645054
4.31985760798,1.72522567905
5.07204823107,1.97821176102
9.70754540796,3.53015736658
11.7215507009,4.20287805573
10.8443963686,3.90994847032
7.24241402044,2.70581149635
4.44744551715,1.76818327527
8.48969056225,3.12307787933
10.793166096,3.89283735688
3.30010000506,1.38091893519
8.28783151433,3.05557551103
8.11786675751,2.99873115239
10.4812539486,3.78865076507
11.0834378627,3.98978537529
11.8569880136,4.24810124731
3.20651027226,1.34920665778
12.4883986214,4.45891164742
2.79490664942,1.20941349614
6.41410326138,2.4284198417
9.14386293882,3.34177537204
8.2130110754,3.03055284799
4.01462346207,1.62236385013
3.77983510549,1.54313988071
2.48578425971,1.10398972774
5.54215891912,2.13605329742
12.9921888927,4.6270909292
6.30806649133,2.39288774786
12.3590868116,4.41574068558
12.4137544639,4.43399173117
4.54651206326,1.80152387042
3.47256733263,1.43929852201
12.9049390539,4.59796579885
10.430637794,3.77174255613
4.21189110964,1.68885732429
6.37032027613,2.41374917208
13.9731807588,4.95452488385
12.2563660557,4.38144624917
9.7824097191,3.55517303541
12.0279655781,4.30518918134
4.14353395942,1.66582271362
3.10654394619,1.31530604552
10.0872904811,3.65703934881
10.6312580679,3.83875742063
3.69447443119,1.51431180303
13.747445083,4.87918437165
7.91694236339,2.93152291771
2.39689303673,1.07358645444
2.52043579022,1.11582999771
7.93997753791,2.93922861436
6.8930237506,2.58883847347
9.2088015216,3.36348055546
6.3405351564,2.40376833097
11.1806578011,4.02225385584
10.6819852376,3.85570146112
8.03441398381,2.97081788879
4.55488455806,1.80434107106
13.6401446498,4.84337122719
11.2737064451,4.05332832338
10.4634473028,3.78270253327
9.48691665804,3.45642984706
9.7366043149,3.5398674092
9.81318321774,3.56545565296
4.26004931796,1.70508135391
8.97101634441,3.28399902522
3.52811738,1.45808675203
7.20495935833,2.69327410166
8.68503637144,3.18839347894
12.6027743578,4.49709510329
9.0811127831,3.32080091884
7.94468728303,2.94080409453
5.7766867081,2.21473615454
3.64000770795,1.49590967014
6.57843898687,2.48347689553
4.13481399166,1.66288380946
6.22324979102,2.36446228973
10.5690094629,3.81796453131
7.83321316695,2.90351271311
12.7396444504,4.54278683928
3.34340915387,1.39558598013
9.517553326,3.46666817375
8.87423322297,3.25164543955
13.7876526005,4.89260406467
8.50727014969,3.12895611282
8.11662929917,2.99831726065
11.0437341669,3.97652526683
10.7433536097,3.87619949859
8.46071618303,3.11338932256
2.73284631589,1.18828251542
10.8410594613,3.90883393926
5.46074888467,2.10873178299
3.53850670698,1.46159986826
4.40852087126,1.75507996045
11.2750508129,4.05377728108
6.06972246955,2.31299956201
4.3479780342,1.7346953803
6.36408032632,2.41165823289
10.5520804032,3.81230963895
3.42728795811,1.42397872274
13.711149842,4.86707036168
11.1719402965,4.0193425172
10.2768456716,3.72036663654
13.4810543461,4.79027115341
6.88423226419,2.58589455952
10.0211338981,3.63493634918
10.9538148619,3.94649368087
9.71121634657,3.53138401905
4.36609412877,1.7407955136
2.79002050059,1.20775037519
3.26097270329,1.36766382947
7.46854714018,2.7814961453
4.02876083841,1.62713118391
11.1602836656,4.01544960174
13.1011865324,4.66347502338
8.46610025884,3.11518968346
8.01882977294,2.96560508585
13.5381120593,4.80931566459
7.07680250108,2.65037172288
8.55801629782,3.14592414064
4.78851989861,1.88292342152
12.5076559541,4.46534062889
8.41228657121,3.09719482977
14.0696002615,4.98670454047
11.7781455135,4.22177554671
8.15643438563,3.01163064334
11.8851002147,4.25748784466
3.22960059048,1.3570329179
11.7568937686,4.21467944196
3.11690057007,1.31881957792
2.28554300597,1.03543684339
9.58395377464,3.48885770689
7.31621994292,2.73051552476
6.09175503454,2.32038571487
10.1179310829,3.66727620569
8.16451192532,3.01433224386
4.61518603644,1.82462906849
7.74492984688,2.87397687817
11.9326263102,4.27335653678
12.2456122094,4.37785591203
5.3701118757,2.07830792746
4.45020712938,1.76911285212
7.08668283771,2.65367952117
9.19662359999,3.35941024416
9.87375660201,3.58569515058
14.1004656466,4.99700564151
8.99669885778,3.29258411525
10.6383333496,3.84112074587
10.778844599,3.88805386619
7.41373391341,2.76315221521
13.7309803248,4.87368905353
4.10718889869,1.65357252163
8.02065905724,2.96621697118
3.21570678481,1.35232391555
9.69309196204,3.52532769447
6.53010542159,2.46728509514
9.04523912195,3.30880969625
5.11007820655,1.9909872059
13.5490890298,4.812979494
12.8697937935,4.5862337038
12.7013119507,4.52999032996
12.0675242921,4.31839713514
6.5172206501,2.46296850245
11.4518320082,4.11281256896
7.03631520985,2.63681676819
13.0684698416,4.652554072
8.00743196926,2.96179256475
8.04671396815,2.97493209754
6.55881579531,2.47690323095
5.72726187378,2.19815740459
8.07141610913,2.98319457197
12.163962894,4.35059572295
10.4873374015,3.79068290665
6.24765182221,2.37264076036
10.0496706485,3.64447058989
12.8815440339,4.59015614671
4.42461557651,1.76049819983
8.71838040135,3.19954153219
5.01106949594,1.95772441829
3.58214246759,1.47635254163
7.99098168972,2.95628994972
13.4502097564,4.77997587714
8.87725243795,3.25265475941
10.3591297285,3.74785489636
4.76966157708,1.87658269206
4.14996980988,1.667991725
7.4978658852,2.79130763536
5.72263773902,2.19660623408
12.2212935894,4.36973673171
9.52813650083,3.47020488028
6.79327199863,2.55543381985
5.88770307083,2.2519691871
13.9371831372,4.94251067624
2.54099135583,1.1228508253
9.15467516863,3.34538932347
2.84517996939,1.22651979517
6.31682455121,2.39582271539
2.79390356802,1.20907208049
3.76494125909,1.53811093483
13.1206689439,4.66997828956
11.6192597146,4.16872147299
10.4564640723,3.78036980488
12.5945527165,4.49435040489
10.4416494866,3.77542101406
13.6935662145,4.86120156876
13.750519431,4.8802104718
5.09812700533,1.98697256511
2.84313307035,1.22582349662
5.72176240137,2.19631259965
7.82542468365,2.90090710728
11.7982689725,4.22849487127
13.1874904551,4.69228324542
3.93025970708,1.59390827836
13.4886959338,4.79282174579
13.4714585988,4.78706830085
5.70491679297,2.19066159671
8.0818629999,2.98668884387
8.25097834275,3.04325064629
3.26131366549,1.36777935472
10.9440750473,3.94324068764
13.7968297403,4.89566702095
13.7970465328,4.8957393774
14.0187378215,4.96972945131
6.44821027712,2.43984767941
13.5531631809,4.8143393386
5.69922942427,2.18875367854
8.84258875435,3.24106662323
13.8919314165,4.92740780883
3.79090440579,1.54687718635
2.33857417918,1.05361527488
5.65573305564,2.17416142507
10.3068214254,3.73038060287
11.9719403596,4.28648312424
7.88002519592,2.91917313375
13.9493514611,4.94657186299
13.5330884437,4.80763890891
7.51779019294,2.79797513131
4.31735457619,1.72438271851
11.4194879709,4.10201165567
5.01293664495,1.95835178424
11.4626629882,4.11642942521
11.6820716703,4.18969549645
13.9698633621,4.95341770562
8.87246066253,3.25105287393
3.48273081101,1.44273656243
13.2642235545,4.71789631666
2.38195566202,1.06847309269
8.64927536398,3.1764370865
3.07079960337,1.30317705378
2.95610129146,1.26422893713
13.0808842753,4.65669806399
13.6388639578,4.8429437727
11.4795659717,4.12207392028
9.40383386635,3.4286640068
8.78488369907,3.2217751758
3.67241021792,1.50685791514
11.2800146034,4.05543495969
6.14910543544,2.33961050293
12.5060266669,4.46479669915
10.4344558048,3.77301796509
9.94602135673,3.60984039738
4.50804133797,1.78857806052
5.56128740619,2.14247220401
12.3655840904,4.41790984412
13.2540347831,4.71449538499
4.83482764469,1.89849191197
10.9737821398,3.95316250386
12.9591187283,4.61605174063
7.46202977787,2.77931507916
7.88624669536,2.92125441853
3.61636363356,1.48791937168
2.34750712325,1.05667566177
8.93340893766,3.27142748001
8.21610638958,3.03158806014
13.7397659095,4.87662135382
11.8474724306,4.24492400081
11.2227308265,4.03630464852
9.37625963655,3.41944858431
11.9041103536,4.2638352454
4.13735458908,1.66374008273
12.8300785606,4.57297596791
7.09285195501,2.65574483705
9.66805535967,3.51696154458
12.5432523744,4.477224273
4.4544307815,1.77053454281
5.36442341983,2.07639829307
2.63413342524,1.15463785558
11.0794379541,3.98844950681
2.78292582722,1.20533535815
11.5955117532,4.16079151201
3.04016807051,1.29277975045
6.33456927752,2.40176914297
2.68413441762,1.17168523007
8.28019302248,3.05302098495
4.09419015198,1.64919077238
6.54530373996,2.47237666344
3.28634518177,1.37625970133
4.39630040868,1.75096575312
5.44441083075,2.10324809033
10.1878111823,3.69062227883
13.9951709928,4.96186408958
4.55309610343,1.80373929376
4.18206448261,1.67880735767
8.70143593546,3.19387644502
6.75758893611,2.54348336746
4.3431634666,1.73307412428
11.8350689727,4.24078248274
12.7967939304,4.56186480869
11.6884945895,4.19184020212
4.52433972591,1.79406285831
9.67094455666,3.51792699429
10.4912880376,3.79200259086
12.6668237171,4.51847705704
13.5596054112,4.81648958374
13.2884840837,4.72599426322
12.4331509886,4.44046729326
2.8471428299,1.22718749108
10.5807189439,3.821875883
6.33586968222,2.40220491488
11.7345571355,4.20722104115
7.80571577335,2.89431349439
6.81906336906,2.56407116439
8.26137659059,3.04672818205
5.23244098287,2.03208419455
8.53168241476,3.13711893148
2.86196586231,1.23222929092
7.56418824547,2.81350135577
13.8758678868,4.92204654029
12.4754460855,4.45458748041
3.9676396869,1.60651787071
6.31885786508,2.39650410628
10.5658594981,3.81691233662
13.7441326645,4.878078812
13.73201737,4.87403518073
7.11128840066,2.66191696364
9.72519500736,3.53605500117
6.4423581368,2.43788691068
5.82656559132,2.23146564017
7.41017679903,2.76196174902
12.7305417667,4.53974810701
2.90559676746,1.24706482727
3.7685576095,1.53933204376
11.3391571652,4.07518567276
5.3302798077,2.06493563834
8.01661397879,2.96486391398
11.1506299179,4.01222556983
6.23587083166,2.36869233709
11.6379476396,4.17496174039
3.722490025,1.52377482311
7.98705148564,2.9549752867
12.9868290226,4.62530175011
5.58787020451,2.15139211368
11.6500427482,4.17900051867
3.39437204346,1.41283886501
12.5126465957,4.46700672944
10.8015367297,3.89563320225
5.40402117516,2.08969088438
10.768188614,3.88449466938
6.59537078997,2.48914882066
10.2421152843,3.70876414613
12.9684160201,4.61915528763
12.9527791987,4.61393552652
8.52553937434,3.13506487298
11.7783313632,4.22183760302
10.9831159387,3.95627986175
11.1254992164,4.00383270181
4.26581982643,1.70702516245
6.22511240513,2.36508656562
7.10681013052,2.66041774623
7.55669735801,2.81099471807
2.83735617946,1.22385827119
7.77331441202,2.88347338531
11.1582610197,4.01477410582
10.09676622,3.66020515512
3.08021522563,1.30637240969
3.72401718803,1.52429061882
4.55074249549,1.80294734852
8.86894027195,3.24987600816
7.78621719412,2.88779013983
10.0579353679,3.64723184373
4.69681594377,1.85208629486
7.95257628177,2.94344306922
14.0770849049,4.98920249136
8.42701435254,3.10211974424
10.6775348167,3.85421493056
6.00046901869,2.2897814071
3.21386795319,1.35170064283
12.3008591436,4.39630085209
9.19194832759,3.35784758831
3.19041295655,1.34374971592
8.60176292638,3.16055127958
12.2774718127,4.3884927038
11.9682612717,4.28525471746
6.70155388407,2.52471584882
2.99712595412,1.27816473137
11.0733325394,3.98641044912
11.0295621152,3.97179209071
14.0038738409,4.96476864385
7.41895372947,2.76489913348
5.96031880578,2.27631925414
12.3922382802,4.42680848295
3.61340079006,1.48691802283
8.98056348289,3.28719043498
6.05763740557,2.30894807513
5.87384349607,2.24732133031
9.719047206,3.53400071152
8.09184297303,2.99002691517
3.98779098465,1.61331464314
13.8090946002,4.89976052506
8.07334263346,2.98383895718
4.83582795343,1.89882818795
5.33482221471,2.06646066233
14.050174613,4.9802213427
13.6719111062,4.85397383433
6.36223832973,2.41104099626
6.34922059441,2.40667882182
14.0562977257,4.98226489837
6.47623983185,2.44923880173
2.95486142595,1.26380767313
10.0348858702,3.63953095163
2.74678552563,1.193030072
2.6082003542,1.14579171582
10.2389613664,3.70771049882
2.90036289283,1.24528555651
9.44771187104,3.44332795353
5.48101697771,2.11553427898
4.54367587448,1.80056952285
11.4720173633,4.1195531804
3.58833215361,1.47844485548
6.81934056064,2.56416399239
9.70452416795,3.52914781081
11.1904706823,4.02553100201
7.72630327263,2.86774493578
8.24583000451,3.04152885321
10.1434570642,3.67580419662
12.6363755168,4.5083124031
6.15263854387,2.34079480026
5.18710727058,2.01685980478
4.85216341562,1.90431957359
9.52181482505,3.46809229223
11.9701979317,4.28590134699
2.92419682836,1.25338716948
10.4651927977,3.78328560992
5.23336135761,2.03239326576
11.9936200902,4.29372172293
10.4694523219,3.78470848797
10.2748081348,3.71968595462
2.91093889111,1.248880795
9.69122312672,3.5247032139
11.4902494248,4.12564148311
3.01977296017,1.28585532235
10.2811983698,3.72182074491
12.8158024503,4.56821029047
12.508230683,4.46553249931
4.06798022949,1.64035486915
5.90679996767,2.25837320889
2.22487934887,1.01461979105
3.23459223757,1.35872459536
4.0326883112,1.62845552892
11.7258738431,4.20432160013
6.91873702004,2.59744863464
5.87090170267,2.24633477468
13.5146907951,4.80149822646
9.86177049737,3.58169025455
13.1169504637,4.66873705572
7.89192634022,2.92315442685
7.13303567823,2.66919732707
4.47723735806,1.77821090419
10.4728623745,3.78584760158
10.1043363746,3.66273430437
2.25702598785,1.0256541265
9.6675666455,3.51679823645
11.9943557621,4.29396735413
6.66523296771,2.5125503667
11.5047475635,4.13048287949
2.84418912782,1.22618274022
11.6640221771,4.18366848902
9.87993308459,3.58775887951
10.248025953,3.71073875329
13.9632667801,4.95121610034
3.88254798498,1.57780993192
7.23869409093,2.70456632672
6.49204956543,2.45453558932
11.600538385,4.16247001817
12.6563213042,4.51497099903
2.27521655205,1.03189498375
2.76785856199,1.20020580699
12.5731344846,4.4872001558
7.86638492776,2.91461000312
6.33739229452,2.40271514857
6.43665042817,2.43597451838
4.54704030038,1.80170161559
11.8863789961,4.25791482509
4.71365915007,1.85775080227
12.0528417734,4.31349491776
2.42922912222,1.08465136234
13.1189391649,4.66940088707
5.77659473908,2.21470530649
7.06712917367,2.64713319357
11.7147923377,4.20062136099
2.44409349063,1.08973574921
10.6708154927,3.85197053606
8.56435371428,3.14804314745
8.60756745069,3.16249205121
4.79016097859,1.88347518404
14.0468517834,4.97911236548
6.88690612034,2.58678992926
3.96216257538,1.60467039453
8.21222099053,3.03028860773
2.36629220366,1.06310977588
14.1067722356,4.99911041397
8.61982556901,3.16659059024
6.26013383978,2.37682405645
7.01734949357,2.6304669254
8.54219441087,3.14063382548
8.21073404265,3.02979130441
13.2556534055,4.71503566883
12.1240262752,4.33726191684
9.38661248757,3.42290856543
3.4845246402,1.44334334321
13.5051231041,4.79830475838
13.4769972627,4.78891698756
3.24043642953,1.36070511327
14.0888754033,4.993137487
8.84598702306,3.24220268163
13.3274674799,4.73900649094
3.22420694483,1.35520492395
10.5032372436,3.7959941333
3.15582409495,1.3320216507
6.07059224609,2.31329114924
7.49821299185,2.79142379264
8.35436580129,3.07782585643
10.4008272274,3.76178425335
4.29869512537,1.71809839942
10.3335000154,3.73929299
2.82855645574,1.22086446916
3.82576850703,1.55864678561
8.73697256394,3.20575742912
10.2785630668,3.72094036803
13.7573859191,4.88250224181
6.79504463976,2.55602747333
11.5384083008,4.14172320763
13.8792075009,4.92316115133
12.6634903987,4.51736428433
11.3633267124,4.08325701355
13.1722924144,4.68721018014
13.4725483948,4.78743205141
12.7044611321,4.53104162286
9.7416461812,3.54155213709
11.3931977146,4.09323225565
6.63029227209,2.5008466433
2.45721214881,1.09422200174
12.3738702901,4.42067624065
5.81120014963,2.22631220339
5.70091577018,2.18931939227
10.8446310035,3.91002683861
2.78787460696,1.20701993729
7.16043957941,2.678371123
13.9763054113,4.95556773332
9.5123759572,3.46493798361
2.21307931375,1.01056766055
11.850781509,4.24602890067
7.36596909784,2.74716632923
3.37964460495,1.40785373652
9.7947737043,3.55930433886
10.0025223548,3.62871809693
5.89454839653,2.25426474828
7.5304010447,2.80219517876
11.7202598126,4.20244701371
9.98046686768,3.62134913382
13.7524409203,4.88085179142
5.09412827799,1.98562928688
2.65767715483,1.16266627393
12.9041831472,4.59771346505
10.8308003328,3.90540737003
6.55782126903,2.47657006533
6.4908298712,2.45412695524
8.75731876596,3.21255966991
11.4496654674,4.11208908122
7.658988916,2.84522254845
11.0518548069,3.97923738508
3.01047257274,1.28269725421
2.32047769079,1.04741399993
7.18468574796,2.68648760538
9.01929442696,3.3001372044
2.77817643074,1.20371855679
13.1602203747,4.68318055476
13.1903955787,4.69325296613
13.4259090522,4.77186477065
6.92679965804,2.60014837845
4.54507171706,1.80103921033
3.9004127027,1.5838381069
5.91048568363,2.25960916496
11.6835807725,4.19019940785
12.953201749,4.61407657919
7.05025282425,2.64148308463
7.64135549467,2.83932244538
13.421122077,4.77026696625
10.5238964315,3.80289513774
13.4901902908,4.79332052855
11.5356826798,4.14081304523
14.0075817989,4.96600616451
9.04676985289,3.30932136727
3.91711457145,1.58947339124
11.946950929,4.27813940642
7.77775209509,2.88495806182
4.76657291193,1.87554415551
3.09895593135,1.31273156664
9.4997548559,3.46072020398
9.40839972642,3.4301899238
9.21275122225,3.36480068561
12.1617833772,4.34986804198
4.69291896624,1.85077566574
3.40844990524,1.41760361401
2.6105586852,1.146596306
9.37614313383,3.41940964834
7.95476213997,2.94417426481
5.93559725033,2.26802978188
4.03112281845,1.62792764727
9.41851348254,3.43356994307
7.73489995834,2.87062116422
11.9776342544,4.28838425049
6.21538007199,2.3618246457
11.9632756172,4.28359006065
6.82548058683,2.56622020235
8.08806914495,2.98876465954
7.7703924783,2.88249581663
8.47043713948,3.11663987193
10.3143668983,3.73290129185
7.7941755119,2.89045265086
7.97924644028,2.95236446749
3.65687798438,1.50161011305
4.41636818423,1.75772177857
2.36798315992,1.06368884514
7.8165008112,2.89792164067
7.00597756118,2.626659465
12.9043226225,4.59776002416
12.2967796841,4.39493887748
8.03631884652,2.97145504688
10.6884256284,3.85785267766
13.0491847461,4.64611660249
8.07714329784,2.98511020326
8.99105516982,3.2906975674
7.66427223449,2.8469903169
2.81598138518,1.21658571418
12.2276897068,4.37187218774
9.32779680191,3.40325178759
7.98972452578,2.95586942571
4.86231453346,1.90773187404
3.48640155903,1.4439782219
13.4485187783,4.77941146245
7.85296072142,2.91011910226
4.96587862998,1.94253920857
12.0291786275,4.305594199
8.93883774922,3.27324226051
9.9346940045,3.60605572991
10.788898877,3.89141207524
11.4909560045,4.12587743333
4.39227326731,1.74960991171
4.02690537881,1.62650551373
4.97519018224,1.94566826815
8.2521914221,3.04365634357
10.9087337843,3.93143699735
3.96371667741,1.60519461145
9.7277984684,3.53692494668
2.26788759625,1.02938081172
11.2615100098,4.04925526037
5.43289698001,2.09938347119
9.0336251572,3.30492753052
13.2004555485,4.69661094678
11.6534025219,4.18012240624
10.7156077356,3.86693197906
3.38304202751,1.40900378682
3.03024622541,1.28941131422
3.33981436518,1.39436875742
13.6588083156,4.84960055746
6.10608305863,2.32518886952
6.14143639259,2.33703981804
3.70738057152,1.51867139269
5.07845162302,1.98036294792
7.42148504379,2.76574628645
8.13478280059,3.0043890094
9.9449494442,3.60948225336
9.33809463069,3.40669346577
4.1889048633,1.68111231184
10.0040937539,3.62924311471
13.9060207103,4.93211015597
12.1669337564,4.35158761195
9.57162095816,3.48473641166
5.5804774618,2.14891151376
7.1262028351,2.66690990602
5.4872447425,2.11762441772
8.71169016823,3.1973047764
5.82016832141,2.22932006875
6.26964954564,2.38001315201
12.1693325344,4.3523884972
10.927229367,3.9376143868
3.16310698154,1.33449135515
2.60312669936,1.14406065151
10.9745785875,3.95342850661
12.7403842997,4.54303382157
8.65718448148,3.17908145689
12.979433606,4.62283308164
4.35044766567,1.73552699131
7.54322074632,2.80648506421
10.2154096019,3.69984238459
7.96981821925,2.94921066786
13.252971046,4.71414031752
10.1383371874,3.674093701
5.38018665388,2.08169000461
4.63871060536,1.8325426102
9.5577890752,3.48011413956
6.79860913826,2.55722121188
5.17062177307,2.01132306534
4.46240149878,1.7732174434
2.56310312544,1.13040081444
5.17905856115,2.01415663281
5.43134164528,2.0988614162
2.27992821844,1.03351111903
13.5370783874,4.80897065121
13.5523226701,4.81405879825
9.6324647915,3.50506854612
7.16382131165,2.67950318121
8.46253280487,3.11399677665
13.3296096843,4.73972153228
7.55654607717,2.81094409555
8.15464982365,3.0110337795
9.59700761453,3.49321992208
11.011620527,3.96579993495
10.7394400846,3.87489233062
11.9082624981,4.26522162372
5.54385924085,2.13662388127
10.4987477578,3.79449445641
5.3530083515,2.07256613982
12.5114429493,4.46660489834
9.27047668293,3.38409426593
3.32251147793,1.38850940059
5.58430746788,2.15019665894
9.27977308466,3.38720134703
4.57301731402,1.8104421495
7.94297512858,2.94023135396
2.40547083858,1.07652222489
11.396767548,4.09442437415
5.44758802806,2.10431449796
7.90357935498,2.92705267552
8.13943346625,3.00594449061
13.3190452108,4.73619523865
11.5154419635,4.13405407174
7.91194152251,2.92985002392
2.96753129092,1.26811220959
11.9995907061,4.29571523195
11.1900895895,4.02540373105
4.96484443023,1.94219167044
11.7168532097,4.20130951017
4.39264115527,1.74973377159
10.4560925911,3.78024571249
12.4262564159,4.43816553204
2.68803090421,1.17301323257
5.58102594161,2.14909555487
5.37979869475,2.08155976917
13.6564091592,4.84879979751
6.97368253211,2.61584643157
10.0090583471,3.6309018252
6.51073423681,2.46079542739
6.64862774758,2.50698835416
3.10697594452,1.31545260954
5.30287535371,2.05573478713
5.57398062856,2.14673150076
8.39509556544,3.09144615918
7.15922713523,2.67796524796
2.42721500036,1.08396233343
9.04746751157,3.30955457056
11.994243817,4.29392997715
12.431428523,4.43989224643
5.45485643366,2.10675406764
13.4841959001,4.79131973485
9.48883007426,3.45706928733
8.96010944664,3.28035305469
12.1260722283,4.33794501097
3.49253525915,1.44605292466
3.74650896392,1.53188663464
13.3138883668,4.73447394382
5.62843887904,2.16500407211
2.98357388874,1.27356182478
12.947524163,4.6121813279
3.41024001281,1.41820945327
9.62685717569,3.50319467841
10.766194101,3.88382848225
10.6101023444,3.8316908313
8.09122449003,2.98982004758
2.71284975322,1.18147045237
2.92767999355,1.2545709932
9.22418726895,3.36862300256
10.9391332669,3.94159018213
11.8672443655,4.25152582706
11.0460533158,3.97729981316
9.06365946664,3.31496695838
12.7331479663,4.54061813046
8.22831011109,3.03566951009
2.35114775956,1.05792278878
2.69270141024,1.17460494906
10.0793339722,3.6543811015
9.24338260072,3.37503868479
10.3502915902,3.74490242222
6.27658812762,2.38233852068
9.34998219319,3.41066643237
13.9307642683,4.94036837082
13.8801630459,4.92348006859
3.44011122631,1.42831783693
3.18532176846,1.34202366301
5.05364565854,1.9720293068
13.411479388,4.76704840942
3.13177102904,1.3238638765
3.89514547401,1.5820608197
6.73554469105,2.53610036477
11.9508080415,4.27942726077
5.06870385755,1.97708822126
10.4928791483,3.79253409046
12.3950003001,4.42773059436
6.07550226057,2.31493719351
3.53847322983,1.46158854846
4.77640701875,1.87885075299
7.03516570612,2.63643191085
3.27979955029,1.37404229172
4.45506086892,1.77074662972
6.05252107584,2.3072328141
3.53569454836,1.46064897009
3.97472601747,1.60890807558
6.19742520708,2.355806706
8.61466630528,3.16486557872
9.49032011306,3.45756723963
9.59318848666,3.491943683
9.16108837741,3.34753290684
7.37515547564,2.75024087611
4.65442674265,1.8378290896
2.48895693892,1.10507407859
9.96418296703,3.61590847174
6.20158145918,2.3571997738
7.50477473094,2.79361963449
14.0769602796,4.9891608985
6.69513440283,2.52256572162
12.6730897797,4.52056887522
6.48928871687,2.45361062143
10.4219080682,3.76882637866
3.26032166916,1.36744324437
4.81309512943,1.89118579464
7.94301293833,2.94024400187
5.62336389981,2.16330133194
2.23803558637,1.01913651456
5.13752628093,2.0002070765
3.85267769054,1.56772939422
11.8789791793,4.25544405142
12.735674311,4.54146149563
8.20210729318,3.02690611448
4.15462108353,1.66955925946
3.45047354175,1.43182393025
5.13632585134,1.99980386311
4.22661681134,1.69381861902
5.3675320801,2.0774418842
5.38056327119,2.08181643257
10.9977887148,3.9611803437
12.2077861913,4.3652270388
4.91819020233,1.92651267297
5.79276005668,2.22012736077
8.17088751623,3.0164646019
5.77096508467,2.21281700962
9.97636232066,3.61997775511
13.9935073134,4.96130884015
12.1271462184,4.3383035901
8.21117669454,3.02993934749
4.14382520646,1.66592087108
12.2824292788,4.39014781857
13.3042766741,4.73126566751
5.53765036415,2.13454033348
8.85732415751,3.24599272621
6.31894892822,2.39653462272
10.0645096681,3.64942831938
10.1450446859,3.67633460319
12.3449399416,4.41101764991
4.02897817912,1.62720447191
10.5442933541,3.80970848298
11.9623696638,4.28328757226
9.25519073789,3.37898530222
8.88767275204,3.2561382437
13.8559004329,4.91538230059
7.34522260175,2.74022267636
11.7756363329,4.22093771608
8.21527612938,3.03131038405
5.92041270939,2.26293802149
10.3930135636,3.75917405839
12.2348572742,4.37426520196
10.2268572386,3.70366679159
11.6118463433,4.16624599274
11.0027286385,3.96283019706
8.21230334522,3.03031615088
6.6118632064,2.49467343459
6.47783673145,2.4497738216
11.7458624035,4.21099597656
2.42447716458,1.08302568638
5.40083428697,2.08862112029
11.8788592847,4.25540401897
13.4223255583,4.77066866632
12.2411231711,4.37635717471
5.13310080661,1.99872059374
6.58645286325,2.48616145173
4.79040159395,1.88355608329
7.27263619148,2.71592756754
11.0935182055,3.9931519477
2.91522149417,1.25033652145
6.3310424842,2.40058729324
8.86240865405,3.24769248323
2.68276256711,1.17121765941
4.60976426634,1.82280512444
7.92266403969,2.93343693884
2.92048976775,1.25212720273
4.48438096714,1.7806152069
9.07646913552,3.3192487348
12.0946567836,4.32745611668
6.43469913593,2.43532072598
10.9191265283,3.93490810261
13.3859589405,4.75853011305
4.95287549261,1.93816948988
2.38268526985,1.06872288219
5.05108548393,1.97116917677
4.87930718888,1.91344372982
2.46006150136,1.09519628493
9.07505056067,3.31877456165
13.8305889327,4.90693442523
8.89427544728,3.25834549667
9.77695740957,3.55335119269
13.1183269526,4.66919652975
3.22289679079,1.35476087915
3.79593438355,1.54857537143
4.73568313349,1.86515718645
13.8106489424,4.9002792997
14.0295681857,4.97334404407
6.29819288281,2.38957889584
7.16046468154,2.67837952613
11.7738926735,4.22035549726
8.32839831018,3.0691419527
13.2572060032,4.71555391399
13.1271150513,4.67213000695
4.77356614779,1.87789555543
7.10221098834,2.65887805617
3.64364586316,1.49713904759
10.4383991594,3.77433524326
11.3146461878,4.06700025233
9.67513405876,3.51932694967
12.6817204754,4.52345008107
11.8106256361,4.23262080548
4.80863579258,1.88968657886
10.964121104,3.94993584335
11.0240490499,3.96995083349
11.5009315333,4.12920858585
5.99046573116,2.2864274449
4.77917607136,1.87978179468
4.12971591764,1.66116554463
9.77594493256,3.55301288164
7.0924731557,2.65561802186
12.859410993,4.58276772897
11.3600791255,4.08217249601
3.22439722443,1.35526941418
8.77488636116,3.21843288474
3.11532351408,1.31828457565
13.6631201603,4.85103970932
6.08058088788,2.31663974989
11.6001150378,4.16232865304
9.73771182108,3.54023748015
4.38969539549,1.74874199342
11.5023744037,4.12969040626
8.98841167258,3.28981390837
10.1858081262,3.68995309196
10.6919687881,3.8590361602
4.30728677481,1.72099204101
2.70735527371,1.17959839459
5.13643460444,1.99984039234
6.660285236,2.51089310844
4.21827386669,1.69100780251
6.66099569505,2.51113107958
11.4658773153,4.11750280316
7.0080865844,2.62736559515
10.5259567362,3.80358335993
4.39347747922,1.75001534303
9.3941133983,3.42541540064
5.3996648459,2.08822856425
6.07497998659,2.31476210585
5.69454463094,2.18718207428
2.34143162386,1.05459427553
6.14103371749,2.33690483934
4.59292901148,1.81714134228
11.580673434,4.15583664727
6.55278321978,2.47488231543
12.8915066789,4.59348185028
4.59816338456,1.81890234535
3.17071516619,1.33707120449
10.5267007598,3.80383189272
2.91654978578,1.25078801594
5.13234285988,1.99846600357
8.06246129199,2.98019934588
11.0150211342,3.96693567703
10.0453663787,3.64303252381
4.04766868047,1.63350668681
12.3613142793,4.41648434045
13.8072159868,4.899133522
5.87364634371,2.24725521374
3.19469359224,1.3452009113
14.0205640833,4.97033895971
12.5831128849,4.49053134298
4.77315893846,1.8777586371
4.0207783107,1.6244393965
11.1482428837,4.01142837795
4.74522591057,1.86836613971
12.0934594033,4.32705633731
10.0775563697,3.65378720825
11.7143783235,4.20048311677
5.22282008111,2.02885335603
2.70900878005,1.18016178453
5.22282675971,2.02885559883
12.1954784272,4.3611178527
10.9969366638,3.96089577238
5.57430410702,2.14684004468
11.4686942688,4.11844348312
9.12181726581,3.33440661363
2.29739360555,1.03950062143
13.5406006409,4.81014628955
10.8808996838,3.92214053874
12.5193995009,4.46926114982
2.19684937274,1.00499271702
5.71908750513,2.19541529524
9.80904679364,3.56407352182
7.28040152271,2.7185267559
12.4897202247,4.45935286015
7.40155703248,2.75907693839
9.47196788745,3.45143413011
4.10459576492,1.65269842259
4.89929148849,1.92016082327
12.6451189185,4.51123125762
8.34056506099,3.07321070951
11.0985900832,3.99484581885
8.53464070359,3.13810809638
12.3835316444,4.4239017338
11.2429343633,4.04305179717
5.47457927035,2.11337365047
2.32113624329,1.04763970712
11.1224247816,4.00280593219
4.99384466464,1.95193668763
11.339182113,4.07519400403
11.6624815462,4.18315404691
2.80667242118,1.2134178758
3.69163501933,1.51335262797
8.07813931244,2.98544334958
6.04068799534,2.30326569115
6.20511009191,2.35838247277
8.14028391539,3.00622893481
7.65783032852,2.84483489053
13.7800771443,4.8900756816
6.44739182865,2.43957345795
13.2100128142,4.6998011205
11.3593926068,4.08194323592
2.27123744516,1.03053000898
3.33041210005,1.39118492131
4.42411685835,1.76033031264
7.31196808137,2.72909240861
4.31476523022,1.72351068053
7.35630279313,2.74393112769
5.70203745052,2.1896956782
10.1656357137,3.68321380266
6.06957508056,2.31295015071
10.0443673977,3.64269876164
7.01187620823,2.62863440941
3.71338983966,1.52070116162
8.31855227019,3.06584925322
9.2716584058,3.38448922698
12.2435967498,4.37718301879
9.63891525881,3.50722405894
6.52929942303,2.46701507569
6.16834960452,2.34606106425
10.0092593336,3.63096897633
12.9628891608,4.61731035673
4.65393045902,1.83766215756
12.853179758,4.58068762141
6.37586046336,2.41560561253
3.19779594774,1.34625262022
6.98234663369,2.61874738822
5.95096300859,2.27318217076
4.53426855178,1.7974039898
8.97874877596,3.28658381756
8.00724990534,2.9617316648
3.03295993306,1.29033264167
3.04369697207,1.29397772447
6.22160500831,2.36391102096
7.67138270767,2.8493694279
9.64208937787,3.50828473229
3.62720379595,1.491582851
13.7989698662,4.8963813073
2.88284526034,1.23932965739
9.09882142997,3.32672016817
7.05273720903,2.64231484962
6.49230666396,2.45462172493
7.12488712603,2.66646944605
10.9391117689,3.94158300201
10.5071752951,3.79730960592
2.91824522426,1.25136429669
8.84315787008,3.24125688166
13.9385858788,4.94297884265
7.38441570021,2.75334011031
4.63404131474,1.830971935
12.3456205119,4.41124486364
3.56621217215,1.47096720442
6.89341275886,2.58896873592
7.47458485688,2.78351668371
8.09133716477,2.98985773456
12.9712232025,4.62009235746
2.82197968505,1.21862675421
10.7189048114,3.86803325436
7.44082435282,2.77221848939
4.83001882398,1.8968753061
5.68214710454,2.18302301528
12.851943379,4.58027489368
6.59482887329,2.48896728788
8.42742729434,3.1022578297
6.83497512914,2.56939976333
11.0607817028,3.9822187671
7.47868420266,2.78488853438
2.85246409952,1.22899752545
5.3427959315,2.0691376423
10.9711072702,3.95226913321
4.87618239988,1.91239339486
11.6456976689,4.17754961869
10.0012299791,3.62828630294
13.7623401239,4.88415576337
7.53644608959,2.80421805202
10.7033598959,3.86284099623
13.6872521328,4.85909414713
11.3826753441,4.08971838327
8.41163983498,3.09697856247
3.79040466847,1.54670846601
5.46748462226,2.11099250397
2.98215775167,1.27308080334
5.68214752432,2.18302315611
13.9485568831,4.94630667226
8.73700794169,3.20576925685
4.0085621839,1.62031979753
2.35477282166,1.05916450128
2.89509463191,1.24349449511
3.59726671762,1.48146488109
3.67395040502,1.507378264
9.63139042535,3.50470953118
4.625843741,1.82821434198
9.03922422485,3.30679911752
10.3109856683,3.73177173744
2.74736782935,1.19322838121
12.7457344657,4.5448198546
2.7415314446,1.19124067961
10.537479631,3.80743244694
7.82834918775,2.90188549038
3.0199067848,1.28590076216
3.56844064723,1.47172058784
2.59374431841,1.14085918495
5.40285138162,2.08929821284
5.60302527494,2.15647720809
9.42606723921,3.43609439876
9.04360719114,3.30826419709
8.59631613869,3.15873011233
5.93810262681,2.26886988486
10.9377975056,3.94114405068
10.8320427189,3.90582233006
7.42170074164,2.76581847378
7.49350034796,2.78984672971
11.2290248636,4.03840660205
4.54006034196,1.79935292052
2.39321092991,1.07232611588
10.8366586644,3.90736406584
2.29257666539,1.03784891684
8.04872596128,2.97560508325
11.7364084991,4.2078392297
3.15321857867,1.33113805419
12.5450221859,4.47781511107
6.44117073531,2.43748906798
3.85446099929,1.56833126481
3.75132168499,1.53351187903
5.03810710707,1.96680880055
5.90321513148,2.25717107373
9.84101058935,3.5747537325
4.11635441115,1.65666196945
11.4785095073,4.12172113083
8.82828610665,3.23628515041
12.9711410436,4.62006493189
13.1779389725,4.68909498789
3.15912010612,1.33313938266
8.04431010958,2.97412803653
4.65417409875,1.83774410927
8.12291089528,3.00041825725
5.51723866831,2.12769047281
6.75489017313,2.54257951552
10.9812482068,3.95565606626
3.42862443943,1.42443097737
4.51234659537,1.79002691381
2.18303241129,1.00024515887
11.0343883999,3.97340397381
5.31638308034,2.06026998454
12.9616772659,4.61690581164
11.4321149779,4.10622830937
3.45452759664,1.43319555161
5.3295738535,2.06469862663
6.44574722422,2.43902243167
11.7698691165,4.21901200532
9.87047505327,3.5845986946
13.4813423157,4.79036727135
9.08057757511,3.32062202061
6.8702411645,2.58120944173
6.07092729545,2.31340347236
6.19390582708,2.35462709411
11.0299873073,3.97193409654
12.8372863276,4.57538207243
8.83433943965,3.23830882601
11.5523773944,4.14638787429
2.40627959937,1.0767990032
2.93105326602,1.25571742643
10.7240526719,3.86975271839
9.80743426595,3.56353471642
10.6528105253,3.84595647441
8.09987037925,2.99271187927
5.38039012635,2.081758309
11.5493527734,4.14537787128
11.4304177292,4.10566153225
10.8722764715,3.91926040867
5.93921601295,2.26924322438
2.95728637757,1.26463158397
4.57955681325,1.81264238258
6.33121039033,2.40064355974
11.0329803159,3.97293370202
8.12657988622,3.00164541485
11.0475588246,3.97780262071
9.19023927602,3.35727635656
11.3580138165,4.08148279447
5.37857224643,2.0811480574
7.24613978446,2.70705861416
10.0225308019,3.63540306293
2.83172223289,1.22194154994
7.69012734287,2.85564117064
4.75606014433,1.87200925473
3.106246424,1.31520510487
5.25761277752,2.04053689006
6.77322719262,2.54872076979
9.07334885419,3.31820574837
2.90047702928,1.24532435859
7.7656398316,2.88090575531
12.9344803708,4.60782713371
6.36359531511,2.41149571012
5.61587205437,2.16078766087
4.24891266047,1.70132981448
14.0375276775,4.97600048997
7.58433014974,2.8202412537
6.0329485582,2.30067094819
5.56017377854,2.14209851334
12.5063493973,4.46490444116
5.25070383121,2.03821691544
11.7595606719,4.21556994169
12.4264430132,4.43822782781
11.2638965266,4.05005225126
9.06956984052,3.31694257138
4.2175535298,1.69076510956
8.88951176288,3.25675301808
3.71372993913,1.52081603592
13.9329701134,4.94110457459
7.81105050697,2.89609823949
12.3746750494,4.42094491401
5.22634622852,2.03003749638
7.09694823419,2.65711619418
4.514731145,1.79082937945
3.89963436658,1.583575481
8.88384974104,3.25486022342
12.2358767849,4.37460558259
9.74513109768,3.54271661155
3.57360749639,1.47346730937
12.0969808936,4.3282320864
12.3859068163,4.42469469611
10.1072583981,3.66371053509
4.99948177199,1.95383084719
12.9383388964,4.60911516295
11.2981143866,4.06147943673
6.42997676398,2.4337384589
5.83575365889,2.23454716902
5.32543089735,2.06330769406
12.4789473615,4.45575637267
3.47077526656,1.43869228762
8.18968897813,3.0227528148
5.10266217227,1.98849603058
12.4619334093,4.45007629843
5.80318208771,2.22362295614
7.46599915363,2.78064345115
5.76222869627,2.2098866132
11.1999707371,4.02870366595
5.62542116058,2.16399157935
10.3183425673,3.73422942628
5.28856106409,2.05092862958
8.73287370508,3.2043870684
7.40641286469,2.76070206153
8.50810126503,3.12923401809
10.5036902196,3.7961454462
6.51206977893,2.46124286165
7.58122174342,2.81920112473
5.34167431919,2.06876109145
3.67954977713,1.50926995906
3.26234870527,1.36813004626
10.1205786996,3.66816075378
10.4081172764,3.76421952502
9.53770441039,3.47340228768
13.4241073644,4.7712634005
6.37792725019,2.41629816051
7.66023566435,2.84563970414
11.740117207,4.20907760282
5.23029172503,2.03136244916
6.80382844099,2.55896912939
2.18982760719,1.00258018286
6.61567823549,2.49595137225
9.4900694222,3.45748346191
13.0211237299,4.63674963784
4.90511936326,1.92211960648
7.25833893784,2.71114197975
13.5599764527,4.81661342745
5.71618938248,2.19444310342
3.34577846368,1.3963882282
13.2754936448,4.72165817623
5.38605576925,2.08366021582
6.58572549926,2.48591779436
9.50754982048,3.46332516539
12.3192579262,4.40244348128
8.74426835941,3.20819660464
3.7332977038,1.52742499275
8.4579085944,3.11245050093
9.6498757889,3.5108866565
2.37096799866,1.06471096405
10.6280182681,3.83767524253
13.1408543868,4.6767162022
12.8128919244,4.56723869154
5.45017257244,2.10518197963
13.0155127013,4.63487663055
8.94530433503,3.27540394783
7.13604885009,2.67020603693
2.65723579776,1.16251579418
6.44971857203,2.44035303335
7.09127633818,2.65521734858
5.32976926102,2.06476423131
10.9375375664,3.94105723348
10.948215624,3.94462359697
10.993943591,3.95989613367
13.5826611779,4.82418496483
5.97987530626,2.28287656108
9.47655847022,3.45296825701
7.2140512065,2.69631750844
2.811651299,1.21511222923
12.5399670686,4.47612749808
6.35253853389,2.40779065374
5.18801281842,2.01716393106
9.99092499626,3.62484330988
11.0019863778,3.96258229434
9.04758009448,3.30959220315
4.5867833357,1.81507370884
9.09148581966,3.32426819195
12.0740057402,4.32056116316
12.3189005038,4.40232415224
7.12057506206,2.66502589188
6.74929800148,2.5407066125
11.5315090248,4.13941934167
11.4228024561,4.10311849402
4.45876827409,1.77199452929
5.66198264342,2.17625812727
5.00345988277,1.95516753928
4.1192154282,1.6576263151
12.0906098712,4.3261049397
5.58837356764,2.15156101342
13.2224123665,4.70394002818
13.3870469451,4.75889327153
13.3753929345,4.7550033458
2.86036579171,1.23168509444
12.4469772035,4.44508318026
3.72577062006,1.52488283071
11.9448979423,4.27745393254
3.49130479797,1.44563673242
11.7798995107,4.2223612167
5.18181081191,2.01508098678
10.67162361,3.85224046441
5.15620151004,2.00647975687
9.86933388919,3.58421739982
3.8985532575,1.58321069178
4.16285486511,1.67233406265
11.9533155624,4.28026449823
9.06454049376,3.31526145262
11.9442306073,4.27723111529
3.83238524744,1.56088024458
7.37072680718,2.74875866874
13.4540258646,4.78124961715
10.2688418869,3.71769280112
8.90969208602,3.26349917999
7.30019149384,2.7251507028
11.7043394729,4.19713102162
6.263631345,2.37799621642
10.165428575,3.68314460058
6.72585252616,2.53285422492
4.44053433414,1.76585688369
6.45514010265,2.44216950733
4.20349068467,1.6860269641
11.9314590039,4.27296678222
5.17244997113,2.01193708641
2.39507708887,1.07296488825
6.9456903349,2.60647375093
8.42549879117,3.10161294854
3.79901522804,1.54961548067
6.80087941555,2.55798151738
11.5364218896,4.1410598885
9.36544531564,3.41583435779
2.71688518344,1.18284530603
4.58173906248,1.81337659548
5.04857695004,1.97032639051
13.6338372886,4.84126602853
9.32341190665,3.40178628878
6.54961215684,2.47382000131
6.14849930912,2.33940732881
11.4381174098,4.10823275167
7.00751674405,2.62717480488
3.95946998157,1.60376214132
10.2486819672,3.71095791102
11.2452038137,4.04380969744
10.7555056562,3.88025842782
12.2530983962,4.38035529173
11.7724183668,4.21986321681
9.92537357078,3.60294159517
10.8567478522,3.91407386965
11.8328862536,4.24005367079
6.68884130821,2.52045790899
2.62616562262,1.15192025752
10.3308326917,3.73840193431
13.8945198682,4.92827171375
8.07909863318,2.98576422231
9.65108300197,3.51129006061
4.50700873632,1.78823055455
2.61512696612,1.14815478893
2.33544898164,1.05254448124
11.2902113912,4.05884021178
6.5342083326,2.46865961623
2.47681341402,1.10092340468
4.46379849644,1.77368765716
4.02557047354,1.62605537362
12.4843709728,4.45756702984
12.1252433162,4.33766825735
11.3710569074,4.08583847438
7.63073349573,2.8357683036
3.53549260277,1.4605806839
13.248924647,4.71278965924
5.73673411441,2.20133483376
8.53502733366,3.13823737398
9.51862497297,3.46702629972
3.70062367138,1.51638900804
8.98097509189,3.28732802691
6.63894228391,2.50374409786
10.6060030971,3.8303215645
14.0568059311,4.98243450909
7.39672248106,2.75745892976
5.26530965334,2.04312140019
5.13320247776,1.99875474448
4.3927757952,1.74977910188
10.4829791719,3.78922706622
11.700496771,4.19584789396
3.60618431752,1.48447900187
10.5120491951,3.79893768804
10.4892148,3.79131003962
9.64352549287,3.50876462835
4.25918068082,1.70478874755
6.47574241479,2.44907214855
3.9656020779,1.60583057379
5.46715561536,2.11088207989
11.5903227977,4.15905879976
12.7426877013,4.54380276085
5.74537259958,2.2042325322
6.16758213224,2.34580381468
11.5086030759,4.13177035608
8.7804112799,3.22027996763
5.02250781893,1.96156766838
11.3850297193,4.09050461142
9.93252143402,3.60532983379
13.4484722773,4.77939594135
5.93947499622,2.26933006628
12.6385339739,4.50903297241
5.05657937144,1.97301492551
8.95416802854,3.27836694083
9.35076119179,3.41092678224
2.58867091508,1.13912785765
9.5117528876,3.46472976386
9.49963857696,3.46068134521
8.97916176328,3.28672187037
7.98397690501,2.95394682899
14.1071573264,4.99923893479
11.8374206015,4.24156769332
10.5587354189,3.81453264892
3.76968645632,1.53971320883
10.5126493307,3.79913815771
7.48494750198,2.78698454426
2.72974173952,1.18722501639
5.00567616529,1.95591222998
9.11871860146,3.333370879
10.890700625,3.92541401696
6.62353792035,2.49858414644
14.0875219873,4.99268579433
3.47248148566,1.43926948118
5.04664966057,1.96967887973
12.7619377278,4.55022893797
5.96105456788,2.27656595965
6.87575224825,2.58305491543
7.8600509881,2.9124910688
6.54834814552,2.47339655305
8.10403283112,2.99410410754
6.74368749003,2.53882755407
3.75041496634,1.53320568573
10.3180010261,3.73411532919
8.43012084748,3.10315853807
13.4336488926,4.77444818414
5.20538987912,2.02299984631
4.93877135239,1.93342959677
8.86533944989,3.2486722516
4.41043264738,1.75572357205
13.3336447003,4.74106837002
10.8694365846,3.9183118921
5.42503937725,2.09674601355
12.0476465717,4.31176033307
13.4358913822,4.77519668437
14.0601282541,4.98354331541
12.4610273215,4.4497738022
7.85765977194,2.91169111671
13.8086105733,4.89959897701
6.80993569181,2.56101440198
12.7526303799,4.547121898
5.07964102314,1.98076251682
5.97075236598,2.27981766105
4.85209363069,1.90429611501
8.64238591879,3.17413362713
13.6988644587,4.86296993719
4.49330496641,1.78361864226
2.28303472248,1.03457659335
13.2628590032,4.71744084057
5.80650575005,2.22473771292
8.21994717925,3.03287258952
5.77204462335,2.21317910969
5.97192263767,2.28021005304
12.0109178951,4.29949722083
6.43258064103,2.43461090927
3.64808197949,1.49863802875
12.3778226098,4.42199574394
8.71419883995,3.19814350551
13.6843649752,4.85813051321
5.96189133707,2.27684653308
7.40436438431,2.76001648835
14.0751882631,4.98856949982
13.987231858,4.95921441906
10.205149734,3.6964147704
8.65457710125,3.17820969497
13.7555520113,4.88189015411
11.6942816913,4.19377259588
2.67918203492,1.16999726009
11.9783357892,4.28861848471
13.3287039228,4.73941920032
3.51810789493,1.45470184831
8.87192511459,3.25087384054
5.8229830873,2.23026411228
9.60036966589,3.49434341784
12.1342058022,4.34066061073
8.59358829929,3.15781803989
2.70101358221,1.17743751625
8.36601391604,3.08172110261
4.69796021331,1.85247113176
8.05109973758,2.97639907941
2.79554378757,1.20963035475
12.9884314331,4.62583665122
5.0612569959,1.97458641783
6.10545643762,2.32497881097
13.860962559,4.91707181319
8.14766154118,3.00869647382
10.2338506345,3.70600312472
3.34760865432,1.39700792071
3.60124592852,1.48280986289
9.8983617658,3.59391636401
10.2749916551,3.71974726344
6.75111118714,2.54131387728
11.4620133123,4.11621247525
9.14351595154,3.34165939235
3.29769006603,1.38010264205
5.64220831655,2.16962386018
9.10152487949,3.32762381151
11.9498719102,4.27911469529
11.887449639,4.2582723087
8.91659887404,3.2658080597
3.49005354816,1.44521350502
14.1010992844,4.99721711303
8.68729003251,3.18914696252
6.72157770977,2.53142247319
5.19554739589,2.01969437594
8.70355994861,3.19458657514
13.2830216961,4.72417097068
10.5272535132,3.80401653379
3.84316411018,1.56451844297
5.75192451917,2.20643027992
7.15666281803,2.67710682125
3.74886578848,1.53268253425
10.5804426415,3.8217835891
8.82657684532,3.23571372992
4.09633643872,1.64991428242
7.80116420131,2.89279075111
9.0194095342,3.30017568139
4.8493725006,1.90338138887
5.65500880065,2.17391843983
7.83221474867,2.90317869723
2.99352743988,1.27694257052
5.70452319237,2.19052955782
11.8137773015,4.23367315565
13.9217845639,4.93737137947
6.40058962559,2.4238918325
6.83732615692,2.57018707698
12.5219796983,4.47012253365
11.1184039563,4.00146309481
5.70391892757,2.19032684844
5.83525169609,2.23437882019
11.1501053596,4.01205038446
6.83038304522,2.56786195697
7.13040225295,2.66831574108
6.84347944163,2.57224768222
2.49679970109,1.10775433211
9.8726444134,3.58532353785
4.9108666306,1.92405126472
14.1015321026,4.99736156263
9.56367192017,3.48208004417
3.70736627436,1.51866656341
11.6106664308,4.1658519947
9.83652671738,3.57325552489
2.62388518336,1.1511424084
6.94761447902,2.60711802544
2.76764545451,1.20013324932
7.68543101943,2.85406984371
12.5500670011,4.47949928285
13.0213241149,4.63681652794
2.86012853842,1.23160440192
9.37629549886,3.41946056973
12.2453801061,4.37777842068
3.99778289885,1.61668453714
13.1516889097,4.68033276108
6.61426024635,2.49547638273
3.54736696755,1.46459574517
9.42694712303,3.43638845417
2.46467801493,1.09677472268
2.41859725128,1.08101395397
5.47983625315,2.11513800552
5.85497113348,2.24099223042
10.8229038745,3.90276992908
13.5326949795,4.80750758045
11.8492902539,4.24553097134
8.57842379001,3.15274764923
7.66231072958,2.84633400943
3.11905358098,1.31954995551
12.3256880397,4.40459023664
4.44114493752,1.76606242292
8.23631618174,3.03834706506
6.10751127997,2.32566764312
4.89047275348,1.91719673124
7.69731276085,2.85804530273
4.65045674782,1.83649371781
9.22351417317,3.36839803164
8.79701531781,3.22583096816
10.803698454,3.89635523073
10.3527722126,3.74573110156
6.37001857299,2.41364807509
3.87708821759,1.57596750478
2.57665830844,1.1350279948
9.0519542628,3.31105433496
2.46768896807,1.09780413934
7.75284930138,2.87662648074
11.5741391111,4.15365467614
7.72391520134,2.86694594517
7.20278014878,2.69254462838
5.34747887999,2.07070980441
3.41130399782,1.41856954181
7.56459173342,2.81363637241
13.8431327816,4.91112101976
13.8177913379,4.90266313194
11.2362294973,4.04081265296
3.38055567547,1.40816214283
13.7132926034,4.86778553839
7.00577644427,2.62659212819
2.35119616513,1.05793936992
12.1711105793,4.35298213661
5.78506263833,2.21754556875
7.39657834918,2.75741069215
6.34906546551,2.40662683844
3.85203294745,1.56751179061
3.75808254356,1.53579492931
6.60559203109,2.49257273647
5.90375702211,2.25735279124
10.8518728416,3.91244561669
12.8423663058,4.57707787399
5.21691280412,2.02686956881
9.19533891213,3.35898085246
2.25002171851,1.02325050335
8.16216517748,3.01354735615
9.8349829285,3.57273969407
2.46424551484,1.09662685094
13.3308264803,4.74012768365
10.2589671101,3.714393909
3.38820133865,1.41075019305
5.68978627035,2.18558577569
3.40604511556,1.416789731
11.1744630477,4.02018502781
13.5800225901,4.82330427837
7.50555454816,2.79388059418
7.42333485591,2.7663653603
8.8544786936,3.24504147987
3.11412592798,1.31787830009
6.30927842228,2.39329388781
13.7471787365,4.8790954753
7.81191981902,2.8963890687
11.6564221118,4.18113069951
12.4203735334,4.43620152185
10.4942517485,3.79299259788
10.5594342402,3.81476607959
2.29363770222,1.03821275377
2.23229228162,1.01716490145
9.22870641126,3.37013344765
5.77034229789,2.21260811345
8.15440031271,3.01095032811
2.57240994856,1.13357787644
10.4148965983,3.76648418003
10.0546047631,3.64611908537
13.9290937566,4.9398108351
2.53461510336,1.12067322199
6.74768156797,2.54016524199
11.1491678647,4.01173729164
3.31472282956,1.38587163976
4.05246807347,1.63512489505
7.24970648869,2.7082524857
8.5884803108,3.15611014339
11.9937718584,4.29377239635
4.95545881056,1.93903762946
10.9298313535,3.93848342821
3.72159293385,1.52347183054
13.3736963439,4.75443704978
13.6615485703,4.85051516443
12.1200434192,4.33593213672
8.58776584862,3.15587125683
5.8647767152,2.24428069079
2.33680281849,1.05300835682
5.42650806502,2.09723899206
5.94032781583,2.26961603227
10.1364072002,3.67344891217
2.58208001279,1.13687849077
3.52146436055,1.45583692823
3.78926819247,1.54632476947
10.5047211291,3.79648981287
8.26232646519,3.04704585185
11.7988578186,4.2286914894
13.2679960839,4.71915555556
11.2257923741,4.03732708198
12.4863911895,4.45824147287
8.94985435489,3.27692494964
6.67728447332,2.51658701205
9.25119179899,3.37764874515
9.98267240775,3.62208603038
8.04828678038,2.97545818301
4.61381682638,1.82416845409
7.71782047275,2.86490678958
3.24140614871,1.36103372884
3.78206746205,1.5438936054
8.0898633451,2.98936477722
4.0659908901,1.6396841781
4.45996682184,1.7723979526
9.15074473399,3.34407559139
9.97242310948,3.61866161482
10.0274919453,3.63706060779
2.36265034293,1.06186256019
14.0827175074,4.99108233364
6.3838304273,2.41827621149
13.9346129438,4.9416528713
6.11549676838,2.32834454737
4.05991807029,1.63763673328
10.5789353188,3.82128009466
13.5537515742,4.81453572873
7.60237922685,2.82628074312
12.7612958617,4.55001466622
8.61677031353,3.16556905934
4.57218246459,1.81016125846
13.455767387,4.78183090189
13.6545581989,4.84818200727
9.98676676787,3.62345400181
4.15316742058,1.66906936125
7.08638165813,2.65357869099
10.9402234376,3.94195428853
3.66101579161,1.50300818265
6.10400860491,2.32449346154
4.23194504866,1.69561370031
9.2695690645,3.3837909172
5.50765769881,2.12447513987
12.0068860914,4.29815105961
3.71141768106,1.52003502746
5.25662355748,2.04020471944
4.81974515414,1.89342147547
2.506557126,1.11108847017
12.1953691619,4.36108137229
10.4413971431,3.77533671887
13.5341903428,4.80800669506
6.15227073608,2.34067151146
5.31563576971,2.06001907996
10.7558810528,3.88038381449
2.34076904409,1.05436727083
2.3641793098,1.0623861899
4.31993068041,1.72525028795
6.95461285825,2.60946132918
3.68359173565,1.51063545714
5.84874852365,2.23890534716
4.93186857015,1.93110975136
2.27047189006,1.03026738457
4.70251080206,1.85400155645
4.68760135342,1.84898722271
6.99943632259,2.62446935712
2.70139980305,1.17756912274
3.78472700795,1.54479155243
12.9830796672,4.62405017599
8.29276185524,3.057224348
8.92592048718,3.26892417979
4.93920381338,1.93357493414
8.14645026735,3.00829134911
4.53543660177,1.79779704049
13.6640291809,4.85134311033
2.78962189771,1.20761469668
11.8789983109,4.2554504394
7.17736262537,2.68403618868
10.7623005672,3.88252800204
7.01816462268,2.6307398386
3.36349837888,1.40238773434
9.96952946056,3.61769480868
5.73589551999,2.2010535326
4.84040876659,1.90036811704
4.09433995853,1.64924127217
8.98063831792,3.2872154507
7.97078879851,2.94953533386
6.25372062751,2.37467470511
2.6639795424,1.16481496386
13.0081632109,4.63242330726
6.13663543638,2.33543050782
3.64088444312,1.49620593227
9.69759798271,3.52683340134
3.66374035185,1.50392872951
11.5060482975,4.13091723555
5.63549245315,2.16737063486
11.969092444,4.28553223681
4.61908653133,1.82594121786
9.22486370415,3.36884908955
4.84922784522,1.90333276178
8.27349842254,3.05078211128
12.2987218991,4.39558730854
3.538625407,1.46164000488
5.93872824072,2.26907966518
11.8778845746,4.25507856622
12.5662364217,4.48489730345
11.9805638651,4.28936241285
12.7324107567,4.540372029
13.4638950854,4.78454375988
4.31210398259,1.72261441812
3.62416201699,1.49055489375
10.7190150413,3.86807007287
12.7609867311,4.54991147028
8.91839861944,3.26640969754
6.78982539693,2.55427955707
11.4394050893,4.10866275679
7.88353540669,2.92034740957
8.2073038605,3.02864409269
11.0380815629,3.97463741504
7.40818908999,2.76129651689
2.78010405977,1.20437477605
6.2383087661,2.36950942172
3.93747730522,1.59634321508
2.81677864909,1.21685700709
12.6382509828,4.5089385
12.313493393,4.40051893348
6.71714919727,2.52993923632
8.20351350183,3.0273764179
7.10610788896,2.66018265195
10.2274753334,3.70387328315
9.6714955042,3.51811109794
10.5067656593,3.79717277066
11.1760426789,4.02071256902
5.24503024722,2.03631173758
2.20850015567,1.0089949182
10.1894786704,3.69117935774
2.8750770352,1.23668814076
7.39519457614,2.75694757497
6.69335740997,2.52197053636
3.17294314813,1.33782665577
5.41996278556,2.09504199662
9.71516148852,3.53270229486
3.31081702368,1.38454881089
2.96396993765,1.26690231013
12.0084184926,4.29866270647
14.0900050026,4.99351448238
6.09173270054,2.3203782278
5.59558800237,2.15398174402
12.9937638999,4.62761668223
12.4867596807,4.45836449248
3.67172759173,1.50662728983
5.69904007802,2.18869015897
11.5957789425,4.16088073261
5.18128388256,2.01490401603
3.87673450142,1.57584813958
6.41008458162,2.42707331325
10.4710344751,3.78523699971
7.71401945409,2.86363505095
5.95053232563,2.27303775764
12.1056444806,4.33112466535
14.0574523331,4.98265024209
6.94905645637,2.60760085177
3.70311942039,1.51723204712
6.39104294904,2.42069297791
12.4302881349,4.43951152664
11.0480240655,3.97795800113
2.70272704,1.17802137981
7.22320894575,2.69938294241
4.01605618012,1.62284699874
7.5708901164,2.81574395426
10.5540711415,3.81297461632
8.89388331819,3.25821440982
10.0308573464,3.63818500452
11.8627767044,4.25003408319
10.4683543543,3.78434171626
8.44057319444,3.10665372585
10.9778992142,3.95453755015
4.00824129642,1.62021158257
3.51966182723,1.45522735585
10.1183847278,3.66742776499
8.96677044913,3.28257970512
8.52257189339,3.13407262851
13.3174818457,4.73567340568
9.20209397912,3.36123865026
14.0546914438,4.98172881069
5.39374192225,2.08624035119
13.0942012213,4.66114330697
8.28026570044,3.05304529056
5.1905039622,2.01800057276
2.87331882653,1.23609024622
7.51328004777,2.79646586143
6.69135053883,2.52129835413
12.0524746325,4.31337233609
10.5969675988,3.82730344029
10.6686320322,3.8512412135
10.1216762058,3.66852742174
10.3358180981,3.74006737625
7.83952251048,2.90562346621
9.51927586536,3.46724381665
12.6465228538,4.51169994
10.6068177338,3.83059367678
4.26856343727,1.70794933755
13.9333006308,4.94121488521
3.80256104968,1.55081254667
12.0810767822,4.32292204095
10.6157822838,3.83358809147
12.7656039574,4.55145282108
4.99255741796,1.95150414772
7.38913421845,2.7549193045
7.73574330615,2.8709033254
10.1893538448,3.69113765567
3.38330232639,1.40909189854
13.3704878157,4.75336609161
3.82838118026,1.55952869446
10.6977980165,3.86098322985
11.7179918389,4.20168971154
7.74022632772,2.87240321875
9.84446334341,3.575907408
13.4713613413,4.78703583837
3.98127911191,1.61111834644
13.4305819921,4.77342451073
13.9860251081,4.95881166835
13.5829306783,4.82427491646
3.22509570095,1.35550614343
4.93556961352,1.93235358135
11.0191307095,3.9683082001
8.65471156117,3.17825465087
5.80628248933,2.22466283146
10.8525858199,3.91268375151
10.0229003181,3.63552652041
7.58117935567,2.819186941
2.85056868851,1.22835281215
7.77432519161,2.88381155342
13.3060309153,4.73185121417
9.97182862795,3.61846299082
7.94763063887,2.94178868804
5.31546773641,2.05996266384
4.56155484138,1.80658544771
11.6241959465,4.17036978153
5.28508990876,2.04976313189
7.43768235806,2.77116697979
8.75870770829,3.21302402472
6.7675981933,2.54683557554
3.99229206589,1.61483270764
11.0125219072,3.96610097998
11.2515207427,4.04591928127
12.6447122994,4.51109551402
4.39319042899,1.74991869978
5.03261632872,1.96496400475
13.7241752052,4.87141775542
6.11301104575,2.32751128441
5.5009522506,2.12222478056
7.19523529017,2.69001903336
3.54058695545,1.4623032683
9.86293863634,3.5820805637
5.47730719695,2.11428920307
2.85343318281,1.22932714836
2.70150349775,1.17760445707
5.11823344131,1.99372663611
13.4181287118,4.76926783521
4.90402126643,1.92175053216
4.1551777389,1.66974685677
10.2696984491,3.71797895444
7.26604290944,2.71372066779
2.5814437028,1.13666131753
11.5401127493,4.14229237112
5.51465529046,2.12682350858
4.56561568273,1.80795178951
3.68669483707,1.51168375796
13.1637152419,4.68434713621
9.762722048,3.54859454671
2.44966351614,1.09164067342
8.4463876082,3.10859801216
9.50954670108,3.46399249162
8.83467253208,3.23842018114
13.9628084364,4.95106312833
12.5798648111,4.48944700747
10.3684645395,3.75097327831
9.55027523038,3.47760318606
10.2527915926,3.71233083138
11.3817245135,4.08940085946
6.98021354922,2.61803318116
8.85173056698,3.24412277212
10.2209727954,3.70170092901
10.1051806537,3.66301637315
2.24925646861,1.02298787619
9.4355170682,3.43925250584
12.7805525601,4.55644304467
9.76648289688,3.54985121093
5.30477144182,2.05637140435
4.12065911412,1.65811292481
5.11693923555,1.99329190248
10.2274207044,3.70385503282
5.70974387615,2.19228090182
5.64999067245,2.17223486417
2.70386862427,1.17841036947
3.67210492128,1.50675477076
7.02323128991,2.63243620278
2.4826901684,1.10293218522
11.0342931464,3.97337216103
2.96998999903,1.26894748159
4.99735898669,1.95311756033
12.7258121653,4.53816923042
10.6062636891,3.8304086098
3.2024385416,1.34782642349
13.3211212615,4.73688819986
7.10089150773,2.65843632211
12.1444137314,4.34406877876
3.98925566301,1.61380863395
4.82650433511,1.89569380759
7.97651377676,2.95145037668
3.35623917616,1.39993005243
9.63309842503,3.50528028381
12.5534966408,4.48064423992
9.9386874567,3.6073900146
5.307521926,2.05729488255
7.60764231909,2.82804183337
2.27118897588,1.03051338166
5.90389399477,2.25739872361
11.7798246713,4.22233622737
8.92587319975,3.26890837213
3.85394812795,1.5681581702
6.96240210787,2.61206942194
13.3108891594,4.73347284232
3.04305003183,1.29375810743
5.34866203117,2.0711070099
5.58109098152,2.14911737885
7.96404839804,2.94728061444
12.450657217,4.44631175164
14.0727057324,4.98774097148
6.58363384802,2.4852171174
3.99409625081,1.61544118962
11.5084458326,4.13171784763
12.0285456146,4.30538284621
9.68716637442,3.52334762817
4.14209815542,1.66533881025
10.2999207773,3.72807532165
9.79635506563,3.55983273345
11.9669525972,4.28481776524
10.1693909232,3.68446836398
5.26361673386,2.0425529441
4.78756359764,1.88260189353
11.2493259385,4.0451863111
2.44697961632,1.09072281275
11.7881427402,4.22511367576
8.7621666358,3.21418042063
8.09372267159,2.99065562821
10.8036884423,3.89635188677
11.048609717,3.97815359603
3.2570733602,1.36634262643
3.53382873471,1.46001805751
8.97714417079,3.2860474321
6.11124668101,2.32691983272
7.53864773278,2.8049547923
9.58945878467,3.49069732513
5.90583853051,2.25805080232
2.23818351135,1.01918729262
8.65344530215,3.17783128429
12.1645468889,4.35079070281
8.01207363862,2.96334518926
4.68742677736,1.848928508
13.7406410219,4.87691343343
11.4188320186,4.10179260701
11.1466748387,4.01090470155
5.05124926889,1.97122420302
3.31376632766,1.38554769282
5.09044132104,1.98439072809
4.66024408407,1.83978581453
6.78890458408,2.55397117713
10.5605562092,3.81514085615
11.77954481,4.22224278006
14.0531280504,4.98120703666
8.94225321166,3.27438400186
10.6789157372,3.8546761862
5.43204223127,2.09909657121
7.23418753008,2.70305784207
6.46616499691,2.44586333544
11.7471314796,4.21141973227
13.1355404415,4.67494240679
5.81827423816,2.22868480995
8.33540240646,3.07148423922
4.03508070899,1.62926223401
8.92679156133,3.26921537012
9.52653197404,3.46966867749
10.5635894962,3.81615407854
10.9807838964,3.95550099324
10.5790208403,3.8213086616
13.5435131726,4.81111841773
5.91373144053,2.26069757989
6.87493724035,2.58278199788
5.47171728545,2.1124130991
6.08922494995,2.319537548
2.47123407624,1.0990161161
5.18581130053,2.01642455484
6.57050617636,2.48081946714
10.3421306599,3.74217616759
7.22284787294,2.69926207854
9.14352371,3.3416619856
2.28156119624,1.03407120847
9.10663717882,3.32933262288
9.28935171231,3.39040273893
3.9244522721,1.59194901094
10.0032075722,3.62894703392
12.9283568342,4.60578301031
3.27371669588,1.37198154965
3.14208567334,1.32736237632
12.1238199321,4.33719302384
8.57083149067,3.15020907653
7.45922081886,2.77837504356
7.98574334471,2.9545377094
5.8982879794,2.25551879525
3.33613717691,1.39312359911
11.557315128,4.14803671563
5.136464741,1.99985051495
6.84101144604,2.57142120439
11.0795867404,3.98849919772
13.0410826164,4.64341206008
9.93727112913,3.60691679418
6.28160564197,2.38402005517
2.84715998316,1.22719332595
12.18681009,4.3582237525
2.67173124748,1.16745752957
3.20794166442,1.34969185951
9.17901030468,3.35352318286
6.29162065065,2.38737637668
8.78907160165,3.22317526138
6.83637948511,2.5698700552
13.0497268656,4.64629756525
11.9388059609,4.27541987232
10.4887477802,3.79115403467
10.8210300388,3.90214406126
7.72052154738,2.86581050817
3.82603183119,1.55873567135
10.5913609959,3.82543066376
13.6802039615,4.85674170907
9.35315836147,3.41172794196
5.62761311507,2.16472701572
8.22902346342,3.0359080847
7.81582528441,2.8976956434
9.97778708967,3.62045378791
3.78066005453,1.54341841458
10.5001745227,3.79497105611
7.38288381249,2.75282741639
10.5704946645,3.81846063843
10.9233800738,3.93632875418
3.12010079628,1.31990520293
12.9906131593,4.62656493358
10.1423184013,3.67542378194
2.25899500538,1.0263297665
8.59746803444,3.15911525636
4.24277545486,1.69926233609
7.26592390727,2.71368083531
3.09543371177,1.31153647935
13.5168208579,4.80220919008
2.5766664327,1.13503076782
6.80411809894,2.55906613401
12.5865677068,4.49168469828
8.5962299373,3.15870129031
11.8145721064,4.23393854316
6.10339825699,2.32428885744
5.90462146334,2.25764267247
2.30177465938,1.04100273444
6.47215244038,2.44786937042
4.7000714206,1.85318116219
6.62292690336,2.49837947385
6.65995952119,2.51078400887
12.0438287252,4.31048562111
10.1093211181,3.66439967687
9.78012708877,3.55441031451
6.33872291549,2.40316104422
4.41211184802,1.75628888179
9.28289790332,3.38824573318
5.08702037966,1.98324152113
10.7887706027,3.89136923068
7.83948479712,2.90561084947
6.23040030478,2.36685885437
11.5940930468,4.16031777338
8.34693045223,3.07533938464
9.68673440192,3.52320328207
7.92667760433,2.93477955538
6.74991620493,2.54091365884
4.42800331412,1.76163863065
5.74338606277,2.2035661714
4.0047713644,1.61904138415
9.53651412671,3.47300451907
5.53840462275,2.13479344574
13.5258721727,4.80523029769
13.4753340642,4.78836184793
5.1336812077,1.99891554696
4.53372441085,1.79722088495
5.02419252074,1.96213371417
12.7326883553,4.54046469928
5.64907348642,2.1719271476
8.43375712807,3.10437448633
6.60140171174,2.49116906708
5.20208415977,2.02188967234
5.32572108441,2.06340512025
13.9229682356,4.93776643215
10.0745362879,3.65277820432
3.70012022467,1.51621894727
13.248590082,4.71267798386
7.93193716785,2.93653897652
6.60071216275,2.49093808183
3.36468336748,1.4027889124
10.700223807,3.86179348734
9.4658156687,3.44937811458
6.41207331441,2.42773967368
2.20226933669,1.0068546665
2.43876732687,1.08791406497
13.747484589,4.87919755725
7.29323355047,2.72282180868
6.42963360226,2.43362347951
