T,a
13.890803505,2.99976064915
5.33489700543,1.58496271924
3.11405539258,1.10701264267
6.63080921543,1.83222742756
8.59025304329,2.17740390007
4.91916245041,1.50151313285
9.13978420879,2.26930212526
7.48379009579,1.9861685027
3.68765225854,1.23908661514
2.84299118711,1.04180243316
5.95569219504,1.70564974872
8.56871463602,2.17376276312
11.2414352564,2.60505082463
3.97893017231,1.30350460625
5.81253086787,1.67820575713
2.75293737492,1.01968472389
6.32731716537,1.77588468322
13.0361879132,2.87542536744
3.07801119962,1.09845386743
10.320848645,2.46081310659
9.91989169808,2.39665936338
8.144808118,2.10146549408
4.65253804703,1.4467549624
3.37698422432,1.16847936242
10.7641150734,2.53077719917
10.0340902616,2.41501793695
9.07197562314,2.25806414516
8.21320144529,2.11321333094
11.3485113635,2.62156696857
4.52834731241,1.42089344561
13.2635075522,2.90875594857
9.05920933599,2.25594524907
10.1282789694,2.43010736519
2.7049836965,1.00780875392
7.77995494609,2.03822948488
13.4269059843,2.93259658004
13.6495116232,2.96492082326
5.36008251114,1.58994710101
3.36659521042,1.16608164495
13.5882041399,2.95603610103
13.0417442745,2.8762423633
4.95429750984,1.50865434181
6.23935587213,1.75938761229
5.88994054102,1.69307279827
4.75274713536,1.46745513046
12.1107893277,2.73768404381
7.031748968,1.90536096608
9.90144045743,2.39368654471
11.6657335788,2.67019550816
8.0091151309,2.07805984088
13.3412589053,2.92011238772
2.99176076865,1.07783661717
3.66676813382,1.23440401056
11.5196691738,2.64786006603
3.06253200076,1.09476805256
2.9289190511,1.06269002576
6.36186815061,1.78234375125
3.27971111138,1.14593175029
12.3448554448,2.77284566492
3.17681846128,1.12183750984
10.4749416982,2.48524629334
10.403749215,2.47397292082
7.35117310979,1.96263463373
9.18907058631,2.27745296685
5.47710377991,1.6130048446
11.2465591,2.60584235223
7.7270259539,2.02897457884
6.61519882523,1.82935065255
8.50999294035,2.16382013799
11.4722302608,2.64058566878
7.34113470571,1.96084750798
10.4709226321,2.48461055342
7.75304386172,2.03352657536
10.604200017,2.50564937821
13.2922299897,2.91295375401
2.82383897514,1.0371183312
3.18439402843,1.12362025388
11.6096203495,2.66162604171
12.3060317731,2.76702901493
13.7075171787,2.97331478895
4.79081905545,1.47528141248
2.68686820304,1.00330413235
5.24735011487,1.56757520925
7.74739141835,2.03253807836
13.2531789393,2.90724567363
6.15649273225,1.74377563779
7.51228845052,1.99120754225
5.09776014656,1.53763984223
5.80815829934,1.67736401364
13.7387518103,2.97782983748
6.3489582902,1.77993171361
3.36838314063,1.16649446323
6.18411218349,1.74898706675
5.13443608563,1.54500608115
7.84406887645,2.04941207508
5.29806075536,1.57765842599
9.67197181777,2.35655930352
12.9293496493,2.85969343671
12.9811642309,2.86732852178
8.43176938895,2.15053990223
5.70666655127,1.65776648906
9.66875499297,2.35603675866
7.89979157883,2.05910636329
7.27332157749,1.94875339516
2.69120154092,1.00438258446
4.18867208839,1.34891919178
7.41689126917,1.97431434035
8.71512100663,2.19845361107
4.82679150331,1.48265708814
3.9845215885,1.30472549235
12.2433319698,2.75762225474
10.740250378,2.52703522467
11.2936669664,2.61311391767
3.84863994902,1.27489146639
3.35047902279,1.16235724583
3.96517035633,1.30049771139
4.43845480951,1.402026514
11.0625645082,2.57734309721
9.81061294736,2.37902562437
4.18574570702,1.34829084438
11.1416118941,2.58960609908
11.0146994006,2.56990335525
3.39926539354,1.1736134384
5.08368485768,1.53480818073
4.97513414029,1.51288141661
10.8379452854,2.54233627725
13.0527606545,2.87786184606
11.5931044651,2.6591011508
6.58542860733,1.82385813968
2.92618512354,1.06202862824
10.0380521035,2.41565358931
10.6782205875,2.51729598932
7.13801229116,1.92450873259
13.1456642974,2.89150124352
12.6426526684,2.81726151678
11.4317622651,2.63437228048
2.7685793284,1.02354358265
6.37207490082,1.78424959359
6.59753620935,1.82609295118
9.92611427111,2.39766151338
7.78919891067,2.03984368377
5.18201776311,1.55453661843
10.3444680232,2.46456607502
3.5544759506,1.20907176272
3.65731120571,1.23228067047
3.83288946762,1.27141077782
8.15990978377,2.10406230832
4.48708556403,1.41224894578
13.2963352556,2.91355349458
5.77791635867,1.67153647896
11.9355608554,2.71121263276
3.02720740885,1.08633342784
10.0670286339,2.42030014993
9.29694296349,2.29524193211
11.2360159857,2.60421352881
4.72845041857,1.46244963388
11.1444749452,2.59004971276
8.04544551048,2.08433933112
12.7522918828,2.83352590965
9.14371191997,2.26995221537
5.90450502574,1.69586270549
10.6865769945,2.51860911742
8.05389133388,2.08579778637
4.31333437894,1.37555230734
12.8150783271,2.8428189501
6.45148705144,1.79904314338
12.1501628944,2.74361451672
8.08008761187,2.09031821494
10.9066697899,2.55307242457
9.98779517707,2.40758397226
13.1469599867,2.89169123902
12.9031383706,2.85582721643
5.57024028879,1.63123918449
7.23455289767,1.94182232317
9.01322920321,2.24830539127
2.81819841727,1.03573678991
13.3187786908,2.91683117803
12.9052499239,2.856138772
3.80576592618,1.26540556701
5.83536825982,1.68259865588
7.98847299405,2.07448774067
4.59853020932,1.43553699028
7.39333887777,1.97013249225
4.55076300919,1.42557861294
9.65320198462,2.3535094915
9.39479117833,2.31131841421
6.64140718573,1.83417919768
9.45018542717,2.32039495128
7.87081269489,2.05406765266
12.3039012146,2.76670963295
12.5662062094,2.80589326443
8.51207097598,2.16417237583
13.7589508732,2.98074784361
11.3448886487,2.62100902785
13.723801268,2.97566912449
11.4091988716,2.63090475158
13.2879837564,2.91233335448
7.710588692,2.02609614307
12.7450577079,2.83245419848
6.32931816612,1.77625907668
11.2247095598,2.60246621389
7.52169003118,1.9928685182
11.7066642444,2.67643766842
13.0315180966,2.87473863749
4.10381767984,1.33063945676
13.0327432329,2.87491881049
13.7843363485,2.98441306744
8.33337511656,2.13377675379
3.397987699,1.173319333
3.51552747327,1.20022321461
7.55536925952,1.99881295221
8.53438907834,2.16795360515
6.33323182857,1.77699122108
3.22526109022,1.13321316159
9.83732530814,2.38334207821
9.99611316275,2.40892050149
9.05475837379,2.25520626262
7.6607302188,2.01735256147
6.725751956,1.84967569334
13.1354808701,2.89000776273
8.33899435713,2.1347358576
11.2029105876,2.59909570548
11.0933079332,2.58211593259
11.9773468494,2.71753685522
3.39589062378,1.17283653901
5.89190742028,1.69344969901
6.22247789417,1.75621331995
9.39557638297,2.31144719711
5.05565709334,1.52916176899
3.07052859584,1.09667292767
9.03204642801,2.25143354581
9.25426157997,2.2882117207
7.59587592524,2.00595075232
11.8398864302,2.69670464274
9.3607140662,2.3057259004
7.9061244547,2.06020667277
7.43452344611,1.97744212711
6.47305700951,1.8030508699
8.23569445763,2.11706979417
8.72882505962,2.20075763986
3.23055233417,1.13445222799
5.38913235171,1.59568657605
9.89756541481,2.39306197279
9.10375681777,2.26333474576
6.13081229923,1.73892308017
10.3853020419,2.47104760973
10.0125144159,2.41155475995
5.10679437334,1.53945597152
2.85119321099,1.04380520289
5.93035533662,1.70080883301
11.5033863948,2.64536435294
12.3215105432,2.76934881132
7.48437044845,1.98627118359
5.80498715057,1.67675341791
10.3821359274,2.47054536036
6.85106132904,1.8725794883
5.12105161882,1.5423198949
7.29303817548,1.95227360697
11.951095343,2.71356460536
6.25561569278,1.7624429401
3.99100220242,1.30613982054
3.35315839933,1.1629768543
9.85916075036,2.38686756868
5.34575924484,1.58711338963
6.2840814203,1.76778547297
7.70079510319,2.0243801517
9.99880118541,2.40935233218
6.6836853497,1.84195502837
8.48368039425,2.15935754142
4.47224317687,1.40913293381
12.6914420559,2.82450494431
9.91863754958,2.39645735646
12.6595944988,2.81977780901
8.33669931965,2.13434416181
8.4727775106,2.15750706547
9.91137347992,2.39528715819
2.67636285755,1.00068722273
9.62473842241,2.34888082162
10.1544749548,2.43429574687
3.44900346873,1.18503391343
9.44959109667,2.32029766247
9.21623835763,2.28193966456
7.46142456307,1.98220937937
3.68535660261,1.23857232012
10.861574307,2.54603015769
10.3796901095,2.47015733864
4.51330663245,1.41774541681
12.0935382237,2.73508364675
4.65035864704,1.44630312242
4.39535968381,1.39293645733
3.74206002727,1.25124452932
11.4404784888,2.63571117356
3.47136443675,1.19015035839
8.99093097016,2.2445957381
3.79907371414,1.26392170519
3.89835626177,1.28584723588
13.6558455027,2.96583797446
8.906261391,2.23048162531
10.1758088804,2.43770409093
4.0880236711,1.32722318498
11.4661531588,2.63965306747
9.79622418929,2.37669891979
12.291020124,2.76477829654
5.88305338799,1.69175272551
9.00710739426,2.24728723938
12.3551661204,2.77438940833
4.24950628247,1.36194846811
8.56936215831,2.17387227329
10.7060682122,2.52167064329
8.84046998936,2.21948353654
12.5357735191,2.80136124775
9.46697366462,2.32314225656
12.1267313733,2.74008601851
6.04594010867,1.72283724625
8.7907501564,2.21115396061
7.01613033032,1.90253851321
9.29767551511,2.29536249942
5.54077880243,1.62548225806
4.15938809243,1.34262476805
10.8013512285,2.53661029448
5.1454518965,1.54721514098
3.69879788743,1.24158205146
10.1996342317,2.44150765528
3.88931321074,1.28385793892
10.5362316533,2.49493115094
4.12318866893,1.33482345792
9.53039582474,2.33350633433
9.64824020032,2.35270294689
6.58014908212,1.82288322038
2.93925359862,1.06518832451
7.44372238096,1.9790729523
11.1681957653,2.59372366056
12.6343641653,2.81603005406
11.6666035238,2.67032825559
8.32611829227,2.1325378247
13.6320155926,2.96238664546
8.50295795526,2.16262745854
12.259044056,2.75998102094
6.2055994747,1.75303607316
3.97456697646,1.30255150486
3.71692710772,1.24563572289
4.06096640725,1.32136040765
7.57095748155,2.00156130548
4.42004613351,1.39814718708
9.44683930922,2.3198471826
10.4994517509,2.48912155992
3.11852936829,1.10807268857
2.86111083102,1.04622432368
4.27291315754,1.36694508989
6.0288582835,1.71959065107
13.0613018053,2.87911713974
6.94600605771,1.88984040608
9.99674308107,2.40902170131
13.3522448128,2.92171521914
10.4608586876,2.48301827158
5.15887383143,1.54990458446
6.99172460959,1.89812394443
8.29605398846,2.12740122454
10.0325284762,2.41476733541
4.31757242344,1.37645318775
10.9795003011,2.56442543113
6.55407238387,1.81806405629
11.0989085393,2.58298493685
6.69309695186,1.84368378339
7.00932891103,1.90130877041
9.39788984448,2.31182661145
4.5681880242,1.4292153515
5.611563928,1.6392969657
11.0477955312,2.57504868072
13.0132425966,2.87205030535
8.60756207622,2.18032784267
5.26067536697,1.57022791378
10.6417391556,2.51155926992
13.1043818866,2.88544445786
3.43760522987,1.1824216129
11.471023739,2.64040052721
7.43863108844,1.97817042999
13.2756059861,2.91052451261
4.855363536,1.48850235718
11.435057307,2.63487846957
6.7534337898,1.85474747876
12.9105094777,2.85691473504
3.04613852007,1.09085775684
13.1471543922,2.89171974545
13.0028655974,2.87052328517
13.2191030968,2.90226023592
4.55797368324,1.42708409967
6.74356108984,1.85293942769
10.7103390334,2.52234122178
8.82092657901,2.21621129158
4.34161145994,1.38155759616
7.37173703162,1.96629306767
5.47437794687,1.61246962905
2.85902514234,1.04571581177
4.04922792799,1.31881286235
13.1510975373,2.89229791368
8.73950931318,2.20255312079
11.8487593394,2.69805176308
6.36416747774,1.78277317905
11.2183330693,2.60148052111
9.23134423249,2.28443245927
12.0042720168,2.7216080266
12.0781540851,2.73276362916
2.98929694781,1.07724477819
9.23251680522,2.28462590214
6.78289568872,1.86013779626
12.9458559205,2.86212680672
13.8631223597,2.99577410686
5.87878865251,1.69093503789
10.6491145945,2.51271958858
10.6745889959,2.51672521325
12.4031213168,2.78156376052
12.6965448121,2.82526197909
10.1685509203,2.43654481451
8.25301468369,2.12003698267
3.57080007767,1.21277075424
7.1595771833,1.92838291609
7.57451912752,2.00218899306
9.56378508453,2.33895337114
6.74273298622,1.85278773165
5.07062627884,1.53217872269
5.09668316866,1.53742326837
5.81573190226,1.67882184004
6.00953787363,1.71591488973
13.6590372851,2.96630009357
9.38528280924,2.3097586437
5.23953263339,1.56601791084
10.5008866602,2.4893483389
9.69117623657,2.35967768787
6.80674451315,1.86449543798
12.1238637411,2.73965403244
10.0967429406,2.42506038989
6.45360612864,1.79943706834
9.17854463711,2.2757134414
5.21971062247,1.56206574795
3.70058673415,1.24198232944
11.7057213674,2.67629395623
5.25425146163,1.56894936444
12.0204288581,2.72404953136
5.18621341497,1.55537559852
10.2624916031,2.45152824697
9.16110733891,2.27283027776
3.23023430338,1.13437777289
8.45525452769,2.15453133898
10.4905928056,2.48772122688
2.84081495559,1.04127071791
5.21395802389,1.56091784414
3.69387047774,1.24047914493
5.58608365096,1.63433086168
5.44183092362,1.60607216218
3.70882242143,1.24382434146
3.67621127157,1.23652243367
11.8045313269,2.69133354478
6.21575826449,1.75494874033
7.6096442876,2.00837402517
11.2910925898,2.61271679865
11.1243761031,2.58693470673
4.84276220302,1.48592579258
8.89500712224,2.22860221873
7.45477504354,1.98103152578
10.9980428236,2.56731187349
5.9873507365,1.71168886274
5.98318703448,1.71089521304
9.76432344067,2.37153640802
5.77606326863,1.67117906371
7.25853286812,1.94611092318
2.82098784618,1.03642011955
10.4801768491,2.48607427287
9.22680857989,2.28368412184
10.5756591224,2.50115143761
3.07741760083,1.09831263731
10.964876034,2.56214778207
9.06311112542,2.25659295766
2.67378171429,1.00004372941
4.06397710792,1.32201340973
12.3389874003,2.77196689286
6.72554280174,1.84963734624
4.2754805039,1.36749258056
11.7732202845,2.68657233609
5.57597087871,1.63235779102
12.5463146359,2.80293143881
10.5700511398,2.50026716468
5.9120573491,1.69730849134
4.47900553114,1.41055304983
12.0557764704,2.72938719543
12.1894807735,2.74953021288
12.916287006,2.8577669955
9.17105070522,2.27447458392
4.34101426352,1.38143090277
7.27265764654,1.94863480126
8.13784179295,2.10026705542
4.86105748835,1.48966585479
10.2007277796,2.44168216205
11.8709543168,2.70142002109
5.86352124109,1.68800615922
6.35127060578,1.78036385947
4.75472850421,1.46786294624
5.23044493375,1.56420660202
6.92036146639,1.8851860234
5.88282788185,1.69170949364
10.7288673722,2.5252493979
5.68957945766,1.65445567521
10.2274407127,2.44594303828
6.62242350747,1.83068234068
13.6319573544,2.96237820825
12.7865117056,2.83859268205
3.0481178851,1.09133026149
10.3605034269,2.46711237052
6.71488735853,1.84768321267
5.57089011961,1.63136605022
8.41583949729,2.14783041448
3.53483338987,1.20461331026
8.70523734187,2.19679114514
8.8615737963,2.22301433948
8.69303842238,2.19473837774
12.7139467735,2.82784293722
7.46858819517,1.98347790813
8.75441784385,2.2050572661
12.5068105646,2.79704469596
3.00595771916,1.0812437337
11.5382840861,2.65071179247
10.3934464401,2.47233934339
5.55425205426,1.62811626391
3.02587074931,1.08601362489
2.99845330957,1.07944342544
10.4509907334,2.48145650275
13.7261056557,2.97600221507
5.8533313286,1.68604992618
10.6369119932,2.51079970602
8.0555926054,2.08609150637
12.4737998651,2.79212081514
3.0101734466,1.08225442968
11.4729492814,2.64069599988
13.1931807792,2.89846482354
13.6981599521,2.97196150976
10.2851413817,2.45513400987
5.82072811846,1.67978320444
7.54029764989,1.99615388489
3.66452170196,1.23389979038
11.5134320718,2.6469042247
6.0691541804,1.72724444807
4.5996462972,1.43576925589
3.84573159984,1.27424911017
3.04686849876,1.0910320258
10.3389065946,2.46368265684
5.50048683584,1.6175924512
4.28183833239,1.36884792607
6.7523967424,1.85455759903
4.98994993615,1.5158834706
5.9100719111,1.6969284669
9.1855513258,2.27687144543
12.5785974251,2.80773750799
11.9449749279,2.71263807608
13.8663458847,2.99623848412
6.29136644183,1.7691514502
8.50418215379,2.16283502723
3.03698330349,1.08867093389
12.6396387162,2.81681375057
9.84012835847,2.38379479684
7.16475482095,1.92931251148
3.94019636316,1.29503131148
2.79718716309,1.03058237156
12.0644388671,2.73069446388
12.5077254331,2.79718109614
6.67767254503,1.8408501512
11.7227071328,2.67888231526
3.74809649505,1.25258978977
12.1942063968,2.75024079303
10.7980062508,2.53608657342
3.6076616531,1.22110279481
5.59422289744,1.63591801937
9.52526337738,2.3326684766
10.5846286938,2.50256544476
8.07466147785,2.08938228312
4.22615974895,1.35695558036
7.79835786992,2.04144240921
5.6644022478,1.64957126505
4.31495358304,1.3758965361
7.24159511376,1.94308225035
13.6397564728,2.96350799153
6.40655546239,1.79068042158
9.60940087743,2.3463847787
11.1249216199,2.58701927805
10.2950826607,2.45671578957
9.88292284303,2.3907011749
9.01137162416,2.2479964714
13.8513855455,2.99408301081
12.6604602869,2.81990637038
10.6742303573,2.51666884262
10.3482977872,2.46517433082
8.1146855966,2.09628096251
11.4456565403,2.63650640947
12.3094721212,2.76754470239
5.30828724128,1.57968793786
6.06692004835,1.72682054177
7.63844743249,2.01343874342
2.93677524587,1.06458946872
8.19245189291,2.10965266384
11.6388115111,2.66608575874
8.77978561424,2.20931495687
11.0345486416,2.57298985633
9.78115597834,2.37426112422
8.93948935876,2.23602591672
4.55500234056,1.42646382159
9.08423091674,2.26009729379
12.3397929268,2.77208753315
9.55315899031,2.3372205465
9.44388424855,2.31936337728
10.4990176823,2.48905295591
9.03685002905,2.25223174292
10.4132742167,2.47548269718
5.0314617924,1.52427904024
8.85005091421,2.22108683485
3.12877580664,1.11049853074
10.5899776552,2.5034084911
8.53907296495,2.16874675079
3.44287205102,1.18362904532
4.86694600944,1.49086863269
6.34297025985,1.77881237395
13.4884512771,2.9415512323
9.16941313534,2.27420382454
4.82848048394,1.48300294012
11.5036242344,2.64540081584
2.8995641732,1.055577623
5.26863234597,1.57181086933
3.41807497725,1.17793885757
6.91666794407,1.88451519175
9.03493199323,2.25191304677
13.1825713863,2.89691073407
11.5694949843,2.65548973243
13.2460073531,2.90619679602
10.0304594603,2.41443532448
11.2349947023,2.60405572197
5.72751357686,1.66180135982
11.7850329362,2.6883690826
11.6721079967,2.67116812265
7.6037126969,2.00733022686
12.8785193447,2.85219347201
3.59998292855,1.21936947606
10.2175689486,2.44436886416
6.38270850334,1.78623405739
5.22034394376,1.56219209844
10.3008253678,2.45762929288
9.557580274,2.33794161466
3.79864013026,1.26382553675
8.21158868932,2.11293668616
3.62645348504,1.22533949725
10.1899122247,2.43995595735
13.3164384306,2.91648948785
12.4932745653,2.79502618892
9.61854136697,2.34787246818
3.60332333958,1.22012365845
8.88512721264,2.22695166981
11.655959135,2.66870377045
3.20769135062,1.1290939331
9.77422628923,2.37313959115
12.0454633252,2.72783039918
3.53619537936,1.20492271953
3.08014500034,1.09896147029
10.6409575153,2.51143628501
5.73787856715,1.66380564594
11.2354086787,2.60411968942
8.74823559263,2.20401902284
5.06048746574,1.5301356279
4.33847288379,1.3808916919
4.17292025947,1.3455352579
3.32923944796,1.15743971389
5.59851575515,1.63675481899
8.27553684269,2.12389223001
13.4835653641,2.94084084527
12.6100062698,2.81240952496
10.8910901225,2.55064054904
4.258524151,1.36387457931
6.18243543645,1.74867090803
9.8546821834,2.38614468391
7.66550014746,2.01818987325
9.85152229689,2.38563458125
6.11202966702,1.73536963558
13.6453265154,2.96431473821
12.3732139486,2.77709054675
4.10490115818,1.33087365424
9.72981843296,2.36594611438
8.40644370048,2.14623149813
2.9089099347,1.05784460387
3.29087227298,1.14853008609
11.9830405902,2.71839802116
11.7933363928,2.68963170871
8.67809193128,2.19222195456
2.90224494739,1.05622814131
13.2332939872,2.90433694221
9.63114577369,2.3499231658
13.7124791492,2.97403228385
13.5867123944,2.95581974992
7.2399067364,1.94278021896
2.74835998062,1.01855410283
7.37076229672,1.96611973388
4.16479680827,1.3437884493
6.08255731835,1.72978648081
4.56658598192,1.42888118585
4.63552869206,1.44322665343
8.48484499445,2.1595551546
12.0635613179,2.73056204451
5.68751163615,1.6540547872
5.19001570347,1.55613572463
4.48309367288,1.41141122603
7.93075263962,2.06448292256
5.63891369622,1.64461907698
10.5273150176,2.49352334015
4.19689866128,1.3506848035
8.84510248638,2.22025882362
10.6365057376,2.51073577564
8.80929401592,2.21426244966
5.04555684556,1.52712443935
11.4174873004,2.63217877778
8.26121615826,2.12144128171
9.96629664489,2.4041278803
12.2153538373,2.753419557
12.3769861601,2.77765495095
13.7583584425,2.98066227996
4.26375682021,1.36499159286
6.73223188169,1.85086354934
11.0398019867,2.57380642689
10.2677745519,2.45236951033
13.5698335421,2.95337122134
10.5718771931,2.50055511597
3.39988369314,1.17375574811
8.65633036959,2.18855554692
2.8549988453,1.04473381007
11.8628573663,2.70019149018
2.80521078681,1.03255222115
5.67788027908,1.65218691798
6.20879899815,1.75363858257
5.73600093942,1.66344265719
4.51221368842,1.4175165264
4.06119130862,1.32140919293
3.63908876987,1.2281840646
5.95414739855,1.70535479329
11.4859205289,2.64268599504
7.89716252561,2.05864949043
13.1486122048,2.89193350566
6.60396806792,1.82727958244
4.30874418421,1.3745762375
10.4969498302,2.48872612137
8.60126118942,2.17926368727
11.3581162209,2.62304594237
12.3836584289,2.77865312586
7.70837823355,2.02570889937
13.4109229169,2.93026885624
9.63748969449,2.35095496345
13.692376733,2.97112496363
10.8791548059,2.5487767463
10.1498433299,2.43355547541
11.7722130697,2.68641910733
6.86394208892,1.87492585905
9.24110025657,2.28604169073
12.0016899126,2.72121773624
3.67004384464,1.23513907181
8.20385206839,2.11160932968
9.91430963662,2.39576018993
10.1367596989,2.4314637133
12.232235775,2.75595583813
3.5101349486,1.19899553936
3.58193422287,1.21529048048
5.95109699219,1.70477228958
5.76074177032,1.66822245938
7.93560853281,2.06532554001
9.97470410222,2.40547975402
4.82728757072,1.48275867187
10.2729327475,2.45319076864
4.4925582039,1.41339700497
3.42106388989,1.17862545133
7.58155400434,2.00342849736
9.4341129762,2.31776325593
5.85088047211,1.6855792478
4.87793545424,1.49311201886
8.17812714177,2.10719275208
6.44527073409,1.79788731479
9.45058382416,2.32046016565
6.19665785477,1.75135170738
7.44949260149,1.98009557798
3.04035294232,1.08947606395
9.68506617704,2.35868576929
13.0843974149,2.88251013406
12.7753797162,2.83694491596
13.3478327118,2.92107155147
6.17370680446,1.74702462059
6.328658352,1.77613562777
10.7751466136,2.53250600541
4.78594705931,1.47428105686
12.6561448758,2.81926554341
6.53200299592,1.81398047687
11.8127234569,2.69257855849
10.7729537127,2.53216239225
5.19014067575,1.55616070504
4.28818576261,1.37020038588
2.90559105982,1.05703983005
3.05331209892,1.09256971355
7.76037512289,2.03480830558
2.67539360637,1.0004456073
10.7636476193,2.53070392912
12.2538025391,2.75919425388
4.9581220917,1.50943066848
5.0650627214,1.53105776663
11.6515238573,2.66802673805
9.60318610072,2.34537300353
7.51835353564,1.99227913926
7.58402694527,2.00386412406
5.01253496539,1.52045405729
11.0447616169,2.57457722408
2.73814932329,1.01602979564
2.72958087255,1.01390905713
9.19692026126,2.27874977709
12.2839388495,2.76371627269
12.9614270767,2.86442137339
9.73406086835,2.36663380411
5.3401415146,1.58600128851
7.09107070834,1.91606204938
11.7462356476,2.68246562048
12.21807525,2.75382849114
11.1738475003,2.59459863346
13.014538136,2.87224092105
11.5917563025,2.65889499547
13.7704249144,2.98240477575
11.6701178057,2.67086447651
12.8179689326,2.84324642359
5.31705232978,1.58142638899
6.01610895841,1.71716549819
9.40652616892,2.31324271856
10.7661659833,2.53109865189
8.624534971,2.18319310026
12.6775758172,2.82244726403
11.2825489306,2.61139865175
8.73353517277,2.20154926114
11.8694312059,2.70118894446
11.2883300642,2.6122906225
2.83943298389,1.04093299244
3.0631965225,1.09492641191
12.4661331103,2.7909766196
11.7939955008,2.68973192017
11.4728869535,2.64068643598
8.82577244654,2.21702288306
3.08746815544,1.10070266097
10.6390328613,2.51113344312
12.1531889174,2.74407003303
10.5177043278,2.49200550284
5.27502822654,1.57308268348
12.0972075061,2.73563685054
9.04870708298,2.25420138181
6.46379205781,1.80132997597
13.7688194597,2.98217296451
6.33791493801,1.77786711081
8.85113240472,2.2212677781
10.2537431512,2.45013481504
11.4263716278,2.63354405811
7.84628557877,2.04979816063
12.7642861304,2.83530235822
9.80365691636,2.3779009558
6.12973403016,1.7387191831
11.7658106176,2.68544499259
6.35567113906,1.78118612496
6.29954879126,1.77068505233
4.45216417688,1.40491205504
3.85954222885,1.27729797358
10.184390036,2.43907435902
6.793395797,1.86205699748
7.1646976506,1.92930224832
7.63884600389,2.01350878314
10.0877034409,2.42361275442
13.1189587014,2.88758383363
9.18236740099,2.27634527079
5.64686520497,1.64616478031
5.30315885377,1.57867033946
10.0541182189,2.41823043879
4.66481037727,1.44929798415
2.9592109123,1.07000458416
6.0062217521,1.71528359263
12.4791286267,2.79291594772
11.2059014112,2.59955826924
5.61734778024,1.64042319046
10.0771230825,2.42191780794
4.4032239113,1.39459746742
6.59963626571,1.82648043873
3.06343396871,1.09498299393
10.8459209043,2.54358339059
5.25200652805,1.56850243265
7.20927191222,1.93729591419
3.42347291103,1.17917869063
13.78662521,2.98474342885
13.3671498178,2.92388913984
7.37563616963,1.96698636174
10.8615234069,2.54602220346
6.55798671229,1.81878785987
11.6015696024,2.66039542119
4.5087478595,1.41679057098
5.24809954495,1.56772446046
9.1017369993,2.26299996131
9.82354667679,2.38111607594
8.52784679556,2.16684552519
6.9594491333,1.89227797759
5.56267639495,1.62976213102
6.88981962182,1.87963530246
9.2469247571,2.28700215737
8.10439499223,2.0945083278
11.5967074238,2.65965206078
9.09983485162,2.26268465812
8.20277184177,2.11142396418
8.02031621475,2.07999689219
13.8509519603,2.99402052864
3.93262472404,1.29337172366
10.9869953498,2.56559235172
4.67976367401,1.45239353276
6.70924655832,1.84664831105
9.05632632107,2.25546660032
9.68739680179,2.35906415191
6.2731669812,1.76573797389
8.53152917045,2.16746925148
4.01693082784,1.31179083977
4.05591432739,1.32026428052
13.6488025018,2.96481813303
9.09712867964,2.26223604065
5.04068139414,1.52614052145
3.89352694684,1.28478507127
4.36633472464,1.38679747522
9.62646022922,2.34916094687
8.49311603036,2.16095835113
3.90592554336,1.28751114963
4.93553813165,1.50484360203
5.96366347189,1.70717133791
12.3617482582,2.77537467998
6.42972132097,1.79499451202
7.6916959154,2.02278517834
10.5687032388,2.50005460285
9.8266819115,2.38162267918
11.384715783,2.6271396182
12.1341443282,2.74120256369
10.0378530158,2.41562164894
3.13704654202,1.11245469471
6.12285761104,1.73741859395
11.7056970696,2.67629025274
7.70320811447,2.02480301687
4.05966537448,1.32107817188
3.2933664322,1.14911032843
6.99562884428,1.89883049703
13.3242213697,2.91762576011
10.5617216295,2.49895346954
12.6064307733,2.81187787122
6.95919215828,1.8922313962
3.75608075505,1.25436801777
7.48430301535,1.98625925289
9.32709607051,2.30020208002
5.70883372593,1.6581861669
11.2154679502,2.60103756352
9.0700967601,2.25775236157
12.9967851183,2.86962832771
6.14388316638,1.74139378744
5.49557477413,1.61662927621
8.24872713109,2.11930266052
7.35093998516,1.96259314004
7.27182146456,1.94848543408
10.379215985,2.47008211667
10.6330243418,2.51018789258
9.6660036779,2.35558978578
11.465812657,2.63960080867
13.6262323928,2.961548751
4.53209561607,1.42167742635
5.29668687181,1.57738567051
8.80715818481,2.2139045336
10.6162761807,2.5075513222
9.63547122339,2.35062669676
13.4003462169,2.92872799039
9.04483983401,2.25355906691
5.87412389936,1.69004042751
12.7542229103,2.8338119486
3.97879133925,1.30347428477
8.37656803749,2.14114348623
3.62397623506,1.22478140967
8.6688861717,2.19067133428
10.5878155194,2.50306773537
6.07650699383,1.72863921059
9.47789229647,2.32492816074
5.72656603299,1.66161807224
8.31321313469,2.13033368828
4.7404382986,1.46492038993
3.21546666413,1.13091778198
10.4854747364,2.4869120343
4.99212206508,1.51632334883
7.82149362569,2.04547804433
9.69370023891,2.36008737832
7.70800661901,2.02564379368
5.46480310471,1.61058891049
12.4623876705,2.79041756047
10.3385966205,2.46363341362
2.80895326539,1.03347038052
11.8434740475,2.69724936957
13.1703086312,2.89511393658
5.98468001102,1.71117981278
12.271878201,2.76190699053
7.35098621262,1.96260136807
5.04611469873,1.52723699984
3.35871969366,1.16426238261
7.30452030844,1.95432217134
7.16838454648,1.92996406053
13.6826141577,2.96971253394
7.12647932782,1.92243520765
8.1950163853,2.11009289883
7.02421607847,1.90399995451
7.77288778381,2.03699497214
11.8031863939,2.69112911865
12.6796949798,2.82276178569
3.81888436902,1.26831179382
13.5175941004,2.94578667126
5.99542599668,1.71322757641
6.82178501034,1.86724101099
3.46946481839,1.18971613187
3.67410542,1.23605017547
5.98036044999,1.71035632847
3.02670992402,1.08621440743
8.72120521371,2.19947668282
12.3361518612,2.77154220531
11.1639394965,2.59306462923
8.84892795519,2.22089894575
2.73115287622,1.01429830268
10.6232600974,2.50865092999
4.67758322993,1.45194235487
8.47089064694,2.15718673976
6.85442372666,1.87319212738
6.93485508699,1.88781725806
11.8532190437,2.69872872612
7.36349715302,1.96482755727
11.1610158865,2.59261189535
9.03858464353,2.25251994282
9.88145458208,2.3904643853
6.41370074124,1.79201161365
7.72458589622,2.02854741358
10.9353183582,2.55754124277
4.70913304724,1.45846383857
10.724235365,2.52452252308
10.0153399646,2.41200843521
12.607626102,2.81205561463
12.7195623556,2.82867555648
13.1340204003,2.88979354154
11.113846905,2.58530209703
6.47743213225,1.80386323006
6.91914045303,1.88496427149
4.30075686274,1.37287696787
5.87131871489,1.68950233279
2.94114546813,1.06564535237
10.8259645936,2.54046233276
12.3201126681,2.76913935233
2.91496951401,1.0593131654
6.9765350298,1.89537382136
5.53908115103,1.62515021771
5.78808298273,1.67349669001
10.8488761334,2.54404540947
12.2679660188,2.76131997593
7.0623793451,1.91089013918
13.5218749249,2.9464085635
12.8032646231,2.84107156144
5.19185958389,1.55650427308
8.01563422965,2.07918732625
6.66285665063,1.83812625434
3.848366075,1.27483098376
3.111801081,1.10647832277
6.83216182281,1.86913407377
6.4619937865,1.80099586557
5.99104865512,1.7123935745
13.8705122913,2.99683863852
9.2425120093,2.28627450885
3.33510860609,1.15879962454
8.51536086213,2.16472997004
5.56150911028,1.62953412772
8.12458864949,2.09798613115
11.9544099422,2.71406631465
10.9430398128,2.55874502515
11.1430058508,2.58982208959
6.61060927483,1.82850443277
6.92374114562,1.8857997491
8.66934958148,2.19074940425
4.94242631362,1.5062434125
9.88681823851,2.3913293369
12.1236842248,2.7396269886
7.61806679742,2.00985569155
5.12938782248,1.54399319796
5.50190167946,1.61786982571
3.09548230955,1.10260657026
13.6321256001,2.96240258266
10.8189820727,2.53936985189
13.0833616572,2.88235801285
10.0682014258,2.42048812021
10.8473050281,2.54379978896
13.3731186764,2.92475948156
7.11134022739,1.91971163241
2.83593582982,1.04007811502
9.18850236482,2.27735907915
5.52749153342,1.62288251984
8.88938901103,2.22766372568
6.07700674732,1.7287339889
8.13631338776,2.10000407336
3.97828669807,1.30336406693
13.4273371024,2.93265935393
7.1300760806,1.92308199197
9.20099730267,2.27942318156
11.9076477418,2.70698392968
7.19174420991,1.93415457797
5.57273730011,1.63172664622
8.70905612162,2.19743355139
4.91726460054,1.50112691131
8.1307668824,2.0990495864
11.6201077206,2.66322869298
7.56943808575,2.00129350443
4.23947452267,1.35980420002
3.67863395556,1.23706563317
12.8065045126,2.84155083346
11.5414763431,2.65120067874
9.8501436437,2.38541200723
9.26528751637,2.29002887772
5.76572020434,1.66918343976
2.99279563407,1.07808515566
13.1566418166,2.89311075235
8.69129519023,2.19444495778
4.79692876415,1.4765354256
13.3286640689,2.91827427398
12.1481820947,2.74331632053
5.87383603691,1.68998521324
4.2279385678,1.35733632143
6.7275841183,1.85001159156
6.24665195564,1.76075892249
10.7466495557,2.52803888484
7.92194540369,2.06295421056
3.25911527932,1.14112925638
7.22559825466,1.94021965193
5.29113967152,1.57628415146
6.13957507541,1.74057964871
13.6743796617,2.9685209225
10.0827748484,2.4228232802
4.09383388922,1.32848045602
8.39680708474,2.14459098184
5.20966411494,1.56006073976
10.6394405344,2.51119759149
7.73892973101,2.03105785247
9.98431662066,2.40702492976
9.89315426607,2.39235089311
9.47430817075,2.32434199947
11.0097453753,2.56913272924
6.68509644766,1.84221427532
12.0329751462,2.72594468103
6.12492691026,1.73781002735
4.89415848602,1.49642071329
13.5615205798,2.9521649294
9.12630213431,2.26706994805
3.14736732162,1.11489331825
8.01423908366,2.07894605992
11.8370330481,2.69627135942
10.1425618313,2.43239144758
10.912818378,2.55403185682
7.36101567286,1.96438610448
6.72051177305,1.84871481955
6.00286135636,1.71464374842
8.15859492495,2.10383627484
5.75809890321,1.66771219784
9.8119992615,2.37924973536
11.0201890569,2.57075716669
3.03985982106,1.08935825782
8.925176315,2.23363854073
6.29155766701,1.76918729876
4.53241488091,1.42174419256
10.455983377,2.48224673353
12.7881025874,2.8388281266
5.25231658643,1.5685641643
4.8294502108,1.48320149253
5.24967149445,1.56803749577
13.7594936341,2.98082623248
10.651524497,2.51309866115
5.45571674606,1.60880312527
7.11442939616,1.92026754112
7.50732981792,1.99033122223
9.56726539553,2.3395207749
9.17042795914,2.27437161962
7.43166542342,1.97693530811
10.9518140932,2.56011260048
11.8633396876,2.70026467947
5.27595847478,1.57326761953
4.18402400192,1.34792109451
12.2709936241,2.76177426711
12.4120760111,2.78290240511
3.62027541554,1.22394743313
6.80542040097,1.86425363064
8.60169624873,2.17933717269
6.52960287397,1.81353609649
8.31278666091,2.13026082923
13.8796470262,2.99815425073
10.246578327,2.44899332424
5.03928157261,1.52585796398
10.6751235453,2.51680923227
5.84895468829,1.68520936166
12.6123235707,2.81275406613
12.5686480383,2.80625674138
9.14774262971,2.27061925639
7.96130678172,2.06978196321
11.9068460796,2.70686243292
13.5363006878,2.94850376787
8.6786549999,2.19231678017
3.15408985095,1.11648030333
3.84354805777,1.27376673296
8.49322514269,2.16097685919
3.49337550906,1.19517602472
7.10005587296,1.91768028165
9.82800976175,2.38183722206
9.52425803558,2.33250433973
5.51668997899,1.62076759206
7.28167672669,1.95024551578
4.28323548234,1.36914567697
4.50457709234,1.41591671196
3.33250561954,1.15819659924
12.4301351218,2.78560109756
3.97436927993,1.30250831155
8.99763182404,2.24571084994
11.2879735974,2.61223562767
8.0976729197,2.09334999466
3.09486936623,1.1024610124
6.15169905073,1.74287033986
5.35789641699,1.58951476807
8.2569424889,2.12070957988
8.28915379323,2.12622142512
6.54305966101,1.81602690588
3.73773684709,1.25028063998
12.1890199936,2.74946092164
9.0133592135,2.2483270115
11.6564714077,2.66878196187
9.16039454293,2.27271238188
12.7589455344,2.83451143996
5.82673866835,1.68093938097
6.0086505912,1.71574598727
4.6790752327,1.45225108793
5.43034523189,1.60381148372
12.932767723,2.86019741732
3.05735439901,1.09353380775
3.43347882674,1.18147519341
4.06880966468,1.32306122393
11.2191311727,2.60160390401
4.12702585067,1.33565148471
9.09393744364,2.2617069542
13.6441800375,2.96414869509
4.09707531573,1.32918160867
5.5963063182,1.63632416384
7.73017531824,2.02952585142
4.07990649935,1.32546571523
13.7400637859,2.9780194121
4.54418556071,1.42420464113
4.66455831755,1.44924577582
10.3370072543,2.46338091538
11.4165051481,2.63202782585
9.73554437119,2.36687425318
7.37333663614,1.96657750335
7.77450367077,2.03727727302
11.0580334226,2.57663928453
10.1674424149,2.4363677344
5.01947773674,1.5218577023
3.65746987128,1.23231631034
10.4168072264,2.47604258576
4.59757692423,1.43533859018
4.20097182371,1.35155857077
11.2016358798,2.59889854537
5.06565207127,1.53117652938
4.74129463962,1.46509680592
11.5103051672,2.64642495888
7.08368465669,1.91473130617
8.25580923919,2.1205155332
9.89194827748,2.39215646866
11.0045031141,2.56831714066
8.08211216981,2.09066736904
3.8701225436,1.27963124642
9.33135869716,2.30090284518
11.8891701035,2.70418283826
5.13190391934,1.54449806898
4.75642556263,1.46821219871
5.15673839835,1.54947684951
2.92617164913,1.06202536797
6.56116080987,1.81937468068
9.99219581284,2.40829111013
5.42809816249,1.60336901654
8.63066054915,2.18422672023
7.87912425961,2.05551345956
11.7262178794,2.67941714096
10.8069756795,2.53749078942
7.99897874695,2.0763061342
13.8798805991,2.99818788681
13.6217756865,2.96090296367
10.622980499,2.50860691226
13.0298192446,2.87448878881
5.49410953461,1.61634191113
5.74772516406,1.6657085724
10.2897386011,2.45586554731
6.00231938521,1.71454054193
9.28067961736,2.29256440641
10.5641127226,2.49933061796
11.3773934297,2.62601302545
13.601208767,2.95792185515
6.76675665943,1.85718598556
8.57701128362,2.17516569889
11.0744065783,2.57918207013
8.90240655826,2.22983797671
13.7428889954,2.97842762177
8.55244749453,2.17101072808
8.38719845277,2.14295460448
10.5059782938,2.49015295828
3.27031161046,1.14374124475
8.63905654334,2.18564304927
10.559750061,2.49864247154
9.07204388404,2.25807547215
12.2433406104,2.75762355217
7.48288266274,1.98600794668
13.2632651477,2.90872050809
6.83625684062,1.86988087233
10.1501900683,2.43361089841
4.76242404798,1.46944634665
8.5158677229,2.16481587016
9.88085123289,2.39036707847
5.14158268967,1.54643940789
6.0278760081,1.7194038653
3.10911995293,1.10584267026
13.8865965262,2.99915494546
7.60598940693,2.00773089786
9.93848798734,2.39965368755
11.8334362857,2.69572514492
4.20521593147,1.35246870856
8.1118159018,2.09578671118
3.73961181128,1.25069872461
8.10140689948,2.09399346561
4.14066516332,1.33859264205
9.91438521579,2.39577236555
4.46399496261,1.40739981308
11.641829539,2.66654662903
3.21415992006,1.13061136296
5.255726149,1.5692429174
8.6094748875,2.18065084557
11.574592965,2.65626975158
12.0099338475,2.72246372601
5.19218380807,1.55656907338
10.8408574639,2.54279167756
10.423444011,2.47709416945
4.19515428277,1.3503105162
10.8023003087,2.53675888154
10.7187496006,2.52366153759
3.29852663297,1.15031033512
3.80488032329,1.26520925256
3.77801472634,1.25924660717
9.33561348828,2.3016022158
11.9325600907,2.71075818955
8.42338252543,2.149113608
9.97220473158,2.40507790841
5.50043120817,1.61758154513
13.1534234528,2.89263892665
8.41010996232,2.14685546986
10.0536914877,2.41816201298
6.0496919323,1.72354991326
10.6124320296,2.50694596318
12.9773453515,2.86676614187
8.53630696723,2.16827838828
12.9876929387,2.86828983162
10.1035051452,2.42614304428
7.44487450245,1.9792771578
10.9332637734,2.55722088326
12.565755841,2.80582622255
6.17278231862,1.74685021
12.7092079043,2.82714021232
10.9580429204,2.56108321519
3.78438755103,1.26066228957
3.41534178818,1.17731083178
4.18669922301,1.34849559771
3.05591404291,1.09319032957
11.597987888,2.65984783626
7.90079811664,2.05928126448
7.37909112587,1.9676005751
11.1475665891,2.59052870295
5.7761381177,1.67119350098
8.22245006149,2.11479944674
7.34147534893,1.96090816565
2.72416011692,1.01256624438
4.73876754146,1.46457616438
8.48915657158,2.16028667849
5.14619091564,1.547363284
4.7971732437,1.47658559376
5.62257514208,1.64144072359
4.05753377383,1.32061569409
12.5318849281,2.80078189718
8.87065086867,2.22453212997
3.44676054545,1.1845200977
11.2489655463,2.60621405679
10.9309464419,2.55685953108
2.78912012883,1.0285999647
9.44372026744,2.31933652866
13.2550906938,2.90752524461
8.09905410978,2.09358802453
5.82642259327,1.68087859135
3.65229272637,1.23115314082
4.80663228158,1.47852597161
13.3847139697,2.92644986487
8.06931296783,2.08845953516
13.0878847062,2.88302228125
2.69610576428,1.00560241672
3.83399236542,1.27165466153
7.99447651067,2.07552695991
9.78517590153,2.37491160587
13.3488569481,2.92122098043
8.2283130361,2.11580462502
2.96086401534,1.07040303795
10.9805271149,2.56458531372
9.62302268873,2.3486016678
2.98881376069,1.07712869185
3.61745664606,1.22331203515
10.6408533748,2.51141989911
10.3100488355,2.45909613215
10.5650333738,2.49947582518
8.31890311417,2.13130564881
7.69543526819,2.02344071601
5.95967945714,1.70641093805
4.0202483818,1.31251300606
9.76164572079,2.3711028159
7.3717886525,1.96630224703
9.77464596271,2.37320752059
4.54372339616,1.42410807406
11.9066444133,2.70683186873
13.6209504026,2.96078337033
7.97714395131,2.07252595408
12.5160399896,2.79842058312
12.7246714593,2.82943297402
2.76936646491,1.02373757633
11.1771874978,2.59511564553
11.5882720131,2.65836215567
3.17984938023,1.1225509402
8.64298920511,2.1863062963
4.10283249132,1.33042648707
10.1801226299,2.43839297323
3.48804848521,1.19396070535
7.49715729941,1.9885328681
2.86272031157,1.0466166468
12.9896483576,2.868577723
13.5617350564,2.95219605515
10.9763280507,2.56393145653
5.83474402862,1.68247865782
10.6883543771,2.51888837166
3.8438034504,1.27382315774
13.4262782981,2.93250518323
3.76871431788,1.25717915129
4.04698718226,1.31832628451
7.897835474,2.0587664392
12.2051118722,2.75188027185
12.7024454169,2.82613725467
8.57828765476,2.17538148889
3.94977785899,1.29712990631
10.0046002014,2.41028381202
8.5127162145,2.16428174128
6.60014474307,1.82657425319
13.8642220058,2.99593252464
11.4009327925,2.62963385349
4.6733576617,1.45106779988
11.5209350916,2.64805404797
4.0489391193,1.3187501526
8.17877141698,2.1073034208
11.7659386711,2.6854644773
11.5425927705,2.65137164621
12.385443315,2.77892011536
8.84611565909,2.22042836849
8.92519261349,2.23364126
3.5828994204,1.21550878762
4.71671568177,1.46002902865
8.28091396865,2.12481214613
10.9197143078,2.55510769072
5.20007601598,1.55814601507
12.4904968737,2.79461188555
12.8292546169,2.84491508497
7.41090366489,1.97325163059
5.26277950355,1.57064658673
3.15657093551,1.11706572715
6.27861109921,1.76675941394
9.02539731116,2.25032845243
3.4838143702,1.19299428334
5.28239941466,1.57454779911
9.12087841619,2.26617165311
10.6421611639,2.51162566833
6.59524656565,1.82567043546
12.3451853427,2.77289506482
9.69375308765,2.36009595623
7.73657434343,2.03064572217
13.1457578606,2.89151496352
8.54729631635,2.17013890077
10.3809610714,2.47035897675
3.95857290247,1.29905475452
6.86947431719,1.87593316407
12.4065885881,2.78208212396
9.89626932194,2.39285305284
5.51685875813,1.62080064936
7.76678850367,2.03592923109
5.31504483695,1.58102831104
9.65766897046,2.35423548777
11.5692546699,2.65545296017
12.7471220517,2.83276004259
9.39205820006,2.31087014529
7.53899467488,1.9959239193
10.6694983957,2.51592501629
11.7225322791,2.67885567673
6.46995835007,1.80247540904
13.6003044689,2.95779074559
8.68400335785,2.19321738753
10.3808313415,2.47033839548
12.2563391945,2.7595750273
12.6649545093,2.82057367297
10.7302608516,2.5254680483
12.9430457353,2.86171259966
12.4520376321,2.78887238156
10.1613150638,2.435388794
3.54395107353,1.20668385892
11.7033152713,2.67592720445
7.30144792641,1.953774123
2.90471736784,1.05682792285
11.2582791099,2.60765239894
12.7120890734,2.82756747006
6.72230281748,1.84904326511
11.8485648459,2.69802223791
12.8545644506,2.84865552951
6.53154007087,1.81389477096
11.7724772257,2.6864592941
10.6447115038,2.51202691787
13.8077757819,2.98779531906
11.2599882063,2.60791630053
10.6214421888,2.50836472607
7.89230616375,2.05780542593
13.612611167,2.95957478163
3.56358311683,1.21113611218
5.27128241585,1.57233789536
5.6232384872,1.64156982461
7.99392445429,2.07543140884
6.48467217323,1.80520713834
9.68706396755,2.35901011731
12.4934097148,2.7950463462
11.0988306138,2.58297284674
3.35019126443,1.1622906916
13.4095113436,2.9300632347
3.28052650749,1.14612167547
11.6515297173,2.66802763262
12.3654129653,2.77592316943
7.81159915825,2.04375261213
2.78274783289,1.02703267431
13.696685787,2.97174828208
5.48040328627,1.61365258177
5.97118358352,1.70860618552
13.4692199251,2.93875459503
4.4043721838,1.39483991225
10.1573371603,2.4347531562
8.17547687362,2.10673747853
9.14501266696,2.27016748634
9.78830816641,2.37541838984
7.68617897316,2.02181782137
6.35660524954,1.78136064457
12.6888677313,2.82412298413
2.8582929565,1.04553726816
2.94780251043,1.06725274714
9.61064161529,2.3465867466
7.59682517408,2.00611786992
7.85547643341,2.05139855449
3.47142029166,1.19016312485
3.47661317692,1.19134973632
9.1662997048,2.27368899869
10.2179183612,2.44442459094
11.0846187517,2.58076740763
9.15750674024,2.27223471032
5.70791853447,1.65800894466
9.70627671306,2.36212823391
11.2211211788,2.60191153655
5.34579473927,1.58712041496
5.32864505034,1.58372420084
12.440642441,2.78717067438
4.37910517458,1.38950018541
11.2742081697,2.61011148774
6.08306003559,1.72988178958
10.4030368406,2.4738599862
2.71411426054,1.01007535867
6.68749398249,1.84265470865
13.6256704054,2.96146732157
8.61719454203,2.18195416598
13.7494420846,2.97937435871
12.0878037734,2.73421897335
5.05015084692,1.52805126769
9.79830559902,2.37703556032
12.751360565,2.83338795038
3.2424760766,1.13724196944
10.5234076575,2.49290629794
6.81317469098,1.86566948434
5.58225670146,1.63358433794
10.9674287355,2.56254542419
9.29713104412,2.29527288774
3.98921723932,1.30575034691
4.97023918928,1.51188892138
9.82404695718,2.38119691678
3.14441385352,1.11419573691
3.50616001977,1.1980901949
12.3142122928,2.76825514689
5.88105209962,1.69136903847
8.67850511731,2.19229153885
12.4344467077,2.78624521307
6.05368244929,1.72430775894
7.66416043204,2.01795471757
4.00783143518,1.30980905956
10.0863652481,2.42339841208
2.85628474298,1.04504748677
4.93203850987,1.50413216241
4.30260791295,1.37327086474
2.71867592764,1.01120681136
3.3796134232,1.16908577452
10.3805826578,2.4702989423
5.09811846707,1.53771189498
13.2484496053,2.90655400793
11.0400026115,2.5738376091
8.8858711924,2.22707598121
9.70589276769,2.36206594197
6.82076031481,1.86705402167
7.27795718359,1.94958132444
3.56727013664,1.21197136012
7.01890607518,1.90304027255
10.1584621607,2.43493293085
13.5283781549,2.94735318778
10.5406757882,2.49563266876
6.30637931008,1.77196477498
9.31200829551,2.29772082937
4.19862157462,1.35105443416
7.07892957115,1.91387433879
10.2310452146,2.44651769416
11.5867992391,2.6581369136
7.22309311808,1.9397711727
9.73565736913,2.3668925676
7.82222134533,2.04560491792
9.87826784612,2.38995041317
11.7238469245,2.67905595651
12.0062826554,2.72191191938
8.93943272005,2.23601647205
3.34637398595,1.16140763152
5.12716449387,1.54354700407
3.53639996316,1.20496919232
5.61189396443,1.6393612404
9.10705731293,2.26388174881
10.218689599,2.44454759113
11.7876167444,2.68876200902
12.2296456632,2.75556678494
10.8381927694,2.54237497987
11.5586983163,2.65383740435
11.8440807738,2.69734148658
8.75991619873,2.20598045093
12.6110127982,2.81255918031
4.04294147015,1.31744753077
5.80916604693,1.67755802932
5.61396721046,1.63976497693
12.4596194908,2.79000433505
8.95247358952,2.23819054839
7.22079061956,1.93935892479
12.2375766749,2.75675799256
11.5127192092,2.64679496688
2.9965764217,1.07899292525
5.21525409113,1.56117650505
3.7964250917,1.26333418645
8.90281124278,2.229905552
13.2475082426,2.9064163237
10.3754750458,2.46948855981
5.38291403708,1.59445887189
8.29145744014,2.12661534041
12.1163207922,2.73851758428
11.0642414558,2.57760355278
12.381777283,2.77837172359
8.22928938424,2.11597199194
4.0618454496,1.3215510831
2.96696615653,1.07187321893
5.17444626521,1.55302201679
5.58104063643,1.6333470842
8.90691931705,2.23059147116
12.529864814,2.80048090223
11.3115919678,2.61587816239
12.5084918221,2.79729535656
2.92217376322,1.06105781852
9.73036762061,2.36603514216
4.45522049565,1.40555494357
10.2367963482,2.44743444196
5.68205222455,1.65299613897
11.9973488385,2.72056151087
10.685922912,2.51850634707
10.2420670249,2.44827445275
6.39526337207,1.78857565354
9.16490107652,2.2734577075
10.5904125458,2.50347702769
3.89176915352,1.28439835136
12.1643657444,2.7457521867
11.2242628213,2.60239716208
11.5735096592,2.6561040094
3.61078243408,1.22180689727
9.43163966703,2.31735814485
7.264440727,1.94716676461
7.43005179155,1.97664913078
8.90062367705,2.2295402543
12.3548309473,2.77433923203
5.45391402444,1.60844871001
11.1732531309,2.59450662315
3.07260963104,1.09716838139
7.7715373777,2.03675903665
4.27882495346,1.36820562539
13.4338513869,2.93360779877
4.02118167275,1.31271612935
3.78322875728,1.26040493007
11.206393474,2.59963436823
10.1011605813,2.42576769815
13.2730792278,2.91015519236
4.58147442391,1.43198522194
4.18373763959,1.34785959101
6.70059842421,1.84506109904
8.10656120503,2.09488153671
10.8165883573,2.53899527858
11.5564305468,2.65349027828
6.99286122921,1.898329653
12.403318741,2.7815932771
4.48117154155,1.41100776779
3.18296224135,1.12328342255
12.1647805097,2.74581460048
3.77117753699,1.2577268837
13.8444497857,2.99308344899
4.25762738335,1.36368310115
10.4014561002,2.473609378
2.85581316413,1.04493245719
8.34588276547,2.13591129179
4.49973753835,1.41490239063
11.6895186885,2.67382376011
8.49368215355,2.16105437832
11.506820264,2.64589077088
6.04377695142,1.72242628285
9.73654768149,2.36703686477
7.37542631304,1.96694905088
11.0452792511,2.57465766517
8.87234415994,2.22481521037
3.67106704246,1.23536863
10.6209768776,2.5082914668
12.1300110052,2.74058002734
12.1681569859,2.74632266548
13.5919381987,2.95657762498
12.8615973726,2.84969446245
6.14824867189,1.74221858222
6.22565613355,1.75681128016
13.6336749121,2.96262703281
7.39023766513,1.9695815254
2.91918507413,1.06033422186
3.47085266567,1.19003338238
3.40824211808,1.17567870288
10.5078495163,2.4904486307
4.24263643556,1.36048023477
2.84711980247,1.04281079861
11.8364195354,2.69617819356
8.0265834367,2.08108031622
11.9376765596,2.71153301735
11.4148046281,2.63176645414
13.373559192,2.92482370966
6.5776914805,1.82242930973
8.28390174275,2.12532320703
6.56311395049,1.81973572637
11.7833354216,2.68811092151
12.3574931956,2.77473776518
9.21056304997,2.28100276466
7.79813725545,2.04140390761
13.0171672053,2.87262772266
6.59960162471,1.82647404735
7.35204745456,1.96279025382
8.33440649887,2.13395280844
7.76571229152,2.03574115315
4.51949912701,1.41904193473
13.7362652541,2.97747052466
13.5889616564,2.95614596226
8.22120709514,2.11458631555
10.2179094908,2.44442317624
5.38069349499,1.59402034776
12.6773316984,2.82241103132
13.0392996129,2.87588291962
9.51263726429,2.33060665809
9.85486404065,2.3861740396
7.67116213584,2.01918355152
6.8086529354,1.86484392355
8.60671564307,2.18018490386
7.64087926247,2.01386606245
5.38959669939,1.59577823493
10.4049333411,2.47416063779
12.1091504163,2.73743705068
5.78151121663,1.67222972926
12.3970742266,2.78065959382
2.73445152048,1.01511484092
7.80629808486,2.04282789252
12.4172313432,2.78367293393
10.1212355514,2.42898060275
3.08100591518,1.09916623731
12.7415477759,2.83193414444
4.67873793697,1.45218129579
11.3349113236,2.61947209527
6.43192285299,1.79540422521
11.6407399233,2.66638024301
8.67389512458,2.19151511151
5.74131455792,1.6644697997
12.1848689453,2.74883665527
10.382368126,2.47058219639
12.9673613942,2.86529561298
11.2720824055,2.60978338453
11.9988027097,2.72078129643
10.9767727955,2.56400071391
9.76781955942,2.37210246043
8.12827015945,2.09861985953
6.13641315522,1.73998199101
12.125581732,2.73991283825
10.0646690356,2.41992194105
6.95280956929,1.89107425211
3.11380427733,1.10695312938
8.42803735491,2.14990528017
6.44934258227,1.79864445429
11.9272896214,2.70995992443
12.2206546964,2.75421606462
6.80310183544,1.86383017998
8.54739625182,2.17015581633
4.64007765466,1.4441706825
5.54275522563,1.62586878012
13.8091193839,2.98798913945
8.30533971824,2.12898838791
4.60552079307,1.43699146962
10.9710961856,2.5631166601
13.3560906188,2.92227621398
13.6408748613,2.96366998405
5.51326262096,1.62009623222
11.6554866925,2.66863165755
3.55044840865,1.20815826523
3.39240355499,1.17203351709
9.24568695668,2.28679805957
11.0328704369,2.57272897189
5.76115615975,1.66830245897
7.21997914634,1.93921362516
5.01511223239,1.5209751882
5.08667818017,1.53541059482
7.05279565951,1.90916102271
6.58935858187,1.82458368125
11.25422892,2.60702695577
6.94665435265,1.88995799451
12.519739525,2.79897200067
3.07275969171,1.09720410357
6.95642628507,1.8917299952
8.84953596884,2.2210006772
9.29188462544,2.29440931701
5.59189032204,1.63546324457
3.95927149495,1.29920758455
8.00093097697,2.07664394919
8.85530110823,2.22196517135
3.47639635568,1.19130020294
5.53805898668,1.62495027821
13.7433053389,2.97848777618
8.04477181249,2.08422297255
3.64124334816,1.22866879357
10.8879058012,2.55014335639
7.84226442618,2.04909776507
11.7477304574,2.68269319358
11.7714925764,2.68630949515
10.8630553964,2.54626160436
11.2969576025,2.61362148174
7.95523424865,2.06872933721
6.40258097207,1.78993974503
2.78527361748,1.02765404359
6.3528262842,1.78065456881
7.98670948975,2.07418242553
8.25313945174,2.12005834959
9.93328484947,2.39881608068
10.0649163692,2.41996158637
9.47230938818,2.32401507902
6.51561866684,1.81094584958
8.30596978916,2.12909606135
4.34506530094,1.38229020399
5.60316854556,1.6376615382
6.23461629957,1.7584965159
10.931596015,2.55696082458
9.83335510808,2.38270078049
8.32622323749,2.13255574415
4.8874770695,1.49505847892
3.88639419738,1.28321548318
12.2635979391,2.76066448114
10.0856051719,2.42327666418
5.68002097013,1.65260216679
2.84697054826,1.04277435354
9.04678670352,2.25388243568
10.9756472747,2.56382544166
7.95541438845,2.06876056689
10.6413840638,2.51150339941
7.04260179358,1.90732095591
7.35092578755,1.96259061301
11.0183066869,2.57046441588
13.3745390667,2.92496657493
4.26627871339,1.36552977611
4.13003068071,1.3362997189
10.2518814893,2.44983824297
6.95296933918,1.89110322223
5.9780036238,1.70990693779
3.99935343337,1.30796126357
12.3386380644,2.77191457349
13.4482056582,2.93569716269
12.7250413672,2.82948780842
8.92157690813,2.23303796889
5.64082358593,1.644990409
9.83730442998,2.38333870604
8.54719696165,2.17012208345
5.31482665022,1.58098504244
8.90348129208,2.23001743635
6.74590806051,1.85336932343
13.049684833,2.87740972525
12.8217867013,2.84381096016
11.077917578,2.57972717256
3.12813674404,1.11034731031
12.5582907383,2.80471484994
4.6425815597,1.44469017684
7.35105187155,1.96261305468
9.8325488048,2.38257052955
12.1906436136,2.74970507474
11.5234004901,2.64843181104
7.78951461675,2.03989880169
10.1236938611,2.42937389762
3.60941392174,1.22149816207
11.4937434749,2.64388579693
12.9149375769,2.85756794855
11.2413011284,2.60503010302
2.8037184696,1.0321859903
3.51500118622,1.20010342648
11.9841928059,2.71857227469
4.76030451081,1.46901032539
3.77436093748,1.25843458225
12.6592038719,2.81971980364
2.76137837484,1.02176801772
7.20395818366,1.93634385045
2.76215306538,1.02195910997
13.3258766465,2.91786739416
3.24114708126,1.13693120024
4.00737466569,1.30970953904
3.722823389,1.24695270292
5.65656054687,1.6480484882
4.31832573226,1.37661328762
7.57079514979,2.00153269456
7.86163118804,2.05246992652
3.10001586862,1.10368287268
6.73843168748,1.85199969896
6.07102083872,1.72759858967
3.540989062,1.20601140615
3.8289929534,1.27054895456
7.33347215379,1.95948280425
11.823180648,2.69416739084
6.28693581211,1.76832074828
13.0937205072,2.88387923125
5.73983210756,1.66418326833
5.49482204585,1.61648165315
8.07820009997,2.08999266945
8.69382924654,2.19487148239
12.5427446974,2.80239971466
12.7271916786,2.8298065557
7.18065598733,1.93216601529
10.8741905111,2.54800132812
13.447010218,2.93552318646
8.3772296058,2.14125622086
13.5289985944,2.94744330158
4.44133652488,1.40263330239
3.6161896129,1.22302637083
9.30969485667,2.29734025577
3.51465076471,1.20002366377
13.8850466163,2.99893178032
6.08773162205,1.73076733712
13.8740078092,2.99734210771
8.29194123172,2.12669806238
7.65507756542,2.01636007144
4.1907071422,1.34935606864
10.1762539307,2.43777516753
10.2013935623,2.44178840361
11.4620055697,2.63901647754
5.10682697702,1.53946252382
6.05705761023,1.72494861135
5.05109501545,1.52824171652
11.8620570043,2.700070038
12.2851932384,2.76390441626
6.75822331636,1.85562429816
6.92469276455,1.88597253831
10.6585843454,2.51420899589
4.50282318421,1.41554915263
3.6955963205,1.24086549763
3.77167643672,1.25783780675
8.99867391786,2.24588424343
13.630005088,2.96209536849
8.23105353144,2.11627438765
6.9171607937,1.88460471189
4.53895968905,1.42311252935
4.42109814499,1.39836902618
9.48769117877,2.32653032944
11.8238838879,2.69427422207
11.2643617672,2.60859156131
11.7940933165,2.68974679201
12.0478992436,2.72819814751
5.1965543151,1.55744244282
10.451766279,2.48157926362
13.2346240557,2.90453154743
4.03174057087,1.31501309544
9.36682513035,2.3067293072
8.48211676079,2.15909220473
7.17300145217,1.93079265315
6.23756972355,1.75905182147
3.39798698008,1.17331916751
5.03732166267,1.52546230731
3.0537145891,1.09266572708
9.81189304648,2.37923256505
12.5710061416,2.80660773306
10.5424674621,2.49591546108
9.35889291145,2.30542683349
12.7732641175,2.83663170922
8.09715107545,2.09326005817
2.84909515383,1.04329308241
4.4917081191,1.4132187034
5.43579974486,1.60488527017
4.66866581087,1.45009643071
10.7892187237,2.53471045806
5.42359221263,1.60248157246
12.3012742686,2.76631581447
10.0791227078,2.42223818826
4.39642907771,1.39316238308
2.96709799026,1.07190497033
7.94203900845,2.06644112197
7.55499772718,1.99874742444
10.9683111553,2.56268287424
4.53609526893,1.42251374
12.592835988,2.80985595343
13.7472325867,2.97905516527
4.05246919152,1.31951654382
9.82885528378,2.38197382937
11.6192145617,2.66309222167
2.98150084028,1.07537098847
8.94410652822,2.23679577591
9.41003917912,2.31381862649
11.1067062445,2.58419460519
8.33070029446,2.13332013379
11.1031711702,2.58364623952
3.05092344289,1.09199981578
9.64303254576,2.35185628702
10.2835851188,2.45488634317
3.6125512182,1.22220587566
11.2621795876,2.60825465221
12.0965130584,2.73553215559
6.59650997975,1.8259035836
5.13139145798,1.54439524701
10.9298777197,2.55669287171
3.60131841878,1.21967102477
4.92282487606,1.50225831364
11.1791265406,2.5954157744
8.21777116206,2.11399710092
4.36384527403,1.3862703066
12.161230421,2.74528036098
12.6363345546,2.81632282867
13.3353304879,2.91924725559
12.7947113539,2.83980609481
4.77104520364,1.47121918426
7.14299008272,1.92540335048
4.56167926417,1.4278574637
8.65994035421,2.18916397277
3.35855224264,1.16422368562
11.427802665,2.63376393665
9.49592943964,2.3278769016
7.71365029299,2.02663243481
12.172398454,2.74696082093
13.2137661762,2.90147903442
7.33063688226,1.95897772073
9.23023915551,2.28425014389
9.74903532037,2.36906033261
10.9144597361,2.55428794561
7.88746396112,2.05696365
11.8300505406,2.69521092553
5.09851996582,1.5377926282
4.75759684208,1.46845322231
11.03270547,2.57270332633
13.5912822382,2.95648249929
12.7296463747,2.83017040092
13.7927785832,2.98563148152
9.57960669161,2.34153225283
10.3968926935,2.47288583115
10.1303196815,2.43043377689
3.27064415252,1.14381877775
11.9372096603,2.71146231565
9.31727004301,2.29858629886
11.9615683536,2.71514967859
6.64949585367,1.83566814484
6.55199022802,1.81767898342
10.029420058,2.41426852501
12.9977249271,2.86976666292
12.5150248818,2.79826927131
10.98375515,2.56508791047
3.14212721954,1.1136555055
12.4276488604,2.78522963667
3.64054204644,1.22851102783
10.1110294675,2.42734743271
10.4584386483,2.48263530534
13.8758162831,2.99760257065
4.88651652256,1.49486258768
4.89743831797,1.49708919191
4.91446304817,1.50055669115
4.68950071483,1.45440746857
9.47169904159,2.32391524628
10.4631335152,2.48337823144
12.778638624,2.83742735167
10.5270610458,2.49348323575
8.56489912169,2.17311742022
10.6584993556,2.5141956306
12.5675112071,2.80608752199
3.79109083572,1.2621505243
12.2227822023,2.75453571148
8.57476996509,2.17478674392
12.811565847,2.84229946824
10.9092232302,2.553470888
9.9280643098,2.39797552545
6.52506897324,1.8126965003
10.0151272366,2.4119742807
10.9958962541,2.56697780843
6.79027596296,1.86148686007
10.3732931295,2.4691423327
11.9431898409,2.71236781372
12.4770420706,2.79260461518
7.00510077045,1.90054409338
8.53583405622,2.16819830586
5.80548565627,1.67684941114
3.98478684136,1.30478339614
3.21110317538,1.12989442326
8.95279446426,2.23824402892
7.16885540541,1.93004857337
3.86814864172,1.27919610408
9.70857522606,2.36250113132
13.4216074157,2.93182501552
11.189665184,2.59704666303
8.13193780772,2.09925110665
13.8243644569,2.99018786693
2.8211970647,1.03647136297
10.7647396539,2.53087509598
6.39599752495,1.78871253222
4.48817418338,1.41247735527
2.95232939277,1.06834510704
5.47896035545,1.61336933117
5.05237321918,1.52849952489
4.70839935946,1.45831234786
8.00001676803,2.07648575738
3.31652273202,1.15449044805
11.9337279205,2.71093505311
8.15975236593,2.10403524772
3.13478975567,1.11192109861
7.21048949776,1.93751403674
8.99077200384,2.24456928061
3.76490479461,1.25633181361
13.2870679556,2.91219954196
8.14667104181,2.10178592077
7.39019177722,1.96957337229
4.79634645799,1.47641593066
10.6039096171,2.50560363259
9.17225438491,2.27467359267
10.2485497633,2.44930743752
8.79613938385,2.21205757665
9.52224311968,2.33217535762
8.7123059042,2.19798016533
7.09060237373,1.91597768336
5.68466283683,1.65350241164
12.8649974968,2.85019667526
9.11321109335,2.26490146076
10.7249394776,2.52463302226
7.79444508982,2.04075949763
13.330445914,2.91853435491
3.92169620415,1.29097447937
3.49212610103,1.19489103741
11.3822281717,2.62675690975
10.5926085963,2.50382309994
12.5835987505,2.80848170747
7.33647946362,1.96001846403
11.730476227,2.68006578427
6.19340384039,1.75073853572
3.98410285481,1.30463408162
4.67675296218,1.45177053729
8.49343379516,2.16101225143
6.58971393566,1.82464927862
9.21497544814,2.28173119563
11.8734704208,2.70180172665
11.1805877283,2.59564192844
9.95636095813,2.40252978537
11.6509817924,2.66794398751
8.59489048658,2.17818747643
7.82100635242,2.04539308893
4.99710076302,1.51733134523
9.50008933207,2.32855670239
9.61125660218,2.34668685124
12.0899574426,2.73454373201
8.01351776365,2.07882131462
8.08346636391,2.09090089631
6.98952055297,1.89772501639
10.4396298675,2.47965784682
5.64449953903,1.64570499153
8.67160819176,2.1911298891
8.95689127689,2.23892679282
12.2178327487,2.75379205282
2.76716453064,1.02319485252
12.6836282957,2.82334551371
9.90619585173,2.39445289869
13.371547983,2.9245304654
13.5683520287,2.95315625734
10.2878085009,2.45555843132
11.9496574101,2.71334694041
4.97746371931,1.51335364532
9.81659256609,2.37999221172
7.20171979148,1.93594272639
10.2267492696,2.44583279568
12.0724910128,2.73190935692
2.69063356231,1.00424126273
10.0561535798,2.41855679298
12.6522834569,2.81869207131
10.6021275819,2.505322906
5.96082657763,1.70662989794
8.15542834534,2.10329186769
6.4392735239,1.79677187357
12.2455628309,2.75795722268
5.23156332451,1.5644295699
8.12399018541,2.09788310359
8.7334308753,2.20153173357
9.45771265046,2.32162694214
12.0863059198,2.73399309587
2.73095794323,1.01425003917
12.1296561337,2.74052657541
4.38771238091,1.39132031378
13.0103927697,2.87163098147
10.1682610009,2.43649850146
7.92295722072,2.06312986504
7.01900285422,1.90305776568
12.3407513186,2.77223106402
3.92416001109,1.2915151262
9.12112430621,2.26621238212
6.70909608555,1.84662070027
7.22311423174,1.93977495276
10.9168577345,2.55466206424
10.3448160887,2.46462135904
8.09788874715,2.09338719056
3.12315056436,1.10916708419
11.1927396914,2.59752235636
10.1725641992,2.43718586886
9.68654756799,2.35892628024
10.4139175065,2.47558464631
11.0976015608,2.58278215584
10.4075227061,2.47457109943
12.4623195369,2.79040739007
12.0593831214,2.72993152404
12.4971947189,2.79561084263
13.3096312668,2.91549549267
5.93467889037,1.70163538777
2.76513280907,1.02269395434
4.53044663563,1.4213325586
13.3351895345,2.91922668475
8.5192866155,2.16539524176
5.28704590206,1.57547099629
3.24750345709,1.1384171766
6.48989457739,1.80617621908
9.74343705683,2.36815330997
7.51739490445,1.99210978467
5.38209735466,1.59429759624
8.04676746371,2.08456764445
8.72774942207,2.20057683918
8.31790493838,2.13113515677
10.647969831,2.51253950969
6.48536037079,1.80533485666
5.98637237276,1.71150239185
9.12937964706,2.26757957722
12.8237854098,2.84410648848
6.15186293687,1.74290129402
10.3705663632,2.4687096145
7.49376309291,1.98793264054
6.56451426731,1.81999455838
12.918716624,2.85812535775
7.96200922619,2.06990370918
2.87145088006,1.04874350961
10.7852141393,2.53408322142
7.5311486118,1.99453886614
13.8509258018,2.99401675902
5.77973558044,1.6718873247
9.00669428477,2.24721852455
10.3371499352,2.46340358323
13.2089606069,2.90077552044
12.5032698614,2.79651677173
11.6028372206,2.66058920556
12.9411880894,2.86143877561
7.18564396897,1.93306068686
11.6397623333,2.66623095907
10.9209784885,2.55530489096
8.93985785216,2.23608736356
3.71134842494,1.24438903967
12.9836294931,2.86769153457
12.9143916832,2.85748742477
8.77537705808,2.20857532572
4.06939809219,1.32318878079
6.05518787752,1.72459361404
12.3761170776,2.77752492255
6.30740119462,1.77215618904
5.35372343039,1.58868933403
13.5414762352,2.9492552853
9.75098937363,2.36937688465
4.98430751694,1.51474052489
10.4561479831,2.48227278508
9.75271050957,2.36965568711
12.2804883759,2.76319870925
3.74441894616,1.25177031357
10.6401729966,2.51131284419
3.22206207261,1.13246370941
7.56467100012,2.00045316559
4.22737750544,1.35721623656
7.79417529731,2.04071240556
6.41892477409,1.79298455762
10.2589335505,2.45096157688
10.6567297135,2.51391733316
10.5040913796,2.48985478866
3.58976954034,1.21706209659
8.91893583587,2.23259724668
3.50899835994,1.19873670064
5.29294229923,1.57664214518
11.6048402546,2.66089540062
8.22389270954,2.11504680384
11.8388644903,2.69654946615
4.36037186475,1.38553460635
6.38492703293,1.78664794475
2.93314790962,1.06371267495
12.3736467429,2.77715530503
4.04411246134,1.31770190744
4.9561164049,1.50902357224
13.7219499235,2.97540150609
6.35746379243,1.78152103837
13.4991813403,2.94311102825
3.26617939998,1.14277759032
2.88973741293,1.05319133883
8.85370956697,2.22169893119
6.59722993603,1.82603643636
4.2700797665,1.36634073746
5.81251416649,1.67820254243
11.1509533397,2.59105336337
5.10886391008,1.53987185479
9.30369788717,2.29635357403
8.84333609212,2.21996321875
6.17750248271,1.74774061011
3.26066781933,1.14149162633
8.8216567261,2.21633358697
5.56172594628,1.62957648305
11.8553003673,2.69904463262
3.19021608995,1.12498938815
7.47495865242,1.98460564163
8.94856015507,2.23753824076
9.8057493482,2.3782392934
12.8442413385,2.84713021255
6.8692005572,1.87588332437
4.78588829909,1.47426898969
6.97669406465,1.89540262547
10.9923828257,2.56643097575
7.50221494008,1.98942708741
5.58966047638,1.63502843955
11.6469069249,2.6673218853
13.1660009051,2.89448261562
12.0159760395,2.72337676295
5.95563577778,1.70563897715
2.85787879873,1.04543626899
5.51715355742,1.62085838834
2.82253228854,1.03679836651
9.1425258945,2.26975592169
7.90163394118,2.05942649601
10.434288316,2.4788119452
10.8151463405,2.5387696156
3.097512319,1.10308857531
4.93326848526,1.50438222381
10.1418330043,2.43227492121
11.942868041,2.71231909177
11.4670703946,2.63979383842
10.6212451,2.50833369625
8.91980858658,2.23274288955
10.9781418969,2.56421390978
10.6478737227,2.51252439092
10.4008730008,2.4735169311
6.89525960852,1.88062457325
6.37033637128,1.78392504084
9.2238704256,2.28319929024
3.76383351207,1.25609348087
9.16316119342,2.27316996656
11.7108452152,2.67707488049
7.60746845381,2.00799116923
2.82432813427,1.03723809754
6.24633718448,1.76069977178
4.09278888868,1.32825437262
9.43375334431,2.3177043529
8.34464064357,2.1356993607
13.2112936506,2.90111707831
7.98711397888,2.07425245663
7.96533676637,2.07048038172
4.05165180807,1.31933910677
12.4885835957,2.79432649494
11.6305366501,2.66482193531
9.91014228426,2.39508879159
6.94204166225,1.88912126019
6.36415063802,1.78277003421
8.65355430973,2.18808761299
5.3059623957,1.57922667186
3.91897087753,1.29037631392
9.91888897988,2.39649785527
10.3874273764,2.47138472871
13.8222717623,2.98988609498
9.51762186492,2.33142074212
4.79398892307,1.47593209193
3.3538855455,1.16314497909
11.206997709,2.59972781346
9.23353207767,2.28479338808
10.8976710032,2.55166791918
4.58733493234,1.43320613506
13.4500039041,2.93595885748
10.6817938755,2.51785753868
7.26301149315,1.94691136088
2.92378008581,1.06144662611
12.0724141237,2.73189775732
12.7467858129,2.83271022806
3.81794717913,1.26810428162
8.82874367547,2.21752043445
3.64974085132,1.23057959881
10.9339774794,2.55733216957
7.53446656243,1.9951246374
12.0845043674,2.73372140798
12.4167165292,2.78359599332
11.8434285869,2.69724246738
6.13693255854,1.74008017428
10.3366937104,2.46333110201
5.10307097205,1.53870759479
12.6026599038,2.81131711227
13.6276108839,2.96174848339
4.64947871212,1.44612067159
2.82762175752,1.03804433244
11.01554144,2.57003432764
10.2864663214,2.45534485349
10.4169388072,2.47606343661
12.8982231126,2.85510191389
7.47016126433,1.98375641132
2.85245850565,1.04411399138
6.54220480237,1.81586872503
3.75045082184,1.25311426881
6.57440912519,1.82182298169
3.88921694311,1.28383675361
7.50659003377,1.99020046649
11.704886576,2.67616671511
11.0941361316,2.58224444718
8.20939403712,2.11256019647
11.3271760878,2.61828022947
7.64156409574,2.01398639257
4.58052917754,1.43178825109
10.2649933456,2.45192664556
3.44413232556,1.18391787522
11.5529260352,2.6529538002
10.1132327562,2.42770004785
3.53010541259,1.20353892587
2.74011579339,1.01651619549
7.89204981617,2.05776086639
5.67976318104,1.65255216391
12.0515353753,2.7287470448
11.1779708187,2.59523689158
3.81531827013,1.26752209905
6.833729664,1.86942001482
8.11900262406,2.09702438012
8.06240519226,2.08726747425
12.2944581038,2.7652938387
2.77728252663,1.02568750822
8.76361185211,2.20660085001
9.05266594532,2.25485881808
12.7151286564,2.82801818453
9.52991538045,2.33342790952
4.22091090744,1.35583179891
12.6890720255,2.82415329681
12.5325329561,2.80087844925
13.0860163693,2.88274790102
5.31360068088,1.58074190956
6.20367873754,1.75267432511
5.64881878775,1.64654442857
11.4283701075,2.63385112152
11.1137234034,2.58528294436
3.45387671114,1.18614990698
8.42332564489,2.14910393312
8.63103442217,2.18428979903
6.66058216354,1.83770791202
6.05600997162,1.72474970566
11.994322512,2.72010398459
7.01884327187,1.9030289206
3.09647222997,1.10284162993
3.41500252484,1.17723286496
3.17304862152,1.12094983252
10.2437674333,2.44854542351
5.27034099204,1.57215068217
9.873719972,2.38921681439
7.96825084055,2.07098533342
13.605476157,2.958540523
8.21126619665,2.11288136507
13.095061417,2.88407611727
13.5803265097,2.95489350167
12.3153814414,2.7684303618
13.7238826428,2.97568088723
5.83009277776,1.68158439747
4.72453859981,1.46164293874
13.8443285827,2.99306598008
10.8309674742,2.54124493591
10.7641319691,2.53077984743
13.0845747601,2.88253618026
6.14267477241,1.74116544556
9.16994953112,2.27429251517
5.77119694379,1.67024028791
5.91255843371,1.69740439514
6.72542015716,1.84961485996
11.3686363934,2.62466537979
9.86406946765,2.38765975823
11.076935276,2.57957467046
3.93667539362,1.29425970101
7.5445641696,1.99690680185
12.6415311965,2.81709491006
5.00410517997,1.51874890588
8.22903426014,2.11592825886
4.67977540518,1.45239595999
7.64258770556,2.01416624146
9.09765699896,2.26232362663
7.94959675913,2.06775188283
6.0578729027,1.72510339565
5.94685602086,1.70396227093
6.88885815878,1.87946043171
7.38381555363,1.96844031674
5.3290225217,1.58379899201
8.51542595917,2.16474100244
4.43379592553,1.40104523824
7.70479798344,2.02508160736
9.95554009916,2.40239773142
7.33485528092,1.95972917491
6.41976131763,1.79314033418
3.30860372136,1.15265196337
6.45766846356,1.80019211384
4.48905412499,1.41266196738
6.34752718473,1.77966422976
11.8082267252,2.69189519523
13.695193345,2.97153240297
7.84377931891,2.04936163983
12.5339203499,2.80108515659
12.3642065553,2.77574261443
11.8335890164,2.69574834016
7.1539220799,1.9273673402
13.7715554054,2.98256800168
6.97759164204,1.89556518901
12.79798097,2.8402898718
7.05790376533,1.91008273945
9.53994043789,2.33506406601
7.36862249997,1.9657391943
5.8612440572,1.68756908974
6.35423426223,1.78091765696
4.29062491116,1.37071992269
5.31947207066,1.58190614753
4.79214375715,1.47555335175
13.8069889565,2.98768181319
13.3482934079,2.9211387643
9.40228515564,2.31254736938
6.89662805293,1.88087338622
5.14794344976,1.54771456687
11.8105899778,2.69225434689
12.5027626347,2.79644113938
9.81122457277,2.37912450079
3.99384386289,1.30675974262
7.84673765416,2.04987689465
4.78174958943,1.47341892792
12.744310014,2.83234341936
7.40205645875,1.97168086045
3.85109293732,1.27543312297
2.80420578725,1.03230559049
6.48067148586,1.80446458606
2.88110501598,1.05109285561
3.79633961763,1.26331522427
8.63116483744,2.18431180211
7.95499498536,2.06868785731
8.06884319695,2.08837847853
7.56908690729,2.00123160493
3.58050634505,1.21496748895
11.4898699127,2.64329174437
11.7899234479,2.68911277116
9.04604917096,2.25375993662
3.9469514854,1.2965110342
8.42785545406,2.14987434604
13.2281854749,2.90358944397
4.77478318812,1.47198752416
11.4179502533,2.63224992983
12.7316839464,2.83047240047
11.8122002094,2.69249904561
11.2845968436,2.61171464155
9.87498959384,2.38942162318
4.98513463952,1.51490809634
6.33527887784,1.77737411065
3.97411986342,1.30245381729
8.42905925581,2.1500790609
8.41917992447,2.14839872353
9.76647308362,2.37188446214
12.6567830866,2.8193603206
13.4937298736,2.94231861713
6.93639642541,1.88809697143
11.2809076882,2.61114539679
6.45986189996,1.80059973086
10.0838875462,2.42300152615
3.2421842829,1.13717374071
9.5300233445,2.33344553303
6.14705966307,1.74199395673
6.0268094358,1.71920103845
12.2037359766,2.75167345297
8.83144938603,2.21797347452
12.69574332,2.82514307803
5.75634142348,1.66737283589
11.5454287244,2.65180591374
5.34268971839,1.58650578615
12.469882822,2.7915362603
9.99431245509,2.40863119625
3.83947797698,1.27286734714
10.9595981033,2.5613255248
8.60936554653,2.18063238258
7.72086247312,2.02789549107
7.84642437063,2.04982233296
3.4026472362,1.17439170815
13.326110797,2.91790157418
7.74272333146,2.03172154396
10.6180050838,2.507823558
9.81528710832,2.37978120516
7.86738739057,2.0534716687
4.35402781048,1.38419037244
3.85379604984,1.27602987755
3.37182576289,1.16728913056
7.5850719676,2.00404819818
12.447759523,2.78823356864
8.81634692252,2.21544414883
4.8610713704,1.48966869088
13.6704192785,2.96794773146
6.05643455702,1.72483031924
5.11675149554,1.54145638811
8.42664765981,2.14966894243
5.9743932663,1.70921841396
3.68328251228,1.23810757055
6.82611258033,1.86803061489
12.3274309479,2.77023584287
10.1469138295,2.43308719594
7.68992342954,2.02247441065
7.38808637004,1.96919927728
11.8815320496,2.70302453445
4.12092320503,1.33433447207
10.5875076466,2.50301921229
7.71866250325,2.02751025596
13.5447421935,2.9497294708
4.47331868701,1.40935884222
3.50280640377,1.19732609681
10.4479867286,2.48098097117
13.8166024504,2.98906848912
7.93186052382,2.06467518298
3.43037554219,1.18076318353
6.30344445571,1.77141497593
13.2443881906,2.90595995985
5.11867555893,1.54184278874
3.53112295252,1.20377019188
6.10096344998,1.73327433852
11.351783774,2.62207090728
7.85916145267,2.05204004771
3.87432903106,1.28055831063
4.46347078615,1.40728963669
7.47810970714,1.98516334029
5.54464526106,1.62623836467
3.4471042826,1.18459884929
8.39279637837,2.14390802307
6.60872849883,1.82815759935
6.17949046141,1.74811554964
10.5427472218,2.49595961604
2.81217633604,1.03426078441
10.8532919583,2.54473569891
5.23472622986,1.56506005629
3.85942339443,1.27727175497
13.2540178036,2.90736834904
7.33581838382,1.95990071927
9.55971830003,2.33829026593
8.94487031392,2.2369231155
11.1528661164,2.5913496588
2.76470898799,1.02258945054
7.09774372748,1.91726392845
3.89329599772,1.28473426508
3.20328679903,1.12806010726
7.59968487587,2.00662128539
7.22365027947,1.93987092237
2.86083865489,1.04615797141
4.65759625584,1.44780337414
5.11048499593,1.5401975805
7.30393427355,1.95421764097
3.61789092241,1.22340993908
12.0863097557,2.73399367432
3.57576265055,1.21389413835
9.51676548126,2.33128088782
10.0035315374,2.41011216901
10.8182435632,2.53925429141
13.7798227886,2.98376155197
2.88691371913,1.05250514629
7.362073952,1.96457437732
7.97555713301,2.07225109956
12.8111895776,2.84224381666
6.23340451696,1.75826865001
12.6090155895,2.81226222209
6.38994426389,1.78758377918
7.74552589561,2.03221178374
4.94967278463,1.50771533244
9.32354739365,2.29961860498
3.81379465822,1.26718462781
2.73807721808,1.01601195844
9.21779761015,2.28219703781
3.96204624308,1.29981452329
7.30672453265,1.95471531124
3.70587505619,1.24316528404
6.20645258533,1.75319673445
10.8470438379,2.54375895434
10.1814318165,2.43860202396
4.04717160033,1.31836633427
7.09044627643,1.91594956351
11.7104882983,2.67702048657
7.36184263765,1.96453322618
10.3046295736,2.45823434163
7.13346746623,1.92369174663
5.13128532634,1.54437395197
9.7697013955,2.3724071183
5.77244252007,1.6704806005
11.2756093851,2.61032774847
7.66530778056,2.01815610859
7.43695716486,1.97787365223
10.9453210666,2.55910062068
5.5038641336,1.61825451774
9.68044803153,2.35793591243
5.17138608513,1.5524096491
5.31756758749,1.58152855449
7.52301197515,1.99310201035
5.0347221926,1.52493746031
8.94413636425,2.23680075028
6.47899959473,1.80415422747
10.0275177176,2.41396322947
6.24331267483,1.76013136579
5.36699925763,1.59131460449
10.2543121954,2.45022546305
12.0784908944,2.73281443251
6.32471493014,1.77539773787
5.6937673992,1.65526744158
5.92823845475,1.70040406518
13.1013294724,2.88499636787
10.9636543683,2.56195746856
11.4288719292,2.63392822285
3.98808842429,1.30550401284
13.5244938559,2.94678899356
5.2386802907,1.56584807125
8.82926647773,2.21760797527
2.75081051595,1.01915946556
13.2291545475,2.90373125
9.76406446217,2.37149447443
12.6721126533,2.82163635192
2.84443581147,1.04215532105
11.6723822855,2.67120996991
8.11323557759,2.0960312311
2.7750645988,1.02514136194
8.56392265521,2.17295224866
10.739215814,2.52687294283
10.7281385767,2.52513503905
3.39576656791,1.17280797544
3.95726691176,1.29876902079
9.7611025997,2.37101486571
6.13960234383,1.74058480246
10.0325245679,2.41476670828
3.10495308051,1.10485440879
3.23649196426,1.1358423233
6.4323919084,1.7954915121
10.0469514411,2.41708112666
7.67109956064,2.01917257092
10.3463116782,2.46485889979
4.08069931541,1.3256374212
9.88866337491,2.39162685032
10.154270961,2.43426314496
9.59730943417,2.34441607243
4.55065212211,1.42555545508
11.2274552577,2.60289059277
7.58629242434,2.00426316327
12.4581328954,2.78978240798
8.17066453922,2.10591067089
11.9550470767,2.71416274825
11.9161057879,2.70826563175
7.20685406288,1.93686273577
9.43796533021,2.3183941746
13.3964095087,2.92815436779
7.35697585303,1.96366731853
8.90558399251,2.23036852554
8.16566607223,2.10505171191
7.62266547041,2.01066444786
10.835582134,2.54196670266
6.39694067254,1.78888836911
5.25023817087,1.56815033507
6.17385005642,1.74705164528
11.9591724239,2.71478709933
5.39595116202,1.59703229557
3.89615369623,1.28536285573
13.5196296583,2.94608239296
13.8450022879,2.99316308015
9.49866588126,2.32832409625
5.47840057153,1.61325943763
9.98689580802,2.40743943993
7.51801881059,1.99222000657
9.63463564517,2.35049079883
8.68770884429,2.19384124415
4.48150095354,1.41107691595
9.64937677681,2.35288771111
8.62889385146,2.18392863567
10.5227278196,2.49279893155
11.7952439436,2.68992172959
9.62434204356,2.34881633134
3.50391076067,1.19757774377
8.28102402435,2.12483097233
7.55524941575,1.99879181528
7.49267844456,1.98774081348
3.25851267568,1.14098859042
6.51138740264,1.8101617419
6.82116308942,1.86712752223
2.8143492076,1.03479347423
12.0096968577,2.72242791132
11.316621222,2.61665346978
13.4645118157,2.93806973555
5.6518411521,1.64713169158
6.98126767194,1.89623089555
7.25255957095,1.94504309546
10.3023790735,2.4578764146
5.12752297344,1.54361895074
3.56974943863,1.21253285298
13.1710151966,2.89521748106
9.34183542845,2.30262474036
3.21777238672,1.13145835072
5.93274105053,1.70126494635
13.7668806926,2.98189301436
4.42933523761,1.40010538534
9.78636072268,2.37510331005
13.0400012145,2.87598607986
7.85228411873,2.05084275087
10.1424470323,2.43237309345
7.30446724141,1.95431270594
6.23845225437,1.75921773875
5.4500238609,1.60768377036
3.4636805859,1.1883934479
4.53584296922,1.42246099227
9.78484309521,2.37485775638
11.3396474266,2.62020171284
13.4629885852,2.93784814358
6.84007626574,1.87057727732
12.5205586639,2.79909408637
6.39267371149,1.78809278403
3.40462988239,1.17484785833
12.3281984592,2.77035082576
3.34514456986,1.16112315631
10.8251960825,2.54034210349
4.35773257072,1.3849754488
13.0621790489,2.8792460528
11.6456166977,2.66712489368
8.9780313034,2.24244828045
7.65316583915,2.01602435623
10.065299232,2.42002295516
9.48490240871,2.32607440707
3.47537212025,1.19106619974
4.83533191519,1.48440549195
9.59595984521,2.34419628359
11.422143703,2.6328943848
6.14213553323,1.74106354442
3.795295653,1.26308361225
11.5291974581,2.64931995094
11.9538865487,2.71398709508
13.3192963543,2.91690675689
11.976846764,2.71746121187
4.28588608334,1.3697104657
7.17881248711,1.93183530262
5.69204320268,1.65493325741
11.3043894841,2.61476763082
9.894329015,2.39254027362
11.945505906,2.71271846362
11.1599252654,2.59244299774
6.46894203505,1.80228664628
5.74671915746,1.66551420417
11.9288906138,2.71020242312
9.90015592403,2.39347951512
5.44966648282,1.60761348844
4.92781814234,1.50327397822
6.06428115844,1.72631976931
6.47811220823,1.80398948818
13.3465079043,2.92087826557
8.62921276502,2.18398244559
9.6732525752,2.35676733516
7.60178026133,2.00699011225
8.09788759749,2.09338699243
6.56314734621,1.81974189939
12.283575223,2.7636617318
12.1271041507,2.74014217197
11.4120918819,2.63134947535
2.83276090351,1.03930170163
11.580001689,2.65709719097
7.28619411609,1.95105202488
12.3549503256,2.77435710333
13.1252969443,2.8885138228
9.09745863127,2.26229074098
7.00999446378,1.90142912441
3.14870423772,1.11520901349
6.66333354632,1.83821396287
5.22610795469,1.56334181018
10.7549424569,2.52933926416
3.81008379693,1.26636250536
11.7699295498,2.68607169658
4.82351214247,1.48198545933
13.5645947737,2.95261105365
11.6463914603,2.66724318515
8.24538887552,2.11873083482
2.68730903327,1.00341386971
5.28405682611,1.57487713646
11.210329241,2.60024300629
4.15964615931,1.34268030241
11.9301440192,2.71039226601
13.5409487462,2.94917869543
7.3435528429,1.96127808065
5.4872799525,1.61500214558
13.8253769111,2.99033385996
5.9112702323,1.69715783767
9.31949490003,2.29895220162
3.3834551766,1.16997157381
4.04463169132,1.31781469291
11.5649703988,2.65479734995
9.02813441449,2.25078339603
11.8271501167,2.69477037662
11.6953550846,2.67471368532
6.79886040483,1.86305542279
5.1346635547,1.54505171271
8.63449542821,2.18487368694
12.6840247265,2.82340434311
10.255320019,2.45038600394
7.14497665901,1.92576032362
11.9149866107,2.70809605306
5.55952403453,1.62914635034
11.7294985526,2.67991686914
12.15421479,2.74422445212
3.54501680464,1.20692576145
2.69646248981,1.00569111655
6.58948357414,1.82460675462
12.6378717209,2.81655122131
7.87693683348,2.05513300341
12.7223100144,2.82908290568
4.04964664542,1.31890377687
10.3890250865,2.47163814117
9.26039314984,2.28922233842
6.39766530298,1.78902346062
4.89173489017,1.4959266524
9.83622827134,2.38316488489
7.38907792905,1.96937546486
10.1479343343,2.43325032835
3.90547941515,1.28741310953
12.7786635718,2.83743104467
12.1147631043,2.73828286798
9.29709728829,2.29526733199
11.0638501337,2.57754277567
12.0003428121,2.72101410812
10.6987707951,2.52052464065
2.81844816254,1.03579797949
8.03303960988,2.08219610972
13.5419567993,2.94932506094
6.75734849581,1.85546416008
5.55547012117,1.6283542896
6.92645103515,1.88629177363
8.85012782866,2.22109970359
13.4106166239,2.93022423966
9.55560095097,2.33761882017
10.1749507953,2.43756704781
9.39173528239,2.31081717677
13.6740173336,2.96846848461
9.50645312397,2.3295964678
3.2825987854,1.14660428756
13.7701274349,2.98236182342
12.219260904,2.7540066444
13.8853074916,2.99896934327
4.50347184881,1.41568509617
5.89156717309,1.69338450257
13.377942958,2.92546283357
11.2866198975,2.61202677686
11.9440376668,2.71249617633
8.26684514575,2.12240483724
4.52555739615,1.42030977706
12.2043189722,2.75176108739
8.78304626254,2.20986192188
4.71951435737,1.46060651292
11.0087799291,2.5689825353
11.6446058404,2.6669705511
12.4662171404,2.79098916164
11.5457147056,2.65184970385
13.0606617374,2.87902307838
6.16609983346,1.74558925427
12.5556068161,2.80431522525
10.5280468605,2.49363890277
12.6249708455,2.81463411785
9.81764602807,2.38016248034
10.4439326125,2.48033913551
9.34098338023,2.30248472668
10.1437816318,2.43258646554
9.37090730052,2.30739945798
7.3284394147,1.95858621267
11.9251907625,2.70964199859
4.62189024097,1.44039446434
3.23374436347,1.13519938788
10.0101478146,2.41117474129
10.415561588,2.47584519225
9.13556411156,2.26860353745
6.6538401665,1.83646758877
11.3847966577,2.62715205996
5.92848955788,1.70045208099
6.40986937802,1.79129787791
3.87974828127,1.2817521602
6.77054791486,1.8578796127
7.33293599721,1.95938729674
5.33664689044,1.58530928649
6.81321366776,1.86567659974
6.59290882233,1.82523899331
11.81774906,2.69334219112
8.84751244576,2.22066209693
2.91627426073,1.05962924242
10.30629561,2.45849929681
5.99335284169,1.71283260965
10.6251419989,2.50894719151
6.09598231324,1.7323307879
6.32746144707,1.77591168009
10.33973534,2.4638143109
2.68668599108,1.00325877197
7.98995105216,2.07474361927
12.2770409613,2.76268155625
4.9154891208,1.50076554768
10.1429609225,2.43245525392
3.42268684218,1.17899818171
13.0065941472,2.8710720041
10.9451915561,2.5590804336
5.73583069505,1.66340974307
5.78649007469,1.67318963975
10.1398321058,2.43195499907
9.67148312403,2.35647992325
6.59807011803,1.82619146813
7.04202331994,1.90721651061
13.7319165845,2.97684208024
4.97302723223,1.51245426202
10.9831564945,2.56499470506
7.21908114688,1.93905282609
3.33407152247,1.15855938561
11.2223705199,2.60210466132
7.39763677063,1.97089593606
11.8783265137,2.70253834397
10.2912883577,2.45611212943
13.7494077791,2.97936940293
8.45776530175,2.15495784092
4.70662727155,1.45794641744
4.61750900452,1.43948405671
10.5409482342,2.49567567184
6.39620342368,1.78875091995
7.96159174814,2.06983135333
8.37077623714,2.14015640695
3.57610373603,1.21397133122
11.8410519018,2.69688160845
8.22797804211,2.11574719838
9.63064854988,2.349842286
13.1887644327,2.89781795707
13.1671078705,2.89464485407
6.14172165749,1.74098533144
9.51497643385,2.33098870852
9.95497768306,2.40230725182
9.60770042392,2.34610796395
10.9457386169,2.55916570458
13.7597080342,2.98085719717
12.2399507153,2.75711451431
12.2168203572,2.75363992795
5.73216304996,1.6627005814
10.8630334572,2.54625817604
11.7946261079,2.68982779658
12.8236285718,2.84408329902
11.9942947056,2.72009978058
13.7698872402,2.98232714209
9.55708383058,2.33786065513
9.29276042443,2.29455348653
5.48955093857,1.6154477087
5.71595978854,1.65956576935
6.61010920425,1.82841221809
12.4507008516,2.78867277958
7.06078288467,1.91060215546
11.3731126928,2.62535429369
4.61220493516,1.43838150182
12.6487626978,2.81816914088
4.87569216625,1.49265421082
10.4840442814,2.48668584859
6.77067179841,1.85790227557
6.65486814646,1.836656733
8.21080495111,2.11280224075
13.627907535,2.96179146489
6.50843593874,1.80961469712
5.52230121023,1.62186643463
11.1719638133,2.594307027
5.77374793885,1.67073244011
7.57439270136,2.002166714
13.5053367458,2.94400563387
12.9495519887,2.86267154282
9.11676415563,2.26549011629
3.26044911079,1.14144058224
11.0549637725,2.57616242175
12.4086620588,2.78239208857
8.26696460528,2.12242528364
6.02523973421,1.71890251125
2.79740836772,1.03063670391
3.9386029004,1.29468213713
11.8838309152,2.7033731814
5.50087218858,1.61766800044
6.60581571463,1.82762038862
9.08631637191,2.26044317897
4.9176233403,1.50119992038
6.32865026092,1.77613411393
8.39738627359,2.1446895994
2.8629198466,1.04666527986
12.0427711289,2.727423932
11.7241748802,2.67910591779
3.09125303352,1.10160203319
3.80625016506,1.26551290337
12.9535997987,2.86326806008
3.6347315529,1.22720350174
12.4932063305,2.79501601181
12.2788980772,2.76296015163
4.87716972487,1.49295575744
3.55144280542,1.2083838391
7.8260129406,2.04626589636
4.78744336337,1.47458832559
8.60984452155,2.1807132603
9.10818627738,2.26406884102
3.61212908053,1.22211066147
13.7799419594,2.98377875475
13.1033898673,2.88529883467
9.02596843684,2.25042338504
6.66556351319,1.83862406067
6.54598721979,1.81656856166
2.78048516225,1.02647587414
5.28624424379,1.57531173644
10.7946788063,2.53556554385
11.9245333675,2.70954241547
6.84672494954,1.87178923875
5.55754567126,1.6287598383
6.22771719351,1.75719899765
6.58949729843,1.8246092881
2.80715802971,1.03302999807
7.49923728903,1.98890064629
5.47049079696,1.61170623599
12.7072394132,2.82684827993
7.14512515453,1.92578700584
10.0463133934,2.41697879185
4.23895170515,1.3596924025
8.4040117131,2.14581754111
11.8448419266,2.69745704737
2.97881495503,1.07472505944
12.1061320447,2.73698213599
5.48051216727,1.61367395435
13.5347040721,2.94827191133
10.5863651045,2.50283913489
8.87482037615,2.22522914586
7.36621183596,1.96531043979
7.29081657001,1.95187711908
8.02399054231,2.0806321129
7.10529621021,1.91862375363
11.249404676,2.60628188279
5.35875876995,1.58968531834
5.00461492165,1.51885204206
3.80172263346,1.26450915324
3.55798202225,1.20986670328
9.11176533548,2.26466191214
8.75807435717,2.20567122355
3.99756699346,1.30757173924
3.26880715308,1.14339044394
6.31455610354,1.77349611967
10.7854414622,2.534118829
7.98090243572,2.07317689256
13.2466438141,2.90628988904
13.82352414,2.9900666929
13.0352976745,2.87529445779
5.96092607873,1.70664888983
8.9058982416,2.23042099354
2.73181411137,1.01446200953
9.6138748755,2.34711301741
7.94327599275,2.0666556839
7.48398781136,1.98620348451
11.0220134189,2.57104088006
10.5010783602,2.48937863517
6.6166190332,1.82961247037
6.32410812672,1.77528417969
9.80690205459,2.37842567099
3.58131098595,1.21514950714
13.0838546543,2.88243041958
12.7511665217,2.83335920567
13.2727718037,2.91011025653
6.87816167577,1.87751440793
6.38814552949,1.78724830006
5.76759396923,1.66954505841
10.5979130304,2.50465891903
4.86761641465,1.49100553759
7.6576452962,2.01681094259
9.61015295847,2.34650720385
3.44850150712,1.1849189322
3.23755153147,1.1360902122
2.97290274627,1.07330254686
3.49215218683,1.19489698787
6.54828486432,1.8169936144
8.56629187255,2.17335299639
8.62530365936,2.18332282089
3.79966996807,1.2640539477
9.82636642196,2.38157170361
9.09224500551,2.26142633371
7.33856248179,1.96038944678
9.69871722542,2.36090161885
3.81377230272,1.26717967586
5.17581131714,1.5532951362
10.6990114917,2.52056244434
11.2119829654,2.60049872162
11.6267090169,2.66423723769
5.41839549257,1.60145777639
11.8378871464,2.69640105707
8.91956950244,2.23270299214
13.4568976851,2.93696198624
13.4405336653,2.93458054336
7.14022520203,1.92490646668
7.39269476845,1.970018065
2.75049088629,1.01908051673
5.34654258083,1.58726842999
11.1402026176,2.58938772566
10.8976193343,2.55165985372
8.62527651052,2.18331823943
3.45907689834,1.18734019358
12.0647559699,2.73074231287
8.75482622947,2.20512584151
3.18432351165,1.12360366583
8.9082028462,2.23080575853
9.99855544877,2.40931285622
9.97016449025,2.40474985614
8.73754820215,2.20222361238
6.69600047299,1.84421694843
5.81031939727,1.67778006327
13.1090428871,2.88612861887
11.1751328954,2.59479761119
9.9118509298,2.3953640813
11.2481412561,2.60608673823
8.87811199111,2.2257793275
8.55250272176,2.17102007424
13.7363584895,2.97748399777
9.34561009991,2.30324496585
8.95810993584,2.23912987119
4.97270183144,1.51238828488
13.6265452499,2.9615940821
4.13825162833,1.33807242706
11.427881497,2.63377604891
11.0923624907,2.58196922091
5.118375126,1.54178245739
6.01383021487,1.71673185945
11.4248753499,2.63331414554
12.5771875206,2.80752769573
6.02267327315,1.71841436364
10.5455711736,2.49640530348
11.4029936934,2.62995074286
6.50600392406,1.80916386852
8.1017456239,2.09405183257
3.40829103271,1.17568995164
5.28452686156,1.57497052899
7.06990477891,1.91224735171
8.65599427296,2.18849889697
12.4684293679,2.79131934039
2.88055012554,1.05095789348
9.71308883455,2.36323330735
11.4757831339,2.64113082182
9.76304810793,2.3713299036
13.1615023672,2.89382325665
11.3976635402,2.62913112576
6.23411049649,1.75840140553
8.01363744677,2.07884201292
7.92069904962,2.06273782947
12.5794944573,2.80787099404
10.8863629157,2.54990243634
7.42411051765,1.97559526826
9.59480713036,2.34400854876
7.21233133436,1.93784396647
4.36617048407,1.38676269856
9.57689644007,2.34109058955
5.92524682585,1.69983195527
11.2995837861,2.61402652201
11.8923508817,2.70466512717
7.27644756394,1.94931172241
11.7239763015,2.67907566606
7.47317747904,1.98429036076
4.75680662734,1.46829061563
3.30414918492,1.15161714961
7.48447367788,1.98628944753
9.24663904875,2.28695504845
5.61574518099,1.64011117299
5.03398617329,1.52478883764
3.98704717484,1.30527676705
10.3768859267,2.46971242589
7.73078471462,2.02963251303
13.5067879713,2.94421653023
9.44594150002,2.31970019777
8.0490487316,2.08496161073
8.36777828918,2.13964538619
2.77290786486,1.0246101446
13.1340476529,2.88979753901
10.4502774559,2.48134359561
8.40647061848,2.14623607971
11.8706141301,2.70136841101
11.6914767972,2.67412234618
4.01606601956,1.31160255534
9.25065109728,2.28761652924
9.70822806678,2.3624448121
9.67574275572,2.35717178542
8.87719173263,2.22562551645
4.05660965494,1.32041516962
9.87276267132,2.38906238183
3.24321296868,1.13741426429
8.38188464012,2.14204937872
3.26473323835,1.14244024141
13.2724240398,2.91005942386
12.9872179747,2.86821990169
3.62563499919,1.22515511862
7.41317217381,1.97365429049
13.6721248099,2.96819458185
10.5397837328,2.4954918635
9.75929792969,2.37072261517
9.54882102288,2.33651295829
12.0893699753,2.73445514786
5.50173440009,1.61783703249
11.0620607855,2.5772648588
13.8527222797,2.99427563793
4.09650139657,1.32905747775
8.12314529109,2.09773764795
6.9885021905,1.89754068149
11.2120219028,2.60050474236
8.96534958537,2.24033610278
4.13598022989,1.3375827559
3.67846127492,1.23702691971
8.16072401572,2.10420227443
3.7197990012,1.24627726944
6.38722127939,1.78707590738
7.38042054587,1.96783689047
7.80771707581,2.04307544191
12.2554252969,2.75943784657
5.18117277106,1.5543676229
12.5910448322,2.80958950516
2.92428701148,1.06156931181
10.7967701861,2.53589302986
11.9217346287,2.70911843812
13.3859769967,2.9266339618
4.62760698054,1.44158195301
5.20272715081,1.55867555915
2.96629723768,1.0717121064
9.90702619914,2.39458670047
6.30211383452,1.77116567676
6.75646599091,1.85530260837
7.29766048008,1.95309841643
3.67797345619,1.23691755184
7.37750958389,1.96731942448
9.19361261585,2.27820338055
2.69093584095,1.0043164755
13.857402811,2.99495006669
4.32698369297,1.3784526864
6.05571837135,1.72469434011
5.2717365417,1.57242819964
12.8371734006,2.84608563622
11.4533955942,2.63769473603
2.9276576868,1.06238489943
10.597138682,2.50453691372
10.7236918394,2.52443722382
10.7123847558,2.52266239715
13.0086770988,2.87137852268
3.12991838558,1.11076887184
7.54429223164,1.99685881692
11.7237070679,2.6790346504
10.6181431117,2.50784529145
11.2921317649,2.61287710368
12.5432731592,2.80247842954
4.67620676338,1.45165750006
5.37457141564,1.59281101535
13.4559922206,2.93683023994
4.26578168699,1.36542371685
12.9931972382,2.86910017884
3.76965053924,1.25738734771
5.47291545198,1.61218243251
3.62660445553,1.22537350454
9.25942947189,2.28906351785
5.78333897716,1.67258214859
12.5447867689,2.80270387698
9.41438949981,2.31453170022
4.7252072712,1.4617808479
9.79574690527,2.37662172205
7.21011329828,1.93744664435
4.98279222675,1.51443350962
5.35508873887,1.5889594213
13.8768503702,2.99775149851
6.9767755768,1.89541738872
4.68021219361,1.45248633183
7.54147789706,1.99636217848
8.15348678093,2.10295803371
7.05610420801,1.90975804914
9.42666444926,2.31654313101
10.5301163637,2.49396567591
4.80319697109,1.4778214172
6.70290915185,1.84548525904
11.0053626553,2.56845087656
2.78552955941,1.02771699749
13.8070948851,2.98769709437
5.04890408067,1.5277997635
4.78136184755,1.47333927591
9.90380651669,2.39406786153
11.7906149438,2.689217917
7.54640380463,1.99723140027
2.71372709907,1.00997929994
4.58889405476,1.43353085769
8.81383931072,2.21502404004
11.2182444253,2.601466817
6.30273365832,1.77128180633
3.46988859785,1.18981300887
11.9136118113,2.70788773499
3.71589418171,1.24540493922
8.12046998782,2.09727703881
11.1430515504,2.58982917049
3.19280245658,1.12559733902
12.2534193535,2.7591367322
6.56120245825,1.81938237992
6.44277122343,1.79742246449
6.06623846874,1.72669120787
9.04036911963,2.2528164078
13.4308234961,2.9331669732
10.6007539289,2.50510650173
3.29467446621,1.14941457151
5.84614594505,1.68466981234
7.1125005511,1.91992044691
8.55802189787,2.1719539883
12.2072169807,2.7521966879
12.4767000219,2.79255357685
8.86663136236,2.22386008637
11.0337621522,2.57286759468
4.29601204019,1.37186702844
5.98554709196,1.71134508985
8.75769497443,2.20560752617
4.01480700059,1.31132841994
11.4916547668,2.64356547929
9.46090566589,2.32214944858
9.1641481649,2.27333319361
4.84314862693,1.48600483695
5.45772449888,1.60919780375
6.75927264884,1.85581637196
3.0305416215,1.08713095102
9.97635691235,2.40574547228
9.12405550794,2.26669787562
5.06074134807,1.53018680494
3.7493530409,1.25286972717
11.5441201238,2.6516055331
13.3926894247,2.92761225813
8.0272344377,2.08119283957
4.5925680354,1.43429590217
10.1429039917,2.43244615193
10.0857744494,2.42330377907
8.4866456255,2.1598606738
3.42540789566,1.17962297198
13.7982858026,2.98642616954
10.7620604774,2.53045514822
9.17207094179,2.27464326391
6.66184414408,1.83794003171
5.46301993063,1.61023853293
8.46326614286,2.15589211419
10.699275687,2.5206039384
11.3818241335,2.62669474756
5.78060398889,1.6720547885
3.66463797889,1.23392589171
11.5783222268,2.65684027666
6.06288163062,1.72605415658
3.00438297934,1.08086607785
7.81370621156,2.04412010855
4.99852687053,1.51762001591
6.4915037678,1.80647477157
10.0263698257,2.41377900164
8.1261210074,2.09824992006
6.49882427946,1.80783263213
2.99885412491,1.079539619
6.20843365979,1.75356979012
5.704241793,1.65729686666
13.2549296229,2.90750169046
7.22080766658,1.93936197711
11.6934947997,2.67443004786
4.28469591858,1.36945688039
9.68636354538,2.35889640395
10.9464253625,2.55927274639
5.27003311219,1.57208945422
13.7759228668,2.98319855559
12.0912996618,2.73474611978
9.02227095216,2.24980875299
7.28733491022,1.95125566943
6.00547322484,1.71514107783
5.64448896379,1.64570293599
10.6282444111,2.50943555578
5.82542699635,1.68068710448
7.07538259282,1.91323497302
7.28783039116,1.95134411503
7.70269946708,2.02471388327
8.77355541368,2.20826966911
9.93588533505,2.39923472799
13.6448860437,2.96425094572
3.3820406984,1.1696454743
8.34687603703,2.13608075641
5.17695475146,1.5535238959
3.90129406131,1.28649316404
8.89621861972,2.2288045708
3.37968276092,1.1691017648
2.76624019012,1.02296698193
6.05166684266,1.72392499257
8.54511095908,2.16976898021
12.1953837325,2.75041781176
4.21862547473,1.35534234025
7.19942462192,1.93553138456
6.63245086393,1.83252982899
12.5636586594,2.80551402535
9.59273282361,2.34367070156
8.09501641559,2.09289214321
6.1806570228,1.74833554835
10.453566294,2.48186417569
4.08554886746,1.32668748223
9.04570225574,2.25370231525
6.96085560368,1.89253291571
9.81620705201,2.37992990045
10.9834865918,2.56504609853
12.3715867735,2.77684706856
6.55004080978,1.817318422
11.1510210718,2.59106385558
7.3200526934,1.95709164697
12.7629131842,2.83509904158
10.4759164749,2.48540047225
7.73709331208,2.0307365315
4.48110867112,1.41099457022
11.2106374198,2.60029066091
13.0010641761,2.87025815689
4.99881160724,1.51767764863
6.28279609364,1.76754441315
9.52964240584,2.33338335022
4.74231305832,1.46530659792
12.548832387,2.80330641466
8.67462192031,2.19163752952
7.15416678344,1.92741129101
4.23584376925,1.35902771719
3.31129017839,1.15327581789
4.6385998993,1.44386404334
9.26314334477,2.28967555864
10.5771231655,2.50138226382
11.5316377153,2.6496937725
6.93000337782,1.88693666205
12.329242418,2.77050722013
11.3202400749,2.61721127935
3.71146595243,1.24441531029
10.2048028412,2.44233239949
4.11581847257,1.33323231976
3.57603536805,1.2139558587
9.75545338563,2.37009996478
13.4506484216,2.93605264985
10.2811362317,2.45449659725
13.098942573,2.88464595024
5.73628638714,1.66349784337
7.96727859792,2.07081686975
9.62836236949,2.34947039163
5.7379181017,1.66381328846
2.70032406382,1.00665104691
2.97261706171,1.07323378558
7.13390242808,1.92376994367
11.7863927901,2.68857588269
10.3615859279,2.46728421579
7.62156357756,2.01047067573
3.6107728741,1.22180474068
11.1396803726,2.58930679923
8.46170088709,2.15562628879
5.27836883169,1.57374675494
3.27296902382,1.14436075386
6.76097274278,1.85612754251
9.98783240176,2.40758995433
8.13036496515,2.09898041284
3.16362983896,1.11873047101
7.12369665511,1.92193474021
6.03653829208,1.72105070293
8.40612378499,2.14617704648
12.8470179407,2.84754051644
6.23101990657,1.75782020026
8.18003586194,2.10752060913
7.71504057624,2.02687594325
2.83327234342,1.03942679146
9.91732583081,2.39624606754
10.8760909198,2.54829818411
11.0904707279,2.58167564882
5.26179230624,1.57045016498
13.637696544,2.96320961038
10.1458889148,2.4329233531
10.434182125,2.47879512705
11.3260906559,2.61811296153
13.3014867068,2.91430598561
9.88765955207,2.39146499425
3.53482509583,1.20461142595
5.74819043935,1.66579846333
13.2090375252,2.90078678161
11.9141378436,2.7079674436
7.62012285974,2.01021730583
5.39095116833,1.59604558227
11.105926717,2.58407368879
6.98960635249,1.89774054665
5.85264826395,1.68591875262
13.2846246202,2.9118425182
12.4918891187,2.79481954807
10.9125819943,2.55399497458
3.73438041049,1.24953203796
9.43630163044,2.31812171297
11.8690011502,2.70112369737
11.7980795044,2.69035281469
7.57920722938,2.00301505192
12.8455093307,2.84731758987
2.99533206426,1.07869419638
3.16165918196,1.11826584375
11.9159176054,2.70823711855
5.08298832463,1.53466798465
7.54868518739,1.9976339072
10.7711062713,2.53187289224
7.82252569696,2.04565797865
3.17866627719,1.12227248345
9.64330423849,2.35190046256
6.72650039923,1.84981291235
4.3717998947,1.38795443399
6.7185342516,1.84835214355
6.71782218491,1.84822154232
7.07267926076,1.9127476082
5.68551407306,1.65366747403
4.80067206952,1.4773034732
11.4062839134,2.63045661589
13.5772254591,2.95444365373
7.71485251703,2.02684300549
12.8158709693,2.84293617217
3.59978189402,1.21932407998
6.43081290112,1.79519766494
12.6725256455,2.82169765755
6.88013231911,1.87787300516
8.8459376107,2.22039857425
6.23731776669,1.75900445173
3.22953358084,1.1342137161
13.5747665987,2.95408693951
7.61455336776,2.00923768441
3.76148904568,1.25557181862
9.35941555416,2.30551266296
10.5235909366,2.4929352427
7.94180861525,2.06640115773
7.18906509592,1.93367419915
3.97564082567,1.30278611003
5.83277637222,1.68210038062
7.57510325129,2.00229192687
7.05485489396,1.90953262182
5.88453018079,1.69203582835
5.00809768675,1.51955661729
12.4278822385,2.78526450568
11.7289059418,2.67982660321
13.637118713,2.96312590873
10.2283998841,2.44609596295
4.30678822626,1.37416021268
10.6359595756,2.5106498276
4.6509480118,1.44642531832
10.6928404932,2.51959314092
6.60899362805,1.82820649375
11.4701884567,2.64027234879
5.04564631876,1.52714249304
13.0417782242,2.87624735484
7.76350424979,2.03535525041
5.27334689677,1.57274840264
2.92683555863,1.06218600153
7.12470827752,1.9221166894
11.008306028,2.56890880914
12.8974437355,2.85498689941
12.545340133,2.80278629657
12.5430863146,2.80245059898
11.8660919203,2.70068229484
9.78694229565,2.37519740579
4.08348896311,1.32624150723
9.80046704083,2.37738511975
4.32902253367,1.37888566311
5.51739633744,1.62090593811
2.80794728478,1.0332236188
10.099184791,2.4254513672
6.56671067872,1.82040050199
2.87356590969,1.04925842965
12.6127636793,2.81281950002
4.48464410984,1.41173662306
3.84805007766,1.27476119679
4.40971004704,1.39596666559
12.078831198,2.73286576245
6.10934850074,1.73486209499
4.16227212661,1.34324532862
10.8232414565,2.54003630037
11.7570292885,2.68410865116
5.36095403998,1.59011944254
4.07220645521,1.32379748131
11.2042071646,2.59929624042
3.64964309043,1.23055762409
9.70490263093,2.36190529674
11.3880225771,2.62764831127
11.0267068892,2.57177070724
2.98937408716,1.07726331044
12.6479790933,2.81805274727
7.15164280587,1.92695793945
5.16385537203,1.55090217564
5.20681910406,1.55949271928
4.99557361179,1.51702219097
8.82444572287,2.21680069662
8.34109363289,2.13509411113
3.53785031229,1.20529862462
8.630887598,2.18426502738
7.27476418846,1.94901106745
8.60413375101,2.17974886579
5.59398437022,1.63587151738
3.96869239019,1.30126770255
6.91078961073,1.88344730007
5.50298155141,1.61808151435
11.4445021918,2.63632913708
2.98664307559,1.07660710469
5.37922846744,1.59373099352
9.41659485896,2.31489314511
4.44059679919,1.40247755457
13.1574970932,2.89323613303
8.75981161839,2.20596289348
8.60129047857,2.17926863451
2.76406436524,1.02243049227
7.35341208938,1.96303312576
5.64095258157,1.64501548758
6.66330180256,1.83820812476
7.46374646248,1.98262058343
8.19371459657,2.1098694323
5.19946855443,1.55802466656
8.90725826095,2.23064805942
13.688421769,2.97055280789
11.6730645475,2.67131405876
2.80995552066,1.03371619915
6.00995141245,1.71599360785
13.4835216663,2.94083449145
10.329024497,2.46211252094
9.52970349356,2.33339332197
7.29458289928,1.95254926868
7.65361756055,2.01610368483
9.81587435676,2.37987612572
11.17160488,2.59425146004
13.3327191077,2.91886613701
4.03314807843,1.31531913087
11.5266124783,2.64892393062
13.3048872674,2.91480266453
13.3267004246,2.91798764394
8.45130860403,2.15386096471
10.2363362003,2.44736109934
13.4061896809,2.92957934515
7.6633564461,2.01781359008
13.8078986956,2.98781305016
9.90402036178,2.39410232355
12.9993997849,2.87001318544
6.92556889352,1.88613161351
11.178667631,2.59534474504
6.0031727468,1.71470304448
5.55892835631,1.62902997775
11.8606646581,2.69985874773
13.1987032091,2.89927359754
11.2792322226,2.6108868483
10.2646601618,2.45187358842
13.2330646607,2.90430338828
4.09613825363,1.32897893187
7.71880519579,2.02753524386
11.6368320707,2.66578346514
12.3996371867,2.781042828
13.1275626386,2.88884622422
11.4044965174,2.63018180885
3.1230979242,1.10915462094
11.1719773129,2.59430911687
6.16647532077,1.74566011916
5.68715398134,1.65398544383
9.47598736904,2.32461663101
5.34333283171,1.58663309812
5.61229137321,1.63943863422
4.17056302087,1.34502849107
9.81178615658,2.37921528559
11.7403178627,2.68156458925
7.29346936794,1.95235055682
4.54597813433,1.42457915986
11.4183842041,2.63231662364
9.47000142379,2.32363756025
7.91742610046,2.06216955462
8.40445634667,2.14589322672
6.84273655874,1.87106225838
7.94898450232,2.06764571297
4.42580539801,1.39936143562
13.1237246495,2.88828313921
13.3451683897,2.92068282747
8.43746578311,2.1515083778
4.67332266552,1.45106055572
11.9454911911,2.71271623587
11.6911781049,2.67407680057
11.0811572451,2.58023009801
13.3560928804,2.92227654386
3.6342603398,1.22709743487
9.83358971622,2.38273867863
2.92325420721,1.06131934595
6.96896977821,1.89400336334
8.76337995988,2.20656192422
12.7338226248,2.83078936827
4.7116904077,1.45899181689
5.44975581015,1.60763105569
9.1927037944,2.27805323904
6.97719843792,1.89549397522
11.3824744631,2.62679480188
5.13045011921,1.5442063647
8.34624371157,2.13597287451
2.83597813543,1.0400884587
2.75923285538,1.02123869097
3.79207454771,1.26236885001
12.612521037,2.81278342487
3.42793685537,1.18020350664
13.492828026,2.94218751661
7.98954835005,2.07467390581
6.67220503454,1.83984518613
5.35282890462,1.58851236522
8.51450683341,2.16458522984
12.3048379701,2.76685005982
9.3243789723,2.29975534016
10.0675754285,2.42038778883
9.37508023949,2.30808440927
9.25608117692,2.28851165362
2.79915997679,1.03106688404
13.3502605456,2.92142574936
8.7469406201,2.20380151502
9.90719856542,2.39461447502
6.73820491569,1.85195814788
13.0350213871,2.87525382912
9.98892610012,2.40776571012
11.1224484196,2.5866358474
4.12211799037,1.33459236998
13.5037106076,2.9437693097
13.6619809657,2.9667262596
12.2157913265,2.75348529853
6.66572675561,1.83865407966
11.8875695758,2.70394014026
6.66596357193,1.83869762787
10.286748837,2.45538981029
12.8501624935,2.8480051574
3.46646578735,1.18903043345
10.5357639411,2.49485731567
13.5469695693,2.95005284234
4.78347671259,1.47377369664
10.0613907095,2.41939642458
10.933440812,2.55724848864
4.11634327473,1.33334564973
11.2884781668,2.61231347124
5.40082302952,1.59799343095
4.74397773541,1.4656494854
10.2109297407,2.44330987571
4.78030894489,1.47312297215
5.6992888236,1.65633737846
8.37545277754,2.14095343348
8.18713342437,2.10873951958
5.13765527883,1.54565180652
4.55159058987,1.42575144045
7.1197226167,1.92121989106
5.03728215904,1.52545433199
12.2278363367,2.75529499494
9.37715940421,2.30842564798
12.7829737538,2.83806904342
6.43104458484,1.79524078189
4.75480124756,1.46787791758
4.70700792848,1.45802502574
12.8880354968,2.85359832115
2.83833388726,1.0406643567
13.197779415,2.89913831338
3.66719543649,1.23449990862
5.08680528635,1.53543617267
4.07017602474,1.32335740832
3.60914174592,1.22143675479
7.10042978942,1.91774760937
7.11678565045,1.92069150475
8.48201494895,2.15907492747
10.3466806596,2.46491750242
4.35399756402,1.38418396199
10.9160222086,2.55453171456
5.74157482185,1.66452010156
9.89789601683,2.39311526177
8.69292146144,2.19471869154
6.14080694673,1.74081246595
9.33154201268,2.3009329794
6.39438525982,1.78841192756
9.3396898074,2.30227215089
6.33320419364,1.77698605183
10.6281671903,2.50942340069
12.0322883091,2.72584094954
11.0834126052,2.58058019085
8.48864868112,2.16020051368
11.2585686513,2.60769710798
3.57329775479,1.21333622168
10.3699481143,2.46861149757
6.33894620595,1.77805996158
13.7737858944,2.98289003771
9.37565193692,2.30817824047
4.66292504636,1.44890745875
4.04623537629,1.31816300975
5.25510022793,1.56911832419
5.16376883573,1.55088484883
7.26048120739,1.94645915835
13.0016400908,2.87034291977
13.7007423504,2.97233501722
3.71505663559,1.24521779301
13.1701000382,2.89508336772
12.6187884309,2.81371516362
5.64695699416,1.64618261908
10.5425659261,2.49593100186
9.61879783524,2.34791420369
6.56233531434,1.81959179672
3.61232233555,1.22215425108
7.97841021609,2.07274527211
10.888154468,2.55018218441
3.84043303917,1.27307842047
5.99638675473,1.71341059963
13.2179460975,2.90209088697
8.65721114045,2.1887039996
11.7466148215,2.68252334765
10.9879315139,2.56573808652
3.02689534314,1.08625876866
8.30798631973,2.12944064994
6.30783876703,1.77223814965
11.8800463444,2.7027991998
8.55283406491,2.17107614734
2.87647185715,1.04996569866
12.5654932515,2.80578713309
9.22557919978,2.28348126526
3.48644118604,1.19359389098
10.3071451831,2.45863440169
6.62880165896,1.83185758978
7.98047044002,2.07310207967
9.67285135406,2.35670216635
9.46766155847,2.32325479206
4.06028260462,1.32121207267
4.75978441706,1.46890332425
3.44360334435,1.18379664752
11.5632353235,2.6545318131
10.5557570037,2.49801254177
7.31932732675,1.95696235532
12.6001437175,2.81094290381
7.24331826905,1.94339047892
9.97488677127,2.405509122
13.2677452067,2.90937547532
4.12746573388,1.33574639087
9.25085418142,2.28765000991
5.28418073733,1.57490175696
13.5178625881,2.94582567745
4.58387346487,1.43248507434
12.9140569916,2.85743805448
9.70329219664,2.36164399936
6.12519789687,1.73786128454
4.74944985817,1.46677634184
8.85471798288,2.22186762538
13.833456733,2.99149881974
3.28530237068,1.14723377197
11.4963150196,2.6442801342
12.1579559975,2.74478755919
6.20198679306,1.75235563652
7.0850114623,1.9149703905
7.03186553758,1.90538202358
9.01044100085,2.24784169852
5.18430472758,1.55499395747
10.8692444997,2.54722864843
9.04045411039,2.2528305273
5.01251394693,1.52044980693
8.41345864272,2.14742531226
11.4772185647,2.64135105843
8.33128725274,2.13342033787
13.7709541234,2.98248118613
11.0623709661,2.5773130363
12.9209781744,2.85845891028
13.8699586108,2.99675888651
3.40512570469,1.17496191901
12.9016405,2.85560619825
4.78591266863,1.4742739943
6.66493017761,1.83850759295
6.54524503248,1.8164312501
4.69276986961,1.45508332316
3.28698773962,1.14762609443
7.43743940391,1.97795915293
4.2910622261,1.37081306003
10.0178111375,2.41240517626
12.3145744499,2.76830942229
4.4452875722,1.40346504139
8.04636561375,2.08449824263
10.1092342211,2.42706010189
13.1650716792,2.89434642342
8.32752373257,2.1327777981
3.67005045056,1.23514055395
12.7284890492,2.82999886025
12.4231467395,2.78455693246
12.0810438729,2.73319950108
11.9754419625,2.71724871474
4.5285562729,1.42093715667
9.22157801257,2.28282097815
11.8599493579,2.69975019682
10.8230012647,2.53999872085
9.86766061288,2.38823922919
13.7326746067,2.97695162997
6.84045217865,1.87064581142
6.19910425245,1.75181262476
4.84168770771,1.48570598974
3.42957237472,1.18057887182
5.5764617815,1.63245359703
3.2345253153,1.13538214822
5.78966255349,1.67380114156
9.82915797591,2.38202273307
10.0770227658,2.42190173462
5.48430988792,1.61441933181
2.70561082242,1.00796451544
13.3486013166,2.92118368592
4.66071839461,1.44845030845
7.56724616438,2.00090713583
8.14561492128,2.10160426889
5.74497028781,1.66517628209
6.70576150782,1.84600877378
2.94345954396,1.0662042414
10.1240937323,2.42943786835
11.5647117967,2.65475777418
6.53550590779,1.81462894013
8.15484627709,2.10319178924
9.67867007926,2.35764719124
8.2421426813,2.11817470474
3.80626881065,1.26551703626
6.20171143916,1.7523037691
6.73100567739,1.85063879913
12.1114961035,2.73779055545
10.3457330786,2.46476700362
4.85609909084,1.48865268544
7.67407136298,2.01969402545
3.96469417004,1.3003935895
3.96415786133,1.30027631637
6.78077482465,1.85975002627
4.39064807835,1.39194084066
9.93326091766,2.39881222777
5.06275367152,1.53059241439
10.6844820304,2.51827994635
7.84174159881,2.04900669135
9.5043147928,2.32924711665
5.0447419773,1.52696001235
13.7605736218,2.98098220786
8.103154309,2.09429456003
7.46361449357,1.98259721312
6.8164292083,1.86626356572
12.7274123382,2.82983926373
5.35065321933,1.58808189662
13.5760679085,2.95427572709
4.46655831399,1.40793854056
6.86744736502,1.87556412916
7.73891846859,2.03105588195
9.40447356836,2.31290619079
10.7262396086,2.52483705059
13.2546035683,2.90745400967
10.3474759241,2.46504380614
13.574883626,2.9541039175
3.77960462729,1.25959986801
4.85432855023,1.48829082019
10.5875931787,2.50303269284
6.04268191775,1.72221822622
13.279524558,2.91109721911
8.42255288252,2.14897249081
4.02769775408,1.31413386461
5.66770792999,1.65021298361
5.0609300223,1.53022483692
3.05057561735,1.09191681738
9.00881885628,2.24757190531
9.37475744733,2.3080314294
9.66467830629,2.35537445355
11.4439912528,2.63625067066
10.8669764902,2.54687429447
12.9593187574,2.86411074511
3.71914722984,1.24613168602
8.24526936573,2.11871036199
13.6454799238,2.96433695582
3.15991019358,1.11785339906
12.5932205707,2.80991316144
11.8321666005,2.69553231371
13.6752253482,2.96864331256
12.8149860857,2.84280530857
5.82847277721,1.68127287654
9.87718139404,2.38977517231
6.85451872381,1.87320943469
10.6614502213,2.51465965535
11.6023682408,2.66051751211
10.3506852597,2.46555347916
10.3749935021,2.46941215041
12.5999802188,2.81091858734
6.83881246009,1.87034685894
8.46635155674,2.15641605812
9.36256579589,2.3060299684
6.86593241548,1.87528828775
9.86823688889,2.38833221115
7.35169341323,1.96272724058
11.3426170248,2.62065914075
7.38383646783,1.96844403373
6.38933321494,1.78746981693
13.7476864273,2.97912073041
3.26699271931,1.14296729301
12.975604391,2.86650974438
8.56554588471,2.17322681823
10.4171996459,2.47610476996
4.66247698058,1.44881463915
6.37731320433,1.78522731392
13.7195102297,2.97504882134
12.2977587622,2.76578874364
8.39249905864,2.14385738997
12.8471407514,2.84755866373
11.3097868041,2.61559985119
4.43227755275,1.40072535728
3.65927427906,1.23272158473
9.27607406429,2.29180588433
2.88197399189,1.05130419315
2.76089189334,1.02164800861
3.19711351543,1.12661033102
13.8087791254,2.98794005629
6.49969741496,1.80799455347
6.78787035807,1.86104718562
9.82692913235,2.38166262378
3.17070812315,1.12039854275
8.16205802406,2.10443157981
4.72904939887,1.46257313594
11.0695234785,2.57842384565
12.1420182328,2.74238828849
3.13401893028,1.1117388148
13.7565274731,2.98039782872
11.5140041604,2.64699190496
4.73633670103,1.46407526685
10.1297642137,2.43034493204
8.28137307219,2.12489068012
13.8005479584,2.98675256644
4.93806733544,1.50535766028
12.0993273576,2.73595642703
9.08804369506,2.26072964578
9.00489908474,2.2469199066
3.19183461218,1.12536985692
11.8370803076,2.69627853602
3.49208028826,1.19488058697
11.0609109058,2.5770862546
8.20639270209,2.11204526708
4.71569088692,1.45981754189
9.08931843864,2.26094104319
11.0691963812,2.57837305156
13.6698846847,2.96787035481
13.2156356219,2.90175268992
10.6927503402,2.51957897884
3.60896111183,1.22139599996
8.66677827338,2.19031620219
7.79740584135,2.04127625876
7.93159875878,2.06462975751
12.543685887,2.80253990496
5.55262333667,1.62779796468
8.25323492684,2.12007469993
8.49641025407,2.16151709542
7.1215782824,1.92155370435
12.3490951371,2.77348049561
11.7073339043,2.67653973483
2.9368173006,1.064599632
13.1670851016,2.89464151706
6.28862323339,1.7686371471
7.9483956777,2.06754360384
6.2722580764,1.76556741395
6.17938809665,1.74809624428
3.17849540144,1.12223226304
9.36576601753,2.3065554217
9.78430804549,2.37477118176
4.58707430419,1.43315184974
8.28655653876,2.12577726024
9.11731689242,2.26558168438
10.2442135143,2.44861650686
8.17812387277,2.10719219055
6.14796675831,1.74216532491
9.3173123015,2.29859324901
10.2886763372,2.45569652311
5.12462820646,1.54303792455
3.97427348431,1.30248738159
6.2645690993,1.76412421413
13.1859051245,2.89739911299
9.70158001466,2.36136617728
7.89585159261,2.05842165955
8.76950459029,2.20758989916
11.2895908282,2.61248512548
3.25782515613,1.14082809193
13.1162057984,2.88717986273
13.4683274379,2.93862477658
11.0380208009,2.57352957709
3.54901544923,1.20783316859
9.61984589524,2.3480847524
5.77397196199,1.67077565644
6.93900079468,1.88856955054
6.7985931547,1.86300660039
10.5297986306,2.49391550747
5.62997826026,1.64288123963
3.16763530259,1.11967455305
3.07118996639,1.09683039917
3.69418007155,1.24054845602
12.3885583874,2.77938604807
11.5243640058,2.64857943935
13.3777197069,2.92543028674
13.6755120376,2.96868480246
7.39003963795,1.96954634093
3.28705492956,1.14764173361
4.09164298731,1.32800643743
13.1055971139,2.88562284179
4.749725938,1.4668331826
6.19622906928,1.75127091514
4.82700790292,1.48270140246
12.9367187269,2.86077992094
13.6486669899,2.96479850891
9.79603663972,2.37666858496
5.310321473,1.58009148876
6.60944729451,1.82829015616
4.02276719246,1.31306116898
4.01140167748,1.31058681045
4.54367075582,1.4240970749
9.88413537377,2.39089671351
7.37460605033,1.96680321119
12.9776948267,2.86681760896
9.38196556691,2.30921435319
6.63510339371,1.83301838806
12.2827241775,2.76353408009
7.6431244349,2.01426054193
6.55939689839,1.81904858394
7.03619485145,1.90616400199
12.3702112294,2.77664123421
5.38120631685,1.59412162783
12.3466396536,2.77311283243
10.5367746739,2.49501687339
3.21275652738,1.13028223452
4.05654984093,1.32040219006
9.42294188464,2.3159332264
12.0808850883,2.7331755522
8.06039499692,2.08692051494
11.9214439186,2.70907439691
11.3941494057,2.6285906878
2.98383949383,1.07593325373
12.5438883486,2.80257006117
10.5560898687,2.49806505635
12.4434330947,2.78758746622
6.4489680979,1.79857482747
13.8109154264,2.98824821653
11.3342537209,2.61937078063
11.3082638602,2.61536503974
11.5757518107,2.65644704538
10.0272500227,2.41392026713
12.8202287979,2.84358059848
2.93136363995,1.0632812516
4.94619555081,1.50700911838
5.699014836,1.65628429353
3.10238489191,1.10424508862
6.90262056707,1.88196276194
10.1187396116,2.42858125504
8.63532966497,2.18501441492
9.96757609688,2.40433363379
13.5976826521,2.95741060534
9.41801648606,2.31512612614
12.8504136982,2.84804227392
11.6792168068,2.67225258258
11.7810044923,2.68775640937
10.4636626173,2.48346195076
4.67335733058,1.45106773134
6.47798104604,1.80396513788
4.79783306795,1.47672098803
6.50355416288,1.80870969341
4.94672012478,1.50711566812
8.90946953237,2.23101722384
5.89226368946,1.69351796415
8.94954372959,2.23770219603
5.88675691761,1.69246265154
11.9958480363,2.72033462132
7.26271051724,1.94685757442
2.7940467042,1.02981085664
8.68583495932,2.1935257675
8.8718424522,2.22473133794
7.98219767541,2.07340119371
3.03350499689,1.08783952673
8.16495040503,2.10492871411
11.005176054,2.56842184359
3.34347287364,1.16073628576
4.60016625474,1.43587745624
6.54644902802,1.81665399786
6.57880740766,1.82263542468
6.30557537546,1.77181417889
9.11104661209,2.26454282165
4.37614220995,1.38887334436
5.48013366944,1.61359965726
12.3792570192,2.77799469279
8.25133837654,2.11974989942
9.33572040373,2.30161978839
2.96046219025,1.07030619133
7.61517698919,2.00934738544
8.19580890684,2.11022893819
11.419012981,2.63241325871
13.6374462515,2.96317335443
3.76922242114,1.25729214517
6.62335491718,1.83085398735
3.13735951127,1.11252868326
10.8385249828,2.54242693236
11.9152642722,2.70813812506
13.4221257958,2.93190050523
5.19962212347,1.55805534446
7.92945096895,2.06425702131
9.45357881191,2.32095039165
13.5628967291,2.95236463912
12.6795588589,2.82274158343
12.791583854,2.83934330697
4.6950288588,1.45555024766
10.8129894508,2.53843206259
11.1427602407,2.58978403351
4.57821931977,1.4313068649
6.77793735785,1.85923117239
9.35705538701,2.3051250587
4.47136906686,1.40894931568
6.01062858917,1.71612250619
11.5206780206,2.64801465646
6.15554442224,1.74359656588
11.1596228108,2.59239615753
11.9001128636,2.70584186556
7.98327195784,2.07358722172
6.96061359217,1.8924890497
11.8781082579,2.70250523904
12.9175731582,2.85795670235
5.67262227325,1.65116675442
9.00454202033,2.24686050928
8.30905570274,2.12962337683
12.8221728268,2.84386805373
4.98920717169,1.51573303859
5.7693046852,1.66987517599
6.50744213283,1.80943047964
10.7484290874,2.52831795484
13.0436688623,2.87652532366
5.35559796558,1.58906015138
5.6309438591,1.64306908155
2.74519579537,1.01777217891
5.58002419122,1.63314876298
7.0891899881,1.91572324431
6.81747275171,1.86645403469
11.4445017927,2.63632907578
3.75424245784,1.25395871003
3.45299927166,1.18594900831
2.7624894369,1.02204207688
12.9641620591,2.8648243057
4.86652214742,1.49078207166
3.90093568485,1.2864143772
3.93703265254,1.29433800377
12.8308096945,2.84514497487
4.89131703115,1.49584146172
12.003882941,2.72154921879
4.55174669024,1.42578403844
5.06509661733,1.53106459729
13.6306562058,2.96218970241
5.54413951355,1.62613947304
9.20875736339,2.28070463518
11.4412808279,2.63583440321
6.78131405017,1.85984861986
13.4585495915,2.93720233321
2.70582643142,1.00801806425
11.323816716,2.617762524
4.73920350597,1.4646659899
8.84216190146,2.21976670786
2.80621485289,1.03279859333
4.70051939188,1.45668480795
11.9108823422,2.70747412529
3.86831411661,1.27923258549
11.2788330579,2.61082524954
6.46737179439,1.80199498207
10.9791054728,2.56436395209
10.1094248593,2.42709061452
3.80470431487,1.26517023439
11.1987051244,2.59844521468
8.19881590983,2.11074506188
13.0079903218,2.87127746121
11.9691779154,2.7163010833
7.06977573758,1.91222408316
13.5165741993,2.94563849653
4.99473132116,1.51685166541
9.41349159365,2.31438453081
4.10020589331,1.32985860809
13.0398294979,2.87596083163
12.5646878271,2.8056672347
11.3991316859,2.62935689512
5.29929683782,1.57790380384
11.875808409,2.70215638696
3.40799390904,1.17562162211
12.0131839327,2.72295486611
11.0001680778,2.56764259989
8.31760916843,2.13108463687
4.4381270132,1.40195748325
11.482272864,2.64212646111
4.09427805631,1.3285765447
4.45627949882,1.40577766778
3.70609100058,1.24321357708
3.27428561197,1.14466762118
6.18079827615,1.74836218601
12.6523635907,2.81870397285
6.28601326164,1.76814775409
2.86592501765,1.04739759938
4.5428644852,1.42392860002
7.77155290287,2.0367617492
10.0592854215,2.41905891631
12.9371549984,2.86084423758
9.80153423018,2.37755770159
13.6211871702,2.960817681
13.1115418826,2.88649539843
10.545454494,2.49638688943
2.95120161351,1.06807302038
11.0668523474,2.57800903797
12.9354970807,2.86059981778
4.63316570999,1.4427361508
10.9362581544,2.55768777307
10.7113537294,2.52250053009
8.85670557071,2.22220010289
3.53846783193,1.20543887437
12.0720402671,2.73184135638
6.89432947166,1.88045544473
10.8775357355,2.54852386199
10.0083845282,2.41089158088
7.99264718814,2.07521032854
13.758491569,2.98068150727
7.50049143583,1.98912238474
11.0103959624,2.56923393825
5.30918801818,1.57986664034
3.61055897991,1.22175648887
3.27500158124,1.14483448037
9.45808775082,2.32168832677
4.09122331409,1.32791562823
4.72119047908,1.46095231254
12.5907396388,2.80954410402
9.37773877236,2.30852073111
4.09645648507,1.32904776376
4.35877366084,1.38519602634
8.18638154225,2.10861041067
4.33264869561,1.37965556207
5.08645928644,1.53536654589
5.69007696954,1.65455212046
3.25797142193,1.140862238
9.64624615952,2.35237877397
8.52144666247,2.16576124719
10.41094016,2.4751127762
9.45689705235,2.32149346788
8.86043355786,2.22282364192
6.26661678176,1.76450861615
3.13060806272,1.1109320377
12.5616526959,2.80521539107
11.9893956366,2.71935904709
5.10040758631,1.53817216185
13.0636607533,2.8794637863
6.79881288659,1.863046742
10.372957787,2.46908911831
12.4837991302,2.79361276507
7.69952108789,2.02415687065
2.70047005798,1.00668732992
12.4691834247,2.79143188021
13.7705534828,2.98242333931
11.6591644497,2.66919299908
11.409137047,2.63089524728
8.92687110106,2.23392129292
13.8632347266,2.9957902949
5.52659879532,1.62270777534
5.65321436823,1.64739848089
12.0533572318,2.72902204491
12.7266486412,2.82972606128
10.4138477518,2.47557359163
2.99780653179,1.07928819316
3.80125647769,1.26440578426
13.7934323432,2.98572582419
12.4063198925,2.78204195521
13.38965637,2.92717022875
12.3824687917,2.77847516865
6.76549093549,1.85695438686
4.94648434084,1.50706777692
6.91088815785,1.8834652052
8.2227737616,2.11485494977
6.83107631535,1.86893608737
7.47088890803,1.98388522999
13.4060701957,2.92956193818
6.48014137874,1.80436618344
6.799979086,1.86325978134
12.527210657,2.80008541095
11.7379001882,2.68119643495
4.43240129842,1.40075142858
10.3512442766,2.46564225097
12.4650310659,2.79081212992
8.45281874798,2.15411753588
8.83453868654,2.21849068575
13.7500827665,2.97946691114
4.20449133558,1.35231334256
13.613644804,2.95972459797
7.74912278133,2.03284088395
9.63865555327,2.3511445582
8.39208034503,2.14378608267
3.60525004925,1.22055855597
4.55479823624,1.42642120916
8.09674348901,2.09318981194
12.2549696087,2.75936944415
4.80446902809,1.47808232538
9.30187746955,2.29605401867
9.66736023255,2.3558101741
10.3792258636,2.47008368398
9.74027520652,2.36764095474
11.5459115317,2.65187984211
10.911278993,2.55379166645
12.959943031,2.86420272395
9.34150408164,2.30257029197
5.4242181074,1.60260485675
7.05549096757,1.90964739716
5.99963921284,1.71403011632
8.53963024195,2.1688411076
9.09504153035,2.26189001169
9.52282614181,2.332270552
12.3981272762,2.78081705737
7.1755991793,1.93125878715
7.01826817676,1.90292496828
10.4689400982,2.48429692425
3.88168182015,1.28217798024
6.10463164788,1.73396902184
7.37154299936,1.96625856419
9.27415711436,2.29149013089
12.5893062241,2.80933086167
7.54041699722,1.99617494816
9.3661882381,2.3066247428
9.25541415027,2.28840170669
10.8348500692,2.54185220917
11.9644174574,2.71558080578
7.03607789647,1.90614287921
12.6082345242,2.81214608386
9.96489089276,2.40390180587
4.16118152539,1.34301067971
12.8278928951,2.84471377155
9.74497875558,2.36840311112
6.41172188294,1.79164299449
6.92512375421,1.8860507922
13.0438841838,2.8765569802
12.0320844923,2.72581016715
8.09730337505,2.09328630622
13.8708572281,2.99688832262
5.82310669305,1.68024078952
11.5377786913,2.65063438837
5.20629048862,1.5593871672
6.46577286491,1.80169796481
6.68754018534,1.84266319571
8.84537695767,2.22030475443
4.54085651601,1.42350897999
6.72094659225,1.84879456031
7.27439595208,1.94894529645
11.3280392342,2.61841323881
5.37984336492,1.59385244372
10.4343849562,2.47882725066
6.33188852268,1.77673994051
2.7518002671,1.01940391564
5.92591122233,1.69995902073
13.1500488173,2.89214414954
3.30037951256,1.15074107027
12.0991738488,2.73593328555
6.40326764877,1.79006772341
11.2809275087,2.61114845531
9.33892468908,2.30214641262
5.99646405407,1.71342532463
3.45193054687,1.18570428995
2.91168565303,1.05851743595
2.72639699734,1.01312046529
12.9358916164,2.86065798346
9.26270472857,2.28960327959
12.0260808805,2.72490336572
12.3623882771,2.77547047425
11.8452191033,2.69751431068
3.82337260353,1.26930534163
3.78589005731,1.26099594597
6.20536203066,1.75299135541
9.89212461172,2.39218489703
4.82920696258,1.48315168849
5.01232826414,1.52041225783
3.14764687201,1.11495933411
10.8626244537,2.54619426295
12.7878545274,2.83879141529
5.30260949674,1.57856131405
3.92288734616,1.2912358724
10.437947838,2.47939149194
2.94348185757,1.06620962981
3.57121009994,1.21286359124
11.9414577397,2.71210556055
6.09150400773,1.73148226656
9.92956993225,2.39821795972
9.6609940152,2.35477581755
12.8100559695,2.84207614876
2.97329374084,1.07339665158
5.30650067359,1.57933347604
6.03253500765,1.72028971301
6.35108709514,1.7803295653
5.37912316081,1.59371019364
8.81368560712,2.21499828825
8.59791662927,2.17869871966
7.30860051863,1.95504987626
8.57662915254,2.17510109172
6.43261897887,1.79553376706
6.73631918741,1.85161261048
8.90635894046,2.23049791211
5.26094624816,1.5702818158
5.63570434185,1.64399500096
2.90947798952,1.05798231735
8.97511789916,2.24196313239
3.52366495557,1.20207462595
8.61911747247,2.18227875654
10.0571292863,2.41871323209
8.67944704256,2.19245016351
6.46798892407,1.80210961358
5.79848458645,1.67550101971
9.87961383743,2.39016750787
5.53838263884,1.62501358722
3.22218043364,1.13249144295
13.6221593372,2.96095855833
9.22255947871,2.28298295128
6.10276892435,1.73361627665
5.71608155951,1.65958933917
8.78357096526,2.20994993303
6.69046860307,1.84320108096
10.7467697101,2.5280577282
8.52473550904,2.16631846074
5.25130186047,1.56836213103
7.52118253664,1.99277887689
13.7841174853,2.98438147699
12.9706890611,2.86578578423
3.27923998525,1.14582200662
13.3470433869,2.92095639183
13.3167781156,2.91653908487
10.7399404076,2.52698660322
8.32459833515,2.13227828282
13.8678133586,2.99644987481
13.6037782834,2.95829438034
13.4903024466,2.94182036056
9.30394181547,2.2963937117
13.395918013,2.9280827474
13.0244122854,2.87369351972
5.77763420947,1.67148206183
5.69113026183,1.65475629734
6.6469842606,1.83520588005
10.0645141158,2.41989710866
8.18320676453,2.10806521235
6.70361938745,1.84561562096
4.81597381392,1.48044099617
11.173934821,2.59461215084
2.99333072706,1.07821365505
6.13148460835,1.73905020552
3.4385938648,1.18264830701
2.89904329422,1.05545120293
8.00085826295,2.0766313672
3.96717964009,1.30093701127
7.84292138793,2.04921220141
12.6820874536,2.82311685055
5.6527715154,1.64731244552
11.6711797072,2.67102649441
10.4498161321,2.48127056972
10.555538192,2.49797802056
4.8961139366,1.49681928122
13.4377909086,2.93418129759
8.04840350354,2.08485018607
7.78130778359,2.03846575988
12.8156328117,2.84290095184
8.49286061765,2.16091502671
9.04642907845,2.25382303704
13.0513905837,2.87766046115
9.89930944261,2.39334308193
8.2198220954,2.11434881728
9.52383700111,2.33243559794
10.2380087525,2.44762768089
9.21689893732,2.2820487029
3.38962707857,1.17139393762
13.6202536536,2.96068240135
7.1755175197,1.93124413507
10.9136378427,2.55415971335
11.4215655969,2.63280554537
10.4656071264,2.48376961644
5.05989687046,1.5300165737
3.23424783495,1.13531721325
9.8591403071,2.38686426919
9.01337913405,2.24833032421
5.26259730229,1.57061033524
13.7231712761,2.97557805828
3.12629142789,1.10991059809
10.8342696785,2.54176143538
6.38548952757,1.78675287574
9.59852845718,2.34461458895
5.16711009454,1.55155378517
8.24681448743,2.11897504412
8.69497108296,2.19506365926
4.67077017318,1.45053214392
12.8858921279,2.85328193037
5.67844638707,1.65229673603
4.91460591582,1.50058577266
3.46340824935,1.18833115439
11.4500526313,2.63718145915
9.38277929552,2.30934787507
3.01284352577,1.08289432148
8.43736938724,2.15149199082
4.1819492094,1.34747544892
6.84108509925,1.87076119873
13.1360330083,2.89008874808
5.99911430805,1.7139301419
3.93064310823,1.29293720789
13.0729490585,2.88082849669
9.07705688581,2.25890723578
12.8261789661,2.84446037863
9.82607165519,2.38152407585
5.11731621402,1.5415698029
8.47066838402,2.15714900545
8.62978996168,2.18407983364
6.40243147297,1.78991188174
5.06410609814,1.53086498302
2.7629465901,1.02215482951
9.3368759466,2.30180970878
4.80011383467,1.4771889478
11.255803016,2.60727004158
2.93106567967,1.06320919846
12.2767281951,2.76263463522
6.08757937773,1.73073848121
3.17583365802,1.1216056539
12.0889131595,2.73438626364
7.20844527233,1.93714782002
6.73451407647,1.85128181504
11.5396102202,2.6509148921
9.89316129136,2.39235202567
11.7457374775,2.68238977583
5.31938604953,1.58188909349
6.51333313743,1.81052233267
8.61100614174,2.18090940039
11.8404503705,2.69679027241
10.942519264,2.55866387998
2.7672668708,1.0232200801
9.34824691748,2.30367817825
3.66109487962,1.23313042856
6.46864373299,1.80223124001
8.51881895429,2.16531599563
9.31292806898,2.29787212848
8.95413441598,2.23846735317
11.5684338658,2.65532736104
10.1520553832,2.43390904137
6.16925377326,1.74618444565
6.56365385824,1.81983552412
5.99306655863,1.7127780649
5.05099638741,1.52822182275
7.34326067987,1.96122606071
7.58445327582,2.00393922053
10.5511639725,2.49728786412
7.02205841534,1.90361002718
3.52505862919,1.20239156665
5.43510500912,1.60474852305
13.2736526318,2.91023900525
11.9430542615,2.71234728644
9.69030271299,2.35953589118
6.86154863353,1.87448997617
12.0035047943,2.72149206227
4.97219958605,1.51228644851
5.25603693647,1.5693047796
11.4676198705,2.63987816635
11.0908163099,2.581729279
2.94208729715,1.06587283793
3.9898491663,1.30588823813
10.385598402,2.47109461953
3.88201664217,1.28225171035
11.6534754515,2.66832465388
2.92499322077,1.06174021613
5.46696642821,1.61101393282
7.61873462865,2.00997315134
8.34915097029,2.13646886333
10.7668156521,2.53120047454
3.28137810148,1.1463200152
10.2696924091,2.4526748766
6.96702160795,1.89365036875
13.6339021286,2.96265994915
5.64481902978,1.64576709123
7.61034749796,2.00849775305
7.62096194744,2.0103648728
6.403120537,1.79004030605
3.34146426904,1.16027136125
12.2610207785,2.76027770368
6.09068989137,1.73132799054
5.8165922964,1.6789874154
4.61707061399,1.43939294465
3.50596751297,1.19804634015
3.77540340362,1.25866628859
2.70299535183,1.00731482199
9.52933060345,2.3333324523
7.30915536005,1.95514882168
5.57085074609,1.63135836352
13.106375492,2.88573709748
3.96956881207,1.30145927152
8.10361581898,2.09437407875
8.25544122443,2.12045251601
8.66014867866,2.18919908114
3.41133322625,1.17638945069
13.6708994024,2.96801722332
12.9449626153,2.86199514131
9.1015387349,2.2629670977
12.5593762344,2.80487646764
2.82123806922,1.03648140597
9.91225621574,2.39542937692
8.68863292397,2.19399680862
6.22315410904,1.75634055288
4.23538721287,1.3589300611
13.5333339803,2.94807294274
5.17676824584,1.55348658404
8.67789929888,2.19218951313
6.7857811395,1.86066529521
2.91781804105,1.06000316483
9.13456581625,2.26843826559
11.4589998966,2.63855510584
3.46348982045,1.18834981291
3.04005648933,1.08940524242
3.85784990245,1.27692456779
6.64043002391,1.83399928261
3.22812869066,1.13388476018
2.95597270138,1.06922385063
4.93193468409,1.50411105306
10.352361306,2.46581963031
9.6462971708,2.3523870672
7.788631725,2.03974465911
9.79520790228,2.37653454013
4.96438961988,1.51070244128
8.52782387896,2.16684164326
2.76488348527,1.0226324779
9.09368145283,2.26166450989
11.9762012353,2.71736356709
7.33132402562,1.95910013642
11.7492557973,2.68292540469
11.1592104234,2.59233229169
10.283281465,2.45483801767
13.1100357818,2.88627434961
11.0622468846,2.57729376393
10.4203393663,2.47660227322
4.9541762165,1.50862971801
5.21027214429,1.56018212241
8.28373026403,2.12529387714
10.7365741752,2.52645855135
10.1246767821,2.4295311422
10.4193223202,2.47644112302
6.94214212125,1.88913948526
9.97347576644,2.40528226796
7.23592706307,1.94206820803
3.3393831514,1.15978955413
10.857143892,2.54533776346
8.99903162235,2.24594376017
6.54095508542,1.81563746821
9.32245929388,2.2994396843
6.07308716027,1.72799056897
12.0179404342,2.72367357008
12.3888564613,2.77943063002
10.8062039175,2.53736998088
11.4114909275,2.63125709761
6.05829142803,1.72518285051
3.95635092528,1.29856859613
5.63415383668,1.64369345455
9.08813373289,2.26074457755
6.43457236316,1.7958972468
3.11460292437,1.10714239991
8.75094984933,2.20447488346
10.7352350549,2.52624847177
11.862179346,2.70008860311
4.1664473505,1.34414346192
13.0045049747,2.87076455363
6.24982877086,1.76135584297
8.91863063207,2.23254631377
11.0619067006,2.57724092604
10.5263857627,2.49337660105
4.34498716248,1.38227363188
8.60708950948,2.18024803999
12.7135662526,2.82778651316
4.43557011231,1.40141896619
11.322393675,2.61754320681
7.65925993452,2.0170944332
8.25438154943,2.12027105681
7.46258321676,1.98241458011
5.76177118248,1.66842118811
9.47228464254,2.32401103148
6.07603276372,1.72854927038
6.38774423083,1.78717345018
13.6372021875,2.9631380005
9.55211265595,2.33704988332
9.96586409142,2.40405831776
13.7644280233,2.98153883998
3.85556523399,1.27642037722
13.0844024579,2.88251087471
7.17604872277,1.93133944715
6.25477270249,1.76228460177
3.82838359085,1.27041415054
7.68340950117,2.02133212671
5.87544986888,1.69029474717
11.9787221626,2.71774488085
4.8952032981,1.49663367776
12.41717228,2.7836641068
11.4035807129,2.63004100097
3.01383043502,1.08313078914
13.2528677107,2.90720015893
7.04656971423,1.90803729985
8.52373029706,2.16614816009
7.96693080007,2.07075660402
12.8785057696,2.8521914677
3.0474685959,1.09117527752
9.9342318532,2.39896854127
2.77035249608,1.02398056266
9.24054524569,2.28595015829
7.38082964362,1.96790960812
5.2985086114,1.57774733323
4.58991986687,1.4337444863
7.60500483142,2.00755763044
7.43221117665,1.97703209266
12.6572917556,2.81943585909
6.57643549865,1.82219731233
13.4148848572,2.93084594695
4.93450916341,1.50463444009
13.7501022848,2.97946973072
9.00681407427,2.24723844992
9.02524108729,2.25030248452
11.2613141802,2.60812103498
11.5197497887,2.6478724192
6.00245928291,1.71456718267
4.03714646671,1.31618830931
5.39494215195,1.59683319914
4.00278883008,1.30871017175
9.97069762058,2.40483558081
9.99651041963,2.40898432323
3.51727582369,1.20062111353
5.11595765661,1.54129695105
13.4110021718,2.93028040096
11.3225491218,2.61756716452
2.81414472326,1.03474334976
11.5306806742,2.64954716709
8.61490782663,2.1815681371
11.5615157168,2.65426863047
3.95940119362,1.29923595754
13.7458102432,2.97884967844
4.16594024868,1.34403439515
6.30283249664,1.77130032422
4.81543247532,1.48033005497
11.7459178455,2.68241723636
7.02507254812,1.90415472244
12.2115730884,2.75285139089
4.11232576814,1.33247795457
12.1209888363,2.73922091661
12.4959798371,2.79542966108
11.3879634563,2.627639217
7.63936880089,2.0136006508
12.4275053909,2.78520820081
6.80171461242,1.86357680183
8.36390770587,2.1389855285
10.5217094488,2.49263809654
8.30536304361,2.12899237405
7.30924091552,1.95516407866
10.2352753403,2.44719200549
12.2924739733,2.76499631433
3.48940827746,1.19427099023
8.64632672764,2.18686909364
12.6617889996,2.82010366599
6.17117201934,1.74654639519
11.5682645788,2.65530145645
4.55442252307,1.42634276696
3.83283060412,1.27139776069
12.3117473701,2.76788572212
11.5647894602,2.65476965961
10.9700964741,2.56296095302
9.55628034067,2.33772961978
11.1717487329,2.59427373017
13.6018903566,2.95802067342
12.6334743061,2.81589782741
8.56916913042,2.17383962834
12.8152014941,2.84283716515
5.36828119238,1.59156799007
10.7359540764,2.52636127209
10.4499093644,2.48128532814
3.62609250475,1.22525818167
10.4982476559,2.48893125183
3.52328966992,1.20198927364
8.43658602403,2.15135881932
11.7390832503,2.68137659031
9.5111919098,2.33037057648
4.84615417473,1.48661956056
10.0804827965,2.42245608981
10.554283508,2.49778006855
11.3115864458,2.61587731105
13.8741752261,2.99736622017
5.39187512532,1.5962279416
3.41744090635,1.17779317716
3.48015555279,1.19215885561
5.85617878631,1.68659668795
4.33561301302,1.38028478007
3.86862051694,1.27930013466
13.3375312159,2.91956842212
11.1726980283,2.59442069
12.120524689,2.73915098777
8.52068137907,2.1656315786
4.64448315516,1.44508464541
9.28131063846,2.29266832409
2.88122220419,1.05112135737
3.13192261227,1.11124300456
10.0906913241,2.42409129838
5.45904228529,1.60945682423
12.3570573675,2.77467252456
9.39820938289,2.31187901422
4.94337394898,1.50643593925
