L,T
1.16375926094,301.600322397
1.16355251929,294.315277055
1.1632023225,281.975240005
1.16386238654,305.234204268
1.16346013447,291.059872773
1.16415708045,315.618462057
1.16321346027,282.367706625
1.1653357966,357.153396401
1.16352375278,293.301618854
1.16379076771,302.710540426
1.16373869218,300.875532204
1.1635785885,295.23388898
1.16539259784,359.15492651
1.16510214801,348.920219462
1.16472004416,335.455859541
1.1631535644,280.257129607
1.16449057842,327.370075089
1.16541371373,359.898996261
1.16484880112,339.992924671
1.16490856082,342.098703027
1.16528496927,355.362371629
1.16349214402,292.187807157
1.16359464935,295.799832087
1.16319696316,281.786390892
1.16326908117,284.327644346
1.16452607964,328.621047173
1.16519150265,352.068847823
1.16388249713,305.942849967
1.16427567435,319.79740679
1.1645535152,329.587806106
1.16400692681,310.327432795
1.16336344263,287.652700279
1.16506746352,347.6980269
1.16523411208,353.570294701
1.16497402419,344.405464411
1.16438887913,323.786453025
1.16371780044,300.139360886
1.16405980641,312.190774194
1.16378636068,302.555247836
1.16387933891,305.831562458
1.1652083934,352.664034379
1.16416778468,315.99565149
1.16323825663,283.241466794
1.16433169373,321.771386076
1.16340024755,288.949611365
1.16525594628,354.339675802
1.16429580239,320.50666722
1.16533476175,357.116931107
1.16448806374,327.281464214
1.16479172737,337.981792026
1.16514316871,350.365683447
1.16347603606,291.620204203
1.16386586296,305.356704486
1.16405580107,312.049636282
1.16512389105,349.686388294
1.16480287704,338.374677654
1.16379215304,302.759355865
1.16414640373,315.242241606
1.16318443833,281.345047785
1.16476182976,336.928276848
1.16480590509,338.481378335
1.16379120875,302.726081496
1.1642065094,317.360211258
1.16316591268,280.692251451
1.16433045378,321.727693521
1.16338664446,288.470273316
1.16402600457,310.999684015
1.1649894234,344.948093195
1.16399420095,309.879006083
1.16529740327,355.800513908
1.16318439339,281.34346416
1.16379306754,302.791580366
1.16322655656,282.829186251
1.16484498389,339.858415002
1.16368587209,299.014287649
1.16438604617,323.686626702
1.16420115255,317.171449857
1.16520970011,352.710079612
1.16474952313,336.494622886
1.16473964742,336.146628108
1.16359282741,295.735631637
1.16421102088,317.519184426
1.16529400043,355.680606501
1.16426577399,319.448543739
1.16417824828,316.364361977
1.16445080205,325.968457979
1.16501033861,345.68509153
1.16435748734,322.680286892
1.16351450759,292.975842049
1.16352776676,293.443061143
1.16406157347,312.253040948
1.16341296688,289.397807966
1.16502436714,346.179420918
1.16420661488,317.363928253
1.16320558723,282.090280745
1.16408121461,312.945144273
1.16432345962,321.481237308
1.16423796988,318.468798015
1.16467695548,333.937524993
1.16394758134,308.236250644
1.16449003884,327.351061921
1.16376658085,301.858257252
1.16458724583,330.776386738
1.16517306244,351.419061978
1.16475001547,336.511971428
1.164473342,326.762707797
1.16415827466,315.6605428
1.16539887175,359.376003037
1.16518297532,351.768366257
1.16443484794,325.406276026
1.16515569164,350.806959649
1.16398732114,309.636579125
1.1632814954,284.765090213
1.16328839692,285.00828195
1.16468099778,334.079965046
1.1646086721,331.531393768
1.16340740629,289.201867025
1.16494083942,343.236118194
1.16354707353,294.123382283
1.16389418197,306.354593775
1.16497527657,344.449595138
1.16369032413,299.171166002
1.16324245615,283.389446922
1.16420122767,317.174096694
1.16507654899,348.018175589
1.16510026176,348.853752573
1.16399176895,309.793308604
1.1634586997,291.00931534
1.16380070689,303.060771535
1.16405502651,312.022342823
1.16537830538,358.651296745
1.16466718839,333.593357806
1.16528285975,355.288037684
1.16519610684,352.231087392
1.16399706717,309.980004396
1.16385582679,305.003055528
1.16405467225,312.00985954
1.16455801325,329.746305813
1.16493981977,343.200188336
1.1649701876,344.270272911
1.16487043043,340.755085918
1.16358396585,295.423373175
1.16343500798,290.174479719
1.1641069499,313.851989785
1.16465428368,333.138628615
1.1639314618,307.668239172
1.16344290498,290.4527498
1.16376252003,301.715164467
1.16450872175,328.009399546
1.1631628796,280.585373388
1.16378974968,302.674667616
1.16459729075,331.130343919
1.1650980091,348.774374797
1.16352274298,293.26603628
1.16385680968,305.037690083
1.16491723593,342.404391634
1.16532156069,356.651759321
1.16474417539,336.306182004
1.16376673643,301.863739498
1.1653687074,358.313088782
1.16375520735,301.45748443
1.16374070695,300.946527705
1.16337197716,287.953435178
1.16437129681,323.16689716
1.16396155157,308.728525459
1.16397697967,309.272172209
1.16500043605,345.336150635
1.16366127887,298.147685834
1.16379475852,302.851166405
1.16527607903,355.049102308
1.16412796749,314.592595823
1.16399933372,310.059871865
1.16352117018,293.210614729
1.16469213575,334.472438709
1.164554187,329.611478527
1.16436992572,323.118583323
1.1636753604,298.643882664
1.16525949742,354.464808974
1.16338512735,288.41681409
1.16375157318,301.329425693
1.16521556223,352.916645592
1.16479468633,338.086058264
1.16522553726,353.268140064
1.1649427867,343.304735547
1.16444442364,325.743699191
1.16533850841,357.248953812
1.1650953693,348.681355021
1.16537115044,358.399175093
1.16361930441,296.668613269
1.16510560071,349.041883592
1.16331673977,286.007011388
1.16368582168,299.012511374
1.16429884939,320.614035726
1.16361411545,296.485767812
1.16441912343,324.8521845
1.16510294012,348.948131101
1.16350710082,292.714846634
1.16499489811,345.141007739
1.16325561814,283.853241948
1.1637227099,300.312357485
1.16404005658,311.494840762
1.16422833242,318.129198645
1.16514029867,350.264550657
1.16509445971,348.64930338
1.16483301805,339.436769684
1.16321730483,282.503179073
1.1635903103,295.646935337
1.16348431593,291.911965406
1.16346051093,291.073138422
1.16505210153,347.156709611
1.16426278349,319.34316598
1.16522245847,353.159651305
1.16454929518,329.439103234
1.16331375876,285.901968041
1.16506377651,347.568106122
1.16506582409,347.640257334
1.16461982731,331.924474787
1.16347239546,291.491918729
1.1641840166,316.567622899
1.1642514647,318.944320725
1.16335618778,287.397058134
1.16445953162,326.276065707
1.16409588998,313.462266863
1.16448018513,327.003842289
1.16361843752,296.638066473
1.16331966892,286.110227165
1.16447460088,326.807067738
1.16483743407,339.592378803
1.16490431119,341.948956925
1.16358177157,295.346052411
1.16424296332,318.64475406
1.16440101736,324.214173155
1.1649143442,342.302494622
1.16337165464,287.942070508
1.16522255167,353.162935531
1.1651796222,351.650211008
1.1642059989,317.342222513
1.16432949338,321.693851513
1.16344885321,290.662350024
1.16391109579,306.950593314
1.16349037486,292.125466457
1.16325556612,283.851408646
1.16499392396,345.106681247
1.1637903421,302.695542827
1.16326916901,284.330739708
1.16425857713,319.194944566
1.16535099892,357.689087111
1.16532616199,356.813897477
1.16373071703,300.594508267
1.16338787886,288.513770525
1.16513166067,349.960169592
1.16519484138,352.186495988
1.16316490286,280.656668103
1.16406414712,312.343729745
1.16437854677,323.422367323
1.16320617399,282.110956894
1.16430842726,320.951535473
1.16502837973,346.320814376
1.16437761653,323.389587928
1.16497267743,344.358008074
1.16461884189,331.889751138
1.16357736958,295.190937319
1.16381493011,303.561961264
1.16323332364,283.067640731
1.16315675004,280.369383446
1.16335745087,287.44156609
1.1637882933,302.623348647
1.16485792371,340.314381099
1.1644321892,325.312588714
1.16521105671,352.757882534
1.16418254061,316.515612557
1.16413715953,314.916499929
1.16532306336,356.704709687
1.16412867944,314.617683339
1.16425755535,319.158939612
1.16367535445,298.64367295
1.16528035881,355.199910911
1.16403926188,311.466837685
1.16514420752,350.402288725
1.16319328722,281.656860081
1.16394135492,308.016847316
1.16415767849,315.639535222
1.16462216518,332.00685525
1.16478727881,337.825036191
1.16358020444,295.290830794
1.16370877909,299.821471471
1.16485434101,340.188136097
1.16347969632,291.74918241
1.16382575442,303.943382322
1.1638980928,306.492401442
1.16397491116,309.199283203
1.16478989582,337.917252938
1.16343800438,290.280065036
1.16437623525,323.340914969
1.16502368679,346.155447066
1.16431228646,321.087523737
1.16481971475,338.967995555
1.16396153693,308.728009767
1.16339548462,288.781777831
1.16323500807,283.126995624
1.16514543628,350.445587024
1.16413564172,314.863016259
1.16388127696,305.899854112
1.16533880448,357.259386305
1.16444102899,325.624080434
1.1649966669,345.203335452
1.16392597452,307.474881509
1.16456499188,329.992214709
1.16462136586,331.978689063
1.16335000863,287.179320736
1.16395116955,308.362689988
1.16458808363,330.805908625
1.16317087356,280.86706012
1.16493479081,343.022980563
1.16409849594,313.554094172
1.16427941865,319.929346388
1.16332351945,286.245909679
1.16431490114,321.179658499
1.16395933922,308.650567949
1.16458688002,330.763496498
1.16415044809,315.384754629
1.16328679412,284.951803512
1.16496345976,344.03320113
1.164008099,310.368737809
1.16494468375,343.371582702
1.16346524993,291.240128385
1.16488520706,341.275776599
1.16528554064,355.382505261
1.16321322969,282.359581593
1.16491767073,342.419713123
1.1640788137,312.860542276
1.16458655587,330.752074598
1.16341237115,289.376816033
1.16497889214,344.576998397
1.16532908527,356.916906391
1.16507011137,347.791330283
1.16446723092,326.547369041
1.16344107296,290.388193977
1.1632800513,284.714203678
1.16524784366,354.054160499
1.16424584947,318.746454729
1.1652402292,353.785846493
1.16500157434,345.376261078
1.16331254972,285.859364541
1.16417996315,316.424789602
1.16380491301,303.208984549
1.16539971687,359.405782846
1.16316307656,280.592313692
1.16419968576,317.119763683
1.16533065361,356.972170509
1.16352894999,293.484755181
1.16483569946,339.531255661
1.1637080347,299.795241322
1.16485557013,340.231447273
1.16340156419,288.996006427
1.16370837777,299.807330039
1.16535934984,357.983352152
1.16372638685,300.441923958
1.16364499645,297.573934863
1.16461130933,331.624322997
1.16428015811,319.955403237
1.16362708539,296.942795079
1.16467440848,333.847775229
1.16491643239,342.376077055
1.16481037717,338.63896299
1.16469168563,334.456577712
1.16457521816,330.352562686
1.16397354871,309.151274221
1.16422881003,318.146028577
1.16524774251,354.050595946
1.16501870557,345.979921522
1.16436506285,322.947228222
1.16339896672,288.90447807
1.16537688081,358.601098795
1.16497556881,344.459892728
1.16385140988,304.847414828
1.16371500549,300.040874067
1.16334368496,286.956490573
1.16476872208,337.17114436
1.16493461903,343.016927638
1.16357241148,295.016226613
1.16362628526,296.914600504
1.16357344942,295.052801215
1.16324726289,283.55882423
1.16395554111,308.516732587
1.16415022507,315.376895999
1.16354671787,294.110849899
1.16524057363,353.797982999
1.16432578771,321.563273289
1.16454159102,329.167628463
1.1632341533,283.096875914
1.16384682463,304.685842448
1.16407517255,312.732237756
1.16515342402,350.727054233
1.16470012381,334.753917273
1.1633707853,287.911437302
1.16504728274,346.986907993
1.16429619251,320.52041408
1.1641973383,317.037045442
1.16323377636,283.083593508
1.16405974042,312.188448783
1.16358556828,295.479838738
1.16314969365,280.120734417
1.16495880182,343.869067063
1.16510636441,349.068794239
1.16438167238,323.532505784
1.16530237874,355.975836889
1.16459684818,331.114748894
1.16333901389,286.791894036
1.16464725237,332.890863366
1.1643153576,321.195742831
1.16453515593,328.940872263
1.1647354063,335.997181772
1.16422212876,317.910597664
1.1652960167,355.751654929
1.16448586555,327.204005672
1.16407088412,312.581124304
1.16513926812,350.228236928
1.16364416562,297.544658589
1.16385831118,305.090599046
1.16479343631,338.042010775
1.16350789415,292.742801478
1.16532165994,356.655256914
1.16354150142,293.927035425
1.16328083733,284.741901439
1.16324112337,283.342483109
1.163872985,305.607666728
1.16322862491,282.90206967
1.16373440073,300.724312361
1.16359887349,295.948680144
1.16487237155,340.823486005
1.16436122701,322.812063063
1.16494665059,343.440889131
1.16462774486,332.203468715
1.16455612512,329.679772988
1.16455156767,329.519179893
1.16470177617,334.81214242
1.16406485113,312.368537372
1.16459370917,331.004138509
1.16345670612,290.939066458
1.16504978346,347.075026916
1.16479838904,338.216532209
1.16349807551,292.396817806
1.16527349208,354.957944959
1.16394773132,308.241535384
1.16503830724,346.670634131
1.1647229429,335.558003677
1.16431269285,321.101843815
1.16518292946,351.766750272
1.1651586806,350.91228284
1.16448068395,327.021419539
1.16491558837,342.346336105
1.16386985744,305.49745967
1.16457518231,330.351299233
1.16340409307,289.085117645
1.16450686398,327.943936487
1.16441862863,324.834748949
1.16507968177,348.1285665
1.16387822707,305.792383817
1.16374967406,301.262505636
1.16388846715,306.153218065
1.16497642274,344.489983199
1.16410083625,313.63656061
1.16479511529,338.101173507
1.16417498894,316.249511232
1.16359627276,295.857037021
1.16463803396,332.566030248
1.16443065748,325.2586148
1.16337820994,288.173062343
1.16454700158,329.358282852
1.1652425638,353.868111553
1.16538789437,358.989188327
1.16436659376,323.001173585
1.16351075126,292.843478657
1.16386724653,305.405457926
1.16435250082,322.504574782
1.16472102086,335.490275984
1.16376796086,301.906885461
1.16483310978,339.440001945
1.16405401909,311.98684407
1.16350153287,292.518646405
1.16495207742,343.632116628
1.16361306085,296.44860644
1.16394143681,308.019733178
1.16417937044,316.403903907
1.16445352942,326.06456344
1.16519199312,352.086130702
1.16330887858,285.730003285
1.16444464729,325.751579959
1.16412402877,314.453805583
1.16487589575,340.947669856
1.16323077398,282.977797435
1.16327395567,284.499409193
1.16531221626,356.322485611
1.16475800149,336.793378393
1.16364158957,297.453885169
1.1641316527,314.722453175
1.16498351925,344.740045859
1.16330662536,285.650605469
1.16417286315,316.174603729
1.16469994455,334.747600654
1.16325174233,283.716668181
1.16417819686,316.362550156
1.16487601751,340.951960494
1.16370562024,299.710161772
1.16479602499,338.133228993
1.16384947357,304.779184319
1.16456444898,329.973084337
1.16502333783,346.14315071
1.16333799465,286.75597885
1.16466034129,333.352083552
1.16385867027,305.103252498
1.16510675057,349.082401616
1.16335198406,287.248929743
1.16422589165,318.043192356
1.16477579065,337.42022298
1.16371111385,299.903742625
1.16317732905,281.094535139
1.16385642784,305.024234845
1.16462455325,332.091004676
1.1641470426,315.264753853
1.16433163548,321.769333452
1.16465534004,333.175852286
1.16509178079,348.554904903
1.16534027692,357.311271373
1.16463246083,332.369647569
1.16415860116,315.672048031
1.16448329213,327.113325091
1.16451595519,328.264287608
1.1642033266,317.248057773
1.1635899154,295.633020124
1.16493488223,343.026202247
1.16379108639,302.721769846
1.16370763918,299.781304049
1.1643113315,321.053873525
1.16347799422,291.689204515
1.16485641794,340.261321625
1.16488968396,341.433530926
1.16493480222,343.023382803
1.16340494939,289.11529197
1.16539918627,359.38708573
1.16485806985,340.31953079
1.16431146018,321.058407798
1.16538069757,358.73559152
1.16326895898,284.32333897
1.16332381947,286.256481934
1.16343986053,290.345471246
1.16434189425,322.130826202
1.16322212498,282.673028809
1.16511767362,349.467301943
1.16482261385,339.070152416
1.16482255924,339.068228068
1.16488355766,341.217656036
1.16417624184,316.293660215
1.16492880711,342.812130539
1.16382000711,303.740861881
1.16518214496,351.739106614
1.16446815776,326.580028605
1.16508981354,348.485584102
1.16319969387,281.882614063
1.16410708907,313.85689402
1.16475769092,336.782434768
1.16532798559,356.878156577
1.16374821673,301.211152947
1.16419562386,316.976632917
1.16537590051,358.566555472
1.16516167086,351.017651961
1.16381926747,303.714798895
1.16467570521,333.893468397
1.16512076238,349.576141798
1.16444060568,325.609164043
1.16500296406,345.425231205
1.16335583332,287.384567835
1.16395403444,308.463641379
1.16381211191,303.462655373
1.16360472474,296.154863124
1.16502094326,346.058772188
1.16506018046,347.441390315
1.16377255182,302.068658983
1.16416149117,315.773884363
1.16373931531,300.897489827
1.1649412725,343.251379029
1.16485288006,340.136655864
1.1648595493,340.371662743
1.16521737606,352.980560371
1.16398666972,309.613624677
1.16379796756,302.964244522
1.16403018657,311.147046883
1.16380193091,303.103902715
1.16540774136,359.688545443
1.16437344561,323.242615327
1.16391600334,307.123522803
1.16518515359,351.845123
1.16488090126,341.124051142
1.16403879572,311.450411384
1.1640659335,312.406677194
1.16482727941,339.234554627
1.16453070053,328.783875348
1.16375764653,301.543434778
1.16400518123,310.265923106
1.16388692019,306.098707135
1.16410376919,313.739909805
1.16335791722,287.457999108
1.16434116687,322.105195332
1.1635975544,295.902198836
1.16438187455,323.539629622
1.16400549148,310.276855501
1.16334297249,286.931385239
1.16332308925,286.230750863
1.16387154065,305.556771533
1.16389238992,306.291446427
1.16349233177,292.194423223
1.16531964104,356.584116081
1.16389841896,306.503894247
1.16368325063,298.921914291
1.16517812626,351.597497961
1.16515424727,350.756063525
1.16360187128,296.054314412
1.16504822845,347.02023234
1.16504702869,346.977955768
1.16395851506,308.621526954
1.16379647528,302.911660354
1.16416628785,315.94290708
1.16325165965,283.713754936
1.1647099547,335.100332784
1.16435613023,322.63246587
1.16536421205,358.154684208
1.16456052006,329.834639338
1.1645204485,328.422620175
1.16411341715,314.079879182
1.16330935007,285.746617306
1.1643766371,323.355075358
1.16465465217,333.151613505
1.16454249119,329.199348262
1.16422064859,317.858440158
1.16363060175,297.066702592
1.16388539971,306.04512948
1.1636480481,297.681467272
1.16462577921,332.134204398
1.16510720906,349.098557856
1.16466001688,333.340651894
1.16537668929,358.594350122
1.16516422683,351.107717826
1.16460770064,331.497161748
1.16507091323,347.819585635
1.1648780541,341.02372458
1.16320913317,282.215230796
1.16380576714,303.239081788
1.16455303368,329.570838529
1.16487096575,340.773949141
1.1648441615,339.8294362
1.16448245834,327.083944566
1.16321642623,282.472219461
1.16541125593,359.812389623
1.16359989737,295.984758869
1.16485837972,340.330449834
1.1643128831,321.10854767
1.16433156949,321.767008435
1.16504684353,346.971431343
1.16508278168,348.237799351
1.16374889158,301.234933004
1.16497321763,344.3770433
1.16324960012,283.641182339
1.16441359116,324.657241426
1.16387477019,305.670572234
1.16536833822,358.300079738
1.16478026367,337.577840723
1.16329045749,285.080890995
1.16470403788,334.891839071
1.16464086718,332.66586564
1.16448606467,327.211022295
1.16388712162,306.105805073
1.16534081876,357.330364559
1.16398624205,309.598554795
1.16487202736,340.811357758
1.16501034153,345.685194204
1.16341566847,289.493005066
1.16380019169,303.042617213
1.16339505774,288.766735618
1.16321227336,282.325882891
1.16539947737,359.397343342
1.16343836302,290.292702912
1.16351477565,292.985287805
1.1636023073,296.069678893
1.16415512621,315.54959966
1.16343918132,290.321537495
1.16372045134,300.232771706
1.16534246703,357.388445265
1.16319713351,281.792393598
1.16395024473,308.330101651
1.16524046617,353.794196556
1.16344284533,290.450647939
1.16439817759,324.11410708
1.16334287927,286.928100278
1.16450603293,327.914652465
1.16369233735,299.242106864
1.16522533241,353.260921656
1.16435535377,322.605105236
1.16412239905,314.396378441
1.16393779622,307.891447849
1.16420604357,317.343796643
1.16472245556,335.540831004
1.16405731202,312.102878206
1.16416485971,315.892583108
1.16470833055,335.043101731
1.16323044844,282.966326119
1.1649118141,342.213340231
1.16488881615,341.402951628
1.16521038763,352.734306091
1.16476415049,337.010053431
1.16375460799,301.436364401
1.16394624628,308.18920634
1.16423755731,318.454260217
1.16344622999,290.569914505
1.16490964102,342.136766765
1.16360801271,296.270722621
1.16524102828,353.814003903
1.16475919735,336.83551763
1.16465836014,333.282272705
1.16358264381,295.376787983
1.16444020985,325.595215896
1.16408432327,313.054685431
1.16411931165,314.287586318
1.1638936868,306.337145316
1.1642975921,320.569732232
1.16484890198,339.99647875
1.16325957436,283.992648822
1.16494166638,343.265258103
1.16481112272,338.665234298
1.1642463472,318.763993422
1.16436620747,322.98756191
1.16401388037,310.57245836
1.16398191694,309.4461491
1.16529328282,355.655319747
1.16466069956,333.364707849
1.16358991361,295.632956914
1.16435056438,322.436339411
1.16351472661,292.983559722
1.16405236162,311.928439047
1.1634556997,290.90360289
1.16326984316,284.354494946
1.16537949518,358.693222418
1.16397721304,309.280395574
1.16508199703,348.21015049
1.16418878577,316.735676049
1.16386375905,305.282568027
1.1650550219,347.259616152
1.16339555123,288.7841252
1.16337885217,288.195692928
1.16432469829,321.524884701
1.16317025773,280.845359686
1.16316213144,280.559010112
1.16540209512,359.489586303
1.16335637034,287.403490981
1.16337057514,287.90403187
1.16458392024,330.659201545
1.16423754919,318.453974078
1.16349743226,292.374151267
1.16494982118,343.552612375
1.16357349288,295.054332627
1.163356118,287.394599182
1.16500190798,345.388017584
1.16423317276,318.299759679
1.16512694338,349.793944694
1.16480539669,338.463463898
1.16385688813,305.04045453
1.16538571334,358.912334229
1.16359087126,295.666702016
1.16422509581,318.015148834
1.16366089962,298.134321796
1.16369635238,299.38358615
1.1653161918,356.462573391
1.16494933552,343.535498894
1.16360435705,296.141906705
1.1635066727,292.699760887
1.16441079909,324.558856264
1.1646710509,333.729462636
1.16353613937,293.738090725
1.16362862699,296.997117295
1.1653636097,358.133458846
1.16463288801,332.384700132
1.16361916395,296.663663894
1.16452776346,328.680380742
1.16345579538,290.906974268
1.16477026804,337.225620288
1.16497867034,344.569182688
1.16360623821,296.208194125
1.16367259006,298.546263067
1.16333367013,286.60359394
1.16446465694,326.456668638
1.16436738622,323.029097881
1.16524479132,353.946603808
1.1636502867,297.760349695
1.16468965879,334.385156848
1.1635841445,295.429668321
1.16507204649,347.859519071
1.16399811867,310.017056399
1.1638881355,306.141531421
1.16389274846,306.304080496
1.16539166806,359.122163344
1.16524085427,353.807872288
1.1651908891,352.047227646
1.1637978823,302.961240321
1.16403110041,311.179248441
1.16489043065,341.459842485
1.16386209334,305.223872618
1.16323199807,283.020930956
1.16390393163,306.698146522
1.16393827564,307.908341647
1.16386090931,305.182150598
1.163343864,286.962799676
1.16489726134,341.700538415
1.16358978778,295.628523093
1.1635012888,292.510046055
1.16517776939,351.584922653
1.16364202118,297.469094212
1.1639015628,306.61467519
1.16521388116,352.85740891
1.16373306798,300.67734993
1.16451356689,328.180129806
1.16349532163,292.299778077
1.16470263393,334.842367735
1.16471924782,335.427798609
1.16476148539,336.916142236
1.16499503233,345.145737556
1.16364959542,297.735990906
1.16415194136,315.437373763
1.16348986463,292.107487331
1.16345244529,290.788925771
1.16467154284,333.746797493
1.16422397673,317.975715434
1.16451413201,328.200043155
1.16460581645,331.430767798
1.16508249358,348.227647538
1.16373541223,300.7599553
1.16418424381,316.575629202
1.16394552222,308.163692528
1.16328917614,285.035739515
1.16344957414,290.687753859
1.16333876105,286.782984852
1.16370735402,299.771255853
1.16473110317,335.845550751
1.16507720973,348.041458202
1.16363628167,297.266848395
1.16386956107,305.487016215
1.16390357227,306.685483637
1.16423162332,318.245161555
1.16399595907,309.940957551
1.16470274745,334.846367737
1.16437975314,323.46487646
1.16433863908,322.016122441
1.16435835229,322.710765415
1.16330401426,285.558597006
1.16456586241,330.022889924
1.16495362346,343.686595144
1.16465384276,333.123091964
1.1639914639,309.782559352
1.16477686404,337.458046415
1.16515260924,350.698343518
1.16315301077,280.237621207
1.16508312638,348.249945845
1.16433813294,321.998287523
1.16532216498,356.673053188
1.16375768553,301.54480928
1.16350591489,292.673057556
1.16362946399,297.026610848
1.16537388191,358.495425021
1.16446127494,326.337495567
1.16470391281,334.887431886
1.16324246805,283.389866218
1.16498972555,344.958740163
1.16446907853,326.612474357
1.16500888844,345.633991339
1.16367371318,298.585838936
1.16444026826,325.597274196
1.16344956257,290.687346035
1.16441301367,324.636892484
1.16444905989,325.907068559
1.16471082337,335.13094234
1.16405838826,312.140802264
1.16349618006,292.330027058
1.16470112982,334.789366622
1.16410378765,313.740560473
1.16536991295,358.355569119
1.16399328574,309.846756544
1.1643222207,321.437580941
1.16465011435,332.991712134
1.16400136929,310.13159982
1.16483227705,339.410658636
1.16472297121,335.559001134
1.16440137889,324.226912576
1.16496008134,343.914154269
1.16407371546,312.680893466
1.16392547879,307.457413306
1.16481180252,338.689188798
1.16334049133,286.843955219
1.1639373807,307.876806302
1.16406682784,312.438191259
1.1645320232,328.830482934
1.16416584322,315.927239476
1.16403600601,311.352109295
1.16386321648,305.263449169
1.16518434953,351.816790125
1.16405428739,311.996297989
1.16497470984,344.429625067
1.16455530156,329.650752859
1.16407360268,312.676919246
1.16341825283,289.584071079
1.16421275936,317.580443846
1.1638757278,305.704315977
1.16379367404,302.812951953
1.16415969772,315.710687842
1.16350780982,292.739829979
1.16524838095,354.073093026
1.16529289645,355.641705023
1.16424356483,318.66594971
1.1644282608,325.174161991
1.16470905528,335.06863952
1.16446086185,326.322939379
1.16476365651,336.992646757
1.16432425359,321.509214857
1.16500827033,345.612210604
1.16521670303,352.956844514
1.16444423786,325.737152652
1.1642398215,318.534044361
1.16382178596,303.803544042
1.16419243067,316.864113139
1.16456831196,330.109205916
1.1635880018,295.565589527
1.16526833005,354.776048386
1.16487377508,340.872942763
1.16390004394,306.561154461
1.16330061129,285.438684898
1.16405554903,312.040755052
1.1653943329,359.216065394
1.16492962954,342.841110745
1.16462503719,332.108057593
1.16394204029,308.040998293
1.1647345665,335.96758949
1.16475400118,336.652417702
1.16391692522,307.156007418
1.1646966572,334.631763014
1.16511352498,349.321114568
1.16317929641,281.163859644
1.16461306216,331.686087963
1.16430451992,320.813850963
1.1648308396,339.360006741
1.16378107149,302.368870247
1.16437714507,323.37297489
1.16541598997,359.979205149
1.16421214456,317.558780112
1.16438414152,323.61951192
1.1648460642,339.896482423
1.16340673642,289.178262417
1.16350924976,292.790569627
1.16327331837,284.476952673
1.16386259274,305.241470232
1.16406967919,312.538665561
1.1639489772,308.285436949
1.16450336379,327.820598722
1.16357780544,295.206295886
1.16376947128,301.960108795
1.16471552809,335.296724605
1.16505138605,347.13149789
1.16516127025,351.003535535
1.16380350843,303.15949066
1.16421711873,317.734056991
1.16354966515,294.214704338
1.16346502986,291.232373811
1.16507515957,347.969215938
1.16460151861,331.279323004
1.16400269768,310.178408915
1.16520227325,352.448376079
1.16459237227,330.957029479
1.16368787416,299.084835549
1.16467434918,333.845685395
1.16499312166,345.078410157
1.16421983577,317.829798534
1.16391884523,307.223663691
1.16368869207,299.113656537
1.1644659031,326.500580336
1.16316081474,280.512613033
1.16529314074,355.650313472
1.16419231283,316.859960552
1.1642160379,317.695971281
1.16401370202,310.56617385
1.16518301655,351.769819383
1.16331469695,285.935027727
1.16329003507,285.066006196
1.16418902631,316.744152109
1.16498335049,344.734099182
1.16421270052,317.578370433
1.16433930454,322.039571763
1.16496827644,344.202928545
1.16533212411,357.023987202
1.16389185087,306.27245152
1.16489152644,341.498455202
1.16426827945,319.536829457
1.16373465095,300.733129623
1.16349084938,292.14218766
1.16323713264,283.201860087
1.16319362222,281.668664626
1.16490304103,341.904199988
1.16450890645,328.015908147
1.16338350735,288.359729477
1.16460193984,331.294165995
1.16393909502,307.937214328
1.16449511967,327.530097053
1.16521810363,353.006198148
1.16511030187,349.207540514
1.16413999314,315.016349082
1.16388438563,306.009395747
1.16441503106,324.707979983
1.16316307035,280.592094973
1.16445822702,326.230094883
1.16403885963,311.452663415
1.16456836985,330.111245802
1.16435200003,322.486928018
1.16351459211,292.978820298
1.16367963643,298.794559182
1.1646895002,334.37956876
1.16539990097,359.412270172
1.16335733338,287.4374261
1.16475055397,336.530946881
1.16500196268,345.38994502
1.16389811355,306.493132375
1.16426097227,319.279343216
1.16334646363,287.054403761
1.16419447428,316.936124484
1.16342884079,289.957163661
1.16385437209,304.951795549
1.16532836621,356.891568725
1.16358024742,295.29234533
1.16329546303,285.257273685
1.16336758887,287.798803137
1.16465090034,333.019408714
1.16315001017,280.131887759
1.16381958514,303.725992717
1.16532112749,356.636494543
1.16381551737,303.582654973
1.1634484965,290.649780785
1.16347415946,291.554077625
1.16344601668,290.562398148
1.16358792892,295.563021641
1.16316710127,280.734134141
1.16345929043,291.030131002
1.16430137912,320.703177067
1.16347487746,291.579378143
1.16404993902,311.843072739
1.16344730154,290.607673316
1.1634811617,291.800818468
1.16412980681,314.65740878
1.16382945865,304.073909923
1.16505938761,347.413452285
1.16420043144,317.146039784
1.16510648355,349.072992678
1.1638198953,303.736922085
1.16483910718,339.651334932
1.16362515121,296.874639597
1.1641490071,315.333977805
1.16372637203,300.44140156
1.16353776101,293.795233073
1.16341220693,289.37102931
1.16467944228,334.025153453
1.16487818993,341.028510987
1.16398403618,309.520825684
1.16541472572,359.934656216
1.16538275084,358.807943511
1.16461076366,331.60509492
1.1646700006,333.692452629
1.16368360354,298.934349946
1.16342673314,289.88289549
1.16476131991,336.9103109
1.16506918368,347.758640953
1.1635574466,294.488902817
1.16333508784,286.653550425
1.1652950583,355.717883297
1.16454017155,329.11761002
1.16344475306,290.517871463
1.16358520515,295.467042931
1.16431262365,321.099405511
1.1637456405,301.120373207
1.1649013025,341.842938535
1.16461795931,331.858651087
1.16322778394,282.872436091
1.16390154235,306.613954459
1.16492045058,342.517667786
1.16351952763,293.152735336
1.16342223412,289.724361821
1.16520426461,352.518546321
1.1632359487,283.160141114
1.1634977788,292.386362322
1.16503008571,346.380928687
1.16447398026,326.78519855
1.1635041902,292.61228381
1.16495231758,343.64057899
1.16350662578,292.698107291
1.16430909292,320.974991663
1.16506423733,347.584344291
1.16398899673,309.695622801
1.16413379428,314.797917185
1.16370587284,299.719062923
1.16323138315,282.999262841
1.16487441846,340.89561408
1.16396289496,308.775863123
1.16498634022,344.839449683
1.16361903531,296.659131014
1.16434940344,322.395430823
1.16505228118,347.163040037
1.16315590102,280.339466132
1.16463465429,332.446939496
1.16387365456,305.631260303
1.16379938853,303.01431601
1.16533882242,357.260018587
1.16315461651,280.294203387
1.16523473007,353.592071223
1.16352057804,293.189749075
1.16375145891,301.325399043
1.16391921246,307.236603831
1.16426490796,319.418027004
1.16526741523,354.743812342
1.16520536315,352.557256131
1.16392908738,307.584570855
1.16466881896,333.650814836
1.16486788162,340.665272545
1.16460775751,331.499166023
1.16409459976,313.416802759
1.16333990055,286.823137808
1.1640092309,310.408623097
1.16531819814,356.533271969
1.16449870911,327.656579963
1.1649445336,343.366291689
1.16514325063,350.368570121
1.16348064398,291.782575392
1.16330854586,285.71827892
1.16516422206,351.107549597
1.16516302985,351.065539356
1.16445249624,326.028156747
1.1647303308,335.818334364
1.16444424237,325.737311714
1.16370598886,299.723151003
1.16536689651,358.24927744
1.16440979502,324.523475311
1.16508909497,348.46026352
1.16412367183,314.441227825
1.16397983094,309.372643682
1.1648390352,339.64879862
1.16501269064,345.767971081
1.16338708838,288.485916023
1.1640847333,313.069134075
1.16488894197,341.407385018
1.16396907286,308.993556547
1.16498173389,344.677134534
1.16533111167,356.988311466
1.16419758321,317.045675418
1.16460096372,331.259770281
1.16469053672,334.416092952
1.16395413881,308.467319069
1.16499725606,345.224095884
1.16530858555,356.194548931
1.16459757162,331.140241304
1.16320963291,282.232840186
1.16421625804,317.703728396
1.16508922096,348.464703131
1.1632437448,283.434855917
1.16331029058,285.779758524
1.16406492175,312.371025624
1.16489002395,341.445511242
1.16350878777,292.774290528
1.16475822553,336.801273173
1.16504440394,346.885466488
1.16316669984,280.7199888
1.16479452103,338.080233397
1.16386869493,305.456495742
1.16525520218,354.313455695
1.16532511056,356.776847963
1.16489767576,341.715141437
1.1647225653,335.544698064
1.16473269864,335.901770967
1.16493941568,343.185949182
1.16506828571,347.726998575
1.16483490037,339.503097931
1.1639539426,308.460405007
1.16510574509,349.046971325
1.16515390293,350.743930071
1.16317236088,280.919469424
1.16325764204,283.924558961
1.16368194664,298.875964971
1.16473542963,335.998003878
1.16541148801,359.820567699
1.16378554566,302.526528539
1.16372106955,300.254556076
1.16346642706,291.281607686
1.16395378297,308.454780198
1.16347672465,291.644468368
1.16477751244,337.480894362
1.16344026808,290.359832324
1.16396785273,308.950562213
1.16481837733,338.920868362
1.16469113756,334.437264951
1.16471858243,335.404351733
1.16386801523,305.432544801
1.16490539329,341.987087649
1.16418928758,316.753358568
1.1632829639,284.816836414
1.16424678499,318.779420047
1.16367024967,298.463793693
1.16526609096,354.697148464
1.16472612844,335.670253944
1.16429806447,320.586377374
1.16521233454,352.802910063
1.16537281399,358.457794499
1.16520114577,352.408646324
1.16495956847,343.896081789
1.16346243693,291.141005507
1.16446080664,326.320994024
1.16483547009,339.52317332
1.16361901433,296.658391784
1.16423783458,318.464030333
1.16367222946,298.533556543
1.16408491401,313.075501837
1.16377990345,302.327711518
1.16502273773,346.12200482
1.16316180231,280.547412403
1.16532075233,356.623274947
1.16350293744,292.568139697
1.16433322363,321.825295771
1.1634294518,289.978694295
1.16499553604,345.163486794
1.16331719011,286.022880291
1.16364720602,297.651794459
1.16533279435,357.047604942
1.16425511634,319.072995405
1.16346945542,291.388319351
1.16532122205,356.639826697
1.16488282354,341.191787382
1.16347173005,291.468471166
1.16540076751,359.44280461
1.16357991961,295.280793896
1.16332436196,286.275597807
1.16458610099,330.736045452
1.16450228128,327.782454127
1.16504449674,346.888736445
1.16320140875,281.943041984
1.16381668235,303.623705794
1.16357506333,295.109671069
1.16314887296,280.091815522
1.16419226824,316.858389497
1.16447683046,326.885632464
1.16432278679,321.457528278
1.16383261235,304.185038052
1.16327995409,284.710778238
1.16343553057,290.192894322
1.16517073765,351.337142428
1.16438547578,323.666527857
1.16467043154,333.707637948
1.16459474953,331.040798014
1.16328598012,284.923120172
1.16471480694,335.271313331
1.16370058486,299.532727936
1.16396960368,309.012261318
1.16355652754,294.456517434
1.16317870068,281.142867729
1.16378999464,302.68329942
1.1634879204,292.038977884
1.16526058897,354.503272407
1.16399246075,309.81768577
1.16333760585,286.742278337
1.16329805911,285.348752846
1.16511374173,349.328752348
1.16456656799,330.047752788
1.16370561535,299.709989706
1.16511136351,349.244949712
1.16363256287,297.135807472
1.16450211196,327.776487667
1.16340600075,289.152339412
1.16419071376,316.803613523
1.16433067783,321.735588318
1.16358817115,295.571557091
1.16440315233,324.289403854
1.16399120553,309.773455301
1.16475661467,336.744510518
1.16486286221,340.488401398
1.16388880046,306.164963044
1.16513277522,349.999443656
1.16442669468,325.118975992
1.16343532454,290.185634668
1.16423973224,318.530899107
1.16502688397,346.268107511
1.16340565443,289.140136062
1.16329998339,285.416559615
1.16333287872,286.575706669
1.16446095522,326.326229639
1.16318091728,281.220974913
1.16393636654,307.841069589
1.16444660075,325.820414757
1.1647255082,335.648398387
1.16503648108,346.606284965
1.16371436659,300.018360861
1.16397120393,309.068649887
1.16472334127,335.572041033
1.1641635294,315.845706416
1.16458408136,330.664879009
1.16534435519,357.454979184
1.16339432722,288.740994241
1.16502181027,346.089323229
1.16415821034,315.658276254
1.16475318464,336.623645134
1.16316959101,280.821866254
1.16400503555,310.26078946
1.16384777232,304.719236578
1.16484023318,339.691012334
1.16415504932,315.54689031
1.16318353807,281.313324917
1.16385883346,305.109003008
1.16468956108,334.381713766
1.16376429646,301.777761552
1.16398798194,309.659863916
1.16379888267,302.996490858
1.16471606859,335.315770468
1.16461339518,331.697822899
1.16393502045,307.793637085
1.16324569434,283.503552616
1.16361934584,296.670073109
1.1650876492,348.409318554
1.16523654575,353.656051031
1.16486709785,340.637654336
1.16490000652,341.797271599
1.16327725588,284.615700439
1.1649744298,344.419757082
1.16499693734,345.2128649
1.16375209054,301.347655936
1.16324478212,283.47140821
1.16430169498,320.714307138
1.16532947291,356.930565872
1.16439630915,324.048267705
1.16344047382,290.367082002
1.16463444196,332.439457288
1.16318932279,281.517163522
1.16393319035,307.729148948
1.16533400956,357.090425906
1.16336364072,287.6596806
1.16369526502,299.345270497
1.16400889363,310.396738351
1.16368352382,298.931540525
1.16342732728,289.903831425
1.16439255662,323.916038466
1.16509754495,348.758019111
1.16413142225,314.714332823
1.16364857583,297.700063125
1.16421203244,317.554829009
1.16385719254,305.051181149
1.16480438103,338.427674458
1.16324992823,283.65274411
1.16532181838,356.660839987
1.16492126606,342.546403338
1.16456028057,329.826200118
1.16540205341,359.488116483
1.16516331142,351.075460853
1.16322233411,282.680398042
1.16448148016,327.049475761
1.16341158587,289.349144832
1.16441476602,324.698640744
1.16483144231,339.381244662
1.16434636306,322.28829577
1.16525012901,354.134690306
1.1640225814,310.879060283
1.16328727412,284.968717346
1.16526824089,354.772906496
1.16453093665,328.792195919
1.1636590291,298.068409395
1.16374056623,300.941568849
1.16480582188,338.478446385
1.16330086273,285.447545088
1.16333179335,286.537460989
1.1654132475,359.882567645
1.16355846364,294.524740788
1.16458518007,330.703594686
1.16327943215,284.692386397
1.16482122509,339.021215959
1.16447316369,326.75642496
1.16503833446,346.671593557
1.16453604334,328.972142414
1.16500741217,345.581971189
1.16359896756,295.951994781
1.16343554135,290.193274204
1.16457751053,330.43333995
1.1634488549,290.662409852
1.16497090745,344.295638462
1.16418503714,316.603584139
1.16417088024,316.104731044
1.16320765032,282.162978677
1.16514664746,350.488265929
1.16391533265,307.099889437
1.16359138852,295.6849288
1.1639202783,307.27416126
1.16423431619,318.340051521
1.16452316631,328.518388888
1.16417965851,316.414054956
1.16468752195,334.30986007
1.16479225706,338.000456946
1.16429084712,320.332056438
1.16398410995,309.52342506
1.16368525569,298.992567284
1.16537017198,358.364696623
1.16507119496,347.829513062
1.16364941952,297.729792623
1.16380813022,303.32235076
1.16465631313,333.210141284
1.16535695678,357.899026973
1.16478801431,337.850953092
1.16403713477,311.391883776
1.16417209131,316.147406222
1.16480024197,338.281824564
1.1645052457,327.886912499
1.16454517237,329.293825854
1.16334600098,287.038101248
1.16442226721,324.96296346
1.16371897648,300.180801659
1.16468990581,334.393861461
1.16325849014,283.95444385
1.16411961875,314.298407653
1.16430064493,320.677305997
1.1648221942,339.055364787
1.1644193688,324.860830754
1.16314936777,280.109251275
1.16406876554,312.506470825
1.16526128776,354.527896049
1.16412252546,314.400832884
1.16406011855,312.201773099
1.1645417135,329.171944262
1.1632204718,282.614774885
1.16357375443,295.063548983
1.16371092001,299.896912228
1.16319600655,281.752682105
1.16447726424,326.900917604
1.16452389764,328.54415906
1.16377170026,302.03865221
1.16360197809,296.058078409
1.16493483011,343.024365554
1.16447501999,326.821835907
1.16332522416,286.305979484
1.16480611902,338.488916903
1.16521378798,352.854125535
1.1634427123,290.445960321
1.16512591704,349.757778794
1.16401493029,310.609454923
1.16537238748,358.442765254
1.16493882009,343.164962096
1.16519542106,352.206922275
1.1637463683,301.146019034
1.1635002922,292.474928386
1.16397784111,309.302527106
1.16417739456,316.334279072
1.16505989205,347.431227626
1.16366698742,298.348840291
1.16459055616,330.893034246
1.16462812109,332.216726295
1.16338621005,288.454965818
1.16393568699,307.817124285
1.16458707478,330.770359486
1.16533781847,357.224641905
1.16396764713,308.943317676
1.16491096384,342.183379401
1.16361846355,296.638983682
1.16455704321,329.71212392
1.16465710494,333.238042659
1.16470300701,334.855513954
1.16365483354,297.920568913
1.16477772752,337.488473024
1.16537019806,358.365615803
1.16426655197,319.475957743
1.16435975643,322.760243864
1.16460458913,331.38752036
1.16336064917,287.554265805
1.16467944888,334.025386021
1.16442529559,325.069675582
1.1651573614,350.865797555
1.16378588546,302.538502468
1.1639021646,306.635880989
1.16337171703,287.944268957
1.16525233812,354.212533485
1.16425409585,319.037035814
1.16493728503,343.110870522
1.16338779996,288.510990356
1.1636683422,298.396579163
1.1635224023,293.254031626
1.1643457,322.26493124
1.1645259378,328.616049119
1.1652647447,354.64970969
1.16335510366,287.358856561
1.16502359736,346.152295722
1.16319859365,281.843844869
1.16383157628,304.148529777
1.16437787558,323.398716284
1.16334506486,287.005114791
1.16369789174,299.43782918
1.16453546688,328.951829535
1.16536082796,358.035437426
1.16357334154,295.048999567
1.16356558594,294.775712125
1.16334396026,286.966191719
1.16375324935,301.38848956
1.1651848808,351.835510711
1.16440009331,324.181612083
1.16473605845,336.02016204
1.1650785933,348.09021177
1.16321695682,282.490916164
1.16428162192,320.006984158
1.16398187428,309.44464586
1.16391624172,307.131922823
1.16500574331,345.523164718
1.16361638444,296.565720992
1.16400569919,310.284174483
1.1648727431,340.836578562
1.16401256881,310.52624245
1.16482445382,339.134988301
1.16361207963,296.414030589
1.16487714594,340.991723377
1.16403355691,311.265809192
1.16510969824,349.186269898
1.1639655429,308.869169962
1.16512821286,349.838677912
1.1631520924,280.205260071
1.1646419838,332.705212583
1.16315848409,280.430486799
1.16539658271,359.295343145
1.16384230006,304.526408113
1.16500181868,345.384870834
1.16533660648,357.181934648
1.16453483826,328.929678505
1.16334227707,286.906880335
1.16358021868,295.291332423
1.16509389128,348.629273315
1.16435357088,322.542280769
1.16408706131,313.151167139
1.1634085162,289.240977335
1.16502592849,346.234438718
1.16350189111,292.531269776
1.1639382704,307.908157012
1.1640960031,313.466252719
1.16537372021,358.489727098
1.16367723844,298.710060151
1.16450727937,327.958573956
1.16427736102,319.856840781
1.16430509466,320.834103126
1.16373250885,300.65764754
1.16445944228,326.272917408
1.1653550615,357.832242054
1.16380182741,303.100255797
1.16530285378,355.992576047
1.16334836338,287.121346096
1.16326808734,284.292624429
1.16475565038,336.710531413
1.16395821365,308.610905867
1.16349675365,292.350238828
1.16510318208,348.95665718
1.16427487884,319.769375069
1.16471054909,335.121277662
1.16519453995,352.175874398
1.1646419047,332.702425441
1.16324741881,283.564318286
1.16405927902,312.172190237
1.16331196182,285.838648457
1.16452894975,328.722182369
1.16471828658,335.393926731
1.16508508785,348.31906289
1.16504114604,346.770666167
1.1638310292,304.12925186
1.16501712642,345.924276367
1.16352975617,293.513163143
1.16388290719,305.957299424
1.16452865695,328.711865072
1.16364078429,297.425509238
1.165251165,354.171195975
1.16421205215,317.555523661
1.16484577221,339.886193419
1.16461604472,331.791185766
1.16478135564,337.61631884
1.16517039547,351.325084848
1.16540258317,359.506783974
1.1632146942,282.411187227
1.1645131041,328.163822558
1.1640454596,311.685229602
1.16488488147,341.264303596
1.16486607438,340.60159007
1.16490664821,342.031307765
1.16455946218,329.797362438
1.16447892651,326.959491881
1.16450440476,327.857279997
1.16510181606,348.908522317
1.16428045057,319.96570877
1.16349253492,292.20158156
1.16339519691,288.771639886
1.16464065993,332.658562836
1.16444982226,325.933932659
1.16481977242,338.970027577
1.16420063038,317.153049744
1.16381610915,303.603507683
1.16523603447,353.638034693
1.16498759944,344.883821346
1.16394846622,308.267431386
1.16462485446,332.101618462
1.16401301931,310.54211686
1.16387594638,305.71201828
1.16475758684,336.778767187
1.16321959166,282.58376114
1.16423824841,318.478612841
1.16341903718,289.61170962
1.16467810536,333.978043697
1.16334035956,286.839312137
1.16506209359,347.508804195
1.16422768772,318.106480924
1.16325652008,283.885023842
1.16315517766,280.31397697
1.16406199921,312.268042838
1.16455892177,329.778319646
1.1639918688,309.796827115
1.16451159389,328.110606562
1.16425523436,319.077153975
1.16435544904,322.608462366
1.16320683353,282.134197245
1.16476247036,336.950850051
1.164645852,332.841517847
1.16430552359,320.849217431
1.16379985383,303.030711818
1.16444992702,325.937624246
1.16484964538,340.022673956
1.16315122092,280.174551348
1.16457452797,330.328242064
1.16370059538,299.533098829
1.16446695719,326.537723617
1.16358376847,295.416418034
1.16513055649,349.921261255
1.16345407275,290.846273263
1.16405108267,311.883372055
1.16348472848,291.926502778
1.1648936126,341.571966314
1.16390769928,306.830908909
1.16332463262,286.285135031
1.16372588639,300.424289153
1.16519008627,352.018938232
1.16535384295,357.789303474
1.16506940434,347.76641635
1.16492266902,342.595839965
1.16444841175,325.884229949
1.16450255018,327.79192928
1.16482201416,339.04902067
1.16499942478,345.300516035
1.16464756667,332.901938712
1.16405562207,312.043328886
1.16499986766,345.316121863
1.16457758044,330.435803275
1.16410518229,313.789704054
1.16489310808,341.554188353
1.16451758565,328.321740717
1.1653176019,356.512262014
1.16428106154,319.987237553
1.16371524925,300.049463378
1.16350897583,292.780917158
1.1638454744,304.638263657
1.16508313522,348.250257413
1.16491978152,342.494091922
1.16395177599,308.384059404
1.16540410933,359.560561988
1.16405390849,311.982946811
1.16515268852,350.701137113
1.16329782929,285.34065444
1.16462414916,332.076765715
1.16318153408,281.242709452
1.1636207432,296.719312642
1.16374577499,301.12511214
1.16453258387,328.850239626
1.1649639592,344.050799874
1.16337988177,288.231973377
1.16387403637,305.644714493
1.16359869655,295.942445169
1.16500497466,345.496079775
1.16358275236,295.380612798
1.16486820185,340.676556584
1.16427961097,319.936123107
1.16422276093,317.932873466
1.16389012868,306.211766293
1.1645788991,330.482269443
1.1638268391,303.98160379
1.16414081071,315.045158178
1.16318289013,281.290493259
1.16318243983,281.27462572
1.16495181666,343.622927893
1.16353085039,293.551720401
1.16318623227,281.408261688
1.1640514458,311.896167629
1.1634233188,289.762583006
1.16521198581,352.790621608
1.16413615628,314.881147692
1.16514989422,350.602673452
1.16418854022,316.727023494
1.16531512151,356.424859262
1.16416314646,315.832212624
1.16369175957,299.221747252
1.16398872684,309.686112514
1.16338636335,288.460367657
1.16442634282,325.106577392
1.16416970218,316.063219397
1.16516291426,351.061466044
1.16425498364,319.068319405
1.16326906128,284.326943444
1.16368598663,299.01832378
1.16340687012,289.182973607
1.16524063715,353.800221458
1.16407077725,312.577358381
1.16446795786,326.572984511
1.16463699737,332.52950363
1.16517902061,351.629012593
1.16367976506,298.799091615
1.16492707097,342.750953193
1.16351603366,293.029616839
1.16482355208,339.10321311
1.16528724074,355.442412535
1.16472159231,335.510412291
1.16376212818,301.701356837
1.16442423682,325.032367317
1.16489572632,341.646448216
1.16475896818,336.827442087
1.16477873201,337.523868876
1.16496986025,344.258737931
1.163273007,284.4659805
1.16462279757,332.029138981
1.16503084714,346.407759497
1.16512446598,349.706647235
1.16485836422,340.329903637
1.16482035495,338.990554477
1.16418396112,316.565667706
1.16333229702,286.555208988
1.16321861072,282.549195361
1.16457384689,330.304242509
1.16413502061,314.841129897
1.16330002896,285.418165338
1.16496253035,344.000451093
1.16388174385,305.916306398
1.16400076113,310.110169988
1.16414739205,315.277067429
1.16485979059,340.380165203
1.1642205273,317.854166415
1.16458010927,330.524912803
1.16363383521,297.180641528
1.16376573184,301.828340595
1.16343918608,290.321705393
1.1638031243,303.145954794
1.16331705974,286.018286193
1.16418767571,316.696560615
1.16367351429,298.578830436
1.16407337108,312.668758418
1.16504649015,346.958979102
1.16413342156,314.784783328
1.1631681529,280.771191096
1.1652161695,352.938044029
1.16499926434,345.294862739
1.16421927093,317.809895085
1.16517851232,351.611101856
1.16447445827,326.802042539
1.16516290802,351.061246296
1.16403544156,311.332219446
1.16383707563,304.342312679
1.16412008399,314.314801583
1.16462204729,332.002701024
1.16372292327,300.319876156
1.16331919149,286.093403605
1.16375321191,301.387170304
1.16456808122,330.101075
1.16455399265,329.604630236
1.1643878868,323.751485717
1.1637361774,300.786917933
1.16534378076,357.434737614
1.16500150678,345.373880319
1.16473763593,336.075748356
1.16528155223,355.241963792
1.16516419862,351.106723646
1.16483124645,339.374343137
1.16419638367,317.003406808
1.16484530256,339.869644308
1.16360746161,296.251303541
1.163935384,307.806447679
1.16507793246,348.066925575
1.16450687349,327.944271582
1.16511426227,349.347094846
1.16444624865,325.808007817
1.16385804935,305.081372861
1.16401485209,310.606699316
1.16369730994,299.417328243
1.16408410617,313.047035466
1.16460650953,331.455190137
1.16458877448,330.830252616
1.16462990452,332.279569682
1.16458914788,330.843410376
1.16447556699,326.84111094
1.1643691788,323.092263786
1.16474017512,336.16522274
1.16479521605,338.10472401
1.16331334526,285.887397611
1.16458663376,330.754818935
1.16318794906,281.468757061
1.16475433595,336.664214216
1.16440637938,324.403116884
1.16352993849,293.519587344
1.16450212171,327.776831066
1.16362910926,297.014111086
1.16357773584,295.203843468
1.16489077586,341.472006903
1.16403178944,311.203528147
1.16468411129,334.189677247
1.16488768098,341.362951154
1.16491308737,342.258207211
1.16355623681,294.446272912
1.16509959193,348.830149642
1.16413841488,314.960735038
1.16525515667,354.311852245
1.1642868477,320.19112691
1.16501260295,345.764880824
1.16402036844,310.801081168
1.16364506711,297.576424718
1.16534488376,357.473604699
1.16320300354,281.999238236
1.16369611707,299.375294523
1.16494223501,343.28529509
1.1642728723,319.698669816
1.1636404058,297.412172073
1.16399851662,310.031079311
1.16443698049,325.481421663
1.164546097,329.326407509
1.16389745095,306.469784259
1.16342577171,289.849017453
1.16539309206,359.172341407
1.16325268307,283.749817399
1.16458274737,330.617872822
1.16466755645,333.606327101
1.16345187284,290.768754064
1.16490267449,341.891284123
1.16344107283,290.38818939
1.16502838597,346.321034113
1.16432060566,321.380671129
1.16493629701,343.076055503
1.16338905142,288.555088561
1.1652968269,355.780204223
1.16490488024,341.969009104
1.16508916328,348.462670566
1.16537560181,358.556030124
1.16451748587,328.318224717
1.16403135598,311.188253961
1.16377245367,302.065200452
1.16376649647,301.855284084
1.1651142115,349.345305579
1.16402404144,310.930508496
1.16434618122,322.281888079
1.16363504471,297.223261025
1.16427960205,319.935809026
1.16430134406,320.701941614
1.16411773388,314.23198981
1.16334829704,287.119008502
1.16502523114,346.209865944
1.16347554893,291.603038766
1.16400380051,310.21726979
1.16323267496,283.04478314
1.16354518861,294.056962469
1.1645453827,329.301237646
1.1648295963,339.316195842
1.1649226708,342.595902582
1.16486299032,340.49291557
1.16419955059,317.115000845
1.164140767,315.043617768
1.16434994792,322.414617007
1.16473735221,336.065750813
1.16397656582,309.257589379
1.16356402337,294.72065133
1.16512557525,349.745735257
1.16420433033,317.283426572
1.16474203313,336.230694393
1.16493990244,343.203101307
1.16453534226,328.947437994
1.16327234931,284.442805233
1.16388442466,306.010771234
1.16510564698,349.043513991
1.1643112907,321.052435754
1.16362829623,296.985461956
1.16367628649,298.676515697
1.16382815005,304.027798251
1.16532794794,356.876829673
1.16372325641,300.331615203
1.16471458921,335.263641011
1.16497889014,344.576927884
1.16376602774,301.83876739
1.16448275315,327.094332897
1.16372168108,300.276104789
1.16523709067,353.675252446
1.1653308518,356.97915453
1.16373714731,300.821095052
1.1646227884,332.028816017
1.16431621577,321.225982625
1.16425661479,319.12579683
1.16388575021,306.057480072
1.16427931516,319.925699624
1.16516317961,351.070816321
1.16420218289,317.207756124
1.1632434733,283.425288941
1.16438847284,323.772136454
1.16519064356,352.038575452
1.16496736408,344.170779333
1.16397447543,309.183929429
1.16437498573,323.296885396
1.16417629665,316.295591421
1.16448327499,327.112720965
1.16407390723,312.687650853
1.1641957228,316.980119355
1.16451923158,328.379739129
1.16379060951,302.704965697
1.16390169108,306.619195373
1.16445617043,326.157626029
1.16415691105,315.612492633
1.1636119327,296.408853355
1.16502736362,346.285009139
1.16347527475,291.593377304
1.1649963222,345.191189114
1.1638912098,306.249861992
1.16392478132,307.432836342
1.16348187791,291.826056004
1.16539536027,359.252267523
1.16470046292,334.765866848
1.1646263682,332.154958769
1.16503630797,346.600184944
1.1633331498,286.585258633
1.16468325155,334.159382364
1.16491338638,342.268743398
1.16375676464,301.512359185
1.16393190617,307.683897658
1.16472407658,335.597951527
1.16511212177,349.271668885
1.16430367659,320.784133896
1.16504842885,347.027293985
1.16432528908,321.545702671
1.16342994119,289.995938906
1.1637967465,302.921217402
1.16336273339,287.627708601
1.16471938518,335.43263858
1.16490544918,341.989056759
1.16510477225,349.012690702
1.16383926179,304.419347506
1.16328446276,284.869652274
1.1652559189,354.338711134
1.16481741469,338.886947204
1.16400409709,310.227720753
1.16417274774,316.170536986
1.16494982306,343.552678526
1.1634616412,291.112966082
1.1651639822,351.099097597
1.16503610513,346.593037545
1.16457017836,330.17497292
1.16436728001,323.025355368
1.16383458395,304.254512295
1.16331047253,285.786169933
1.16513755247,350.167781743
1.16491672496,342.386386646
1.16369977916,299.504337267
1.16487627561,340.961054997
1.16335991688,287.528462109
1.16541606259,359.981764162
1.16499800769,345.250581408
1.16490701756,342.044322736
1.16439331433,323.942738179
1.16508675663,348.37786639
1.16349406087,292.255352285
1.16454650991,329.340957404
1.16388892386,306.169311432
1.16469011153,334.40111021
1.16324099136,283.337831603
1.16320137811,281.941962329
1.16488078439,341.119932973
1.16340134684,288.988347515
1.16330312372,285.527216672
1.16403125331,311.184636165
1.16506889177,347.748354496
1.16483427445,339.481041899
1.16366015023,298.107915185
1.16487513248,340.920774299
1.16336700608,287.77826704
1.16357471583,295.097426255
1.1651709904,351.346048715
1.16510432111,348.996793672
1.16320804469,282.176875432
1.16364302957,297.504627104
1.16431216971,321.083409616
1.1637985508,302.984796524
1.16341750682,289.557783846
1.16519973539,352.358948338
1.16318089794,281.220293546
1.16389819227,306.49590648
1.16373321464,300.682517627
1.16411490078,314.132158661
1.16412934314,314.641070383
1.16342461693,289.808325835
1.16445148328,325.992462631
1.16427103027,319.633761233
1.16473910302,336.127444849
1.16331560261,285.966940772
1.16361540374,296.531163648
1.16508510115,348.319531713
1.16460061206,331.24737839
1.1633054698,285.609886362
1.16464596929,332.845651064
1.16378808758,302.616099587
1.1632669672,284.25315366
1.16460631537,331.448348484
1.163788257,302.622069515
1.16316967988,280.824997782
1.16406580375,312.402105036
1.16445971535,326.282539928
1.16459746558,331.136504705
1.1632914177,285.114726656
1.1650797812,348.132070396
1.16495995968,343.909867147
1.16358061036,295.305134262
1.1634175918,289.560778254
1.16326659332,284.239978947
1.16535489704,357.826446932
1.163503333,292.582078197
1.16519690845,352.259334122
1.16507436052,347.941059522
1.16473164253,335.864556336
1.16416279358,315.819777861
1.16443012935,325.240004894
1.16348266792,291.853893726
1.16400463212,310.24657356
1.16533954009,357.285307423
1.16397257072,309.116812253
1.16492130717,342.547851694
1.16345676424,290.941114681
1.1653769136,358.602253955
1.16461592025,331.786799851
1.16541337155,359.886938781
1.16396692378,308.917828617
1.1643859912,323.684689902
1.16473663518,336.040484623
1.16421674449,317.720869899
1.16451616557,328.271700715
1.16314720095,280.032898146
1.16510606492,349.058241122
1.1646946544,334.561189336
1.16526293894,354.586079512
1.1640557673,312.048446243
1.16442345213,325.004716834
1.1641298742,314.659783389
1.16390504372,306.737333887
1.16430331259,320.771307686
1.16401423928,310.585105441
1.16480335284,338.391443598
1.16348016079,291.765548964
1.16436057865,322.789216791
1.1652377565,353.698714609
1.16537157002,358.41395987
1.16470876234,335.058316987
1.16384980338,304.790806093
1.16399775929,310.004392851
1.16321422295,282.394581372
1.16347391075,291.545313623
1.16423953499,318.523948642
1.16476247304,336.950944237
1.16516317114,351.070517964
1.16524970631,354.119795366
1.16403401744,311.282037112
1.16370250352,299.600336471
1.16411654572,314.190122047
1.16337970983,288.225914791
1.16352552755,293.36415722
1.16526113276,354.52243429
1.16484943404,340.015227046
1.16470592395,334.958299506
1.16410207459,313.680196579
1.16401026643,310.445112514
1.1635210298,293.205668236
1.16413536967,314.853429607
1.1641901907,316.785182351
1.16425579905,319.097052292
1.16373773777,300.841901416
1.16422734967,318.094569047
1.16371176241,299.926596022
1.16314990738,280.128265535
1.16382826883,304.031983565
1.16464907876,332.955220702
1.16478634874,337.792262943
1.16391734101,307.170658932
1.16516644281,351.185803146
1.16363788593,297.323378538
1.16340693926,289.185409885
1.16461251776,331.666904961
1.16434283893,322.164114329
1.16493971006,343.196322414
1.16377153536,302.032841763
1.16401478906,310.604478326
1.16332401156,286.263250465
1.16400149647,310.136081468
1.16501490482,345.845992861
1.16471996325,335.453008338
1.16445918769,326.263946417
1.16451345031,328.176022012
1.16347269041,291.502312048
1.16518728912,351.92037351
1.16494227463,343.286691283
1.16359250253,295.724183817
1.16495166089,343.617439156
1.16328754146,284.978137773
1.16413450005,314.822786435
1.16455232856,329.545991657
1.16382200522,303.811269957
1.16372098794,300.251680061
1.16404024072,311.50132944
1.16386356169,305.275613696
1.16430557334,320.850970776
1.1640152973,310.622387447
1.16536677504,358.244997267
1.16391910895,307.232956693
1.16514568011,350.454178878
1.16516153002,351.012689194
1.16433883339,322.022969373
1.16435028865,322.426623635
1.16495196011,343.627982976
1.16458962209,330.860120113
1.16347005933,291.409599518
1.16341793188,289.572761739
1.16505763201,347.351589738
1.16507489826,347.960007801
1.16398112815,309.418354116
1.1648666053,340.620298183
1.16432679194,321.598659665
1.16348212502,291.834763333
1.16338746197,288.499080441
1.16452251711,328.495512624
1.16379467756,302.848313543
1.16368083002,298.836618183
1.16412797255,314.592774025
1.16329726154,285.320648537
1.16503353276,346.502393668
1.16429326561,320.417277737
1.16375982146,301.620073858
1.16339926057,288.91483282
1.16493904994,343.173061615
1.16350586262,292.671215715
1.16467524381,333.877210081
1.16344548251,290.543575324
1.16379245683,302.770060645
1.16541447601,359.925857235
1.16466873039,333.64769365
1.16444522303,325.771867601
1.16472774997,335.727392269
1.16450385811,327.838017317
1.16500780979,345.595982407
1.16413697612,314.910036996
1.1644813583,327.045181692
1.16459006235,330.875633932
1.16522810502,353.35862118
1.16489352435,341.56885636
1.16376100148,301.661654699
1.16322890318,282.911874985
1.16428133003,319.996698548
1.16444333722,325.705416535
1.16484783129,339.95875032
1.1635368013,293.761415226
1.16343437406,290.152142183
1.16445463771,326.103616763
1.16471025908,335.11105828
1.16353379763,293.65557369
1.16486941071,340.719153574
1.16470215476,334.825482968
1.16360294194,296.092041688
1.16380260104,303.127516649
1.1646242444,332.080121622
1.16418469108,316.591389637
1.16498346341,344.738078265
1.16374563932,301.12033146
1.16444735036,325.846829336
1.16445830135,326.232714168
1.16463769856,332.554211792
1.16529073297,355.565469726
1.16518952426,351.999134433
1.16532428919,356.747904951
1.16499782363,345.244095531
1.16492025407,342.510743374
1.16504374204,346.86214284
1.16509845509,348.790090119
1.16332717186,286.374611341
1.16540637749,359.64048602
1.16347504543,291.585296703
1.16537252716,358.447687212
1.16513337306,350.020509883
1.16412001379,314.312328005
1.16490188869,341.863594263
1.16527439387,354.989721523
1.16361953998,296.676914142
1.16386693119,305.394346008
1.16522594989,353.282680047
1.16420698612,317.377009929
1.16477675519,337.454210554
1.16469212705,334.472132058
1.16452916481,328.729760582
1.16370287643,299.613477065
1.16437281849,323.220517264
1.16527629956,355.056873432
1.165088723,348.447156363
1.16454587639,329.318633956
1.16454256603,329.20198515
1.16342700621,289.892517724
1.16401382203,310.570402563
1.16404068322,311.516922182
1.16541263225,359.860887721
1.16473658696,336.038785225
1.16504217265,346.806841335
1.16483811819,339.616485488
1.16375846388,301.572236268
1.16515720051,350.860128182
1.1651589562,350.921994055
1.164358808,322.726823351
1.16440907155,324.497982191
1.16346760958,291.323276453
1.16444655822,325.8189161
1.16394380068,308.103029819
1.16513988852,350.250097921
1.16319304499,281.648324399
1.16349996522,292.4634063
1.1634904935,292.129647228
1.16452293227,328.510141887
1.16358297416,295.388428344
1.16345454499,290.862913989
1.16374692082,301.165488267
1.16474997166,336.510427959
1.16410653522,313.837377757
1.16369852551,299.46016177
1.1633549704,287.354160588
1.16320831891,282.186538382
1.16462470087,332.09620635
1.16339232593,288.670473596
1.16418305064,316.53358489
1.16374041058,300.936084296
1.1634588561,291.014826485
1.16518512651,351.844168703
1.16481324839,338.740137612
1.16361967183,296.6815602
1.16499892477,345.282897157
1.16467984271,334.039263588
1.16341420066,289.441283013
1.16482207491,339.051161288
1.16328453332,284.872138517
1.16508497649,348.315139066
1.16464458183,332.796760608
1.1637197372,300.207607277
1.16441658047,324.762577299
1.16470402984,334.891555714
1.16388551963,306.04935503
1.16483184585,339.395464348
1.16426150927,319.29826593
1.16396313281,308.784244308
1.16454261872,329.203842076
1.16446870787,326.599412961
1.16427705759,319.846148635
1.16411647111,314.187493112
1.1647843489,337.721793509
1.16458431105,330.672972806
1.1641942303,316.927527335
1.16414895276,315.332062892
1.16433583536,321.917326545
1.16321088275,282.276881513
1.16401382475,310.570498319
1.16439291176,323.928552687
1.16361945072,296.673768852
1.16333577383,286.677722669
1.1634211676,289.686780118
1.16405246239,311.931989766
1.16477338141,337.335327444
1.16395494359,308.495677407
1.16346550127,291.248984948
1.1648385367,339.631232769
1.1646461345,332.851472583
1.16436662468,323.00226338
1.16426575774,319.447971016
1.16510683606,349.085414271
1.16510546781,349.037200534
1.16417933777,316.40275286
1.16342232607,289.727601708
1.16510696596,349.089991623
1.16445896819,326.256211762
1.16363110598,297.084470558
1.1634647075,291.221014507
1.16317413866,280.982114041
1.1632775185,284.624954409
1.16395107318,308.359293968
1.16402210051,310.862115101
1.16333499457,286.650263526
1.16505891077,347.39664967
1.16336298772,287.636670377
1.16505176898,347.144991443
1.16532516635,356.778813728
1.16452673329,328.644079995
1.16329583164,285.270262549
1.16423600263,318.399477062
1.16500487933,345.492720261
1.16528394767,355.326373102
1.16476370436,336.994332942
1.16525708951,354.379960318
1.16507382482,347.922182775
1.16529093487,355.572584022
1.16344599186,290.561523587
1.16331123736,285.813120546
1.16427357371,319.723385553
1.16348432548,291.912301944
1.16394042265,307.98399656
1.16471796006,335.382421074
1.16448256814,327.087813369
1.16371192575,299.932351885
1.16347993875,291.757724822
1.16318997495,281.540144108
1.16373721993,300.823653953
1.16325755058,283.921336053
1.1640103395,310.447687293
1.1634235584,289.771025915
1.16336953535,287.867391997
1.16355445706,294.38355887
1.16491292018,342.252315812
1.16439399749,323.966810813
1.16341253399,289.382554048
1.1635581941,294.51524258
1.16450035354,327.714525344
1.16364782912,297.673751049
1.16329775208,285.337933845
1.16460363401,331.353864139
1.16510962635,349.183736695
1.16380224781,303.1150695
1.16372454371,300.37697647
1.16473480774,335.976090237
1.16402518614,310.970844816
1.16384093062,304.478152584
1.16496694003,344.15583675
1.16499592869,345.177322971
1.1639665201,308.90360401
1.16471156439,335.157054036
1.16540374981,359.547893442
1.16520671114,352.604755936
1.16519987746,352.363954597
1.16456915263,330.138828942
1.16465869062,333.293918003
1.16494013238,343.211203842
1.16483835712,339.624904759
1.16493240969,342.939076284
1.16403325502,311.255171167
1.16535485985,357.825136568
1.16358052666,295.302185038
1.16541383991,359.903442485
1.16349388324,292.249093043
1.16364462845,297.560967572
1.16359451921,295.795246407
1.16341639623,289.518649293
1.16320813383,282.180016323
1.16512941338,349.880980999
1.16463721407,332.537139656
1.16372425547,300.36681969
1.16507877835,348.096732402
1.16504049216,346.747625096
1.16346393199,291.193687852
1.16382144988,303.79170146
1.16330875107,285.72550997
1.16494751332,343.471289454
1.16421531444,317.670478519
1.16387778536,305.77681918
1.16428930245,320.277626164
1.16341814317,289.580207074
1.16510724981,349.099993742
1.16433891585,322.025875268
1.16379298949,302.788830326
1.16430526081,320.839957735
1.16444861903,325.891534009
1.1640099015,310.432253171
1.16521918788,353.044404274
1.16449619061,327.567834337
1.16504591066,346.938559457
1.16344587926,290.557555844
1.16442287298,324.98430915
1.16443163526,325.293069278
1.16471176493,335.164120669
1.16362177745,296.755757024
1.16480053631,338.292196281
1.1652996142,355.878421386
1.16320036978,281.906431211
1.16353584806,293.727825663
1.16494577407,343.410002509
1.16423679204,318.427293855
1.16435508888,322.595771264
1.16413102899,314.700475377
1.16345576497,290.905902747
1.16394480784,308.138519622
1.16453226968,328.839168437
1.16503631374,346.600388418
1.16523353235,353.549866479
1.16331881553,286.080155941
1.16499784216,345.244748595
1.16459637204,331.097970935
1.16495082308,343.587916943
1.16414661249,315.249597911
1.16467958631,334.030228723
1.16318347164,281.310984034
1.16465193799,333.055972648
1.16371865095,300.169330563
1.16491763053,342.418296628
1.16516221353,351.036774261
1.16323794004,283.23031078
1.16365490792,297.923189733
1.16466068264,333.364111553
1.16511888344,349.50993285
1.16451406139,328.197554835
1.16393494604,307.791015019
1.16438062699,323.495668674
1.16520415545,352.514699853
1.16486761894,340.656016154
1.16324511357,283.483087747
1.1637196718,300.20530268
1.1643253966,321.549491568
1.16482874155,339.286076775
1.16413470532,314.830019915
1.16372311752,300.326721193
1.16340145007,288.99198494
1.1650090306,345.639000708
1.16509573923,348.694390161
1.16481789363,338.903823716
1.1633264143,286.347917081
1.1651375576,350.167962362
1.16486587713,340.594639377
1.16350290911,292.567141575
1.16347322055,291.520992567
1.16515768911,350.877345104
1.16372586285,300.42345947
1.16434150112,322.116973408
1.16465762047,333.256208697
1.16379098139,302.718069887
1.16440741279,324.439531577
1.16369861557,299.46333518
1.16315088118,280.162580036
1.16369294012,299.263346986
1.16460267186,331.319960497
1.16450846774,328.00044911
1.16534020129,357.308606361
1.16466026212,333.34929355
1.16409816163,313.54231384
1.16336090461,287.563266949
1.16349321746,292.225632694
1.16528537541,355.37668285
1.16365003135,297.751352085
1.16497858885,344.566311234
1.16442725016,325.138549744
1.16332875358,286.430347174
1.16539420509,359.211561859
1.16425599852,319.10408114
1.1636114186,296.390737721
1.16528619685,355.405628277
1.16336889042,287.844666629
1.1648332261,339.444100837
1.16500312307,345.43083424
1.16454189346,329.178285653
1.16447283565,326.744865486
1.16377611365,302.194168815
1.164130337,314.676091312
1.16394453629,308.128950934
1.16524154091,353.832067479
1.16485254481,340.124842645
1.16456675194,330.054234828
1.16539621815,359.282496804
1.16379485592,302.854598539
1.16441879929,324.84076265
1.16471181463,335.165871843
1.16486776884,340.661298245
1.16317210233,280.910358788
1.1654136287,359.896000159
1.1646816142,334.101686237
1.16342805176,289.929360335
1.16372072541,300.242429196
1.164813634,338.753725454
1.16493216523,342.930462171
1.16485062952,340.05735255
1.1645484329,329.408718686
1.16332996277,286.472955868
1.16481526647,338.811249565
1.16397895821,309.341890984
1.16515247571,350.693638547
1.16536925147,358.332260414
1.16404824261,311.783295488
1.16529267545,355.633917521
1.16394268264,308.063632864
1.163876018,305.714542128
1.16378447454,302.488785027
1.16518196381,351.732723515
1.16493487403,343.025913041
1.16501365813,345.802062886
1.16457879512,330.478605538
1.16479069339,337.945357183
1.16468267186,334.138955348
1.16327191792,284.427604358
1.1637034845,299.634904016
1.16353079672,293.549829154
1.16465730898,333.245232725
1.16510843064,349.141603148
1.16462167668,331.989641553
1.16387511517,305.682728527
1.16378682099,302.571467899
1.16526220486,354.560212076
1.16530434215,356.045022197
1.16521770821,352.992264468
1.16358988806,295.632056518
1.16444042847,325.602919544
1.16456144007,329.867058028
1.16320930017,282.221115279
1.16385894046,305.112773071
1.16456014498,329.821422542
1.16356393931,294.717689085
1.16344088264,290.381487598
1.16504014965,346.735556091
1.16317902353,281.154244221
1.16369196728,299.229066595
1.1643275949,321.626954062
1.16423098223,318.222571203
1.16539321965,359.176837299
1.16519397184,352.155855614
1.16503607987,346.592147521
1.16471899643,335.418939971
1.16340149658,288.99362404
1.1638011483,303.076325678
1.16460998623,331.577700246
1.16342190302,289.712694694
1.16483262868,339.423049184
1.16513177101,349.964057794
1.16316445674,280.64094787
1.16425207351,318.965773874
1.16387632067,305.72520731
1.16538007261,358.713569495
1.1636339277,297.183900596
1.16468935816,334.374563363
1.16387202908,305.573982741
1.16450189403,327.768808167
1.16465542605,333.178882853
1.16540565493,359.615025
1.1638410784,304.483359956
1.16397565205,309.225390287
1.16428610829,320.165072253
1.16464631972,332.857999141
1.16453934729,329.088565157
1.16351681439,293.057128027
1.1649057259,341.99880797
1.16487923019,341.065167024
1.16362101217,296.728790563
1.16360716585,296.240881666
1.16391591982,307.120579753
1.16393187958,307.682960705
1.16513880016,350.2117469
1.164758349,336.805623933
1.16367197362,298.524541398
1.16447928656,326.972179051
1.16337438437,288.038259252
1.16515322233,350.719947354
1.16368956627,299.144461096
1.1633041912,285.564831885
1.16492382244,342.636483366
1.16324701984,283.550259903
1.16522658083,353.304912949
1.16399917942,310.054434457
1.16436290438,322.871169521
1.16462687882,332.172951659
1.16524703715,354.025741017
1.16364045838,297.414025134
1.16326544025,284.199347934
1.16454821456,329.40102496
1.16401450925,310.594618383
1.16372944212,300.549583759
1.16387999897,305.854821145
1.16453443389,328.915429622
1.16398594285,309.588011651
1.16416752437,315.986478741
1.16500651488,345.5503529
1.16536209647,358.080136313
1.16366781302,298.377932532
1.16403186836,311.206308993
1.1645541803,329.611242511
1.16497276444,344.361074039
1.1643057094,320.855764924
1.16460040531,331.240093106
1.16520322763,352.482005814
1.1645401474,329.11675878
1.16526054747,354.501810186
1.16318906778,281.508177689
1.16532107974,356.634812192
1.16320306208,282.001301065
1.16337115668,287.924523536
1.16409889968,313.568320677
1.16395492625,308.49506649
1.16389551792,306.401669083
1.16352486952,293.340969995
1.16439239088,323.910198133
1.1643170534,321.255498603
1.16354631256,294.096567711
1.16344167103,290.409268643
1.16378757137,302.597909413
1.16437609099,323.335831925
1.1638205397,303.759628998
1.16404337548,311.611790244
1.16510774574,349.11746901
1.16495744316,343.821191296
1.16518847248,351.962072261
1.16463542463,332.474084151
1.16436660885,323.001705449
1.16469390384,334.534741661
1.16400116682,310.124465358
1.16452004518,328.408408152
1.16378812145,302.617292937
1.1641939712,316.918397463
1.16387652858,305.732533331
1.16519590308,352.223907648
1.16344401647,290.491915938
1.16410674858,313.84489598
1.16525522546,354.314276125
1.16518643966,351.890441025
1.16394314744,308.080011449
1.16360149734,296.041137743
1.16448874109,327.305332491
1.16395978407,308.666243504
1.16321546103,282.438208112
1.16390125963,306.603992291
1.16330300908,285.523177179
1.16511175234,349.25865141
1.16395818305,308.60982749
1.16471383836,335.237183155
1.16460690412,331.469094475
1.16473413821,335.952497713
1.16398328305,309.494287234
1.16513536344,350.090645725
1.16512724409,349.804540731
1.16518805491,351.94735808
1.16332236183,286.205118424
1.16508477376,348.307995206
1.16497495429,344.438238781
1.16322016481,282.603957221
1.16422700716,318.08249995
1.16529127595,355.584602956
1.16394661997,308.202374245
1.16513059097,349.9224763
1.1649702679,344.273102405
1.16448491679,327.170573767
1.16417759219,316.341243079
1.16533601838,357.161211449
1.16397563116,309.224654116
1.16504628835,346.951868195
1.1636482023,297.686900817
1.1649406737,343.230278784
1.16348577027,291.963212742
1.16387493057,305.676223886
1.16426870688,319.551891107
1.16531805976,356.528395686
1.16533127706,356.994139557
1.16409099125,313.289647993
1.16475073282,336.537248983
1.16389502972,306.384466369
1.16349356548,292.237896065
1.16414444325,315.173159459
1.1649819488,344.684707202
1.16431382779,321.141836124
1.16479006224,337.923117098
1.16391777807,307.186059689
1.16536647393,358.234386803
1.16333893639,286.789163354
1.16346499736,291.231228729
1.16529373324,355.671191474
1.16487890737,341.053791647
1.16474241856,336.244276002
1.16389141468,306.257081447
1.16500721193,345.57491515
1.1652363761,353.650072863
1.16343440302,290.153162572
1.16359580971,295.840720539
1.16516914756,351.281111557
1.16380984826,303.382889932
1.16341367182,289.422648218
1.16365523964,297.934878878
1.16429291365,320.404875656
1.16336309864,287.640578884
1.16421906602,317.802674498
1.16403302078,311.246917214
1.16401201198,310.506621231
1.16514479985,350.423160907
1.16466304235,333.447262008
1.1643741769,323.268384299
1.16359693539,295.880386571
1.16319050499,281.558821384
1.16486219429,340.464865572
1.16519161929,352.072957751
1.16384304658,304.552713755
1.16521338359,352.839875739
1.16499165408,345.0266964
1.16465311617,333.097488866
1.16432533593,321.547353472
1.16405459747,312.00722443
1.16524458993,353.939507292
1.16504183702,346.795014774
1.16484906857,340.002348716
1.16463998341,332.634723879
1.1638018037,303.099420327
1.16382971522,304.08295075
1.16432611049,321.574647181
1.16336908512,287.851527297
1.16394155461,308.023884094
1.16480129763,338.319023538
1.16325980042,284.000614711
1.16448353358,327.121833179
1.16464878117,332.944734531
1.16410542332,313.798197136
1.16341407872,289.436986213
1.16392109336,307.302882062
1.16331868535,286.075568674
1.16365293549,297.853686327
1.16330576155,285.62016699
1.16483929051,339.657794989
1.16381577783,303.591832971
1.16357260375,295.023001831
1.16429009791,320.305656065
1.16489962799,341.783933112
1.16426678109,319.484031318
1.16471213247,335.177071759
1.16346225822,291.134708473
1.16415881991,315.679756105
1.16397267611,309.120525959
1.16517665988,351.545826424
1.16482211172,339.052458436
1.16359478292,295.804538758
1.16471043294,335.117184756
1.16473008736,335.80975615
1.16364620453,297.616504442
1.16386399695,305.290951029
1.16395205304,308.393821743
1.16418877716,316.735372833
1.16334954532,287.162994654
1.16427980179,319.942847269
1.1632881963,285.001212586
1.16315047019,280.148097574
1.16368678635,299.046503813
1.16464138398,332.684076334
1.16324103108,283.339231146
1.16441550255,324.724594072
1.16519457731,352.177190885
1.1637134782,299.987056349
1.16408332482,313.019502559
1.16427198363,319.667355204
1.16520578289,352.572046622
1.16357169499,294.990979565
1.1638589276,305.112319982
1.16394718092,308.222140698
1.1638231507,303.851633997
1.16477178884,337.279209339
1.16353260806,293.613656258
1.16402352282,310.912233732
1.16481490454,338.798496085
1.16401068316,310.459797007
1.16436959082,323.106782354
1.16411097937,313.993978259
1.16516526675,351.144361786
1.16457437251,330.322763908
1.16435469611,322.581930996
1.16455444103,329.620429972
1.16513961418,350.240430986
1.1646131447,331.688996506
1.16399011771,309.735123055
1.16380853246,303.336524503
1.16463328395,332.398652101
1.16485864601,340.339833177
1.16437880222,323.431368649
1.16379022587,302.691447389
1.16450911189,328.023147026
1.16355809369,294.51170437
1.16491210235,342.223497619
1.16452853514,328.707572824
1.16368648018,299.035715285
1.16461927894,331.905151652
1.16441838017,324.825994191
1.16518938304,351.994157928
1.1639930154,309.837230227
1.1640916949,313.314442802
1.16508710531,348.390153061
1.16377722994,302.233504194
1.16509905227,348.811133337
1.16459332028,330.990434952
1.16380850373,303.335512161
1.16460807504,331.510354946
1.16512516258,349.73119357
1.16484184778,339.747906593
1.16516568252,351.159012321
1.16527304691,354.942258301
1.16384148113,304.497551383
1.16325678042,283.894197613
1.16339113812,288.628618523
1.16375387842,301.410656334
1.16531665906,356.479038547
1.16447477064,326.813049668
1.1651193428,349.526119666
1.16459001431,330.873940937
1.16413606781,314.878030365
1.16334583474,287.032243439
1.16487367472,340.869406539
1.16493152468,342.907890642
1.16461337209,331.697009172
1.16503657816,346.609706063
1.1651235974,349.676040779
1.16461855576,331.87966846
1.16538599419,358.922230875
1.16421062795,317.505338487
1.16404283256,311.592659396
1.16448665213,327.231722973
1.16462376437,332.063206605
1.16455671761,329.700650635
1.16451891155,328.368462029
1.16428188356,320.016203342
1.16344078659,290.37810332
1.16437801795,323.403733015
1.1632947124,285.230823213
1.16329201362,285.135725187
1.16406971832,312.540044353
1.16489693668,341.689098208
1.16392352802,307.388673326
1.16490845355,342.094923174
1.16476357222,336.989676551
1.16537366315,358.487716403
1.16336995057,287.882023419
1.16531020535,356.251626517
1.16455125312,329.508095947
1.16491889003,342.46267814
1.16532897856,356.913146261
1.16444967542,325.928758297
1.16539308183,359.171981002
1.16319791352,281.819878807
1.16499507405,345.14720759
1.16451232739,328.136453269
1.16337217799,287.96051195
1.16453835275,329.053520213
1.16401734111,310.694405893
1.16388651545,306.084445191
1.16380520785,303.219373812
1.16413437873,314.818511644
1.16330084108,285.446782406
1.16429054276,320.321331428
1.16494871583,343.513662782
1.16524692333,354.0217302
1.16486890682,340.701397968
1.16329839358,285.360538778
1.16400503359,310.260720453
1.1633842502,288.385905636
1.16501594924,345.88279555
1.16502846327,346.323758124
1.16322860909,282.901512112
1.16340264467,289.034079558
1.16491680205,342.389102949
1.16427503617,319.774918934
1.1645206517,328.429780464
1.16436766776,323.039018632
1.16446689357,326.535481961
1.1651089636,349.160383032
1.16398265196,309.472049326
1.16501550901,345.867283272
1.1639136828,307.041752976
1.16515391265,350.7442723
1.16326097087,284.041858256
1.16437782582,323.396962715
1.16510621965,349.063693594
1.16321265972,282.339497092
1.16474336693,336.277694146
1.16417005839,316.075771438
1.16495785739,343.835787712
1.16510819142,349.133173418
1.16456665268,330.050737183
1.16530778101,356.166198902
1.16418489945,316.598732029
1.16319359775,281.667802166
1.16350618728,292.682655888
1.16533837757,357.24434312
1.16333548213,286.667444077
1.16361941319,296.672446525
1.16476812072,337.149954031
1.16380088412,303.067016778
1.16460635674,331.449806173
1.16371606985,300.078379432
1.16521560904,352.918294931
1.16345177768,290.765401107
1.16332309856,286.231078699
1.16371891768,300.178729644
1.16500476181,345.488579274
1.16367436692,298.608875165
1.16334896532,287.142557061
1.16479642926,338.147474477
1.16380249522,303.123787701
1.16435842461,322.713313864
1.16495451063,343.717856727
1.16336012235,287.535702128
1.1651519944,350.676678288
1.16375451645,301.43313906
1.16380950717,303.37087084
1.16433036525,321.724573868
1.16416116695,315.762459875
1.1633951965,288.771625202
1.16511304248,349.304112632
1.1631523973,280.216004102
1.16352458878,293.331077259
1.16351900414,293.134289005
1.16445753048,326.205550397
1.16332953781,286.457981282
1.16416755768,315.987652811
1.16326334171,284.125400584
1.16413830607,314.956901103
1.16462782488,332.206288638
1.16519563543,352.214476299
1.16478967584,337.909501142
1.16380062087,303.057740611
1.16530375735,356.024415488
1.16325176917,283.717614065
1.16476727742,337.120238392
1.16329359113,285.191312444
1.16326975928,284.351539383
1.16527898595,355.151534763
1.16351446198,292.974234814
1.16341918331,289.616859103
1.16394155237,308.023805187
1.16539343019,359.184256279
1.1647990673,338.240432386
1.16392356184,307.389864853
1.16363214295,297.121010506
1.16462905265,332.24955204
1.16442106555,324.920619977
1.16499676255,345.206706035
1.16437914184,323.443336064
1.16468694013,334.289358266
1.1644945171,327.508864207
1.16424562486,318.738539921
1.16525882405,354.441081083
1.16494015944,343.212157497
1.16321515582,282.427453578
1.1648974312,341.706523814
1.16382474008,303.907639388
1.16413586605,314.870920905
1.16339764895,288.85804348
1.16462610837,332.145802977
1.1653315571,357.004007221
1.16392156645,307.319552687
1.16440854036,324.479264409
1.16522220886,353.150855919
1.16415976029,315.71289266
1.16333646626,286.702122181
1.16402623641,311.007853519
1.16408659934,313.134888385
1.16499281706,345.067677043
1.1643425079,322.152449732
1.16407293562,312.653413904
1.16516795484,351.239083213
1.16479036923,337.933934685
1.16488695879,341.337502868
1.16416819295,316.010038035
1.16512044544,349.564973974
1.16325710686,283.905700644
1.16343365006,290.126630121
1.16420660274,317.363500543
1.16458747347,330.784408405
1.1646266534,332.165008405
1.16524715905,354.030036432
1.16444392902,325.726270098
1.16346989436,291.403786384
1.16424187332,318.606345269
1.16534452164,357.460844333
1.16436429319,322.920107612
1.16462334281,332.048351733
1.16398616472,309.595829938
1.16488808729,341.377268264
1.1652247164,353.239215047
1.16338625661,288.456606472
1.16337320628,287.996746364
1.16422608774,318.050101932
1.16454480852,329.281004859
1.16486972946,340.730385455
1.16535984702,358.000871538
1.16533446267,357.106392296
1.16458959353,330.859113905
1.16515051875,350.624680229
1.16473026802,335.816122156
1.16316154946,280.538502625
1.1650251048,346.20541398
1.16388673066,306.092028744
1.16356080332,294.607185057
1.16430311842,320.764465472
1.16398705469,309.6271902
1.16322155506,282.652946371
1.16394443916,308.125528076
1.16486791804,340.666555895
1.16427382154,319.732118658
1.16474857014,336.461041683
1.16480888213,338.586281733
1.16456806362,330.100454812
1.16526623134,354.702094915
1.16386308211,305.258714504
1.16436409367,322.913077083
1.16325535175,283.843854986
1.16495495954,343.73367519
1.16506691501,347.678698589
1.16383110729,304.132003678
1.16498957758,344.953525884
1.16351549613,293.010675811
1.16402275274,310.885098002
1.16377286943,302.079851021
1.16475381692,336.645924776
1.16474989999,336.507902276
1.16379617931,302.901231245
1.16399201039,309.801816447
1.16495063899,343.581429889
1.16478269292,337.663441024
1.16420426719,317.281201788
1.16481474969,338.79303937
1.16318489879,281.361273341
1.16501124326,345.71696887
1.16349227714,292.19249808
1.16467787095,333.969783663
1.16372569562,300.417566829
1.164019989,310.787710682
1.16353976401,293.865813687
1.16353032534,293.533219144
1.16334715959,287.078927696
1.16381881859,303.698981553
1.16390783667,306.835750229
1.16386799829,305.431947894
1.16425746382,319.155714525
1.16370093189,299.544956473
1.16509917611,348.815497322
1.16438757681,323.74056245
1.16378746332,302.594101944
1.16364781282,297.673176665
1.16345794047,290.982561799
1.16474310614,336.268504398
1.16329780606,285.33983606
1.16470768928,335.020505098
1.16451809452,328.339671861
1.16530791889,356.171057319
1.16387426864,305.652898973
1.16429263643,320.395106924
1.16390436082,306.713270229
1.16494843506,343.503768928
1.16338976937,288.580387083
1.16331338219,285.888698835
1.1646072339,331.480715205
1.16409051163,313.272747291
1.16395895211,308.636927472
1.16514521711,350.437864017
1.16493821244,343.143550035
1.1648549563,340.209817412
1.16319793048,281.820476748
1.16349497326,292.287502444
1.16383880279,304.403173497
1.16347905562,291.726605746
1.16448607125,327.211254162
1.16532508382,356.775905491
1.16401240825,310.520584772
1.16392082722,307.293503994
1.16534906883,357.621075693
1.16494807804,343.491188558
1.16465849957,333.287185913
1.16450220977,327.779934092
1.16421516877,317.665345421
1.16432115432,321.400004281
1.16453511549,328.939447499
1.16527637632,355.059578222
1.16424494907,318.714726794
1.16425097317,318.927000512
1.16535530574,357.84084835
1.16528876516,355.496129011
1.16385069716,304.822300435
1.16402978594,311.132929973
1.16395127558,308.366426181
1.16463796459,332.563585817
1.16332879161,286.431687124
1.16477805866,337.500141623
1.16501215253,345.749009485
1.16393866383,307.922020349
1.16369114963,299.200254582
1.16314871948,280.086407104
1.16486077775,340.414950413
1.16533202836,357.020613478
1.16331482914,285.939685495
1.16323795768,283.230932501
1.16341434182,289.446257285
1.16344263582,290.443265359
1.16323473718,283.117450431
1.1643076563,320.92436889
1.1640819618,312.971473476
1.16409452363,313.414120149
1.16444436855,325.741758058
1.16341776653,289.566935113
1.16338581792,288.441148021
1.16466241939,333.425310219
1.16401804937,310.719363278
1.16479514204,338.102116114
1.16426656084,319.476269998
1.16325724815,283.910679024
1.16500929251,345.648229617
1.16444233721,325.670178522
1.16350508347,292.643760303
1.16343644922,290.225265297
1.16496144766,343.962299657
1.16346425226,291.204973113
1.1650768076,348.02728807
1.16422187611,317.901694905
1.16484154768,339.737331769
1.16468245817,334.131425542
1.16376799496,301.908087034
1.16346508119,291.234182695
1.16512794798,349.829343933
1.16374533079,301.109459874
1.16395248262,308.408959125
1.16349953787,292.448347723
1.16464126074,332.679733816
1.16335630473,287.401179012
1.16425697505,319.138491462
1.16384635282,304.66921707
1.16527221764,354.913036954
1.16345755729,290.969059501
1.16528560395,355.384736044
1.16504850035,347.029813284
1.1638125885,303.479448947
1.16494273411,343.30288216
1.16421741009,317.744323926
1.16537440628,358.513902523
1.16417639507,316.299059719
1.16394609493,308.183873395
1.16465400844,333.128929852
1.16482912924,339.299737863
1.16518516784,351.845625271
1.16345353009,290.827151469
1.16319982667,281.887293402
1.16386339133,305.269610572
1.16341969124,289.634757281
1.16460918202,331.549361905
1.16398753473,309.644105684
1.16460842303,331.522617004
1.16519981696,352.361822593
1.16537035463,358.371132836
1.16486681648,340.627739512
1.1634204386,289.661092316
1.16316484024,280.654461254
1.16389192705,306.275136234
1.16519549449,352.209509716
1.16373028771,300.579380185
1.16320840658,282.189627512
1.1644538608,326.076240288
1.16362358293,296.819377266
1.16364011208,297.401822204
1.16331652711,285.99951761
1.16536522714,358.190453274
1.16390950871,306.894668824
1.16322880619,282.908457571
1.16355103748,294.263061824
1.16408305277,313.009916415
1.16535373391,357.785461315
1.16343974246,290.341310581
1.16393258902,307.707959547
1.16530555301,356.087689815
1.16385771747,305.069678224
1.16394966752,308.309762247
1.16423608409,318.402347692
1.16473038671,335.820304299
1.1632614124,284.057416528
1.1634534833,290.825502777
1.16410564016,313.805838098
1.16319254312,281.630639905
1.16521381043,352.854916487
1.16538183054,358.775514584
1.16392160659,307.320966997
1.16522958638,353.410820768
1.16484764682,339.952249969
1.16360574889,296.190951622
1.16449688449,327.592285122
1.16341204472,289.365313478
1.16405114236,311.885475453
1.16338429825,288.387599011
1.16339320816,288.701561171
1.16420329683,317.247008524
1.16526764695,354.751977385
1.16318940022,281.519892197
1.16388526545,306.040398431
1.16317627593,281.057425947
1.16336661573,287.764512082
1.16459797822,331.15456881
1.16322213297,282.673310418
1.16468593005,334.253765553
1.16324245348,283.389353023
1.16496124445,343.955139077
1.16387814962,305.789654794
1.1642854567,320.142111918
1.16411271448,314.055118955
1.16363877649,297.354759393
1.1637305469,300.588513506
1.16423528667,318.37424847
1.16500934261,345.649994816
1.16540253542,359.505101181
1.16512367507,349.678777706
1.1644832355,327.111329528
1.16496321248,344.024487473
1.16534544921,357.493529775
1.16436871504,323.075922187
1.16437613358,323.337332642
1.16399677405,309.969675517
1.16453590962,328.967430504
1.16348499498,291.935893402
1.16497003173,344.264780341
1.16325518549,283.837996346
1.16504678918,346.969516177
1.16314686024,280.020892198
1.16364571347,297.599201028
1.16541412465,359.913476013
1.16530834229,356.185976846
1.16320175352,281.955190855
1.16472362408,335.582006675
1.16434834844,322.358255278
1.16434470381,322.229828143
1.16496860919,344.214653721
1.16423000689,318.188202719
1.16484117433,339.724176148
1.16405376376,311.977846609
1.16448256846,327.087824799
1.16460158663,331.281719987
1.16391933149,307.240798173
1.16378202137,302.402341865
1.16446156435,326.347693772
1.16359151611,295.689424754
1.16483160439,339.386955822
1.16414271831,315.112377012
1.16494360594,343.333603195
1.16315833463,280.425220393
1.16404928129,311.819896133
1.16421550915,317.677339454
1.16518722381,351.918072237
1.16436624586,322.988914575
1.16479971223,338.263157891
1.16535403413,357.796040099
1.16335956385,287.516022197
1.1651293939,349.880294507
1.16530610372,356.107095532
1.16485910149,340.355883018
1.16383127141,304.137786944
1.16502042189,346.040400317
1.16421531432,317.670474339
1.16432818193,321.647639293
1.16469323416,334.511143966
1.16458288028,330.622556221
1.16319422566,281.689928206
1.16330727725,285.673576523
1.16447215831,326.72099781
1.16446123369,326.336042105
1.16496492599,344.084867288
1.16536202368,358.07757156
1.16428856354,320.251588844
1.16348785373,292.036628463
1.16389427723,306.357950292
1.16462470252,332.096264646
1.16354011689,293.878248215
1.16388665117,306.089227428
1.16370463774,299.675541228
1.1638479405,304.725162839
1.16523902735,353.743496264
1.16371445863,300.021604219
1.16340914679,289.263197828
1.16534045651,357.317599617
1.16381273502,303.484611972
1.16411870405,314.266175864
1.16412126079,314.356269099
1.1648121059,338.699879085
1.16511327255,349.312219424
1.1636375751,297.312425674
1.16480890397,338.587051202
1.16320286982,281.994526451
1.1641938588,316.914436778
1.16368156543,298.862532141
1.16345544779,290.894726344
1.16374622696,301.141038362
1.16472537183,335.643593054
1.16392157428,307.319828347
1.16477497087,337.391335953
1.1652208116,353.101619997
1.16437225415,323.200631504
1.16398321252,309.49180206
1.16351850305,293.116631898
1.1635635245,294.703072192
1.16336400211,287.672415139
1.16440224371,324.257386674
1.16525152139,354.183754281
1.16360747112,296.251638728
1.1639424853,308.056679293
1.16353426548,293.672059672
1.16525879975,354.44022493
1.16534495561,357.476136559
1.16371790616,300.143086055
1.1651863384,351.886872601
1.16415937692,315.699383596
1.16345178607,290.765696777
1.16467557635,333.888927732
1.16435567395,322.616387663
1.16528603265,355.39984252
1.16414566465,315.216198498
1.16325576552,283.858434962
1.1647118707,335.167847581
1.16433961669,322.050571125
1.16351410293,292.961582889
1.16504250893,346.818691118
1.16355482853,294.396648556
1.16480924059,338.598912985
1.1639381609,307.904298413
1.16446524052,326.477232692
1.16503706943,346.627016962
1.16466591511,333.548490576
1.16540920456,359.740104814
1.16336334284,287.649184132
1.16464536443,332.824337104
1.16419667006,317.013498152
1.16474553887,336.354227686
1.16469796765,334.677939938
1.1631978241,281.816727913
1.16388748003,306.1184344
1.16537555757,358.554470902
1.16429980046,320.647549182
1.16479659223,338.153216977
1.16401672339,310.67263918
1.16491152184,342.203041869
1.16455144018,329.514687649
1.16334508967,287.005989046
1.16331200238,285.840077916
1.16531415108,356.390663828
1.16524641256,354.00373219
1.16360349903,296.1116722
1.16390025945,306.568748468
1.16374995238,301.272312839
1.16343037151,290.01110251
1.16365120304,297.792639273
1.16331056703,285.789499827
1.16320324359,282.007696799
1.16447133011,326.691814265
1.16455287488,329.56524278
1.16377198122,302.04855255
1.16446845189,326.590393031
1.16388359119,305.981401662
1.16450467745,327.866888985
1.16502352575,346.149772359
1.16506016305,347.440776951
1.16524929421,354.105274084
1.16394963817,308.30872799
1.16361258255,296.431752143
1.16354640878,294.099958245
1.16332501807,286.298717492
1.16320921949,282.218272232
1.16374800533,301.203703886
1.16339985277,288.935700137
1.16473281491,335.905867874
1.16331573889,285.97174273
1.16416718562,315.9745424
1.16510268169,348.939024964
1.16447549887,326.838710379
1.16428484265,320.1204743
1.16357653237,295.161436194
1.1651671398,351.210363199
1.16358718729,295.536888417
1.16416458992,315.883076452
1.16526007173,354.485046081
1.16459200277,330.944009209
1.16389887981,306.520133523
1.16349833427,292.40593577
1.16541341407,359.888436993
1.16461229889,331.659192462
1.16443503812,325.412977602
1.16399733246,309.989352314
1.16361327728,296.456232641
1.16417059593,316.094712801
1.16461837496,331.873297552
1.16374656643,301.153000541
1.16333910364,286.79505658
1.16357488661,295.103443943
1.1653976742,359.333804547
1.16470403063,334.891583689
1.16384835116,304.73963356
1.1633201816,286.12829244
1.16356492616,294.752463254
1.1650601905,347.441744306
1.1641372541,314.919832238
1.16513051664,349.919856917
1.16480664608,338.507489105
1.16413151484,314.717595566
1.16514818753,350.542533833
1.16396510287,308.853664339
1.16414249718,315.104584916
1.16338501127,288.412723934
1.16452483826,328.577304084
1.16507697732,348.033268872
1.16331985565,286.116806887
1.16469244377,334.48329244
1.16397246633,309.113133828
1.16386848679,305.449161367
1.16376130002,301.672174559
1.16499377354,345.101381021
1.16531790904,356.523084771
1.16428860713,320.253124713
1.16528437962,355.341593907
1.16510519827,349.027702524
1.16508400643,348.280956612
1.16397693238,309.270505769
1.16315748875,280.395413576
1.16348869627,292.066317344
1.16463803691,332.566134406
1.16318427095,281.339149909
1.1634176068,289.561306675
1.16450893119,328.016779679
1.16501564693,345.87214322
1.16496527111,344.0970282
1.16439550564,324.019954303
1.16446510942,326.472613106
1.16385170313,304.857748199
1.16478025411,337.577503653
1.16441057073,324.550809283
1.16396563522,308.872422843
1.16346406666,291.19843307
1.16460354121,331.350594283
1.16344072206,290.375829134
1.1648787712,341.048993291
1.1651574795,350.869959095
1.16354596393,294.08428296
1.163316107,285.984714138
1.16429985875,320.649602992
1.16439644491,324.053051705
1.16374209446,300.995419678
1.16413991502,315.013596391
1.16440502548,324.35540897
1.16370635865,299.736181661
1.16471450319,335.260609807
1.1631750783,281.015224285
1.16355727931,294.483007757
1.16461194868,331.646851797
1.16448073729,327.023298993
1.16394298267,308.074205148
1.16470585993,334.956043532
1.16523453951,353.585356144
1.16339060614,288.609872884
1.16491455941,342.310078067
1.16458061841,330.542853638
1.16342343974,289.76684475
1.16372597792,300.427514276
1.16445957536,326.277606958
1.16478430459,337.720232274
1.16390483392,306.7299412
1.16468940118,334.376079503
1.16528764374,355.456613272
1.16486447831,340.545348504
1.16445412168,326.085433152
1.16352814058,293.456233786
1.16451439191,328.209201499
1.16322153543,282.652254666
1.1649622499,343.990568663
1.16405033725,311.857105283
1.16524097011,353.811953969
1.16396349598,308.797041715
1.16421357985,317.609355986
1.16418753726,316.691681745
1.16490815138,342.084275468
1.1632326748,283.044777445
1.16373953175,300.905116673
1.16424057038,318.560432878
1.16328158157,284.768126497
1.16508984156,348.486571526
1.16370867456,299.817788101
1.16388124628,305.898773264
1.16339764498,288.857903605
1.16427053636,319.616357298
1.16331029267,285.779831888
1.16375993195,301.623967325
1.16373480211,300.738456053
1.16365793258,298.029771023
1.16339595823,288.798466657
1.16501770851,345.944787803
1.16472517166,335.636539279
1.16318099329,281.223653522
1.16427089024,319.628827111
1.1634809631,291.793820282
1.16478040077,337.582671766
1.16466152587,333.393824858
1.16319561289,281.738810548
1.1639820667,309.451426354
1.16517218942,351.388299091
1.16530533678,356.080070651
1.16494894281,343.521661019
1.16395291585,308.424224904
1.16471893199,335.416669292
1.16497259053,344.354945823
1.16334263513,286.919497493
1.1640720609,312.622590913
1.16468539949,334.23507012
1.16364891397,297.711978291
1.16367972359,298.797630443
1.16541210081,359.842160997
1.16529029196,355.549929775
1.16442102553,324.919209584
1.16367819817,298.743878457
1.16354408237,294.017981478
1.16505801915,347.365231476
1.16433278216,321.80973948
1.16426246868,319.3320731
1.16531246824,356.331364701
1.16517827955,351.60289954
1.1639674749,308.937248409
1.16379267386,302.777708269
1.16382399184,303.881273355
1.16454268616,329.206218513
1.16501717574,345.926014496
1.16393638897,307.841860203
1.16414240024,315.101169001
1.16433892192,322.026088876
1.16348378155,291.893135438
1.16425368535,319.022570855
1.1631774436,281.098571429
1.16342364326,289.774016302
1.16505518152,347.265240553
1.16394228601,308.049656835
1.16534110619,357.340492714
1.16396974088,309.017095852
1.16442703867,325.13109748
1.16377807004,302.263106885
1.1635840728,295.427141621
1.16430319968,320.767328816
1.1642870805,320.199330193
1.16487955582,341.076641261
1.16533183608,357.013838038
1.16329154622,285.119255166
1.16447585833,326.851376839
1.16351429992,292.968524509
1.16342985231,289.992807107
1.16316151334,280.537229881
1.1639512041,308.363907429
1.16465504924,333.165605208
1.16490857196,342.099095762
1.16534155571,357.356332825
1.16432561281,321.557110158
1.16490521996,341.980979631
1.16427664361,319.831560936
1.16412107134,314.349593272
1.16479581435,338.125806744
1.16481286684,338.726692555
1.16421478162,317.651703194
1.16512234573,349.631935231
1.16483321318,339.443645354
1.16323864792,283.255254603
1.16473854134,336.107652489
1.164235111,318.368058344
1.16405455518,312.005734223
1.16338387558,288.372704984
1.16474452012,336.318329597
1.16401092678,310.468381236
1.16365613932,297.966581155
1.16485050326,340.052903652
1.16377277707,302.07659647
1.16344627427,290.571474799
1.16422182815,317.900004739
1.16314958899,280.117046471
1.16522195558,353.141930894
1.16360077159,296.015564374
1.1642912685,320.346904796
1.16370220041,299.589655931
1.16402951146,311.123258039
1.16401908749,310.755943811
1.16419387901,316.915148899
1.16483796075,339.610937788
1.1635329679,293.626336218
1.16324538982,283.492822056
1.16362877482,297.002326298
1.16537232356,358.440512673
1.1632462757,283.52403816
1.16388935371,306.184458169
1.1648208723,339.008784415
1.16383467608,304.257758833
1.16541434337,359.92118335
1.1646034491,331.347348523
1.16417516928,316.255865834
1.16368735452,299.066524667
1.16497497366,344.438921189
1.16417526949,316.259396949
1.16405475729,312.012856197
1.16428069713,319.974396701
1.16448185406,327.062651111
1.16430853421,320.955304181
1.16508266032,348.233523185
1.16337938834,288.214586148
1.16370616079,299.729209431
1.164764783,337.03234144
1.16409177903,313.317407324
1.16449983594,327.696286367
1.16370536026,299.701000773
1.16342080238,289.673910743
1.1644520792,326.013461264
1.16441127368,324.575579427
1.16432569061,321.559851595
1.16514711965,350.504904571
1.16459550563,331.067440939
1.16406792778,312.47695039
1.16401060678,310.457105353
1.16482442092,339.133828915
1.16475818628,336.799889827
1.16369459818,299.3217727
1.16487480137,340.909106577
1.16478647892,337.79684989
1.16534753424,357.567000731
1.16532137903,356.645358282
1.1649865863,344.848121029
1.16528487649,355.359102446
1.16463553135,332.477844595
1.16319006277,281.543238713
1.16414898511,315.333203065
1.16413526773,314.849837588
1.16489105102,341.4817028
1.16508756897,348.406491426
1.16326863671,284.311982985
1.16519464058,352.179420216
1.16526527857,354.668521889
1.16335972177,287.521586747
1.16484205022,339.755040001
1.16520919634,352.692327773
1.1633234417,286.243170068
1.16405156744,311.900454137
1.16334895704,287.142265322
1.1633896687,288.576839874
1.16363425498,297.195432949
1.16482969274,339.319594386
1.16412846098,314.609985303
1.16502039377,346.039409675
1.16430920387,320.978901293
1.16374085981,300.951913933
1.16493491041,343.027195038
1.16340605987,289.154422431
1.16373901521,300.886915028
1.16452289321,328.508765533
1.16410179172,313.670228943
1.16326381436,284.142055761
1.1643756231,323.3193446
1.16471034439,335.114064323
1.16498037623,344.629294012
1.16423127633,318.232934473
1.16490979522,342.14220037
1.16325413745,283.801065995
1.16347934236,291.736709664
1.164052072,311.918233518
1.16405237059,311.928755097
1.16402414057,310.934001485
1.16322832879,282.891634957
1.16468364556,334.173266192
1.16385708761,305.047483524
1.16393671425,307.85332207
1.16520057284,352.388457852
1.16444731157,325.845462423
1.16455798687,329.74537608
1.1637320067,300.639953066
1.16459783036,331.149358686
1.16402953881,311.124221654
1.16388115985,305.89572764
1.16483612394,339.546213227
1.1644186801,324.836562912
1.16476747453,337.127183927
1.16383821815,304.382572035
1.16465556787,333.183880434
1.16317530523,281.023220836
1.16438758638,323.740899784
1.16325930009,283.982984194
1.16337071909,287.909104105
1.16486068861,340.411809347
1.16478807763,337.85318442
1.1633586305,287.483133332
1.16345662609,290.936246401
1.16432560423,321.556807697
1.16375162916,301.331398209
1.1639437082,308.099770873
1.16427203302,319.669095797
1.16407140411,312.599447588
1.16320960567,282.231880343
1.16371010249,299.868104684
1.16318722354,281.443191495
1.16351556827,293.013217685
1.1650549699,347.257783627
1.16382689739,303.98365745
1.16365149487,297.802922775
1.16346728619,291.311880959
1.16432305839,321.467099014
1.16318439345,281.343466478
1.16364331882,297.514819513
1.16346151015,291.108348268
1.16379955189,303.020072257
1.16470357473,334.875519011
1.16467015453,333.697876766
1.16355359224,294.353085122
1.16461976246,331.922189565
1.16342066198,289.668963526
1.16350499086,292.640496836
1.16475661256,336.744436088
1.16441736188,324.790112173
1.16369965363,299.499913654
1.16467285666,333.793093083
1.16456817714,330.104454948
1.16337753024,288.149111472
1.16456634071,330.039744172
1.16398750852,309.643181859
1.16409337542,313.37366019
1.16459008322,330.876369187
1.16393458263,307.778209381
1.16364631147,297.620272825
1.16368971809,299.149810731
1.16413883436,314.975516407
1.16462081453,331.959261806
1.16353688296,293.764292978
1.16429670029,320.538307103
1.16360234219,296.070908114
1.16488629034,341.31394865
1.16409503785,313.432239711
1.16486419301,340.535295122
1.16414489853,315.189202212
1.16320061957,281.915233177
1.16537190611,358.425802976
1.16352507501,293.348210808
1.165362685,358.100874536
1.16492210554,342.575984366
1.16400397544,310.223433862
1.16523791555,353.704319139
1.16537525394,358.54377193
1.16515680157,350.846070516
1.16489081642,341.47343594
1.16369871404,299.466804912
1.16494495643,343.381191199
1.16403268804,311.235192294
1.16435657774,322.64823475
1.16509317017,348.603863138
1.16446339276,326.412122404
1.16335157607,287.234553235
1.16386953188,305.485987645
1.16405458202,312.006680036
1.16492059758,342.522847626
1.1641515483,315.423523042
1.16369515085,299.341247242
1.165023322,346.142592996
1.16486056801,340.407559544
1.16359043089,295.651184547
1.1653101935,356.251208727
1.16398864719,309.683305742
1.16491612571,342.365270589
1.16464535602,332.824041049
1.16530700221,356.138755841
1.16337649835,288.112750448
1.16352967142,293.510176779
1.1651106557,349.220008336
1.16382998307,304.092389064
1.16327660267,284.592682808
1.16337669209,288.119577163
1.16498064075,344.638614914
1.16503120358,346.42031946
1.16425358157,319.018913841
1.16502342926,346.146372358
1.16347016395,291.413285849
1.16421549654,317.676895114
1.16526695782,354.727694246
1.16321452003,282.405049868
1.16348086053,291.790206019
1.16450047437,327.718782981
1.16529685752,355.781283248
1.16316720491,280.737786315
1.16474174899,336.220682033
1.16531980955,356.59005392
1.16450642516,327.928473752
1.16390421456,306.708116361
1.16422467381,318.000278627
1.1644470808,325.837330478
1.16321497056,282.420925214
1.1652201657,353.078860159
1.16379221359,302.761489393
1.16376356827,301.752101979
1.16433381725,321.846213673
1.16360722162,296.242846919
1.16457807347,330.453176545
1.16350926108,292.790968712
1.16476279053,336.962131875
1.16488962403,341.43141928
1.16419038632,316.792075544
1.16517051968,351.329461449
1.16472019488,335.461170326
1.16387660301,305.735156036
1.16331550808,285.963609716
1.16510048665,348.86167729
1.1636400203,297.398588299
1.16353290735,293.624202368
1.16355678968,294.46575443
1.16539430678,359.215145161
1.16429307648,320.410613316
1.16436603543,322.981499739
1.16327321167,284.473192639
1.16421420405,317.631351284
1.16339788333,288.86630218
1.16444742678,325.849522003
1.1647329108,335.909247034
1.16318013389,281.193370278
1.16326904884,284.326505197
1.1645004151,327.716694451
1.16520197786,352.437967216
1.16481124782,338.669642678
1.16467097881,333.726922417
1.16382635232,303.964450856
1.16332098337,286.156544881
1.16358650449,295.512828243
1.16500539852,345.511015475
1.16478667829,337.80387545
1.16328299303,284.817862718
1.16421649279,317.712000393
1.16417993526,316.423807014
1.16343786014,290.274982639
1.16456033933,329.828270775
1.16528174059,355.248601395
1.16349394098,292.251127659
1.16501452389,345.83257005
1.16341881557,289.603900795
1.16473317319,335.918492739
1.16532357567,356.722762044
1.16329299314,285.170240832
1.16361022592,296.348710583
1.1635818596,295.349154352
1.16365800173,298.032207593
1.16372890751,300.530745375
1.16369798113,299.440979175
1.16452120226,328.449180666
1.16418252869,316.515192589
1.16349417556,292.259393532
1.16527216823,354.911295709
1.16393088092,307.64777064
1.16354592711,294.082985401
1.16378323648,302.445159281
1.16448572568,327.199077272
1.16386886526,305.462497819
1.16525983998,354.476880008
1.16499936728,345.298490088
1.16456976107,330.160268857
1.16369809865,299.445120274
1.16387806904,305.786815415
1.16409990794,313.603849335
1.16359427064,295.786487471
1.16537969674,358.700324961
1.16535244827,357.740158763
1.16509901682,348.809884335
1.16482037837,338.99137963
1.16485266034,340.12891355
1.16441288149,324.632234767
1.16425971447,319.235021593
1.1653399055,357.298183553
1.16497602873,344.47609912
1.16480836269,338.567977835
1.16501384927,345.808797978
1.16348058089,291.780352178
1.16525270403,354.225427487
1.16333301304,286.580439468
1.16319808834,281.826039022
1.16441202941,324.602209369
1.16443096626,325.269495632
1.16396958308,309.011535552
1.16520315081,352.479299129
1.1633852599,288.421484873
1.16492607328,342.715797475
1.16492353015,342.62618411
1.16418654885,316.656852805
1.16395396372,308.461149371
1.16356636114,294.803028279
1.16392070695,307.289266064
1.16325061409,283.676912069
1.1636145606,296.501453764
1.16536778239,358.280493768
1.16320385459,282.02922715
1.16538741291,358.972222971
1.16458047406,330.537767108
1.16386062032,305.171967242
1.16457967155,330.509488478
1.16450620384,327.920674965
1.16387328604,305.618274516
1.16505500911,347.259165417
1.16465273809,333.084166177
1.16369980544,299.505263085
1.16514020813,350.261360229
1.16496382947,344.046228642
1.1651015881,348.900489493
1.16320355995,282.018844625
1.16434905419,322.38312442
1.16360365585,296.117198211
1.16405767661,312.115725387
1.16477419471,337.363985879
1.16454843371,329.408747257
1.16402577313,310.991528872
1.16409469568,313.420182532
1.16373485449,300.74030203
1.16353134148,293.569025406
1.16538695654,358.956141398
1.16499009225,344.971661782
1.16379134875,302.731014686
1.1642334587,318.309835489
1.16462879027,332.24030636
1.1653413585,357.349383494
1.16513863768,350.206021763
1.16430600564,320.866203831
1.16382016244,303.746335293
1.16324516615,283.484940648
1.164985598,344.813295686
1.16415371736,315.499955175
1.16499385291,345.104177663
1.16321925378,282.571855103
1.16429937977,320.632725053
1.16459114558,330.913804179
1.16345483907,290.873276462
1.1644239465,325.02213738
1.16341923328,289.618619929
1.16360545835,296.180713849
1.16334083157,286.855944679
1.16460526446,331.411317012
1.16368025875,298.816487957
1.1636545196,297.90950649
1.16399004223,309.732463369
1.16326492847,284.181314113
1.16459381668,331.007926891
1.16446277402,326.390319361
1.16404834956,311.787064303
1.16460318906,331.338185222
1.16326252716,284.096697977
1.1641773435,316.332480018
1.16334623513,287.046352131
1.16513077446,349.928942137
1.16409744351,313.51700903
1.16492848859,342.800906752
1.16334502859,287.00383677
1.16375330063,301.390296659
1.16474779081,336.433580405
1.16410367931,313.736742651
1.16381909192,303.708613027
1.16490564155,341.995835404
1.16343504257,290.175698773
1.16363459237,297.207321901
1.16381052875,303.406868592
1.16460835057,331.520063899
1.1653406899,357.325823619
1.16530872949,356.199620868
1.16482133558,339.025109426
1.16476322938,336.977595885
1.16513205256,349.973979119
1.16436805085,323.052517675
1.16404909442,311.813311235
1.16389889564,306.520691449
1.16492260402,342.593549404
1.16316937266,280.814172351
1.16381685889,303.629926764
1.16382148718,303.793015861
1.16341714645,289.545085127
1.16418377978,316.559278045
1.16424906963,318.85992491
1.16345022888,290.710825207
1.16459743738,331.135510843
1.16467501686,333.869213033
1.16432543864,321.550972843
1.16369497744,299.33513683
1.16447545365,326.837116974
1.16532528578,356.783022251
1.16450010308,327.705699672
1.16343516859,290.180139203
1.1652791827,355.158467895
1.16319317763,281.652998219
1.16435088695,322.447706147
1.16475452495,336.670874109
1.16512004203,349.550758648
1.16392857803,307.566622599
1.16533672083,357.185963842
1.16409243239,313.340429974
1.16459870027,331.180011844
1.16339565591,288.787813842
1.16472935298,335.783878293
1.16463473905,332.449926002
1.16518425339,351.81340234
1.16454150735,329.164680036
1.16499324824,345.082870677
1.16478195918,337.6375859
1.16322626784,282.819012661
1.16489286103,341.545482709
1.16499932522,345.297007807
1.16324459697,283.464884114
1.16462966108,332.270991531
1.16438894509,323.788777317
1.16407912171,312.871395824
1.1653183977,356.540303693
1.16459222101,330.951699482
1.1639348268,307.786813382
1.16341991985,289.64281284
1.16480534169,338.461525754
1.16468112135,334.084319428
1.16375414757,301.420140524
1.1650090485,345.639631161
1.16511211696,349.271499596
1.16380842683,303.332802383
1.16408755476,313.168554767
1.16358484529,295.45436244
1.16369064304,299.182403851
1.16484945904,340.016108117
1.16315465853,280.295683971
1.16507603589,348.00009525
1.16396421753,308.822467262
1.16532847909,356.895546307
1.16385386512,304.933931311
1.16449330235,327.466059427
1.16437396537,323.260930302
1.16390120957,306.602228194
1.16447621251,326.863857402
1.16347283579,291.507434726
1.16423274284,318.284610531
1.16337143639,287.934379886
1.16353197226,293.591252468
1.16471168813,335.161414348
1.16324389959,283.440310014
1.16474166145,336.217597198
1.16314846232,280.077345503
1.16517860698,351.614437357
1.16479708258,338.170495813
1.16337613768,288.100041205
1.16413222151,314.742496523
1.16328896608,285.028337722
1.16384166607,304.504067866
1.16522433337,353.225717874
1.16422505915,318.013856941
1.16364629765,297.61978573
1.16467953266,334.028338107
1.16323491553,283.123734999
1.16442587463,325.090079629
1.16354324045,293.988314556
1.16515296372,350.710834601
1.16479770916,338.192575033
1.16421682366,317.723659583
1.1652637919,354.616135541
1.16359725358,295.891598569
1.16499101205,345.004072948
1.16461284448,331.67841776
1.16423963891,318.527610365
1.16441194113,324.599098684
1.16332140588,286.171433205
1.16408802684,313.185189775
1.16395239852,308.405995607
1.16469518319,334.57982257
1.16417771883,316.345705495
1.16525707959,354.379610844
1.16482906605,339.297511136
1.16442054894,324.902415804
1.16410805014,313.890759494
1.16465445043,333.144504657
1.16373222254,300.647558746
1.1632886194,285.016121489
1.16507970749,348.129472889
1.16510303228,348.951378661
1.16352261864,293.261654845
1.16368525936,298.992696624
1.16436615309,322.985645671
1.16464755881,332.901661577
1.16449729657,327.606805685
1.16445586042,326.146702075
1.16379844341,302.98101231
1.16327119709,284.402204166
1.16424388924,318.677381147
1.1638337778,304.226105539
1.16535880377,357.964110027
1.16391005088,306.913773249
1.16396438881,308.828502711
1.16356145244,294.630058372
1.16411856519,314.261282816
1.16486448934,340.545737099
1.1653205205,356.615105774
1.16388978046,306.199495745
1.16329037948,285.078142146
1.16418815097,316.713307394
1.16457187916,330.234904785
1.16519215139,352.09170768
1.16501217413,345.749770646
1.16365159006,297.806277008
1.16471683151,335.342653769
1.16399603397,309.943597134
1.16332937781,286.452343609
1.16440026454,324.187645694
1.1649212832,342.547007315
1.16418018935,316.432760212
1.16435285982,322.517224903
1.16368297202,298.912096688
1.16506706613,347.684023721
1.1642592635,319.219130485
1.16421055944,317.502924395
1.16425307487,319.001058989
1.16334401,286.96794418
1.16408504999,313.08029341
1.16498021908,344.623756603
1.16527719325,355.088364619
1.16445214443,326.015760083
1.16428159804,320.006142545
1.1638039882,303.176396628
1.16390790423,306.838130873
1.16361021466,296.348313708
1.16336116466,287.57243056
1.16493954549,343.190523591
1.16379816666,302.971260539
1.16535887902,357.966761804
1.16408724959,313.157801474
1.16410538211,313.796744908
1.16541302648,359.87477936
1.16357652213,295.161075565
1.16410095499,313.640744548
1.16498141193,344.665789547
1.16362023229,296.701309336
1.16327768254,284.630734634
1.16461094551,331.61150282
1.16413997443,315.015689569
1.16471634751,335.325599096
1.16375611654,301.489521822
1.16351008721,292.820079241
1.16499327187,345.083703251
1.16503395174,346.517157643
1.1643393555,322.04136723
1.16422617027,318.05300995
1.16381955394,303.724893257
1.16523159623,353.481642741
1.16506390274,347.572553897
1.16366945768,298.435886095
1.16490243422,341.882817305
1.16321052951,282.264433999
1.16366088443,298.13378669
1.16506942144,347.767018807
1.16386384627,305.28564153
1.16419952732,317.114180632
1.1647475224,336.424122105
1.16503479192,346.546763389
1.16419410366,316.923064833
1.16454602737,329.323954098
1.16447988378,326.993223563
1.16381303641,303.495232286
1.16327010135,284.363593077
1.16386001625,305.150681181
1.16394868356,308.275089934
1.16499764246,345.237711641
1.16441930796,324.858686908
1.16430117091,320.695840171
1.16434567251,322.263962512
1.16453358113,328.885380457
1.16406982483,312.543797648
1.16372058136,300.237353266
1.16455105868,329.501244352
1.164279097,319.918012381
1.16472001058,335.45467616
1.16359601307,295.847886238
1.16527932798,355.163586922
1.16497017432,344.269804757
1.16369469383,299.325143093
1.16319303229,281.647877088
1.16334556926,287.022888662
1.16336457378,287.692559173
1.16515916043,350.929190832
1.16372179815,300.280229786
1.16487467238,340.904561317
1.16424805165,318.824053713
1.16519731977,352.273828155
1.16424823336,318.83045674
1.16539465245,359.227325796
1.16376966084,301.966788322
1.16434488624,322.236256563
1.16523687525,353.667661735
1.16329141742,285.114716568
1.1637337325,300.700765809
1.16503913181,346.699690004
1.16526581041,354.687262682
1.16366681879,298.342898213
1.16456863708,330.120662205
1.16393216263,307.692934735
1.16327686281,284.601849668
1.16501078705,345.700893394
1.16376545594,301.818618555
1.1642942038,320.450337208
1.16321852802,282.546281247
1.16422861521,318.1391636
1.16503556562,346.574026678
1.16405434272,311.998247721
1.16368751921,299.07232781
1.1643631475,322.879736378
1.16536109658,358.044902869
1.1636824912,298.895153637
1.16369087011,299.190405266
1.16383659474,304.325367323
1.16398619891,309.597034558
1.16322449156,282.756421116
1.16441394725,324.669789446
1.16473990772,336.155800312
1.16449523111,327.534023924
1.16484072106,339.708203955
1.16399509301,309.910439954
1.16475454533,336.671592174
1.16397377315,309.159182696
1.16438334711,323.591518928
1.16385071587,304.822959889
1.16428845859,320.247890835
1.1632233803,282.717263037
1.16412034812,314.324108687
1.1634384693,290.296447629
1.16431459265,321.16878787
1.16402407284,310.931614838
1.16387661512,305.7355828
1.16374009516,300.924969677
1.16507962399,348.126530433
1.16341659752,289.525742398
1.16380686056,303.277611102
1.16533644143,357.176118546
1.16523656905,353.656872175
1.1639526897,308.416255889
1.16527004292,354.836405516
1.16401753085,310.701091732
1.16451461494,328.21706066
1.16461679892,331.817761879
1.16506154662,347.489530498
1.16436348902,322.891770626
1.16324666543,283.537771367
1.16436261673,322.861033267
1.16482201215,339.048949878
1.16517951347,351.64637978
1.16438713276,323.724915406
1.16442756904,325.149786229
1.16422606994,318.049474511
1.16502680135,346.265196299
1.16413918787,314.98797332
1.16426161127,319.301859934
1.16453080558,328.787577158
1.16337548307,288.076974564
1.16358216719,295.359992966
1.16315117386,280.172893361
1.1635178935,293.095153035
1.16529403057,355.681668684
1.164812414,338.710735684
1.16517110056,351.349930319
1.16336973697,287.874496647
1.16339108964,288.626909928
1.16379202664,302.754901707
1.16422049522,317.853035789
1.16395899059,308.638283113
1.163338545,286.775371771
1.16342613352,289.861766522
1.16357782487,295.206980603
1.16489448599,341.602742259
1.16433815312,321.998998629
1.16357477616,295.099552127
1.16350371105,292.595399721
1.16324899656,283.619914182
1.16478879864,337.878591138
1.16417002025,316.07442721
1.16402887583,311.100859973
1.16523307456,353.533735173
1.16455377577,329.596987861
1.16420301402,317.237043188
1.16508322878,348.253554153
1.16328418763,284.859957269
1.1653958918,359.270997277
1.16540567907,359.615875537
1.16387857077,305.80449517
1.16452870793,328.713661252
1.16338548163,288.429298017
1.16332477663,286.29020949
1.16413992586,315.013978116
1.16466798659,333.621484327
1.16510735125,349.103567993
1.16467786415,333.969544027
1.16328582349,284.917600948
1.16479776844,338.194663834
1.16419265631,316.872064187
1.16380928436,303.363019773
1.16441561289,324.728482211
1.16388659441,306.087227654
1.16529956418,355.876659031
1.16464022208,332.643133934
1.16316814431,280.770888269
1.1646586765,333.293420356
1.16486476155,340.555329071
1.16497923335,344.589021698
1.16400617468,310.300929592
1.16426429595,319.396461328
1.16327631218,284.582446678
1.16468380456,334.178868712
1.16405131515,311.891564055
1.16540841248,359.712193719
1.1632703138,284.371079348
1.16381646182,303.615934847
1.16348009202,291.763125541
1.16426140366,319.294544485
1.16509981838,348.83812894
1.16372770262,300.48828825
1.1649829309,344.719313932
1.16525576992,354.333461413
1.16519056178,352.035693745
1.16434588009,322.27127712
1.16451009869,328.057919378
1.16354879782,294.184141926
1.16513431701,350.053772477
1.16458696353,330.766439177
1.16328189909,284.77931515
1.16448746963,327.260529353
1.16508792155,348.418915375
1.1640018103,310.147139954
1.16318147641,281.240677232
1.16464529927,332.822041334
1.16462620807,332.149316111
1.16361378235,296.474029941
1.16377528662,302.165026574
1.16337126339,287.928283848
1.16334799159,287.108245229
1.1639161296,307.127971955
1.16383883628,304.404353499
1.16322710668,282.848571188
1.16343271448,290.09366253
1.1649233827,342.620988254
1.16330628377,285.638568741
1.16511559963,349.394219994
1.16320240138,281.978019478
1.16442803226,325.166108864
1.1641553251,315.556608018
1.16349115848,292.15307941
1.16522627058,353.293980526
1.16367335154,298.573095778
1.16505250639,347.170975941
1.16510189729,348.911384506
1.16533343552,357.070197939
1.16394318953,308.081494312
1.16368746372,299.070372689
1.16436700753,323.015753888
1.1640686308,312.501723017
1.16373843979,300.866638518
1.16333281999,286.573636858
1.16483480461,339.499723282
1.16429450724,320.461029726
1.16426787817,319.522689402
1.16389937208,306.537479685
1.16448293563,327.100762865
1.16352130559,293.215386321
1.16386380053,305.284029739
1.16434223157,322.142712649
1.16318201885,281.259791559
1.16387672607,305.739492632
1.1631772239,281.090829873
1.16538586123,358.917545579
1.16336385378,287.667188188
1.16332772938,286.394256997
1.16469856624,334.6990327
1.16505042332,347.097573811
1.16517786745,351.588378325
1.1646097585,331.569675588
1.16455606851,329.67777808
1.16541021367,359.775663075
1.16516629728,351.18067522
1.16522545311,353.265174698
1.16534105412,357.338657818
1.16484786376,339.959894403
1.16381998316,303.740018055
1.16465274729,333.084490296
1.1645480656,329.395775925
1.16491782617,342.425190386
1.164375127,323.301863231
1.1634081982,289.229771841
1.16372552566,300.411577866
1.16491541014,342.340055473
1.16466346586,333.462185406
1.16342006294,289.647854906
1.16525829639,354.4224877
1.16375784798,301.550533628
1.16387152095,305.556077584
1.16457888461,330.481758841
1.16399759132,309.998473866
1.16439701761,324.073232019
1.16363467424,297.210206597
1.16434224798,322.143290706
1.16497698386,344.509755489
1.16427266414,319.691334966
1.16320213226,281.968536425
1.16384115976,304.486226829
1.16322770782,282.869753707
1.16371125961,299.908878739
1.16467374449,333.824377662
1.16479469965,338.086527499
1.16462806332,332.214690619
1.16502269038,346.12033624
1.16497621762,344.482755188
1.16508175083,348.201474898
1.16316445513,280.640890992
1.16367480123,298.624179005
1.16478664191,337.802593246
1.16382570271,303.94156026
1.16480323846,338.387413291
1.16415810527,315.654574097
1.16349251896,292.201019131
1.16389978436,306.552007385
1.16363770056,297.316846352
1.16334263855,286.91961782
1.16381381526,303.522677008
1.16383792237,304.372149592
1.16513826428,350.19286416
1.16494161368,343.26340122
1.16426340224,319.364969038
1.16399925201,310.056992561
1.163966418,308.900006077
1.16342627846,289.866873883
1.16509253959,348.581643331
1.16455175338,329.52572381
1.16405899034,312.162017966
1.16518822949,351.953509939
1.1647298663,335.801966572
1.1647192804,335.428946494
1.1631830497,281.296116007
1.16434266386,322.157945373
1.16502398571,346.165980385
1.1653324224,357.034498182
1.16325810027,283.940705681
1.16462732608,332.18871194
1.16404157255,311.548259607
1.16515601982,350.818523598
1.16390257661,306.650399395
1.16321750315,282.51016739
1.16350824181,292.755052281
1.16358214974,295.359377964
1.16480400096,338.41428169
1.16340612063,289.15656354
1.16345653021,290.932867861
1.16377586722,302.185485165
1.16522393259,353.211595615
1.16355665968,294.46117377
1.16389566287,306.406776872
1.16325112334,283.694856487
1.16323798943,283.232051169
1.1644702538,326.653887834
1.16334149014,286.879150946
1.16389192095,306.274921165
1.16487629618,340.961780026
1.16482418429,339.125490567
1.16369283952,299.259801995
1.16381620673,303.606946239
1.16476553448,337.058821543
1.16365853626,298.051043269
1.16421512243,317.663712368
1.16505384588,347.218175936
1.16362398648,296.833597477
1.16456711048,330.066868598
1.16515131931,350.652889843
1.16463818047,332.571192886
1.1633594353,287.511492406
1.16497051536,344.281822164
1.16345188331,290.769123253
1.16336294548,287.635181946
1.16465051246,333.005740495
1.1637148179,300.034263808
1.16533816479,357.236845282
1.16324062857,283.32504768
1.16383765885,304.362863922
1.16445532904,326.127977281
1.16369027271,299.169354289
1.16470453663,334.909413822
1.16513194603,349.97022512
1.16489029596,341.45509621
1.16376707925,301.875819791
1.16432738777,321.619655182
1.16428695953,320.195067611
1.16393834698,307.910855499
1.1648151896,338.808540665
1.16324015113,283.308223973
1.16362987692,297.041161506
1.16380548665,303.229197971
1.16386009839,305.15357587
1.16521023952,352.729087039
1.16451074873,328.080825167
1.16353362616,293.649531358
1.16529963038,355.878991648
1.16361836445,296.635491602
1.16461988112,331.926370875
1.16532844177,356.89423111
1.16332911129,286.442952027
1.16527727631,355.091291492
1.16427200562,319.668130319
1.16352350756,293.29297801
1.16513922461,350.226703639
1.16402826966,311.079499884
1.16538327558,358.826433856
1.16406915326,312.520133371
1.16417059995,316.094854289
1.16368382721,298.942231409
1.16415377495,315.501984746
1.16327435896,284.513620423
1.16514661244,350.487031619
1.16320777019,282.167202782
1.16483101913,339.366332863
1.1634864646,291.987678939
1.16487601808,340.951980414
1.16343320032,290.110782518
1.16470264639,334.842806609
1.16445240231,326.024847038
1.16362199408,296.763390504
1.16459067339,330.897165302
1.16424765958,318.810238133
1.16342353991,289.770374496
1.16469572987,334.599086186
1.16325002146,283.65602933
1.16337069398,287.908219383
1.16401938663,310.766484824
1.1634216565,289.70400801
1.16437677633,323.359981357
1.16414472216,315.182987369
1.16484021497,339.690370581
1.163189555,281.525345996
1.16540902177,359.733663776
1.16337545236,288.075892439
1.16325071917,283.680614693
1.16319711405,281.79170781
1.1644179866,324.812125695
1.16444372903,325.71922289
1.1635306163,293.543471602
1.16422093792,317.868635366
1.16335029648,287.189463729
1.16369260396,299.251501622
1.16461858844,331.880820105
1.16365450083,297.908845095
1.16512140678,349.598848847
1.16442188426,324.949469204
1.16489902001,341.762509331
1.16531399702,356.385235223
1.16334535412,287.015307569
1.1648867132,341.328848965
1.16426854367,319.546140169
1.16455597449,329.674464893
1.16421183611,317.547911062
1.16538628239,358.932386089
1.16399776768,310.004688609
1.16453498364,328.934801189
1.16439791243,324.104763211
1.1643954486,324.01794435
1.16373486448,300.74065391
1.16425160937,318.949418601
1.16338697801,288.482026777
1.16518919248,351.987443185
1.16358286063,295.38442801
1.16523606956,353.63927137
1.16435251717,322.505150762
1.16479625208,338.141231153
1.16514011639,350.258127776
1.16409822827,313.544662205
1.16319129913,281.586804738
1.16456925257,330.14235045
1.16429007014,320.304677733
1.16416514178,315.902522431
1.16506760694,347.703080431
1.1647638268,336.998647347
1.16417638815,316.298815618
1.16496222485,343.989686091
1.1631726142,280.928395773
1.16395423108,308.470570247
1.16440986972,324.526107462
1.16315222461,280.20991885
1.1636182543,296.631610298
1.16328850483,285.012084261
1.16367558252,298.651709739
1.16316212952,280.558942506
1.16539505258,359.2414252
1.16368939792,299.138528851
1.16505124705,347.126599939
1.16454394252,329.250489419
1.16388786087,306.131854152
1.16460827664,331.517458764
1.16374639333,301.14690092
1.16468126551,334.089399435
1.16364668186,297.633324616
1.16316770374,280.755363707
1.1652660986,354.697417517
1.16500540853,345.511367942
1.16445995,326.290808084
1.16359228445,295.716499233
1.16452351923,328.530824902
1.16496928724,344.238546368
1.16315629084,280.353202324
1.16466430056,333.4915978
1.16428567723,320.14988287
1.16418789073,316.70413715
1.16332856103,286.423562246
1.16435302862,322.523173118
1.16349695269,292.35725266
1.16424929466,318.867854226
1.16529080108,355.567869656
1.16513201559,349.972676287
1.1646460403,332.848153195
1.16461903838,331.896674928
1.16428742827,320.211584973
1.16455075048,329.490384271
1.16341943588,289.625758955
1.16488825509,341.383181395
1.16539074454,359.089620919
1.16401259195,310.5270578
1.16355303292,294.333376083
1.16423060624,318.209322169
1.16486813034,340.674036732
1.16458087966,330.552059239
1.16356527265,294.764672757
1.16501663459,345.906945677
1.16472041555,335.468946316
1.16515440302,350.761551748
1.16413930635,314.99214832
1.16350756956,292.731363775
1.16538616257,358.92816413
1.16518020199,351.670641427
1.16463717658,332.535818497
1.1635775242,295.196385914
1.16330209671,285.491027389
1.16340115883,288.981722614
1.16479336171,338.039381796
1.16508078469,348.167430808
1.16358812943,295.570086957
1.16437355793,323.246573229
1.16463830094,332.575438053
1.16403633273,311.363622013
1.16348677064,291.998463006
1.16353253948,293.611239809
1.16407719789,312.803605465
1.16354237569,293.957842666
1.16485502987,340.212409641
1.1635699274,294.928694108
1.16340920648,289.265301188
1.16441557614,324.72718718
1.16321857215,282.547836292
1.16481390895,338.763414105
1.1652507345,354.156026008
1.16404931815,311.821194962
1.16448669548,327.233250266
1.16465320094,333.100475676
1.16500729658,345.577898225
1.16539769594,359.334570381
1.16345763455,290.971782148
1.16432215537,321.435278816
1.16420641751,317.356973358
1.16400689035,310.326148135
1.16475825339,336.802254764
1.16449255611,327.439763922
1.16521642144,352.946922068
1.16471985902,335.449335675
1.16502197865,346.095256529
1.16343396704,290.137799804
1.1653126645,356.33828042
1.16348443744,291.916247037
1.16434272549,322.160117057
1.16440957442,324.515702055
1.16420191441,317.19829586
1.16392684985,307.505726171
1.16532539428,356.786845292
1.16458203679,330.592833465
1.16477269082,337.310992804
1.16368278897,298.905646444
1.16421202166,317.554449138
1.16317072351,280.861772759
1.16501705247,345.921670563
1.1649663814,344.136152208
1.16513402134,350.043353642
1.16521191722,352.788204802
1.16417390639,316.211364908
1.16485154316,340.089546988
1.16514024999,350.262835356
1.16455149584,329.516648837
1.16377785241,302.255438408
1.16488688068,341.33475069
1.16349187093,292.178184252
1.16476880381,337.174024387
1.16463410148,332.427459651
1.16443162868,325.292837558
1.1651295401,349.885446196
1.16446224712,326.371752724
1.16331352764,285.89382408
1.16447705881,326.893678776
1.16365144088,297.801020155
1.16504592107,346.938926245
1.16341697224,289.538946438
1.16371571357,300.065825089
1.16443135822,325.283307189
1.16360044799,296.00416134
1.16365536254,297.939209557
1.16447201694,326.716016116
1.16439434403,323.979021938
1.16467299421,333.797940047
1.16423460678,318.350291172
1.16336944371,287.864163162
1.16371076943,299.891606016
1.16397924734,309.352079149
1.1642776695,319.867710864
1.16465970131,333.329532307
1.16535643627,357.880685641
1.16471448523,335.259977006
1.16485111569,340.074484237
1.16345120437,290.745198985
1.16521758702,352.987993969
1.16345589635,290.910532349
1.16358754141,295.549366831
1.16396979779,309.019101428
1.16531977776,356.588933613
1.1640737814,312.683217078
1.16386313967,305.260742478
1.16334130832,286.872744005
1.16374688331,301.164166515
1.16519221226,352.093852426
1.16336297599,287.636257175
1.16445532903,326.127977234
1.16474455037,336.319395305
1.16416316528,315.83287584
1.16536137564,358.054736371
1.16393252703,307.705775339
1.16345458744,290.864409681
1.16448097579,327.031703014
1.16351213188,292.892128246
1.16357199984,295.001721648
1.16480639116,338.498506434
1.16400068484,310.107481881
1.16503801133,346.660207297
1.16484687948,339.925210944
1.1641469912,315.262942497
1.16315495565,280.306153768
1.16492644724,342.728974591
1.16355303706,294.333521948
1.16369145995,299.211189493
1.16322096724,282.632233082
1.16365369871,297.880580153
1.16433035929,321.724363951
1.16427398328,319.737817994
1.16339606986,288.802400272
1.16393156912,307.672021016
1.16509144501,348.543073009
1.16333305309,286.581850879
1.16391052912,306.930625157
1.16323935504,283.280171854
1.16441223866,324.60958311
1.16452518976,328.58969025
1.1633255284,286.31670023
1.16522327433,353.188400285
1.16342601119,289.85745579
1.16503992952,346.727799297
1.16534000339,357.301632833
1.1631843786,281.342943173
1.16376187911,301.692580001
1.16492531116,342.688942
1.16460571674,331.427254255
1.16484238992,339.767010274
1.16464499002,332.811144047
1.16429032437,320.313635998
1.16500269883,345.415885102
1.16333944643,286.807135857
1.16381212277,303.46303803
1.16500393599,345.459479552
1.16373495661,300.743900172
1.16353364036,293.650031986
1.16327824147,284.650430103
1.16349329854,292.228489566
1.16388403104,305.996900954
1.16444320408,325.700724975
1.16457021481,330.176257239
1.16402092675,310.820754794
1.16495368593,343.688796409
1.16372997092,300.568217498
1.16356232941,294.660960579
1.16526470097,354.648168595
1.16359750679,295.900520998
1.16364144012,297.448619123
1.16475669251,336.747253254
1.16450062648,327.72414308
1.1635898026,295.629045334
1.16491312538,342.259546464
1.16382566863,303.940359231
1.16334076733,286.853681049
1.16320914119,282.215513443
1.16408970227,313.244227732
1.16500282441,345.42031016
1.16515392005,350.74453338
1.16446834017,326.586456316
1.16344649687,290.579318828
1.16417192392,316.141507715
1.16459435435,331.026872936
1.16440480731,324.347721375
1.16459372803,331.00480298
1.16454900907,329.429021472
1.16464658707,332.867419872
1.16455387001,329.600308612
1.16371500475,300.040847947
1.16426458142,319.406520369
1.16430428539,320.805586643
1.16335095216,287.212568127
1.16503994469,346.728333759
1.16523530083,353.612183308
1.16360911127,296.309433323
1.16479384948,338.05656952
1.16345946813,291.036392844
1.16328549032,284.90586084
1.16512661258,349.782288015
1.16467208432,333.765877546
1.16360457962,296.149749464
1.16528702988,355.434982261
1.16324389145,283.440023307
1.16538344865,358.832532622
1.16497523126,344.447998628
1.16537698505,358.604771657
1.16443907651,325.555279885
1.16502058653,346.046201994
1.16476686665,337.105764037
1.16450977854,328.046638149
1.16322054042,282.617193037
1.1648592317,340.360471446
1.16389116453,306.248266843
1.16455235034,329.546759442
1.1634345557,290.158542664
1.16515897605,350.922693856
1.16348458561,291.92146835
1.16353250022,293.609856288
1.16448280525,327.096168757
1.16521777471,352.994607533
1.16447562409,326.843122799
1.16351230674,292.898289891
1.16360394718,296.127464065
1.16341203376,289.364927284
1.16345875606,291.011301296
1.16410638126,313.831952531
1.16516485162,351.129733572
1.1634040833,289.084773208
1.1645613744,329.864744026
1.16465266943,333.081746684
1.16355048402,294.243559452
1.1645267432,328.644429383
1.16395598647,308.532425917
1.16421680971,317.723167886
1.16500752026,345.585780052
1.16415958253,315.7066288
1.16399059575,309.751967948
1.16488153772,341.146478524
1.16509869653,348.798597926
1.16402013503,310.792856694
1.1633257791,286.325534148
1.16488849396,341.39159847
1.16455669063,329.699699934
1.16492772557,342.774019634
1.16471507083,335.280611901
1.16326980094,284.353007393
1.16505726084,347.338510642
1.163219148,282.568127598
1.16493867273,343.159769591
1.16478154624,337.623034926
1.16382829752,304.032994469
1.1638683952,305.445933933
1.16538756916,358.977728552
1.16387819661,305.791310412
1.16398354506,309.503519834
1.16315761318,280.399798455
1.16450892107,328.01642314
1.16337118566,287.925545005
1.16426668294,319.480572675
1.16348595483,291.969716199
1.16354895426,294.189654346
1.16426552767,319.439863769
1.16440312512,324.288445096
1.16340543443,289.132383749
1.16519759684,352.28359134
1.16455986076,329.81140736
1.16396568427,308.87415141
1.16325941377,283.986990053
1.16393254703,307.706480136
1.16420864669,317.435523848
1.16469106009,334.434535027
1.16384303394,304.552268226
1.16420354288,317.255678932
1.16472665746,335.68889534
1.16398590669,309.586737651
1.16376405144,301.769127568
1.16541530534,359.955080639
1.16448382447,327.132083351
1.16503287362,346.479167515
1.16400236739,310.166770425
1.16471557574,335.298403749
1.1643198902,321.35546007
1.16486472354,340.553989744
1.16321276626,282.343251535
1.1649605148,343.929428037
1.16532783568,356.872873951
1.16327672003,284.596818163
1.16393767273,307.887096668
1.16460230306,331.306965166
1.16345400761,290.843977923
1.1634694657,291.388681522
1.16536702346,358.253751088
1.16515604215,350.819310721
1.16477719381,337.46966655
1.16329112515,285.104417725
1.16472275421,335.551354766
1.16495756727,343.825564592
1.16446522762,326.476777983
1.16332404747,286.264515872
1.16482684855,339.219372448
1.16432428544,321.510336941
1.16346198262,291.124996989
1.16486363637,340.515680738
1.16317612676,281.052169434
1.16321963585,282.585318352
1.16419224997,316.857745718
1.16488192718,341.160202096
1.16537187657,358.424762195
1.16522102427,353.109113746
1.16362825483,296.984003101
1.1634612913,291.100636535
1.16395473944,308.488483492
1.16373646533,300.797063585
1.16405282972,311.944933644
1.16336320136,287.644198542
1.16476367426,336.993272342
1.16364029244,297.408177629
1.16371544288,300.056286525
1.16531376873,356.37719094
1.16433667413,321.94688253
1.16444240633,325.672614328
1.16458274355,330.617738061
1.16349082926,292.141478441
1.16443803506,325.518582019
1.16386954961,305.486612406
1.16455676606,329.702357953
1.16352893273,293.484147213
1.16359758047,295.903117274
1.16517832678,351.604563919
1.16510800227,349.126508418
1.1642039884,317.271377987
1.16438858242,323.775997788
1.16418819117,316.714723934
1.16531359642,356.371119014
1.16449895705,327.66531666
1.16447652173,326.874753371
1.16341629004,289.514907701
1.16533705021,357.197570332
1.1652407447,353.804011366
1.16344837988,290.645671079
1.16432371807,321.490344295
1.16495518545,343.741635666
1.16528874578,355.495446029
1.16444886098,325.900059588
1.16491941946,342.481333775
1.16458477096,330.689178636
1.16436585354,322.975090175
1.16397259619,309.11770961
1.16503944021,346.710557146
1.16478577696,337.772114794
1.16341381616,289.42773433
1.16504273031,346.826492044
1.16477027157,337.22574456
1.16506683103,347.675739563
1.16460570793,331.426943884
1.1652025795,352.459167451
1.16386459222,305.311926899
1.16528196329,355.256448644
1.16321356557,282.371416921
1.16486170186,340.447513374
1.16444627282,325.80885955
1.16348533976,291.948042458
1.16417219812,316.151169863
1.16460686117,331.467581064
1.16456514464,329.997597663
1.16353682812,293.762360441
1.1650225121,346.114053999
1.16503700768,346.6248411
1.16329588687,285.272208455
1.16350938044,292.795174623
1.16487573171,340.941889636
1.16423724011,318.443082892
1.16486265632,340.48114639
1.16352035924,293.182039321
1.16392768574,307.535180459
1.16519144224,352.066719089
1.16353074523,293.548015013
1.16462207013,332.003505747
1.16504205118,346.802561143
1.16502322127,346.139043261
1.16325993622,284.005399943
1.16408182541,312.966667162
1.16442959557,325.221195933
1.16357521881,295.115149899
1.16394620515,308.187757273
1.16396318529,308.786093756
1.16527006493,354.837181078
1.1647549388,336.685457121
1.16323395637,283.089936587
1.16390198078,306.62940375
1.16536220334,358.083902201
1.16385858178,305.1001343
1.16442944449,325.215872257
1.1651398056,350.247176157
1.16388978137,306.199527762
1.16343588561,290.205405304
1.16439307625,323.934348867
1.16429262125,320.394572022
