E_n,omega,x
17.0210686732,1.26035099835,2.79535827119
12.537164749,2.58174607466,1.70091386514
8.78827450117,1.3917619696,1.94368806221
37.9845535502,2.62473355696,2.92871221349
21.7215437191,1.66063954766,2.84979935593
15.7232265895,2.92097482898,1.75140565464
11.0659158824,1.59551656944,2.06917264789
18.4857148715,2.36516588827,2.18312348344
14.7597247456,2.37842631548,1.94405920997
8.31635971011,2.83871235145,1.29949566671
9.74845928857,2.03356974087,1.72940016305
15.7574352325,1.44157975975,2.56977445081
21.1003359667,1.6942069783,2.78398373516
32.6186583522,2.42067637901,2.85870572525
5.96906329986,2.3634832607,1.2410876316
11.6020460588,2.39722354966,1.71525639024
7.9112192307,1.22933437288,1.92025317126
13.9398840977,1.94476746198,2.11731502771
27.3730322075,2.82053297377,2.36812140618
6.32863379666,2.75829427104,1.15626097637
31.5403425105,2.98013886208,2.44545446883
16.8792643598,1.10517800558,2.88893641634
8.43900816702,1.36245617887,1.91885741784
5.20536375579,1.26121910748,1.54552841157
7.83390278616,2.9942683628,1.21463291782
33.2332165601,2.45580834696,2.85957585166
21.7328126223,2.85057975647,2.09462393267
7.87580504627,1.67757285193,1.70835024137
16.4071067368,2.70014943051,1.88880445898
8.31879592444,2.73582114894,1.33305755886
6.37498122948,1.45134239458,1.63043456338
21.9071766233,1.48518909563,2.99619357018
20.191054963,1.47534332833,2.8837660847
16.7145139095,1.54384037736,2.57759314888
23.3107116353,2.32428880531,2.47766265043
12.6615044781,1.47365150253,2.28461321715
13.2337606203,1.66198344975,2.22360036802
15.9321230258,2.02581476784,2.21542195496
19.4341792721,1.75157626615,2.63155681726
7.47908170537,2.11258509315,1.48346992314
24.5932753595,2.26921858714,2.58167725178
15.589100504,2.06179759028,2.17066613019
10.3940503184,2.82440694906,1.45788181538
35.8198340175,2.92967052233,2.63793875104
5.03580821673,2.5727093687,1.08046409133
15.3464197761,2.25606387109,2.04639543758
29.7021136607,2.80970686691,2.47337732346
12.335720965,1.418270112,2.2873107319
15.4291565701,1.80929288372,2.30915327671
11.2620943074,1.59572609553,2.08731877876
15.6851821289,1.84839716032,2.30418360343
25.8003368947,2.32413056642,2.60672341708
8.39197008141,1.20215781634,1.9907950821
13.8597982728,2.76384500925,1.70876863316
20.0620648615,2.19100568072,2.37999560533
12.8963576139,2.48512389148,1.76802442899
24.0160751672,2.72772352175,2.269564953
4.90567751577,1.11389237604,1.55428665344
8.2085675535,2.77959987472,1.30993281345
6.59493296939,2.81759186576,1.16321793668
8.28247794653,2.42088280251,1.44043434763
23.5278288805,1.74262710348,2.90235244324
10.1548623236,1.52055266171,2.02132069569
5.30732139913,2.81785513347,1.04343532185
21.8657981298,2.42586455957,2.33743282207
7.0471663285,2.70435649222,1.23658222069
7.01217884259,1.94097392008,1.50321056132
21.6353826193,2.95885276004,2.03577378609
4.98581454156,1.27858356536,1.50612822559
25.4172825436,2.37010801531,2.55663813414
13.2522460492,1.00896547313,2.61625886005
4.06884034272,1.22555969052,1.37838520012
15.2363421745,2.65974054653,1.83863944526
6.39356795124,1.44905992576,1.63376721124
5.70925663654,1.24611872035,1.62460851809
12.2008738162,2.4009231267,1.7572869137
10.0542035774,2.5674886436,1.5287053991
22.2710404398,2.52886491737,2.29762517493
19.7206808539,1.53701367407,2.80479073178
35.0690033001,2.53078685949,2.88176301727
9.93072192488,2.32978448878,1.61485972724
26.4038235236,2.99580641304,2.22909967638
9.13857914215,2.40842716379,1.51791051599
33.2446694123,2.30730523939,2.9719629691
18.2527712199,2.91205868424,1.89111359488
3.55824613144,1.54184888235,1.18990083718
13.3260312593,2.62383411105,1.73508952014
8.9189915724,2.09629007521,1.62697446084
18.4740941973,2.45212260893,2.13406522197
22.8397061838,1.63927864129,2.93871378493
6.65139644472,2.88998031754,1.14771924686
12.8569669418,2.15246925646,1.92467877375
13.4590037264,2.71542748191,1.70421875432
15.8526339867,1.52167134631,2.52477530723
10.0945595714,1.72295151865,1.91101922433
12.4487373906,1.79000817962,2.08481192206
30.277816905,2.44736799049,2.73538464403
35.1106864154,2.39632396485,2.98457321376
8.86672142746,2.28826360457,1.54247340133
8.87893201914,2.12022839303,1.61309230333
31.7089783926,2.56452771335,2.71685780672
6.07850990536,1.66905335904,1.50419485376
7.00136604088,1.52496723006,1.67645356683
29.7610569889,2.70877331698,2.53841261675
28.7009307888,2.2058082853,2.8356262582
16.7447726693,2.99148277782,1.77699103503
5.73463833111,1.73705862596,1.43500254891
20.4942606361,2.27739983184,2.35170379032
14.6650227537,2.8945822197,1.70229646132
12.5979658734,1.45758579755,2.288322057
16.0628574543,2.63099579319,1.90151859526
9.57274398978,2.13818904691,1.66701946643
28.4440148919,2.99687065703,2.31302815894
15.8498115546,2.59463727118,1.90625003522
45.8378818786,2.9808968754,2.94753987141
31.6065137674,2.61929943591,2.67519512937
26.0640238016,1.82522232631,2.98858639567
33.0750613433,2.45161988831,2.8558307671
4.75607094284,1.19951211588,1.49966947924
14.2620063061,1.9847095052,2.11905655484
13.4422897585,1.85663073,2.12842900191
6.55867871301,1.33753218248,1.70227105242
21.3633588567,1.47536369634,2.96628592116
5.25473502273,2.09261817574,1.25002724221
34.9421953636,2.52029643802,2.88424007207
12.6635650303,2.78133207114,1.62632668984
14.52633247,1.04307394868,2.71835929299
32.720662302,2.66422342279,2.69140879221
15.8801640995,1.04392291347,2.84166772632
13.3639905589,1.02569395787,2.61751709993
13.6240161674,1.49774897232,2.35515024569
3.8044662312,1.42627582864,1.26765561329
25.3282413813,1.86444063814,2.91557433795
32.7321804525,2.96582353392,2.49980806228
29.8207918718,2.70104189332,2.54585688661
32.889776424,2.88536955789,2.55503220202
32.4646472416,2.39672284614,2.86961222706
42.0052032371,2.82887859993,2.92755777119
35.4661361876,2.71378969999,2.7675964866
26.0745402653,1.9628632741,2.88189423104
18.612966808,2.81177986641,1.95696636564
5.95434162523,1.79110596761,1.44143350622
21.635403174,2.14067683327,2.50449561827
12.8768830678,1.1155819696,2.51719040148
15.0877245973,2.65411857514,1.83222988036
22.4140866985,2.3608909976,2.40658601219
26.8258975887,2.78098793124,2.36724814828
27.634429587,2.56614205133,2.53526511141
17.9385328647,1.61227727282,2.62293415836
5.80346082934,1.87941899805,1.39007156236
22.2454981053,2.01697698289,2.62396291463
17.0799016256,2.74976659099,1.90353199656
36.9053422988,2.95865518748,2.65896421103
9.88408106832,1.05336554091,2.23711157707
11.8089954404,2.21635976339,1.81386851189
28.7708666149,2.59248312843,2.56968894639
20.5093332711,2.12597374812,2.44791638825
24.6352604844,2.00131764782,2.77279603868
17.1918498934,2.033149178,2.29687406649
6.10167593701,1.80962777987,1.45200339471
13.1402624898,2.3718049244,1.83745224303
33.1294342593,2.82781836839,2.60060125747
24.2423151529,2.02044542699,2.73668308425
12.1216242654,1.23637820073,2.37286076691
9.3177790041,2.51953904297,1.48969137042
28.3215845442,2.11100126484,2.88798476693
10.5425696628,2.02235426163,1.80381105588
14.5796063282,1.17374348687,2.64196173481
33.1831049827,2.39314372666,2.90387283186
12.0497041046,2.12945219458,1.87460901
25.7736481843,2.75905902734,2.33295672314
6.83777591122,1.46142354926,1.68420737156
14.8950499933,2.90035894531,1.71319147924
41.961919809,2.90357435421,2.87325312486
15.8458234463,1.74159291246,2.38251467353
20.0095711622,2.92285261789,1.97486562954
9.39440877196,2.57541709981,1.47473095177
23.3280705236,2.54214383193,2.3435917426
8.1060542387,1.90922282279,1.62989686457
18.7388005402,2.65617701911,2.04086791898
7.61462570197,2.79297476291,1.2575004258
5.16075418245,1.30947387031,1.52062869906
37.3544481079,2.56488135824,2.94854679829
13.6983483955,2.73942529881,1.70908843727
9.85470851357,1.47438771349,2.01515966708
27.5025445758,2.71267475901,2.43782626493
7.58899975332,2.16142126041,1.47522414338
8.14043729256,1.33996696498,1.89530479998
37.6654116454,2.7088393537,2.85563213818
36.4330415275,2.6402033903,2.8571439172
32.4296751487,2.44292197029,2.83415290461
23.3445839923,2.13798657072,2.60338674381
21.4591085742,1.58016345314,2.89304239701
32.7942961051,2.33489635338,2.93067131088
5.69032313499,1.07749426252,1.68811243918
13.6122014751,1.09074427955,2.60300418329
15.9528688297,1.43586556632,2.589451383
12.3125136759,1.67039316903,2.14005744181
16.6725188594,2.83275645897,1.84264637038
12.2817459289,1.83999761015,2.04348369869
22.1424934275,2.53830766147,2.2854893819
15.5458949822,1.40329862992,2.57755879538
10.1533750797,1.2858427954,2.14545673757
7.86042316507,2.7744499317,1.28348312103
11.5913155267,1.77268748426,2.02099754048
17.1169055566,2.87465982628,1.84803492924
17.6144234742,2.07801802844,2.29749114659
11.2176601411,1.01771849773,2.40239346213
12.7889171467,1.25016163884,2.42910439622
16.4994357694,1.3885239819,2.66542422806
21.0636907351,2.27899048573,2.3831617112
25.4408862708,2.17457843686,2.69171454598
4.92554080196,2.34480076032,1.13286670793
9.7177784244,1.28142819575,2.10122316831
15.8610431316,2.77181929692,1.82437921203
22.1368279818,2.41468961911,2.35865096683
12.1692296055,1.41627781313,2.2729785408
3.9502024396,1.03740226174,1.4193600076
31.0346420368,2.20655702881,2.94807865762
24.4857662903,2.90115962005,2.19612682102
42.2339692984,2.90329536698,2.88274710893
7.57181269156,2.13246170871,1.48483398653
25.2854634321,2.46202461927,2.49033981899
33.9094800412,2.72754535613,2.69694060056
16.0304964699,2.52949818204,1.94900266534
17.5493901063,1.17767812684,2.8958543851
8.67127292892,1.05276998668,2.09565349551
32.2145730478,2.55435973078,2.74550172265
14.3304004933,2.17602514125,2.01942104633
9.61211647496,2.34582357322,1.58214457225
29.9230221097,2.58302001399,2.6269116524
7.39861409263,1.85628442092,1.57920197325
4.27478953731,1.98155510929,1.16110907806
5.40535087185,1.79137129471,1.373280052
27.4925252622,2.67269550663,2.46181380938
29.109499094,2.94306401006,2.37037068917
9.14759995245,1.96170436976,1.70748490264
8.79847273724,1.62648543716,1.83010835583
17.9356738873,2.70186577862,1.97398607834
29.8215454235,2.25007005227,2.85714017994
14.3175115956,1.02186045997,2.71160535945
8.53623356631,1.52410428255,1.85152962905
13.8797876926,1.62450947228,2.29980016037
18.4044753661,1.81285627599,2.51960579395
7.73054589245,1.94254356246,1.57767451875
27.2124795774,1.89593049989,2.99690397171
19.8148774675,2.72176061508,2.06457512668
5.9996756731,1.61398847762,1.51622176474
5.79339730612,1.41756211409,1.5677906278
24.67927274,1.84059834503,2.89626312439
19.3702852482,2.11739915537,2.38435538374
5.51543250647,1.90681713033,1.34531092659
12.2623866738,1.12571069773,2.4505914947
10.8354618687,2.3136477159,1.69390674907
12.8998280629,1.82504325816,2.1026050006
15.6384793705,2.27158343684,2.05741984399
11.5562215605,2.735820786,1.57118250848
14.7530989361,2.84130004855,1.72971633662
10.8706545753,2.0671469827,1.81007193388
16.0382515147,1.12800521734,2.80109992912
13.9774969608,2.89985246471,1.65978942336
4.81554969301,1.52287725068,1.39110178319
29.0484359841,2.16302139549,2.88498977329
31.432021187,2.73482323289,2.59186482322
4.40518960453,1.41353196521,1.368517632
8.16697017037,2.65305259423,1.34838725086
2.20614823804,1.25264073745,1.00828408444
17.6977776911,2.5599424376,2.03207596935
3.08369877287,1.07951395327,1.2421323112
5.71343258416,1.02886081401,1.71026233396
9.09205817855,1.20974651103,2.06838008237
5.2391102965,1.78451865418,1.35445773998
21.1333293934,2.15910598712,2.46328290683
9.14045366906,2.26715529169,1.57474990748
29.2733257609,2.72641597728,2.50650556494
19.3608870039,1.50444740642,2.80269127462
8.81304029332,1.71517995639,1.78927523056
15.8446023976,1.10200804691,2.80105110309
21.0108593578,2.83331513533,2.06825402937
4.49627483356,1.43794439916,1.37398959353
2.55974378434,1.56014853173,1.00442800433
28.9380499631,2.30460470505,2.77473973741
4.70362716325,1.87234285493,1.25379467165
15.8240572519,2.48858537457,1.95672285969
34.1306198744,2.72179414753,2.70958926919
24.1776666539,1.8499267251,2.85958531946
15.9700735083,2.11976797712,2.16364026081
11.3852683795,1.49438997341,2.15484084391
18.6813623104,1.49747066416,2.75804660746
30.8715745592,2.58344707445,2.66793492268
11.7960738676,2.21123540392,1.81531312905
12.3252221167,2.10090705914,1.91025228775
15.3397639978,2.81194347202,1.77650915183
23.3369278193,1.9516504054,2.73453917834
21.5987219616,2.36150665942,2.36203131762
5.15454006686,1.93266838811,1.29165364729
25.0750341848,2.40228350381,2.51834704672
38.3945835298,2.78333330002,2.83041735627
11.8530808781,2.56435650775,1.66115535678
24.7385478352,2.95029797845,2.18136725485
9.34068235236,2.9510146731,1.34015802879
2.98703420826,1.35782523997,1.14294241665
35.3756051526,2.75575341361,2.73543138343
35.4770768947,2.55071990774,2.88383628164
22.3098111973,2.87378748426,2.11026863981
36.906740391,2.68432612511,2.84405722586
31.4011933421,2.60522510244,2.67596530335
22.9721399729,2.04378958804,2.64760353365
6.76581113268,1.22501628497,1.77767571297
16.3134700878,2.06053940972,2.22126427732
20.7727820586,1.74718324636,2.72384527159
3.75607508602,2.01739085684,1.07809274921
15.6132147346,2.62116219863,1.87935869774
8.65845875513,1.81571175282,1.72687924455
13.816105615,1.62087432775,2.29671078725
14.260329911,1.2723206268,2.55111329793
10.3295310018,2.33490714258,1.6447770648
6.0624366254,1.07184106793,1.74468954636
12.9267672951,2.86567692931,1.60950741435
17.4485658425,2.21828433313,2.20373875182
7.56333556064,2.58189013578,1.32106296122
6.35707077288,1.39073367647,1.65354757268
12.1291558577,1.17665923031,2.40805656643
17.4422371836,1.62385177017,2.57854575154
3.52208507892,1.07593469179,1.32858064323
15.2024509612,1.4128586487,2.54272558783
17.1924624174,1.47999519741,2.65783634575
40.0664951654,2.96539090464,2.76601821592
26.9044719643,2.26337326867,2.70438732256
9.89095760583,2.78096550185,1.43743503831
18.7764918092,2.2520353795,2.26595119103
19.5039938566,1.48474244005,2.82740845795
18.8649717685,1.30888901117,2.90775582246
13.6824230907,2.58422305818,1.77579217956
7.7536534638,2.96520537769,1.21684964778
7.96752054833,2.83651116973,1.27263467283
8.3578706694,2.64934906294,1.36532279668
3.86995106659,1.05931172279,1.39793405178
11.7204162222,1.26146151007,2.31898053624
10.5122567769,1.25281893289,2.20087097371
17.0866910885,2.33538644498,2.1151525201
10.2582998088,2.5765945687,1.54058741358
2.32583084062,1.25159748378,1.03553703364
19.1089292117,1.52181679617,2.77187592077
25.5282963861,2.93311941829,2.22511284701
8.82897125718,2.85131850393,1.33482634968
8.82287546602,1.22197266313,2.03150818606
26.4904556094,2.9445731105,2.26040149954
22.942726707,2.31240369016,2.46563521535
39.3632242672,2.68634001888,2.93570502635
6.930414886,1.7054439061,1.59078676422
31.6521986191,2.69825137083,2.62469240584
12.3598547908,2.41203866394,1.76363735583
10.465943668,1.03087059058,2.31370564634
9.15840928609,2.09594606216,1.64881656446
28.4639598713,2.79076142373,2.4325861479
5.99326802537,2.25094319365,1.28055778795
17.0480421255,2.5281747784,2.01058507726
13.8970565085,2.39558927278,1.87804648665
6.93566158134,1.31272161713,1.76140445325
13.9443879622,2.90708995854,1.65491534966
4.16049383121,1.51399797858,1.29601372836
18.4574815485,2.13658049011,2.31575576964
18.6749231995,2.9507315754,1.89507210327
32.1381277616,2.3207703961,2.91186875558
2.91175962081,1.47857389594,1.09419891268
35.5691968379,2.94960984959,2.6160781508
23.7430003064,2.70683565115,2.26837771982
14.9865206114,1.32343363998,2.58228538514
5.89414222867,2.26246277888,1.26610651548
21.5576622498,2.89929169509,2.06157060149
14.6100296012,1.86107620056,2.21633431816
27.2867762975,1.91724622428,2.98404919726
15.9806466411,2.01016847947,2.22801181477
20.1274225494,2.43674977315,2.23632443782
9.35433577292,1.70440529317,1.84866434987
4.27247197793,2.28104870464,1.07273571001
29.6965223416,2.9451167419,2.39296722406
22.6364971442,2.59842383417,2.27592136842
5.50309004501,2.66388635031,1.10384624964
19.284881198,2.1074809392,2.38532806081
21.0651208249,1.65594787849,2.80988059861
18.8328254424,1.59456949212,2.70002986317
7.09364577195,1.78836025304,1.57444991397
7.29912462752,2.02943408625,1.49809248016
30.7761979253,2.54820642237,2.6877030706
20.9397876932,2.37129584708,2.3198364794
19.1861937612,2.89268575217,1.94799682993
14.8501775407,1.04678456394,2.74619496015
22.9944235748,2.55966703885,2.31644590547
36.8254763993,2.8528390422,2.72510108898
16.6598195944,1.70412636224,2.46728181137
3.75277452683,2.2418129134,1.01573550742
11.2892947882,2.82203235426,1.52025415383
21.9852293963,1.93298030951,2.66735391131
18.541501446,2.35247262868,2.19361536647
15.7243895006,2.22818912148,2.08660438083
21.4741644183,2.59628768412,2.21791536823
4.76765690745,2.05351264418,1.20305926434
4.37513703105,1.66748995559,1.27667520319
17.8691465892,1.50975312804,2.68885420945
21.8563485151,1.63992090893,2.87426920115
19.2514844772,1.59408582546,2.73022209916
36.2996210623,2.75091552963,2.77424612852
9.32867415945,2.27898797311,1.58597568402
23.1126473603,2.84586584528,2.16258520898
31.9244857551,2.25560085139,2.951892452
2.37223230311,1.24216011843,1.04823272421
11.2929090258,1.28583980528,2.26265209847
25.8838100723,1.91798599346,2.9057526071
23.0923287399,2.39534271804,2.42106488572
20.4355852933,2.29717596277,2.33626010564
5.92035257739,1.45080552319,1.57143927132
4.26763215437,1.44061546911,1.33768274585
14.7639626914,1.76737049286,2.28408959972
17.2155115306,2.5798640325,1.99411114593
14.2350929559,1.47811181429,2.41963837482
9.25582740114,1.58947474745,1.89538774329
11.7075497099,2.33261654966,1.75209644898
13.5901828864,1.09607642762,2.59769981848
21.428978988,2.56505034423,2.23315570477
7.42802460449,2.71031760682,1.26767449446
21.1913030298,1.61938614295,2.84552295356
7.30469707876,2.11320951396,1.46583184842
12.1738783928,2.93207283147,1.53696994539
15.2075418364,1.49552830777,2.48968931756
35.982019863,2.63569737226,2.84261959351
24.6922723834,2.16512628392,2.65841599667
10.1391682377,1.50416483765,2.02836261756
5.69997338585,1.50086804996,1.52212995047
19.8149868965,1.32415633025,2.96874065795
4.41077926807,2.17125177445,1.12176118155
33.0682066765,2.77293276232,2.63351120952
6.29091617056,1.37787208301,1.65029476256
12.4097175178,1.00412035415,2.53443872542
7.27796884712,2.96573047004,1.1787833882
38.3989379145,2.97025462476,2.70468314663
14.4038460285,1.94557624446,2.1517998736
31.671734589,2.49800053117,2.7616057889
31.2684557736,2.98685968014,2.43097113916
29.3757915205,2.07467214302,2.96960420856
22.5518385436,2.46284505342,2.35137987458
18.5753143453,2.27110813181,2.24257837386
31.9878295483,2.7040693277,2.63474865131
4.41414028987,1.34919667134,1.3924223633
10.2202629056,2.1509627787,1.71669159104
12.533984022,1.35620647983,2.34221093114
20.9303785333,1.95366164903,2.58832600735
24.0375120509,2.24897080233,2.56587834472
11.7376120329,2.70981565617,1.59373174818
32.2454679777,2.33710351486,2.9043803596
26.6493036855,2.76533520324,2.36857853347
27.0903006343,2.86452317748,2.33065017222
24.1135946238,1.85877416369,2.84909060248
32.0665234699,2.65081367195,2.67333829179
11.4586416737,1.97607588847,1.90376592433
33.612342633,2.34929815667,2.95593432118
24.3970662609,2.72446514791,2.289348548
25.422197815,2.63925401202,2.38723128155
10.5144997521,1.66494755569,1.98047809231
12.2976462854,1.66421469691,2.14225244311
5.33778600393,2.77646808064,1.05713747479
11.5230547616,2.03075131062,1.88163558307
23.0485826838,1.59642736483,2.98553039883
33.9665334323,2.69943065671,2.71815623762
18.6204960946,1.43413470414,2.79883013922
17.3157399454,2.13646433067,2.24305723143
3.21191783944,1.82538585912,1.04907959482
30.7050281503,2.40714225866,2.78327060337
5.33146074582,2.52190939339,1.12616237131
29.0644659056,2.86709039245,2.41256795177
8.04938718593,2.24753483034,1.48537392111
8.86572776841,1.98550505862,1.67038961369
4.83007198239,2.48106559039,1.08313430448
17.9261465058,1.80475129036,2.4920035201
40.3922022812,2.67715225894,2.98066173782
8.72697570879,2.70058467461,1.37738633654
15.4491009877,2.90260705861,1.74381214292
16.908781737,1.82282609871,2.40867137016
6.20514284859,2.17405618292,1.32953080475
28.4614432479,2.48942772448,2.62364668751
21.8089104644,2.2347147217,2.45317279784
16.569241019,1.83285604107,2.37802315086
22.5993391921,2.00363753893,2.65411716275
8.95589380701,2.9183970154,1.32263876539
6.46116410627,2.42981792329,1.26931717803
21.7101763687,1.75973579802,2.77537879178
19.5437166938,1.61572546067,2.73529617501
20.7995061553,2.23716746222,2.39419129476
13.706419929,2.82751865854,1.67286414559
12.393685672,1.13702624377,2.4571452904
24.4422127754,2.18699496745,2.62975977472
41.7305699006,2.89712444389,2.86980875841
27.5747468536,2.9845341602,2.28414892761
6.56197754849,2.73347778122,1.1846459101
28.8081948692,2.44515540046,2.66969030105
5.53542620061,2.27893132539,1.22171107987
14.2936984199,1.65553395372,2.31486441601
14.2931716969,1.66805229789,2.30719602583
16.3126527902,1.27944357308,2.72372927715
7.88370296878,2.00999929302,1.56496604153
19.3075866618,1.79916566172,2.59007869676
26.0509782257,2.48167159853,2.51507072047
26.9196048247,2.2687240269,2.70137064234
8.67932580608,2.78004334696,1.34682392947
17.4898313977,2.48953601815,2.05663717663
14.2531155887,2.58537163432,1.8119216936
20.9114172372,2.55579306965,2.21120668185
14.8655711939,1.59098526372,2.40109547345
27.6200884199,2.04478854493,2.90235079838
25.8330525302,2.39352439678,2.56191235074
12.9153572101,1.00039225952,2.58768205961
39.22036689,2.70014469258,2.92029911247
43.334655113,2.80791822451,2.98885758625
34.527079218,2.8128016589,2.66468884577
29.6711562234,2.78103767037,2.48959419282
26.2463544239,2.56909847184,2.46892193378
4.03584662501,1.49612167416,1.28237867164
7.79458357356,1.26563778595,1.88919212631
13.3093488158,2.79810514561,1.6604043292
8.52362287783,2.36375374123,1.48296552911
14.8647645488,1.12556316274,2.69822045723
7.08665512001,2.51649474627,1.30016237441
23.6660481924,1.87107131138,2.81332262285
34.0019931624,2.86645810704,2.60986174556
10.1318807411,2.25326963802,1.66398050746
17.9912124589,2.62700389237,2.01444473198
16.3331673284,1.11846819193,2.83304597681
21.1552016236,2.82816169894,2.07796775397
25.0824208574,2.89415527841,2.22650447785
41.6055302268,2.92524882556,2.84605023074
4.71274026693,1.72003214655,1.30675322667
41.7614037364,2.78801137612,2.94850807206
23.5764186374,2.35383361027,2.47271333095
10.430648028,1.08659196288,2.28077035462
22.6381866022,2.50421016739,2.33108545896
3.17946208742,1.97541295498,1.00299829701
6.7599752046,2.76887217632,1.19189469411
16.8846226636,1.27088219361,2.77692784027
12.3344321156,1.07537927749,2.48658200005
10.9592897036,1.10782587412,2.3264060298
3.84483776647,2.33554518145,1.00330694868
14.8520658226,1.50167615249,2.45650615398
18.4331526811,1.53742507782,2.71139515602
38.4496224823,2.73004424295,2.87003616296
3.52017150907,2.0620210953,1.03142756771
14.8816116871,2.37441278006,1.95409676725
7.15368120023,1.19354239246,1.84187345883
7.16065470331,1.13855252934,1.86702896294
9.31482011357,1.35259454311,2.0209881977
16.7134513388,1.55101972068,2.57269288853
6.22431977102,2.82130066476,1.1290331073
15.8182658642,1.04395366735,2.83610449033
30.9095784205,2.94330718955,2.44241790743
11.2905645239,2.07636704519,1.8402083854
38.8485553461,2.92935411219,2.74741054617
15.0122936461,2.27561600836,2.01368782437
35.6156467826,2.68747014011,2.79167570893
21.1397490123,2.13002820775,2.48259841318
9.83476886183,2.8678563687,1.40313475686
28.6247467643,2.50636192012,2.61980989275
5.38900561709,2.46838278018,1.1478096357
8.84062582956,2.22322176609,1.56660617164
24.6644220986,2.62242412612,2.36135370142
6.6457370663,2.21278044023,1.36200416806
16.6528631412,2.87852829967,1.82109688823
12.6323758752,1.38161671604,2.33633499771
33.6221034821,2.33669628031,2.96604333537
23.6600171837,2.17932873903,2.59255592007
4.53118104557,2.21869316506,1.12289568328
15.9809780546,1.40866841949,2.60980678963
19.7081978188,2.35300568094,2.26126515048
8.77972355321,1.19451265912,2.04001872476
10.1362298911,2.72151901232,1.47672388911
25.4832024709,2.31651149408,2.59578880772
29.6681766647,2.67136242625,2.55822140252
16.6224042537,2.19212818592,2.16574462513
16.2122852374,1.03559430191,2.87661189232
5.45381534695,1.5087589099,1.48585873763
17.123021692,1.74289888826,2.47581485329
21.1869719741,1.94898650937,2.60737732942
31.1278001651,2.26963997558,2.90415773635
24.6024411159,1.82270356211,2.90552503175
17.0332000171,2.52310191313,2.012306564
15.5251987202,2.41432208731,1.97544838443
7.10531839335,1.10068547614,1.87631239592
22.3314657149,2.06454730235,2.59612274712
19.4948786137,1.92550135296,2.51673777757
30.3512219048,2.44056887593,2.74348503316
6.36085852206,2.5778051222,1.21275614818
27.3629388041,1.9478360425,2.96403586839
16.1612822667,1.27885633023,2.71145587256
4.894462724,2.77180085718,1.01345327851
39.6000985745,2.76601074122,2.88682521344
7.19237819242,1.29526619933,1.80151024358
31.88278413,2.77865541616,2.58222827086
39.0023280881,2.88074023602,2.78548053195
25.9729767563,2.60953854443,2.43106147774
16.1647230009,1.06018566571,2.85648451934
13.923596591,2.56425951397,1.80044980646
18.2840744832,1.93858731148,2.42887423062
23.8723831465,1.7234166155,2.93843310509
4.93922835891,2.00360704586,1.24080999728
17.1802215885,1.48408400304,2.65408621944
32.3255063624,2.988880697,2.47052329069
27.8657617061,2.77711733072,2.41499798781
11.2593433552,2.99431837076,1.45615394304
10.2049690146,2.63607276709,1.51370364841
30.8031770929,2.53845607228,2.6955495443
20.1080303166,1.37592948371,2.9519087349
14.001999111,1.68564245425,2.27299970166
5.69898509772,2.89289442636,1.06162364659
34.1849334245,2.59392261871,2.80003564747
19.1998140073,2.11942087197,2.37257456873
34.2003318017,2.70631184478,2.72282284072
7.8081640853,2.16182039045,1.49621704831
7.64624212527,1.04613780732,1.97084714371
13.6807230683,1.05635994037,2.63014301242
12.1194153974,2.62288154303,1.65507017618
6.28904078269,1.77948766882,1.48596449675
20.3313262134,1.46849549881,2.89887902562
10.8087512276,2.01346942637,1.83074602363
7.10194756055,2.44343862741,1.32612076441
11.499446379,2.76338409937,1.55665637294
11.1676014413,1.12435214268,2.33938345889
28.6933219199,2.64220411265,2.53429193419
4.49244806832,1.46458147546,1.36403845026
5.85469475338,1.73059579729,1.45242886233
21.1930046505,2.98703902336,2.00126310229
5.55774243862,2.38871735719,1.18977455049
15.0599935655,2.86796655652,1.73627309094
30.3089394428,2.5797291902,2.645998412
8.23101022413,1.73807450695,1.71873690205
16.5602857316,2.29071390534,2.10665160694
27.5033032811,2.89980772299,2.32828120847
10.7170151579,2.16762475299,1.7502251506
21.2372565619,2.76784025655,2.11312529869
19.1043664003,2.79713506175,1.98978173468
20.809978273,2.42031544258,2.28356077595
9.03650534483,1.59991340144,1.86768138845
22.457139995,2.10465000381,2.57597355872
23.8584277307,2.38183232497,2.46949930536
23.5201776659,2.03778892198,2.68325867479
12.2597689769,1.29342743859,2.3530963089
17.9889841855,1.51726340866,2.69260364467
27.1695673286,2.10850544735,2.83050257827
9.79675212866,2.64760450245,1.47883135222
5.44930535432,1.60730027535,1.44754386029
24.7922200367,1.89378037835,2.86216406395
11.4294094731,1.72604328377,2.03178589052
11.413546117,2.20265446585,1.78966049953
9.78595891318,1.1652221397,2.16888582179
30.2174685315,2.4225804038,2.75012590292
12.2611678311,1.61973593517,2.16425922893
43.7589202307,2.86104232109,2.96464133532
29.8267527536,2.72421616421,2.53147107216
11.65787814,1.8912745153,1.96397366417
15.5896135077,1.79698732046,2.32872219593
24.5204773527,2.54994323058,2.39798669373
22.1885806642,1.91677683718,2.69121731006
14.4551066974,2.75907381947,1.74714036097
31.3959704007,2.74757052914,2.58220470926
23.0590743964,2.11461066203,2.60341510735
10.983779573,2.24617682343,1.73573944971
8.3656700759,2.06521569567,1.58869377506
30.7778441588,2.69567084495,2.58985237001
24.5102284151,2.89376404842,2.20117101426
28.5211633205,2.69158104972,2.49564373482
22.7844007412,1.99397615681,2.67179796875
40.1310169042,2.82454691285,2.86454131895
2.88345937164,1.48446711798,1.08721286911
14.3990296722,1.39243186264,2.48752513742
38.1624913235,2.64169013991,2.92307950693
7.36666472434,1.54842850165,1.70916388444
23.7521741011,2.14211415406,2.62316141336
22.5281201642,2.02997704509,2.63149924663
13.1074502085,1.55330138152,2.27696090947
21.3561201933,2.52738101186,2.25078550791
6.92076512878,2.95454456514,1.15258933663
18.3530056984,2.38182516032,2.16591995273
16.491503568,1.7765293986,2.40816969347
35.6481523193,2.61049309081,2.84740406491
5.25851257084,1.03520107058,1.63843390989
3.83969440878,1.60552480623,1.21565901462
6.18383226243,2.183076043,1.32410308352
2.37384025349,1.17326509617,1.06617605597
36.5975848763,2.8552246388,2.7150739477
9.5986449731,2.13399175183,1.6711205932
22.0296720988,1.80744229638,2.76057156117
32.3362159775,2.77276175648,2.60431062737
9.11447640014,1.18688627887,2.08235419933
25.0629263208,2.03166614462,2.77435708047
22.4475269209,1.83632317562,2.76534398435
13.4282129281,2.03466111832,2.02913566225
3.70082927329,1.71688156575,1.15895967286
24.5441877717,1.8045399508,2.91610980424
6.38405888828,2.24814725966,1.32261447902
25.1346849546,1.954237379,2.83596446108
6.36113464041,2.74938583473,1.16178494165
15.9220079713,1.18112622078,2.75604724184
18.2545993195,2.06098347353,2.34942826198
22.8282612143,2.00593322539,2.66590284037
23.7258331066,2.24985806493,2.5485976791
9.75692276573,2.51350532832,1.52673711716
29.6094465568,2.69373683478,2.54144399413
20.5239651702,2.1527596538,2.43156803173
20.5035008554,1.7209872121,2.72496607286
13.4620030246,1.02967101113,2.62476439575
4.52171572361,1.40803279917,1.38844492088
42.808771508,2.8819085858,2.91741233321
25.8287739102,1.81268932992,2.98498407903
19.1960790901,2.22371424513,2.30817406751
5.63803890695,2.21320675377,1.25436043972
21.9605077228,2.96721376037,2.04689363414
17.4362854435,1.60031430215,2.59408303714
15.5365886536,1.53547753947,2.49052536683
17.9367903093,1.89664072229,2.43264760401
15.2821658801,1.83639559083,2.28164993921
43.1819040462,2.90436981579,2.9141596255
8.27994690699,2.06976131484,1.57863414927
19.4086941488,2.50509943771,2.15792821065
16.672051767,1.99595243916,2.28429255025
15.8349108588,2.72089554749,1.84601909344
15.8694444994,2.75063754967,1.83444500849
45.5145464518,2.96580258772,2.94778966748
33.091127527,2.756508963,2.64513888455
26.8893303115,2.55967049086,2.50495836701
7.74861980323,1.33504701521,1.85141330006
4.96452434697,1.42101237547,1.45003183302
26.4636655076,2.58753500675,2.46758451103
16.4175706611,1.87380580769,2.3415080127
19.0108087571,1.23166620159,2.97502526897
10.8483210306,2.91199432219,1.45794535347
31.1971379992,2.33992713074,2.8546857103
2.45714175066,1.20030494601,1.07771413032
19.7184857779,2.27881485388,2.30591320193
21.0380166145,2.24707164318,2.40164819458
17.5353965447,2.26586724276,2.18188361599
45.4441350325,2.92462372428,2.97489461805
25.4485260283,1.93084177487,2.87139599514
12.6419114441,2.39792936212,1.79014836249
6.77250148699,2.46231943775,1.28873874992
9.32336639812,1.02495490546,2.18665092135
7.41279321039,1.32064594683,1.81738651787
5.54598101079,2.20310696461,1.24737770922
23.5734240486,1.98062021895,2.72731122465
27.9674872444,2.35131605121,2.69491419069
34.9416279815,2.73579298026,2.73207910246
12.8349689509,2.69595805224,1.67233090746
24.1204392273,1.71457954224,2.96057349335
32.8986357884,2.63666287717,2.71743752307
9.00690940552,2.58404766438,1.44084673823
8.12378165649,1.89429158137,1.63816243319
33.6832769494,2.35109242096,2.957675739
9.65544744668,1.71810795768,1.87138915447
12.9187428856,1.8168780301,2.10871232799
11.5442458067,1.31040396221,2.27378166582
11.6052180644,2.02736096335,1.89002865644
9.62169110834,2.00678693383,1.73035541736
22.8232757184,2.53647775348,2.32143734017
17.0109389696,1.71762951837,2.48425982167
15.8186994588,1.39572178479,2.60509275704
7.72603684717,2.79190091243,1.26700136919
13.7073102383,2.76218705736,1.70003916388
10.6874177989,1.06426709232,2.32049724021
18.7903629911,1.62945018662,2.67240502897
14.8663161054,1.76475785499,2.29358135046
7.38658736674,1.72261934361,1.63486335747
20.3979459515,1.83271881387,2.63860155971
41.2181995581,2.72283128175,2.97689792058
27.4800105361,2.26446392172,2.73238185241
3.32650713518,1.76072094958,1.08610401807
31.4679215226,2.75425024119,2.5808898289
19.5464022173,2.69618879243,2.06363664758
41.4645834741,2.78581402429,2.93960235426
25.1699036697,2.96591056575,2.1920521785
42.4345102337,2.85166744073,2.92612113231
12.4299021899,2.37662917641,1.78486762909
33.4926624224,2.82680736839,2.61546673026
4.69141997979,1.47275742158,1.3909845668
7.47485426406,1.82482118166,1.60063645873
17.4961987267,2.25100930484,2.18792120028
4.97506225716,2.0201669414,1.2398489223
35.5771227185,2.63004618289,2.83059851992
16.6940793197,2.72825145001,1.89197719075
21.409949276,1.79112094724,2.73327816554
2.73142117376,1.33050216265,1.10047480079
32.2210445182,2.60372576679,2.71169877194
14.0068240709,1.42554355736,2.43279535939
15.0892647718,2.40867683936,1.95035164252
17.8845987213,2.91665902425,1.86985985774
15.326833701,2.98025460672,1.70467088559
19.8915630054,2.56877190196,2.14952866891
3.70046318332,2.12617612969,1.0397422134
12.7721367317,1.2969225314,2.39968226941
20.3588634028,1.69607337442,2.73328317376
13.1579743468,1.22259943352,2.48051560737
3.17902983182,1.12332288706,1.24845615227
15.4088719435,1.01020108511,2.82034759464
3.51487918642,1.2653764072,1.2687112584
4.23138839594,2.44766269937,1.02250328226
26.2997231872,2.05624944849,2.82355069311
5.05729932604,1.32601628411,1.49910719788
7.48316520958,2.34721021528,1.39547852859
35.2882153901,2.61606051516,2.82902142063
13.3497575817,2.05789224086,2.01079553505
12.8917709417,1.60816923812,2.22596552156
29.4420234478,2.78368518179,2.47834436012
10.7785519356,1.65382384085,2.01107896815
16.3802989683,2.45874233432,2.00608597772
7.47459940623,1.07848342552,1.93432051822
8.37411874809,1.51764855314,1.83694116041
17.9508713871,2.68368065141,1.98380173224
36.1588543374,2.50370443787,2.94646138955
26.3616936777,2.82687133976,2.32035379774
10.3427659846,2.94273436807,1.4130312776
23.5633695491,1.83096422746,2.83727636099
20.4319933299,1.49306435753,2.88767202461
20.5298205852,1.87154575175,2.61995908791
26.0566428466,2.22139166717,2.69082721575
8.37195641518,1.16087409144,2.00815437404
14.5705166817,1.7259799845,2.29409181571
17.4709171757,1.5614208301,2.62321672569
30.0407407012,2.08125536653,2.99780457156
20.0210935198,2.46880350296,2.21214015713
19.7265318513,2.1463890001,2.38786453415
19.1744043364,2.56928155211,2.11015163772
23.9808373258,1.82168254329,2.86936252448
5.30178666102,1.53609662739,1.45463586251
12.3035540118,2.64052089249,1.66021779908
17.1659741158,1.11659932344,2.90564087565
23.1427775404,1.93224243241,2.73720912474
3.82615638662,1.4604793406,1.2601580413
17.5398855583,2.54830020737,2.02897567585
2.91609697357,1.57037930189,1.06920516235
9.24730997699,1.76664993748,1.80801628144
15.7739348615,2.48665774444,1.95458439055
24.9836046621,2.12769572277,2.70054347628
3.0418699153,1.21938731534,1.19359267953
10.3346573664,1.19997744461,2.21039947046
23.8999124549,2.03925253067,2.70378455214
21.8837344328,1.79072873598,2.76364288303
5.00751959572,1.99356526907,1.25268957458
25.0040539373,1.91776980414,2.85610838394
26.1356657434,2.64135597728,2.41922070697
21.8639727273,2.96164290991,2.04512696066
28.2084498684,2.8226913658,2.40271474414
9.29467573109,1.93183390275,1.73486016368
10.8581695991,2.15736234789,1.7664767742
16.9434894942,1.20921035659,2.82394955403
18.2602472009,1.63586402792,2.62999851707
21.1144839967,2.45070363229,2.28230929099
6.25960283808,1.54714344826,1.57603952264
6.23562167812,1.52592765908,1.58172732747
15.0384074337,2.22499967669,2.04228789906
14.6850685355,2.98148380308,1.66810841685
17.8273989195,2.4104767653,2.11895336004
8.60060387209,1.35541673822,1.9405834596
21.0280251743,1.67504643604,2.7933039603
32.7212422689,2.87266104109,2.55637066981
46.2364621893,2.97588347316,2.96389020868
3.24122692792,1.82800205191,1.05312339221
37.0707462606,2.5827730411,2.92405493511
6.98260023528,1.84762829608,1.53769277767
36.395036636,2.9031132812,2.67618328159
10.2524823617,2.16346335853,1.7137478313
13.5735823961,2.24484329186,1.93022240197
9.15502179496,1.13881423032,2.11094849991
16.7927079303,2.68278090277,1.91917008826
35.1610459531,2.593453194,2.84006690377
30.4700270403,2.91403179729,2.44220495567
24.7201915859,2.03335287868,2.75409149894
23.0485942802,1.61642223322,2.96991172941
9.77268151289,1.08553210748,2.20820122096
20.3457957261,2.12045603035,2.44168770865
13.9763855281,2.62126977846,1.77807136327
9.84314445019,1.44997415039,2.02667210844
29.5380915638,2.57826135137,2.61310403428
15.9765288673,2.79889010736,1.81883286626
34.7974159728,2.60558457755,2.81670605229
18.6981570889,1.17536909118,2.99078068191
17.5336331601,2.98177776095,1.8226010946
18.58297036,1.63892856635,2.65099924825
24.8592779936,2.88862115533,2.21956021362
21.6631878806,2.8576052585,2.08768159258
18.9372407899,1.72903583832,2.61324675559
6.07803140044,1.56267882225,1.54673227102
30.2833721129,2.68097982388,2.57840196464
9.80448189049,1.00166916256,2.25396872398
18.1238257326,2.45672749102,2.11124182638
3.78284927929,2.10997318633,1.05575580113
26.2702806511,2.95303964491,2.24640090503
19.6908609,2.55609603315,2.14553981951
22.1818923709,2.06555027679,2.58672756203
14.4333007403,2.66667973929,1.78642341998
31.1222074203,2.30054239343,2.8805943996
10.8917646232,1.90082439491,1.89353493442
23.9653736926,2.1254640737,2.64649622184
11.480324989,2.04202804738,1.87254325827
20.6267719067,2.82677358176,2.05254928168
19.849533282,2.56438114116,2.1496465884
21.5437237544,2.4320477604,2.31646691943
22.8350131814,1.57571595548,2.98782261142
10.9051586409,2.24122719501,1.73175697913
12.75524399,1.20768835662,2.45109162278
9.60913599362,2.22507357643,1.63248726826
32.6807021862,2.28587263305,2.96314242657
21.8850620782,1.84009788612,2.72774299427
39.3489999043,2.8129037497,2.84460877481
1.98570529755,1.00027591841,1.01467328297
2.62162087208,1.33918932785,1.07578355556
32.1074417582,2.79752470319,2.57929093572
8.75974844816,2.36915346664,1.50126648041
21.8907122936,1.71051213349,2.82345157295
29.2330298962,2.3021994202,2.79059277073
7.01691231037,2.41831871179,1.32670104087
8.12846197913,1.75350829783,1.70102819916
16.8164078315,2.11050904859,2.22566171084
33.015980064,2.59921511446,2.74807134552
14.6303039747,2.76995592517,1.75297514356
9.76168444832,1.86277206626,1.81082495561
18.0057789366,2.30648110791,2.18766835354
24.029563379,2.42603161792,2.45025194241
14.9951787441,2.60411231831,1.84971626412
16.9767768931,2.75318619717,1.89617070645
27.1526752176,2.78116025471,2.38152152245
12.637653638,1.37676199404,2.33969831146
13.1229519969,1.36198168662,2.39312162014
29.2006016047,2.92535214375,2.38425159624
11.1609493731,1.55186220296,2.10189026037
9.20610650075,1.08703509503,2.14249410554
23.291131777,2.0540832829,2.65866879144
27.8113456031,2.20278026085,2.79355367141
20.5435781738,1.79240255705,2.67649466297
19.6191379567,1.39761135528,2.89980722442
19.2867045665,2.7577043671,2.01879989348
16.4815302414,2.17059702056,2.16878392154
15.0268319369,2.7370751279,1.79108948165
17.6990826415,1.86964324352,2.4338667223
11.2355680119,2.82013039245,1.51734002949
41.8327011891,2.74762396481,2.98061524936
19.4046510553,1.76472330945,2.62041069284
26.0274142796,2.24271592501,2.67434424293
18.3801044945,2.87589374838,1.91443695642
31.1707359872,2.36266807793,2.83670742967
26.7238714318,2.92948067712,2.27862328147
33.2161940844,2.54963280986,2.79120327918
13.6010339337,1.25204061743,2.50389082053
23.350759572,2.55098120274,2.33947489488
17.3936893548,1.72646499267,2.50618674745
4.46673518649,1.83486190446,1.23403802627
4.55062269643,2.2892125748,1.10475034715
3.16638949563,1.33182574254,1.18446971945
13.4803666931,1.82042877898,2.15203171268
6.19661177664,1.17781087126,1.7207155267
19.432253532,1.95355614902,2.49404440466
16.2065149157,2.77657064374,1.84197916934
10.9725966741,2.2089184815,1.75186808627
12.0107707927,2.47007598397,1.71282357026
6.2486416142,2.20640903343,1.32289497016
23.7260504053,2.29495660623,2.51878699339
11.0335978418,2.23365892414,1.74537908184
29.1898898877,2.80944969852,2.45211234066
15.2615063639,1.91038974097,2.2357305622
11.5214413105,1.64696273774,2.08298946012
8.77711420074,1.35998613189,1.95813892534
8.73773084727,2.57532375951,1.42228837367
13.4490484116,1.02811049939,2.62441676181
17.160341606,2.14405038231,2.22851103001
3.52149864347,1.03257096895,1.34158225661
14.6643555554,1.61459686518,2.37006885013
25.3835419046,1.83832355911,2.93907258362
8.1736933823,2.1560647674,1.53315870558
20.8567803273,2.58487076801,2.19211405233
34.5274243883,2.859195574,2.63461176351
26.0144233161,2.83988567237,2.29768572847
23.32145848,2.22590168368,2.54267747368
9.07740580234,1.2915658853,2.02572211152
7.58248440765,1.78403251696,1.6296654392
12.4484410501,2.16176903411,1.88922413564
21.2008570877,1.49501347556,2.94001949725
29.1448665028,2.9967095416,2.34144116846
23.1523489733,2.33167112183,2.46450184049
39.9472891287,2.63082141015,2.99883016671
2.84230573488,1.37368197471,1.11045395385
7.59716625528,2.60517371892,1.3162513962
6.81966638607,2.57158769059,1.2577104019
14.0538023825,1.98872403251,2.10129336746
7.33022344156,1.06092738231,1.92323855207
13.6940414201,1.26686516756,2.50330823503
18.880670859,2.36899307252,2.20413761611
10.9603534286,1.06830726002,2.34777866766
40.2619792734,2.87531735516,2.83384167655
28.1499641882,2.90191378443,2.35429045079
10.4967264151,1.28123370116,2.18391886054
21.7355033229,2.97113142148,2.03446478088
29.1376286594,2.55089155003,2.61339386849
8.58068675947,2.77709338453,1.34012374993
14.6411230435,1.58555025176,2.38629377452
11.6960592599,2.32537152761,1.75453490607
11.2091502239,2.86801511168,1.49791388686
5.64073788266,1.95973720933,1.34152263706
24.874670204,2.76915513023,2.28619698217
9.83003074084,2.9628786771,1.37089473285
23.2060347881,2.16356104845,2.57823031503
6.63105031844,1.40056571009,1.68458899877
15.9610718142,2.44883704212,1.98528729175
5.50271612447,2.39252609882,1.18270623628
10.2520284336,1.58805146688,1.99552518433
5.50868440311,1.47075658664,1.50805825228
32.2121228743,2.73130386199,2.62612379475
16.7662390337,1.85467448944,2.37829668347
32.0527784856,2.77152151273,2.59366580439
18.8759576083,1.34750338041,2.88062936108
23.6809909935,2.33668626935,2.48923624795
6.97042891413,1.94821847888,1.49584895429
23.6261840511,1.86746644495,2.81364517734
18.0539855383,1.80018090368,2.50390877029
40.4724511108,2.90986914467,2.81749606781
32.4017571304,2.69418825547,2.65828033304
31.9257622678,2.50994078106,2.76422351422
7.70619383844,2.27151472876,1.44428671524
29.6843199183,2.2322217586,2.86390200175
11.7567830313,2.56587926932,1.65375547916
9.70798698481,1.67579834127,1.89756816318
5.72909206932,2.78701512414,1.09235622011
29.9165485186,2.87347811471,2.44387089635
23.7651205178,2.53327533445,2.37078217695
15.1869387938,1.22586898775,2.66279519239
2.99938946219,1.71566804246,1.04369748155
28.7052378986,2.98672265443,2.32927852156
22.3546178429,2.50492086492,2.31601968795
31.3086941395,2.65526783029,2.63861148869
14.4992997702,1.93219334572,2.16660336935
5.20897878517,1.24455530724,1.55239144056
7.53213541381,1.30576131344,1.83876842197
27.0328262745,2.45818780427,2.57748481535
25.0148335828,2.0869318103,2.73146298893
17.2717441552,1.12317499479,2.91010799702
24.2759574107,2.30590161465,2.5405585552
21.964952305,2.33215895813,2.40016852567
17.5764986649,2.48990267557,2.06153330669
17.0903918397,1.8790382792,2.3856875395
27.9426470331,2.19950072547,2.80255118029
17.1497967081,1.64545475888,2.5423513827
26.4456715433,2.33012523107,2.63501602758
6.38001986916,2.4475743096,1.25557926885
6.62697788177,2.40343410435,1.29426645008
19.3482717228,2.4485117699,2.18599764137
16.4356846613,2.04248652759,2.24024723766
11.4825567485,1.07494873372,2.39941456628
22.7958261455,2.82842715247,2.1568981494
9.15225433666,1.20142881537,2.07938511246
19.7054423704,2.88251220684,1.979068221
39.0715292433,2.93938612037,2.74861801544
14.0772638271,1.44915435547,2.4241926285
7.1261284745,2.14808572558,1.43455459437
15.7844838389,1.7457590534,2.37527631766
4.59217181678,2.59932916217,1.02485510997
4.09331772475,2.36862297808,1.02638268271
16.9893162029,1.66391527413,2.5181516485
10.2848491506,1.09155996228,2.26218429969
18.0401574496,2.12472177754,2.29659463989
4.01002970126,1.49860403264,1.27744939895
7.3525178765,1.70929859953,1.63684591713
26.4669423661,2.19045565886,2.7340279881
23.2530192554,1.98814292479,2.70331331593
4.55540950315,2.45857127811,1.0579652236
7.67297522223,2.53870813908,1.34525196283
21.3831100938,2.10322526614,2.51456558275
34.5194263407,2.99688885053,2.548093532
16.4658866713,2.39578154902,2.04416493872
25.0429806667,1.86922653449,2.89542617699
22.3949643197,2.04104063589,2.61603466709
9.82004205092,2.1770583565,1.67123082119
23.0221360707,2.09087530746,2.61768165607
35.1315526662,2.45994089753,2.93699921014
10.2158284961,2.86715500902,1.43030394953
15.7687011099,1.95322413641,2.24687460104
10.2200509109,2.28075594937,1.65925378295
16.4751502462,2.49664670754,1.99246451419
15.1313834335,1.45610299704,2.50883357216
20.691170512,2.89326993327,2.02266866973
4.42635414394,1.79324524611,1.24209356882
23.8652615071,2.34273131362,2.49498574922
14.8547685445,1.31726737924,2.57487212853
16.8636850196,1.32485877204,2.73826406469
19.5990288078,2.77751472228,2.02514445304
7.71353273372,1.86522265183,1.60863698639
16.8656421245,2.30595392102,2.11756404266
34.9775745123,2.69829902534,2.75909185583
8.41300637416,1.10988638968,2.03733289853
12.5526083436,2.91788784599,1.56605598118
32.4802186113,2.84226232795,2.56590465274
4.95380573388,2.30637591341,1.14751111996
7.30503364209,2.12971960114,1.45949631538
20.2512576684,1.59491097856,2.79961276974
24.7641659841,2.7579321258,2.28745017686
30.828799414,2.13320488022,2.99551295986
38.1527715791,2.78417861161,2.82090228491
35.973591305,2.7903252659,2.73501128287
12.1713476411,2.7618579438,1.60209209212
7.57993544815,1.65630639831,1.68537915111
6.3013472232,2.64298892531,1.1874008716
9.48194538336,2.40643417063,1.54695859351
21.4017500987,1.65528531572,2.83273758978
19.2766844585,2.21867042466,2.31607416618
23.1567881134,2.03665886629,2.66324651596
5.46691311167,2.5410927374,1.13482690948
25.076243443,1.75261916579,2.98841480998
6.67404042445,1.37660835412,1.70034851204
21.9783085385,2.47352302176,2.31494656653
39.0016397555,2.90056116118,2.77207547459
12.8473214751,2.57397406247,1.725214084
35.2397673182,2.75515025833,2.73058199049
16.7887802008,1.00845861032,2.9450605567
9.28915624128,1.85982659769,1.76783614704
2.83737323647,1.00391642068,1.21193302951
11.5249062501,1.50538306902,2.16185239894
8.90078990686,2.0198822196,1.65850410041
11.2823358325,1.8206476195,1.9686662339
12.3812349245,2.90048000207,1.56190332809
31.3287804611,2.72600257333,2.59327744435
23.4968895735,2.9834324073,2.10905811815
33.2604103416,2.34621773021,2.94276826136
40.2340072836,2.67301158781,2.9779006178
11.9684020938,2.08662826271,1.88951102669
14.7812771079,1.97599999956,2.16227886752
34.8500322458,2.54262198872,2.86412112549
27.8645600313,2.11078317604,2.86475321211
13.6907703248,1.31209789091,2.47512196926
3.09242439844,1.70804503396,1.06189908309
28.0736770949,2.29052047277,2.74302867995
28.3168074904,2.08139002495,2.91041343484
17.599329712,2.19450266081,2.22708927991
13.3037372424,2.61295209537,1.73839433096
32.8366129994,2.7285291263,2.65328492971
30.9721476887,2.47162334742,2.74941785341
7.15801533679,2.8103996646,1.21400115025
22.4507229266,2.54739660552,2.29603376638
16.8746078436,2.25106453624,2.14867335474
10.4345033225,2.47011244167,1.59646362106
23.8498193239,1.76595334657,2.90413885256
19.5792275614,2.53129504927,2.15297100802
22.4921286956,1.85389679797,2.75520040051
12.0084337459,2.20197056631,1.836037186
5.88676440694,1.89066461364,1.39583663739
14.6597679111,1.95893270733,2.16314848185
7.22816107073,1.69966197319,1.62708394759
28.3242399961,1.9910397722,2.98127580184
18.8072351801,1.93105778271,2.46830793549
15.344089636,2.03216936388,2.17049678506
16.7143509397,1.25739899437,2.7720660743
23.2781843648,1.95312546769,2.7300261141
33.833147037,2.69419722877,2.71635622507
19.0448435713,1.60412683689,2.70839123349
20.8168497708,1.8445529168,2.65719372593
20.8632260923,2.6698653858,2.14608087682
10.987603442,1.02501880923,2.37376857967
7.34733819339,2.92724672582,1.1954249264
13.360702353,1.14018245058,2.54931047862
33.1400261955,2.47171121617,2.84394857532
13.8288278009,1.94007603047,2.11149252839
22.3388056479,1.84622911047,2.75139124044
30.5129356174,2.53150868162,2.68756389857
3.10114290937,1.1828637742,1.21581660655
12.5810971874,2.70076143787,1.65372774816
17.2241829161,2.74211416321,1.91518276531
13.8642485471,2.27867452249,1.93361604383
15.7071464831,2.02080767594,2.20264456526
10.8964614445,2.24441107142,1.72962499948
6.8955729024,2.69905735623,1.22482598664
20.4627478112,1.92880032786,2.57619771662
19.7428688478,1.77625589832,2.63507869861
20.505388685,1.45778026342,2.91930327537
16.2565765756,1.6151218223,2.49507818935
8.46596827757,1.41125582207,1.89827241001
4.08184348694,2.22163531694,1.06494463067
44.09319361,2.92007759141,2.93356662737
15.9851574536,1.85008153404,2.32507233209
11.4770856814,2.58126806307,1.62761233116
10.0716328925,1.84889987423,1.84613839965
21.0106154617,2.20630588478,2.42584861507
21.9948585931,2.25233614891,2.45227835235
2.59086253161,1.57307680159,1.00710798603
19.4772034373,1.32730600265,2.94101019851
21.4474040447,2.64764512003,2.18806656715
8.99608083448,2.32595199927,1.53852093915
14.035561161,1.01906463247,2.6864446274
14.1119286857,1.77244621302,2.23007973961
19.7737984562,1.8789460632,2.56621620117
3.92582573657,1.95656878679,1.12011032136
40.249883218,2.96884460096,2.77004109694
12.850814666,1.20566052187,2.46146166402
4.24671395568,1.24768462069,1.40061605552
27.8299115029,2.43342114421,2.63189319982
5.82676355438,2.44494051142,1.20071662659
9.77779116334,1.74767074937,1.86852706784
8.32666400002,2.16286604064,1.54467163631
4.393408074,2.44243946893,1.04329367801
18.9567145889,1.49515390522,2.77996454043
4.10442587941,1.10499450432,1.42464258032
13.0076016072,1.48451862628,2.30914125756
4.35604199594,1.57206945485,1.30621373249
22.9539144241,2.09549314204,2.61061391531
24.4149205934,2.19955901783,2.61963505809
14.2074440695,1.63348401694,2.32130400547
22.2663719225,1.76705007809,2.80526109058
15.3489056375,2.74781279625,1.80537057226
36.3580013458,2.46254573637,2.98583043702
11.3660763608,2.00962131069,1.87926743966
8.77153379611,2.11373917584,1.6060539183
5.12690649401,1.72035643826,1.36284751181
2.9546236548,1.70130528924,1.03982085727
14.6826144767,1.32306322009,2.55620534783
15.4714213457,2.33097107006,2.01500288408
15.631532717,2.33187557266,2.02492686768
13.8189425986,1.76136237631,2.21330243372
38.3415740215,2.79252699796,2.82206303962
10.722661766,2.98569106327,1.42396567531
2.74905249339,1.30917936677,1.10991562972
21.354091379,2.65706493365,2.17815064093
14.8418779572,1.2336164431,2.62741426018
17.3803611758,1.5649973866,2.61396711218
37.8423732003,2.82261460842,2.78297919656
21.5353203449,1.48471556678,2.9710192131
9.68345671748,1.18814244125,2.14572050235
42.2110855218,2.8406486969,2.926278909
25.0533458611,2.18235697792,2.66567910589
20.0017988004,2.42145263919,2.23812398779
11.1250891211,2.18829858621,1.77357213771
7.12474110417,2.09542632719,1.45447572526
7.91500399425,2.84105030209,1.26702551388
15.3822210633,1.22496040081,2.68045192913
30.8192684295,2.21013375367,2.93507657847
6.2132996341,1.40456585795,1.6290024399
18.7873939715,1.52147668674,2.7486994
12.5253343173,2.25840519499,1.84762985985
19.2112447334,2.736718115,2.02534858906
3.97357438126,1.45413691012,1.28630132776
16.8740691594,1.14107497435,2.86435421252
16.5232476726,1.2440824594,2.76517640246
11.7840595205,1.59010309695,2.13828918166
29.0764941073,2.47213600731,2.66360054019
23.5862528272,1.82396055956,2.84393753647
22.0715431704,2.03795384807,2.59919956327
9.47057063006,2.08388666356,1.68203123136
23.4328215176,2.6073913015,2.31037493125
11.9198839834,2.96756829708,1.50790194022
10.1491244908,1.63648308576,1.96040473965
11.9992049792,1.96940172695,1.95160688771
5.31555449663,2.13181775478,1.24430249878
38.0170357087,2.804908703,2.80154694112
12.5824994655,2.46984645433,1.75321905813
12.7038410092,1.28759202177,2.39879997977
10.0321640926,2.70246669444,1.47610591908
13.0288580061,1.51409149319,2.29339994844
34.8259062658,2.9371883719,2.59636485245
22.000753949,2.40028510814,2.36013839301
15.8911102705,1.46949119531,2.56219942454
21.557825603,1.59418684209,2.88906190733
41.8244564375,2.90347088548,2.86861498452
19.0989683471,2.19166364583,2.32176498084
13.9809303663,1.12652839673,2.61618427
9.42836894879,1.01837698631,2.20215409146
39.2426561493,2.80669042705,2.84510162376
23.2524249294,2.61135715795,2.29916499463
7.80441733784,2.38905729102,1.40976778022
20.5673098889,2.31227400341,2.33458507254
28.2129517486,2.97574804768,2.3153049137
11.0737705948,1.73059595812,1.99751700257
10.0837437215,2.18562110479,1.68971498123
13.2406401992,2.06658323637,1.99796203889
27.5056344054,2.69664511785,2.44771715596
36.6998247222,2.65403428629,2.85765146903
6.74315350471,1.76747011575,1.54358915812
8.12049980393,2.97068396701,1.24366490857
8.1850910486,1.64412157689,1.75699392884
17.2619311167,1.30115569815,2.78682722665
4.89948192025,1.92522905672,1.26178158837
13.3519154391,2.42998039761,1.82460310348
3.31173269917,1.17046251778,1.2601462545
2.80714895154,1.53670972202,1.05829464245
15.3171793063,1.29597968481,2.6285303063
18.1750774263,1.91397140644,2.43750628712
26.5634806893,2.31091228864,2.65410002727
5.34740040792,2.092780323,1.2609469571
31.4302501586,2.17218801459,2.99371014357
22.3311669548,1.8356432445,2.75866545885
18.8611250626,2.68146188815,2.03460448901
23.1320591049,2.56931302129,2.31769567195
33.7182105625,2.45299587504,2.88244516089
6.58106845356,2.29672790882,1.3259481417
10.2463615393,1.52071277098,2.03032228672
13.6862133853,2.11668445612,2.00459442369
9.92060078654,2.05771645007,1.7334862824
32.9587855241,2.39998634479,2.88893494007
18.2470254008,1.76592114747,2.54023897872
12.4096985454,1.4012822687,2.30411539682
10.8227934234,1.06129528536,2.33672669422
12.8749294213,2.88873709158,1.59728667579
14.2347576727,1.91382395077,2.15724592834
26.8032090929,2.21588464848,2.7330451792
17.745043441,1.51670081446,2.67467529073
19.0840496417,1.51347221716,2.77607805498
10.4381619756,1.73829692744,1.93539345537
20.7258908021,1.52854693893,2.88172574361
32.4521402544,2.28242095633,2.95542113373
17.9597281804,1.6293244792,2.6127564463
27.9518955929,2.90239503535,2.34571938563
37.1831440737,2.66340058363,2.86966470448
4.78818329287,1.37606967059,1.44041665232
6.51683330085,2.44301213106,1.27045774811
27.436868245,2.12633171516,2.83104703533
13.4053009222,2.26144809231,1.90991189459
25.1091139504,2.24057075905,2.62821711884
24.5773997177,1.70517730459,2.9959249224
3.84018789933,1.75533580062,1.16861982316
17.6832060672,1.49576364303,2.68453890428
15.6039915442,1.97845799821,2.22019106307
8.02553843444,1.55112869036,1.78270558543
9.1020686549,1.89749556788,1.732520059
38.613036161,2.59438816091,2.97551476015
17.4105058446,1.91805345136,2.38310099263
4.51365042693,1.48039259544,1.36169110545
12.5849121053,2.47180861969,1.7525062534
5.7755641068,2.15948251369,1.28761048439
3.5774211417,2.16876065978,1.01090952054
17.2176486153,2.80045242881,1.88743319683
13.5623566807,1.32494687931,2.45559702377
16.6009470794,2.08993620496,2.22340307316
11.9492939412,1.33717296147,2.29789823695
18.0087324945,2.83596774366,1.91355741588
21.967455297,1.5277768469,2.96737796262
38.8326793352,2.9551049831,2.72984272592
15.1660939142,1.47399264518,2.50016511573
6.11381393621,2.65396456322,1.16638241733
20.4490602299,2.26343782561,2.35768624174
19.7747520183,2.17244655489,2.37444344505
6.73139721909,1.87018887857,1.50075941648
17.6433297373,2.24292377752,2.20175228911
26.5231935817,2.96021314778,2.25329471693
4.3156498085,2.40486719558,1.04406738978
20.1784237332,2.83916362831,2.02396904669
29.8817541589,2.13060650369,2.95116435293
32.4199642056,2.26543062368,2.96708213509
4.33039287867,2.26662561895,1.08405528415
5.93808788195,2.15094197134,1.30853979726
36.0590123285,2.85236253828,2.69690646773
14.5532733435,2.31379467577,1.96304171312
8.78037793994,1.04714737454,2.11147812568
15.0023869646,2.93321197942,1.70573514848
26.0706731739,2.0851259053,2.78984373906
17.393047952,2.42092811595,2.08735398531
19.0424213876,1.40333939025,2.8527078338
30.4356559352,2.63146843863,2.61715173372
8.27406054378,2.9451412041,1.26310873795
12.5188056268,2.97248758337,1.543495358
15.3856946917,1.46500180293,2.52404229929
42.3457495661,2.88232914484,2.90129520094
45.6829602872,2.99321571181,2.93388117381
37.239180936,2.86986250888,2.72900956868
12.8546589742,1.46708838897,2.30587073077
14.7869689295,1.07502660751,2.72281310987
32.6660919028,2.97138542046,2.49394815668
3.20377287911,1.25486490572,1.21439409946
8.98890985518,2.53731814835,1.4565610779
44.6874307993,2.94557200667,2.93514109433
27.7799538552,1.99413762642,2.95006763404
14.2902527637,2.70221493147,1.76184381945
3.79671688342,1.34521594445,1.2926672216
12.181757251,2.70216193974,1.62670258543
9.11258061511,2.79558778263,1.374754623
5.99759966348,1.09965133001,1.72427315363
6.57445258818,2.72886643095,1.18712960463
12.4995371193,2.72137592625,1.63992310788
3.45543813428,1.15062829109,1.2932703487
25.3377778752,1.80833613963,2.95989441725
22.9710672435,2.29289800537,2.47971761031
29.6415258716,2.43584810902,2.7145113291
16.1046378285,2.9304879671,1.76844939259
11.1144652466,2.84114709189,1.50139095381
15.0273748707,1.32986803488,2.58164359839
21.2960846635,1.63480963091,2.84100834297
13.4460964246,2.904650872,1.626039
20.5775028202,2.85659800931,2.03519572869
22.0012069233,2.51254442319,2.29317640819
19.965964918,1.85467313459,2.59533552619
3.85655334544,1.04833382199,1.39898583471
4.46056703733,2.16398223335,1.13023344398
26.9196790977,2.15114993409,2.78595941015
12.0194566659,2.55697489176,1.67590666502
11.0694575671,2.30533651931,1.71580555462
28.9704107354,2.35705472747,2.73873318076
27.8936021639,2.14880739035,2.83765782319
22.5746502867,2.32112970576,2.44023395989
7.94269914931,1.33933402798,1.87244143703
14.6771198512,1.63826057856,2.35639876629
4.77327944219,2.52875848177,1.06372439781
19.4161735723,2.2244884474,2.32089785697
9.67170435259,2.61587987654,1.48112820986
8.83750646887,2.34155936366,1.51873457216
41.0750856702,2.87681943182,2.86126748189
25.0386495943,2.43097408242,2.49799222346
4.61327178558,2.4078884874,1.07862791839
41.0200354348,2.91839608005,2.8306416564
12.8629691485,2.76714819696,1.64482959503
23.9474050485,2.06628761762,2.68717485318
4.86736436165,2.74913851603,1.0163235248
13.9906133801,1.80315712161,2.20245633131
5.20087217097,1.76829802861,1.3553234732
20.3273770311,1.73276133546,2.70479558154
20.5026231345,2.08788107021,2.47224949228
23.6890438093,1.72397166069,2.92669792156
27.1716523257,2.2861373635,2.70168610019
28.038748668,2.19153109168,2.81324614737
27.3305538832,2.56419136471,2.52253394919
11.2230359201,2.12061337113,1.81338462788
13.3654914926,2.65042256345,1.72608845276
16.1951366318,2.86104215442,1.80356245878
4.05912740885,1.6643804206,1.23071364204
22.7209294743,2.54341088908,2.31214886717
18.0366372362,1.75670576391,2.5317284902
7.27918280461,2.96357365222,1.17949311055
17.4098139028,2.39386279056,2.10298187822
16.4746619493,1.444335385,2.6257507405
23.3644494139,2.74071260932,2.23135969807
21.6749871186,2.45134926923,2.31202073313
17.9989788623,1.80835761669,2.49467178413
20.9689905744,1.8930327217,2.63276339494
15.5072179963,1.79275838693,2.32516769959
14.7799364147,1.29280113253,2.5840581843
33.6877392028,2.9898528247,2.52145418929
37.798097704,2.91737996898,2.71786979132
13.0873896405,2.00013916507,2.02162950027
13.8229877059,1.99786692753,2.07891951978
17.9247216541,2.51422168805,2.06897260287
10.7599373313,2.68087293636,1.53696853262
19.2963250752,2.16703387747,2.34888522532
23.9131498402,2.55894994545,2.36269826759
8.77363209321,2.61801065067,1.40993082867
17.5693920617,2.75327289964,1.92894062206
11.2722630203,2.5643165253,1.61996109472
14.3989579731,1.01041781959,2.72622632464
40.5346002416,2.72595444994,2.9498190556
2.87685842315,1.40824239706,1.10742182029
36.6374208767,2.9008640602,2.68654519576
5.98671456037,2.35460950683,1.2457813108
23.5962140316,2.40340350191,2.44225228169
30.922171805,2.32478321386,2.85327487108
6.91849491852,2.88564569499,1.17177054061
27.7287472258,2.22362151294,2.77420127965
5.40780764157,2.50966352715,1.13774213706
15.541995514,2.11652216619,2.1362734781
36.0050364016,2.70312607499,2.79595699039
26.4906943099,1.91524588865,2.94176020754
29.4662333551,2.23934500223,2.84804702164
13.1501419524,2.89918523427,1.61017774605
16.055586048,1.48745199066,2.5635146052
23.5258799285,1.99141938849,2.71676600725
15.4265029799,1.49850151695,2.50561985274
27.1310059504,2.84248221142,2.34498805968
14.0581427321,2.63858732002,1.77551622984
9.91922852006,1.2033841705,2.16374040257
11.2609350402,1.40093155254,2.19507617761
17.2422001125,2.48358449233,2.04513525699
22.5180616164,2.41952292005,2.37591489976
7.10982949791,1.87139758987,1.54187305239
22.2256093958,2.73132111667,2.18137584535
26.3868908175,2.36815068393,2.60626623618
23.460866166,2.6445750818,2.29023351316
28.3552529179,2.25712279351,2.78088227074
7.13521803231,1.08174634241,1.88848307995
8.89540656939,1.86472741749,1.72771227501
20.2611320053,1.50244635982,2.86859763045
7.25741437407,1.14873195425,1.87509536108
15.6206726395,2.73621068536,1.82652896223
6.20156554769,1.91463030724,1.42358130042
10.5504192786,2.10895808321,1.7636206261
17.3462403581,1.61293690474,2.57882225637
17.8777664782,2.97007498056,1.84557696012
17.1008620264,2.71842958508,1.91956857146
8.3118196944,1.59507660149,1.79349914725
32.3108791815,2.51026971752,2.78061254981
28.2127794337,2.05799976472,2.92308741997
3.50255399381,1.61306469917,1.15876823083
21.5151114044,2.13485719305,2.50135635303
4.25786691995,1.7063307568,1.24659842448
29.9529905183,2.22672252095,2.88097930407
13.7605579311,2.25856566821,1.93651167895
18.5132667579,2.84031300023,1.93811548601
42.785405158,2.8631495864,2.92997199246
32.7049777437,2.47970129197,2.81944757889
39.6242603371,2.91963679765,2.78123111261
29.5890254237,2.47592019746,2.6843717348
32.9657505929,2.5211552023,2.80086905411
13.4572631196,2.7150421617,1.70427189725
37.8433699149,2.90867264426,2.72523762367
40.6780636125,2.68672103884,2.98404869152
12.2700375972,2.07197811666,1.92059627094
26.723168933,2.24213121155,2.71026783276
25.0278353463,2.36443882691,2.54070101557
8.57243526088,2.89597956385,1.30106381592
18.2141907894,1.29539242291,2.86676317859
35.3043287758,2.62563116719,2.82285836539
2.63745194559,1.46450697546,1.04516699981
19.0756047302,2.30535183701,2.25238343907
13.1675643317,2.97934032016,1.58038280152
9.24708289219,2.27010401808,1.58268961099
17.7904277851,1.45838917157,2.71875697787
27.4864932244,2.38438458219,2.6488735742
4.26746538601,1.36567917531,1.36341684549
21.3511517391,2.90632462389,2.04817601188
8.43224073542,2.85009518198,1.30488129291
25.4301565358,2.8550688113,2.26332274666
20.0438545511,2.58038086917,2.15141027245
12.7064882169,2.82237948987,1.61271857441
30.9469631164,2.77864136643,2.54405816342
16.1507525256,2.00623004864,2.242178108
19.7775911334,2.07313490908,2.4376255501
13.193552145,2.68644913795,1.69955851208
25.3626573846,2.69009729057,2.35427474965
8.18714877858,1.52002368603,1.81519883619
35.7201378212,2.69403697187,2.79119030488
5.54552968896,1.5715515462,1.47400353626
24.6539483611,1.74750222567,2.96716463738
27.7804535167,2.54918340217,2.55291142047
6.75395164397,1.67017354795,1.58509829271
23.6716763535,1.79330734171,2.87235812013
4.18849487068,2.24950788535,1.07092561581
10.1421468592,1.51915935992,2.02078581192
15.6913182279,2.94806363238,1.73822182852
19.9919666569,2.76591996134,2.051208738
4.36075303958,2.29756268497,1.07910736217
6.27386975126,1.98954729781,1.40366245981
5.87514407368,1.38204788381,1.59314167167
25.6272765029,2.4895192629,2.48953340298
32.5409705289,2.64143971569,2.6993849794
27.3435484659,2.49989858894,2.56473638654
8.60438906005,2.64501166094,1.38682025743
28.9266805676,2.75766796423,2.47239279876
15.0565146597,1.36483528807,2.56152395337
14.6872882665,2.67245579588,1.79947051319
18.7870223087,2.40727850974,2.17702994791
5.75513748789,2.69000714026,1.12149512346
19.7061534327,2.06576475241,2.43796623761
11.6914024979,1.20255649513,2.3495579961
5.41350609239,2.92460159334,1.02677267845
8.80506600635,2.9692883514,1.29545970007
13.3132411561,1.44590100449,2.35946016077
17.5029228281,2.8131478863,1.89707696098
15.8603989821,1.28446004758,2.68237921305
4.35894707598,1.99951487842,1.16691101094
5.56269939489,2.02944683715,1.30780972785
14.2381473006,2.94578704218,1.65668720624
11.8466877455,1.91366680487,1.96807305959
30.206754006,2.45110394992,2.7295538836
17.2841277392,1.30656367784,2.7848704528
36.3493987955,2.57858908252,2.89853193265
18.4189745166,1.25784628319,2.90967089292
5.22474496709,1.32344084099,1.52470419788
10.4260602597,1.49955150258,2.05931836341
17.7673847333,2.98917857872,1.83145834702
20.8018365981,2.03210754143,2.52724028139
27.5845237999,2.28694896608,2.72155880516
17.8235601545,1.13721459785,2.9465145594
6.67906829116,1.13684991647,1.80387544037
22.2860937003,2.59552473989,2.25989086853
35.0053761857,2.5930951731,2.83402921225
5.01792391891,1.16681663333,1.55250257285
10.8053822604,1.78795376191,1.94339464749
30.791503556,2.22738966033,2.92051608665
13.0386939862,2.06323672866,1.98442281437
9.68071317827,2.48774944819,1.53079442827
15.2629537599,2.50640422317,1.91299378256
18.5395597412,1.30746104135,2.88359304764
27.9782851942,2.92629578629,2.33328430634
23.3698507374,2.9955456031,2.09725460178
16.3602295146,1.70203249335,2.44635041293
39.7718523515,2.90974768588,2.79308565674
37.1734621496,2.97680078774,2.65699481602
9.84812428863,2.79809430049,1.4282800588
24.7064450305,2.6677228124,2.3366481689
22.1464398225,2.88587502609,2.09635346115
19.3893991166,2.76543302957,2.02030310774
28.15687836,2.44177830981,2.64162895834
32.1909304294,2.9863510784,2.46687011784
10.0130568083,1.97034498719,1.78234075581
11.0364431102,1.45012054267,2.14592626788
4.1890309734,1.11650709538,1.43540294558
17.5773717742,1.4941328235,2.6776229708
22.8455901049,2.28956175851,2.47508659903
8.60095885366,1.30532968959,1.96511536398
11.7710406649,2.85816251466,1.53869111473
20.0436805662,2.07663767404,2.4516972603
20.3110721294,2.67889877694,2.11271428948
13.6104090578,2.31394181483,1.89831445366
25.7982550365,2.90131650097,2.25413127355
18.8335972592,2.36876396156,2.2015187225
35.5710328483,2.72205195074,2.76599752059
39.255703322,2.69614263396,2.92453077895
22.0556896598,2.95687138415,2.05643325253
35.4522887828,2.58276986294,2.85951481777
5.86729360448,1.84029154109,1.41229731231
12.5899563645,1.0921237294,2.50256101442
13.5302740356,2.60663077081,1.75592818436
18.0341057761,1.31993185926,2.835183195
17.9584770953,1.92716076019,2.41446583399
25.5178858943,2.56582109001,2.4364403996
23.5586903279,1.74609148822,2.90159152669
27.6394401186,2.73614313206,2.42967730072
33.8790356249,2.4195341448,2.91426905026
8.85810354685,1.32415114653,1.98493506924
19.9710375273,2.48992149021,2.19746718578
5.65587727791,1.98642275233,1.3338434327
10.3020068567,1.69013436913,1.94737737062
31.846813886,2.76915109702,2.58683309785
5.10672190932,2.42185928694,1.13077254831
6.3275943534,2.84570200988,1.1315795503
3.91166954329,1.52168693936,1.25415535863
16.664270456,2.43951813151,2.03340977567
35.8574718814,2.8696677012,2.67803004487
24.6300683638,1.93739929205,2.81993010674
7.22750015704,1.6995494804,1.62705792698
5.05883233245,2.4077096398,1.12956779575
9.13080040988,1.24912040248,2.05302588094
29.3390920241,2.8800369894,2.41630916037
7.25304983022,2.94860461224,1.18162372252
16.8762783705,1.46380729801,2.64429552165
20.2691857772,1.5265944786,2.85124555938
6.45507764186,1.17682000756,1.7566508758
25.6180814285,2.54032129325,2.45706689067
16.9712816868,2.11256379619,2.23467498914
13.403597046,1.60454099531,2.27188424224
11.2662892687,1.37346831516,2.2109508212
6.48969511615,1.52451807602,1.61422092652
12.1579920279,1.39974785305,2.28151902397
9.77818795754,2.33409294325,1.60061810548
13.0763734309,1.69938036156,2.1886283817
24.3427278694,2.82495673989,2.23077616521
13.051905792,1.90412459958,2.07100168428
12.9709748373,2.39145435195,1.81633025256
8.80537414936,1.19899016857,2.04079731493
10.6983251248,2.5279773544,1.59281345544
8.9004171372,2.97499215316,1.30067235426
3.68689643867,2.0358463178,1.06290910623
20.9045238861,1.43307578137,2.96632567326
17.6226434615,1.20469323029,2.88313265982
14.892771441,2.2662654124,2.01055700934
9.94276099626,2.82130226571,1.42696742317
18.439280614,1.35306519382,2.84313225862
2.53868059015,1.21594010291,1.09132122379
14.1817776859,1.67746324001,2.29248938511
36.0162214541,2.49468313509,2.94742514443
17.1059581103,2.47990441403,2.03895775274
23.269904969,2.79857133583,2.1952447341
34.9858160513,2.79046372077,2.69710850218
27.6007224242,2.24771786333,2.75038710096
27.4735492565,2.12944416548,2.83061505707
22.8424998485,2.39424114614,2.40861765033
5.58838781187,2.29297195401,1.22305655738
3.84380939034,1.67700767685,1.19364484789
22.0797285859,2.12374148461,2.54140172955
11.6353895173,2.4623769449,1.68917402291
17.0948385718,2.77018417144,1.89477263495
7.26264819833,1.87790689437,1.55566320445
6.51719861845,1.70400489583,1.54322067339
13.2908079533,2.20001142275,1.93257902937
12.6903592791,1.80247077087,2.09799764239
5.66883924148,1.93360342166,1.35422351964
12.1393856364,2.93262228631,1.53458736488
8.85299094401,1.61300665115,1.84228064016
19.0176264657,2.23676636301,2.28958137836
19.6115595938,1.78148420166,2.62266195232
23.2892662006,2.28968980189,2.49892152626
11.9985120935,1.67261313764,2.11135591443
10.4349852062,1.4277780129,2.09861837287
42.9456123048,2.99074867859,2.8463045109
19.1816114735,2.31477577,2.25310234051
20.6117467711,1.65595644011,2.77947202855
4.27897952436,1.23703172777,1.40958980444
9.76024675986,2.37483629474,1.58235495663
3.27003472834,1.93509315644,1.02812912609
23.7264279349,1.74819183265,2.91028313933
10.6637320657,1.266733156,2.20910943679
2.49693626276,1.31851290387,1.05533763512
29.0295044727,2.94414055557,2.36649710069
34.3725189655,2.86172841594,2.62707128835
41.3496851863,2.78565401824,2.93564247598
34.531272325,2.6222482937,2.79415877525
16.3318030959,2.40564066683,2.03065378311
23.0193212741,2.70592459222,2.23404731909
14.3103975652,1.62314470778,2.3360400531
26.5322972862,2.44233010255,2.56392567904
11.1961767905,2.45649992846,1.6594847469
12.6584341491,1.54921222721,2.24000776815
15.8325615747,1.48496396412,2.54728486758
19.147088045,1.85467230769,2.54155681367
21.6837392117,1.85912793361,2.70147877714
22.1077022821,2.28251913225,2.4392616463
29.1277363587,2.17189122122,2.88219320175
38.177957344,2.86272157718,2.76800787408
15.9700748868,2.56989386127,1.92547928411
14.003654592,2.82519256613,1.69186988786
27.1427381969,2.57272559597,2.5084230997
17.7797298237,1.54524723828,2.65748541237
22.2130064193,2.4040405685,2.36919975938
20.3850619188,1.66375032297,2.75847361632
13.4848068482,1.2303928158,2.50638231355
14.5882257989,1.91770860919,2.18161327473
2.71029000117,1.68314570961,1.00068758299
34.7130047905,2.43401405541,2.93895034851
11.3492993469,2.35469391491,1.71523078227
5.75427077643,2.50925149956,1.17374567839
17.698896085,2.91827249046,1.85940055632
12.5759260572,1.93798367791,2.01468954654
18.9758029363,2.0652221449,2.39270505623
3.64734988904,1.03365505236,1.36501288135
28.9904029536,2.9343937081,2.37047084816
37.4771315422,2.52241626967,2.98541710575
4.86862842228,2.4532703166,1.09522040699
7.81200094687,1.28422321745,1.88265050722
16.0752151365,1.49467139722,2.56029694165
26.7582846536,2.97256896106,2.25654774793
23.5709056811,1.99669784035,2.71556053006
18.6340325141,1.65976176994,2.64011496423
4.52280070601,1.01013251547,1.52801469649
31.6200833579,2.31304229062,2.89411427864
27.3717799427,1.98544886189,2.93507078095
29.9140442626,2.09174040716,2.98319975611
38.1400842479,2.67912744728,2.89494522508
21.0140054465,1.54734744898,2.88752029284
24.9104512745,2.36924445186,2.53158517279
28.3204370698,2.69682355242,2.48359657242
15.0039175157,2.38566007752,1.95641406874
11.6150999382,1.48272043938,2.1830569965
4.92009285518,1.59237381321,1.38085256684
31.2074384657,2.44039300375,2.78203885251
18.6598450616,2.61570818258,2.05737730851
15.3990376496,2.54653642064,1.90197480971
4.6478245027,1.67897749161,1.31187757068
27.4339490536,2.29794810351,2.70635322696
13.3824703046,2.49895238279,1.794685499
13.0070641334,1.59545384447,2.24336441172
17.0759233711,1.17168297643,2.86061297408
6.38011263157,1.31298525612,1.68927662653
12.8201294357,1.16511017466,2.48252003644
24.055411959,1.93697825808,2.78715093542
27.0904209324,2.72774410164,2.41044516489
16.5401234713,2.75782134059,1.86948104373
11.6393252492,2.03212464328,1.89041706801
7.46530911196,1.31600427384,1.82592739357
5.128982412,1.4474416519,1.46391074473
16.3256654807,1.41907143132,2.63080995372
44.8131531913,2.89134176022,2.97809369986
23.6336666799,2.14826404142,2.61237438362
11.4749319911,2.00192898906,1.89209967247
31.3135620532,2.19553469935,2.96987472793
14.8143440529,2.85939721626,1.725656616
23.1585624286,2.28334135798,2.49602691617
4.98466958882,1.99270536592,1.25011326673
31.6277212669,2.72266710545,2.60778092605
22.6407902914,2.74472015394,2.19435152309
10.4517352963,2.90725137219,1.43269341824
19.3235721755,2.46898074744,2.17316514762
21.6902978128,2.17094170548,2.48777393041
6.6395249012,1.51648973994,1.63615644697
34.1846849617,2.46422481284,2.89397002696
20.6957359211,2.01992900661,2.52893302204
14.9028624432,2.68167869354,1.80845424027
9.90488000097,1.72839451926,1.89025501156
6.6299500298,1.49488904748,1.64415444528
20.9497370172,2.73726701788,2.11471665306
27.3522086534,2.75610442909,2.40509572631
37.7200081432,2.7120551687,2.85541451534
10.631192785,2.73062201165,1.50893325521
33.1161706359,2.73677675193,2.65910672462
14.0137182475,2.46936043983,1.85047608573
16.5536778841,1.17894681292,2.81165026897
16.4836779404,1.70390465319,2.45434789343
11.4231299881,2.73470535489,1.56254111975
29.4648296003,2.91685357148,2.39994326002
5.6094833842,2.68859042356,1.10760404381
11.3891578666,2.20370890904,1.78725287732
13.2866282989,2.15829512386,1.95357639795
14.1294649441,2.10149278406,2.04497989843
8.56910383326,1.94648391932,1.6593029603
18.7196280437,2.16095988274,2.31721895749
20.8588600998,2.50505209913,2.23712043875
10.8088699902,1.81154765248,1.93157638329
16.3667585278,1.38400250428,2.6577325635
4.06793801098,1.62554228592,1.24470941396
10.0028551165,2.10430993992,1.719353416
19.6583332606,2.5094594238,2.16934775582
11.4223693174,2.68208982228,1.58309206261
11.5840186178,1.22855180678,2.32406923243
7.05128799059,2.33441031073,1.35911742116
11.3856227088,2.67759160835,1.5823211245
8.22256335252,1.14497970551,1.99765602693
8.36022452426,2.19249836238,1.53577318917
21.2711285065,2.99342702497,2.00188301712
30.7478105235,2.58313406272,2.66279242945
5.64311035829,1.481906359,1.52196327046
32.5737899505,2.87195128297,2.55104521639
5.38717670531,2.03219491583,1.28607487787
40.7560099181,2.80374561937,2.90154150569
19.2616170552,1.65367354009,2.6885151151
8.77399811304,1.44467034092,1.9160493103
17.7952022373,1.86247769766,2.44511624515
26.6841618763,2.16834206257,2.76122532116
18.1017173522,1.82362827698,2.49166001881
9.77493631588,2.63182193097,1.48305051606
7.36159230998,1.94134377932,1.54005616062
10.3998565451,1.60866399584,1.99903057646
26.7312796171,2.54811052729,2.5049222648
2.88299770808,1.68226905826,1.0323174832
10.9368359972,1.17443640957,2.28785069989
17.4186082534,2.3283215457,2.13951894488
15.7776028034,2.9797881967,1.72975031732
5.09726190529,1.86367556173,1.30821262297
5.91001074543,1.52737531198,1.53929712692
5.16660473652,1.6964243573,1.37679794454
11.0909286281,2.00645730475,1.8579392841
10.0605525381,1.72032526632,1.90912368501
9.5241013837,1.23615097183,2.10342925143
18.1403868399,2.90931815625,1.88653477797
11.8295724726,1.573377513,2.15181156671
32.5630767271,2.66473996835,2.68457273171
18.5725723743,2.30928383329,2.22021392148
16.376643567,2.99616515937,1.75538038092
22.178309474,2.11319203622,2.55416688928
12.3385861675,2.94616672367,1.54207937901
11.7154051662,2.45266629575,1.69919874308
36.675442378,2.76527169143,2.77868523246
14.132860825,1.27618003083,2.53726957161
9.60953810356,1.39379919328,2.03142718207
23.2929722122,2.77486318855,2.20920162576
42.2067293122,2.81301780342,2.94601112489
5.02781496679,1.35480985752,1.48396580326
31.4655832665,2.65743820568,2.64377586318
9.22823795492,1.51394988992,1.93019849143
3.97907068648,1.62052451646,1.2326626138
11.1034028991,1.54514389129,2.10013907038
27.4661435513,2.19854185338,2.77925195354
7.45938851955,2.16472468624,1.46130175882
17.1717860586,1.94166022807,2.35191662322
13.6197931028,1.21621886367,2.52757765605
12.2269200602,1.35210744945,2.31573220027
6.91842184924,1.79262205803,1.55312554952
31.5223989496,2.9131501218,2.48455172429
11.9592936635,1.67972281632,2.10395178052
4.86610927698,2.71925323324,1.02375637359
10.1958954335,2.0326754825,1.76906199401
13.7336096143,1.61553096216,2.29305941305
12.177799721,1.48891810692,2.23173461432
9.52468525292,1.95651815522,1.74472282864
35.2625939565,2.5521486212,2.87406331849
4.8234709602,1.87422112603,1.26903360271
25.8873426818,2.05523545606,2.80207828458
21.2941594648,2.50789123874,2.25870638526
12.2408103661,2.79947571327,1.59182051309
21.3489501153,2.10119685804,2.51390221417
29.24463295,2.22299102146,2.84949350429
8.7687372968,1.48892959816,1.89376190182
7.89069254396,1.45126427072,1.81397039799
9.74735970752,1.31809534058,2.0853380426
2.92547776144,1.01890535217,1.22652608775
15.6833069033,2.63721826687,1.87598277908
15.7739578873,1.15336396557,2.76138557241
14.3615248256,2.49685716256,1.86017086701
7.98457155051,2.80367405839,1.28429977743
11.6772643267,1.12727928052,2.39053161512
9.40703261062,1.79040205943,1.81211255959
22.6314460528,2.19375202142,2.52598813645
8.17878707318,1.74114038667,1.71188535824
29.993197594,2.25195416601,2.8639400958
5.92018372704,1.27211698957,1.64382034637
10.0029037374,2.3461985726,1.61382881001
10.4848891124,2.90542986078,1.43559767074
29.9994636254,2.08736560781,2.99091090686
13.7739662073,1.39290189899,2.43264376441
11.220620967,2.51036852002,1.63856470253
4.82052828245,2.66714161856,1.03228278431
26.2616884126,2.06448944493,2.81536415319
14.9738536577,2.98651461206,1.68240012231
37.8374690973,2.56105633887,2.97042751374
7.06571249603,1.17918230202,1.83682417185
18.3884724469,2.79891294039,1.95129066165
22.2788973288,2.94210957527,2.07417651054
21.3323061464,2.26049310855,2.40991819596
23.9133238392,2.89529104577,2.17339696948
31.6614918711,2.29635943195,2.90861141748
17.2559312827,1.79870981249,2.4488980233
13.5380500666,1.40346327337,2.40525191715
26.6986207624,2.01096235768,2.87920998853
5.05967263978,2.06486299396,1.23563884454
4.28296640563,1.11364201108,1.45237669535
31.1697668365,2.55368276214,2.70107663024
17.6941589429,2.69757247235,1.96274980287
30.0541527828,2.74963113748,2.52513331368
19.5534212959,1.98375486957,2.48183893913
38.7863269991,2.83949837953,2.80584711956
35.441959695,2.97051851979,2.59829299749
8.72800985612,2.62114309918,1.40515170195
12.5075205608,2.189120462,1.88013473352
14.8439057571,1.54638567482,2.42746833243
34.2248469569,2.63175869128,2.77508722148
24.5829750865,1.7196180769,2.98484391022
17.209866232,1.11208092722,2.91241651596
8.20857046638,2.09899852161,1.55971764585
26.1328523184,2.9554987136,2.23919127228
18.8128510276,2.42991107299,2.16586645339
20.2407999745,2.4018875301,2.26283561236
10.6047184689,1.4637034473,2.09620056108
23.9861388617,2.26249992635,2.55408823028
6.14668828371,1.54169387143,1.56397895451
15.106303028,2.88189890523,1.73305182834
12.0154129262,1.48525191096,2.21890630913
20.1777895898,1.95536942089,2.54021425765
19.1831212064,1.73538772858,2.62573824656
31.809697259,2.85644084408,2.53049961975
20.0034114322,1.62234998797,2.76246734825
7.404631946,2.79167948782,1.2404352971
21.697119795,1.88620476044,2.68294533491
22.1160441482,2.36520058588,2.38786626269
8.44499524037,2.36732436765,1.47474606355
8.22407752676,2.66457146771,1.34919392604
13.1830868248,1.98575845141,2.03676043479
11.7034346364,1.90656838713,1.95982928807
10.9744701922,2.30765434523,1.70739777951
32.7473844269,2.27525562532,2.97438900358
19.4940400312,2.66865287859,2.07509526759
13.1163638035,2.04601077541,1.99941791546
8.06563198372,1.84620362374,1.65327278342
9.45228464493,2.85242410061,1.38076839313
15.3102318614,2.66952303812,1.8385838312
7.36108863515,2.622810634,1.28989497472
7.50330561745,1.98705147558,1.53606203819
12.8528123028,1.96477376139,2.02231397176
8.24430980393,2.92255279472,1.26773156416
4.90857121464,2.01693946045,1.2325895801
21.2122204514,1.73396399064,2.7621583131
12.6008368253,2.87472735468,1.58558709147
26.4085975248,2.70145712044,2.39553284942
18.6759134608,2.27592068292,2.24582038753
14.7151877012,2.22158542843,2.02202925378
15.3327228935,2.06617936056,2.15024910328
13.0890152095,1.0095062012,2.59978536138
6.09592341964,1.92422558263,1.40781178374
31.5266184209,2.22974704265,2.95334865565
37.919208679,2.99646359464,2.67089864676
21.2352920568,2.85532032177,2.06811375634
39.9066767372,2.74911047572,2.91011965892
6.63090311675,2.14198902587,1.38603433344
8.6020599237,2.49438773162,1.44054793181
25.2003783145,1.85465005137,2.9157786578
20.6368309888,2.04029943719,2.51174208378
13.7429121163,1.19190542521,2.55390743479
17.7317809695,2.64185875905,1.99241618753
19.3668771434,2.56662548235,2.12214342276
12.2342422104,1.68761996388,2.12356774965
5.40910125832,2.92288343173,1.02678137019
6.99890997653,1.00201421754,1.90422272437
26.4264704963,2.95181251221,2.25373492667
20.8498797876,2.50532488884,2.23648315092
9.16405366493,2.15259587982,1.62486890403
14.3454512257,1.81848424858,2.22115632445
29.1873013912,2.75951323234,2.48237231323
13.9449670983,1.6546929378,2.28695820082
21.1497737922,2.66547812883,2.16314217763
16.9339325476,2.89741808252,1.82798976331
27.9306400342,2.84310595505,2.37893120887
17.631762592,2.02791803223,2.32930045463
26.3100672567,2.19080844943,2.72566083112
31.1002217237,2.4957121634,2.73817564509
5.40329857871,1.58767293108,1.44885472613
5.76278548285,1.66597416941,1.46579894948
5.77016100156,1.55609411012,1.50964225855
3.34815364336,1.96007410607,1.033460544
45.4944600098,2.92174336151,2.97861541237
35.2681144313,2.97644286308,2.58822857345
15.4448265743,1.58850908629,2.44901693519
13.4317807923,1.32753150705,2.44216791919
9.13390546299,1.9066206795,1.73134573101
16.849878914,2.27053915454,2.13620259116
17.5012642994,1.61410282547,2.58952741692
30.114013225,2.20836173834,2.90264837288
18.7059798075,2.87600009316,1.93128367177
31.2976431252,2.58919378904,2.6823830825
37.7523167694,2.88066423772,2.74053085169
19.0524873852,1.37720551057,2.87245817264
21.313797248,1.43354872064,2.9948598837
3.32735655771,1.73071680232,1.09491020135
12.1008225475,2.29681887873,1.79794122585
20.3069125696,1.48416833456,2.88544722461
7.7767937039,1.3007118906,1.87074046452
9.90610323769,2.4411528351,1.56711466107
10.6088484609,1.85290958406,1.89271800649
5.45167230587,1.83987586573,1.36150749432
5.10503377906,1.22552842419,1.54396654504
26.3872891966,2.28133128351,2.66574441494
35.8972824779,2.9961742371,2.59889440721
6.81766714451,1.44543271393,1.68865466203
31.8281956366,2.73570179147,2.60757936869
5.03761184513,1.87005053004,1.2983350416
20.4533991896,2.8587190982,2.02799918481
4.01558349525,2.24163198963,1.05074972857
17.7328497672,2.87417134425,1.88121516357
16.6436330328,2.14003657045,2.19702553652
23.0375919064,2.58978116811,2.30101297866
19.7344463624,2.57566920019,2.13728694007
10.9607905303,2.52958685618,1.61157338642
43.8222442794,2.90665211944,2.93406312505
10.9609804155,1.50103501256,2.11067438562
43.2705074808,2.91208089391,2.91170163023
20.2689525281,1.67888222444,2.7396495878
16.548346556,2.96530288081,1.77766880693
6.83959414021,1.36598078255,1.72594017528
4.19586019672,2.27752791887,1.06405109686
5.33981643815,2.61686672274,1.10026264645
18.0837209758,2.64438026514,2.01081853181
9.59232412774,2.87543312922,1.3831768264
6.84780260665,2.90532727618,1.16021170249
5.57219207054,1.69324803885,1.43101789213
16.698831194,1.45048286763,2.63938564128
19.4890012304,2.96006288524,1.93159281338
10.6600283612,2.25536879391,1.70586278575
36.8417965506,2.48811134891,2.98602485837
11.9748226108,2.65374858186,1.63246137865
14.1117114029,2.11542142217,2.03619527905
26.0625443234,2.76019465069,2.34533651736
5.69766699567,2.09011310257,1.30250681363
10.037999957,1.84468241634,1.84511896255
37.9521871433,2.75624891013,2.83295088526
6.03848990451,2.68818051113,1.1492955064
13.9327554931,2.06711385662,2.04922808495
37.2751019286,2.72261823094,2.83107808481
34.8672211983,2.88259876817,2.63249282415
17.1862149935,2.18609802735,2.20565845823
7.79475596082,2.59896053806,1.33534988188
35.7554060694,2.6711956944,2.80854683751
21.8081058742,2.42270389919,2.3362467254
12.8305130811,2.16132534869,1.9182213215
24.691266986,2.5544347956,2.40358202229
3.98034551002,1.73188599436,1.19716717761
18.3044207102,1.62970091298,2.63744895108
29.8169097201,2.79132736492,2.48938089976
28.1073598417,2.11474060528,2.87420421706
26.0999166529,2.75136265988,2.35215222259
31.6580279896,2.58303711977,2.70198411223
14.9885756783,2.02568083691,2.14889513014
12.3574414683,1.46712963938,2.26081144484
42.3918082761,2.97601798732,2.83789788101
27.7463966998,2.7201380252,2.4440689522
18.324956881,1.63941236711,2.63219605026
10.4168997432,2.28616909307,1.67279419873
40.7031617538,2.7046649045,2.97164170862
22.6002788993,2.96955355987,2.07532839487
9.77829089784,2.13482485669,1.68631594121
13.7707798147,2.9612226598,1.62322566045
30.4229750247,2.47930186466,2.71958301452
15.0679201098,1.25082924219,2.63624001497
11.8470806932,2.48105489686,1.69633792068
16.7599839364,1.06284662533,2.90684474491
25.0573880725,2.73365855915,2.31483268239
44.4547087231,2.98871757422,2.897291155
11.4300040764,1.7463759234,2.02092954439
28.481061779,2.58569068264,2.56110616509
15.0156123161,2.7646420334,1.77824165022
8.20019314399,2.27777216148,1.48742935122
5.71180587305,2.12219282286,1.29312513319
11.9005879166,1.68399272801,2.09641725299
25.7697554303,2.6642194504,2.38849427333
8.57700599367,1.36003079422,1.93566675451
13.7411002983,2.87886352545,1.65410823157
16.9268124347,2.04629437226,2.27118148584
11.8440898807,1.75126873672,2.05454606428
15.2662767326,1.22806180099,2.66831899583
20.0341099122,1.39299897349,2.93375150182
29.2855905685,2.89927943895,2.40284449499
17.3045741882,1.06112356694,2.95485139504
8.45550640083,2.61248447658,1.38606134014
39.6514732783,2.78668463639,2.87399771044
10.4244116407,1.82954540813,1.88787110271
6.88407272909,2.88752032678,1.16831939889
22.1091331699,2.64427596762,2.22344405909
14.8476569241,2.28847981101,1.99590855329
14.6884726468,1.58676495617,2.38938935114
11.4212256269,1.5528131141,2.12573012246
6.65931019175,1.10488866654,1.81470065459
12.9170989091,2.9311823179,1.58353184813
6.93472568577,2.73296008492,1.21798413193
10.9302805586,2.60554127494,1.57865935317
16.3919798128,2.08385798319,2.21291625374
15.6034833385,1.97386542896,2.22286188389
28.830960944,2.96395714814,2.34716494315
35.8344836654,2.84105593515,2.69593718054
34.938639468,2.98343376085,2.57179420437
10.9826075831,2.85560042473,1.48719644826
16.4431912385,1.44049348435,2.62582799489
5.68691290649,1.73010134482,1.4316533456
22.1103385712,1.99609335881,2.63050217574
10.3128845833,2.7859607395,1.46596738554
22.417059748,2.92319586676,2.09012343673
39.3174089298,2.67796554765,2.94014050439
6.30579026002,2.19853933262,1.33167769277
12.6476742389,1.18272098738,2.45542887411
9.92792460671,1.8624812866,1.82631997135
27.0891350754,2.79202358339,2.37237395193
6.61313013861,2.30414116009,1.32661089127
18.7130980181,2.3236781594,2.2202719146
27.777443283,2.74736608161,2.42896827521
20.043312889,2.61646625219,2.13187511671
8.23164873835,1.24109900171,1.95314756968
5.2131341461,1.47196575775,1.46658841426
23.7405580384,2.50154473814,2.38879159824
33.2045478861,2.78222897796,2.63288888692
8.15872354652,2.3037129194,1.47366763216
24.5248326032,2.71919598352,2.29834329055
11.7852204318,1.36315748067,2.26719561239
35.2848666826,2.84195655186,2.67459336086
20.8319192445,2.56448297891,2.2021421484
11.8843800711,2.4721988469,1.7028615997
38.8383255719,2.68646790127,2.91597278597
39.6674531411,2.94806310226,2.76371145463
5.40820872501,1.83851816285,1.35655834883
16.2230602177,2.32249572689,2.06791725354
31.7277052928,2.75055586086,2.59389236507
18.4539222775,2.19956096007,2.27749408656
35.0398737803,2.45315176178,2.93827668947
22.5690251419,2.3013299341,2.4525296262
18.3450792053,1.88730528927,2.46628699208
33.3013541217,2.66534548918,2.71442326797
33.6085861373,2.6218494438,2.75685235929
17.0764034525,1.04199311939,2.94803593258
20.4171727904,2.06726592017,2.48057365699
16.5424600422,2.67252045006,1.90970792026
9.21190089131,1.70086645049,1.83625265552
22.3094455885,2.82656696031,2.13473682934
19.7987692685,1.8979876254,2.55488025673
6.31857404781,1.13345266672,1.7559202821
38.8062530082,2.92178067778,2.75094628582
35.1122604715,2.77096800908,2.71500059289
9.3736908566,1.10192795024,2.1544862691
21.7666037317,1.64530445001,2.86430068709
15.6287687013,2.42118497913,1.97852672837
11.699068257,1.52129244979,2.16915404989
16.0233074434,1.05582474649,2.84677810759
17.4165765067,1.74058178493,2.49847996021
40.6442570665,2.71742962038,2.96007159381
9.20965837241,2.93559360748,1.33568314211
11.6837850138,1.02826982868,2.44603877004
11.0076835484,1.65759922181,2.03032184222
18.019031051,1.69974480008,2.56892994095
13.4395523602,1.48582579387,2.34637607561
6.41575641096,2.54717145482,1.22747277551
18.6828603498,1.27966113257,2.91474111736
15.312614099,1.96454108491,2.20750139653
26.7834508164,2.99637038615,2.24476420237
36.479776001,2.88818257136,2.68902627332
5.97868840511,2.19863776212,1.2966450432
12.3322029748,1.14490529044,2.44649904922
27.2132243469,2.46210725345,2.5834731681
12.2354622271,1.57295121092,2.18866001416
5.8521853775,1.21145990868,1.65874037627
28.7966112179,2.57107811436,2.58479329463
13.7122879897,2.80234837391,1.68359305993
15.3672391606,2.46449003102,1.94020064182
31.4754097151,2.41794738273,2.81013555624
31.2829412369,2.54582632577,2.7113780694
7.93482059988,1.89634458519,1.61811563777
24.689877769,2.75437107424,2.28602996805
9.33294812883,1.57184031628,1.91206941206
28.3921247132,2.03469285616,2.9505112216
21.9062261559,2.3178259182,2.40590078979
20.3718289106,2.57423225925,2.17231761655
6.04564749946,1.68900989507,1.49224312383
44.2476676894,2.85692997802,2.98414450053
4.1801831975,2.07521089141,1.12005559426
5.52362866572,2.62420734367,1.11697363877
14.5718249294,1.372862469,2.51485044753
4.97294000872,2.54073329491,1.08244245628
22.4610524935,1.5524672541,2.9813021629
18.1704422946,2.15169950878,2.288546571
6.17868603304,1.80985549716,1.46104931678
17.2979704584,1.58180191232,2.59633274631
26.8493302238,2.76205297262,2.37938067696
42.1151319759,2.88304833437,2.89287805025
9.59579319332,2.2777707598,1.60903282816
13.1358254917,2.93405762119,1.59577413006
36.9779451075,2.55398336098,2.94176780278
4.29248419734,1.95775548024,1.17088122512
16.5616321589,2.58741858055,1.95214189822
23.2639744015,2.94036860134,2.12042638086
7.44129923559,1.51433287459,1.73310073502
28.3076302338,2.07354877894,2.91597991842
39.8519190672,2.99000383247,2.7423574385
17.0631992521,2.42389901199,2.06588610347
38.8422110362,2.86428790098,2.79091792485
13.9823080127,2.71386039862,1.73771129969
18.9370813931,1.86467415563,2.52087426588
29.5176897219,2.42257788176,2.71809731127
15.8902409533,1.33360822996,2.65224153094
14.7409176455,1.35176335819,2.54290230854
7.12991091134,1.77793081445,1.58284213001
35.4051000001,2.70746974723,2.76956723088
32.1767231217,2.94408445175,2.49151179199
20.1515906315,2.71881411111,2.08356844761
34.6012306978,2.92339208753,2.59661628008
18.8422841058,2.77619634724,1.98630888231
31.3695756483,2.25585538128,2.92593051068
19.5456249013,1.4726817048,2.8392485562
13.8271494171,2.56782847804,1.79258146586
23.3139045219,1.6963956291,2.92468025616
5.72683993228,2.91385569725,1.05881900923
3.33384719368,1.83514049917,1.06604160511
29.2239550459,2.31430242238,2.78138642735
22.3247468865,1.65429497424,2.8939317485
26.4766986437,2.53222914473,2.50304769696
9.14246711669,1.00949675391,2.17278432383
16.9887511446,1.43427902638,2.67328703724
12.7637097258,2.44098595188,1.77892004239
25.4307508774,2.30713533419,2.5994482643
27.7833457387,2.3068809151,2.71720629635
5.72486317971,2.52924056441,1.16479626909
26.788953872,2.24770490376,2.70964843601
5.10063192508,1.4896576101,1.44406619347
10.8228434251,1.6504057654,2.01702185871
9.94961273081,1.47167813288,2.02625496198
15.3687619758,1.62161828053,2.42185451244
11.2547406946,2.79254069277,1.52896669066
16.3191613268,1.46166853245,2.60171468176
36.6325043354,2.56159139827,2.92235057214
12.8405037145,2.0869779029,1.9569613676
31.9545270209,2.50616297673,2.76813450978
2.97538636601,1.3344322954,1.14743954447
25.5963605027,2.33780234027,2.58719695902
18.759374569,1.81026136086,2.54553575784
21.6718073037,2.83986246431,2.09716961315
17.6206801552,1.66638507966,2.56284569243
16.3037469556,2.96451647259,1.76481572146
29.831995928,2.52313760211,2.66307396963
10.9379846481,2.44472144838,1.64520459553
34.0688397778,2.65806036084,2.75053835886
8.47936428825,2.22007192777,1.53553041652
12.0765861994,2.35185127058,1.77063915002
20.4795095394,2.29307704413,2.34126814601
27.0620583685,2.99189477456,2.25882806181
12.7980079335,2.08400645278,1.95525507076
35.7850085364,2.73700613058,2.76402243822
22.032605342,1.54222015416,2.96062709727
7.40086552685,1.21559634031,1.86348532449
32.7403097619,2.42574888546,2.86029475435
19.5500610281,2.72698338389,2.04807327985
7.36314553231,1.46209917835,1.7474079429
20.0602218084,1.68688611469,2.71975389426
31.4372685471,2.6154812047,2.67058964554
5.61199166005,1.54064384555,1.49481544062
22.6822930228,1.92142357544,2.71763737949
5.78754404826,2.39936654986,1.21078982133
25.2892236115,1.76604321113,2.99042030047
15.9011161464,1.51776191945,2.53120145516
21.5492853239,1.84551389969,2.70284603271
16.9530111464,1.67631823714,2.50724422216
33.6796708229,2.80780767833,2.63501605748
44.1279447969,2.92188244524,2.93344139077
24.0097844719,1.81253651056,2.87807344362
13.6978826986,1.3428231506,2.45680365988
7.86307791416,1.38248062491,1.84286614219
26.6066972711,2.3662484556,2.61838776217
18.6160717803,2.63698895107,2.04399142026
21.0970527982,2.5131142709,2.24523610802
17.1113939201,2.97249478748,1.80453713136
29.9676725928,2.33251510208,2.80325723222
8.5191827917,1.43986235369,1.89035106752
12.413500407,2.44950905298,1.75050982345
12.3084288928,2.51092677581,1.71591052708
30.0777705035,2.90676164444,2.43071161675
10.9393635451,1.55633369808,2.07849487742
21.1371597727,1.62636492559,2.83667922887
5.0961809007,2.8261321509,1.02039578681
8.47970331336,1.96315135031,1.64333774861
14.7338482876,2.93547272547,1.68947766465
12.9485789308,1.38796411675,2.36159030384
11.7756711618,2.01080137796,1.91223072901
22.1316778692,2.59144461497,2.25436993068
14.5915762775,2.81735324178,1.73034393191
6.01189349772,2.56112523209,1.18401164301
5.55730319732,1.05106164461,1.67833230655
8.38306121031,2.91810122746,1.2797324578
24.7366877946,2.9373634913,2.18809879374
40.4262606555,2.65307403706,2.99994715083
11.2204491364,2.4807737182,1.65098473481
34.1752478088,2.46034328718,2.89645100994
31.0834374259,2.89698497454,2.4768803096
14.1080463803,2.66414113107,1.7673029872
20.9025610069,1.85318542362,2.65656056758
11.6285709467,2.8358450741,1.53771601888
5.91727154238,2.25008093781,1.27269983966
25.5894633228,2.15023705867,2.71690729828
38.3893273206,2.82535901491,2.80113342634
30.4988778841,2.95047693892,2.4219484544
21.5211944973,2.74110569945,2.14132540903
42.8263883667,2.87053767377,2.92610082015
8.53136162837,1.37365539509,1.9238767892
21.3737281319,2.49134633351,2.27250103097
39.0850846546,2.64461052901,2.95603389151
39.4833558185,2.94541866897,2.75904873477
14.1989185068,1.27468213893,2.54413235637
2.7870795606,1.66272972484,1.0202447015
10.6961678828,2.57655077346,1.57314071121
29.0941406313,2.32580946767,2.76691352032
11.2286008706,1.70438433195,2.02542803787
16.5674235674,2.51175095534,1.99035046105
20.7009551373,2.59953601108,2.17583484142
9.77401842397,2.0832648241,1.70904669575
25.3949849974,2.73175061482,2.33147809548
22.0260195593,2.7458746148,2.16373558492
26.8276544506,2.24139380039,2.71608510075
26.8459365229,1.86733746583,2.9993468832
8.8355382029,1.59707796328,1.84816966012
9.66339335306,2.32048534227,1.59682938821
9.00197555454,1.13852463918,2.09337220576
19.6569172499,1.49507332362,2.83089968861
9.73475320822,1.21392831992,2.13807306965
24.7421947065,1.92141503785,2.8383642225
15.1255278316,2.89602726901,1.72821086789
10.0124670571,2.51469894248,1.54613086979
28.2772778668,2.82652084424,2.40338674961
34.5065334738,2.40872706363,2.94933377723
14.3233732464,1.95937696826,2.13793366792
5.86732641141,1.94951641883,1.37191898938
15.1651151249,1.99788205995,2.17749832322
12.1411300473,2.84269285927,1.56860960314
3.60694653979,1.60514289639,1.17835677883
11.3915735933,2.79029609798,1.53908357797
10.5886651699,2.1795389049,1.73427204892
13.1273059211,1.14593448946,2.52352182474
14.0096337592,1.85049341213,2.17642592272
11.072671787,1.89902742458,1.91010707344
14.5384173275,1.01500663563,2.73661158132
30.4766699465,2.32413370648,2.83312454373
31.2677765788,2.2350353291,2.93713025557
6.20370736994,2.77561163075,1.13990413741
21.2550345582,2.95514590674,2.0196010031
22.6568501551,1.88993190698,2.73892765374
21.0897950614,2.45557245418,2.27812678974
21.6800248274,2.66430310622,2.19073500177
16.180687211,2.99492138314,1.74536616876
10.3887889181,1.25705129546,2.18563851458
12.0107231096,2.90188490856,1.53783144541
9.40298151019,1.86742211581,1.77504939236
6.76484957694,1.27969808328,1.75389427959
4.53238173078,2.61475521023,1.01420890798
14.7698969929,1.19326210644,2.64675034657
20.0165386507,1.30463840688,2.99836010605
16.6318521798,1.37912262976,2.68248520421
3.80033405588,1.41597598972,1.27030537728
4.7504761153,1.27352098359,1.47199049708
11.4934274233,2.6365937815,1.60621227742
26.3387255074,2.52310108866,2.50232370448
20.7633275844,1.86712976897,2.63790927609
40.0411423966,2.88703371111,2.81801602373
19.7381902307,1.96862873947,2.50356491965
23.9504793478,2.55232467498,2.36851917209
26.7129437527,2.38318566992,2.61214319465
29.9559277344,2.29003276539,2.8338527789
36.9599607153,2.47856405575,2.99812144135
18.514650145,2.89189992105,1.91396714897
13.7449735321,2.83271719021,1.67308312075
30.6922779934,2.51121019183,2.70942108251
6.81907182359,2.35644111761,1.3289360036
9.96178336801,1.70049919298,1.90971477103
5.39611214723,1.99155003869,1.30108218799
23.4259282338,1.80595473896,2.8478352931
6.05326123527,1.77583868357,1.45925510058
16.7338896392,1.40733020293,2.67148801763
7.93298710244,1.55853865487,1.76897389096
4.92217155914,1.84285031586,1.29267833086
20.1053659805,2.59101475658,2.14892454008
5.03406878721,1.12131694362,1.57177058318
23.6509440935,2.97018011981,2.12270089011
8.63493702774,2.71947185419,1.3636774894
29.8468335484,2.4068481683,2.74430730725
8.40894957842,2.58940365754,1.39031378209
27.1156229441,2.50566618634,2.55026804536
12.6127735387,2.18657710838,1.88929069986
8.74876332308,2.86163221646,1.32540835068
14.963024067,1.48043680498,2.47924457043
9.58261145848,1.09226788085,2.18323288146
8.08575481487,1.06554538324,2.01780195818
22.1060634556,1.8118858382,2.76209403198
9.26876041761,2.81845898688,1.37871441735
18.8590532504,2.66870074906,2.04099459308
19.6570270823,2.96270545146,1.93866905629
6.89582943682,2.78378423465,1.19939013894
8.53561439684,2.69576365961,1.3638394604
27.4289092095,2.06961982845,2.87334804882
19.2361285785,1.85397704477,2.54792999771
21.0356653127,2.33550127145,2.34680976497
24.8384346479,2.96472228605,2.17819257781
16.3022825709,1.01640454579,2.89697003605
8.54865833838,1.05920340293,2.07775152231
11.0893953858,2.36035707041,1.69299177955
16.4136857957,2.84436556011,1.82310101601
5.19598155336,1.15167368705,1.58549252211
32.4774998545,2.95783140963,2.49485468075
9.65935205374,1.23838934713,2.1171559066
17.9478007101,2.7100620575,1.97062655396
19.834060572,1.427882473,2.89322203506
8.22503246849,2.09046201701,1.56480508965
20.598488011,2.66686969518,2.13402054484
22.7999581626,2.28640681221,2.4746477133
35.6892918046,2.64914350546,2.82149234916
7.23317285951,1.52432217251,1.70426590416
4.07322955564,1.85057040872,1.17352152682
20.5411471982,1.51308798706,2.88039497343
16.5791029922,1.38236613598,2.67602779197
45.9839021366,2.92526664298,2.99204465309
24.2778778254,2.39294060308,2.48397498458
7.30782758938,1.47940726814,1.7330825548
8.02291203187,2.80081273178,1.28828573074
18.8682247288,1.83980588229,2.5329624785
18.8177658769,1.9223862308,2.47469126541
5.44655448065,1.29215539449,1.56890431661
29.6003161743,2.93685559571,2.39385347484
10.2267713402,1.15070932485,2.22483963018
9.63887331519,2.34172947032,1.5860284644
21.6264372203,2.00559497909,2.59501178038
41.4707351404,2.99680296896,2.79295136119
6.0073485446,2.09841759657,1.33450516657
4.20744579628,1.83795415462,1.19670214829
24.1368956265,1.91819852423,2.80582593733
16.0336615796,2.72888580714,1.85388420149
7.18995288482,2.78034634024,1.2257401043
15.4175376564,2.0884150103,2.14355100828
12.5240443336,2.20242714476,1.87481559143
11.2614927953,1.87475613961,1.93878453723
24.102545357,1.70763532848,2.96491466652
16.2087507226,2.53286871771,1.95812913592
7.53105382216,2.33850250791,1.40310233153
29.8356168137,2.66545114125,2.56922800063
7.88595518036,2.41861434403,1.40635232533
13.1272642038,1.73655428524,2.17142465848
16.7479935565,1.57182235751,2.56140149799
28.845326386,2.57481503442,2.58453238292
23.7934334753,2.37479213473,2.47062613554
26.9147305751,1.89531073399,2.9809540803
43.7266717707,2.85002938855,2.97152712336
28.3011564212,2.44609343599,2.64545476702
11.3017344198,2.27591259461,1.7470589482
30.2635912931,2.68481105767,2.57509421099
20.4136502048,2.77511020744,2.06802962863
3.89878615427,1.36977005663,1.30184562413
16.5833338666,2.71281798161,1.89293960404
41.1971160144,2.86371097595,2.8746805884
7.39131068417,2.38962352647,1.37174870247
20.4531066088,2.23881221719,2.37314915633
5.07989996709,2.70474605591,1.04978695943
24.7970568866,1.96568683315,2.80830536009
17.7944914348,1.17470969972,2.91807398846
17.5870988194,2.34287170856,2.14173757478
35.2505120651,2.60391931834,2.83617581257
14.7697403406,2.15800499421,2.05988320957
20.0656193312,2.7530472741,2.06153651189
36.0325668926,2.97157320469,2.61918904559
2.27161594978,1.29422627668,1.01269804429
22.699515004,1.58505541963,2.9716746399
30.2228694864,2.25125247998,2.87541187513
5.33835203033,1.57013973191,1.44674123936
13.6544208628,2.15842669492,1.98036212413
18.3624920209,2.63900908313,2.02899265983
39.5550942067,2.84970175031,2.82645752555
33.9541500306,2.48423245211,2.86945990115
22.1594136617,2.71033106755,2.18951922518
35.1905150678,2.86474663356,2.65619117227
32.6720000942,2.91001491527,2.53137267431
13.7010365145,1.41747822862,2.41105668206
22.5382262606,2.81300539067,2.15280515117
6.06314554053,1.74999498564,1.47048498839
21.7418893589,1.82824340641,2.72737809817
13.5421606399,2.87829823032,1.64231663493
17.1083728875,1.87950675171,2.38664519204
14.023625948,2.87745459062,1.67159952727
21.4618022067,1.77401326344,2.7490322559
14.5402075522,1.46668629063,2.45264653017
12.85260635,2.52155643854,1.74868886508
21.8760076138,2.97191038589,2.04064805674
15.0959654729,2.19843790783,2.06049408618
11.483173799,1.56426202253,2.12512801983
15.0595694583,2.21324585364,2.05002963918
40.2535722905,2.88864415394,2.8243756754
14.0714128225,2.1438131406,2.01812385125
10.0900242898,2.37056054083,1.61064549165
10.0353301746,2.38270198617,1.60123923366
37.7049130081,2.52970340996,2.9889265294
8.28680521436,2.55484379917,1.39230940891
26.6664462393,2.48739253392,2.54088724396
25.3493332389,2.7203311521,2.33599860041
41.8086832451,2.97146148718,2.82139662354
8.54416809146,1.84943567633,1.70015062683
19.9254838959,2.33216770596,2.2860201609
14.4823237116,1.27380973648,2.56994978994
9.22730515257,1.4958670799,1.93916612044
21.1596072447,1.652659921,2.81861573083
13.6017792083,2.99330264851,1.60086320257
15.2062823471,2.97607066882,1.69965910992
18.3723043015,2.73247476802,1.98271874845
16.0701162318,1.20905173224,2.75031006259
25.540969586,2.49454648912,2.48214734877
14.1565817962,1.49794612928,2.4006181186
9.90195078385,2.88753266318,1.4011929464
3.46917731195,1.61799857206,1.15174089119
31.4033303707,2.68523439894,2.62285832682
9.93629222394,2.41855735998,1.57864883647
15.9651966667,1.91310819015,2.28504269374
23.9746274159,2.01094809852,2.72839033105
26.2136636638,2.99243966751,2.22284897954
26.6319348106,2.11515089215,2.79744747752
25.871524268,2.68577701329,2.38034081488
3.38039576052,1.68732171274,1.11633762422
20.369827488,1.45172171246,2.9141725959
7.98230646745,1.11982260378,1.97990948642
35.9426767812,2.56765838042,2.89025723087
12.2790441261,2.02741790208,1.94409492057
8.83103750159,1.14066432178,2.07235749178
38.3566964325,2.85379230128,2.7805322043
3.45047314464,1.33042047929,1.23689825202
14.2258983214,2.6086894982,1.79956641636
13.4019796649,2.37672368237,1.8533012642
13.5937563073,2.95646561302,1.61460558405
18.2656387144,2.60157595582,2.04279416152
20.2867995462,2.6097598897,2.14841223222
3.3702980387,1.16824564183,1.27191108299
11.8091497787,2.19378752514,1.82465357102
34.255403444,2.97342700862,2.5526452189
10.1162176472,1.72882615596,1.91009626226
33.392405099,2.79054304325,2.63492209496
8.21138284632,1.61797801566,1.77195232416
17.3866184912,1.69523934432,2.52645241684
16.3723097127,1.29695282355,2.71690012167
32.8966582752,2.59159408812,2.748384598
2.45065482519,1.1374495381,1.09251759836
10.5444302303,1.33357000151,2.16054616044
23.8231234987,1.86772414558,2.82515421343
8.22274846814,1.67581138943,1.7463842264
12.4992974069,2.28793137751,1.83154064651
8.084680745,1.64702161053,1.74485110173
27.4159278289,2.61555226178,2.4938966928
10.6135316411,1.04983477206,2.32004458732
17.0556848946,2.79301962137,1.88197411489
26.865200778,2.66667722383,2.43723211429
42.5678534866,2.9754199641,2.84419262567
8.85998309955,1.64375329845,1.82817199077
14.4113894594,2.55251235787,1.83718140731
27.3705739162,2.15286741262,2.80792447288
21.7838972481,1.81137523415,2.74226491231
17.8329333198,2.70971480888,1.96448014712
10.5024316235,2.0588664334,1.7830528374
32.5749473307,2.88054834512,2.5457572958
2.96759059867,1.34517461645,1.14284974027
7.6192226944,2.17492870103,1.47291683491
16.2708353843,2.36510204145,2.04819961262
17.1491491065,2.46277317975,2.05050630538
17.1979509749,1.54012129958,2.6171373378
21.6122561388,1.65509553461,2.8467771351
25.0810522099,2.32224726543,2.57138843026
24.169893241,2.18514251819,2.61634206545
15.2330986571,2.20937253939,2.06390214378
2.54741097897,1.08288706131,1.12809388133
38.1275136595,2.91666800349,2.73015784637
28.6317339462,2.51682057173,2.61315224109
25.0774073198,2.27502853656,2.60301403285
9.71750184946,1.11180088059,2.18861993529
4.60799094459,1.61618026957,1.32802032621
10.532202525,1.97578277504,1.82532564784
36.3327215112,2.91248939681,2.6678221325
28.7121195524,2.85106070851,2.4072971138
10.0974911177,2.45621595768,1.57607457915
27.8898456128,2.56588674328,2.54711924375
8.7953123353,2.26068740438,1.54734439392
6.24671703141,1.51173411522,1.58897893947
20.8753163591,2.73770076334,2.11073011751
21.6258664082,1.83345238136,2.7163314056
15.7235646931,1.12155208625,2.77767373903
14.5258238091,2.32034765407,1.95785090785
6.05394977582,2.50316631116,1.20579220002
16.5942500423,2.49264241748,2.00169976805
9.6977077932,2.26957706629,1.62101735839
21.8833282139,2.82896527921,2.11300922079
34.5986894566,2.48360022962,2.89703519683
10.0471420145,1.26338530741,2.14605829151
7.49710025943,2.84813513556,1.23098896687
11.7308418942,2.64100809116,1.62091870879
21.919943013,1.6503389073,2.87056426666
13.140390114,1.7457594005,2.16722017909
26.9941247936,2.90821515277,2.30193071765
5.88842486179,1.35627889599,1.60536237081
7.53534574234,1.33692055054,1.82489868226
22.9603880851,2.03639457719,2.65211416165
6.72439152458,1.62849855257,1.59907871208
13.874354597,1.32541888195,2.48338839829
27.3704208815,2.4277824279,2.61386352132
37.9134255458,2.69335173941,2.87609767057
23.5402005071,2.84425837332,2.18335389901
22.0817140245,2.84844736383,2.11247099728
18.5116325397,2.16003383265,2.30487115815
5.52282560487,1.11561298437,1.64849721235
11.7898532433,2.24691695003,1.79795477245
24.8332434403,2.97540951035,2.17238073734
6.61427570561,1.37299294168,1.69426759822
29.6800015945,2.51921219106,2.65893805092
16.2693968307,1.94342699712,2.28821163005
25.6940619037,1.80225757351,2.98544443685
41.6667256939,2.86747241087,2.88836870468
13.4775969548,1.85263913895,2.13348316219
3.49698909799,1.95977084738,1.05626601686
17.1576702214,1.40646199887,2.70570224423
16.033663121,1.45635701024,2.58238235748
9.17876894106,1.83747559272,1.76776372865
16.0042965927,2.64117085451,1.89320302786
33.9415861444,2.40434383406,2.92839806598
12.6929825365,1.59813148675,2.21455896041
36.4340245628,2.72215445921,2.79927817181
12.321567483,2.23332243001,1.84460095925
10.8386437685,1.57681690429,2.05786370622
6.71104025057,1.17118869295,1.79354835213
24.8567905649,1.9054215258,2.8570405354
16.6171995642,1.18413728086,2.81354385471
23.0325127709,2.47478397412,2.36905040285
11.7153083881,1.30582064239,2.29318149542
27.1902824588,2.72162283557,2.41855922707
33.1472240442,2.83344330346,2.59771751669
7.32160098311,1.52491665994,1.71438703162
16.7213391013,1.1184695192,2.8665122999
3.3370879708,1.27225124656,1.23411665974
17.9275910899,1.1700797611,2.93220199263
40.8886967123,2.94352169358,2.80900560019
28.3383656209,2.84576923092,2.39467201253
19.2876072296,2.38122740638,2.22072649601
24.2854886898,2.53104389994,2.39795802133
30.1620559703,2.30652680912,2.83139742615
5.24245239681,2.22766428513,1.20498090308
3.53399922963,1.46556360255,1.20950722337
20.1609345164,2.73211181876,2.07717817794
8.17176270284,1.19060313654,1.96996914886
13.3318919247,2.62343527706,1.73564519922
5.15062694508,2.39437854508,1.14369624124
25.1739776761,2.74865602044,2.31160096827
18.8558684271,2.3638087738,2.2056470878
10.9322008251,1.83930067417,1.9283031279
7.86420072241,2.15675931772,1.5035775911
36.7295606538,2.88915658802,2.69757815974
21.644645265,2.79695811801,2.11803565709
13.3541337236,1.23061690823,2.4940728302
18.6966264812,2.17665472637,2.30625574797
27.0403437617,2.46062436142,2.57623311633
8.89402324111,2.92011258171,1.31751519377
29.6973854849,2.81378569022,2.47070421695
18.8536033458,1.18348805586,2.99736383773
23.3619457983,2.60025549136,2.31103427365
19.6950152488,2.90987534474,1.965445806
27.3208480536,2.06898100996,2.86816692611
13.8880579154,1.12960544204,2.60560149824
25.9769526532,2.72322089403,2.36304225132
11.267653601,1.70512795186,2.0285483755
20.7817934091,2.19068940077,2.42251192301
22.1405211113,2.94480322341,2.06638241921
7.63997182784,2.63643465046,1.30960825511
12.3384856996,1.72947302066,2.10912706495
17.1649242853,1.77238037472,2.45955044023
9.1577329474,1.63254110353,1.86412797159
37.613185017,2.91747074703,2.71115400672
15.5250576774,1.42861138997,2.55924326822
11.5624574258,1.0325476825,2.43097717988
20.9401663101,2.82222721672,2.07038970961
9.38296937587,2.88171708832,1.36590913901
16.7672247245,1.84008988195,2.38759726819
29.7091725643,2.41813527124,2.73002006428
4.98438019129,1.11000651965,1.56812197928
14.3322802045,2.59477498799,1.81263497414
30.7921465273,2.85068207729,2.49320058553
15.8271419754,1.58331151898,2.48251826689
30.4249562149,2.1412773334,2.96950495243
30.4044617031,2.17551944567,2.94187426171
13.54856038,1.60228880278,2.28548627191
11.4530313235,2.22335718003,1.78304845034
6.2640598475,1.00587642253,1.79995003185
28.2397314647,2.45319631906,2.63776887454
11.5266995817,1.46058730772,2.18717774516
7.24446034258,1.63323464602,1.65769850229
9.92676831593,2.01432654729,1.75406476341
21.2693518481,1.75454317379,2.75084017356
13.0377801646,2.1366802061,1.94624248297
21.4546398289,2.62327273178,2.20187893963
17.3028109129,1.44492519943,2.6905300151
24.6374137292,1.90828312623,2.84224380683
14.1223970886,2.43084003288,1.8760949414
17.1703156001,2.19182572282,2.20132394269
35.0492770689,2.89950979515,2.62853600438
7.86573579199,2.35309213825,1.4285254425
5.65237020403,2.38829767699,1.19999059191
31.117335125,2.95752364184,2.44223427989
9.71890230575,2.57612277891,1.49971630356
6.89466711182,2.64159084229,1.24248097598
32.8699056658,2.60203928175,2.74003201174
5.97588820807,1.1096039816,1.71718121794
13.2690541204,2.65428355297,1.71818573265
14.2667970705,1.19472939772,2.60036522383
21.2138723483,2.85807247917,2.06568232725
13.3588390939,1.55304186548,2.29884781111
31.5395976918,2.82517102307,2.53908145837
10.8906357651,2.35308024307,1.68091695554
6.74593288846,1.40146346182,1.69873092243
7.45591450359,2.98692900935,1.18705223614
11.8093028458,1.11328970822,2.41187440707
40.2219852418,2.81659659841,2.87338438385
19.0477619597,2.91613161477,1.92995365402
27.4095702055,2.56699442178,2.52438418959
32.6360524956,2.30038554881,2.94994190672
34.3405557161,2.63475438712,2.77768211455
37.4665890038,2.59373019689,2.93149645905
2.82145477215,1.64972480182,1.03004061143
6.18296986511,2.35500921968,1.26590501368
12.2730319412,2.30417428975,1.8072249385
5.53706152725,1.77234317842,1.39694319224
4.79399077424,1.92615842832,1.24781589301
3.58980239876,1.98524590751,1.06298151345
4.08213961441,1.10586391488,1.42048300005
6.2010077678,1.97202489083,1.40199006918
18.3439886,1.61021270345,2.65384862702
4.22834967748,2.19695226156,1.09092709924
7.96084686665,2.08288428683,1.54255502167
24.6223091962,2.33620750364,2.5385430816
5.60080237763,2.74331546634,1.09178398203
45.9254212768,2.93777750587,2.98111914792
14.9747546237,2.44800149435,1.92338111946
33.8766567443,2.9337059161,2.56288954078
13.1569247978,2.92416478963,1.60087732281
14.7241735875,1.21504878007,2.62880128111
30.6821528832,2.98820701618,2.40729488856
5.08921087241,2.39217421492,1.1375042059
29.5971963313,2.25988153206,2.83908290119
31.2140894621,2.48228046676,2.75261758258
15.2413820083,2.71964526448,1.81165515805
19.3971841722,1.63444367794,2.71165087657
8.94527736039,2.61693244206,1.42404240733
6.33875684777,1.56122833852,1.58015682523
3.82454277729,1.35580435593,1.29394316548
12.9689223561,1.0597592164,2.55883189809
28.3904368506,2.16090147537,2.8537188071
15.9889731055,2.84836801075,1.79760005248
19.2694971925,1.80381818556,2.58432973671
21.2568505455,2.51773161577,2.25107276268
5.78910613246,1.09966920545,1.69403074875
12.1859878986,2.78870439925,1.59246903597
13.9900836579,1.48604429096,2.3938165041
23.337716907,2.2953378804,2.49784086403
20.7460904877,2.59005253216,2.18342804848
35.0885789562,2.71055978913,2.75503928455
16.5048244666,1.01384163764,2.91656938269
12.5870035324,2.55687931377,1.71505920095
7.55075884974,2.4259333972,1.37354875161
3.06653035491,1.28043906493,1.18064266019
12.8284571978,1.89080144855,2.06047663618
12.8783813205,2.57498789197,1.72685506181
7.23407591235,1.76864545988,1.59829299842
20.925201283,2.94483716893,2.00885248643
14.7554154575,2.64615685081,1.81556191605
7.71854921666,2.38861745168,1.40215011458
25.0036981949,1.86003109358,2.90022979334
26.210962171,1.97310639662,2.88157978545
12.6286486252,2.5571599532,1.71777178302
38.4429115161,2.98154106002,2.69891034117
20.3473198334,2.92196363499,1.99189133487
26.1233775141,2.57034589407,2.46235303704
28.2388065248,2.81201881843,2.41031188839
29.2503450202,2.73238710255,2.50180954101
19.7846318458,2.14025846768,2.39524330959
13.7689290025,2.51728141293,1.81192397231
22.1538381261,2.82429920422,2.12846186222
8.94671529044,1.05762190014,2.12633816844
30.5358566844,2.8200370166,2.50149939
7.743277816,2.82627292138,1.25774811269
19.7004528998,2.48151835427,2.18722425449
10.8374224638,2.36339496696,1.67233117099
4.69278763751,1.10906683462,1.52189455003
27.3435495855,2.96656972002,2.28438212282
20.6316600973,2.7658973008,2.0837788108
5.64673449237,2.69034384263,1.11078940785
18.862908425,1.60089132972,2.69771155549
27.1947851229,2.04693891578,2.87827950505
30.0675001667,2.17666997435,2.92464232213
22.3274972961,2.97577336155,2.0596874104
5.54054931467,1.21809802525,1.61137996081
23.0675449118,2.29219384725,2.48537547795
5.84310158415,1.76365172165,1.43833990333
4.93737243031,2.71011706224,1.03357193649
34.5231080593,2.78060352898,2.68573259411
13.2218403152,2.49582532102,1.785307226
17.4018125502,1.53401228747,2.63679252737
5.37249545712,2.13586978415,1.24961405405
26.1107600324,2.86557350489,2.28754013788
29.2457896253,2.89433055868,2.40409729302
23.5658554368,2.79250262325,2.21246267692
15.2543121353,2.9929751789,1.69545678896
9.18464948181,2.83949136427,1.3653899935
22.2010863203,2.08060887193,2.5775631946
18.8777582612,2.81082294119,1.97130054689
4.80310463425,1.34710936227,1.45323864759
21.2334148651,2.07291187699,2.52589812032
5.46405500239,1.34060448738,1.55254151948
5.45766203612,1.31131331831,1.5630428986
9.25125820171,2.04657405948,1.67892963688
17.0877083836,1.4888785125,2.64365326066
19.2267166664,1.50372421504,2.79348649677
7.42593860953,1.66394996564,1.66481368144
16.6578106489,2.03049153041,2.26251021568
16.5525325787,1.6178315566,2.51589674135
5.87383582671,1.16915604196,1.67876290363
45.7443746692,2.97319604272,2.94997847217
9.79766309603,2.21710979599,1.65186743369
22.0851212986,2.47397006578,2.32029939219
27.2254800101,2.39717577214,2.62757354528
10.6829082784,1.41846027264,2.12846523284
8.47735958505,2.33691624032,1.48926012238
8.23950554027,1.10864277428,2.01679834846
15.7735802681,1.27814367903,2.67920657994
15.305623377,2.30556023476,2.01746088551
3.16732240612,1.65477097294,1.08990008914
27.8133992535,2.18626597023,2.80579552742
14.7603117579,1.96547124705,2.16679025171
26.364888541,2.37559191491,2.60016923918
13.4694646258,1.67296769404,2.23682649578
27.7193764262,2.79869381463,2.39587568757
24.9849247938,2.7296384297,2.31379090864
5.33558385393,2.55612086395,1.11684387364
44.724941692,2.89834447807,2.97010700402
29.2209470047,2.05371235565,2.97823329728
2.35420200054,1.01677062759,1.10079472353
14.2823228543,1.48757676345,2.4177318573
17.6769097431,2.6942497294,1.96341909377
28.6933113479,2.56912982181,2.58142641821
12.7780736087,2.20564811067,1.89213422015
4.46552371904,2.25899296576,1.10303631773
18.1815209016,1.32951417978,2.83993439501
19.9568424622,2.33561942179,2.28576909078
9.08867324003,1.34907759071,1.99807220614
24.2057392523,2.43941458294,2.45076960265
31.589248316,2.42449884904,2.81046865369
24.5192322836,2.19442253013,2.62876724192
25.8893809975,2.93031765783,2.24231104805
7.26979049572,2.51275403,1.31811090624
12.0262159941,1.97468481502,1.95106516909
20.5037778245,1.49265061111,2.89304986054
4.70413351704,2.27408645371,1.12766935379
8.69255179155,2.64449910805,1.39408633214
9.0258783996,1.27489328445,2.02830932517
6.86629526766,2.71308725247,1.21795985675
8.39112071824,2.21067729134,1.53128614748
26.5284530837,2.04174312969,2.84671174105
10.1443189445,2.60467366783,1.52117524495
23.9768984747,2.614760062,2.33270678159
7.8982191115,2.11422949239,1.5238097663
19.5336981574,2.64166098828,2.09130648394
20.7734997122,1.59171802106,2.83785436528
24.135550786,1.8536008226,2.85430686292
41.2110304295,2.89375018552,2.85422565072
5.46555739985,2.49655806872,1.14763283236
38.455764227,2.81746982422,2.80898634139
16.8450771379,2.86472190926,1.83774663974
21.5406179977,2.73254748473,2.14684425656
15.8923566581,2.00984271218,2.2220404901
27.5671502195,2.99985054315,2.27547358771
18.8604690164,2.89204686824,1.93169015982
12.8005434439,2.55793393769,1.72908353347
4.7492083754,2.69488543632,1.01754023448
15.5134468499,2.8265215518,1.78015959105
21.0246492669,1.803009527,2.70004075914
42.5111277441,2.756586973,2.99802760938
23.5099811083,2.31608512115,2.49354173788
26.3559152466,2.1895428528,2.72894154222
16.6420021714,2.03833413344,2.25674417181
28.0765794349,2.00416557164,2.95790022501
7.37376116161,1.77256706604,1.61197321654
6.74586112563,1.76694453242,1.54411417162
22.0278086155,1.75661151159,2.79792351658
42.2900375472,2.78776279755,2.96729285738
26.0851216089,2.45883209937,2.53148329704
30.423934893,2.21055879831,2.91586596038
28.7106404571,2.45716384955,2.65696526742
29.0441442569,2.31623578792,2.77142276507
6.47714474615,2.25561766017,1.3296228462
28.078643089,2.72263531504,2.45713287444
6.84464707657,2.09312074559,1.42646769999
27.0593239147,2.8576502812,2.33322583987
3.93021079211,1.05787622734,1.40923488728
28.4421803209,2.11357496357,2.89216197213
11.7573760075,2.25770439178,1.79042049499
27.396422405,2.08869884279,2.85720020082
16.7162169481,1.43593836309,2.6506309462
31.0346402558,2.96894055498,2.43230059353
15.3901922886,1.87701561225,2.26512890813
18.7077903626,2.83543187228,1.95059964774
19.9670326602,1.95279328602,2.52864178539
4.61988417749,1.28186871153,1.44862822516
13.8937508732,1.51304724383,2.36893989129
9.63351190771,2.66281503027,1.46087851097
10.9599661698,2.89997229117,1.4697053336
15.5962275897,2.00106596439,2.20636880729
32.5223834599,2.60795923676,2.72144252933
21.9617933472,2.86277659996,2.09937030277
35.1806701187,2.45687761622,2.94136129772
15.0597709707,1.53556145158,2.45195692226
22.6776240456,2.51182390935,2.32858858214
32.4791365691,2.80645498114,2.58848679623
23.0541765306,2.22091431683,2.53137048845
36.6602404732,2.8451508013,2.72409313986
32.2408068366,2.97890271054,2.47319360748
3.0171511907,1.87511794644,1.00343296001
14.0938284178,1.66586763905,2.29237080294
16.355654715,1.17115596768,2.79998381691
13.576761303,2.71663556794,1.71114367182
13.5807256144,2.04512483636,2.03498023043
17.6691115905,2.53043649011,2.04570318573
17.9900206805,1.99579802058,2.37296216511
6.78284533891,2.34584543409,1.32904641546
25.354548331,2.56964406074,2.42627927981
10.1925990074,1.28617714125,2.14941899364
9.27406531108,2.658118798,1.4350523689
24.3029779675,2.74096904585,2.27558962123
10.1050347718,2.26188264419,1.65803867551
18.3586569348,2.62082176504,2.03807978365
22.2428573296,1.62418583813,2.91159464052
32.1994401801,2.29132275768,2.93706839835
40.4070631596,2.77698157915,2.90820156644
10.9267907322,1.1412229067,2.30487825882
38.8136413028,2.70776805211,2.89960563462
28.4164328171,2.95148345821,2.33723538296
19.5209654769,2.824728034,1.9977740645
40.2183673863,2.6516128374,2.99332007711
38.4643088128,2.61560446301,2.95393028358
7.68394376629,1.13252916806,1.93678535954
19.5668740494,1.96090954798,2.49778833818
5.56494866126,1.0816508052,1.66782153804
10.7382943053,1.89991476551,1.88060153166
8.21686361272,1.33171595458,1.90812480704
28.3472254884,2.98173066508,2.31747924279
11.7368944601,1.22323731499,2.34237705407
11.8784184875,2.6592483653,1.6236375066
9.65094642708,1.95831431488,1.75541183293
3.14949475171,1.3355255154,1.18021069417
4.25230728733,2.53065835152,1.00351315786
10.131965583,1.33179101201,2.11881200971
12.4060603609,2.31478139903,1.81198535339
16.6725781146,1.82449631856,2.39072806992
24.4960443753,2.77813046127,2.26370972146
4.71742552032,2.62580637742,1.03183081124
34.4774997304,2.73990649681,2.71110597341
19.3920389404,2.30486003088,2.27127906426
15.9774216594,1.62433824786,2.46758191098
10.1770752354,1.92242066814,1.81988738892
20.2142676244,2.29028647899,2.32774920609
14.8381414202,2.28826826109,1.99537890936
5.71981446994,2.81284526536,1.08455830431
5.93179958614,1.3248716289,1.62401832174
22.0808540595,2.12940014785,2.53767733921
31.9903220107,2.3471797827,2.88531494191
24.1287731475,1.70677026282,2.96720594385
13.1962315191,2.49848550914,1.78236621987
22.7403261678,2.16959000519,2.54818452057
14.0254018805,1.18861167132,2.58206235785
24.2689389732,1.68380633965,2.9939206228
20.9209901904,2.86297000686,2.04892368229
24.3613333102,2.20259625109,2.61467379639
36.5937602248,2.81942643254,2.73882271148
27.8267377714,2.58993634917,2.52880095843
24.0663538856,2.03839219824,2.71380109967
17.650057824,1.5865963081,2.61933379664
25.9058188916,2.35532750753,2.5909879983
9.91096349116,1.22737739133,2.15031151667
14.1947773981,2.02409919156,2.09209458522
10.2422069151,2.27748568185,1.66246892904
7.60089252482,1.93913287249,1.56580588259
6.52533587441,2.86496936743,1.14373225254
14.3919414271,2.90217932825,1.68326633294
16.4055843386,2.8562800586,1.8173534737
9.81626773972,1.37641761282,2.06223283333
11.9482980566,2.39662263755,1.74093327111
24.6462548263,1.87044956856,2.8714672043
24.5416929208,2.33071054902,2.5380034351
15.9409961545,1.89278186454,2.29567147216
21.0629287523,2.17170189921,2.4510418183
18.1614758928,1.99305203279,2.38598009748
12.8237221016,1.04560758133,2.55263024149
10.0231672359,2.06768818518,1.73783408926
16.0272198221,2.31683818859,2.05842268156
19.2659577109,2.59154795474,2.10330365681
14.7403494708,2.79703377979,1.74784869554
15.4485636398,1.65216666863,2.4086990931
2.52308088092,1.06096410264,1.12833097759
16.0314348016,1.04771516468,2.85272897142
11.551296889,2.4160355889,1.70322013868
21.6600770284,1.60150157705,2.89035835301
11.7047387687,1.49222719563,2.18608678715
7.27134200374,2.90392839656,1.19595878575
13.6427217096,1.40226497363,2.41526896368
27.3814987919,2.1946439829,2.77780693859
13.4816185118,2.61942171969,1.74712836083
27.3960005003,1.99831553556,2.92636596226
28.5605425225,2.02636547271,2.9657838439
11.4314402189,2.583427315,1.62348576958
15.1541506002,1.91153561486,2.22717519826
27.5150585737,2.00639164327,2.92644484121
35.7236488114,2.96104930969,2.61454213986
19.7911435018,1.84173341359,2.59284385008
23.0267429826,2.17230510455,2.56235156266
17.9262856272,1.45352393765,2.73253430183
6.27568629486,2.24312960612,1.31306253214
22.5694263385,2.45506129922,2.35699639576
22.7569953289,2.39716542751,2.40229162637
6.32416591072,1.44452192585,1.62676972114
19.2170998338,2.83893013065,1.97528144025
4.27183000414,1.61408466514,1.2793661426
17.5508244017,1.18884334997,2.88824277592
30.737479136,2.4847428542,2.72980212128
10.0338503384,1.19841145804,2.17881459715
13.5262657617,2.64556552328,1.73855625419
5.7310651015,2.67118340683,1.12442325618
11.4714188493,1.00249844348,2.43761300362
6.07848116739,2.07050917816,1.35231967219
14.2875222326,1.45028416015,2.44152085949
17.5810411298,1.89232616123,2.41116469506
3.9866449983,2.30505643908,1.02977025014
19.1353319325,2.65476464346,2.06307848546
9.33064183199,1.89339261998,1.7560517439
16.6447541647,2.95826751913,1.78585862834
19.5547493804,2.15531024663,2.37186693654
40.5796659575,2.95595829421,2.78999853429
7.45380378898,2.00723076924,1.52281621139
4.88713485272,2.26571052951,1.15191045426
11.2941098782,2.72598145494,1.55706061852
15.875994822,1.84903750627,2.31776238623
32.9809846602,2.29953834243,2.96614425842
13.1076036005,2.89815866551,1.60797183539
23.1391864789,1.88144780131,2.77417348923
15.951416874,2.51622078603,1.95077371945
18.2677466334,2.18473171457,2.27481727887
9.02629950088,1.90736465421,1.72077699636
22.6727402779,1.91548321795,2.72135518988
3.4774832597,1.51084285991,1.18583739409
13.6460584345,2.93057007451,1.62784164152
19.6138371193,1.82081900419,2.5955781053
6.33121047295,1.09264428968,1.77445011074
12.9771328552,1.25761052829,2.44244981926
16.0362335615,2.76678106469,1.83671121764
27.3475679102,2.568969947,2.52026585764
13.4227098463,1.23933897215,2.49515954348
13.0878230922,2.07967676168,1.97953377544
16.9949543291,1.43371160704,2.67416363214
22.7201596338,1.65728243849,2.91715066847
7.25957878501,2.88500697714,1.20049377623
7.97605087957,2.52716577731,1.37559529043
10.2319455444,2.98759804276,1.39036509673
32.3678098928,2.71727561695,2.64165385974
3.05263168616,1.41345147957,1.13923735143
31.1729445508,2.92751500202,2.46217006325
36.2559859035,2.72638965518,2.78949340847
28.1637862897,2.38154173375,2.68328087534
17.529928544,1.38584333357,2.7492691651
23.0530165709,1.7787123277,2.84557093001
23.6990709427,1.64287105678,2.9906605034
6.08719181787,1.02203892494,1.76800683011
4.66461564687,1.65450033485,1.32275511318
32.7085208739,2.66689209876,2.68911231724
15.0842785927,1.33560649412,2.58281057205
33.8856073879,2.3865854733,2.93942413374
19.6417750515,2.36494987793,2.25047828749
15.080778299,1.40914389845,2.53492973475
14.6910146087,2.12049577687,2.07478987197
45.0077812956,2.94965616224,2.94274506967
9.86614872233,1.1849930944,2.16750238575
18.4555871491,1.15600688455,2.98503096797
9.47229317797,2.60654924734,1.46923053886
10.7118828661,1.64569494046,2.00914616931
7.79524011037,1.94721981903,1.58229656023
32.1929093202,2.71624618283,2.63518164679
23.5344178935,2.36686495347,2.46218629799
42.8478444409,2.88124672803,2.91921337772
10.3559415472,1.33543070508,2.14015003376
25.1857582345,2.2982680648,2.59287536137
19.9630505481,1.42771645749,2.90273803553
27.0837365582,2.62754646953,2.47126980086
36.2029966098,2.97772374912,2.62150248239
5.39314913568,1.88970230009,1.3363754796
4.93882262382,2.43671431112,1.10778734723
29.0942519934,2.58961935869,2.58596046949
12.1403909319,2.10518331371,1.89373571577
7.18991866133,1.30995926709,1.79463476723
27.7066830021,2.02664945684,2.9208944495
5.84564422462,1.21381067554,1.65687072276
2.56716056824,1.21723731211,1.0970808486
10.7822968884,1.52340989727,2.08128482534
22.6474809624,2.87054167299,2.127860187
20.4756391757,2.70494049567,2.10751800383
43.9133424154,2.8312663386,2.99156286308
23.3726642729,2.60078217852,2.31125716559
16.5031237719,2.92209380484,1.79383065566
25.2013244511,2.59577791295,2.40300355002
17.6959475155,2.93599274956,1.8512997831
19.7378211187,1.27866915653,2.99663820641
33.870810711,2.73099372441,2.69309549238
21.4097618173,1.54956494979,2.91289959494
4.95307094738,1.26124555227,1.50759921968
22.0666483103,1.68259822362,2.85575919568
5.17640832019,2.64435898747,1.07583473744
6.78149878103,2.88613497424,1.15997318388
42.3285277702,2.91819182101,2.87557650716
26.848058957,2.87416145314,2.31476387375
25.936143901,2.54485615386,2.46942595015
10.8804337187,1.62666804579,2.03505156006
7.08156451009,2.01595022257,1.48087842731
6.05054843064,2.90839930487,1.08977191723
11.3993582194,2.81971371074,1.5285160155
5.78624652104,1.11090806805,1.6892024044
32.6125081765,2.44142743884,2.8432222634
17.7085853702,1.34874482483,2.78926143518
20.7785694761,1.79355423362,2.69093651109
25.1505097226,1.93375111791,2.85232917521
7.63065243871,2.8739479016,1.23410942512
29.1247277741,2.58813314952,2.58828635666
21.7307210731,2.3838387095,2.35559100941
30.4402203187,2.33613404562,2.82261941319
13.1921424017,2.02556991095,2.01606935017
6.50629681798,1.01125436552,1.83224209351
28.9725302028,2.60182321822,2.57260609703
17.9394140927,1.42168302866,2.75593153865
24.608275435,2.12764898514,2.68021457873
6.99488091091,1.47958950102,1.69548845996
8.24012848475,1.83779050641,1.67479891823
16.7752488617,1.34920910669,2.71444502914
18.2967100684,1.42160952956,2.78329318781
17.1876680669,2.28166642693,2.15125374176
14.1349560212,1.58137484772,2.34724562544
5.90428015434,2.35810049353,1.23605621945
8.20423184674,2.50545095112,1.40287458391
8.37337674667,2.00656739808,1.61430355469
23.2933008614,2.04559238526,2.66477454665
15.7463710163,2.77183254123,1.81776635892
17.8541467298,2.033468324,2.34050039876
14.5969643352,2.70158980204,1.78092805691
17.9665707756,2.87257590224,1.89430774987
13.5286301795,2.44616859904,1.82901294812
9.4856409312,2.9896945258,1.33802724631
29.0252752182,2.37235305451,2.73049026122
4.75121680583,1.9396934635,1.23777983781
44.7647462213,2.87820384626,2.986007884
6.63817196457,1.51803041224,1.6353355738
31.2860669655,2.79802634856,2.54577113941
5.62462158772,2.96035397901,1.03761689085
26.4457057363,2.64447126467,2.43162523347
26.369753239,2.5945912972,2.45881519312
9.43318168124,2.22627086879,1.61696463885
24.6446358097,2.18446505626,2.64238232808
5.50837096305,1.290068963,1.57859848572
19.8912539311,2.47907686695,2.19916372361
16.2775654946,2.84285311516,1.81619727177
20.6398359956,1.48608377723,2.90756472366
26.3499511754,1.920684395,2.92970029909
19.8344085572,2.86258281558,1.99519478914
16.0596591229,2.54662929555,1.94229811493
9.81148079271,1.3439932493,2.07865946345
2.65547444175,1.05982858256,1.15785461585
14.2605673897,1.37754266749,2.48490162757
15.8557044003,2.50605537329,1.94995992107
16.9867414506,1.08300852725,2.91298775623
16.4600532312,2.01253164862,2.2597682432
4.85639411609,1.76627537007,1.31037233909
3.88198353182,1.75220030369,1.17593870546
11.7554121658,1.53323068424,2.16763401969
9.84649935342,2.33028369113,1.6077888687
24.1043383718,2.41844078203,2.45886112701
13.6440873783,1.43849023921,2.39314220261
28.9086571366,2.34419431558,2.74494800478
14.3056696933,2.68791686902,1.76909116859
4.75124994867,1.94045056549,1.23753535384
29.5566269151,2.49080789755,2.67270569276
41.6890196604,2.96435583334,2.82217060684
12.2750359415,1.63709961229,2.15562098279
5.9969191115,1.83867338462,1.42842666692
12.6793053022,1.38298551546,2.33985878666
15.8527719364,1.16670839054,2.75952340825
13.5382331367,2.55146249715,1.78113084341
22.8870581551,2.34224154752,2.44362823369
21.5670962738,2.47096523553,2.29469051382
10.7615682945,2.52169402777,1.60007193128
6.52268776085,2.66608278098,1.20110164482
6.30771884539,2.60385218246,1.1997588219
27.4544024075,2.64873666297,2.47491468491
11.7514913011,1.81206681562,2.01376311293
14.1325922938,1.5602559969,2.36003963445
4.95527901923,2.64031357068,1.05367443422
29.9318298681,2.33033947127,2.80316351591
10.9382565496,1.37301322933,2.17877649973
29.0110778124,2.19266516849,2.8607573414
20.8042307705,1.70153230616,2.75903502272
5.26410593142,1.98567938895,1.28707190978
14.9858702981,2.83294542266,1.74687679169
10.6692973973,1.71009201453,1.97136278265
28.5920308122,2.95216753675,2.34405944596
20.1849227654,1.93056516046,2.55745041081
15.3816475084,2.33794622916,2.00551351463
26.1684950661,2.96479731796,2.23571120074
12.659118045,1.20340042492,2.44436597293
27.241877888,2.79063146897,2.37986866874
29.955414864,2.35794859916,2.78425817271
11.0339573768,1.26715963411,2.24689452784
21.6379454175,2.28542659145,2.41137831273
3.78199452832,1.76244796348,1.15754753805
27.6392202721,2.11187837084,2.85232161814
25.9506302591,2.21736291671,2.68818455251
4.26659558113,1.4910899302,1.32024645041
28.2894785953,2.30401430132,2.74389088137
22.2837297628,1.85991292905,2.7380278317
30.2192220592,2.30477251399,2.83537361332
21.2941757062,2.40889184939,2.31678230987
12.2433548424,1.64305504388,2.14946630592
18.7297636198,1.23500674281,2.95055129612
19.0210132947,2.27867421274,2.26484733328
13.7302206535,1.98769731764,2.07752757998
7.04964315802,1.52582491581,1.68184861827
25.434318293,2.33052395097,2.58387227871
10.3484311183,1.21779614097,2.20237146922
9.37099800503,2.65932495573,1.4420966022
18.638024681,2.08739501967,2.35745438245
16.6537946312,2.11629185198,2.21149748814
21.8182004207,1.53202651248,2.95401387271
14.2025842749,2.07011289722,2.06733580543
12.7979393754,1.68977045841,2.17070579927
34.6516097873,2.61856511661,2.80161962336
25.294982951,2.29825989516,2.59849715313
10.3792922754,1.11577676107,2.25982520186
36.8528041052,2.84774633309,2.72950588907
21.8759786175,2.134620297,2.52240389115
37.0549098924,2.80349809588,2.76682867823
13.8533625682,2.34541081933,1.89959379013
33.4598389067,2.63457775217,2.7419534859
12.603623199,1.79584611452,2.09449451606
7.53463769749,1.78143162575,1.62563669263
34.8050714234,2.38683122692,2.9788477862
10.1505374395,1.65147601662,1.95281911859
18.4061867693,2.65017946006,2.0257179333
25.5895193495,1.96774589814,2.85126777407
13.8613754064,2.9276809862,1.64177967282
29.4628114683,2.98081058545,2.36316202735
35.5466666395,2.84928682053,2.6796910235
24.2029728221,2.73097736912,2.27653890693
7.05518358457,2.82691399611,1.20037564129
26.0568702751,2.46506537011,2.52607250176
10.2499129404,1.82402772923,1.87474809803
42.7008304371,2.82369871795,2.95544911223
15.5183550647,1.8116927031,2.31434372555
20.3484520764,1.44467000857,2.91792173621
20.5519092937,1.43564037741,2.93927016785
14.4566925523,2.31023973267,1.95832719956
4.14673565891,1.98151748027,1.14359740913
21.0373118679,2.96547164458,2.00424612541
8.25080342644,1.54295165998,1.81140747181
35.9561051518,2.61104463733,2.85927903142
12.4798801285,1.84585996815,2.05669627283
37.6813738115,2.92075449286,2.71145513915
13.4987295397,2.4368757845,1.8313574083
26.8085214521,2.98828302279,2.25016777838
22.7462566753,2.39023061565,2.4060281814
17.344601124,1.3144419898,2.78426783499
17.4244513134,1.27531998368,2.81788514547
7.09576235968,1.39838984446,1.7435833674
10.4321107018,1.15311196585,2.24578774715
10.7465201169,2.92731328123,1.44572014977
27.1113051482,2.50103450873,2.55308089247
7.44505062803,1.97491516118,1.53502184416
23.1918450168,1.81956249089,2.82335408757
4.49548292722,2.48434134028,1.0440704674
11.4607870106,2.46117140223,1.67697028227
35.5676118955,2.92681472508,2.6304496382
43.8681319889,2.93208657458,2.91758840797
5.97490875589,2.62680173663,1.1609482546
22.9478677038,1.8914442888,2.75535452836
15.9219114714,2.24564193572,2.09009963756
10.5287176548,1.1972629665,2.23251422984
14.4668883613,2.28375548949,1.97257776103
24.8677421509,1.92804833895,2.84054792955
7.92547753558,1.61610456639,1.7416876268
9.09219065962,2.40623745526,1.51490799703
39.0324481383,2.78204765032,2.85473670584
14.9179181186,1.5144606686,2.453799819
3.11970349274,1.14515920463,1.23042561999
13.0467743388,1.84158908346,2.10527649293
16.1524266991,1.13363744724,2.80734186783
9.5559611645,1.94462678719,1.75311056536
18.8561926224,2.76717717758,1.99147193713
21.7657001738,1.99258492503,2.61235004026
11.4973974275,2.49463319636,1.66532507771
46.9056619231,2.95687435101,2.99893201862
19.6799648397,2.01236688692,2.47103790898
14.9907159305,1.02886067231,2.77029091954
9.36838635385,1.37835174042,2.01365106703
10.7254826794,1.89144809821,1.88371112069
28.9602071363,2.32945105615,2.757927427
5.82559211077,2.4684263451,1.19338544891
43.2142714488,2.86595373171,2.94260730162
16.4041592896,2.92242728049,1.78829978462
11.6202629505,1.32930128848,2.27051475017
14.9767381411,2.9244967306,1.70786924665
4.8666057263,1.59860150204,1.37108689595
37.2917228432,2.50054369952,2.99467707678
15.2437545706,1.50997603094,2.48334020802
19.264526573,1.53233264254,2.77554105065
33.9019575122,2.5418920872,2.82541805611
3.23968111667,1.44977710973,1.16275890107
18.1325059497,1.65119780708,2.6102267558
29.3056941464,2.17412275628,2.88928855616
23.756574404,2.86827985439,2.18054167313
30.0900673784,2.88733728761,2.44269792552
23.4574003111,2.87021137922,2.16574850764
14.4269305912,1.109237655,2.6683257231
4.57326644643,2.30277108682,1.10359104469
2.35159334804,1.05226497455,1.09146244385
5.20118955611,1.35294661782,1.5100432409
10.8306808894,2.46240166678,1.62970522726
35.9151698512,2.95160343615,2.62750823156
4.37889129325,1.12265547936,1.46546628466
17.9836494843,2.09979045229,2.30813025851
18.1271231832,2.59170853904,2.04010960828
4.50915519275,1.69497519637,1.28671232144
23.1990107445,2.64957380217,2.27456194555
23.8970816562,2.98753283626,2.12485337042
21.9779703884,2.05099457623,2.5847451804
8.73651013443,2.04648289762,1.63159199974
7.64909133792,2.65110884367,1.30557178037
18.6276309048,2.68457372733,2.02040038643
14.4086188326,1.26662384977,2.56794357536
27.5299842348,2.93894959913,2.3074532294
21.2322726441,2.37662137409,2.33276652646
28.4752456394,2.88328777583,2.37858947972
21.6771053182,2.26937840931,2.42368561525
34.9190275171,2.98800906701,2.56825443285
31.1925814465,2.78094200415,2.55268503394
8.87636322266,1.18868595189,2.0540871435
21.7183169668,2.61180842506,2.22177311849
19.7287508375,2.48407341182,2.18736463419
43.3506138068,2.90172768428,2.92171834495
14.7226130963,1.32135783337,2.56077589623
5.69982537254,1.97612217542,1.34267969489
32.5685545841,2.75566092503,2.62472052728
16.9178413923,1.43813225215,2.66506977185
23.402570742,2.01180644906,2.69502963137
38.6157405969,2.65562653548,2.9301247379
13.8281700957,1.09415374497,2.62150990464
31.8909874743,2.79773560517,2.57044861157
15.0019353491,2.58304517666,1.8600029012
10.0008803224,2.95446489017,1.3855588852
15.210495402,2.65459445103,1.83944987527
5.8274146657,2.29969253083,1.24675461467
15.7431075515,1.82070843816,2.32547031283
30.6858694678,2.2606721896,2.8902292732
14.615349701,1.97972225691,2.14798593291
9.29399570966,1.8644066328,1.76614663238
12.0592787867,1.26548417524,2.3499398557
21.9908580843,2.07605517516,2.56842016977
3.15586107355,1.49690917862,1.1337554399
11.6098259397,1.28041731903,2.29725933652
4.17167606939,2.25671445784,1.06676184097
31.7884815892,2.82746484141,2.54764714002
23.9052258275,2.13211203469,2.63854449839
34.1107950157,2.66349643437,2.74848644041
17.6460754091,2.79056870325,1.91542543314
28.8493535637,2.01432649412,2.990265365
32.8872747585,2.81134540262,2.60157196918
39.3929858179,2.74757645719,2.89242778964
24.3598826952,2.66641600396,2.32096097866
33.5424279513,2.8603613119,2.59602135164
21.1961703779,1.60963494213,2.85314478675
6.58415517381,2.35776142824,1.30539792868
19.6316072735,1.81361940254,2.60172163359
19.1598864145,1.30048074787,2.93653146506
39.3576434887,2.68377492248,2.93737785019
37.4995397495,2.96927237856,2.67345103655
23.699909039,2.84342970271,2.19119181366
16.4059476655,1.03287350828,2.89550797717
20.1085961279,1.50439233716,2.8563387328
17.6679139586,1.16556018526,2.9140213105
9.8173542028,2.28645812779,1.62381959383
8.58581448219,2.61182431003,1.39693319
7.98518723632,2.9464422534,1.24047421119
12.9915496279,2.35141099116,1.83669907851
25.7856814758,2.56924070366,2.44707074346
32.1220575615,2.91052106936,2.50967017176
9.29652017974,2.77902784284,1.39423769743
11.9104838118,1.87409123431,1.99421957276
4.22658289854,2.47138728696,1.01572475496
26.5661544158,2.82470202287,2.33057369248
18.0957704558,1.63037379333,2.62190997436
14.0626376583,2.48621801493,1.84572342364
13.345572192,2.88017123497,1.62960962249
18.2178422753,2.81575595291,1.93419410142
44.6840716077,2.96728530169,2.91973200188
35.4344847117,2.9980966917,2.58089972553
22.1427536517,2.57773560963,2.26276300549
18.051866026,1.17936969313,2.93583201734
2.36099907447,1.22497874334,1.05013340178
11.5890203768,2.39476690853,1.71538051604
11.2428390016,2.67734530191,1.57246492033
8.89191583241,1.10990771289,2.09450744355
10.0949026714,1.38581089459,2.08632436476
42.5050832583,2.91991754752,2.88036437286
23.9503410063,1.92012832263,2.7935296025
32.7067768129,2.73308495705,2.64504095896
19.3046864255,2.33768928382,2.24690391669
5.12026238201,1.50103378666,1.44258956027
12.1227703475,2.39736720919,1.75326107989
13.8474084654,2.81481675336,1.68669269645
17.0944586646,1.34880600977,2.74042726443
12.0716289422,2.07124498346,1.90537413397
20.8108906383,2.44022727186,2.2719457441
11.1278495039,2.82359156744,1.50876762815
16.6948754264,1.46021622854,2.6324773935
15.443400715,1.57872499817,2.45518294903
12.2156663587,1.30177137387,2.34399932963
25.6082109263,2.19597855759,2.68541189713
5.23310933204,2.19135400868,1.21542598898
29.1999729123,2.94837838451,2.37101209437
6.68122725888,2.72372285102,1.19826076059
16.7481493032,2.0098947057,2.28105230259
16.4843435857,2.0544704666,2.23645555905
26.8430574727,1.92889867709,2.95054241954
14.8982614486,1.25127101098,2.62107289183
11.5936839823,2.76029550106,1.56421576337
10.248235385,2.29406880147,1.655784108
12.7218383744,2.90686031527,1.58079358887
14.3833160286,2.93887418096,1.66788975142
5.61680771703,2.69321474155,1.10704872986
12.2882779471,2.62238399133,1.66676921916
7.54233809727,2.82092027654,1.24295168683
11.3251564094,1.29153499546,2.26268669201
32.9810016895,2.94943978102,2.51920436302
8.84292986235,2.97644760401,1.29601223902
7.98465641704,2.5292354701,1.37561243959
27.0707462468,2.5212307875,2.53806695372
16.1808389458,1.17711090678,2.78102610992
47.0379539413,2.97093160994,2.99302523839
13.3421450305,2.22871143318,1.92179313869
35.0919142614,2.99827385407,2.56828486733
34.6655355682,2.94832177977,2.58343432645
25.108895476,2.52706810833,2.44073889846
24.3543466464,1.85142344583,2.8688739095
14.1042732332,2.29615164512,1.94141722753
23.4640654105,2.60424144785,2.31375183862
11.1763204873,1.61147773276,2.07078253916
5.51245110093,1.28921327113,1.57951780529
13.209866647,1.43515543451,2.35676667661
14.196018791,2.79781974529,1.71494119907
33.2622201395,2.27970335314,2.99420228721
13.4366942188,2.03012767687,2.03221504245
12.5286752852,2.55407492801,1.71229855523
28.0085609079,2.30464107466,2.72978792908
34.1402075263,2.88573606307,2.6029168773
28.0326940882,2.24728530967,2.77213990259
31.9000598544,2.66361302314,2.65785172068
28.6602848043,2.68103087107,2.50832160446
22.2444401593,1.57006927682,2.9532893067
23.8946481963,2.35703018048,2.4872845905
33.8796406814,2.67780877411,2.72936775174
21.9759483635,2.82286181916,2.12064641392
31.7806961884,2.5666201983,2.71848673286
28.3611887705,2.25978272805,2.77924103521
31.7312292997,2.25338928821,2.94464581902
4.73431780115,1.90983250107,1.24541400798
20.424735523,1.94906433958,2.55999246085
3.67539612524,2.2390288567,1.00594178758
13.0727569536,1.4930467111,2.30981965338
8.822109141,2.96949270082,1.29664918562
3.65734094551,1.1094891658,1.34341196121
13.2494088123,1.37227207043,2.39838165356
4.15723423675,1.95232709845,1.1539488005
23.8443271054,1.89411872058,2.80666331815
16.3132440048,1.2434464723,2.74797512389
26.6859843892,2.26094851516,2.69509042916
6.68924879533,1.68984429381,1.56931869322
32.6529614211,2.64053425,2.70464086997
15.9067460178,1.79738966794,2.35203789123
22.3484929074,2.39325910194,2.38303416162
22.0629896163,1.8378341075,2.74045598749
6.71361205593,1.43400686553,1.68063443832
35.2574609319,2.83197742527,2.68009237443
19.3814387082,2.71772793372,2.04391771943
10.8975183168,2.64612533643,1.56028014319
16.5252752046,1.92820808075,2.31547379738
25.9469649785,2.97827557462,2.219033164
17.8437691111,1.5971823579,2.6263750652
13.353974126,1.54730970668,2.30186665606
4.91409077824,1.88038631072,1.27880292829
22.3356644595,2.06174822645,2.59828993554
2.14646727702,1.01459286446,1.05161461038
22.9200130865,2.69115604497,2.23744545073
35.7630710145,2.59504770135,2.86312431806
14.98129246,1.96623164596,2.18250932097
44.8951686369,2.9148985953,2.96383719735
19.644632774,2.39754490221,2.23176106365
22.5064635087,2.86558175532,2.12379073645
23.0153651433,2.08348823352,2.62241032012
19.0750192205,2.12066709979,2.36407413179
21.3360657649,1.6309948958,2.84652815474
5.37792963231,1.74385357075,1.38715727087
39.0834793127,2.93125278872,2.75444133113
19.1543350617,2.05278032457,2.41186075843
4.86295926733,2.04643564418,1.2173019649
6.46817571078,2.22346696984,1.33992759832
15.1326872619,2.66978009513,1.82777464547
10.7800885192,1.76299572496,1.95400870177
6.1110163512,2.92511273645,1.09078219894
15.9756920579,2.0171010204,2.22357708669
12.3272273615,1.64451724068,2.15598618555
2.86578083482,1.02523396656,1.21223696603
31.9580750644,2.81124820328,2.56461734682
6.46509534231,1.60939224618,1.57583316571
6.10965130712,2.71177132275,1.14927024849
11.5353262218,1.23023078592,2.31823262966
42.8791651645,2.90680440351,2.90221294813
19.258318886,2.05695025451,2.41573145423
16.8053362208,1.32169510839,2.73568525198
12.1061193567,2.79103636281,1.58633036763
20.7336185063,1.90186160798,2.61181310316
17.7403772261,2.07435436308,2.30792501792
33.6219997461,2.3253253493,2.97480986923
19.4907001277,2.90359539289,1.95820302502
5.28762239844,1.47957151495,1.47413381586
9.22738431986,1.88635157012,1.74957735265
4.40582996629,1.64626732588,1.28832978617
12.0803328272,1.29166608494,2.33683289354
8.06386818317,1.85807117887,1.64788950074
20.0313538876,2.60471577197,2.13756013548
22.377926569,2.74313394943,2.18243367629
29.7692347336,2.41504534669,2.73495397196
21.2704714011,2.19230587,2.44978865917
16.358591118,2.77878025102,1.84959263203
7.25392668512,2.32181264861,1.38302632
8.9494674797,1.93223571192,1.7021569834
17.6716827414,1.4622803295,2.70695674809
25.2851649144,2.76795915137,2.30566486568
5.45966962757,2.56223154162,1.12800679388
6.39787525498,2.75253592669,1.16422682766
7.16958681889,1.63952511196,1.6463832254
25.9070813388,2.59456747826,2.43716375969
26.2107127082,2.35142999304,2.60882414875
35.5394666586,2.71946075992,2.76655134698
8.21838768425,1.13913046154,1.99990304003
5.41589130471,2.62251402539,1.10649820975
4.30372962153,1.39463322401,1.35919087392
31.2317688324,2.42552943454,2.79378005515
30.3719853932,2.35726630243,2.80404632827
12.8071056574,2.91230292431,1.58399211919
7.22019018624,2.83895860441,1.21075522772
10.6040449891,2.63139134884,1.5448338138
16.9805152576,2.02844359392,2.28555993967
18.7331429274,1.74913341675,2.58533040227
9.19049452683,2.0637864152,1.66580229884
12.1424515613,2.73747470513,1.60988077743
6.065328797,2.77257089924,1.12796551709
6.04048103545,1.41167362857,1.60328123261
41.0092158292,2.84328579888,2.88245855994
13.7858120332,1.45196663234,2.39723407051
15.5588819109,2.22893571096,2.07518821922
27.5096396676,1.96346177873,2.95966919563
20.8964567558,1.41173211208,2.98197360802
19.9081596186,2.0199762775,2.48031595791
8.62897977879,1.55171046958,1.84823154378
12.6841044231,2.51847218006,1.73855340823
11.8918726174,2.29798209837,1.78181083038
11.0515036822,2.56695815709,1.60294645418
21.9228840275,2.04773369661,2.58373295576
25.9677945711,2.11445807081,2.76285125515
23.3742900377,1.84367585112,2.81634653707
15.3391619001,2.36395639664,1.98928483976
40.9459769969,2.71083867676,2.97591401184
9.86146828352,2.18338551098,1.67196978457
23.63578876,2.52976939741,2.36643198389
11.2059603528,2.88001711708,1.49333005631
14.9375855669,1.9372611386,2.19614833441
14.571704458,1.95099616042,2.16118982729
38.8470601414,2.94120667797,2.73950768385
24.0315061037,1.92087630748,2.79770324867
5.05976639354,1.06192960809,1.59749990813
25.1610074284,2.41833725496,2.51224496467
40.2285381857,2.76925028363,2.90731373471
24.881461371,1.81662744764,2.92667193187
3.66027965812,1.99471157521,1.07067396749
15.7975306946,1.56860700507,2.48975036019
15.2764841943,1.08611404987,2.76048481261
47.3826918776,2.99220240467,2.9886883751
17.6463613437,1.92761801927,2.39310171582
15.3125197725,1.41081654256,2.55324325508
39.1085098197,2.75678731965,2.87540101609
6.28948386759,1.6408907645,1.54147079978
21.6379865766,2.91616524547,2.05697868004
18.1636915576,1.27021088891,2.88066529947
6.49338577744,1.44554665323,1.64795690106
8.9031401897,2.19383234121,1.58430065472
9.16289532951,2.90897276753,1.34089339924
5.04907455585,1.33584349689,1.49420562041
14.9381072174,1.62987484052,2.38250595536
12.6422522525,2.23073823517,1.86971549228
34.2033423007,2.46491651035,2.8942465637
6.45728123669,1.50863224581,1.61683767704
14.7877782687,2.43588763168,1.91729276441
27.2293726071,2.7747677701,2.38864684538
19.8437114557,2.27944018246,2.31284636712
38.7357082141,2.89847948928,2.76400437167
6.29605154636,1.10124394833,1.76600266694
26.3348797249,2.87466157205,2.29225555172
35.4826240841,2.48704831281,2.93122330241
20.5759294623,1.69452248854,2.74894177182
3.96109667189,1.09632980093,1.40235707544
26.7937984172,2.66490187037,2.43507306991
20.6512984526,2.97300843141,1.98218070666
42.1627339826,2.95400552816,2.8452359438
23.5843575201,1.64152701128,2.98446922952
5.19667942995,2.07253526832,1.24971826611
21.3748153615,2.74597332968,2.13145781353
21.1008649154,2.81678301285,2.08109657704
10.2751517665,1.66114782003,1.9597689905
7.72154720075,2.80397799455,1.26287484121
15.8847933428,1.69763797526,2.41334333585
20.826888528,1.56038273005,2.86487851456
3.57257878554,1.70290341663,1.14291755985
23.351256103,1.95819189693,2.73063281168
10.1372564486,1.17279241421,2.20349643459
19.697251413,2.54288768086,2.15309546777
10.1298828336,2.8382294417,1.4343717852
4.83102096585,1.15903611149,1.52613337179
17.0664572952,2.59814583236,1.97630880493
12.929835441,1.9112725242,2.05738433746
15.3458904787,1.47511127179,2.51421589494
27.4983508458,2.71725099429,2.43486696292
4.33162791163,1.24689321476,1.41482345098
17.9776501125,1.43493199863,2.74953144512
12.5050267661,2.7969994557,1.60988897358
8.77959233509,2.22139488993,1.56193655853
19.1836293524,1.39473373904,2.86953980742
8.1615725031,2.38368711073,1.44366608309
2.71284351201,1.22793103512,1.12485711972
26.4271177362,2.97860102894,2.23929596636
24.2243463149,2.49330499868,2.41809099398
21.6523665526,1.59301395875,2.89627979375
9.17882152426,2.31137089467,1.55997071762
23.2930224063,2.08791783331,2.63509505276
24.0426302616,2.86558624926,2.19507117047
27.9136871482,2.43242116318,2.63652940657
5.74645949874,1.43717087237,1.55361457561
21.6559324176,2.38259947727,2.35228716205
19.3340739233,1.50484546948,2.80046099471
27.6499408858,2.63286888371,2.4936286897
3.16518428004,1.65732148387,1.08880022818
40.7024963218,2.85173770769,2.86573331534
31.3099185466,2.50227458611,2.7427919655
9.53718246103,1.40539598186,2.01780324963
5.68835082548,2.63709076981,1.1298404624
17.0590157512,2.9452959376,1.81360279878
8.35260223812,1.09078092812,2.03900322911
14.7004478555,1.21812993443,2.62472296294
6.9415545445,1.20066887292,1.81125155802
16.2420539021,1.77452591179,2.39115746104
24.7094494964,2.62973293372,2.35916657433
8.92350959666,2.97548613038,1.30220416653
33.5001863332,2.43924420154,2.88327412626
12.5513454717,2.81813527762,1.60451258136
34.6916146093,2.40258758329,2.96191783709
6.58248952219,1.90756964442,1.46940381534
5.10110581391,2.85589050842,1.01348428261
16.1021792527,1.63668727003,2.46916694819
29.0263182407,2.99062052627,2.34008303194
8.82866373315,1.8437642152,1.73082903883
34.7459478413,2.81506836849,2.67163404342
24.1905092914,2.61092487955,2.34534011673
20.9518515517,1.54264133771,2.88678435683
17.8027783269,2.01191844013,2.35051356493
3.06681949702,1.89265774894,1.00695586367
9.64231232146,1.13684113469,2.16740513355
35.5263192256,2.98536307027,2.59213410355
4.1920943075,1.1517404064,1.42409534318
4.69209011807,2.08939439216,1.18221675049
20.7161493154,2.55578547381,2.20086273749
18.8737373043,1.36333010917,2.86899748828
20.5155330953,2.16981420742,2.42018366487
15.6037465872,1.40224652144,2.58304204013
10.0908168022,1.98685227823,1.78142911557
18.960884255,2.09053623381,2.37581280028
8.20567276943,1.0074827707,2.05937510522
15.4904000244,1.93539092637,2.23752788914
10.4215820876,2.32625428876,1.65580601875
13.1179876249,1.81015684902,2.12870598384
34.5745091009,2.65857042802,2.77052160539
17.8028329385,2.86213130813,1.89046246059
20.319106487,2.71653296403,2.0933978318
35.6587889657,2.64385368258,2.82403241731
21.3824378009,1.78619698699,2.73509202875
13.5546633657,1.50715787499,2.34342971925
10.1020045322,2.1293169292,1.71649196756
9.72773679256,2.38829575059,1.57423173688
13.090309103,2.04360161954,1.99870541018
2.97705567358,1.82253573223,1.01076070802
24.7869159098,1.7419777092,2.97951217852
6.73743397442,1.77981012323,1.53789380221
18.9299768523,2.71494789399,2.0213696307
19.7177032949,2.68780885715,2.07699758362
9.59350006282,1.66470404729,1.89187378298
13.0876431743,1.01904669592,2.59415223437
32.2060515253,2.64122963651,2.68559937018
28.3190857814,2.57738869201,2.55918094357
11.3058457997,1.65468010133,2.05921871981
6.23008663747,2.31790194398,1.28301693902
6.99671564383,2.64246799167,1.25136662053
21.0051653965,1.47367651392,2.94259355968
12.0633989156,2.33449230441,1.7776585806
25.3632737957,2.7539817688,2.31721829542
6.61183938368,1.3067886252,1.72233686474
26.0618718304,2.82137928727,2.31022966615
8.22090162252,1.59401505032,1.78415936986
15.1571495344,1.18987619724,2.68340414337
17.0459181628,1.51305418981,2.62393881822
8.23532806834,2.26497981464,1.49559802994
9.95479742254,2.26062866011,1.64620619175
18.2550152389,2.08833408804,2.33252710443
7.36674013825,1.88586488735,1.56346320784
24.9189246542,2.18600633641,2.65597053498
23.1871609608,2.22528329761,2.53575658291
9.9325445347,1.23266147456,2.14988579006
17.7277020267,1.89329524471,2.42057756987
9.43811403421,2.43195563966,1.53326991734
7.00877698074,1.34663836552,1.75569254743
14.2863047832,1.03657371189,2.69975057665
11.1999654705,2.18975039485,1.77885214279
18.4114710957,1.51018327872,2.72904785212
36.3004226412,2.93782250778,2.65035399157
12.2323723577,1.72157167158,2.10443384068
23.5016659209,2.50134004627,2.3768666455
5.51574407726,1.09035037312,1.65711313617
23.7655963026,2.72045389604,2.2617802853
32.6945592406,2.61732287261,2.72220645038
8.35377206497,2.75220372198,1.33044444554
19.2757994138,2.55994028717,2.12073795132
6.83409626402,1.64821472358,1.60372923468
29.4237676183,2.18840626017,2.88425707674
26.8882441625,2.8995409654,2.3022492218
26.1436649793,2.68447812632,2.39360362778
7.98500908622,1.90302752939,1.62034596269
11.0058313701,1.3560390625,2.19488203225
23.0080177337,1.78732837044,2.83630277377
11.9636400524,2.32896473547,1.77283585341
8.51654904288,2.82409258735,1.31976075625
22.0641327258,2.94436739876,2.06303142372
38.9052958016,2.79305219445,2.84236562105
20.3459005619,2.28017956408,2.34147774944
12.4508137853,1.64316922242,2.16753560729
12.5676825172,2.26115003349,1.84942389911
10.0422486535,2.69468506716,1.47971530835
35.8978062517,2.43605964493,2.98711347115
43.1266605403,2.95620912068,2.87605003013
12.4250449083,2.61867594618,1.67758420051
20.044960932,1.97837232788,2.51643070259
38.1419690692,2.95291441738,2.70688347228
12.546657457,1.92326388835,2.02022521032
24.3596309404,2.00104554971,2.75743973715
32.8336750941,2.48284430584,2.82271908453
16.0067465004,2.49253671498,1.96599942454
6.02760378996,1.45661509272,1.58324343593
10.143716685,1.01871916671,2.28399384203
3.45018275525,1.45927619977,1.19701376622
25.0367457173,1.90134572932,2.8704698918
40.3274406874,2.96659000198,2.77421119922
4.53826610119,1.16780681007,1.47609034721
10.0571841247,2.248266566,1.66000532652
36.1683075241,2.52198984115,2.93314207643
24.6693041855,2.4134380818,2.4907174362
14.6007531124,1.41730524697,2.48907232928
16.3360247254,2.61137464468,1.92711348451
13.9577180125,1.07140383053,2.64755591017
13.8813146378,2.02236662574,2.06981572036
5.52396587908,2.92329956396,1.03752175857
5.33545725208,1.44093670415,1.49558012128
2.08676880649,1.01848180819,1.03599215192
2.73627959766,1.1146959444,1.16059468687
17.5462123788,2.73850436155,1.93473419629
27.1219377948,2.47366829409,2.57150896671
34.3049009099,2.87423481991,2.6164990142
17.6489747518,2.67100216996,1.97329301936
19.1736689175,1.68818104553,2.65806653893
18.7737977802,2.27202276854,2.25398971961
9.95218450231,1.61328141238,1.95316378423
35.490657422,2.91387653218,2.63583996446
10.7966760766,1.48665377353,2.102603287
29.5111495731,2.72352815058,2.51847294851
35.4637563075,2.60717401307,2.84240744321
36.1073941789,2.84035179554,2.70664983591
25.8143803812,1.8906045439,2.92303521986
8.67785107066,1.09569270262,2.07596921146
5.95801544385,2.47282952612,1.20551262862
6.71646896243,1.04605944314,1.84717100488
26.7786042917,2.97967953042,2.25355519426
12.0629062823,2.72512925121,1.60952392243
19.4402316433,1.79510227793,2.6017643482
29.5792389815,2.49029713693,2.67407688088
31.1621931759,2.59257995934,2.67428365752
19.5467274303,1.74979172027,2.64041392848
5.77862682624,2.58720930815,1.1531747134
11.1324785424,2.31763230724,1.71518798455
17.2829178202,1.93534238454,2.36347640487
17.2011178183,2.89884437579,1.84171682519
12.2146434126,1.21489126376,2.39441403682
5.96480523295,2.31483028978,1.25640700708
11.2376269968,2.10589985173,1.82162170715
18.7433364803,2.68425553815,2.02682658705
13.7317333033,2.41950476711,1.85536811734
6.47313108328,2.5159500412,1.2427804948
39.0227039927,2.65772066271,2.94397881734
24.4458956627,2.51734892626,2.41426754775
8.68182799646,1.59346368192,1.83375895333
3.08350144092,1.58965403391,1.09393654313
11.6233710668,2.40865024825,1.71177984606
18.4596394808,2.4794191986,2.11836137312
20.5799687329,2.40646141126,2.27902594759
12.6539715513,1.69960114267,2.15286331743
18.1719679197,1.65259723078,2.61210254668
22.7925942207,2.82669111867,2.15766301493
35.6935411204,2.58675704501,2.86633698958
29.5462201058,2.8835050945,2.42277881016
6.44421851619,1.60804161074,1.57384448135
22.7042541259,2.15861502646,2.55352470404
22.9499144573,1.9238329735,2.73187399059
2.64636269358,1.38848864363,1.06748153769
32.6836906947,2.64627461185,2.70201686474
22.7127013502,2.38379768594,2.4082513824
9.695516078,2.20856323881,1.64692045274
32.7169741467,2.96951720896,2.49701003025
8.15077092032,1.34357400485,1.89479031598
38.3939753829,2.5939055312,2.96742401022
11.7870035489,1.01458480408,2.46431919121
16.2009559684,2.56923999619,1.93966896284
15.2982323183,2.62096275952,1.86039832655
36.0453293152,2.54810653981,2.90876956254
11.5515644854,1.55093241435,2.13887382268
18.3442148512,1.56838885985,2.68309171406
30.3851877666,2.29740633187,2.84860712984
20.9244087534,1.65122404125,2.8039671387
25.3485718925,1.98503185725,2.82482694809
25.3763472192,2.71461773321,2.34056614729
36.5287548547,2.7650136999,2.77329965008
5.28403649571,2.17065135666,1.2279882688
31.5785443282,2.56693066741,2.70961386989
25.0384818473,1.85282835979,2.90780418135
17.9196195603,2.23815367919,2.2216959984
22.2297975624,2.23833594222,2.47438502491
19.9856276001,2.5174935166,2.182857149
8.07617685009,2.25937133339,1.48324737437
7.34233394753,2.65485876954,1.277922656
9.62494189158,1.06054090976,2.20400079888
7.82691281346,2.14625598214,1.50416257471
7.80075705715,2.29261483982,1.44514710837
28.7531070299,2.49126815095,2.63581554748
30.256952719,2.71305176627,2.55674941277
16.5880334736,2.52912538868,1.98279399274
20.3086931956,2.25062007144,2.35746367876
19.3167894447,2.56796000965,2.11868102103
11.1001460191,1.76987039104,1.97919309092
10.7503853543,1.77495074688,1.94513967011
10.5166405342,2.08831214307,1.77042132495
19.8097116093,1.98749573581,2.49557334014
3.71985778475,1.50929624673,1.22695876889
24.2297717482,2.89581097493,2.18745399259
26.8827782795,2.19192562241,2.75435871859
17.7600146142,1.57615480024,2.63466860216
8.27228534687,2.94007570345,1.26451703323
6.35903315755,2.54181840564,1.22369730631
31.9559553924,2.39395479707,2.84907613021
21.643969064,2.29015552607,2.40874294302
11.0015651123,2.26329722221,1.72938830561
13.6333574069,1.17101279505,2.55645281953
11.1182101047,2.46796652012,1.64884297321
13.3116385772,1.256338144,2.47450092919
26.3035431641,2.46690902314,2.53680244555
16.9523359432,1.52304209552,2.60994976995
22.8642804443,2.80626386955,2.17191529849
17.8208992142,2.94501416923,1.85378558051
39.4576097193,2.89910304712,2.7892192059
12.6317737882,2.21435407923,1.87698086159
19.6728942622,1.3853547656,2.91282998481
14.9120863694,2.37548686009,1.9555532676
3.94623755796,1.08114370716,1.40462744414
16.0810501689,1.50497405081,2.55393931615
10.8764796401,1.12184708079,2.31004250075
13.9353413626,2.58532905329,1.79162866362
31.1848263779,2.70987577814,2.59770909234
16.297988004,1.36589977415,2.66432042571
17.3095437298,2.24132216793,2.18173988408
14.8320931095,2.50692842292,1.88554720896
5.5974990568,2.46946413472,1.16947856347
7.60262904226,2.95791942091,1.20705389466
9.94743634522,2.41844561724,1.57957931205
37.7783631965,2.98074859719,2.67598966548
5.89312294304,1.39476837841,1.59043452211
36.3071937142,2.52215828895,2.93864224713
13.5431048172,1.03354188301,2.63037805685
35.0320639158,2.97172603469,2.58247524321
22.986813095,2.98711078471,2.08420213144
36.8997486526,2.97340553252,2.64935318713
5.6178632892,2.62504018728,1.1262252593
9.48294059164,2.92694561192,1.35818964124
24.2454439897,1.79263321345,2.90748062687
4.82947044616,2.50912111627,1.07533320459
7.21742923733,2.90595241289,1.19093230161
34.5905608895,2.93443982248,2.58929456346
18.5943437783,1.23878683404,2.93715696469
17.4733006967,1.95905601288,2.3615440185
24.6841840984,2.51713342389,2.42613886626
11.0665180457,1.3226389767,2.21945114382
14.3538386708,1.56355978582,2.37639047328
18.3466469813,2.72866275711,1.98320977239
18.1004453107,1.29958722318,2.8548232766
31.3471562729,2.52811909128,2.72640537355
13.1140121288,2.97915849322,1.57723463355
15.5876216856,1.97256866956,2.2224963822
19.9108149083,2.43595487181,2.22471293319
42.549221194,2.82602225994,2.94851773704
20.3426669825,2.28719442468,2.33701302667
36.7752438706,2.64132999089,2.86971866179
15.2201393128,2.94383158944,1.71367252035
39.0247702611,2.84320509645,2.81190787634
3.34963139599,1.86230369825,1.06088089619
24.9135515054,1.85653360945,2.89768762471
36.3596021307,2.87785636106,2.69134377053
20.5440504096,2.70850982689,2.10916020076
16.0738306038,2.83826783724,1.8068210261
8.4187908861,1.2693906855,1.96156788457
7.1578837022,1.45070149973,1.72793634986
12.916532647,1.82155435355,2.10591580607
20.874829032,1.51639303962,2.90120682209
7.7895506514,1.70134355781,1.68833743326
9.09420118965,2.16026623127,1.61539975671
23.0458693406,1.67437504604,2.92477479229
20.9730702365,2.38624592914,2.31272352486
15.2864680628,1.98676644905,2.19264765733
12.5576144645,1.46480005121,2.2804166813
27.1199571294,2.84538933895,2.34284453456
17.3603924027,2.93496037019,1.83412041486
16.2450681809,1.59377707451,2.50819771551
29.982709131,2.14063748865,2.94834103791
5.50424282304,1.98808035092,1.31526331963
14.4108797889,2.29564418059,1.96266500227
35.3683139753,2.77508843564,2.7221116519
40.8097686849,2.68940839487,2.98687123713
11.4476676838,2.32307919016,1.73683844217
31.7488830228,2.55958968746,2.72197193299
6.84087403289,1.92100190542,1.49263101744
6.16549530216,1.48159136957,1.59097812753
13.5102244912,2.70133478415,1.71346005471
5.48133178525,2.26067598548,1.22153437656
22.4573289351,2.49357023878,2.328071036
43.277200213,2.7915436373,2.99893108035
4.4181208965,1.5203831929,1.33332528333
6.33632118171,2.95070396802,1.10386968322
5.83401320497,1.03777754417,1.72476520884
16.0234253747,2.43387174754,1.99682366808
15.9716025077,2.04057845032,2.20950862305
26.0915567513,2.29097538733,2.64410811291
41.6601946158,2.74906889441,2.9733989574
19.2429768394,1.87914586983,2.53140287152
10.8224963052,1.84042367259,1.91803136782
22.0576877332,2.64703706388,2.21931737435
25.5280599518,2.02225753227,2.80697045182
10.1097752802,2.23573246605,1.66980672696
17.8533722081,1.68301975011,2.56841501524
10.851892479,1.68890390679,1.99932350963
12.9152831269,2.87485729498,1.60519808608
18.2708802763,1.89010535561,2.45946428657
10.2294785776,1.9686100671,1.80232909256
20.8050825582,2.74032674011,2.10580465048
33.4891188594,2.45703036073,2.86966477166
3.28926629501,1.20759138964,1.24472911092
28.6329977169,2.77702117042,2.44807673987
8.04104193952,2.22813392531,1.49216091548
20.9923219088,2.79388028728,2.08745574341
10.5157874976,2.86948263505,1.4503275463
10.1358939067,1.41031008333,2.07757145194
9.33150588715,2.76480265148,1.40177361757
4.24269037456,1.36773956791,1.35874605648
11.949010175,1.83161550581,2.0201043346
9.48448154728,1.85306495616,1.78953693458
19.6115920321,1.88346249558,2.55260473793
23.2565457032,2.00139818841,2.69403154111
14.5300524389,2.88057377408,1.7002235999
15.0888822184,2.98240770631,1.69051332311
10.4141467743,2.36219899009,1.63985562631
23.1685216373,2.63378902299,2.2820933539
5.59259817267,2.36193690653,1.20179404551
6.55361228227,2.54555508258,1.24109944107
18.4198112742,1.72798619345,2.5780142465
4.13387657023,1.57295064504,1.27217521487
7.45869367747,2.92430544742,1.20530642556
7.17272737172,1.72673535849,1.60926905816
43.8751140317,2.87900586754,2.95561086598
42.7773536005,2.90396085194,2.90076446476
37.131821606,2.50918313088,2.98166988526
9.53985502577,1.14206311616,2.1532110731
21.6988090793,1.90481025929,2.66982219688
16.7952990362,2.67985994632,1.92071930208
5.39742786093,2.08105595355,1.27076227195
6.3539922649,2.26380967953,1.31410628836
15.0669950973,1.21673090891,2.65814529587
15.9558672507,2.00627797972,2.22858095822
22.5126427269,2.05186745054,2.61539237509
26.4696197138,2.58858441074,2.46720769302
8.09861047869,1.95659073242,1.60878502783
25.5342940275,2.0033390696,2.82142502444
24.1264109703,2.0516304865,2.7076792121
22.4529102754,2.71506851336,2.20137476784
14.0472038283,2.47661913099,1.84924552451
8.24905393092,1.86151997904,1.66517775591
9.00194113453,2.86144364807,1.34451121437
34.2533569932,2.50590597691,2.86616400716
9.59079063167,2.30121707381,1.59881358199
12.4752013172,2.5049523765,1.73013069627
29.7016866576,2.75914311774,2.50438018023
42.7194824712,2.90785826988,2.89606413872
14.2405893877,1.90706356157,2.16156568329
23.5327919718,1.90680172787,2.77889019851
15.9705779166,2.45817049916,1.98112843771
8.42207445368,1.59005333102,1.80773253255
14.532542142,2.01204646324,2.12361081506
20.0137372639,2.35874269526,2.27534156097
30.5347499852,2.53514733648,2.68603751
13.4967692069,1.71775416285,2.21275567485
26.4763199913,2.64101452707,2.43514458928
8.16324251572,2.815182505,1.29492336846
10.0166676471,2.08953183494,1.72726828136
32.8882083937,2.32694679579,2.94092945584
39.866422599,2.7243154321,2.9265968666
18.9917744487,2.91640515742,1.92698758869
16.2533618459,2.75115752765,1.85626306391
19.9069811273,2.74382996714,2.05806419905
25.4731195757,2.8314737402,2.27834186678
2.69959317903,1.18897460834,1.13271440129
14.3245206182,2.63871267991,1.79220236498
19.6496672387,1.80185332842,2.61105970134
21.7413902457,2.04937089098,2.57190092609
9.25481267936,2.17169396353,1.62471078857
27.9475193874,2.75899003584,2.42939301485
30.7029191516,2.97795313786,2.41403711979
33.2034781218,2.83737412754,2.59742021992
8.84904970437,1.73129261149,1.78529895823
3.94787524784,1.8074896485,1.16861443125
9.29278119884,2.2159910836,1.60921529725
9.22904487366,1.49829156016,1.93813231161
29.2210407356,2.41397175596,2.71040468223
24.9836266491,2.54674023253,2.42249691629
12.7692246532,1.74797709225,2.13513841226
17.6695848998,2.52913880014,2.04640615957
16.6527595893,2.02937756797,2.26283476599
26.2422827977,2.10790586653,2.78222166832
23.3488629423,1.81718483435,2.83468434073
3.00904406161,1.2654421353,1.17385605472
6.43685345342,1.83113519492,1.48285961297
20.190374206,1.40292953964,2.93774237013
27.2899805372,2.07222386912,2.86408911229
13.3427339581,1.84092695396,2.12939558015
14.3010659079,2.91317497,1.67347798147
25.8372901649,2.34674056573,2.59332449487
4.67913349944,1.49486332811,1.38125254619
35.5756264856,2.82307685557,2.69803653887
16.4297559053,1.48110386628,2.59746943141
10.9651611157,2.01159577835,1.84486044975
16.5993509131,2.87204064614,1.82104262194
16.8391272131,1.85757666801,2.38162406975
15.1574204413,1.53085367118,2.46290802935
6.83068376109,1.80822664748,1.53686835582
25.8347008714,2.02124721025,2.82453469758
23.8645594021,2.57324990668,2.35176013759
4.69093569383,2.21690953634,1.14305328795
9.18095231693,2.25084241546,1.5849758174
2.16074340301,1.04757130587,1.04734561621
20.5220823629,1.66712282354,2.76526878778
29.2283441204,2.39054616201,2.7271715647
20.2253886484,2.26425566885,2.3442558229
8.45943572313,1.88850914927,1.67423196615
17.9878626785,1.5852925165,2.6451834465
13.585308554,1.27456208606,2.48862627421
20.7864004619,2.24854270371,2.38632486047
17.3372722969,2.57333860943,2.00445793653
27.1932732842,2.57047278359,2.51218977774
37.3539471221,2.81174814518,2.77234448235
8.42310721842,2.80946161493,1.31722215795
31.8711520902,2.3680352266,2.86441886625
17.3352154334,2.77485808174,1.90584715803
10.9660026904,1.64288853318,2.03434043369
33.5136432303,2.99119230381,2.51412369233
8.04375563126,2.08541798038,1.54952886459
9.92113900175,2.29303487367,1.62958462917
24.0441727488,2.75686364515,2.25454810733
25.9824971825,2.96779158285,2.22614899465
4.77892235763,2.76745269749,1.00249591702
5.74018885034,1.28049501741,1.61529527959
45.2294413988,2.88901557648,2.9935854757
40.2789034143,2.76010647331,2.9157148563
20.0447522244,1.66127299081,2.7371385193
2.94651365519,1.07810918426,1.21457951294
20.2232191105,1.38563899057,2.95307748565
43.8035872798,2.95906303282,2.89654376835
31.2613002675,2.73295556063,2.58601472588
33.1028133228,2.50839650133,2.8158272849
45.5107562595,2.9786416833,2.93859265095
10.9028474617,2.0790497412,1.80705410554
2.42995646754,1.36470225928,1.02908211215
28.9571597135,2.88280587312,2.39891374606
40.5859206821,2.98494096896,2.77085627973
22.6956611413,2.10565880392,2.58892780849
22.7416715631,1.9089890982,2.73019410429
26.3519086059,2.89251310823,2.28306397213
21.1613546319,2.19822948401,2.43969994518
10.6831380132,1.63067667617,2.01439238204
13.9586019855,2.9710478615,1.63040314133
27.3549954841,2.58714125826,2.5090457439
24.4784669637,2.29318597106,2.55959446776
15.657176621,1.65575253257,2.42261814859
5.32614877525,1.01727576138,1.65555029555
6.72670170169,1.39901661265,1.69736419644
10.7310603088,1.94225119493,1.85894850908
7.00885229541,1.75443546831,1.57915252564
18.4793365248,2.67214564723,2.01860248082
15.0510111771,2.23316800353,2.03877757315
6.38469399841,1.60763617535,1.56672556133
13.4392818186,1.0151650307,2.63103942977
18.9510688358,1.73955242539,2.60693208591
33.9975622049,2.34710576598,2.97451485835
12.4470172367,2.04067021032,1.95048919194
8.8989614594,2.91983854304,1.31796828334
23.7721548671,1.95903584248,2.75451518144
8.01300255378,1.12941211255,1.97926779183
7.01656416498,2.02461242973,1.47068688245
13.6699560462,2.37292773729,1.87357661424
21.9614787169,2.47811121042,2.31134399386
14.0435534936,1.69915466983,2.26825970463
21.9056407509,2.7082445606,2.17807682961
10.6796404039,1.43867208709,2.11716317277
12.5966481668,2.55672626537,1.71578275302
25.414735711,2.9757176729,2.19750511978
21.0597409647,1.71474044928,2.76624900147
17.2798321045,1.00315042672,2.99132444869
13.0410352928,1.1266774884,2.52662721438
39.9181793419,2.96878475177,2.75864303829
9.23337668825,1.33988119419,2.01857468099
23.4758345333,2.23937464447,2.54209627629
21.8216580715,2.7190277416,2.16807305077
16.2449423797,2.69965656726,1.87967790187
5.67837460548,1.94727353476,1.35045140786
17.5728191744,2.87674876625,1.87153266026
14.7733386847,2.94911083966,1.68618501395
29.2877531932,2.10908463614,2.93831824577
35.1272186526,2.38602356135,2.99322623446
15.1467121162,2.84964331069,1.7490677753
41.3246757395,2.85833807794,2.88290370541
14.0398608373,1.98281052544,2.10354793898
10.3504214897,1.29572169627,2.16087881491
6.25853054442,1.04820649057,1.78222414202
14.5379938519,2.62469763836,1.8118796632
10.8648734817,2.68769811107,1.54181466029
22.5449650739,2.06855016646,2.60574313812
4.09828876548,1.95811376858,1.14398008767
10.0692014703,2.03967799325,1.7547793539
6.66305557368,1.56599948246,1.61805680823
20.0593530532,2.74242128242,2.06664703416
10.2415763278,2.35411883053,1.62961929143
14.5131685696,2.90189412342,1.69045770263
31.3775321785,2.88463239887,2.49604922632
10.0666454661,1.807123332,1.86626859286
32.050670244,2.96296176604,2.4753496372
7.99576087414,2.64215155937,1.3378328473
26.4994729433,2.16952969805,2.75079378411
17.1593071952,2.53103405507,2.0156685278
10.8244378418,1.15755508837,2.28522112968
22.4594060203,2.36085385292,2.40904090973
21.4950472151,1.62842930373,2.85904146035
26.7681922766,2.25546999732,2.70310520878
24.8427390024,2.10570270803,2.70858972174
41.6668326645,2.74359131719,2.97767398357
18.9516952121,2.57801558958,2.0932279307
20.3010348714,1.74542610618,2.69399221906
16.440276164,2.09633725612,2.20887938253
13.7134572975,1.89991901525,2.12521133315
8.05064142572,2.19509933977,1.50604092375
21.5075209897,1.49458606833,2.96153388648
20.1723733798,2.71452927765,2.08686531699
4.60841247399,1.66484642771,1.31118202358
29.7582617998,2.51288450279,2.66673794718
11.885658622,1.37039998054,2.27267456307
27.4483420577,2.1624798784,2.80480604295
23.3028890804,2.61945379834,2.29696920746
22.4003273044,2.13957889274,2.54912181989
7.66165491112,2.77911303843,1.26569416901
11.425219143,2.97330750052,1.47424833534
13.0863449737,1.35898452743,2.39158875572
19.3499869573,2.45715466006,2.18125178073
17.6425480292,1.64622544012,2.5780932687
7.985226762,1.39380950818,1.85179322705
29.5928412199,2.23316209569,2.85878182395
15.7366452848,1.8516467541,2.30596939104
3.31485033446,1.64894601709,1.11670595341
15.4942855474,2.23106724821,2.06972031761
32.421076486,2.75855577437,2.61689627466
23.9613760331,2.11829736684,2.65128215619
32.7716447553,2.42898095348,2.85928462133
16.7408827752,1.70261150089,2.47426769228
9.54322191396,2.95000585718,1.35493905817
19.6763514955,1.60881262903,2.74954676458
16.7656852402,2.47381968762,2.02172232183
22.0922358492,2.96857805027,2.05235058187
14.8958556944,2.65095186118,1.82198860711
4.97380188371,2.68676155027,1.04343552439
13.5520055699,1.00244149703,2.6494969673
22.6239390335,2.88240745765,2.12061996597
20.0849043131,2.81900707463,2.02927062417
5.52016745501,2.2802550999,1.21960485928
36.4841603075,2.66595862585,2.84074428608
12.4899434298,2.30086358483,1.82469730609
11.0587425159,1.02271873676,2.38266249547
22.0854752055,1.72823202457,2.82272026741
8.07628993281,1.17583045541,1.96536530952
18.4325846428,2.58236560845,2.06209053249
28.0519935384,2.63713642673,2.50900092195
16.8832860579,1.66619563224,2.50877266087
27.394871007,2.00159734887,2.92376032235
19.3718063661,1.77958424015,2.60789537287
14.2023802999,2.45467687089,1.86991582667
13.9577692316,1.39616761412,2.44678940879
13.1330013116,1.50264900143,2.30938839502
13.1188118335,1.07764233102,2.56309926487
10.9505158529,2.43332340922,1.65097520878
8.5121630876,2.9888121405,1.26777850748
15.0592472787,2.7496737669,1.78743029367
10.1954504312,2.24673959065,1.67204482784
17.0154606239,1.51839860809,2.61795980919
6.33560194703,1.93401161911,1.43149603092
33.1755374089,2.45530402503,2.85746289425
39.9464925399,2.68796852214,2.95617298798
10.9818642431,2.40712896123,1.66452455743
23.0057802868,2.41459924043,2.40455424482
22.3848628329,1.77712279698,2.80521294277
10.5131720258,2.62940326909,1.53896930509
18.968397404,2.29691732803,2.25098306762
28.7497921934,2.48651307479,2.63886894858
30.7368979363,2.62063196618,2.6372511773
37.3450012973,2.7015333442,2.84863923668
7.04010053861,1.17248078939,1.83642770581
19.3818445767,2.64887564367,2.07939333194
15.5276429315,2.19965120786,2.08908156073
10.5738192587,2.54314457637,1.57742263944
23.0829704845,2.56717945417,2.31648679203
30.1603923545,2.11561149987,2.97663988557
32.73831437,2.80362605083,2.60060194041
43.8338545478,2.97907128614,2.88364923193
15.5966013332,2.09847926666,2.1502391116
2.6663080184,1.56384010023,1.0241348403
15.6904339611,1.34830495051,2.62580708467
6.94284698517,1.74301935939,1.57645979851
4.50074360501,1.5895875106,1.32166002724
14.9683840679,1.07449845293,2.73979574378
18.5600384465,1.61127291674,2.66868830972
15.1540160565,1.36453643107,2.5699983043
5.47128854349,1.654216734,1.43267859938
14.2072675692,2.49706670475,1.85005483846
24.182548467,1.84894688384,2.86061836804
20.7554251155,2.91969834543,2.01287054219
12.7733010958,1.52996009856,2.2614554709
5.82885642004,2.69260533297,1.12792354767
38.9324703553,2.96254492005,2.72845946759
14.8200885601,2.14611190945,2.06986208413
7.54712377989,2.97516132375,1.19766629929
13.6888853426,2.0460657418,2.04255883891
6.56289984469,1.96552783323,1.44480911908
16.4959333198,1.52104029965,2.57591570513
11.0250977845,2.46765809357,1.64205386704
10.5357963856,2.02174455314,1.80352284975
14.3000491468,1.50094643469,2.41087818106
36.5182951597,2.96412530168,2.64150684599
24.7166517564,2.02034299174,2.76340200727
12.8263088743,2.10816247214,1.94496752933
9.64072081237,2.1242003849,1.67910807948
42.7709069401,2.87105078289,2.92383932778
20.6238363514,1.64551007334,2.78794684686
8.06956812007,1.91383714762,1.6242326734
16.1372384912,2.78344784178,1.83492299432
5.41522512354,2.45945116856,1.15323535987
29.0631544193,2.23997111076,2.82803685055
28.25883702,2.41477441403,2.66485534457
23.2464339339,2.97576314355,2.10165065274
15.8845481784,1.81274680212,2.34083569411
6.05597661949,1.76010335371,1.4656840991
12.8112201925,1.12560026684,2.50489710141
9.01013733199,2.730893362,1.38904233633
8.9787590381,2.08961952108,1.6352955808
26.5397586561,2.46051442915,2.55234736235
7.3716645722,2.74385157502,1.25238158385
6.11335670948,2.34536100613,1.2619106916
11.8545453938,2.48282421618,1.69610445529
17.2187496133,2.7728047448,1.90039719575
31.9856484982,2.47426549821,2.79215076318
27.109424977,1.91474424669,2.97631309738
33.664019755,2.89515680537,2.57879147168
33.4157631155,2.89982657735,2.56635486781
9.81474465993,1.98708950656,1.75678073342
22.6759757284,2.96351678744,2.08181927459
9.84225300458,2.3606507669,1.59483274939
12.8458261895,1.22468817056,2.44967367007
19.197139802,2.56598698472,2.11316522423
19.7896594516,2.27549147396,2.31207485936
24.6182056142,2.39239517412,2.5016768499
8.59469101454,1.0657644642,2.08023173229
9.25184172382,1.52456757942,1.92734444631
7.28997639702,1.50061281526,1.72150022856
41.3633370689,2.77037052842,2.9472189332
24.9448067733,1.81578658249,2.93104926626
3.67939955384,2.14399291676,1.0319220035
11.4632840968,2.73843899849,1.56383592218
27.8940739828,2.83239382756,2.3836140157
14.7434500108,1.08831981355,2.71052105686
15.2850893009,1.1999737714,2.6881722954
30.174564202,2.79908244331,2.49949074088
31.0415937663,2.89580572096,2.47592124022
9.04903010484,1.59768307589,1.87006829919
41.119418844,2.70506909301,2.98649734105
20.2726185103,2.18239701944,2.39786846154
3.2453124158,1.29698918384,1.20960349596
39.0607216654,2.8596841164,2.80190171902
12.8216971631,1.2931021226,2.40661351465
28.1958166455,2.24695264167,2.78043564992
37.3865708864,2.68471686457,2.86220623403
17.1715922836,1.14377704816,2.88765668883
20.8832973328,2.20466193864,2.41953073481
21.8871960282,2.21312393177,2.47151248774
18.0263090449,2.40566079254,2.13338859716
20.7440063221,2.97742554497,1.98451967074
41.9170593545,2.93873947071,2.84739258069
26.918339611,2.18664431258,2.7600055469
5.41945884247,1.61148123173,1.44199127713
11.0647029674,2.06980375547,1.82487332503
10.3077043343,1.30460964135,2.15165870537
5.85565100019,2.15381963206,1.2984409245
34.8190182666,2.83691830989,2.66015619748
34.338462489,2.45267465151,2.90907563819
6.38830601974,2.6691563712,1.1877505856
24.3172959575,2.67311594124,2.31504725616
31.4176986925,2.98048794106,2.44049094088
7.22260025278,2.65921376424,1.26607758025
19.5076545397,1.46864145926,2.83944481389
19.0103131752,1.82248061818,2.5542056633
5.06326418555,1.63050468229,1.38685029956
17.549773864,1.61477261156,2.5926577739
31.5184597688,2.47041799382,2.77441639525
27.8024176991,2.12501905707,2.85083066357
5.60258760036,1.24505172065,1.60978016951
6.5953564878,2.17365854951,1.37084089371
17.6632349777,1.55939201991,2.63901248496
34.8554266896,2.9995801075,2.55881658457
5.91495733832,2.96075006458,1.06395879373
14.2093981765,2.67346522291,1.76950635192
10.1032127886,1.65630523846,1.94578453063
25.82176444,1.97543505971,2.85833929998
2.30417241651,1.15296389835,1.05549290665
13.6256781505,1.2032947837,2.53603141927
15.0268206913,2.43119760416,1.93505902902
16.4231266366,1.44248000081,2.62288883494
15.2447185324,1.45210229591,2.52080256323
6.13954870918,1.02277953077,1.77530099196
4.21651172723,2.03454402625,1.13708282051
12.0196795555,1.01856621563,2.48632324569
18.24147121,1.61835588159,2.64077082599
7.34213057354,1.69850274462,1.64036366154
11.8087226496,2.8174678006,1.55657690011
14.9383006902,1.7770362999,2.29165467983
9.5893113714,1.86425802185,1.79405758197
34.5270260625,2.61953616004,2.79589508173
37.9329879968,2.72207889088,2.85633517162
30.7915287306,2.21031622936,2.93361499479
10.338214614,1.59656058903,1.99943363381
14.7313828318,1.88625335305,2.2106853467
18.9537713472,1.66692466034,2.65764611529
16.9649991274,2.04778236735,2.27284650639
9.38387143723,2.93190585182,1.34945819581
8.73473269426,2.5145188086,1.44417708538
25.9761345776,2.99694434947,2.21037050036
7.49713627298,2.14761536204,1.47160669202
11.1347280985,1.00128052832,2.40221875577
6.09807431454,2.6662125262,1.16131147836
3.43567054729,1.72893143054,1.11311446635
18.8492007795,1.65153777608,2.6610737159
17.5887603238,1.30238602636,2.81222563921
19.9884252572,2.8557502031,2.00626832738
17.8273664426,2.6034111178,2.01720345224
27.498758029,2.87097532124,2.34446523412
22.0662962939,2.68014636309,2.20142386858
12.2409209955,2.06828020591,1.92019296052
24.1573057301,2.03019834237,2.7248309488
21.5546558723,2.15227134775,2.49219584808
4.2805809371,2.26796633838,1.07742513833
21.5994590801,1.49579869243,2.96692587886
18.7293528781,1.34713824861,2.86968446625
23.9414548121,2.82821281882,2.21054849885
8.36419603936,1.2123437372,1.98261623743
18.9226311807,2.02071117903,2.41767345276
16.9519143253,2.23651990011,2.16179903072
9.41442572187,1.71731276567,1.84827325319
34.1643640306,2.9315914251,2.57506421537
5.19799031631,1.25424253176,1.54708007759
6.59763101705,1.79617747038,1.5152606614
13.1349259369,2.68289134434,1.69728562176
24.6229185291,2.31266870298,2.5541484507
13.299148226,1.53190612537,2.30636787217
6.86894366041,2.82888138633,1.18385526374
21.5965598035,1.84488097478,2.70626401754
25.041764688,2.91377967484,2.21413790733
11.8665273594,1.10949600677,2.41984538967
25.8278755585,2.64445809836,2.40306124082
11.8632986969,2.13203954247,1.85878444192
11.2229377045,2.72563949685,1.55227865085
2.0856328966,1.04182811745,1.03031407989
5.88788237117,2.5709561244,1.1688212676
15.5587125811,2.99970609568,1.70953381796
22.763864041,1.82891593359,2.79024375513
17.8351488682,1.46441845884,2.71795135048
10.3184948799,2.75744899721,1.47672583115
5.22374303508,2.77597326092,1.04591122049
21.733610313,2.23933612248,2.44597374158
10.028900047,2.48369923857,1.55969471949
3.31173007745,1.54036761559,1.14838568852
12.6116396352,2.94910768956,1.5579445776
35.1980660915,2.88842638293,2.64120817629
4.88073249886,2.18648062956,1.17529529387
14.5964343454,1.63864340428,2.34967616624
6.81339920231,2.20589607815,1.38157006318
34.1316406279,2.63342287257,2.77014685208
35.9308482288,2.52130906878,2.924004502
13.4660787782,2.3584208307,1.86654852597
17.5311180947,1.43162656119,2.71746926382
5.43609481034,1.27096834572,1.57562624844
8.55874671428,2.88864786074,1.3023416939
26.855912559,2.75291285527,2.3850591489
22.641722887,2.64554736432,2.24934723927
6.9602643839,1.57710588221,1.6489564339
13.2001423838,1.06812468178,2.57663121815
5.70723755423,1.39578675759,1.56474512149
24.4035549328,2.72690987876,2.28826284905
22.0585669634,2.46018653656,2.32710753707
13.6962685449,2.35317613963,1.88499403196
39.3438975814,2.63566996672,2.97247120857
5.1376189794,1.81802652838,1.32940019728
32.0575986992,2.36491872214,2.8751033286
6.35218459617,1.51052542199,1.6028390926
18.3434715367,1.91545081754,2.44781011604
16.331561681,1.35420072524,2.6749442904
11.6823111168,2.89782004994,1.5181576125
8.02370289193,2.00648407444,1.58027219839
20.9346188108,1.80640701276,2.69182523065
9.85536367581,2.47467633115,1.54971535179
32.2967562964,2.22546072275,2.99256120266
36.9396874998,2.54247439787,2.94885000332
3.56345303851,1.38593968252,1.23951587673
8.25031392213,2.86029614719,1.28751753804
13.9244795,1.91062706741,2.13541786207
6.25600865502,1.69069461427,1.51730751979
4.23205403354,2.1934715509,1.09240263173
28.9220795753,2.23922540657,2.82171530295
25.1351638576,2.9367152267,2.20599723321
32.4791929111,2.56077579997,2.75227244829
25.0267292396,2.70688277286,2.32886613275
3.16715342455,1.15211596889,1.23771174834
21.286107917,2.18282104777,2.4568020968
7.03780891853,2.74403158942,1.22363883168
13.6211400631,1.75650896526,2.20023324686
6.12855556005,1.42342156707,1.61009093934
9.64043720933,2.9126213462,1.37417610507
34.600051024,2.78773704353,2.6839999368
23.9117770252,2.31218187508,2.51731342579
11.6901307779,2.69024496391,1.5982821423
6.50076172593,1.65937728494,1.55953650748
26.6237463442,2.36252463166,2.62175274661
17.9261350384,1.21210507786,2.90265189979
3.36379969403,1.61260217808,1.13572177621
26.0146046532,2.77869833306,2.33249396867
20.8231811304,2.51102036935,2.23180631661
24.3136150943,2.55597682371,2.38419695332
20.4996974185,2.80114427284,2.05913344657
8.28992797875,1.23918669028,1.96096451943
4.20668948846,1.42231128742,1.33433477458
30.1581539122,2.57632113224,2.64168530536
21.6931596154,1.79776416181,2.74645120854
40.2020128251,2.7926543482,2.88962856929
11.2168038432,1.89520156906,1.92445350923
11.1060046934,1.68433867965,2.02503613484
9.89426530782,2.11942214185,1.70318957591
7.56568045783,2.3401607903,1.40571924745
19.8660607738,2.8892246365,1.98387757732
13.9039628826,1.74519921431,2.22962923149
11.4996347515,1.6002462823,2.10671921841
23.7216186184,2.40620058211,2.4469679415
14.633590862,2.37220204827,1.93885297692
11.8173290262,2.0414214649,1.90013378702
29.6141493806,2.05567027244,2.99665116199
32.6512279255,2.43413742562,2.85024458469
5.44989995023,2.04855452449,1.28794906171
10.0395504203,2.23776987307,1.66311008057
5.86866910746,2.37243395887,1.22775915511
25.8043010843,2.24028376225,2.66455206018
4.6422828141,1.64065817829,1.32440306645
2.8759379349,1.72762848244,1.01876401594
16.6770832511,1.92367624832,2.32888612105
25.8103067198,2.29223856488,2.62895313391
13.6796958546,2.80179947193,1.68181804318
10.6792992342,1.41184750407,2.13169990966
14.4536992169,2.24941322973,1.98943872817
2.62028569661,1.49775904126,1.0328547091
17.7543151709,1.30047654084,2.82677088893
9.68055733861,1.66665219421,1.89946246495
13.4953531754,2.0192858023,2.04250457564
16.1496790543,1.55599484098,2.52565062822
29.0098396567,2.66810558157,2.5317408999
26.7788953433,2.22477867473,2.72544557134
10.5434611223,2.70337013422,1.51291334144
20.3934129545,2.40537497828,2.26930842592
3.21107907472,1.55240506742,1.12725841797
30.9439062466,2.14235521156,2.99387263559
12.2622835752,2.56077371077,1.69112113008
7.71207311235,1.76829151545,1.65040750259
35.6127963266,2.76680769524,2.73709500639
23.1634148281,2.11038940402,2.61220673207
29.0028370994,2.5148435276,2.63135800282
12.773141888,2.73065349061,1.65395811579
2.94003360598,1.12405860534,1.20040397574
25.8809733262,2.37358115187,2.5775363525
14.5979090633,1.27930630948,2.57668716548
8.73296522001,1.45942898952,1.90432859659
25.718337389,2.28053818916,2.63228190145
7.95743275386,2.29488815679,1.45872340219
22.8982252623,1.80556108643,2.81587097115
20.2056587001,2.62831516719,2.13411793484
24.8234405434,2.547169077,2.41445538552
21.2533891947,1.73879384301,2.76130387698
4.16837837553,1.05794591869,1.45128318403
5.16148905876,1.76283535455,1.35213886866
18.3896111768,2.08043551735,2.34600202078
5.35476755636,1.25695566684,1.56919305057
5.92997048554,1.10303526353,1.71318104276
23.1980931387,2.51365558141,2.35405898598
14.6924824609,2.71842790791,1.7792722311
34.2172393347,2.96389704247,2.55707114145
19.9904310484,1.73364065539,2.68166026234
30.2986029751,2.59359235418,2.63629324385
11.8643614127,2.73580549923,1.59199806911
4.10841086172,1.82476445362,1.1866832593
8.59362384258,1.9326106322,1.66780758826
14.5943934429,2.3828374366,1.93093748216
28.3661255901,2.26144513774,2.77827605302
11.5313122948,1.03550481393,2.42609186068
44.7986731779,2.98415461415,2.91166053544
9.98414846963,1.39265069615,2.0712486502
20.2198655345,1.39369364982,2.94680081181
11.1569868145,2.36535082665,1.6959492229
9.09841473939,1.45235605534,1.94730363223
36.4178525885,2.86083410719,2.7046936843
34.0299484357,2.38658551755,2.94567791593
19.6991185121,2.48813096971,2.18345495687
23.438461182,1.70843785998,2.92316372924
20.292970591,1.81769634807,2.64232159578
2.97565886939,1.33026570287,1.14869056334
31.332000639,2.73939828299,2.58480273767
15.3690817709,1.75573961047,2.33762314661
10.1121266294,1.03076279598,2.27431511738
19.7166999633,1.96838542438,2.50236322207
40.7135489923,2.98876914975,2.77266481095
29.7696931887,2.36686131628,2.76921559017
11.5965229563,2.2175474121,1.79691701189
17.4924556839,1.14291199857,2.91510518428
5.39015063036,2.17205788425,1.2397985982
18.633943166,2.2232939372,2.27437723349
8.4184140577,2.35079024749,1.47874247805
16.8728435781,1.3164459425,2.74476955278
13.0120859197,2.98009971965,1.57073860358
19.0078326325,1.23294932653,2.97386319758
8.65026340627,1.1479814158,2.04750070413
18.9949859994,2.07299564563,2.38899794814
18.0805091881,2.49652209352,2.08734892788
12.6975967063,1.12371503835,2.49486433998
23.322329724,2.87944883353,2.15465271185
18.358225052,2.46148077983,2.1222622316
19.0791707601,2.814976549,1.9797685632
10.3674740352,2.18547316292,1.71338875315
11.8280278504,2.34603634231,1.75496661617
24.7995527437,2.45575678368,2.47026247178
32.6626195217,2.67914595086,2.67900191853
7.89617428236,2.063944334,1.54398912789
39.1280791538,2.93524671352,2.75335568324
25.282121047,2.51285428852,2.45802705662
31.295204353,2.59442008856,2.67873978178
25.1709839288,2.94354108605,2.20393629165
13.1412159156,2.11302437662,1.96617441304
11.3630299204,2.36318429579,1.71249789547
4.9276969865,2.03107743097,1.23037128462
8.79117123545,1.69491282105,1.79665377691
12.3476413919,1.17277406322,2.43190183203
11.8178993176,2.49094077547,1.68997040649
4.89481226741,1.09476685575,1.55946521993
23.3920091368,1.78536027857,2.86136652657
3.8665013135,1.53019779874,1.24413842175
19.058298639,1.30001079409,2.92907819337
19.624708188,1.7286040613,2.66056152384
17.8450355823,1.37530573073,2.78128460339
4.13974262157,2.08296724604,1.11234159477
27.190562172,1.93501977339,2.96475654294
28.4628437189,2.97013543923,2.32867224326
22.9798340285,2.21716835797,2.52976813396
13.5927269232,2.5033773881,1.80668719138
31.6062017015,2.87078485281,2.51358491953
10.132069094,2.52552434086,1.55105516805
24.7158441321,1.9404065609,2.82258139061
17.2054799053,2.7590746868,1.90612092027
13.2424239889,2.78162070696,1.66296316481
24.3686054166,2.12602319892,2.66827436398
12.6658603734,2.81415790771,1.61338980201
9.17706585765,2.87131345202,1.35426423454
33.2492095558,2.66689133072,2.71124794242
27.5374148008,2.81817851008,2.37659380723
18.1703291651,2.02233035748,2.36811044221
27.0273220417,1.90435618663,2.98001382946
26.9766000299,2.64223059164,2.45729300992
11.2496857254,1.26145754669,2.27193657962
12.7704027338,2.31747475358,1.83711303687
18.9603496626,2.53660710349,2.11581097794
12.4907789654,2.44343890107,1.75868911557
12.1386055375,1.4103630418,2.27354459157
16.7351940045,1.68477680406,2.48552989585
11.7544782845,2.57134728744,1.65130465059
12.2906663192,1.33877012071,2.32955709944
14.9749340453,1.51875669551,2.45574462267
20.8920449309,1.68217599859,2.77902387675
35.1415434344,2.99414915312,2.57263851459
37.9405903642,2.67376245931,2.89123933383
19.4006064462,2.06285047821,2.42085730704
14.6995804686,2.75243157425,1.76475088131
8.97535393683,2.84006214282,1.34955493303
27.3949153694,2.48248169018,2.57859521782
11.1989172892,2.3612989693,1.70091652454
23.4195621477,2.78401403557,2.21020217137
6.35043740826,2.28549829992,1.30632440594
4.67654356776,1.98830388681,1.21227363086
23.3867361793,2.9561455819,2.11794643155
16.2237755202,2.00835007856,2.24597860838
23.1505465114,1.73398861901,2.88558115277
24.2158542321,2.937528338,2.16485479384
35.6165205151,2.75188055959,2.74736223233
23.1754191772,2.53043535164,2.34287538474
23.2938048645,2.28837232161,2.50002332972
21.4943349934,1.57530031753,2.89910126092
6.27894812432,1.10181016753,1.76337107847
18.022910022,2.47569268871,2.0951497761
38.8152026977,2.62096971536,2.96336729212
32.9776584388,2.84290908469,2.58506969599
17.6288406907,2.99025432335,1.82383379946
35.8553418612,2.78295569078,2.73547571341
17.1149552317,1.68120296302,2.51594552384
17.1704914331,1.90667889427,2.37377849685
19.7315226195,1.41380480274,2.89613075169
7.08087553903,1.17305205913,1.84148728989
11.8059392089,2.01597882439,1.91206115296
5.89305946688,1.27002567362,1.64089566837
20.1755957689,2.34764457729,2.2911037853
20.3960620071,1.39834438928,2.9561152973
36.7854031652,2.97811773174,2.64225493603
14.8606090981,2.80207243201,1.75279021116
5.86045936305,2.84263238574,1.08982700804
14.2435797146,1.3486304561,2.50160857281
13.0296206599,2.63866166654,1.70930061278
35.8846578044,2.89354376221,2.66353091874
7.10389416558,1.49998787785,1.69966192834
5.52757763279,2.27519797542,1.22203435745
6.16914878837,1.3542310078,1.64403172476
6.44689924533,2.21436243597,1.34091782687
33.0440482512,2.34240040602,2.93608668997
31.7295328864,2.5526226936,2.72595569557
37.0009920322,2.80548017149,2.76346809717
28.1732019294,2.56233461525,2.56233135084
8.44754416017,1.36918304484,1.91656896255
12.5879367635,1.38732901364,2.32884600149
28.0594592742,2.01498817177,2.94852746108
5.06501732023,2.14793016551,1.20947950973
11.9234311838,2.16607958211,1.84686066117
15.2980204196,2.46613978473,1.93500787326
12.6204799985,2.93358619459,1.56433624713
25.0496979777,2.80298055289,2.27518072403
12.7311073381,2.31522012815,1.8353600659
15.932553119,2.71233661359,1.85564777128
11.9189216027,2.8562743618,1.54904002354
4.31281653795,1.9777253642,1.16744762603
19.922566871,2.2862586973,2.31332032263
25.2198643791,2.29007837648,2.60017218647
38.0984889803,2.89319432196,2.7446948539
17.6707261968,2.38029601307,2.12611939231
33.4478648012,2.44759211499,2.87485096255
20.187746596,2.0812323228,2.45750588582
15.2727277574,2.41892197968,1.95700026897
30.8061613292,2.39837285859,2.79416306162
9.02235546089,2.87060863478,1.34303094412
18.9372592004,2.58527396218,2.0885929433
5.52362026626,1.95261500726,1.3300348078
17.7249543733,1.06232068173,2.98971335513
13.3870853222,1.921156533,2.08795842104
24.7889831901,2.12405223676,2.69258995897
7.91966605714,2.51171609162,1.37612967754
17.0092036984,1.97244172594,2.3217088367
34.2065089235,2.76960724882,2.68065460359
7.99597467024,2.67639304847,1.32642303385
24.3133587027,2.92323524911,2.17671190726
13.0736003731,1.33804762515,2.40304541712
23.810460069,1.88524906479,2.81128534833
22.5663467608,2.26329091932,2.47683242649
19.9230489498,2.07598430139,2.44473067705
23.8767026165,2.71461534006,2.27035515086
19.0308465026,1.24039632731,2.97026499546
16.0452524695,1.06314546029,2.84399475655
24.8819963392,2.77224077457,2.28479193696
16.2309756289,2.87832422592,1.79797014736
23.2132860053,1.69297477755,2.92100086292
20.2006845591,2.39865487081,2.26247816189
15.9666586977,2.81924329341,1.8092014871
19.7348368296,1.49449872318,2.83692668917
22.9680793045,2.71351027802,2.22734947693
19.5612384272,2.19192999785,2.34953056945
18.0346952295,2.12456532906,2.29634166684
7.8217341435,1.81873697271,1.64000210356
44.1653276906,2.93296892816,2.92683093182
12.4194140411,2.5962168372,1.68672838828
33.8102736287,2.3494160652,2.96453414427
35.6585357398,2.97899534384,2.60092162574
15.0048151534,1.05995286731,2.75223829224
11.7288998291,1.25797496764,2.32180674153
17.8745487484,2.1506835278,2.27044361524
37.6900628306,2.88570764741,2.73491385808
7.58538467244,2.8537410452,1.23652121602
35.8531542367,2.9117324704,2.65064283194
24.386992269,2.99772455426,2.141291822
5.65929321243,2.38066888426,1.20309435867
24.5599801081,2.02809648303,2.74897709946
21.3429742051,2.58102897673,2.21967244955
19.7496160922,1.30274518055,2.9797038341
10.1863775993,2.92141798857,1.4095459582
14.947336116,1.41552294318,2.51958704113
26.0810681461,2.78399333138,2.33242409454
6.21163510193,1.68563529576,1.51393818996
14.2408133453,2.01152075723,2.10248083057
9.43317288936,2.90739271537,1.36104687879
28.6355606602,2.8354411303,2.41328578732
15.7493467144,2.11548750036,2.15106375993
11.6654821862,1.88932716594,1.96563061838
4.82312828407,2.12118557629,1.18859422099
24.9986207636,1.80624641701,2.94164910472
30.8830787541,2.32115798432,2.85415827959
30.0622478808,2.22807921738,2.88520346479
23.2678558495,1.61881133841,2.98213302946
7.05171122797,2.32141809581,1.36375280958
22.4277440486,2.43805791804,2.35986691513
16.7021255416,1.32721634345,2.72350919105
38.1335402721,2.98895011402,2.68325918847
21.889024227,2.65137687884,2.20841068285
24.7275250825,2.491842562,2.44398876895
15.7414321454,1.32693342044,2.64420935486
16.5729789275,2.07557733161,2.22997573281
18.9052178771,2.32725978344,2.22956445607
37.0024519722,2.63486368522,2.88324937496
26.4513946336,2.47805608616,2.53667138618
33.1765523289,2.44329829452,2.86632627546
19.0444843886,2.99907398837,1.89165155943
7.60248112579,2.91899338797,1.21843335997
20.0624516946,2.27746973477,2.32675455865
8.98685994621,1.31802667322,2.00237032607
5.26816318377,2.82824572413,1.03693345574
6.94452316425,1.55990590154,1.65450957467
19.6184971452,2.04824329624,2.44384167916
15.9425241511,2.64432421209,1.88805061302
21.6980415022,1.97338817325,2.62160322989
5.07044882251,1.21148366976,1.54397436579
8.87120718561,2.53223143469,1.44886632117
8.64335768649,2.65611188745,1.38609289348
4.85814747439,1.67961272063,1.34100681094
11.3288624615,2.34505016646,1.7179752938
14.8504247342,2.62067727857,1.8330991715
18.2937228311,1.21094499396,2.93308393285
16.6736273335,2.04656403777,2.25397083224
33.5716337888,2.69175739363,2.70748525372
18.8254174893,1.56638422862,2.7194789914
30.283093668,2.49874426195,2.69987344241
14.9137844572,1.19846012621,2.65628891789
11.056957021,2.09014408461,1.81445302183
21.0761996448,2.78890495255,2.09418632791
31.4701869946,2.32448323708,2.87867163923
21.3883712194,2.71064274644,2.15092266022
10.8839362211,2.63734235001,1.56274991236
7.93233721087,1.32096251165,1.87984741591
17.8487341266,2.86543705745,1.89137273063
17.1764166913,2.74987058044,1.90885350073
11.0595339981,1.86837630244,1.92458008337
5.28503220599,2.02907974645,1.27487562361
8.20893482232,2.83398155664,1.29257129181
18.3423376596,2.83426753672,1.93200405824
2.37401734898,1.40263513698,1.00743263292
29.2916131419,2.93433209795,2.38278906308
11.9957317471,2.71841245814,1.60771791583
7.56783851037,1.26816219502,1.86035482384
26.8621290575,2.23568959688,2.72188983797
15.341791381,1.82987912106,2.29005606658
6.09687198482,1.31436811289,1.65078453467
26.1987016813,2.57744427261,2.46147344937
5.62486403101,2.18487306694,1.26224574449
11.4361149132,1.08932379868,2.38666835177
35.27060166,2.84816856175,2.66999462794
28.3225563642,2.03905855264,2.94348928513
4.13583908084,1.71115639772,1.2270385974
33.1202384833,2.36767430001,2.92028298054
33.9685575022,2.76996175047,2.67108070862
11.7854131334,1.4092348709,2.24086855893
7.47814251789,1.01277949151,1.96365874424
22.9315789191,2.61071675403,2.28361604541
30.6085100689,2.80186114093,2.51567940942
13.0778918327,1.99892617,2.02154588919
19.2104610629,2.91014473658,1.9409907301
17.7232000577,2.82858644687,1.90176166128
29.8672539423,2.19021227848,2.90453407549
20.2247216164,1.91556496408,2.57018905442
24.1571525569,2.38582534625,2.48234860622
12.5679875588,2.31898356508,1.82178070351
14.9950058717,2.76140270476,1.77844462175
7.60673312006,2.54991799473,1.33562389589
20.6145472606,1.85375886604,2.63779307945
24.8668263379,2.87736015341,2.22598504837
10.3491348928,1.72594929725,1.93343185709
14.4944571645,1.94424056509,2.15932309697
12.4155669977,1.92302301324,2.00977216556
35.4303939338,2.81713553813,2.69645093963
11.7613406264,2.31284289483,1.76516419034
13.8219738491,2.97574309477,1.6205762883
14.9424510661,1.47321055807,2.48216319668
37.2226813139,2.58750668043,2.92653668446
4.18280485943,2.38208581942,1.03393526368
17.7025559998,2.63795670853,1.99272538433
9.5228333288,2.2221116406,1.6264014075
31.9554362732,2.35321452267,2.87923361335
10.4783887147,2.73782042925,1.4953764497
13.6619769468,1.72605989311,2.22137003462
14.9455589766,1.95003397736,2.18929735367
8.00469785319,1.28323411822,1.90619474593
10.7697074591,2.50624115275,1.60699410867
22.8627057127,2.83817070362,2.15491219215
18.8915899741,2.9789377118,1.8931532578
19.3450673317,2.96641247589,1.92151085723
4.38205268518,1.46041395843,1.34862051078
23.0719610523,2.74805789404,2.21331659395
22.8949474671,2.34880711241,2.43989143482
13.1576699503,2.29503598358,1.87568208926
17.4486586844,2.23326099902,2.19511591557
9.33681055405,1.85628721603,1.77403196725
6.36359731181,1.70026013505,1.52643650255
12.1079147761,2.6267586968,1.65267175064
10.6220865854,1.18327965566,2.24992927222
32.3086015264,2.91309051628,2.51538091159
26.9502467268,1.89416089275,2.98383147432
6.37406287776,1.30135983405,1.6933685694
25.7055029921,2.28099554312,2.63131112075
29.4964064803,2.93401648803,2.39128645132
18.4038911391,2.74107531745,1.98019328403
14.8387193855,2.00391549307,2.15049495058
24.27438556,1.67757854084,2.99918258467
5.30634539245,1.51199096535,1.46440447499
14.0412679126,1.43002171764,2.4329959844
11.6606734472,2.24665772797,1.78819889773
17.2133385583,1.93148197503,2.36113324258
21.5643299232,2.288586757,2.40529060598
28.3059856289,2.13472741607,2.86917978806
21.6737519447,2.55121963056,2.25376510296
31.1731536607,2.15001714236,2.99888457039
5.24530182848,2.0446282042,1.26485588998
24.3609699379,2.0809867519,2.69976598092
20.0728260701,2.50055570889,2.19708421375
43.377247114,2.98610235251,2.86375856235
24.5809465589,2.02508599507,2.7523444334
29.6781484308,2.99695269274,2.3626280038
22.8443975118,2.56137624491,2.30787642735
19.1425817188,1.75114419841,2.6120387818
2.65662422256,1.64211660585,1.00150415517
28.0661971856,2.95488343423,2.32088647479
25.814775993,2.40657757172,2.55239619503
19.0783512899,2.94745969933,1.91694261326
17.4758466724,1.43318272234,2.71210132127
30.9553530532,2.87250519322,2.4865276889
19.9203821044,2.67155633049,2.09614087446
4.43154704495,2.15036800731,1.1305946849
17.7781822822,1.26059915222,2.85667787562
7.6872036723,2.91039338614,1.22775750892
8.5960097393,2.42608960419,1.46547958186
9.12081682658,1.4406924884,1.9555455031
6.5749094927,1.41332015619,1.6720006818
16.7905835853,2.50177077211,2.0088182299
41.4567311865,2.89384655975,2.86265447902
8.04488190558,1.25117602621,1.92611069917
13.1497854083,1.51095339913,2.30589485001
7.35536887704,1.32407293594,1.80878375769
10.8423840353,2.31587194016,1.69346790155
8.54175201085,1.41564716368,1.90461489675
21.9961539283,2.37553280516,2.3750275953
17.7677930929,2.77844108795,1.92777444542
25.3678849419,1.97459114483,2.83374129923
7.09212141885,1.54319972559,1.67929909153
9.53346378474,1.81022142082,1.81467973489
38.434252048,2.87295829819,2.77036320539
12.5421039554,2.37028017098,1.79585206091
5.33913396169,2.81915200026,1.04622489871
11.8353766539,1.04702834665,2.4515044776
6.31994583124,2.73330639347,1.16264288759
26.0154547025,2.09072077024,2.78277095825
20.9628312263,1.45041114602,2.95728228981
7.7974655148,2.68604466441,1.30669985354
4.28215170956,2.25548381445,1.08114236153
14.9520257621,1.89113400394,2.2242937044
39.4658912726,2.76928671242,2.87959773981
16.448877449,2.16518259135,2.16972209563
19.0307619817,2.06863001701,2.39400876961
33.4809077643,2.4434460846,2.87933452733
20.1675229017,2.09260621392,2.44890376542
29.0156471404,2.76902347509,2.46925098111
6.72907016831,1.03647557142,1.85289489093
6.537698283,1.9581438135,1.44486130657
14.3677071824,1.54991619389,2.3860171626
16.4559753039,1.14045938532,2.82905624722
26.3007571163,2.67862885835,2.40429507692
37.6639202305,2.69754048194,2.86362539343
23.5902576122,2.20855419446,2.56894336279
3.12440986733,1.06980791896,1.25308398494
24.776805832,2.42158093733,2.49090938977
13.8887030834,1.80912237698,2.19094850635
35.1593172761,2.62063323048,2.82060035233
6.09147131554,1.08108642596,1.74516440619
4.59380833631,1.57506277595,1.3403394165
40.1816156815,2.93421247631,2.79087377295
15.2123167061,2.2867048438,2.02120467627
26.0647468458,2.3876468567,2.57728415216
10.2534787452,1.62717209104,1.97528785434
14.977488805,1.38159185129,2.5439866817
40.4855927657,2.88105003224,2.83773856803
15.1880086309,1.01474795117,2.79724139344
18.8930963271,2.7919579705,1.98127228277
7.62682891795,2.02245841373,1.53418531812
30.2716275487,2.25981365138,2.87129870555
4.57767106284,2.53607672612,1.03976345674
26.924637607,2.24996940824,2.71489374875
19.563576295,2.26023862267,2.30800313875
15.5274128803,1.33202863214,2.62282474115
11.3299018611,2.50345320396,1.64943171572
21.8937251829,2.08310677558,2.55796927468
33.9500456185,2.50291100647,2.85562740205
24.8245855564,2.49212108922,2.44860637514
8.15905023332,2.3147830177,1.4694586125
15.7354889912,2.59140055966,1.90091618299
11.2835732098,1.03248858386,2.40151268052
15.0300647107,2.09802236107,2.11107955018
14.3067292495,2.69090218507,1.76783901802
32.0635446235,2.38761013236,2.85854763234
3.00084418439,1.12164359077,1.21343960466
10.8976467814,2.68539822168,1.54502523184
13.6811454937,2.52390476181,1.80309443347
30.787544656,2.37578622068,2.80966377056
18.8857022343,2.58420277683,2.0863128224
30.7947589419,2.93375313465,2.44350408603
14.4513840057,2.33994274574,1.94291537567
20.2583424739,1.41093710356,2.93668568467
30.7926476163,2.34913229636,2.82935589567
18.605568736,2.53714748454,2.09563433629
14.3620887737,1.42879255967,2.46140813067
14.6791545173,1.97881458263,2.15318790381
12.9341583783,2.38615293443,1.81623580552
19.6453016294,2.2636635816,2.31075060297
6.20967740376,2.62814468799,1.18313703449
22.0146545988,2.95270703566,2.05658011433
8.02436826333,2.47035951275,1.39991310668
15.5001842346,1.541118819,2.48395532093
29.3395442333,2.77076788944,2.48192513847
7.68961040762,2.01953640991,1.54168000191
