I,theta
2.06073256312,1.35193865848
6.2612976327,0.819120657687
4.56535749071,1.0370500478
5.44535836261,0.927950442532
7.05353420022,0.697371461776
2.15294143523,1.33914306186
2.52588129854,1.2890442224
7.90916344477,0.514143403447
4.72951562391,1.01704367157
3.80999808243,1.12852615207
2.4082798078,1.30458627326
7.66730135415,0.577084209875
3.81610199687,1.12778579717
6.38731728683,0.801154574258
5.53164242369,0.916907804349
5.33204880248,0.942330003957
1.94094463876,1.36885191976
7.10661832311,0.688225211456
6.23276991386,0.823133432517
5.0055040754,0.983126300571
1.93097802259,1.37027503821
4.23252931625,1.07739038311
7.11046056517,0.687556519399
5.14147840206,0.966242015915
2.38571563908,1.3075933127
4.83635390304,1.00396227328
5.11323637595,0.969760018637
4.50470731378,1.04441877224
7.92620298114,0.509039492036
4.37254497638,1.06044437501
6.96995455163,0.711444458564
6.51390171631,0.782675242944
2.46183406504,1.29748216293
6.18334626632,0.830041101615
7.17745997078,0.675742313254
6.08274033883,0.84393803861
5.250487283,0.952602929658
4.57346878165,1.03606373529
4.9875650341,0.985344261637
5.22777330815,0.955453127801
3.38738747251,1.18008901155
2.58783898113,1.28093845016
1.76256155625,1.39473093514
2.45987926366,1.29774067819
7.90676665774,0.514851996534
4.91832595256,0.99388590553
7.03718715981,0.700154480147
7.26111282874,0.660550433362
6.49634242262,0.785266646912
7.88927750057,0.519956451185
2.34605409091,1.3128994856
2.49192326162,1.29351037099
2.39288251862,1.30663730146
6.33834764593,0.808184067686
3.27154777659,1.1943708669
4.95289486864,0.989625010624
3.88164412986,1.11984107595
2.13423468346,1.34172417846
6.00683416632,0.854287509293
3.94431378448,1.11225180758
6.33894950113,0.808098053249
5.43460766171,0.929320503273
5.63906541668,0.903035591476
5.49624439986,0.921448294197
4.76471888026,1.0127392856
5.40912496508,0.932563061554
7.42076093589,0.629952662936
4.94425292406,0.99069087397
3.3560014217,1.18395068849
2.58622809294,1.28114851814
5.14422761537,0.965899227674
7.65004543483,0.581072861321
3.04327467088,1.22278419066
2.25969660144,1.32454829833
3.78995053582,1.13095837226
6.61596870491,0.767418684732
5.45850505082,0.926273331016
7.81190221823,0.541307889061
5.49877700078,0.921123920607
4.25430145987,1.07475669775
2.93045109548,1.23698615913
6.25854779092,0.819508293316
6.40366598771,0.798793481797
2.23811565945,1.32748074716
3.41773863568,1.17635987408
2.41894049614,1.30316845824
6.31497911984,0.811516641474
4.36874215893,1.06090497648
6.92870259483,0.718253936778
3.36856540912,1.18240416731
4.75501797398,1.01392599486
6.65417072516,0.76161857936
6.37004529574,0.803641167433
4.89103317707,0.997244998868
4.35976204334,1.06199256332
3.48879365569,1.16764833805
6.59826025456,0.770090210431
2.4358176233,1.30092762714
3.87977118995,1.12006798823
4.82511244364,1.00534130707
3.89786742185,1.11787583486
4.03105731529,1.10175559406
5.8025094204,0.881631962122
6.04012486125,0.849762186609
5.99939101981,0.855296427897
4.21997937411,1.07890834359
7.08648496191,0.69171418241
7.76191835143,0.554202160133
6.95690545139,0.713607827064
5.96025243327,0.860584924471
4.2582575383,1.07427810654
6.4573971686,0.790981210057
2.65636890869,1.27203407437
6.63706026085,0.764222733505
6.56861065932,0.774539684047
6.02585474957,0.85170455085
1.87041270009,1.37897897355
7.89177523181,0.51923440066
6.08177027116,0.84407101521
7.85428384187,0.529845383243
7.39528283276,0.634995034243
7.60886510591,0.590390530941
2.12961271981,1.3423630399
7.37577183758,0.63881277403
2.20528338806,1.33195918413
6.4520434885,0.791763292992
6.81695748691,0.736289835903
5.39916343135,0.933828763821
3.99546765742,1.10606111127
3.10351567012,1.21524695063
5.89956193306,0.868731779887
7.20310336013,0.671139823226
3.1472009562,1.20979948304
6.55589466712,0.776439125821
6.97137779397,0.711207970993
3.75416397138,1.13530259178
7.31577386232,0.650329577019
5.70273493442,0.894742815637
6.24594376277,0.821282745761
7.77009358635,0.552135309915
2.08327607728,1.3487931995
3.53422488583,1.16209107543
6.50132780558,0.784531857052
2.16787138176,1.33708827369
4.63221735591,1.02891361203
6.21900450255,0.82506292414
7.16784482618,0.677456200435
2.48158991471,1.29487282436
3.69969218943,1.14192187296
3.29582374819,1.19137107183
2.60802929103,1.27830853295
7.25508070559,0.661663530139
4.41094438947,1.05579195926
4.58173500598,1.03505836965
5.21177745336,0.957457647169
2.63077377121,1.27535248291
7.28227764884,0.656622039887
4.33969790245,1.0644220848
2.09703767356,1.34687862113
4.85602283857,1.00154782526
5.28253346297,0.948573924422
4.57316153909,1.03610109897
2.66794179396,1.27053642414
2.4339515125,1.3011751733
6.48814772574,0.78647282487
4.44533016149,1.05162338192
6.51272115329,0.782849766079
1.94282904176,1.3685831339
2.29656935204,1.31955806974
2.44203619505,1.3001031098
2.81942347188,1.25108297835
2.41287678173,1.30397467433
7.76911146268,0.552384440595
4.16828148053,1.08516054177
2.19737045409,1.33304169123
4.20213185507,1.0810669049
3.99390661863,1.10624998679
2.79569233867,1.25411299586
3.17125336177,1.20680646007
2.00753705232,1.35940704664
2.55844616027,1.28477708023
6.78788896135,0.740890452137
2.0962484565,1.34698830822
3.24683149104,1.19742902512
5.6132535074,0.906382128649
4.10024347401,1.09338806034
3.47542584163,1.16928535337
6.25016393037,0.820689029171
7.35915914005,0.642034625403
3.45422644871,1.17188320343
4.09244283856,1.09433138513
3.48142899717,1.16855010414
6.25851519304,0.819512887447
7.84150159764,0.533358370763
4.05213158089,1.09920655938
1.94000781139,1.3689855798
4.95202521509,0.989732290934
4.62407876594,1.02990484286
1.80210072132,1.38891691769
3.41776716385,1.17635637126
4.18534951453,1.0830964995
5.38576167323,0.935529957305
2.14823795978,1.3397913491
6.61752397091,0.767183544214
5.46151723797,0.925888801888
5.0718040922,0.974910248767
4.0060332558,1.1047828046
6.40056911116,0.799241295067
2.978167407,1.2309654689
4.82085613314,1.00586327671
3.633285406,1.15000414853
4.17036877139,1.08490812949
5.76460492046,0.886630081423
6.1173814357,0.839176931374
2.27005699007,1.32314362488
4.31448322633,1.06747444971
2.56332632091,1.28413890839
3.89959334727,1.11766678804
2.02687922411,1.35668386981
3.09577421841,1.21621387087
3.31980470675,1.18841138947
5.97915958036,0.858033628442
6.87436597048,0.727095852655
4.31180900615,1.06779812816
7.29012080648,0.655157055886
2.74514393683,1.26058826078
5.74347408441,0.889407099026
3.50490930433,1.16567594922
6.3280497838,0.809654352734
2.62491875702,1.27611278941
6.51307275483,0.782797793152
7.23987318518,0.664457190475
7.42579896453,0.628947698573
6.681105802,0.757497874057
6.89107988367,0.724391012939
2.99456741971,1.22890108408
3.54666216301,1.16057132561
6.00310235532,0.854793485212
5.30700156236,0.945491360602
4.57708357204,1.03562411926
6.46905096387,0.789275904925
5.53814886249,0.916071626204
4.27080409057,1.07276018011
5.76653310237,0.886376351351
3.32264231971,1.18806141194
1.96513647561,1.36540808155
3.16116647243,1.20806111888
2.78734306389,1.25518053069
4.81114165591,1.00705426242
5.98948019463,0.85663824665
7.36249494314,0.641389765416
5.31913487594,0.943960691484
7.93666625349,0.505845221376
6.93035018483,0.717983607258
2.45458625799,1.29844095628
7.85320886064,0.530142776669
3.72341387757,1.13903819894
4.04091667654,1.1005630199
2.46705842089,1.29679155103
1.77865001294,1.39235956472
3.05231694398,1.22165089807
6.92702423642,0.718529176974
2.66897705909,1.27040253334
5.16563505418,0.963227981978
6.90815146162,0.721614715792
1.83108087783,1.38468475727
7.15896094258,0.679034124492
7.22092925026,0.667912615569
7.27681494854,0.657639420001
7.52368435527,0.608860352834
3.19588479907,1.20374582616
6.55232147345,0.776971930437
6.39546585052,0.799978662196
7.78895766051,0.547304821424
6.69375628594,0.75555334826
4.12121734741,1.09085177056
7.87255186582,0.524734565309
2.08459536917,1.34860947228
5.82584480421,0.878543988817
7.17634637332,0.675941136928
4.08255531806,1.09552710196
2.48233116766,1.29477503625
7.53807763279,0.605809265528
7.79254813518,0.546375410847
4.45285506425,1.05071080107
2.77122672619,1.2572433884
3.97617565903,1.10839549468
3.61839819581,1.15181816648
1.79413421291,1.39008460175
1.83812927563,1.38365907419
3.62716064216,1.15075035693
3.3481278561,1.18492032503
5.42238465879,0.930876684981
4.76262466181,1.01299550729
2.77765534095,1.25642018482
7.40959466752,0.632170696648
7.45389496377,0.62329368089
2.07183128489,1.35038864872
2.91255414149,1.23924999222
5.27927146965,0.948984462769
2.17198813588,1.33652249466
7.17664527636,0.675887778679
5.81152782236,0.880439560302
4.59092087797,1.03394089535
2.57212294987,1.28298942928
3.23319247686,1.19911834212
6.99736906137,0.706870476449
3.36658106842,1.18264836259
3.18883519304,1.20462133917
6.4942056099,0.785581359267
2.68837181206,1.26789670808
2.00037042178,1.36041829153
1.8234843859,1.38579178214
5.20386971494,0.958447802471
3.17050020231,1.20690011573
1.86523108054,1.37972820426
6.23784741097,0.822420615777
7.33592828591,0.646497138071
3.34535940141,1.18526134909
3.32674929351,1.18755496441
6.91470169521,0.720545768849
5.06065693615,0.976293764946
4.56271061368,1.03737185711
1.94908482258,1.3676914738
3.58256748976,1.15618761181
5.03783076951,0.979124078427
6.17058476363,0.831815829807
6.47946724626,0.7877483125
7.22288028016,0.667557983229
2.98702100639,1.22985069812
3.92231415762,1.11491525791
6.90532306108,0.722075650072
7.10124433797,0.68915893597
6.83927944195,0.732732366366
6.67680614603,0.758157434998
2.10116211102,1.34630561937
1.92214439852,1.37153851437
7.78193146812,0.549114211164
6.39121431646,0.800592422043
5.37834330862,0.936470839557
2.55178742401,1.28564837638
6.62490383708,0.766066648425
2.08581600001,1.34843951913
2.25711373553,1.32489879865
4.39789383214,1.05737345013
5.63547046599,0.903502200792
4.35726867673,1.06229451328
3.47675167379,1.16912295429
2.77188409726,1.25715918835
3.19424196871,1.20394982244
4.22463739925,1.07834495058
5.37402123964,0.937018756489
3.50076055265,1.16618359766
4.16654055276,1.0853710682
4.64364691411,1.02752115822
7.0197476116,0.703106762644
5.58124867495,0.910519729065
6.36202871977,0.804792588499
7.78024330482,0.549547123797
6.3416247624,0.807715604035
4.22185897676,1.0786810053
2.00892455061,1.35921140606
5.97714043665,0.858306396201
7.54603307043,0.604111243738
6.32893272704,0.809528396071
3.67422939161,1.1450191635
4.78062307837,1.01079278634
5.41060971405,0.932374322176
6.82765600494,0.73458751464
4.82656168375,1.0051635595
2.94366205517,1.23531707256
3.37916308475,1.1811003842
2.78694431294,1.25523153444
6.73239066851,0.749577435135
7.86368904524,0.527227719463
2.65830991142,1.27178276919
1.96316081407,1.36568877692
7.59566245752,0.593321242128
2.58363967351,1.28148613584
7.79344102105,0.546143774158
7.42267471094,0.629571223297
7.72006563386,0.564548477561
6.42395347084,0.795853326909
6.21936692408,0.825012179503
2.2953496195,1.31972274593
6.5666926134,0.774826526363
3.07020377079,1.21941113801
2.77644088697,1.25657566317
2.52658222438,1.28895221561
3.7513424176,1.13564525131
4.17096018767,1.0848366104
3.57773849573,1.15677687912
6.58412447343,0.772215177974
5.94835473361,0.862187095911
6.50950721475,0.783324667216
2.99463408781,1.22889269711
7.35435424476,0.642961666279
1.9093312469,1.37337478867
2.9962169172,1.22869358615
7.47357824087,0.619280856109
3.52298201226,1.16346546078
5.36191087424,0.938553009021
6.55760942921,0.776183289267
1.90952367776,1.37334717929
7.33073747327,0.647487608303
4.71501054416,1.01881565817
5.43473574019,0.929304188391
6.37957446372,0.802270271989
7.19773419209,0.672107345008
5.04596188143,0.978116283284
3.02320172631,1.22530251184
7.083613376,0.692209784069
6.99063220317,0.707998187135
7.07253542734,0.694117046203
4.64139842805,1.0277951271
6.54430383122,0.778165968248
4.48631642986,1.04665118233
5.95640902047,0.861102762489
3.6135927913,1.15240388444
5.13139525635,0.967498739013
7.23922940412,0.664575062575
5.96870176709,0.859445583205
5.74469563947,0.889246740317
6.3211332574,0.810640347467
4.51875194247,1.04271333937
6.86748592373,0.728205504158
2.49875525746,1.29261045397
4.38018974516,1.05951835781
7.2292325465,0.666401389382
5.89505770365,0.869333887687
2.36599404891,1.31022846039
3.953785603,1.11110527959
4.69556539745,1.02118974769
5.07916009406,0.973996779884
5.74384455161,0.889358468522
5.94401764455,0.862770514575
4.72467075611,1.01763563639
3.50035457004,1.16623327869
7.15378017847,0.679951852091
4.91709672419,0.994037286902
3.81496641755,1.12792352719
5.44124748626,0.928474476862
7.31871269924,0.649772957363
3.2295096752,1.19957470879
3.89806276346,1.11785217452
6.989056694,0.70826156765
3.10112456347,1.21554555226
7.64403647555,0.582449794411
3.01650198963,1.22614383588
4.77321493697,1.01169960876
7.77552126125,0.55075434385
5.02373904672,0.980869576714
2.30912638877,1.31786430241
2.55880170443,1.28473057488
3.73294403209,1.13788016056
6.42574743191,0.795592786048
1.90195040169,1.37443450602
7.58991779199,0.594588259713
2.2867578431,1.32088348754
5.67751871281,0.898033753808
5.53522651565,0.916447255289
5.59709619556,0.908472571961
3.98203240253,1.10768677115
6.37353407614,0.803139541723
5.21524495708,0.957023302385
5.57975228776,0.910712867716
4.57957803154,1.03532072907
5.26437619933,0.950857879417
3.43186506635,1.17462589257
1.9310408024,1.370266066
6.77287452915,0.743252916572
2.17581209925,1.33599726399
2.6921742132,1.2674059849
4.72260022679,1.01788859088
6.34016837773,0.807923828321
7.60597147307,0.591035126071
7.86143348176,0.527858087211
7.0886647773,0.69133763757
5.72497125722,0.891833402381
7.35577554723,0.642687667238
6.15676379105,0.833733887471
5.0994465677,0.971475563765
4.24357969934,1.07605370995
2.74107519165,1.2611107555
2.95569455167,1.23379833199
3.91804349756,1.11543238037
5.21279943624,0.957329642635
4.69176887795,1.02165308923
7.18654670869,0.674116725854
6.38736122361,0.801148238603
3.16022849221,1.20817782829
5.76709333662,0.886302619582
6.5047241427,0.784030843011
4.59903968102,1.03295300087
3.49616628069,1.16674585411
2.93138283281,1.23686838707
6.62992125651,0.765306218273
7.08986325909,0.691130486507
1.91333389644,1.37280070119
3.45650458169,1.17160392603
3.66615943513,1.14600123495
4.76882259499,1.01223714897
2.12914024155,1.34242837272
5.38973245279,0.935026106638
2.2428687944,1.32683412613
6.46893327895,0.789293145661
7.18086397707,0.675134022353
7.80796411734,0.542347054253
1.79756061223,1.38958215126
4.0948420409,1.09404124967
3.85165058936,1.1234756749
2.98316142161,1.23033657593
7.33034711375,0.647561996992
2.77026935239,1.25736602347
7.65589098099,0.579727473476
4.95932111414,0.988832125731
5.96671415617,0.859713715759
4.87547738424,0.99915766141
7.28669803036,0.655797000638
3.81411206457,1.12802715029
6.44765217936,0.792404172174
4.99225334148,0.984764807034
6.28321108381,0.816025111026
3.19676351712,1.20363672048
5.3432265106,0.940917255537
3.33960324777,1.18597054922
7.6732762315,0.575690903014
3.69934109756,1.14196456564
4.2959451678,1.06971805285
6.77479951571,0.742950545411
7.4162804543,0.63084419358
2.37871846715,1.30852751012
2.10575713882,1.34566767571
4.7288659575,1.01712305623
6.39012741789,0.800749250099
2.76561960241,1.25796178426
2.10282525373,1.34607466647
6.03161284468,0.850921261604
3.43322186191,1.17445940448
6.08664653884,0.843402386465
4.71810000244,1.01843831548
4.67437282849,1.02377542869
2.93917701978,1.23588352774
5.79482949283,0.882646405
6.47209473661,0.788829853541
7.60669577059,0.590873899744
4.18716809968,1.08287657196
6.28815588988,0.815324987112
4.30970071894,1.06805330169
1.98183755993,1.36303910859
5.9357127629,0.863886751923
2.37702039339,1.30875434453
3.15611452686,1.20868979196
6.20517594548,0.826996901277
7.65169880801,0.580692921432
5.16284817317,0.963575938644
7.32287713549,0.648982924252
4.61962617017,1.03044704265
3.62789011968,1.15066147411
4.79846909289,1.00860720105
3.75309349881,1.13543259122
6.95786827153,0.713448503463
7.00462045523,0.70565390214
5.81582987161,0.879870304513
7.28882162203,0.655400073715
2.03396236513,1.35568883741
2.52341165821,1.28936845595
3.07466409495,1.21885304137
7.00305147108,0.705917373893
5.27521982795,0.949494247235
7.25230558482,0.662174661814
7.10890746924,0.687826926946
1.88050825335,1.37752132288
6.21671359287,0.82538361754
6.24239199913,0.821782103308
2.68258458891,1.26864393021
7.85918153745,0.528485798559
6.20247582123,0.827374018472
4.92088540525,0.993570676578
7.8598104275,0.528310665132
2.02759801653,1.35658284116
4.3901102566,1.05831652552
5.77704782177,0.884991740207
3.93255370831,1.11367548999
4.53109729742,1.04121380108
6.79888355813,0.739154556927
3.27978685843,1.19335233392
4.18974879121,1.08256447824
7.71302558113,0.566252319832
7.60494881086,0.591262630766
6.18609555664,0.829658291001
3.75858598446,1.13476561039
5.33626115135,0.941797748414
6.21166834043,0.82608945596
3.97180666393,1.10892421108
2.35008228919,1.31235934562
5.19545977955,0.959500264154
7.00414792591,0.705733265733
5.42349501447,0.930735384902
5.01471916758,0.98198613629
6.55941229164,0.775914206333
7.73839323243,0.560064609833
3.65632706962,1.14719808019
3.97831889599,1.10813613755
3.41172651386,1.17709816603
5.65483300342,0.900987008305
2.91130392449,1.23940825347
2.09234144725,1.34753151386
5.26053318641,0.951340900627
7.34510963023,0.644739321742
3.23620700701,1.19874485582
3.09841920479,1.21588345325
3.19011600929,1.20446224382
4.44486486603,1.05167980637
3.96971435368,1.10917742095
4.42780053208,1.0537488026
7.32443267784,0.648687435206
5.96853469389,0.859468124441
3.74382794965,1.1365579422
2.15640051395,1.33866658459
7.25105548597,0.662404713652
7.65743047626,0.579372170337
5.01225823488,0.982290677563
2.46416870915,1.29717349234
7.2547536665,0.66172379659
3.44390056937,1.17314938569
4.23775844549,1.07675786984
3.02981351,1.22447261978
4.42542686645,1.05403655303
2.11340045696,1.34460754105
7.1477595552,0.681016097658
3.50946491325,1.1651186085
6.59232107997,0.770983832223
5.32929203373,0.942678245414
2.24016353526,1.32720209932
2.7835540926,1.25566524597
2.52841432492,1.28871175929
4.63466721416,1.02861518772
6.69337018352,0.755612784662
6.09716412039,0.841958592563
4.24033347885,1.07644638763
5.18263467615,0.961104132782
5.10178295568,0.971185001275
6.20148186149,0.827512800093
5.12168214423,0.968708601178
2.10497205143,1.34577663961
4.03221407827,1.1016156701
2.37134674916,1.30951260009
5.96242228347,0.860292455542
4.40433955228,1.05659238659
2.9544526545,1.23395502037
4.24134445204,1.07632409654
7.18184547775,0.674958479877
6.47016741569,0.789112325497
7.58504618063,0.595658905595
3.19574672774,1.20376297024
3.70739369572,1.14098546829
7.24264231964,0.663949819295
6.4027094627,0.798931824909
3.44361800871,1.17318404151
1.8230077867,1.38586129123
3.54585550233,1.16066987372
6.84104473486,0.732450098161
6.62162103157,0.766563712037
4.66870727365,1.0244663756
2.60645327135,1.27851362087
6.26427922045,0.818700149892
7.29917260515,0.653459989808
3.44954369089,1.17245734679
4.34908223988,1.06328583299
6.00229827301,0.854902472378
3.18475066057,1.20512877499
7.17442229734,0.676284462747
2.94671954734,1.23493102526
2.5892024233,1.28076067822
3.32565386943,1.18769003556
2.82930416637,1.24982322191
6.63835690538,0.764025750687
3.13715270915,1.21105116226
5.8226173157,0.878971589095
4.05781361584,1.09851933694
5.07974828594,0.973923721307
6.29683497374,0.814094686205
3.15833274405,1.20841372942
3.82096188919,1.12719639266
7.53179754568,0.607143817124
4.69378816596,1.021406655
7.08126353209,0.692614967729
7.74775450254,0.557746586458
3.31492191071,1.18901372545
5.50077702834,0.920867706639
3.49935746791,1.16635529962
6.04813827119,0.848669730318
7.7866912893,0.547889805721
4.11560163077,1.09153085071
7.52648143671,0.608269519425
4.51189899896,1.04354555571
3.19119053384,1.20432878196
2.84883057761,1.24733676121
4.07143625845,1.09687179471
4.78801529292,1.00988765421
6.80913602018,0.737531247693
1.82787868319,1.38515120715
5.97409684043,0.858717418211
3.84607310395,1.12415174544
1.78167897716,1.39191398166
7.02488156018,0.702239424675
2.49661918862,1.29289174386
4.44738168614,1.0513745963
1.91627998404,1.37237842124
4.23653966984,1.07690529417
6.61035365385,0.768266934673
3.7090651109,1.14078226976
2.36536289251,1.31031290203
3.06953625913,1.21949467445
7.87779223393,0.523247987454
6.92631215089,0.718645912603
2.48528786451,1.29438506364
3.3308447858,1.18705003448
6.51246616469,0.782887455528
6.54801486743,0.777613552133
5.20254250802,0.958613935111
3.55161879793,1.15996584463
2.0024806575,1.36012039964
7.62415348265,0.586963215949
7.2069083973,0.670452900649
5.05831651985,0.976584130912
4.68390879853,1.02261217792
2.72764349573,1.2628370019
5.33340920668,0.942158127497
7.50629328424,0.612511760359
5.40343417535,0.933286253992
2.96768404849,1.2322863828
4.65924413828,1.02562018273
5.51740871721,0.918735311581
6.56927479173,0.774440335622
7.44698859921,0.624691431868
2.05170746505,1.3532011293
5.89435791315,0.869427402313
7.24680501208,0.663186009285
2.11452964758,1.34445102825
4.73964161378,1.01580610865
3.46315870342,1.17078834228
3.44353037942,1.17319478925
2.49744453189,1.2927830498
4.5941624714,1.03354648505
5.8461316034,0.875852477297
6.43638924999,0.794045387702
7.27334964028,0.658283550537
5.98937357401,0.856652672089
4.4644971724,1.04929865278
4.17298539436,1.08459170449
6.26270729924,0.818921872025
1.90379695037,1.37416924973
3.90153294172,1.11743186723
4.53218368114,1.0410818221
1.84750996052,1.3822961719
6.84828157395,0.731291490581
1.90424308419,1.37410517624
6.55497439483,0.776576388268
4.69228369975,1.02159026186
6.07642650505,0.844803199276
5.94026122536,0.863275554808
3.24082748289,1.19817252077
6.43265396918,0.794588889347
6.00642796671,0.854342596284
4.53388209539,1.04087548403
3.11482929517,1.21383472458
2.21803491914,1.33021734115
5.64071911671,0.902820891148
6.03798332591,0.850053928944
2.31183278337,1.31749961831
5.93975282466,0.863343888852
3.80492358029,1.12914171338
5.56014938384,0.913240459648
6.63630504414,0.764337436853
5.57553006411,0.911257680138
4.77422602193,1.01157585818
3.79373285883,1.13049941701
3.63713051968,1.14953575011
3.34004815798,1.18591572603
4.85262591031,1.00196495903
7.31637400168,0.650215970486
3.09800696669,1.21593494723
4.06455261714,1.09770430079
3.29850295468,1.19104023127
6.3015503268,0.813425484083
4.36935723045,1.06083047997
6.2925717707,0.814699246677
4.11781778758,1.09126286165
2.4221222707,1.3027456548
4.84448319094,1.00296461423
4.05244236144,1.09916897108
4.23346968118,1.07727663839
7.16759504269,0.677500639445
5.23544668272,0.954490759295
6.07581227256,0.844887322688
2.25169771249,1.32563417146
3.84961239576,1.12372272561
2.26699924453,1.32355798956
2.28597816408,1.32098888805
5.7771508123,0.884978169902
7.26271610421,0.660254102183
3.08101723633,1.2180583916
2.6317102539,1.2752309173
6.1237414734,0.838300120185
6.06342858073,0.846581756418
2.25157277925,1.32565114108
2.39771453395,1.30599322381
5.07730717704,0.974226912027
5.87029785115,0.872637638724
7.62329479381,0.587156692273
7.0038475447,0.705783709902
7.20012581266,0.671676631446
1.86201782906,1.38019319137
1.89031045143,1.37610866812
4.2019825803,1.08108495819
7.5562803683,0.601911555694
4.19310681016,1.08215837521
4.75529282687,1.0138923781
7.11884729755,0.686093686997
6.25641043413,0.819809464845
6.19382325762,0.828581388826
4.55851364838,1.03788208319
3.67057812733,1.14546347623
2.94975532165,1.23454780856
1.92099521193,1.37170303144
6.70405100826,0.753966523398
2.90604901179,1.24007362718
3.99712833189,1.10586018312
6.50300973742,0.784283789048
4.2553031771,1.07463551511
3.84559481965,1.12420972326
3.83068786791,1.12601699042
4.17938360227,1.08381796903
5.78411690405,0.884059928441
4.37095175495,1.06063735071
5.97460539331,0.858648752446
7.45076304764,0.623928186594
3.08367382815,1.21772620437
4.71643115777,1.01864215117
3.92608853757,1.11445825157
3.35158842608,1.18449410813
6.63433467859,0.764636604606
5.30714913133,0.945472752499
5.05009879829,0.977603365112
2.64891537927,1.27299954678
4.40960283978,1.05595454593
3.64704298263,1.14832849255
2.72268434151,1.26347489857
6.79752268797,0.73936969436
5.44475264956,0.928027667372
6.7761522314,0.742737974078
6.00424861682,0.854638097484
2.62182331565,1.27651493306
6.02049308245,0.852433345923
5.263432766,0.950976470067
6.84271819786,0.732182386026
5.52674297839,0.917537127698
5.053194533,0.977219460433
6.20515596969,0.826999691831
3.16564999438,1.20750334184
3.57693236993,1.15687525735
6.80114484857,0.738796901147
5.09689331633,0.971793049933
7.2709516392,0.658728724443
7.02553690957,0.70212860304
2.54034218037,1.28714746097
2.50021092832,1.29241880188
4.29279574523,1.07009917734
2.25729466521,1.32487424203
2.80064577951,1.25348001987
6.87045135205,0.727727490153
3.61423515528,1.15232558337
5.07459050216,0.974564278015
7.55002469857,0.603256085846
2.66411059088,1.27103203197
5.22785387924,0.955443025493
1.98243517354,1.36295446698
5.90867311893,0.867512783858
6.61268584097,0.767914748546
3.75160115667,1.13561382821
2.122129603,1.34339833961
7.49000202917,0.615898501763
3.76254105405,1.13428537633
5.1284620954,0.967864168896
2.81284230486,1.25192264655
3.78356007194,1.13173388529
5.54994498822,0.914554351765
3.78957360686,1.13100411156
3.43431375886,1.1743254282
3.05601036788,1.22118819196
6.50603615964,0.783837205507
3.04573570016,1.22247567382
6.26117437791,0.819138036342
2.49595654176,1.2929790189
7.80280762794,0.543701437853
3.81444063482,1.12798729834
7.01231156165,0.704360430265
2.22003603231,1.32994428028
4.2981921189,1.0694461332
5.22454040723,0.955858435052
6.22150326779,0.824712997109
5.13932330293,0.966510685224
6.70684664165,0.753534916127
7.27384964684,0.658190669221
3.70972531705,1.14070200905
3.86825913361,1.12146284989
6.84265047907,0.732193221746
2.90991457741,1.23958414499
4.04917841942,1.09956374141
4.4172374564,1.055029235
1.811724231,1.3875088397
4.99013421336,0.985026739726
7.30787832981,0.651821321493
4.48876029678,1.04635457917
7.45248008443,0.623580460228
6.97697204498,0.710277399615
6.32699456571,0.809804859305
2.43678725366,1.30079902406
5.56335460731,0.912827501883
2.54830511384,1.28610428744
7.24040053481,0.66436061266
5.4991512234,0.921075984227
4.19825829157,1.08153537013
3.62345734676,1.15120161334
5.41743059636,0.931506962871
7.58153158233,0.596429166731
6.90774343817,0.721681233613
7.0331684116,0.700836318011
3.15552345889,1.20876335807
5.0212093902,0.98118277487
6.59337389561,0.770825509346
5.05997309041,0.976378610918
3.10530183854,1.21502392372
4.06934732326,1.09712442772
7.94628285772,0.502866750272
4.72700489536,1.01735045483
4.74004778495,1.01575645844
4.72529231497,1.01755969758
5.35867474919,0.938962742875
2.7136379677,1.26463929797
2.28672016912,1.32088858023
7.4588071103,0.622296322968
2.9772571766,1.23108011842
3.51063865648,1.16497502625
5.85475674991,0.874706159637
3.74933110371,1.13588952577
5.31653152684,0.944289232572
3.77625845041,1.13262009727
5.59001633286,0.909387526493
2.57509060344,1.2826018816
5.18156078513,0.96123836897
4.20525731736,1.08068890917
2.53968608502,1.28723345238
5.5194508649,0.918473260477
5.38207934988,0.935997061886
6.72629497361,0.75052411278
2.34552441427,1.31297053061
2.80023753689,1.25353217686
3.69332074408,1.14269669938
5.28743727629,0.947956571322
2.55104050158,1.28574615044
5.79769364449,0.882268184492
3.60470635847,1.15348725844
4.27708938202,1.07199970711
6.55300383295,0.776870214354
4.80747869891,1.00750321502
3.77038986666,1.13333247766
4.33553732282,1.06492580478
2.80956677932,1.2523407367
3.46197636173,1.17093324372
7.50008507719,0.613806154381
4.94654015327,0.990408820484
7.76723054822,0.552860925868
4.5669503901,1.03685637145
4.51091825138,1.04366464653
6.36777654547,0.803967200631
2.97612400208,1.23122285993
5.25079126597,0.95256475456
4.52516935421,1.04193389659
2.4084836208,1.30455914993
3.42725430177,1.17519173648
1.99002478514,1.36188028812
2.84174078864,1.24823909175
3.92756784104,1.11427914156
1.77573101343,1.39278923185
4.86583413276,1.00034267706
6.40786660485,0.798185644784
4.60161410626,1.03263969941
7.23829010623,0.664746985234
2.37689833762,1.30877065101
6.28113891107,0.816318328005
3.50176947953,1.16606013628
7.02111048326,0.702876659834
7.63627548413,0.584219247596
5.24155408958,0.953724423568
6.27189845475,0.817624605092
6.03319170331,0.850706374588
4.13864687807,1.08874411953
3.42421859827,1.17556434587
2.42287696945,1.30264539212
6.84861523734,0.731238015282
6.81477376268,0.736636697278
3.41711883901,1.17643597656
6.96406903756,0.712421286214
5.40779586391,0.932731995607
2.70595677711,1.26562875796
6.62104373531,0.766651084462
2.95700655878,1.23363281381
5.78981295034,0.883308553804
2.69861521374,1.26657514291
2.83903426101,1.2485836978
6.55523915081,0.776536901598
3.35271871262,1.18435491295
5.27484424859,0.949541495709
7.04114098332,0.699482762256
2.20600057517,1.33186113252
6.06618182636,0.846205298328
7.805281454,0.543052554943
7.53513499494,0.606435232554
2.64083325521,1.27404725452
2.30660340265,1.31820439032
7.74595332706,0.558194086946
5.55536245991,0.913856969095
1.75464479484,1.39590072584
2.86797033631,1.24490345738
6.68805043784,0.756431138009
7.62644815882,0.586445609904
6.28866941111,0.815252244544
7.93022895161,0.507816016111
7.25196447934,0.662237446453
4.84074697815,1.00342318017
4.15973133703,1.08619448496
6.08535800483,0.843579115389
3.71140909774,1.14049731925
5.38470799746,0.935663630737
6.63385697592,0.764709115475
4.52574620626,1.04186382796
3.27518161536,1.19392158962
7.69244818942,0.571176037247
6.23507053567,0.822810528399
6.73331750664,0.749433368006
6.19482235827,0.82844206093
1.80938769315,1.38785046558
3.70023523163,1.14185583993
7.60764301,0.590662925888
7.09534775904,0.690181398971
4.42961094903,1.05352932476
5.50325587534,0.920550089612
6.34789215255,0.806818908216
6.27072117221,0.817790883506
4.05016539351,1.09944436727
4.92579290287,0.992966148446
3.25214818175,1.19677084515
3.62767709232,1.15068743012
7.69718910891,0.570048942123
3.94114089715,1.11263590046
5.93833412993,0.863534551393
6.80492934741,0.738197844448
7.59260253543,0.59399673425
2.46869410196,1.29657541548
3.05364264442,1.22148480314
2.50203466431,1.29217873533
7.79914948006,0.544658012801
1.84206025879,1.3830876477
5.80181399057,0.88172385885
5.26920806024,0.950250383563
5.15749744579,0.964243830908
7.73527521949,0.560832456363
5.66934786469,0.899098247388
4.13040111897,1.0897412296
3.13312962518,1.21155252347
1.78806630043,1.39097525836
6.83457811276,0.733483432237
5.73788076807,0.890141080374
7.51850577494,0.60995160793
2.18175074865,1.33518216378
4.72615918643,1.01745378496
2.590986208,1.28052813851
6.19178055625,0.828866180949
2.87632895633,1.24384199538
2.29790308603,1.31937803301
7.50441461838,0.612903954058
4.23925817559,1.07657645949
3.12417211195,1.21266927065
5.93464252186,0.864030512406
7.28947522789,0.655277831457
6.78834229047,0.740818977527
6.48885815179,0.786368337063
3.24404497078,1.19777405856
4.04799806536,1.09970650557
4.01104831472,1.10417608069
4.46803843413,1.04886904696
5.64225560421,0.90262137624
6.31930185302,0.810901222868
3.53903415,1.16150333676
6.64126081442,0.763584382123
3.44470776757,1.17305038578
5.29263261888,0.947302275401
4.75677745605,1.01371078981
4.48920826384,1.04630020941
1.86056787882,1.3804031057
6.08690406418,0.843367061558
4.56755300156,1.03678309949
1.80014334961,1.38920364477
2.48949406434,1.29383051608
4.26786965505,1.07311521161
7.58203754268,0.596318390617
2.04823004752,1.35368806192
3.27718148562,1.19367436808
6.71346054929,0.75251263899
4.77498215169,1.01148330941
3.05883600794,1.22083427853
7.75645869758,0.555573809316
2.7616003272,1.25847696469
2.94578517169,1.23504899258
5.83054534261,0.877920935173
2.59182316922,1.28041904465
5.95171040401,0.861735468169
5.52422522053,0.917860418165
3.90690475909,1.11678127306
5.18231851345,0.961143654044
5.87189343994,0.87242504238
4.63967947589,1.02800456193
1.74595917911,1.3971863441
3.42313426691,1.17569745098
7.74384445039,0.558717124684
5.05352896035,0.977177983801
7.80477808318,0.543184720231
4.24392634955,1.07601177708
6.60242065114,0.769463521527
2.0014831718,1.36026119661
7.85936765243,0.528433982479
2.97646108298,1.23118039794
5.82235345954,0.879006539372
3.00593965006,1.22747101821
3.15895513754,1.20833627769
4.01291861663,1.10394981647
7.6875970217,0.572324919423
6.75880886483,0.74545773504
4.33051309026,1.0655340541
2.67844169514,1.26917910067
5.3528922978,0.939694614699
1.76812412645,1.39391014851
1.98429549216,1.36269104097
4.75731767176,1.01364471234
7.70969509463,0.567054883082
7.36188336295,0.641508070603
5.37521772239,0.936867094998
3.16203412573,1.20795316586
1.76215057816,1.39479161454
6.98483699644,0.708966330663
7.92138828546,0.510493686069
4.43245618773,1.05318438098
2.09954823824,1.34652978801
5.54703417756,0.914928909509
5.66029076443,0.900277144163
6.23860711368,0.822313911471
6.14408885706,0.835489279772
3.23333463562,1.19910072791
4.54070918738,1.04004598611
6.63415751215,0.764663497771
4.27606166334,1.07212405602
3.74527254831,1.1363824722
5.26974024373,0.950183460819
7.92487578592,0.509441315923
6.28778975741,0.815376847464
6.3178983308,0.811101091047
5.46878690668,0.924960358756
2.01467751903,1.3584007125
5.65879449945,0.900471795728
7.02641439183,0.701980180421
2.03899484418,1.35498258934
3.73495491306,1.1376358459
5.1165152936,0.969351888929
5.14059694974,0.966351908128
5.18401340416,0.960931778181
4.09610560609,1.09388844743
6.94325992647,0.71586076535
5.20371671054,0.958466955494
4.24411616034,1.0759888164
2.30428449611,1.31851706976
6.24587072689,0.821293017165
5.80266877257,0.881610903675
3.67822390916,1.14453313186
6.18924812147,0.829219122305
2.84243476895,1.24815074397
2.26848327146,1.32335686272
5.159561708,0.963986191166
2.86758764067,1.24495207327
5.43416261029,0.929377193405
7.79357424189,0.546109195903
6.66269582231,0.760317195446
6.95771331791,0.713474147767
3.02435525646,1.22515769643
4.77044447304,1.01203867202
7.59446983275,0.593584685425
6.42434423869,0.795796582537
5.2308230454,0.955070701142
5.32717443423,0.942945695821
5.58613032913,0.909889460175
3.36551526715,1.18277953064
1.8047202486,1.38853336992
2.31557401328,1.31699570612
4.29828070987,1.06943541206
1.77709412029,1.39258855511
2.08634403452,1.34836600905
5.29652293933,0.946812169075
7.14110604048,0.682189421042
1.82326537041,1.38582372341
2.25521816801,1.32515611082
3.08811981337,1.21717039636
7.45383136508,0.623306576344
7.23361125869,0.665602371567
3.23710669796,1.19863340033
2.59099527577,1.28052695652
3.56292606912,1.15858498692
4.08688250261,1.09500380318
3.15854903745,1.20838681316
4.73643294489,1.01619830955
2.62802794445,1.27570898761
7.15539633097,0.679665758062
6.05029757557,0.848375142611
3.48410187158,1.16822279393
6.35290380011,0.806101141869
7.91657059972,0.511939195733
5.35219651864,0.939782655608
5.69107332001,0.896265851942
4.99121840912,0.984892732433
6.67447644505,0.758514524529
3.06687231773,1.21982809328
5.33116052919,0.942442220713
3.25494039655,1.19642525868
5.09749813449,0.97171784768
4.39351849272,1.05790358976
2.87664220833,1.24380222951
2.86004198927,1.24591094959
2.86799380614,1.24490047593
7.57168165668,0.598578407591
5.66201605468,0.90005266098
4.6239581661,1.02991952942
6.88063390257,0.726083026807
7.10936239186,0.687747736636
3.33250457184,1.18684542962
4.18598923421,1.08301913621
5.97424337155,0.858697633785
6.18531667162,0.829766759779
6.8666878491,0.728334081549
1.73955450201,1.39813584515
2.0237191437,1.35712817318
5.58690273176,0.909789708243
3.94621044845,1.11202221402
6.02474040131,0.851856065726
6.58717996129,0.771756424607
5.71859266567,0.892668697554
4.8573418534,1.00138583714
4.43942444935,1.0523395078
3.46289208056,1.17082101754
3.20892463333,1.20212730706
4.77718556815,1.01121360033
6.93662123648,0.716953450267
7.81263106265,0.541115104705
6.18551098295,0.829739700929
6.52860413393,0.780498170332
6.08537612121,0.843576630867
7.7472170271,0.55788019704
5.56852642756,0.912160904752
4.90044636523,0.996086940805
6.46700152157,0.789576088322
3.05346567399,1.22150697463
5.23825606391,0.954138288519
3.33534132032,1.18649577675
7.45725792216,0.622611158629
3.49866877863,1.16643958106
2.96994068917,1.23200195737
4.62655326224,1.02960348919
5.72587539399,0.89171495604
4.25737093928,1.07438536507
7.19319381743,0.672923910293
2.62437770403,1.27618307104
5.08714740807,0.973004470978
4.47496907763,1.04802817388
7.54648640675,0.604014229484
6.864593829,0.728671309794
2.50185135219,1.29220286328
4.966472646,0.987949452351
1.7981477289,1.38949609064
2.40847989527,1.30455964572
2.39725693854,1.30605420196
7.73910778227,0.559888348435
2.71853219019,1.26400921784
7.56157556741,0.600769281922
3.74296494371,1.13666277109
5.83497866303,0.87733298106
5.65463526935,0.901012719116
5.83613752327,0.877179239755
4.44546411796,1.05160713748
2.47876126918,1.2952460637
5.57700563544,0.911067305683
6.49179318347,0.785936499016
7.55696670937,0.601763716195
2.94494088322,1.23515559335
3.12473946252,1.21259851958
5.14243532097,0.966122708284
2.19222146052,1.33374675288
5.98210822495,0.857635160353
3.61637853687,1.15206432676
4.42952691707,1.05353951215
5.62453356722,0.904920723747
2.00667960191,1.35952797216
2.35891721582,1.31117564856
2.73966109887,1.26129239435
6.17373598514,0.831377925215
7.90247846156,0.516114224112
3.95447782624,1.11102149316
6.65161070875,0.762008865987
5.86789772418,0.872957353089
5.95039528271,0.86191248942
2.66543969439,1.27086007681
6.28128616164,0.816297495175
2.65263341505,1.27251785177
2.58371681767,1.28147607229
7.00450522424,0.705673256863
6.83949701984,0.73269758337
6.78812044535,0.740853956038
4.61100951678,1.03149610994
7.20485818682,0.670823154693
2.41416455464,1.30380340559
7.4297195116,0.628163803751
4.5514553186,1.0387400454
7.38075533402,0.637841163481
3.85064055275,1.12359810101
3.40449856406,1.1779860189
2.47838905639,1.29529518619
3.05234436866,1.22164746192
2.11342864952,1.34460363305
6.78744202563,0.740960910357
6.80462095887,0.738246682657
4.30602183009,1.06849855757
2.05577195116,1.35263234146
5.85903742807,0.874136793583
2.46179552456,1.2974872592
4.73512033479,1.016358739
6.74358480791,0.747835173201
7.17095210386,0.676903027401
5.45880884018,0.926234554475
1.92745204546,1.3707791181
4.62576697973,1.02969924805
4.94056296485,0.991145840547
1.80108278569,1.38906601673
2.87751094207,1.24369195311
3.93567460985,1.11329765275
4.72698909307,1.0173523856
4.22113335953,1.07876876909
6.49934886052,0.78482362157
5.49158573886,0.922044780481
5.54695818211,0.914938687095
5.54171992893,0.915612474489
6.65728000285,0.76114424018
6.93193496439,0.717723456808
6.15741700228,0.833643328714
4.0121952693,1.10403732477
5.84586287731,0.875888172883
6.3931423448,0.800314148942
1.96695149514,1.36515029523
7.6833081463,0.573336955907
7.32474102341,0.648628837094
1.95172820543,1.36731500008
7.29609628421,0.654037516492
5.29092690486,0.94751711869
2.6601222551,1.27154816532
7.320742007,0.6493881669
3.92564769493,1.11451162822
6.85051385417,0.730933634502
6.52071411487,0.781667324183
5.52683238554,0.91752564608
4.58210254019,1.03501366385
5.91413980075,0.866780712727
4.88499362452,0.997987752116
5.03807186372,0.979094203025
4.29668361082,1.06962868921
4.03214657947,1.10162383484
6.02368758275,0.851999192906
6.6677558229,0.759543531404
6.46691472752,0.789588798396
4.80823528061,1.00741048957
6.07736842227,0.844674182535
4.15289403903,1.08702128942
7.60610855209,0.59100461888
7.25035991724,0.66253266448
5.91727993515,0.866359970334
4.9122464273,0.994634522441
4.29328854689,1.07003954213
7.36520494138,0.640865117102
7.03615508425,0.70032967383
4.89461071254,0.996804931468
5.08708574964,0.973012132931
7.38525013521,0.63696277505
4.04570443796,1.0999839229
6.3052548046,0.812899358499
6.70188575131,0.754300606287
5.70816430319,0.89403307822
2.12095199034,1.34356137267
4.50732977709,1.04410036798
1.9625582981,1.36577439972
2.10247933823,1.34612269719
7.30205009474,0.652919071542
2.95582738192,1.23378157385
2.40761748811,1.30467441912
4.2792786841,1.07173480877
6.87000343513,0.727799718228
4.45475503128,1.05048036281
6.10905767217,0.840323199632
5.38931509859,0.935079072146
6.54970230421,0.777362219174
7.17751744329,0.675732049678
4.35769406535,1.06224299886
6.92111240416,0.719497577806
7.92265534607,0.510111929683
5.90426204149,0.868103122683
7.74675348075,0.557995378184
6.03384246929,0.850617789652
7.44778409494,0.624530701498
7.83757922125,0.534426394356
5.95583427594,0.861180177431
2.43033495959,1.30165507937
4.52929331463,1.04143294997
3.42044189681,1.17602797474
6.37986532654,0.802228389404
2.20064141993,1.33259406542
5.8042136154,0.881406731863
4.77479655925,1.0115060258
3.22459726121,1.20018359257
6.36982859456,0.803672314608
5.20223676258,0.958652204593
6.4652462228,0.789833090454
7.23482671856,0.665380320788
7.22290350491,0.66755376004
6.08836119226,0.843167161232
6.67689955872,0.75814311284
2.39977740333,1.30571837315
3.1691003167,1.2070742032
1.82562424497,1.38547977697
5.15487548436,0.964571028027
6.90196326692,0.722622685787
6.77721884401,0.742570309244
6.3834586698,0.801710781165
4.07682185686,1.09622047655
6.25703348546,0.819721682882
7.02026155329,0.703020002522
5.74577312121,0.889105276676
6.53684036162,0.779275640414
7.28164709173,0.656739599566
5.73155442403,0.890970707393
5.22795736785,0.955430049618
6.36582806962,0.804247099599
6.33597837285,0.808522583046
3.11713966138,1.21354645774
2.81802495047,1.25126137115
7.4271243674,0.628682871548
6.40703513443,0.798305998647
1.81477470957,1.38706306677
4.80509325751,1.00779555237
6.48407383458,0.787071711828
5.031116285,0.97995594965
4.65804257962,1.02576666011
3.75815111458,1.1348184159
6.40840554333,0.798107624214
5.32430634601,0.943307863434
6.29426562988,0.814459095841
4.74276586232,1.01542418289
5.70418088154,0.894553839078
2.84328858322,1.24804205544
1.7914383917,1.39048016339
6.21382059054,0.82578842382
6.35978911855,0.805113959414
4.33292021008,1.06524264507
5.28681541735,0.9480348709
5.49950844115,0.921030224603
4.75299543058,1.01417335801
5.08165809485,0.973686489047
3.70883741988,1.14080995028
5.78670159461,0.883719038736
3.05936520921,1.22076800321
5.60440204619,0.907527748096
6.90589784054,0.721982011397
2.96067457103,1.23317015665
2.6410949789,1.27401331326
7.43731021892,0.626641450063
6.16237497089,0.832955674203
3.52316783211,1.16344274066
7.7727905303,0.551450007655
7.39666540357,0.634723088501
6.10991908581,0.840204640427
2.72584127921,1.26306878712
3.70534610617,1.14123441107
6.07278627833,0.845301643895
5.52352496616,0.917950320447
6.45681667892,0.791066049977
4.61804508273,1.0306395575
5.29065699901,0.947551112228
2.07594969427,1.3498141897
1.96530719068,1.36538383148
3.17628888637,1.20618039854
4.33081972077,1.06549693347
5.7866650735,0.883723856137
4.33411539578,1.06509795133
3.29763378048,1.19114755588
5.6936956536,0.895923533352
5.32982874209,0.942610452905
5.49860105027,0.921146458588
4.57566213093,1.03579699406
6.83903721729,0.732771087046
4.38363193488,1.0591013694
7.13097485161,0.683970442895
5.64654303332,0.902064482967
6.7659101433,0.744345599079
5.61688704805,0.905911559107
7.39059104017,0.63591647974
2.98883337454,1.22962258869
5.38364362842,0.935798649254
5.93634791664,0.86380142523
6.94537895703,0.715511521477
7.05509884577,0.697104278577
7.41856292624,0.630390284644
2.06940597779,1.35072712206
5.10615810888,0.970640780504
4.83727385018,1.00384939092
3.94118564847,1.11263048301
4.40649751333,1.05633087681
6.22156364152,0.824704540602
6.68911098118,0.756268075272
2.89409669596,1.24158805093
4.39980541849,1.05714182085
1.93892694357,1.36913981835
5.28613507356,0.948120530355
5.31780292073,0.944128791483
4.60553167975,1.03216289713
5.19215707319,0.959913420462
6.93441139189,0.717316688201
3.39200088822,1.17952185363
7.18920651103,0.673639801894
3.27240833931,1.19426446165
6.67546496576,0.758363031319
3.14512860156,1.21005756653
2.76337809447,1.25824907201
6.11117365669,0.840031942344
6.4583080676,0.79084806034
2.04764537187,1.35376995956
3.62466606196,1.15105432261
5.74555436855,0.889133998298
4.59467070737,1.03348464395
6.32266009981,0.810422790735
4.0329273469,1.10152939244
2.0097785626,1.35909101113
6.7564884866,0.745820690724
5.32118328771,0.943702137787
4.62235224847,1.03011509197
1.90324679641,1.37424826978
4.68569791311,1.02239389154
3.75947625182,1.13465750833
3.70725453942,1.14100238629
4.31110453818,1.06788339305
6.98828643179,0.708390285512
6.80967450776,0.737445863612
4.80736308253,1.00751738453
5.88756971501,0.870334098981
4.77824758701,1.0110835958
7.27586817818,0.657815501633
2.27497836302,1.32247707822
4.29727196673,1.06955748811
6.34377948791,0.807407435146
3.51379128884,1.16458940057
5.29221914751,0.947354356677
3.06615301396,1.21991813151
2.07738722532,1.34961376398
7.18600908343,0.674213065934
3.29322883737,1.19169154643
7.64153272805,0.583021726665
5.28717359351,0.947989772614
6.97998175652,0.709776072911
7.39844375242,0.63437301549
7.27210428359,0.658514800845
5.65584154622,0.900855862153
5.90351591461,0.868202944926
3.06815016044,1.21966815112
5.34368376309,0.940859437587
5.05534326788,0.976952954537
6.58647121612,0.771862863769
7.50296749278,0.613205763934
3.92584747899,1.11448743859
3.125214703,1.21253925697
2.9711506366,1.231849476
2.66162660164,1.27135346292
3.29523694789,1.19144353864
4.87717977264,0.998948409664
7.7601853599,0.554638289154
4.7191195104,1.01831378513
2.02095226344,1.35751738567
4.75715397379,1.0136647355
7.33821118536,0.646060772692
5.15216911411,0.964908701449
2.25286260382,1.32547595906
3.15722913845,1.20855107119
5.50497750108,0.920329454427
7.5676984056,0.599443633661
7.1106396121,0.687525336024
4.76181713328,1.01309430073
4.90873236325,0.995067137194
4.90934829786,0.994991314941
7.35922546064,0.64202181475
2.4150732637,1.303682567
1.85787198117,1.38079355455
7.71309454773,0.566235677117
2.24776543642,1.32616843195
6.56171394521,0.77557052481
3.94762852601,1.1118505571
2.17099257195,1.33665928659
2.86829971613,1.24486161571
2.62222864748,1.27646226723
3.61308342071,1.15246597536
6.89139789042,0.724339422781
4.35276711614,1.06283963334
7.79633694321,0.54539109365
2.62022359065,1.27672281086
5.15726804695,0.964272459992
5.39313524919,0.934594198439
7.76023150735,0.554626684561
4.06998927159,1.09704679114
2.62539290098,1.2760512023
3.33219726333,1.18688331085
6.9139461357,0.720669176036
1.94704800764,1.36798167984
7.39342773862,0.635359625644
5.29946918819,0.946440904221
5.51629467695,0.918878246164
7.90262879082,0.516070094075
6.37999538844,0.8022096605
2.90364719867,1.24037783495
6.71940479837,0.751592442763
2.55775596667,1.28486736298
5.76041862753,0.887180767128
1.99102885946,1.36173828364
3.72835727015,1.13843747903
7.20471191405,0.670849558943
6.06741149809,0.846037113902
7.15911972849,0.679005968423
1.93067804844,1.37031791057
7.69584521324,0.570368873898
4.91373457435,0.994451295787
2.09526339003,1.34712523402
5.14523218746,0.965773956911
4.39497327793,1.05772732411
3.83043306748,1.12604788566
6.11471775523,0.839543903569
4.1133941002,1.09179779729
2.42047555163,1.30296445527
5.56302175974,0.912870391467
7.66129735406,0.578477908683
2.92340178674,1.23787746954
3.65108220811,1.14783664735
4.42140804897,1.05452371239
6.62625770233,0.765861545331
7.73625925868,0.560590351202
3.22084565774,1.2006487089
5.83044776194,0.877933872979
5.88908751689,0.870131433759
2.91535455848,1.23889555198
2.57475566442,1.28264561536
7.86311598192,0.527388031866
5.99436680962,0.855976878331
3.41669573352,1.17648792924
4.56893767679,1.03661473155
2.87389000316,1.24415164367
5.74919858513,0.888655431568
2.48713937351,1.29414092682
7.93208701193,0.507249017772
4.82793688374,1.00499488295
6.00253117394,0.854870905687
6.68588208217,0.756764401429
2.22791718131,1.32886961822
7.93464327114,0.506466512394
2.04616847954,1.35397686816
4.82534761798,1.00531246394
7.75502748568,0.555932249107
7.54210991601,0.604949656583
7.40343288976,0.633389202941
7.68792231567,0.572248020172
7.5300401896,0.607516346009
4.06242665883,1.09796141837
4.19138144003,1.08236703393
2.88324783157,1.24296391129
3.20061227903,1.20315890572
6.19821139815,0.827969281756
6.97729204246,0.710224120347
2.73176229814,1.26230742366
6.39512514426,0.800027865343
6.98391776204,0.709119733449
7.51239859803,0.611234199851
3.5766999502,1.15690362195
1.77077902685,1.39351873546
4.05361957811,1.0990265895
3.79350169411,1.13052746603
1.95205028847,1.36726914068
6.63828981706,0.764035944016
5.79078201933,0.883180673306
7.5169023815,0.610288795524
7.32645947849,0.64830210856
6.37157488813,0.803421278603
5.65234486495,0.901310495984
7.17757723818,0.675721371122
7.15151296139,0.680352904136
4.13611924416,1.08904977111
5.6719336917,0.898761465493
7.33039839303,0.647552225748
4.51710582484,1.04291325436
6.08223273755,0.844007622804
5.4571592259,0.926445103732
4.32772529079,1.06587153866
5.11086121197,0.970055606667
4.87814875883,0.998829298069
2.40703125931,1.30475244425
1.81282341049,1.38734818318
6.01171457885,0.853625408079
5.72461690936,0.891879820496
5.77452618801,0.885323947639
3.82995455508,1.12610590697
5.95344157441,0.861502398083
3.04988332641,1.22195584117
6.7681422745,0.743995602049
7.33539824409,0.646598386419
6.80857943571,0.737619488275
4.27775529026,1.07191913492
6.3492065692,0.806630721175
1.91105181427,1.37312796156
5.269118884,0.950261597337
4.53190708131,1.04111542506
6.08351888017,0.843831302723
7.62311668931,0.587196807332
6.77856008999,0.742359407433
4.94881275614,0.990128539116
5.70210958985,0.89482453533
7.07019435643,0.694519162102
1.91458077349,1.37262195131
3.34989200327,1.18470303721
4.89293313563,0.997011296741
6.31903829473,0.8109387586
4.23825390225,1.07669793858
5.5974074027,0.908432339111
4.54798611044,1.03916168377
3.40905218017,1.17742663785
5.10439820841,0.970859709872
5.69636499276,0.895574980665
3.06958463272,1.21948862056
5.3586611637,0.938964462748
7.37394852149,0.639167662894
3.73484636328,1.137649034
3.02429907,1.22516474987
3.57318106838,1.15733309459
3.39344456847,1.17934439656
6.10893108809,0.840340620529
3.87064110417,1.12117421747
3.73066214512,1.13815741558
4.17104682865,1.08482613303
6.875835288,0.726858590885
2.83406939513,1.24921604858
2.51362976055,1.29065357578
6.18398576545,0.829952072819
3.45082480128,1.17230026149
3.52311571279,1.16344911326
2.69838574569,1.26660473381
4.09525916061,1.09399080756
3.83907344406,1.12500029447
6.10798163925,0.840471276143
7.92482170207,0.509457674738
6.07034959104,0.845635144424
5.48308988312,0.923131938701
3.49171169394,1.16729110998
2.13228893791,1.34199307007
2.95789941554,1.23352018346
2.67150104586,1.27007616314
4.49039713983,1.04615591309
6.57413943223,0.773712188666
6.3254929321,0.810018989644
3.05432245445,1.22139963661
7.36651843273,0.640610580703
3.27265488867,1.19423397766
2.13936261833,1.34101590784
5.1091795131,0.970264867622
1.92377766179,1.37130475607
6.47985300416,0.787691677838
2.23944103317,1.3273003987
6.48691909108,0.786653493933
4.94464350079,0.9906427116
2.04745629104,1.35379644647
6.09255216324,0.842591971697
1.92415381736,1.37125092918
4.46031202078,1.04980633363
2.37231117549,1.3093836709
2.59504389537,1.27999932777
4.5003155946,1.04495194855
6.87153590256,0.727552564671
7.8045839668,0.543235669544
2.56561301621,1.2838399956
3.04884549455,1.22208590149
3.92387303269,1.11472650491
5.58082097729,0.910574934831
7.47564908648,0.618856111933
5.15829581886,0.964144190307
7.34185621252,0.645363073976
6.83186763687,0.73391600544
6.85517697809,0.730185369836
2.77991983471,1.25613032179
6.12323120804,0.83837049777
5.02217806963,0.981062847234
7.1090458347,0.687802842458
2.97054033536,1.23192638637
7.45115253229,0.62384933844
2.83501889591,1.24909509483
4.43300571639,1.05311775665
5.08640574997,0.973096630901
1.80378618217,1.38867011167
2.60899145607,1.27818334256
5.30532207384,0.94570312577
4.47098337587,1.04851176059
6.72921846004,0.750070267801
4.49600020907,1.04547580844
7.12064787541,0.685779044478
4.76955907022,1.0121470245
2.52024119837,1.28978482901
7.458236785,0.622412259175
3.43546233829,1.17418450361
5.18064041436,0.961353407649
2.90433875059,1.24029023876
6.91691375101,0.720184309764
2.6556235659,1.27213058811
7.3724142638,0.639466043861
2.39641028258,1.30616703453
4.17074218958,1.08486297259
4.66124926936,1.02537573272
5.57590147334,0.911209764403
7.2262452151,0.666945685239
6.89703457739,0.723424192495
3.3242833145,1.18785904195
4.24389563084,1.076015493
2.08420373489,1.34866400803
3.14313000057,1.21030649611
2.80175947654,1.25333774362
4.35351747331,1.06274877044
4.67878026784,1.02323782933
3.6104289675,1.15278956205
2.9186790654,1.2384748799
3.14899057675,1.20957663659
6.24043274312,0.822057437001
5.9390646917,0.86343637346
7.72096487233,0.564330114755
6.60858957855,0.768533206479
7.55705652626,0.601744364653
3.72659301099,1.13865186316
7.20123895024,0.671476023612
3.31629062328,1.1888448679
4.00575256528,1.10481676333
4.7292295185,1.01707863186
3.93011332299,1.1139709491
2.8003857516,1.25351324076
1.77323407476,1.39315697667
5.73556295893,0.890445101361
7.15943189449,0.678950609889
6.21887256549,0.825081396629
3.49291168095,1.16714421849
3.20379395633,1.20276398792
5.50306727736,0.920574257335
3.64232343587,1.14890325143
3.94170526325,1.1125675803
5.24278502775,0.953569930365
7.636904608,0.584076183432
6.64890383879,0.762421287092
4.38965013658,1.05837227121
4.69030309041,1.02183196382
6.31201310051,0.81193863571
5.79942140961,0.882039966743
4.31571221703,1.06732569384
6.93123784691,0.717837907861
4.33122942154,1.06544733496
7.88363790534,0.521578508505
5.78673046515,0.883715230485
5.09607982408,0.971894194168
6.28402677774,0.815909659869
5.22233205785,0.956135243156
7.35842708444,0.642176003951
7.05547187024,0.697040558861
2.68632075358,1.2681614844
4.72859779774,1.01715582294
3.54360392217,1.16094495954
6.17944103609,0.830584577934
5.99777560152,0.855515261914
7.6688749382,0.576717879424
4.9745374054,0.986953680292
3.95183623456,1.11134123369
3.81395961138,1.12804564127
5.84533030019,0.875958913065
5.51637551368,0.918867875065
7.40477533973,0.633124057278
6.13696002135,0.836475069838
6.4908678911,0.786072667346
2.30598959667,1.31828714602
2.72049141535,1.2637570692
7.79596228991,0.545488591515
5.07471202033,0.974549188609
4.7180842688,1.01844023728
6.47270433385,0.788740487005
4.41673289375,1.05509039127
6.23947071139,0.822192598208
2.40700694806,1.30475568012
6.48643277459,0.78672499364
3.20494931922,1.20262059922
5.68497964024,0.897060951782
7.88283590305,0.521808262085
3.82162279243,1.12711624286
2.36399479086,1.31049596186
2.97456464236,1.23141930576
6.5317948492,0.780024814553
7.49762527428,0.614317719559
4.56401300009,1.03721351469
3.73865010351,1.13718692401
2.53731888123,1.28754376234
7.83975474423,0.533834589958
7.18938083058,0.673608527593
5.62958221453,0.904266104807
4.7296174589,1.01703122788
4.37745558969,1.05984955988
4.49671967783,1.04538847295
5.6862706889,0.896892539257
6.96552956645,0.712179047293
5.83196707911,0.87773241609
3.9242047572,1.11468633924
4.07473687974,1.09647262597
6.81799263912,0.736125341321
6.3585545259,0.805291060543
5.49059057041,0.922172167931
6.76195696722,0.744964959794
5.18225061521,0.961152141416
6.85119934764,0.730823698511
3.57964983373,1.15654363317
2.30504916092,1.31841395233
3.06441905881,1.22013519568
1.98300218992,1.36287416701
7.18709143636,0.674019092342
4.12077635787,1.09090509707
6.18427193028,0.829912231037
2.23012562941,1.32856869293
5.8897871393,0.870038003383
6.66912469853,0.759334073616
6.27369700769,0.817370514476
2.11285559509,1.34468307209
7.30201210453,0.652926217584
5.57727804356,0.911032157333
7.30578704238,0.652215547423
1.96463963315,1.36547866211
4.21452233619,1.07956836145
3.56094866736,1.1588264309
4.73264625144,1.01666110517
1.8825742208,1.37722336824
2.57819405091,1.28219673135
5.12922671338,0.967768914817
3.29469293165,1.19151072379
2.43358147669,1.30122426643
7.76954086416,0.552275544507
7.20518433683,0.670764274558
4.05355791038,1.09903404805
5.28744990569,0.947954981089
6.26644225226,0.818394953998
1.79884063898,1.38939453569
7.10715419448,0.688132005553
6.58554869849,0.772001382236
7.87826998776,0.523111990733
7.81463002662,0.54058562086
2.07759813332,1.34958436231
5.99851869823,0.85541460369
2.67744124972,1.26930836844
3.83675962212,1.12528081517
6.92917833983,0.718175892334
2.66116236282,1.27141354467
4.1078249888,1.09247124794
2.07186829091,1.35038348523
7.71437413064,0.565926720064
7.62037478672,0.587813738233
2.06704534622,1.35105669627
2.45035634137,1.29900089865
3.10973249875,1.21447080707
1.89435290625,1.3755268366
7.56864785285,0.599237601122
7.1654613415,0.677880072967
1.92901202811,1.3705560607
6.09754568452,0.841906171421
3.41242541502,1.17701233066
6.00408956337,0.854659660304
3.15737127552,1.20853338197
2.88673573989,1.24252144178
5.92815011569,0.864902179475
3.22409836136,1.20024543954
2.38921143954,1.30712689121
4.75748143038,1.01362468165
1.9415907108,1.36875975571
5.33866145848,0.941494378283
5.31299318317,0.944735666248
2.48710103615,1.29414598139
3.12744178532,1.2122615628
6.53144182868,0.78007720228
2.30441784865,1.318499086
6.4522708454,0.791730096804
4.20561169668,1.08064604996
2.43693726104,1.30077912976
7.59547160426,0.593363414677
5.11223355647,0.96988482423
6.87488807061,0.727011556625
7.20308238837,0.671143606357
3.6693972943,1.14560717822
6.91732325583,0.720117368911
7.84358765919,0.532788473281
7.87041433711,0.525338258748
1.87216604297,1.37872561724
7.09150037933,0.690847377381
2.81151270295,1.25209234354
2.47997112401,1.29508640865
3.28243461043,1.19302510644
3.07525412783,1.21877922608
2.7766626247,1.25654727433
3.30684518054,1.19001038418
4.58996973391,1.03405661614
7.73148715088,0.561762511682
4.508010551,1.04401770937
1.80350367984,1.38871147335
4.45597531792,1.05033235552
7.49372758634,0.615126827248
5.12435089649,0.96837625424
5.94264589273,0.862954971577
3.56160283392,1.15874655429
2.56237975615,1.28426266315
4.74956323457,1.0145930836
7.84986953167,0.531064291156
3.48832347431,1.16770590172
7.23103728353,0.666072239694
2.109257382,1.34518203228
6.73515443103,0.749147738491
6.70929030301,0.753157405918
7.95334612876,0.500651951673
3.70462146346,1.14132251511
4.81102539913,1.00706851253
2.41175116784,1.30412439857
4.37797576999,1.05978654881
3.26720471352,1.19490794374
5.09004273097,0.972644653826
5.72540158626,0.89177702863
5.84577924844,0.875899281288
6.9486487357,0.714972175247
5.80983167693,0.880663918621
3.48244012621,1.16842628103
5.77669059054,0.885038808702
1.75957631522,1.3951718125
2.49331971185,1.29332637232
7.82735607047,0.537188731906
7.04574925488,0.698698732538
2.08660018554,1.34833035133
3.76622380355,1.13383824552
5.23008643946,0.955163076374
2.49218755674,1.29347554477
4.96107815818,0.988615293151
7.69884405645,0.569654482443
2.85652678633,1.24635785323
6.06886304758,0.845838544353
4.98809993191,0.985278157739
6.64022331462,0.763742107011
5.40642442086,0.932906292124
2.84837373742,1.24739488801
2.01647290401,1.35814787223
6.74770886476,0.747192058126
7.34022758997,0.645674958085
7.67598040206,0.575058191235
1.77658966127,1.39266281511
4.17301600401,1.08458800289
4.82824737762,1.00495679767
4.22221841557,1.07863753086
2.65451122495,1.27227463739
6.82037424009,0.735746709064
3.34243335689,1.18562183458
6.0195158344,0.852566121586
2.89476517222,1.24150331337
7.73855100794,0.560025700102
3.45436126152,1.17186667594
3.19758415351,1.20353483149
2.41523979521,1.30366042338
4.40031253752,1.05708037145
5.8089462671,0.88078101884
6.64887488822,0.762425696617
6.93685446073,0.716915100404
2.41927535649,1.30312395335
7.94654337409,0.50278547605
1.97582414747,1.36389129157
3.09890529344,1.21582273612
2.84594832144,1.24770352681
3.11062305528,1.21435965031
2.5500694661,1.28587327333
6.19484618191,0.828438738372
2.19418445483,1.33347789396
2.43128453425,1.30152905341
7.30991553781,0.651436931967
4.01414688702,1.1038012252
4.49591913355,1.04548565002
4.72376988857,1.01774569674
3.33210390343,1.18689481923
7.87660523656,0.523585535824
7.7171081869,0.565265469304
6.85830803055,0.72968239853
2.2272264671,1.32896375493
3.48782922367,1.16776641329
6.17474784001,0.83123726828
6.33700152416,0.808376415634
4.45303212911,1.05068932604
5.48995126733,0.922253996565
4.84582039605,1.0028004739
6.35410053502,0.805929649095
7.10978315209,0.687674481553
3.41468318174,1.17673506145
3.13947172496,1.21076222074
3.00652395499,1.22739757291
4.58935990751,1.03413080901
4.22496359009,1.07830549695
5.06409112913,0.97586762837
7.10390594141,0.688696709909
6.27074346263,0.817787735535
2.20632185409,1.33181721154
6.22218174276,0.824617958781
6.908971036,0.721481080894
2.71739063518,1.26415615523
6.53307450015,0.779834883481
7.73641058665,0.560553101233
6.8648070734,0.728636977323
2.20406064178,1.33212637765
2.29897482229,1.31923338585
2.06755327408,1.35098577249
2.22926831443,1.32868550033
2.56141761948,1.28438846671
6.3308797754,0.809250568781
6.32159218074,0.810574962596
7.74614185167,0.558147281827
4.37064567907,1.06067442304
3.9093724794,1.11648241704
2.35533887494,1.31165491104
3.42806125962,1.1750926967
2.18535727405,1.33468750316
2.78193385449,1.25587256926
5.31681863623,0.944253002701
4.35451169174,1.06262837633
3.09542550931,1.21625743662
2.34367450084,1.31321869572
2.83350661574,1.24928774376
3.47270544484,1.16961859717
2.86263036901,1.24558195992
5.09389095863,0.972166318923
2.02488066126,1.35696483803
4.76907158804,1.0122066793
4.93858482425,0.991389708505
5.08130816998,0.973729957923
2.77559861922,1.25668350291
2.12125607597,1.34351927109
3.40594605577,1.17780819216
3.30353917768,1.19041845784
5.72230873257,0.892182138285
4.13558339063,1.08911456865
5.8095469767,0.880701573084
2.56227441112,1.28427643684
2.25218452495,1.32556805079
5.785113497,0.88392850176
5.0206084899,0.98125716633
3.36062202533,1.18338182519
6.11814835377,0.839071246674
5.81427988011,0.880075435688
4.71451015462,1.01887677133
6.2635878186,0.818797680561
6.39593759077,0.799910530536
2.80628110318,1.25276024135
3.75163617136,1.13560957579
2.94457408944,1.23520190725
2.78809107822,1.25508485792
4.29613138602,1.06969551747
3.8296018288,1.12614867658
6.9629397258,0.712608514996
7.54142860972,0.605095049396
5.6459418103,0.90214259037
1.95889784845,1.3662947765
4.71170323298,1.01921956442
6.88996813105,0.724571334903
4.11806634014,1.09123280544
3.3465655362,1.18511276933
4.21942007664,1.07897599031
7.82907453089,0.536726520572
4.2875554789,1.07073329887
5.94369327773,0.862814134586
3.73576881576,1.137536963
4.0791009061,1.0959448588
4.20371314553,1.08087566305
4.38054406449,1.05947543637
5.70917144053,0.893901377769
2.09151575997,1.34764635505
6.05254411311,0.848068557605
4.39039675075,1.05828181522
6.96215043412,0.712739332773
6.01855745175,0.852696316531
7.80332514529,0.543565827372
2.61187175415,1.27780865203
4.09193269974,1.09439307642
2.27222388954,1.32285008658
3.55664986639,1.15935137798
7.42274331478,0.6295575426
6.74498828406,0.747616387435
1.7659499972,1.39423084064
7.48907694621,0.616089857955
7.29792425549,0.653694441644
2.47104944325,1.29626425773
3.87862604992,1.12020672851
5.26710567102,0.950514736682
1.82858348808,1.38504851617
3.02712367734,1.2248101936
7.71467361585,0.565854361258
7.22778999912,0.666664306864
1.95446960973,1.36692475209
7.53227956714,0.607041567061
2.16644584605,1.33728427043
7.22065261877,0.667962875138
7.91681743467,0.511865364725
5.63036512504,0.904164561137
5.92535982666,0.865276577421
3.11019864785,1.21441262287
4.15289355585,1.08702134785
2.35551385956,1.31163146951
3.26105102257,1.19566914072
7.79673491928,0.545287486682
4.40956420299,1.05595922839
5.30548117173,0.945683066399
6.9452548604,0.71553198045
7.13601313886,0.683085569209
3.40507845102,1.17791477747
2.66617790905,1.27076457867
3.05281523421,1.22158846632
5.01978371836,0.981359269101
6.54270655438,0.778403600406
4.62623283059,1.02964251382
4.78295066119,1.01050781594
5.40977898066,0.932479926781
6.02153227984,0.852292133572
5.22753813563,0.955482614302
2.47632887934,1.29556711458
5.71721565903,0.892848944584
3.37976875444,1.18102589063
3.43882638003,1.17377179274
5.01315304369,0.982179949329
2.88920668279,1.24220805762
7.94967121588,0.501807206304
4.68284269818,1.02274224467
3.67512369785,1.14491034449
2.28764899507,1.32076303121
7.24946441636,0.662697337873
7.45553877906,0.622960220653
2.9677370472,1.23227970233
3.76208884709,1.13434028226
4.20185310528,1.08110061688
6.29682529113,0.814096059793
7.29210617846,0.654785414171
7.46354535254,0.621331719958
6.43370712476,0.794435690066
2.14117350213,1.3407659206
4.04917801879,1.09956378987
5.64897882086,0.901747990521
7.87912186103,0.522869301842
7.50488816947,0.612805135468
6.98368584092,0.709158429615
5.08548662886,0.973210837161
6.69448243209,0.755441550624
3.21348762276,1.20156122871
6.19860546235,0.827914292157
4.97529205884,0.98686048073
3.72186818551,1.13922604585
4.16189727445,1.08593256604
3.12379267636,1.21271658932
7.64378686582,0.582506859974
6.31340009132,0.811741327282
2.00951264409,1.35912849732
2.56435856701,1.28400396591
7.11173858751,0.687333890833
2.88010915892,1.24336218374
4.29616405292,1.06969156424
6.87935230582,0.726290266136
3.39576075204,1.17905971543
5.38846387638,0.935187093358
4.62566686135,1.029711441
5.11869788691,0.969080174531
4.35670202567,1.06236313409
7.7868300621,0.547854023443
7.73506085298,0.560885169857
7.40043902902,0.63397986418
5.36671876388,0.93794407731
2.52559558518,1.28908172852
4.20169697966,1.08111949869
3.70498666428,1.14127811279
6.68573444289,0.756787086379
5.21211403304,0.957415491152
7.84493819149,0.532418813506
4.74534229106,1.01510919308
2.51096532389,1.29100386609
3.76529395253,1.13395113741
5.1947884368,0.959584253967
7.41463041624,0.631171997662
5.11722913623,0.969263025538
7.34178508819,0.645376699402
6.56159206003,0.775588728924
2.74201903565,1.2609895328
4.54283347839,1.03978785522
5.60755038464,0.90712038232
6.22501124112,0.82422149886
4.49125638453,1.04605162255
6.87559698333,0.726897078507
2.51905672903,1.28994042181
7.6662570682,0.577327076346
7.11383346966,0.686968744543
7.23709013714,0.664966521738
4.27273770362,1.07252623161
2.02571297392,1.35684781587
7.50517218568,0.612745855013
2.00269467522,1.36009019375
7.46886824712,0.620245073315
4.52789617254,1.04160266928
4.33663412717,1.06479301746
2.95842844156,1.23345345248
1.84213092666,1.38307737907
4.83403085701,1.00424730374
4.70645352614,1.01986059198
2.78438365891,1.25555910739
3.26659988473,1.19498274858
2.14058672984,1.34084691527
3.38280878208,1.1806520174
2.95160124515,1.23431483396
4.31014626377,1.06799937627
4.0526296358,1.09914632063
3.82840453803,1.12629385538
5.59940304312,0.90817431366
4.20227627285,1.08104943901
6.50520337451,0.783960120394
4.56879558956,1.03663200875
2.06732788775,1.35101724327
3.83323736178,1.12570786512
5.85172668269,0.875109004724
3.70190589725,1.14165269554
7.82096715609,0.538899764088
7.50615175948,0.612541320412
4.95018848712,0.989958854129
2.36245165733,1.31070248009
2.115596269,1.34430321313
4.71494054967,1.01882420674
3.57170163293,1.15751367188
2.0977409026,1.34678089632
3.41293729815,1.17694946552
2.43365567978,1.30121442163
2.88235527498,1.24307715931
7.39904143071,0.63425529007
3.35494237887,1.18408108947
4.80182590418,1.00819592305
3.34970950346,1.18472551464
5.60710423087,0.907178118165
6.77407699804,0.74306405411
6.52293479442,0.781338456514
6.70503605755,0.753814479098
7.5157877138,0.610523015552
7.6003486238,0.592284034201
5.7113518183,0.893616207084
7.27700727102,0.657603642748
6.48461679661,0.78699192171
2.78186104783,1.25588188619
5.08687769139,0.973037986978
4.60571387575,1.03214072105
6.35170682052,0.806272632316
6.12199515307,0.838540956288
5.57483585287,0.911347236182
4.9064891789,0.99534325724
2.93079159172,1.23694311926
6.3742788664,0.803032411921
1.88742622596,1.376524063
7.12506580795,0.685006154152
6.18450087066,0.829880355122
2.19061715329,1.33396654185
3.34208121822,1.1856652211
7.56052821047,0.600995522664
3.09756816024,1.21598976146
4.85167336451,1.0020819181
3.44698608523,1.17277097633
5.62846666062,0.904410778589
7.73300490167,0.56139023693
2.42281577613,1.30265352139
6.71153845329,0.752809898931
2.43468088268,1.3010784132
4.1396684947,1.08862058152
3.56215933652,1.15867860428
5.76612458087,0.886430113439
6.24998382651,0.82071437575
6.93004967508,0.718032923608
2.28774493393,1.32075006409
6.60452259501,0.769146679317
6.06353736867,0.846566884412
5.66818592744,0.899249550269
6.14562421715,0.835276825689
2.96094142975,1.23313650193
3.44444123992,1.17308307406
2.24207543054,1.32694202616
2.77592835322,1.25664128446
3.1273101926,1.21227796998
5.08552954065,0.973205505253
7.66851583232,0.57680151819
7.47472645859,0.619045410099
4.45394101301,1.05057909235
4.68235257908,1.02280203883
2.91805816618,1.23855343815
4.15665551306,1.08656643175
2.89006750178,1.24209889645
4.39852111507,1.05729744224
7.62461534528,0.586859102199
7.50277369422,0.613246162782
4.32240140254,1.06651600683
6.24859025872,0.82091047105
5.17945334749,0.961501770903
2.74565589086,1.26052253116
4.15858044422,1.0863336579
1.77926919394,1.39226845624
4.77641314011,1.01130815195
2.76205337098,1.25841888536
3.93047672369,1.11392695138
5.79437273074,0.882706710314
4.17709279863,1.08409499736
6.24513530548,0.821396436218
6.77648510413,0.742685653578
4.60516187461,1.03220790781
6.86293095936,0.728938961725
3.91391355149,1.11593249086
7.79695433297,0.545230348178
6.66826173648,0.759466127227
4.40400568251,1.05663284538
6.23241499328,0.823183236514
4.75491207107,1.01393894757
5.48116880258,0.923377653422
5.21175774863,0.957460115122
5.28268326178,0.948555069148
5.60693677327,0.907199787853
3.53174330945,1.16239438773
7.40864652045,0.632358445466
5.99426294362,0.855990940428
3.54668940178,1.16056799796
3.65441269147,1.14743114659
3.13960347899,1.21074580588
6.04858604354,0.848608649468
2.14627337926,1.34006226655
7.40662374191,0.632758684022
7.08065034655,0.692720644464
7.2827532993,0.656533339193
5.31557523042,0.944409900429
6.49986958384,0.784746860566
4.68849633412,1.02205243595
2.46432977286,1.29715220071
3.46320775959,1.17078233037
2.43916543222,1.30048366684
5.93706834602,0.863704634056
5.2940829748,0.947119574571
3.86290757246,1.1221113583
6.84525047086,0.73177704943
1.92867167833,1.37060472098
3.02927869518,1.22453973397
3.06633546137,1.2198952934
4.66409155039,1.02502919758
5.41985508917,0.931198540554
2.70063195629,1.26631510307
3.39519867662,1.17912879717
3.98129585149,1.107775899
2.74211984562,1.26097658588
6.15864844553,0.833472581013
4.74158963551,1.01556797657
6.61190300465,0.768032986207
5.28457807269,0.948316550311
7.15409904444,0.679895419758
7.33672026499,0.646345807836
4.96614709946,0.987989639661
7.48731384349,0.616454280018
3.90585775624,1.11690807448
3.6336751343,1.14995667074
5.28919407775,0.947735349483
6.63723642608,0.764195974411
7.48572661245,0.616782036117
5.19295891582,0.959813121235
7.3565409324,0.642540038801
2.89948519595,1.24090512082
2.51589723247,1.29035555632
5.53953051264,0.915893997888
3.40025070355,1.17850794118
5.14208313241,0.96616661961
5.94750929209,0.862300849468
7.56043076304,0.601016564691
4.96646380027,0.987950544327
4.35408686834,1.06267982018
3.12010698301,1.21317628376
6.97430323266,0.710721545228
2.09332901891,1.34739417656
4.67356902601,1.02387346464
6.83390886005,0.733590270315
2.22960423573,1.32863973006
6.05207143402,0.848133072296
5.63134626798,0.904037295382
4.80244071062,1.00812059071
3.64502659882,1.14857404345
2.42937375533,1.30178266342
7.74872828951,0.55750435
3.74295274659,1.13666425268
4.72220359538,1.01793704484
2.90592094341,1.24008984656
6.62640573538,0.765839115292
6.20298576068,0.827302809546
6.92300010674,0.719188544664
1.94748589176,1.36791928112
6.20888918528,0.826478016755
5.91663100891,0.866446932944
6.01508381837,0.853168059507
6.09510593025,0.842241305694
4.45071943796,1.05096981158
4.01842949488,1.10328314229
5.92332940807,0.865548932128
7.70805766426,0.567448650759
5.04807147715,0.977854738654
6.61613911309,0.767392924784
2.69158673453,1.2674817909
3.77702089573,1.13252755145
5.41320110067,0.932044853051
6.50062916076,0.784634874875
4.31614210075,1.06727366066
3.01355241661,1.22651435651
5.76309735184,0.886828424396
2.62464687985,1.27614810519
7.67744573804,0.57471478196
4.82052822359,1.00590348585
5.3479738693,0.940316869227
3.4134515843,1.17688630667
6.04625288695,0.848926873815
2.82994319004,1.24974178491
5.61632675751,0.905984131822
2.02216759387,1.35734640496
2.72922041501,1.26263422432
6.72644898548,0.750500212095
7.14966499583,0.680679540349
3.14320997724,1.21029653428
3.05983150992,1.22070960729
3.82731079464,1.12642648117
7.16466538274,0.678021537919
7.27006290447,0.658893595356
7.187600246,0.6739278777
6.64641661168,0.762800013665
6.35973053081,0.805122364675
3.563620593,1.15850018828
7.31718606557,0.650062197059
5.52199838503,0.918146290864
3.80102657692,1.1296144796
5.79338120921,0.882837607798
4.58457911105,1.03471240953
2.89666844947,1.24126207437
4.52012110627,1.04254705373
6.97144133041,0.711197411248
1.78636072497,1.39122580195
3.83415964544,1.12559604198
1.81356227514,1.38724021011
6.208577232,0.826521620809
2.09726851827,1.34684654041
5.87393177109,0.872153394121
6.54097953032,0.778660444497
2.90245338552,1.24052906187
2.53263374708,1.28815816123
3.16945728546,1.20702980977
4.0790581149,1.09595003376
4.98102128935,0.986152803921
4.08663371388,1.09503388974
5.49021519831,0.922220214855
3.71754060578,1.13975201146
5.79269703499,0.882927921529
2.19379975342,1.33353057802
4.66603615721,1.02479209037
3.91021668506,1.11638018082
6.37465989704,0.802977599179
6.78466887313,0.741397905023
6.63418472804,0.764659366578
4.29418770525,1.06993073195
5.89774668826,0.868974475829
5.04838815177,0.97781547512
7.62879239862,0.585915950123
5.53066898244,0.91703286341
3.14933283479,1.20953402084
5.76894586195,0.886058777627
7.01012381737,0.704728689253
7.5270830753,0.608142303177
6.92518407022,0.718830793292
6.25987269521,0.819321548643
3.25023719092,1.19700739449
7.69870254502,0.569688232622
3.38067506834,1.18091442355
3.92394638528,1.11471762326
5.65755011016,0.900633657489
3.53110969058,1.16247183655
4.74815222873,1.01476562109
6.06937791769,0.845768100955
3.94093051649,1.11266136852
6.64585670228,0.762885240031
6.26543812808,0.818536646183
4.67170190161,1.02410117912
7.58864245429,0.594868880267
6.83336773024,0.733676640747
1.97230581312,1.36439030021
3.81739599335,1.12762885692
2.49396298211,1.29324162378
3.43784133117,1.17389263549
5.24972705136,0.95269839827
7.90420241433,0.515607629314
7.53700218724,0.60603816918
3.43302454499,1.17448361602
1.87522971327,1.37828312122
6.96973948691,0.711480184798
2.30527275824,1.31838380152
4.08243099182,1.09554213719
4.35314977582,1.06279329609
2.57777556688,1.282251356
2.88033431408,1.24333360999
7.20808052047,0.670241086402
6.54655228223,0.777831321443
3.96321071964,1.10996451906
6.91034301261,0.72125730223
7.00794807285,0.705094668229
6.18660661941,0.829587112275
4.142994079,1.08821843817
7.29996268647,0.653311537529
2.77359890811,1.25693956833
5.77154650054,0.885716377565
2.67869014072,1.26914700091
3.2793812162,1.19340246999
2.95264885081,1.23418262974
2.69613037147,1.26689560867
6.9476465637,0.715137539744
7.84206223262,0.533205338422
5.91317530179,0.866909910756
4.67561148955,1.02362435018
4.57512940273,1.03586178249
6.0639834194,0.846505903987
5.2205733709,0.95635565792
7.48631621636,0.616660320264
4.30478879098,1.06864778859
7.02395954008,0.702395300531
4.42636396898,1.05392295306
2.21044373699,1.33125390282
5.4592973976,0.92617219148
3.45313254476,1.17201731488
2.82329883542,1.25058875563
7.36595835348,0.640719136135
3.20858339283,1.2021696468
1.98210342203,1.36300145276
4.85531972543,1.00163417073
5.10320576427,0.971008035256
4.44861088295,1.05122552878
4.62193309222,1.03016613373
2.18954660817,1.33411323442
5.11156310056,0.969968261388
4.44315500818,1.05188714963
3.07015359265,1.21941741747
4.35486268002,1.06258587331
7.86037297706,0.528153898272
2.58030041512,1.28192182477
7.12174286045,0.685587599892
2.9232938761,1.23789111747
2.92647252394,1.23748914768
1.80742491359,1.38813756688
2.61383278983,1.27755360962
5.31222561346,0.944832495052
4.40018997235,1.05709522315
1.96097503456,1.36599943852
5.75599180927,0.887762810773
2.11067615799,1.34498525882
5.3243718318,0.9432995951
6.54607574674,0.77790225973
3.28889398297,1.1922270015
6.11271928296,0.839819134359
2.5868668335,1.28106521887
3.32887096557,1.18729337253
4.1011794088,1.09327487954
5.63938861377,0.90299363354
7.225017529,0.667169177979
4.6788558145,1.02322861383
7.38528369516,0.636956209279
7.37496751141,0.638969366633
5.07534875136,0.974470121385
5.90376232238,0.868169979757
7.387060796,0.636608375031
2.92154562031,1.238112243
6.21710181622,0.825329280464
6.45869836349,0.79079100187
4.19637664047,1.08176293283
2.17181237554,1.33654664292
6.62612787653,0.765881215974
2.23738125216,1.32758069511
4.38002155996,1.05953873131
3.01283055734,1.22660504709
5.69065717313,0.896320166865
6.71783343974,0.751835827762
4.22476107679,1.07832999146
2.03963523769,1.35489275989
4.87390253858,0.999351221842
6.06521515025,0.846337491389
4.66631969028,1.02475751778
4.9837769627,0.985812347555
7.14370913972,0.681730721774
5.730451611,0.891115269554
6.09982983735,0.841592301338
2.76056893649,1.25860919583
2.87619512702,1.24385898469
5.26892113127,0.950286464182
7.55278146516,0.602664228977
6.8620641135,0.729078437501
2.92449753052,1.23773889246
2.14075805072,1.34082326637
6.41782621484,0.796742522262
6.34509716101,0.807218922357
5.52981201094,0.917142950188
5.49065760287,0.922163587734
5.87624863007,0.871844543366
4.05817957827,1.09847507567
5.98546184216,0.857181773035
7.06449781337,0.695496274883
2.42839453428,1.30191265407
5.00153085731,0.983617725523
2.46041233611,1.29767017546
4.56739786875,1.03680196231
4.58647163428,1.03448218639
5.98680532855,0.857000084663
3.65527709522,1.14732590799
5.11460008156,0.969590286895
6.14332531965,0.835594914894
4.13447225068,1.0892489321
2.19320401782,1.3336121686
6.47523734908,0.788369031349
2.60491426886,1.27871392403
7.05253644435,0.697541767053
5.91482804054,0.866688510855
2.1259259653,1.34287295864
7.0269133563,0.701895763348
3.03481893617,1.2238446072
2.19070262422,1.33395483109
3.99482073554,1.10613938431
7.30900603957,0.651608583907
2.54288025522,1.28681486533
6.04542513446,0.849039747415
4.65465163258,1.02618000789
3.81590905337,1.12780919833
3.88811935772,1.11905663109
5.00819859046,0.982792972009
4.71977576298,1.01823362317
5.84376849009,0.876166336115
5.27893340298,0.94902700461
7.5016677866,0.613476610377
5.14608237604,0.965667931687
1.87341255487,1.37854554854
2.14501908338,1.34023527723
4.93702023849,0.991582576145
7.94580460769,0.503015869939
2.31378447325,1.31723671102
6.58583496888,0.771958401002
4.75251142649,1.01423255042
5.09639131856,0.971855465587
6.39496172843,0.800051463943
1.91577102628,1.37245135691
3.9116096453,1.11621149101
2.63303064945,1.27505953521
7.23586262417,0.665190984316
4.39341048341,1.0579166763
6.87932866904,0.726294087583
7.32081592965,0.649374143181
7.11564631334,0.68665253494
6.82395602423,0.735176807331
6.89299036454,0.724081004428
6.95637886574,0.713694944285
3.64855540018,1.14814432299
4.46140537023,1.04967370855
7.9240211843,0.509699665129
7.69904660402,0.569606168529
3.89430916127,1.11830683289
3.16327837072,1.20779836732
2.78388050318,1.25562348255
4.22709909673,1.07804720017
2.04376021582,1.3543143669
5.67415722307,0.898471796862
6.09034958356,0.842894308882
6.60565066315,0.768976575243
7.75933820871,0.554851233131
3.75616472819,1.13505962592
4.57231986382,1.03620345333
5.10398189525,0.970911495313
5.7162549228,0.892974686824
3.30530885805,1.19020001036
5.21727016733,0.956769574239
3.34775246243,1.18496656417
4.32047270182,1.06674947085
7.20108899191,0.671503054042
3.20755410521,1.20229736166
2.10524871387,1.34573823953
5.01703455388,0.981699569547
5.92594328791,0.865198300371
5.92852024104,0.864852506325
6.23510595673,0.822805555909
2.9457061179,1.23505897371
7.07321193275,0.694000784904
2.13470965953,1.34165855146
6.83080742132,0.734085120894
7.4439056877,0.62531368396
7.53321583991,0.606842871558
4.20593651238,1.08060676618
6.34367895773,0.807421815642
5.22261404594,0.956099899362
7.13709901649,0.682894640235
2.42030982438,1.30298647796
7.19880559879,0.671914443042
5.15677220025,0.964334340467
4.53148113745,1.04116717078
6.74455585544,0.747683806379
5.69363427607,0.895931546645
3.34910426945,1.18480005915
4.86983765177,0.999850764317
5.90618637069,0.867845628456
2.16300905103,1.33775696613
3.55434237771,1.15963318848
5.96771810125,0.859578290515
5.31472487437,0.944517193179
5.86242304435,0.873686267543
6.62381092356,0.766232172488
2.55417688959,1.28533564239
4.22331779697,1.07850455922
3.19830591288,1.20344522292
4.26437700622,1.07353776965
5.06573344834,0.975663809332
4.84478686703,1.00292733918
4.79828760025,1.00862943603
6.30704939043,0.812644361079
5.31939711794,0.943927593127
6.16439657814,0.832675131
7.69122876288,0.571465247753
2.05246090232,1.35309566414
5.23780262146,0.954195182998
2.87286839718,1.2442813645
3.93489273685,1.11339231023
2.00310121123,1.36003281937
6.65152616,0.762021751857
5.9978086668,0.855510783183
7.207755557,0.670299820498
3.19366635908,1.20402130261
5.23625577227,0.954389256289
3.97033473912,1.10910234182
3.95425379677,1.11104860953
5.09160477586,0.97245050469
4.28148904828,1.071467357
4.60625379119,1.0320750043
3.47816130797,1.16895029976
7.72161553819,0.564172009372
5.32862716382,0.942762222372
7.5181568806,0.610025006642
6.5420297943,0.778504259842
3.99273271765,1.10639202276
1.94498903658,1.36827514949
6.0085089486,0.854060350181
4.56912898648,1.03659146901
7.46079638096,0.621891657618
4.85742125646,1.00137608536
2.54138282084,1.28701108168
6.62793333523,0.765607608222
5.35931470409,0.938881724854
3.42644678229,1.17529084861
4.50867186587,1.04393741227
2.39708150959,1.30607758014
4.60401224581,1.03234783143
7.10505082951,0.688497747837
2.73236323919,1.26223017412
5.8686795651,0.872853216564
3.94772772379,1.11183854941
6.48801840441,0.786491843525
2.68028212052,1.26894133175
1.82410958197,1.38570061098
7.1067852874,0.688196172724
5.32819804906,0.942816419818
2.35871378021,1.3112028897
6.19336190321,0.828645718702
1.79295084084,1.39025821312
3.69997769552,1.14188715577
4.73028779684,1.01694931508
6.45229014243,0.791727279192
3.40584184954,1.17782099368
2.96290824766,1.23288847858
2.29586052805,1.31965376484
7.8411733169,0.533447935133
4.70470178543,1.02007446674
5.9701720871,0.859247188402
6.22464786251,0.824272424567
6.19458222348,0.828475550557
2.68368628863,1.26850165111
4.29213225606,1.07017946745
3.27133143677,1.19439761725
6.95966849646,0.713150482135
3.28355500718,1.19288665366
5.39973526324,0.933756135364
4.55334924436,1.0385098475
2.3389954898,1.3138466476
2.64855466604,1.27304628896
6.53976090192,0.778841622867
6.13138112988,0.837245780635
5.18526924219,0.960774772476
7.45643361264,0.622778570909
2.52683200854,1.2889194295
6.15106627464,0.834523380594
7.89946900538,0.516995862687
6.34151651343,0.807731082642
6.71996098165,0.751506273769
6.11698172674,0.839232008196
6.3231784942,0.81034891233
6.88329823134,0.725651949779
3.13721411977,1.21104351017
5.47552082374,0.924099814466
1.87447095169,1.37839268784
4.85484486352,1.00169248443
6.09198020368,0.842670491189
3.96967199694,1.10918254699
5.33231733769,0.942296078045
7.10733141297,0.688101177394
1.75008281626,1.39657568498
6.76895533546,0.74386806422
5.52263430679,0.918064659581
3.02087480396,1.2255946718
7.91355228406,0.512840020822
4.97712127892,0.986634557412
1.95878159444,1.36631130889
5.16877964692,0.96283528826
2.96539333328,1.23257515166
4.70756871561,1.01972442883
3.77420798497,1.13286899071
5.5811458908,0.910532996302
3.9291029444,1.11409327885
2.39723342709,1.30605733513
1.80810927685,1.3880374504
7.72372758815,0.56365820021
2.14596963181,1.34010416079
6.36921624146,0.803760323399
5.32797688189,0.942844352668
2.97104456572,1.23186284284
2.7578951824,1.25895204628
6.1071581442,0.840584583982
6.52547507038,0.780962071007
6.08737482404,0.843302483688
6.89540395706,0.72368911113
7.6351409684,0.584477074401
1.73704870519,1.39850768128
3.82097516754,1.12719478234
2.63317508898,1.27504078893
7.27763346957,0.657487131911
7.34615469333,0.644538756533
7.34677752677,0.64441917712
1.99495701382,1.36118296635
4.71358756426,1.01898944561
5.59484720805,0.908763284643
7.88623171467,0.520833888445
3.00233625894,1.22792402093
7.87939910218,0.522790264782
4.69684131318,1.02103401695
4.36665584485,1.06115766291
5.86416844741,0.87345393276
3.98482206364,1.10734920789
2.59173339485,1.28043074585
6.67088337269,0.759064871067
2.68710188505,1.26806063998
6.57214488832,0.774010828678
5.58078649036,0.910579386189
6.45451881987,0.791401791615
3.76685129433,1.13376206405
4.91574127563,0.99420420225
7.74350719597,0.558800678841
4.35693071407,1.06233544024
5.90984314921,0.867356142037
5.89785545115,0.868959935932
2.68390273809,1.26847369951
5.89840554768,0.868886393579
2.49451145049,1.29316936995
5.70996416711,0.89379770515
2.27458293295,1.32253061839
3.41396128596,1.17682371223
6.44411279395,0.79292031617
5.66056214475,0.90024183663
3.04298972555,1.22281991503
6.49791378806,0.785035126353
6.414235907,0.797263065969
5.09162121579,0.972448461248
3.52436642233,1.16329619323
4.67417828938,1.02379915593
2.5149579885,1.29047899431
3.67488566057,1.14493930856
2.30680621782,1.31817704748
2.03116672174,1.35608142671
2.91772739072,1.23859529052
1.94310017202,1.36854446809
2.51323103653,1.29070598889
2.7072105989,1.26546719655
2.5808507435,1.28185001021
3.81287494843,1.12817720109
3.78355382885,1.13173464296
4.1488205902,1.08751387073
5.6825752971,0.89737452835
2.98100521881,1.23060807692
5.60386974328,0.907596610674
5.73813154338,0.89010818217
2.91556041787,1.23886950004
4.56186743873,1.03747436642
7.19205249267,0.673128941743
4.29364988519,1.06999581548
3.04039619645,1.22314510494
4.45338446002,1.05064659392
6.09904531321,0.841700116386
4.28060955614,1.07157377523
5.67823921589,0.897939843407
7.86990177277,0.525482791966
4.09784431023,1.09367818762
2.78334594293,1.25569187883
6.58333428535,0.772333767068
3.2389546834,1.19840448558
7.34590954975,0.644585812617
2.63435578649,1.27488756073
6.44791225854,0.792366230989
2.11009745101,1.34506551584
3.22054570447,1.20068590074
6.72991754186,0.74996169246
2.05827654588,1.35228203361
2.3497581758,1.31240279556
3.39337671829,1.17935273645
6.033733762,0.8506325879
3.88347219589,1.11961960637
5.17893705899,0.961566294635
2.06278034193,1.35165246355
1.74232176774,1.39772543776
2.67997161213,1.26898144409
7.69480725094,0.570615737027
4.37030700255,1.06071544382
7.55809976071,0.601519513092
3.87824532494,1.12025285605
2.30038192026,1.31904350799
3.62415921477,1.15111608497
3.31911963551,1.18849589023
3.07001479901,1.2194347867
4.28394632322,1.07117002331
6.67782544703,0.758001137101
4.81022535976,1.00716657508
5.63040080276,0.904159933539
3.52537253453,1.16317318437
6.70682081768,0.753538904345
6.74473808779,0.747655395858
2.61556719472,1.27732808455
4.17499732398,1.08434840306
2.20513801368,1.33197906051
5.00471544055,0.983223850631
5.79297425088,0.882891328784
5.80146801988,0.881769573952
4.76681796122,1.01248244868
3.84956406212,1.12372858426
3.40322283112,1.1781427542
5.76471540002,0.886615544875
5.21515908889,0.957034059598
2.05789660611,1.35233516512
4.15068351843,1.08728859659
2.5320658964,1.28823264955
5.33522097833,0.941929196486
4.61703667639,1.03076233754
7.06398444148,0.695584237975
2.61909583511,1.27686937858
1.89892412491,1.37486942536
3.7160249588,1.13993623348
7.75728841122,0.555365797991
6.23250272605,0.823170925743
2.5174621844,1.29014991488
1.9849560184,1.36259752905
2.24933692719,1.32595488555
3.491586716,1.16730640903
3.17142673399,1.20678490176
6.51230140774,0.782911806922
3.53361928359,1.16216509306
6.22060906608,0.824838237535
3.83565867824,1.12541429423
4.34622992676,1.06363120382
6.25384785796,0.820170410476
1.8438863182,1.38282235099
4.49203613105,1.04595697945
3.75479238554,1.13522627789
2.06745152293,1.3509999799
6.48393649357,0.787091893164
2.01447089737,1.35842981549
4.80353105992,1.00798698546
2.12747282193,1.34265897618
7.9182908508,0.511424135779
6.55964222561,0.775879880423
3.58475968573,1.15592013581
7.10798786977,0.687986965886
5.84704971659,0.875730513192
4.48696406696,1.04657258246
2.62190458462,1.2765043734
6.4596884315,0.790646241153
7.56167597828,0.600747584092
4.52791691384,1.04160014975
7.1133087143,0.687060237484
6.91702112971,0.720166757591
5.76481820207,0.886602018346
4.35067262577,1.06309325659
4.38174698022,1.05932971623
6.77234185091,0.743336561322
5.76111486631,0.887089198429
1.86102278354,1.38033724132
7.90375584752,0.515738965053
7.11652406823,0.68649935568
7.51858094708,0.609935791568
6.74472202694,0.74765789984
6.45959389171,0.790660065321
6.18438896073,0.829895936754
7.9096167139,0.514009145147
4.33452376649,1.06504851195
4.53134385955,1.04118384786
7.06556577269,0.695313236871
3.41929947496,1.17616823358
6.71568085687,0.752169083819
7.63062111325,0.585502152232
5.31003018605,0.94510941716
6.87350210702,0.727235300715
2.75042377517,1.25991053174
5.1828685338,0.961074899366
6.60235452918,0.769473486176
5.1303081523,0.967634184347
4.40676301217,1.05629870205
2.70214516941,1.26612002143
7.94008821014,0.504790151687
7.24687662557,0.663172857301
6.26650312078,0.818386364052
4.88500972623,0.997985772175
6.21736383702,0.825292605186
5.80831621805,0.880864338827
7.32588982638,0.648410444781
7.10820406575,0.68794934582
5.11662626857,0.969338074356
5.75641815585,0.887706766767
7.4037786436,0.633320930876
6.89257656704,0.724148164814
1.74578844303,1.39721163935
6.04068813878,0.849685436377
5.2867954989,0.948037378815
7.29485946919,0.654269484451
6.2831468003,0.816034208855
3.59632953257,1.15450878245
5.39992575818,0.93373193982
7.32691263008,0.648215908005
7.51365582825,0.610970545453
5.64975193107,0.901647520479
2.87568200322,1.24392412625
6.46623704905,0.78968802968
7.16818772521,0.677395188282
3.71047752371,1.14061056553
3.52174292195,1.1636169678
7.22099714608,0.667900279106
4.96004483484,0.988742815419
3.3208332332,1.18828453028
5.31865862415,0.944020798993
5.36897651203,0.93765804782
5.3388884897,0.941465681352
1.93676109363,1.36944897234
3.56640478736,1.15816026922
5.4051899562,0.933063163282
3.91992196375,1.11520491865
3.36250425346,1.18315013102
7.67893881371,0.574364468214
2.74253822643,1.26092285497
7.14456072996,0.681580563789
6.40721342143,0.798280193526
2.60419779251,1.27880718525
6.28808736684,0.815334693218
5.95722432655,0.860992935132
6.53281160839,0.779873907151
5.28097858423,0.9487696259
7.2797263592,0.657097497068
2.84584611676,1.24771653393
1.97857603523,1.3635012012
2.22214663772,1.3296563631
5.1856723006,0.960724379101
2.39762174254,1.30600558871
7.34262956078,0.645214892682
2.23473416823,1.32794103133
2.84642227613,1.24764321027
7.01082290475,0.704611041704
6.9179390956,0.720016683582
2.01544957604,1.35829197599
2.86750661323,1.24496236681
5.38693783129,0.935380731891
1.86464673008,1.37981274402
7.70457573859,0.56828421589
4.15765609824,1.08644543525
3.98488292903,1.10734184296
3.95261321339,1.11124718657
2.09084660236,1.34773943622
7.46986871754,0.620040471991
4.96481259928,0.988154370998
7.4511567174,0.623848491107
2.24006522215,1.32721547464
3.62412602823,1.15112012898
1.98427530384,1.36269389924
5.90532134841,0.867961384742
6.43667203395,0.794004225141
2.81472772204,1.25168204421
4.76739990477,1.01241124029
5.01251795017,0.982258539609
6.42180394356,0.796165388616
5.96349778087,0.86014746057
5.71095496716,0.893668116067
7.01703010289,0.703565270432
7.0824325943,0.692413428014
5.97709673421,0.85831229918
5.62719708397,0.90457540752
3.79455083752,1.13040016631
3.84924405716,1.12376737305
5.35920350036,0.938895803491
4.86086206451,1.00095347461
5.37070236292,0.937439368797
2.3476614943,1.3126839158
2.44615925599,1.29955677155
1.77676946065,1.39263634647
4.39416247808,1.05782556326
3.95805876573,1.1105880674
3.58530406969,1.15585371697
2.98645277418,1.22992222352
4.99367951698,0.984588509681
3.68598253742,1.14358925281
3.8448595347,1.12429885573
1.79965368575,1.38927539114
7.83280795513,0.535719406641
6.21283711299,0.825925994488
6.92896291663,0.718211233203
1.8556958029,1.38110887883
4.40370717569,1.05666901865
2.97900838655,1.23085954879
2.98312673438,1.23034094328
2.02712269119,1.35664964835
3.51607071818,1.16431061204
2.02713734896,1.35664758812
5.0026455617,0.983479864491
1.77810006337,1.3924404959
7.57252336549,0.598395288386
4.56665028712,1.03689286077
4.84390574474,1.00303549215
5.09496695681,0.972032552788
5.84815508513,0.875583655727
4.42397803062,1.05421218413
3.11583054998,1.21370979177
6.17129398686,0.831717292637
3.51663108066,1.1642420798
1.73512887687,1.39879269854
5.47092061274,0.924687741829
5.92230281601,0.865686609243
2.63727215823,1.27450915904
2.22334730905,1.32949261273
7.12560865449,0.684911100184
1.91847332161,1.37206418456
3.41928876032,1.17616954909
6.19654969161,0.828201125926
5.47274388532,0.924454747796
1.94224629326,1.36866624583
5.47827048818,0.923748282036
7.8581469117,0.528773644922
7.72021561344,0.564512069435
5.0097009693,0.982607097396
7.18769163007,0.673911493288
7.48931053603,0.616041548789
4.9957350958,0.98433438511
7.03501385092,0.700523326567
2.42751869826,1.30202893343
1.87568712334,1.37821707791
4.17466289705,1.08438884518
2.39539694953,1.30630209542
6.75430266721,0.7461624011
3.42114387776,1.17594179368
3.4858588375,1.16800766105
4.85567480926,1.00159056516
5.65722089514,0.900676476084
6.75514843171,0.746030204953
5.4501781958,0.927335799979
5.05857772706,0.976551725909
7.8356450052,0.534951375261
6.13315538363,0.837000742777
2.76012007012,1.25866674733
2.3706297843,1.30960845759
2.35049668766,1.31230379489
6.09559577728,0.842174028083
7.68094708693,0.573892630771
3.44414880897,1.17311893966
4.77352057274,1.01166220133
7.20928053951,0.670024127767
4.62601429223,1.02966912888
5.99350327346,0.856093783768
5.94767375213,0.862278722476
5.65926130789,0.900411071078
2.32334698963,1.31594954576
4.60516077794,1.03220804129
4.38212020341,1.0592845038
2.5631204503,1.28416582303
2.31938011086,1.31648331202
7.93648027094,0.505902414989
2.69825402545,1.26662172
6.97025952897,0.711393792053
7.40934487267,0.632220169035
4.68697803329,1.02223769872
5.12236489173,0.968623581959
5.10725441114,0.970504390196
4.20720466436,1.08045339312
2.56490186479,1.28393294821
4.10217725619,1.093154212
4.11400722844,1.09172365442
7.87827678485,0.523110055315
7.93573624019,0.506131067549
7.49069867829,0.615754330654
2.85664959559,1.24634223775
3.3172208414,1.18873011383
6.13972859891,0.836092353251
2.54500991278,1.2865358609
2.83392029794,1.24923504246
4.16272335915,1.0858326704
7.760667064,0.554517131933
2.30842678032,1.31795859527
5.49198611064,0.921993527344
6.90238466786,0.722554103616
7.58776519001,0.595061771398
7.84181129617,0.533273846387
4.79531081012,1.00899410502
5.85014385368,0.875319381702
4.93555699757,0.991762937617
3.40835220276,1.17751261808
7.16527927363,0.677912435509
6.58839425226,0.771574023901
3.84805922557,1.12391099199
5.34496260398,0.94069772185
6.42731501147,0.795365049073
4.29509625317,1.06982078458
7.48101008303,0.617754229893
1.73834944955,1.39831463879
7.31913487904,0.649692934514
4.2393380817,1.07656679384
5.60462343061,0.907499107136
5.73999052355,0.889864281636
6.15298596341,0.834257451167
6.40371846804,0.79878589079
2.84570229086,1.24773483816
7.10840762491,0.687913921999
2.69491496892,1.26705238477
7.005438816,0.705516425738
2.77373426686,1.25692223404
3.57968148851,1.15653977037
3.01545748682,1.22627503582
3.89853656759,1.11779478627
7.18568866603,0.67427047367
6.2105719562,0.826242765178
2.70327917043,1.26597384579
7.77290778752,0.551420172776
5.49046896001,0.922187734009
2.44015303931,1.30035273196
2.78295214538,1.25574226678
4.25323824996,1.07488531854
2.41788243867,1.30330909211
7.16339673662,0.678246924078
6.09066414096,0.842851137157
5.16494219612,0.963314494746
6.55638916083,0.77636535878
3.62258401628,1.15130803837
6.62707750834,0.765737318376
4.98346793287,0.985850529816
3.42530396649,1.17543111967
3.15740352235,1.20852936881
7.68650932079,0.572581906989
4.06206985777,1.09800457082
3.70941368303,1.14073989397
4.93417885038,0.991932798554
7.53299169081,0.606890450778
6.3907409472,0.800660728195
3.97680414885,1.10831943942
7.86438829736,0.527031960775
6.15699431365,0.833701929731
3.14567746493,1.20998920989
2.21263576263,1.33095447003
5.45762631808,0.926385489251
5.41858819369,0.931359711431
2.26374918739,1.3239986057
7.11216281716,0.687259968266
5.28748526399,0.947950528941
7.37618791587,0.638731744308
3.7446949923,1.13645262507
5.528712008,0.91728424412
7.11299851551,0.687114313557
4.51151949149,1.04359163908
2.37603072789,1.30888656967
4.74770363503,1.01482047316
4.9012713274,0.995985425785
6.8362058964,0.733223494129
4.66888837126,1.02444429164
4.85047947084,1.00222850446
6.26302890198,0.818876514222
2.2092283382,1.33141996809
6.98004224513,0.709765992458
2.88495943774,1.24274676462
4.40215380942,1.05685725397
3.51540415196,1.16439213484
7.34445363723,0.64486516723
3.36519992627,1.18281834086
5.7662876761,0.886408650142
2.3331792121,1.31462775828
4.1960839407,1.08179833115
6.14023938039,0.836021727213
5.07788328467,0.974155362165
7.47349129237,0.619298679019
2.84601476522,1.24769507088
3.62043167201,1.15157033753
3.52894720684,1.16273617571
5.39393273174,0.9344929588
4.09082757529,1.09452671984
5.24191757808,0.953678804052
5.08087761701,0.973783441483
7.09607749227,0.690054980085
6.70508611302,0.753806751958
6.21405970155,0.825754973201
1.82476739836,1.38560469495
1.95456470307,1.36691121863
2.45553358656,1.2983155903
7.47154311946,0.619697792384
3.42629072256,1.17531000323
2.81239055812,1.25198030077
7.24848710266,0.662876984945
2.90798450366,1.23982852444
5.12279662236,0.968569818813
4.49663282242,1.0453990163
7.94355288414,0.503716548633
4.87688528494,0.998984608225
7.42417525914,0.629271877931
3.25900844125,1.19592185849
6.57405730308,0.77372448831
2.23284810276,1.32819785534
1.76090344193,1.39497578123
7.60863728071,0.590441328701
3.2081313946,1.20222573019
4.54221416325,1.03986311198
5.37972586811,0.936295529909
5.65835947511,0.900528383119
6.20887904177,0.826479434624
6.1331044777,0.837007774194
6.34894799068,0.806667745805
6.23916166044,0.822236013915
5.64398308398,0.902397023507
5.04737412912,0.97794119828
1.84137331157,1.38318747423
2.03729414439,1.35522119645
5.55455449319,0.91396099993
6.8470695022,0.731485704096
1.98190465771,1.36302960492
4.98261085821,0.985956422696
5.03673931447,0.979259322044
6.60370731095,0.769269591111
4.35779076519,1.0622312885
3.91534890786,1.11575867523
3.66393750464,1.14627167073
6.0945828833,0.842313137738
6.66533937888,0.759913116456
2.6326223928,1.27511252285
4.57814498936,1.03549502615
5.1361776629,0.966902777229
4.95958411974,0.988799670061
7.28387441009,0.656324198021
1.74910731886,1.39672009636
6.73304901108,0.749475106234
4.25839226431,1.07426180767
1.98099519745,1.36315842949
2.94624760166,1.23499060857
7.8198311167,0.539202804191
6.06407933441,0.846492790754
5.23872452579,0.954079507635
3.62366483507,1.151176329
2.56479341648,1.2839471238
2.77631197869,1.25659216742
2.07932339701,1.34934388882
7.64227786531,0.582851624138
6.92572246256,0.718742564188
6.92059595803,0.71958209413
5.59329557639,0.908963817266
4.16575287255,1.08546632034
4.70840095386,1.01962281027
4.93443205188,0.991901591533
4.31405993084,1.06752568455
7.07845169857,0.69309937443
2.02243404702,1.35730892322
5.27735969212,0.949225024496
6.05152750414,0.848207306425
7.20734066531,0.670374797142
5.16467106093,0.963348348619
4.55252093678,1.03861052577
5.492872765,0.921880016799
6.09036376369,0.84289236276
3.76432267422,1.13406906137
3.37013097313,1.18221152305
6.42254045078,0.796058479351
3.78861466272,1.13112047839
4.7083523905,1.01962874007
3.8066816907,1.12892843938
7.13717918501,0.682880541218
5.83239214822,0.877676046665
5.62396554074,0.904994354599
1.73388974329,1.39897672151
6.10539214397,0.840827527755
3.28144243508,1.19314772103
7.70422192126,0.568368988481
1.95215493676,1.36725424103
7.61454888699,0.58912062925
5.2527571117,0.952317857978
2.74496645351,1.26061104853
7.67448257435,0.575408811229
2.64348855818,1.27370294679
4.32357355376,1.06637411867
5.35354684441,0.939611786817
6.65055309261,0.762170036359
7.01994377571,0.703073649291
2.59283655964,1.28028696691
7.83991326286,0.533791413108
3.55329239578,1.15976142882
6.67170082955,0.75893970356
6.21697843849,0.825346549209
6.6883876836,0.756379289666
4.49534192989,1.04555571503
7.5413578732,0.605110141259
4.65712290036,1.02587877095
3.3059276102,1.19012363686
3.88870341798,1.11898587845
2.25525960132,1.32515048577
5.76873905502,0.886086001495
4.55497249096,1.03831254082
5.23838957715,0.95412153596
3.48094720084,1.16860910676
4.72667688487,1.01739053207
5.68139179297,0.897528852849
6.46809214765,0.789416358812
5.08562681935,0.973193418058
2.31160442065,1.31753038492
7.8005733028,0.544286112004
2.51484705452,1.29049357441
3.77870261729,1.1323234289
4.74744740602,1.01485180331
6.99167408373,0.707823941404
2.49623043926,1.29294294396
7.56505366623,0.600016883567
3.17461990821,1.20638788011
2.33645324969,1.31418799119
5.93396987295,0.864120855967
3.14944907446,1.20951954763
5.95249013813,0.861630497968
5.56385226485,0.912763372932
5.66707735439,0.899393887233
5.88255922706,0.871002854189
4.70293206821,1.02029052338
6.46804402493,0.789423407442
2.17527187434,1.33607144718
7.47504571221,0.618979919047
3.01900234731,1.22582980536
5.42625629258,0.930383937241
2.00502808797,1.3597609333
6.0213214019,0.852320790579
6.36871405374,0.803832491544
7.6129207626,0.589484906379
1.94174353567,1.36873795635
5.31444368064,0.944552670984
2.3181983733,1.31664237539
3.86078802172,1.12236822319
7.73823706425,0.560103117875
7.5499562754,0.603270762724
2.33300881231,1.31465065141
3.69411912741,1.14259960159
4.71577140552,1.01872273124
4.09434517812,1.09410133513
7.20224986538,0.671293761012
2.46555449936,1.29699031249
6.91060496922,0.721214565024
3.54815991709,1.16038835542
5.03576579416,0.979379945317
4.60980082512,1.0316432462
7.01767161669,0.703457068808
2.7552957199,1.25928545009
5.97917900123,0.858031004501
5.07032851774,0.975093438871
3.93046089934,1.11392886727
2.70104429097,1.26626194258
3.78204988457,1.13191716858
3.2672855938,1.1948979407
6.18389283294,0.829965011114
4.54734037241,1.03924016111
4.45407017707,1.05056342658
1.97820437372,1.36355387474
4.14440586859,1.08804771858
4.17406626573,1.08446099551
6.57509847426,0.773568546366
5.45311052356,0.926961734929
3.17864838288,1.20588710913
3.87427113597,1.1207343732
5.64972857786,0.901650555476
6.88059215926,0.726089778069
3.13101929366,1.21181556551
5.30265026583,0.946039957067
7.54579401104,0.604162391532
4.25123470381,1.07512769302
6.35845730722,0.805305004769
3.83960166161,1.12493625658
3.43030521354,1.17481730899
4.83891824884,1.00364760359
4.04413673084,1.1001735411
3.44590998459,1.17290294441
4.17593078124,1.08423552025
7.66500812926,0.577617284245
2.24002136778,1.327221441
2.96474162159,1.23265731578
2.12394978901,1.34314640458
3.02315727967,1.22530809195
5.60153634892,0.907898433037
6.05566231973,0.847642852712
2.81022637419,1.25225653609
7.18255541245,0.674831465392
3.94803348292,1.11180153795
7.73630860946,0.560578203855
5.69848090563,0.895298621969
2.62935683231,1.27553643891
4.92419793042,0.993162640071
6.8221236625,0.735468425881
7.04943654309,0.698070515932
7.24430301852,0.663645258246
6.15682167513,0.83372586301
6.90400926062,0.722289624988
4.1770027412,1.08410588803
7.04372177741,0.69904382797
6.06975911596,0.84571594286
7.1495933941,0.6806921917
5.58901233562,0.909517225411
6.06042049319,0.846992888905
1.7272770228,1.39995959109
4.16148443805,1.08598248891
3.21498110505,1.20137598116
2.34250277759,1.31337591252
6.41856811717,0.796634912218
7.43775350973,0.626552355865
7.31458904496,0.650553772046
6.60082944938,0.769703276359
2.72969538333,1.26257315351
4.61293785626,1.03126135924
3.96019655811,1.11032932335
3.06903755676,1.21955708751
2.03568433992,1.35544711276
5.24978063216,0.95269166985
3.96312426705,1.10997498227
7.2129686944,0.669356667711
3.07155862237,1.21924159511
5.62881688783,0.904365360123
2.11745281252,1.34404598688
1.99639739603,1.36097943516
3.68166778598,1.1441141414
5.65056021145,0.901542471374
3.42280138624,1.17573831438
7.13488980478,0.683283003198
2.92547085124,1.23761580791
2.96534395366,1.23258137702
6.02932465694,0.851232605689
5.54954634821,0.914605654059
6.94560141034,0.715474845161
7.09142567232,0.690860300122
4.12128544019,1.09084353647
2.33872110166,1.31388348396
4.88600874099,0.997862925843
4.06838628313,1.0972406553
2.53336473943,1.28806227952
1.99776776014,1.36078584424
1.96610991117,1.3652698148
7.47271591848,0.619457578558
7.79288889141,0.546287034281
4.12643568417,1.0902207463
4.78281792584,1.01052406767
3.86557763326,1.12178779036
6.46645974445,0.789655422262
7.48929411795,0.616044944455
5.98752613284,0.856902591995
3.89556135196,1.11815515753
6.9350497765,0.717211780204
2.04857760496,1.35363938201
3.73703752266,1.1373828287
3.31647228682,1.18882245701
3.2332732546,1.19910833332
2.47555497047,1.29566928165
4.96393778209,0.988262352813
5.00353727039,0.98336957657
1.98641505713,1.36239100796
7.29880183687,0.653529637228
5.64830646518,0.901835360484
2.18017735278,1.33539804837
5.31291061728,0.94474608219
1.83115502751,1.38467395967
6.96060039171,0.712996144644
2.06932323508,1.35073867188
3.69843799436,1.14207438452
5.54588098026,0.9150772726
2.27577978135,1.32236857719
6.21522375143,0.825592108942
6.97504085286,0.710598827252
4.31329981216,1.06761768722
3.07780334122,1.21846034328
6.63254351554,0.764908445571
3.01587302281,1.22622283921
6.91717364388,0.720141826592
3.6863975398,1.14353877104
7.87741397712,0.523355605626
3.68575536924,1.14361688626
2.38682016621,1.30744592104
4.36042687232,1.06191204999
7.0976327855,0.689785431781
4.79647765287,1.00885116714
2.6467806541,1.27327619465
7.24264764243,0.663948843468
2.14205571373,1.34064415877
7.39745582931,0.634567529821
7.45167317381,0.623743912506
4.57437415812,1.03595363099
5.10536191011,0.97073982948
6.98944574281,0.708196542018
5.66251396411,0.899987868901
5.66648746616,0.899470684305
7.15146084293,0.680362119426
5.42800241413,0.930161653919
3.47578969925,1.16924078418
6.59374892697,0.770769103011
7.47865334439,0.618239037585
4.46021046941,1.04981865184
7.56944821794,0.59906382144
7.87864991009,0.523003786274
5.6476553123,0.901919969502
5.37005131363,0.937521865432
7.26281432929,0.660235940775
2.07879331594,1.34941776638
7.79682095015,0.545265084481
7.49878273336,0.614077094032
5.01764164026,0.981624426794
4.26750188742,1.0731597065
4.08345841026,1.09541788789
2.93654468447,1.23621607912
6.03597163952,0.850327901528
7.20881775666,0.670107809449
7.28074419208,0.65690787775
3.06888464728,1.21957622469
7.73787524019,0.56019231642
6.43066116818,0.794878690124
1.75247800978,1.39622122844
5.0740886967,0.974626588119
4.85185302835,1.00205985831
2.06830246057,1.35088117151
3.03098984394,1.22432500982
2.69346907465,1.26723891603
1.91940467017,1.37193078936
3.97156088675,1.10895395459
1.78482713816,1.39145115495
2.19650716707,1.33315986595
5.12441083195,0.968368789691
5.99947711344,0.855284763791
2.32767177799,1.31536793694
3.8202120231,1.12728733245
5.44802560056,0.927610337975
4.80651963489,1.0076207523
2.37358502433,1.30921340062
3.94694510028,1.11193328479
6.33129395456,0.809191456447
5.96859441392,0.859460067173
5.64724701168,0.901973020094
2.32022870437,1.31636910551
6.32522590216,0.810057061649
5.17473550389,0.962091307986
3.8234195355,1.12689835113
5.68731154805,0.896756746308
7.70318786864,0.568616600762
1.83373724058,1.38429803783
2.7368109182,1.26165856921
7.46990887636,0.620032256921
4.27297170424,1.07249791955
5.16610921086,0.963168774838
4.87387604597,0.999354477868
3.90576458055,1.11691935898
2.26776689943,1.3234539459
2.87250802985,1.24432712556
4.14769770498,1.08764965518
3.32485764736,1.18778821821
6.27690946113,0.81691648068
7.67849828949,0.574467868917
7.13199107619,0.683792096215
6.53658969013,0.779312879832
3.52053556319,1.16376460154
1.81118059338,1.38758831096
6.85490049464,0.730229762807
7.02573253989,0.702095516685
3.01890862723,1.22584157507
1.82486892525,1.38558989245
2.02432964708,1.35704231891
4.83571485308,1.00404068549
5.35071791009,0.939969736538
6.097536682,0.841907408265
5.65516542819,0.900943782857
3.7726025549,1.1330638716
2.45969366482,1.29776522603
6.67331000536,0.758693238321
3.43342998275,1.17443386748
1.91649915816,1.37234701479
5.59813669224,0.908338051783
5.53030299137,0.917079879779
5.93639688495,0.863794846525
5.93859492529,0.863499504985
4.09628594641,1.09386663901
6.25465127093,0.82005726438
6.2073446669,0.826693884137
6.38341162227,0.801717560436
6.50253521356,0.784353785243
7.04534087564,0.698768261445
5.2685090801,0.950338277314
5.25852123672,0.951593726203
7.74406832347,0.558661646752
2.63435644924,1.27488747472
6.39086195632,0.800643267421
5.68044692126,0.897652046787
6.20686728579,0.826760593696
5.07776552958,0.974169986988
2.30574587702,1.31832000713
1.74526979187,1.39728848521
6.95905798192,0.713251569427
3.74422858318,1.13650927816
6.75388605293,0.746227508946
6.11373235817,0.839679623359
2.88350869942,1.24293081378
3.29004649183,1.19208462825
6.71577602843,0.752154353411
5.20224496839,0.9586511775
2.39076418271,1.30691978397
6.34407727521,0.80736483616
2.74205569121,1.26098482515
6.45529720229,0.79128807879
3.33426679608,1.18662821513
3.12688138452,1.21233143535
3.04390618372,1.22270501868
5.28798702896,0.947887347832
7.02530738998,0.702167418254
3.13321815489,1.21154148945
2.29729388394,1.31946026337
4.17594641435,1.08423362974
2.24774592576,1.3261710835
6.70507607221,0.753808301981
5.72781366335,0.891460993835
5.9423871022,0.862989766964
2.42288103918,1.30264485148
5.10344347851,0.970978467375
3.30727484515,1.18995735389
6.39919157763,0.799440404181
7.9107325645,0.513678286098
2.55106473945,1.28574297751
2.43343317071,1.30124394298
5.26540999923,0.950727920412
2.35889412993,1.31117873985
2.44427660714,1.29980620426
6.17519148563,0.831175590468
4.88034873341,0.998558849272
4.84722796447,1.00262768641
2.95978169415,1.23328276614
6.6648241944,0.759991884435
2.76202116151,1.25842301447
7.49451299611,0.614963933587
3.78084251805,1.13206370428
6.41377940276,0.79732922694
2.53964820027,1.28723841795
5.8860621109,0.870535364489
3.1778489998,1.20598646921
1.76248234546,1.39474262992
5.16876233345,0.962837450567
4.29949734847,1.06928817535
4.62715788412,1.02952985272
4.49284138402,1.04585923883
4.49342833168,1.04578799479
4.64420558817,1.02745308317
5.39576213057,0.934260693617
5.88750360943,0.870342924887
7.25829689993,0.661070407112
7.89299367339,0.51888134607
4.32840747871,1.06578895556
7.82084054713,0.538933555095
5.42503873972,0.930538913921
7.73196948871,0.561644256604
5.49562909169,0.921527091313
7.77693646331,0.550393107771
6.70878277907,0.75323582965
3.34660403528,1.18510802689
6.93943344038,0.716490849048
2.53326671098,1.28807513712
7.19133245472,0.673258244315
5.69207970605,0.896134489898
5.55851332084,0.913451200066
7.36981441098,0.639971149731
2.54867506988,1.28605584385
5.31504791194,0.944476435073
7.14058102633,0.682281881223
5.08458748973,0.973322554578
5.40112501223,0.933579608996
7.61871310362,0.588187038775
3.72586270305,1.13874060927
5.83429597991,0.87742353989
5.75961094358,0.887286984014
2.53473052111,1.28788315541
2.66775992221,1.27055994702
6.16525074002,0.832556570295
6.45142500922,0.791853589083
1.92024570367,1.37181034922
1.74644700118,1.39711407623
6.78755106423,0.74094372148
5.42370374726,0.930708820816
3.99485378253,1.10613538584
5.10204937536,0.971151865688
4.33130511822,1.06543817107
5.42712542271,0.93027330002
4.89733664499,0.996469569919
6.9998748185,0.706450404562
2.42083199244,1.30291709109
7.86442291743,0.527022264575
7.49958352658,0.613910521325
4.21773284206,1.07918005927
3.50544833334,1.16560999854
3.97725270137,1.10826515912
7.76208926107,0.55415911093
3.58099424521,1.15637957969
1.82674343422,1.3853166442
7.82587901929,0.537585335232
5.95122947868,0.861800206439
6.81971078309,0.73585221154
2.33795702738,1.31398606714
7.43306741414,0.627493121172
3.1358357196,1.21121527318
7.40628165381,0.632826330547
3.29043469536,1.19203667408
5.95564853808,0.861205194047
6.80599150272,0.738029604449
2.00086239632,1.36034883228
4.35132370344,1.06301441788
7.3872801178,0.636565425527
3.59355723658,1.15484691421
2.34173369754,1.31347911731
3.92859301761,1.11415501788
5.92583083692,0.865213387232
4.44630860033,1.05150472913
2.10746674018,1.34543044285
3.93928067823,1.11286109511
4.58026865011,1.03523672864
6.72202663184,0.75118614017
3.71281854803,1.14032598522
2.04543107257,1.35408019563
4.12002724872,1.09099568287
2.43589825738,1.30091693199
3.65392842695,1.14749010549
4.15089223909,1.08726335707
2.35821830484,1.31126923951
7.40229621224,0.63361356493
5.96490638975,0.859957525251
3.27867543286,1.19348970505
4.74004587133,1.01575669237
4.14548257594,1.08791751846
4.74926236981,1.01462987403
7.20723901041,0.670393165679
4.9141714888,0.994397498677
3.14922380691,1.20954759619
2.79025663651,1.25480791352
6.03811022778,0.850036643505
6.31307190286,0.811788018574
7.50091915891,0.613632523917
3.74491610518,1.13642576747
6.51653013334,0.782286528901
5.31763035122,0.944150569459
3.83357721709,1.12566665883
3.59771265827,1.15434009643
2.32231990079,1.31608771977
5.40376158067,0.933244656085
3.64971301036,1.14800336432
5.31372580805,0.944643240529
4.87784941627,0.998866094987
5.76471797243,0.886615206403
3.15851187327,1.20839143797
2.77748054788,1.25644256136
5.6627621899,0.899955566469
2.47289922478,1.29601994778
2.74227844519,1.26095621735
7.02286866571,0.702579661456
3.61019987248,1.15281749075
5.18754738797,0.960489924106
4.84505674065,1.00289421284
6.38833155932,0.801008303531
5.08958728707,0.972701258327
5.93990935938,0.863322849533
6.92169545364,0.719402146195
4.25551591324,1.07460977927
4.60335184611,1.03242820797
2.30838649127,1.31796402567
7.94398087557,0.503583547668
2.93371281164,1.23657391351
4.79476943379,1.0090604212
6.82718721842,0.734662210813
4.02860042624,1.10205278667
2.96795907968,1.23225171551
4.35630078389,1.06241172371
4.72621395327,1.01744709355
2.23821398864,1.32746736599
5.05540576519,0.976945202559
2.13630963233,1.34143751971
2.26663551695,1.32360729099
1.77777149205,1.39248885316
7.21609353725,0.668790374121
3.2826647137,1.19299667082
4.20786155096,1.08037394751
7.84021886255,0.533708153496
5.8069291284,0.881047750974
2.50971235079,1.2911686292
3.4523426303,1.17211416128
7.1926582147,0.673020139286
5.78681031579,0.883704697497
2.10616403494,1.34561120702
7.43908902682,0.626283811267
6.94001485223,0.716395158827
4.55679651072,1.03809082054
5.3649200422,0.93817191713
4.48255255361,1.04710796086
6.22078219371,0.824813990993
5.75107916646,0.888408393416
6.04469178787,0.849139736591
6.00195879269,0.854948482711
7.92601667505,0.509095943141
5.43531697386,0.929230147518
3.27510319034,1.19393128495
3.5341255227,1.16210321963
6.18313178105,0.830070959468
6.19458704395,0.8284748783
3.23056464344,1.19944396934
6.67066405477,0.759098448489
7.27398842746,0.658164885738
2.30322010325,1.31866062394
6.55107176568,0.777158179777
4.66784125368,1.02457198072
7.16758584478,0.677502275766
4.30685723391,1.06839745011
5.18568021948,0.96072338901
1.73037941949,1.39949830009
6.72505350917,0.750716738755
3.93416667564,1.11348021163
2.00516353597,1.35974182467
4.56239659781,1.03741003396
5.77733189343,0.884954309789
6.79022859617,0.740521479303
5.6746118657,0.8984125604
6.4529217303,0.791635053402
5.37996579213,0.936265105376
4.1276124684,1.09007844463
7.09117157804,0.69090425053
2.69819361281,1.26662951068
4.70097305021,1.02052967578
3.2994842181,1.19091907173
7.36774275409,0.640373177934
2.45896818611,1.29786118506
5.70322692683,0.894678518486
4.83268395307,1.00441255186
4.77833606164,1.01107276515
4.36235851184,1.06167811704
4.72675998643,1.01738037853
3.0174440081,1.22602551729
7.44199062265,0.625699699006
2.06727249804,1.35102497753
6.42010593031,0.796411809526
4.15589501518,1.08665839541
2.20810043067,1.33157410501
4.01079790262,1.10420637512
3.74611381805,1.136280289
6.8778513942,0.726532872692
7.49876243555,0.614081315163
6.58399043302,0.772235295819
5.53732923795,0.916176988376
3.62923447654,1.15049767672
2.98147719104,1.23054864429
5.51600931016,0.918914857216
4.05415694304,1.09896159675
1.75648689728,1.39562836275
2.41195909187,1.30409673988
3.19713542792,1.20359054399
6.63717204451,0.764205753949
2.69172447139,1.26746401748
6.20645266623,0.826818528732
2.70266378529,1.26605316855
1.81777444378,1.38662497178
7.37465880072,0.639029452452
7.86511036805,0.526829645751
5.00986654338,0.982586611623
3.44246320792,1.17332568105
4.58302069577,1.03490198014
2.31147794727,1.31754742469
7.06069136811,0.696148116851
6.0201423461,0.852481001462
1.9011546631,1.37454884152
6.5627600567,0.775414263463
3.96499060488,1.10974910457
3.34359515774,1.18547869592
3.1741227776,1.20644968563
6.96924556082,0.711562225976
7.45093717438,0.623892938046
1.8051033421,1.3884772947
6.63861072164,0.763987184681
5.00674174621,0.982973198813
6.37692860607,0.802651156322
1.92159197215,1.37161759522
3.36335377345,1.18304556546
7.27323976992,0.658303957381
6.85884136919,0.729596679035
4.98123606479,0.986126270711
5.13150125765,0.967485531528
4.46334735354,1.04943813592
3.54186884372,1.16115695689
5.54713246691,0.91491626348
5.43017703746,0.92988477631
7.52820712747,0.607904498248
3.71567750225,1.13997846668
6.40676670949,0.79834484861
2.02789197329,1.35654152805
5.10017261079,0.971385274506
5.31802271965,0.944101052826
5.89912308541,0.868790458359
5.22303291386,0.956047398079
5.31970972124,0.94388813766
7.92322139554,0.50994116765
2.36905861766,1.30981855135
2.91256896188,1.23924811625
4.8352957691,1.00409210646
3.87598294411,1.12052696506
7.21080843646,0.669747738528
4.37020023278,1.06072837582
3.46468132224,1.1706017485
6.28837055018,0.81529458031
6.8498865292,0.731034223278
6.20916284591,0.826439763338
4.93106558846,0.992316475971
2.78694055684,1.25523201489
6.33012851408,0.809357778859
7.5098645922,0.611765010189
7.88356108686,0.521600524899
7.41425874328,0.631245797277
2.3993853213,1.30577060763
6.81207929338,0.737064403049
7.59096051366,0.594358644989
4.77456398463,1.01153449255
4.17238166657,1.08466471271
6.55448642727,0.776649159628
2.75572359652,1.25923056576
2.08375323449,1.34872674518
5.71635147729,0.892962050256
2.61063321617,1.27796975659
3.81571261883,1.127833023
4.86439342927,1.00051967514
5.16996193503,0.962687624666
4.28008098429,1.07163773186
3.26009511347,1.19578740685
5.89695547433,0.869080242757
3.27059593124,1.19448856453
4.72841625472,1.01717800568
5.6303912152,0.904161177101
3.15357264212,1.20900618138
1.81875984707,1.38648111562
6.1434458225,0.835578244193
6.98201266734,0.70943751525
6.48575332302,0.786824876809
1.97803327329,1.363578125
2.88660951779,1.24253745191
5.23465348694,0.95459026285
2.34768451971,1.31268082817
7.56472315467,0.600088453636
5.2827819167,0.948542651276
3.62484649363,1.15103233617
2.81522283866,1.25161886773
6.42550965228,0.795627324493
3.79954549554,1.12979416694
7.33151868258,0.647338696996
6.57468235357,0.773630875319
3.71554487654,1.13999458738
4.25526606317,1.07464000498
7.13508238478,0.683249161727
7.63908609619,0.583579602185
7.54890953006,0.603495212623
6.22039023755,0.824868883509
2.89566657694,1.24138905642
6.74470782773,0.747660113574
4.52289264392,1.04221043321
2.45439712967,1.2984659865
2.67599176857,1.26949567854
7.61615771584,0.588760262695
6.37593735534,0.802793803562
3.56888843502,1.15785707062
7.31409904752,0.650646455624
4.71776900267,1.01847874533
6.1185506418,0.839015804724
6.76831896409,0.743967888569
4.04099070032,1.10055406635
2.06097943674,1.3519041507
4.86983570093,0.999851004038
7.54416383626,0.604510971159
5.04479981195,0.978260341775
1.7549330044,1.39585810587
2.1248320558,1.34302431396
3.52678908558,1.16300000224
7.56280705562,0.600503072694
7.81947848136,0.539296796792
7.90549482461,0.515227098284
1.75417434206,1.39597030112
7.31858960584,0.649796286418
3.00067123844,1.22813337955
6.75047807106,0.746759842927
3.28278804204,1.19298143033
2.66681876829,1.2706816804
3.07174392157,1.2192184084
5.39055875169,0.934921237581
2.68441197659,1.26840794037
2.99934070733,1.22830069766
5.01042667926,0.982517307057
4.88182376834,0.998377504245
6.75236345333,0.746465399503
7.34314211148,0.64511665306
7.5836005389,0.595975950363
7.6274177187,0.586226653991
5.05531993152,0.976955849102
3.26446709812,1.19524654946
6.18515303556,0.82978954629
3.93382390909,1.1135217093
5.27242477568,0.949845838534
5.03025091288,0.98006313997
2.95065796243,1.23443388192
7.74147691372,0.559303151065
2.93335930284,1.23661858821
5.32271489549,0.943508789723
4.52218581053,1.04229628455
2.17923000471,1.33552805748
2.57140123453,1.28308369705
4.81055082367,1.00712668265
6.08607866887,0.843480276808
3.36896639786,1.1823548239
6.79329795705,0.740037078546
6.24014451361,0.822097934242
7.66365202097,0.577932081945
7.3877674569,0.636469973713
5.11239254067,0.969865038405
2.86829454506,1.24486227259
2.39209844798,1.30674184953
4.40391453174,1.05664389111
5.17636067058,0.961888249197
5.93165215995,0.86443208791
6.60745510654,0.768704389223
5.41865083575,0.931351742684
5.70568318055,0.894357466625
6.3637598537,0.804544089438
3.938456397,1.11296088259
7.79258845664,0.546364954852
4.08248670426,1.09553539968
2.07972439639,1.34928800556
6.20409410867,0.827148017493
5.86659388629,0.873130994214
5.84977752092,0.875368065971
7.22683546735,0.666838193388
3.88335624037,1.11963365417
2.41618790783,1.30353436176
6.49164651299,0.785958085125
4.17974822033,1.08377387538
6.94516037889,0.715547556459
3.56340329321,1.15852671951
6.26634392081,0.818408830638
6.51932436373,0.781873059223
4.62348626195,1.02997699706
3.23222573359,1.19923813031
3.97978656775,1.10795853477
2.77529214749,1.25672274402
5.1656463066,0.963226576929
4.68632095049,1.02231787296
3.79498763765,1.13034716716
3.61879215416,1.15177015178
6.87392098519,0.727167688134
3.8531340882,1.12329586436
3.01934019443,1.22578737795
2.15642984667,1.33866254516
2.40464857871,1.30506962893
3.55421038196,1.15964930963
2.71749493653,1.26414272923
4.44424857307,1.05175454092
3.81210555431,1.12827052329
4.05805212509,1.09849049047
6.06749843996,0.846025221573
6.48293903737,0.787238445761
3.11676679857,1.21359297737
7.24445525575,0.663617328367
2.36579529728,1.3102550504
4.44681952461,1.0514427698
4.37013216461,1.06073662026
7.22698717827,0.666810560847
2.29970347634,1.31913505471
5.67239203478,0.898701760746
5.44436368294,0.92807725622
4.00309176429,1.10513867809
5.09703585879,0.971775326645
2.92510412174,1.23766218284
5.94785733097,0.862254022614
7.71901005607,0.564804592783
3.2176554721,1.20104429892
7.68352189119,0.573286600129
7.66146271939,0.57843960774
6.98926753751,0.708226328261
2.27103734957,1.32301081003
4.46765365138,1.04891572806
2.38435761408,1.30777455975
3.8520549917,1.12342665804
2.44852453959,1.29924347329
7.0446507899,0.69888573073
6.35275543524,0.806122400032
2.80148336767,1.2533730156
7.43297538945,0.627511572301
2.31648731241,1.31687273022
5.32804671172,0.94283553339
7.3667257906,0.640570382788
2.06374911144,1.35151710263
4.46784334906,1.04889271435
7.55510045048,0.602165562354
3.95016913129,1.11154302595
6.03640479222,0.850268916812
5.9573820434,0.860971688215
4.3564774574,1.06239032891
3.18437003434,1.2051760677
6.28021944791,0.816448400606
5.1549552586,0.964561073727
5.85880458555,0.874167771232
7.02419050173,0.702356258826
2.32450375354,1.31579394887
4.08490776825,1.09524261262
3.04441728598,1.22264094493
5.31844986541,0.944047145651
6.39251959946,0.800404041061
4.63775794892,1.02823866543
1.98420222896,1.36270424527
5.86768475978,0.872985716935
4.04371492722,1.10022455959
6.95169339403,0.714469476111
2.94990429662,1.23452900517
2.0782717955,1.34949045695
3.20028032039,1.20320011342
4.11913780939,1.09110323813
4.19285234537,1.08218914915
7.55900375887,0.601324550782
5.57529472662,0.911288040289
2.79763835925,1.25386429075
4.8113099442,1.00703363445
3.51981774572,1.16385237812
1.88265209575,1.37721213934
5.28619338873,0.948113188285
1.76776091385,1.39396371372
5.2166678788,0.956845035508
3.99848517712,1.10569601785
3.85176311884,1.12346203538
7.64236044113,0.582832767738
3.18602648316,1.20497026203
5.60617716856,0.907298079274
7.33441899715,0.646785375832
5.71808672675,0.892734926935
4.85361593602,1.00184339285
4.1304411371,1.08973639045
1.98418481026,1.36270671146
3.92841896023,1.11417609184
6.30329927128,0.813177134094
7.81810880642,0.53966154589
2.361823897,1.31078650511
6.06457848312,0.846424545609
7.89005121195,0.519733026621
5.17964199076,0.961478194458
5.51820160458,0.918633573013
4.30224171436,1.06895604784
5.85126849458,0.875169907577
2.66227866005,1.27126907822
6.02601891353,0.85168222793
6.25168493315,0.820474943174
7.04555365978,0.698732034921
3.08863913795,1.21710548436
5.58371856048,0.910200880042
6.60717544818,0.768746580712
3.65379106045,1.14750682993
2.53265504981,1.28815536691
5.20398874809,0.958432901819
4.51983146007,1.04258223184
3.07672902088,1.21859472416
4.02993361668,1.10189151943
2.75562456843,1.25924326804
2.74813372152,1.26020444676
5.0622926317,0.976090807832
7.20440320904,0.670905279377
7.20742670871,0.670359248942
2.30826439402,1.31798048286
3.37789973608,1.1812557748
2.71266489167,1.26476460597
5.51740797136,0.918735407282
2.79136110983,1.25466668726
4.23357045681,1.07726444872
4.53762607914,1.04042060325
2.36408682889,1.31048364565
7.8917404336,0.519244475791
6.86374786333,0.728807490341
7.30581843385,0.652209632604
3.39761906234,1.1788313326
2.57357796915,1.28279940212
6.16377608202,0.832761248137
5.94846496752,0.862172263087
2.50059389421,1.29236838625
7.20763902774,0.670320880203
5.6797307285,0.897745417033
5.24059331811,0.953844999341
2.02435820192,1.35703830349
7.15078989144,0.680480737091
2.07547432754,1.34988047718
6.98378741663,0.709141482002
4.836992181,1.00388395368
3.14004628365,1.21069063907
3.1744416567,1.20641004093
7.2504245583,0.662520775251
7.03530929239,0.700473201
5.44509055723,0.927984586629
4.57413041532,1.03598327321
4.75032522612,1.01449990372
6.40379477648,0.798774853037
5.29157074463,0.947436026982
7.75649443597,0.555564852847
2.84056829148,1.24838836922
2.51461460203,1.29052412633
6.31438636168,0.811600994566
3.08673724464,1.21734321871
3.60440242972,1.15352431673
6.99304943069,0.707593837323
7.48090963414,0.61777490657
5.25683133148,0.95180605514
6.9804484887,0.709698286794
2.90559331333,1.2401313404
3.03114096277,1.22430604785
3.20955919689,1.20204857515
4.73394981163,1.01650179596
3.89543639587,1.11817029309
1.85247457651,1.38157587002
2.00397757322,1.35990915196
2.93039659303,1.23699304853
6.10000274022,0.841568538073
5.56380273532,0.912769755522
3.50208741141,1.16602123225
5.07795157181,0.974146881064
3.95580442091,1.11086092438
5.39551367607,0.934292240065
3.30642792901,1.19006188351
4.14925341221,1.08746153187
2.3464301792,1.31284904419
2.05433079831,1.35283397457
4.93178507787,0.992227811465
1.77354902151,1.39311058149
3.83164320396,1.12590115459
3.64289381787,1.1488337846
2.10610307253,1.3456196671
4.23684731169,1.0768680816
3.15685114005,1.20859811454
5.06650883747,0.97556757346
1.93233173439,1.37008159424
6.77185358581,0.743413221841
5.77153306383,0.885718146902
6.13911971055,0.836176537355
7.36729314767,0.640460375557
5.69432050513,0.895841951364
4.98818395482,0.985267773827
3.64950973691,1.14802811597
4.58501872482,1.03465893209
6.5274087503,0.780675428493
2.33486433723,1.31440138976
7.15691539085,0.679396691789
3.24167612019,1.19806741646
6.38126366192,0.802027005415
5.34320131318,0.940920441602
2.73585624945,1.2617812411
1.96013212776,1.36611927149
6.86852504689,0.728038047911
3.88443151125,1.11950338804
2.02986613057,1.35626412946
2.00581507499,1.35964991346
7.84266838269,0.533039775414
1.73591611679,1.39867581109
3.88744232315,1.11913864732
3.6867931542,1.14349064818
3.63020646201,1.15037925345
6.49656722979,0.785233529031
6.7198558141,0.751522568199
7.79817099235,0.544913286136
7.22409984391,0.66733616357
2.59377113858,1.2801651733
6.19778460849,0.828028834092
5.91259775475,0.866987267601
7.84658133524,0.531968311393
2.39441212011,1.30643337345
6.18835453765,0.829343625592
6.91356035724,0.720732175413
7.60462583886,0.591334446955
6.42778145838,0.795297270619
5.71487979253,0.893154642654
2.04620511671,1.35397173478
3.87735435608,1.1203608043
6.91409119897,0.72064548468
3.43309595747,1.17447485342
2.38621058271,1.30752726332
6.75888135082,0.745446393232
4.41478070443,1.0553270045
7.0766996367,0.693400969239
5.15290208367,0.964817254668
4.7547312189,1.013961067
4.61344196633,1.03119998816
2.82656187804,1.25017274851
6.09148376058,0.842738638294
7.86144207915,0.527855687618
7.01967403083,0.703119182847
7.76698327517,0.552923504566
4.17631856302,1.0841886258
6.27418227394,0.817301945105
2.15388313989,1.33901332045
5.20715865789,0.95803604652
7.86078151995,0.528039984746
7.59666494909,0.593099633711
7.47722990135,0.618531543033
2.12254495797,1.3433408434
3.83234574667,1.12581597157
1.85688001846,1.38093727187
3.41911554763,1.17619081559
5.34850191435,0.940250075062
5.35589803578,0.939314226549
5.26223574205,0.951126925865
3.1145505533,1.21386950636
6.47306503356,0.788687603519
6.99272161962,0.707648691342
6.03673987622,0.850223284163
4.33919246814,1.06448327889
3.20707305102,1.20235705384
3.19811802686,1.20346854916
6.85720375765,0.729859839106
2.37521086554,1.30899612056
6.4819581672,0.787382532538
4.24551197271,1.07581996948
7.61956291355,0.587996181737
5.71959076386,0.892538031935
5.79593104257,0.882500956642
6.68040716923,0.757605089535
6.3317851157,0.809121351438
6.23093790691,0.823390476331
6.43159292939,0.794743203796
4.43186643177,1.05325588171
4.60438360883,1.03230263258
4.43716007383,1.0526140655
5.8146370441,0.880028170703
5.8779246864,0.871621060096
1.958210892,1.36639247293
3.07331327222,1.21902204515
5.25636059098,0.951865197023
7.2179091776,0.668461008809
7.65568950624,0.579773941882
6.31958054964,0.810861529241
1.93130683915,1.37022804634
3.49852776874,1.16645683805
5.81508649881,0.879968689682
5.92870859529,0.864827227088
7.4976826012,0.614305805607
5.21926755448,0.956519297694
5.85179670474,0.87509969702
7.28031790334,0.656987304366
7.92399059724,0.509708906043
7.61659716349,0.58866175897
4.52885553064,1.04148613083
2.1794041967,1.33550415092
4.81392171723,1.00671347787
4.15756423767,1.08645654357
1.81965729135,1.38635012469
2.36472753568,1.31039791246
2.55234966914,1.28557478227
4.81552007455,1.00651753107
4.26838839296,1.07305245114
2.32948376194,1.31512435436
1.75928066179,1.39521549112
6.94956204923,0.714821428692
3.86728162311,1.12158130166
2.33867463245,1.31388972254
4.74446393149,1.01521658315
4.25833015991,1.07426932093
6.85248648945,0.730617216256
4.01649991738,1.10351656851
5.11833223772,0.969125697281
2.62053434821,1.27668242651
6.67395208855,0.75859486894
4.30520129581,1.06859786458
2.55677313083,1.28499593725
7.3398113271,0.645754634857
4.75904521561,1.01343339574
2.7327383835,1.2621819524
3.76538389642,1.13394021735
7.87148345034,0.525036505803
2.8699837029,1.24464771364
4.12910459257,1.08989801083
6.42846466019,0.795197984897
3.57942519151,1.15657104613
5.50581619849,0.92022195866
6.16029340719,0.833244445191
2.696074013,1.26690287801
1.98106592043,1.36314841089
7.6779651983,0.574592949579
7.88157361409,0.522169418009
2.45391265443,1.298530107
6.24283341779,0.821720058473
6.18000518429,0.830506088319
7.43684255681,0.626735419656
6.34903318275,0.806655547749
5.26066395897,0.951324466238
3.92691374807,1.11435833695
5.62011625197,0.905493211329
6.1875971276,0.829449141862
7.00698435064,0.705256691908
7.78150546693,0.549223521072
7.5849191655,0.595686773571
6.17763951308,0.830835175887
3.71910850939,1.13956144506
7.53621091631,0.60620649073
5.77311204355,0.885510209449
6.29472091029,0.814394535356
2.96784095694,1.23226660463
5.14532126614,0.965762848362
2.78959446857,1.25489258987
4.54804367166,1.03915468823
4.59921902063,1.03293117638
6.90484407843,0.722153670174
7.14124026416,0.682165780019
6.63770105668,0.764125392868
2.06780620013,1.35095045769
3.94469853977,1.11220523207
2.9370435849,1.23615304628
2.77028448388,1.25736408511
4.98816126165,0.985270578351
4.15609925859,1.08663369716
1.78364281473,1.39162523344
3.64887934417,1.14810487684
6.824850559,0.735034390109
2.83590112296,1.24898271953
3.40473226692,1.17795730735
6.29704605252,0.814064741695
2.9337935043,1.23656371614
4.83192943211,1.00450511798
2.78743639939,1.25516859252
3.70925502457,1.14075918198
6.21317993911,0.825878041833
2.25469901019,1.32522659524
6.77722753096,0.742568943518
6.54083803481,0.778681483612
6.09491462844,0.842267578551
5.25783241046,0.951680277173
4.33838600437,1.06458091855
4.84994099862,1.00229461564
2.34560120483,1.31296023046
3.53482946335,1.16201718464
2.93534736372,1.23636736265
6.61357262536,0.767780785538
1.78359766783,1.39163187021
7.20653405645,0.670520526759
3.09604071536,1.21618057691
4.97205317451,0.987260456921
5.40879763791,0.932604667856
6.9818487275,0.709464852486
4.39700726063,1.05748087478
2.89986415829,1.24085710273
5.88025965366,0.871309641019
3.32847763776,1.18734186589
2.41989636047,1.3030414231
5.25390117907,0.952174155298
5.56339144029,0.91282275563
7.22031474361,0.668024254031
5.60392959845,0.907588867553
5.76099656938,0.88710475724
2.19206934267,1.33376759071
5.19185167973,0.959951619484
3.88554703877,1.1193682471
3.22005911506,1.20074623532
7.80938778795,0.541971866744
3.84233595001,1.12460477738
1.83798666614,1.38367981278
3.24168271951,1.19806659915
7.06451665608,0.695493046006
5.73514485779,0.890499934332
4.54442421396,1.0395945501
6.90766787392,0.72169355156
7.39594499167,0.634864814106
3.39217832988,1.17950004189
6.84671959675,0.731541758192
5.5697079541,0.912008571457
5.48194174458,0.923278795716
2.94920710116,1.23461700589
7.68064280615,0.573964168284
3.53455993353,1.16205012608
3.89613357021,1.11808584677
5.37393523938,0.93702965699
4.71808195649,1.01844051971
7.1823118769,0.674875040324
3.56552796968,1.1582673154
4.41171647736,1.05569838588
2.88685013928,1.24250693139
2.83644482436,1.24891346873
4.90163434731,0.995940753446
5.25287087344,0.952303569246
1.93221267671,1.37009860556
7.51132867146,0.611458419734
2.01773934852,1.3579695674
5.80165780559,0.881744496699
4.56504655514,1.0370878527
3.98468088678,1.10736629081
4.06247037233,1.09795613155
5.3991299156,0.933833020556
1.78017048203,1.39213585808
3.98446501907,1.10739241164
3.56725604549,1.15805634651
2.92591919728,1.23755911391
7.57521404439,0.597809239377
7.33708667872,0.646275775054
4.5994559754,1.03290234034
4.99930399475,0.9838931083
1.92019295804,1.37181790211
3.94274903217,1.11244122646
5.09034490783,0.972607097163
2.45507544995,1.29837621667
6.28753059093,0.815413554776
6.72425769906,0.750840185512
6.81192752179,0.737088485216
3.52980148679,1.16263174718
3.20237363079,1.20294027338
3.0795193496,1.21824571693
2.62641981527,1.27591782541
7.34300531564,0.645142874781
2.90182288666,1.24060893641
4.628770925,1.02933339522
6.30595681422,0.812799617661
7.7407525552,0.559482203849
4.67307101674,1.02393420317
4.23975442889,1.07651643133
5.56505653634,0.912608176032
6.0453915415,0.849044327922
4.1692083534,1.08504845685
3.7750719078,1.13276412309
6.92269167574,0.719239049387
6.88282775919,0.725728094193
5.09911819209,0.971516398611
5.189689301,0.960222070653
6.43169351059,0.794728576933
5.84763004964,0.875653413536
2.14931009527,1.33964353454
6.91157937101,0.721055566093
1.92980202737,1.37044312494
3.15537485296,1.20878185443
7.21356194779,0.669249211546
2.49645676783,1.29291313516
4.23645425824,1.0769156256
2.81290085687,1.25191517401
4.85606791034,1.00154229015
2.83042856894,1.24967993131
7.68915228791,0.571957075849
5.17521283784,0.962031669034
5.36509546506,0.938149698155
3.02579261634,1.2249772651
6.2959557958,0.814219398196
4.76267883516,1.01298887959
7.4360965213,0.62688527567
5.49924839816,0.921063536278
4.95888677422,0.988885723625
5.49207235221,0.921982486989
4.40744237641,1.05621637194
4.48363627806,1.04697644527
3.53007360986,1.16259848311
4.37288694881,1.06040295374
6.08652328997,0.843419292113
3.14687732477,1.20983978475
3.25170006752,1.19682631215
5.22453986092,0.955858503535
2.42859178671,1.30188646777
2.19941284036,1.33276216944
3.94408406,1.11227961634
6.62993810926,0.765303662631
7.74980723719,0.557235707304
4.39982792252,1.05713909397
7.30672834929,0.652038148855
4.2037456272,1.08087173469
4.77898150113,1.01099375232
7.09859448321,0.689618684974
5.74471984149,0.889243562996
7.59755718267,0.592902272108
7.41715369798,0.630670597535
5.83965363189,0.876712641112
7.04245729879,0.699258934598
5.00506206017,0.983180976078
4.29418141279,1.06993149343
5.52006696913,0.918394191584
7.74233210065,0.559091611731
1.82549639983,1.38549841393
6.1096553491,0.840240941005
3.02003809858,1.22569973717
6.37181419844,0.803386870567
4.4596176488,1.04989056065
6.39195735336,0.800485191181
4.86415038743,1.00054953301
7.13200092823,0.683790366862
7.41596741636,0.630906404663
2.70260277159,1.26606103343
4.99974719983,0.983838302365
4.90613047281,0.995387408721
2.36381265763,1.31052033473
4.15555692171,1.08669927953
2.17637304056,1.33592024231
3.92513424909,1.11457379593
4.64142229626,1.02779221896
4.96418747762,0.988231532487
7.66526151133,0.577558429826
7.28290859803,0.656504374628
3.1306083413,1.21186679264
5.93823457369,0.863547929724
6.0466973815,0.848866256374
6.11568933883,0.839410066645
2.91876539012,1.23846395811
4.09517966443,1.094000421
7.21517997299,0.668956007115
4.88464666967,0.998030414946
3.86610283302,1.12172414631
3.94247518723,1.11247437672
4.36270505325,1.06163614819
4.99713168063,0.984161714155
7.61505705128,0.589006847703
6.43897076082,0.79366953384
5.91608716796,0.866519807512
3.43336427585,1.17444192987
5.62653274867,0.90466154505
4.83793614421,1.00376812123
3.8705040647,1.12119082277
2.86586574326,1.245170834
7.21775104155,0.668489705048
6.65706598172,0.7611769015
3.7029045925,1.14153126346
5.09292564474,0.972286317725
7.08005601943,0.692823049493
3.06495697086,1.22006785477
4.02667612278,1.10228555931
7.15627105195,0.679510840429
7.71222622368,0.566445147497
2.82552877473,1.25030444692
7.35887470908,0.642089562166
2.44567811461,1.29962051281
5.0767008424,0.974302213352
4.05691397419,1.09862814428
5.89148843076,0.869810771956
7.68670624815,0.57253539603
6.2204162792,0.824865236547
4.38554927948,1.05886909235
2.96607535769,1.23248917014
2.05260809486,1.35307506184
7.85770393324,0.528896782448
3.83279523537,1.1257614718
5.91276853825,0.866964393395
4.62702329904,1.02954624385
3.55210056522,1.15990699962
3.33769963757,1.1862051312
5.5254015252,0.917709385097
3.74186300359,1.13679662624
4.13487214149,1.08920057572
4.60349469972,1.03241082153
7.49735831589,0.614373194881
7.80195672552,0.54392425519
2.30659198611,1.31820592948
7.75661433579,0.555534802392
6.7001327696,0.754570948756
4.88213773013,0.998338903322
7.60155657238,0.592016137927
6.56110505939,0.775661459924
2.8395134984,1.24852267365
2.34592815312,1.31291637707
6.599220784,0.769945575729
4.40911746013,1.05601336976
6.52828525833,0.780545459349
5.45745575744,0.926407258003
7.54415096947,0.604513721051
4.99631774743,0.984262348772
4.8164842852,1.00639931978
2.91719251491,1.23866296959
4.34661049914,1.06358512312
5.32743392087,0.942912925271
2.20741027532,1.33166843219
5.00070554997,0.983719790134
6.97516562885,0.710578065438
3.97826898961,1.10814217675
2.33312713164,1.31463475521
2.50504183437,1.29178299617
6.52187379113,0.781495603026
6.86574819501,0.72848543144
3.40068510169,1.17845456344
7.79808261314,0.544936330738
2.78090589747,1.25600412057
2.55407189429,1.28534938251
7.8658217429,0.526630160018
2.75778202797,1.2589665577
2.066181241,1.35117736772
3.87626491399,1.12049280121
2.83940192516,1.24853688072
6.55589125162,0.776439635307
4.3565075115,1.06238668942
5.21320867193,0.957278382913
6.72152870236,0.751263324105
5.6800765362,0.897700334866
7.51825600145,0.610004155636
4.2500922202,1.07526590091
4.36790536946,1.06100632611
3.7448812994,1.13642999517
3.59309952145,1.15490274377
2.79242894932,1.2545301583
6.80652335631,0.737945343542
5.18077064941,0.961337129774
7.3228364872,0.648990642919
2.0170396885,1.35806806901
2.59907784037,1.27947383358
1.8969090755,1.37515915174
1.92858221358,1.37061751237
4.40925283058,1.05599696407
3.8221373975,1.12705383577
5.88217007802,0.871054776856
4.93676804674,0.99161366263
3.40860135358,1.17748201387
5.94187093483,0.863059164148
6.27818499694,0.816736132902
7.50773065743,0.612211398914
6.19759209733,0.828055694911
4.55653319036,1.0381228293
2.54293140335,1.2868081637
6.49544307968,0.785399120011
4.99863163567,0.983976248549
7.02336544129,0.702495713176
2.42271080892,1.30266746597
5.30771536068,0.945401350399
5.06023526998,0.976346082218
7.09146117929,0.690854158206
6.17175918192,0.83165265398
6.40368291045,0.798791034019
3.66728345955,1.14586443396
3.66459102119,1.14619212813
6.18512080028,0.829794035021
2.01470818698,1.35839639296
1.93888025398,1.36914648157
3.12410377326,1.21267779295
6.17386375831,0.831360164831
4.92765862915,0.992736282372
5.74052412384,0.889794263352
3.90118572798,1.11747392079
2.51470605717,1.29051210601
2.18832303915,1.33428092335
4.91750044751,0.993987568726
5.87247297586,0.87234781462
4.66137273295,1.02536068049
2.85350097103,1.24674264282
2.99363598286,1.22901826474
3.70391921592,1.14140789783
2.8616780186,1.24570299794
2.13566948187,1.34152594822
4.63686165733,1.02834785784
4.7497076579,1.01457542305
3.11159722255,1.21423806474
5.96051749551,0.860549201881
3.33966295685,1.18596319162
4.14954142756,1.08742670369
2.10955617428,1.34514058845
4.58078429623,1.03517400923
3.80198567275,1.12949812324
7.56204389908,0.600668068009
3.613428692,1.1524238876
3.22838683148,1.19971386829
6.45067566962,0.791962975607
