w,z
1.2675073099,1.06482115045
1.41151150712,2.15239194561
1.45973665784,2.42664807068
1.87679157013,4.30221580174
1.42195973225,2.21388645726
1.94159029624,4.555558089
1.62804871091,3.2560985799
1.95137071023,4.59330285311
1.4439734145,2.3395490481
1.38721495657,2.00401250716
1.30485496035,1.41604112812
1.23819176601,0.683835324474
1.50498568058,2.66557876161
1.46920431376,2.47792690656
1.63438111839,3.28474449843
2.03270486822,4.90278960237
1.98056319319,4.7052589915
1.72498391207,3.68103659767
1.7375720097,3.73434672784
1.57761063216,3.02253941655
1.92442315125,4.48900622335
1.8822795014,4.3239058278
1.62568303695,3.24536085611
1.54406336166,2.86110934146
1.98061402144,4.70545303247
1.49768736345,2.62803263248
1.27660358972,1.15919431077
1.89435080572,4.37145658479
1.73682560773,3.73119624337
1.83357654391,4.12974740456
1.38320734016,1.97872905074
1.37534740487,1.92839876348
1.63256636907,3.27654937014
1.36125185441,1.83544914094
1.81364268145,4.04912676303
1.64965093192,3.35326018538
1.94086563602,4.55275659705
1.34043642014,1.6908075323
1.64739697177,3.34319520434
1.69912719781,3.57030041582
1.63303347558,3.2786598382
1.38061003412,1.96220869696
1.29546991048,1.3356036824
1.84172350574,4.16249676705
1.85413503532,4.21217422255
1.83237437926,4.12490525444
1.63184855864,3.27330470453
1.76415822461,3.845738107
1.91252119984,4.44263389441
1.67957111922,3.48536681239
2.02854548944,4.88714029566
1.78849634031,3.94637818345
1.36997957589,1.89342774905
1.2728195095,1.12081905267
1.43276070959,2.27616829989
1.94529317012,4.56986263221
1.4068396697,2.12447010552
1.66068962603,3.40231868428
1.73803611226,3.73630499853
1.97267117619,4.67509367697
1.83984888825,4.15497116368
1.91978546956,4.47095993194
1.38055662672,1.96186786288
1.86602901078,4.25954429643
1.84008075335,4.15590230306
1.64579259977,3.33602085099
1.39930530871,2.07885061282
1.56303453745,2.95305856501
1.74046993497,3.74656623935
1.28434467557,1.23431406985
1.34080231752,1.69343670756
1.30810144841,1.44295148098
1.87096866193,4.27915142598
1.71102666207,3.62147469505
1.23592722604,0.645613138853
1.44172638856,2.32694660281
1.91374316703,4.44740388324
1.3971882452,2.06589564885
1.97769441833,4.69430230117
1.2524713259,0.888929142069
1.64889906984,3.34990460377
1.87902501495,4.31104859924
1.75391354524,3.80300153951
1.88802317744,4.34655802174
1.74139770199,3.75047417845
1.31427426793,1.49295750851
1.79054755204,3.95480516076
1.8052382074,4.0149195046
1.39528564018,2.05420020009
1.70783527714,3.60778627573
1.74042998685,3.74639792521
1.96749836124,4.65528163735
1.65209995564,3.36417760724
1.89613818061,4.37847909666
1.81219962895,4.04326267181
1.94695764497,4.57628693802
1.4184778073,2.19353448183
1.68118283458,3.49240716832
1.80643925278,4.01981597621
1.74417753034,3.76217148807
1.53140205084,2.79871095994
1.83702957885,4.14364186698
1.79857078774,3.98768782059
1.92476160507,4.49032208668
1.41184724357,2.15438811921
1.44492044122,2.34484600884
1.58174076809,3.04205345151
1.53794658479,2.83107179798
1.56647035529,2.96952429807
1.69844386868,3.56735036403
1.47652734021,2.51709503628
1.62003812104,3.21965776515
1.65627747203,3.38275621691
1.5545682858,2.91224467983
1.69383252095,3.54740943859
1.41325247087,2.16272825374
1.25844745343,0.962439097971
1.58013744222,3.03448691726
1.83785480672,4.14695942088
1.45393433462,2.39484660129
1.50054099798,2.64275487613
1.90377066707,4.40841485654
1.29351553809,1.31831203975
1.55254783475,2.90245282105
1.22134127452,0.302900341365
1.35359935103,1.78338151794
1.35090386508,1.7647472795
1.68495601412,3.50886032663
1.62948167537,3.26259314242
1.32880146074,1.60535398066
1.79549393731,3.97509236146
1.87249359108,4.2851966899
1.74665064618,3.77256330318
1.48376424136,2.55539972817
1.76391964896,3.84474545483
1.6385067686,3.30333329454
2.00359066391,4.79286441279
1.62480605883,3.24137521955
1.99478488846,4.75943492545
2.03071326886,4.89529862307
1.957195804,4.61572581882
1.49496214376,2.61392186688
1.4699184613,2.48176519323
1.62260246835,3.23134830746
1.59698831049,3.1134660934
1.6725516896,3.45461648313
1.43575199036,2.29319946237
1.93149943798,4.51648597002
2.01486321714,4.83553353435
1.47497068089,2.50880400098
1.41875345307,2.195150693
1.63364540455,3.28142349779
2.00817437175,4.81023152458
1.96257183539,4.63638284711
1.40122542242,2.09054777064
1.80045494557,3.99539185504
1.87847207876,4.30886256316
1.72287233022,3.67205665743
1.37346834882,1.91621394062
1.41090423003,2.14877778244
1.80354899599,4.0080282584
1.34795140331,1.74415144017
1.69403833317,3.54830066611
1.79942103156,3.99116518049
1.76918834345,3.86663889606
1.49208649934,2.59897725611
2.01860572167,4.84966928193
1.52938525912,2.78869089021
1.45695348397,2.41143054086
1.38348615577,1.98049612331
1.46439841764,2.45198973863
2.04138155598,4.93537750889
1.49219433225,2.59953868932
2.02438585111,4.87147194774
1.34129598304,1.6969786462
1.96329672425,4.63916546799
1.95168928951,4.59453028135
2.02869410554,4.88769976116
2.00646607007,4.80376167979
1.27967304295,1.18949343239
1.34241765697,1.70500387038
1.76403716183,3.84523441104
1.95793164052,4.61855532469
1.82686106686,4.10266612682
1.756504398,3.8138311688
1.44329519831,2.33575037116
1.57130298471,2.9925912983
1.8108749865,4.03787638074
1.82338721761,4.08862611729
1.83917435109,4.15226179272
1.44303876744,2.33431296145
1.67984219927,3.48655147632
2.02816792344,4.88571884422
1.63693349956,3.29625151316
1.44446292302,2.34228805552
1.90084873962,4.39696449956
1.92016352718,4.47243213472
1.98076563816,4.70603182359
1.40853815929,2.1346528734
1.40379341591,2.10611502692
1.93895769672,4.54537737417
1.97639780092,4.68934696268
2.03975119499,4.92926006754
1.3925569467,2.03733766463
1.97547606092,4.68582310137
1.23127372446,0.559184701753
1.24845081292,0.836062579365
1.31908108028,1.5309229511
1.31290854156,1.48201903056
1.96370553155,4.64073446802
1.45071020255,2.37704736039
1.66082624021,3.40292343304
1.57080064562,2.99019853259
1.64638861459,3.33868706477
2.01217025624,4.82535266715
1.46548343834,2.45786201115
1.69400416881,3.54815273234
1.57590722426,3.01446932249
1.79189883692,3.96035210143
1.33196842494,1.62898332173
1.33833128717,1.67561492114
1.22538230373,0.425936564537
1.83616891107,4.14018059593
1.97705385808,4.69185449244
1.78783539175,3.94366103888
1.70302826977,3.58711817577
1.67504143267,3.46553988072
1.88694237714,4.34229927086
1.26469738561,1.03407513079
1.33379747761,1.64250061942
1.81564827115,4.05727047578
1.80042277707,3.99526037998
1.67900815829,3.48290590557
1.473201014,2.49935572491
1.38304787048,1.97771781718
1.81082552015,4.03767517674
1.39203048252,2.03407200188
1.3855435612,1.99349802045
1.7322845709,3.71200071563
1.46012682347,2.4287760668
1.38559261298,1.99380720625
1.39007531265,2.02190877805
1.64788767453,3.34538782633
1.24162509432,0.738139049759
1.75809165996,3.8204585483
1.64360855988,3.32624077621
1.99180404588,4.74809894554
1.66570165156,3.42446781756
1.86021415037,4.23641382026
1.45726386535,2.41313092172
1.6194412141,3.21693310471
1.42926212604,2.25613127737
1.34998113572,1.75833157258
1.86697538656,4.26330374219
1.90629897619,4.41831291017
1.46275969811,2.4431023044
1.63454991542,3.28550618288
1.49084732711,2.59251968589
1.60270341819,3.13998765341
1.6302727339,3.26617533296
1.71222014315,3.62658701847
1.69549273578,3.55459536929
2.02518087983,4.87446803251
1.82102377177,4.07906166015
1.74399321527,3.7613964533
1.61835655692,3.21197870324
1.60677269611,3.15879300533
1.55206029014,2.9000869587
1.68061237598,3.48991612152
2.02038975582,4.85640245044
1.4123555699,2.15740783968
1.3272435097,1.59362217994
1.36175832397,1.83885333376
1.50145466751,2.64745720033
1.57826259548,3.02562477475
2.0188771693,4.85069397832
1.33235655201,1.63185951264
1.99322697536,4.75351152531
1.43412465543,2.28394540966
1.60313111129,3.14196719663
1.3253336248,1.57914032807
1.69286599632,3.54322255419
1.87583432088,4.29842775083
1.52301434523,2.7568868145
1.89197759363,4.36212513997
1.30191828181,1.39130968678
1.42134551918,2.210306359
2.03164395045,4.89879969654
1.58786717627,3.07086385923
1.52219600503,2.75278466076
1.26526852731,1.04039253
1.4593707316,2.42465109848
1.48996422006,2.58791109189
1.55020694713,2.89108255031
1.79491221572,3.97270895448
1.44924206549,2.36891119142
2.0056678392,4.80073744388
1.34302166726,1.70931253179
1.53030099534,2.79324338039
1.86222045595,4.24440062463
1.60845947824,3.166569294
1.29380571824,1.32089210993
1.79356772449,3.96719783857
1.63490643755,3.28711464152
1.72980499663,3.70149855585
1.95351948802,4.60157923684
1.76527999518,3.85040387354
1.49150542327,2.59595048657
1.24367057569,0.768736321688
2.05621513195,4.99091349876
1.93492427705,4.52976198024
1.90757071588,4.42328821402
1.29874443719,1.36414132515
1.56717531089,2.97289588797
1.82891559086,4.11095971391
1.78910821438,3.94889281171
2.01036962355,4.81854090414
1.48502867267,2.56205257909
1.92479611097,4.49045623233
1.50765504531,2.67922490572
1.85142721414,4.20135783623
1.23181362204,0.569866978561
1.25206027968,0.883661756491
1.84513435384,4.17617431922
1.31422225801,1.49254220745
1.71843341715,3.65314337706
1.34970712985,1.75642275263
1.76813965611,3.86228589544
1.56843773074,2.97892790644
1.93609021485,4.53427809338
1.25198197228,0.882654912124
1.31232907367,1.47735690139
1.53916821589,2.83708669566
1.59585803681,3.10820542407
1.55346602858,2.90690524043
2.05221048887,4.97594192221
1.31846403786,1.52609454886
1.31527783603,1.50095173499
1.98500082008,4.72218864507
1.3839329025,1.98332496547
1.35071160002,1.76341203079
1.53959206488,2.83917172093
1.87466538389,4.29380009661
1.52945156291,2.78902067078
2.04498234873,4.94887887188
1.89434470776,4.37143261823
1.83933845855,4.15292102409
1.3249785971,1.57643595224
2.04392510258,4.94491602818
1.65386327543,3.3720263541
1.88193821695,4.32255829561
1.34676476017,1.73581761806
1.87247281386,4.28511434716
1.73727609579,3.73309786238
1.55757433631,2.92677590419
1.23762849459,0.674524061598
1.86308145939,4.24782618185
1.51749814642,2.72915912303
1.51732245982,2.72827304948
1.89301260694,4.36619581504
1.93179700794,4.51764008064
1.55254848648,2.9024559828
1.67014105394,3.44402270057
1.96048761584,4.62837859862
1.90658089036,4.4194160125
1.21937992457,0.219844551388
1.62524209938,3.2433572534
1.51579612966,2.72056720479
1.95910902643,4.6230813239
1.2602683153,0.983811038485
1.32004008623,1.53840161929
1.88875321849,4.34943367084
1.5834018033,3.04988059639
1.58589917328,3.06162644784
1.80104154785,3.9977889959
1.38652234201,1.99966054823
1.60959907002,3.17181677665
1.37568117702,1.93055681529
1.49885605198,2.63406859598
1.64639828923,3.33873033375
1.49938705969,2.63680809574
1.69152013042,3.5373881377
1.43969608076,2.31551764304
1.92081732866,4.47497765851
1.83675824863,4.14255081949
1.75521847215,3.80845791696
1.73578683594,3.72680952049
1.93476413012,4.52914153219
1.56232842298,2.94966770878
1.72740724376,3.69132889799
1.92819292316,4.50365391122
1.49105006941,2.59357694856
1.28872236934,1.27502615841
1.49629848178,2.6208474999
1.56349074301,2.95524807004
1.29066565722,1.29273076829
1.61787561071,3.2097804961
1.48453013256,2.55943088081
1.58016205389,3.03460315101
1.45429471897,2.39683038101
1.26101407437,0.992440115636
2.01544149312,4.83771871309
2.00372105175,4.79335875664
1.27679412456,1.16109598872
1.48158338604,2.54389758993
2.04115255811,4.93451842583
1.88051895821,4.31695258805
1.63498479114,3.28746807726
1.4846571729,2.56009912561
1.38690184586,2.00204601677
1.21727287013,0.0420360409817
1.98485365708,4.72162758138
1.67623816484,3.47078390536
1.40885050032,2.13652146742
1.33743963944,1.66914552609
1.26851556919,1.07565546313
1.49227014319,2.59993335145
1.26724515556,1.06198747154
1.56741259706,2.97403023722
2.02832798194,4.88632144681
1.53296862671,2.80647859617
1.73775655866,3.73512548849
1.65703070562,3.38610018915
2.02965374619,4.89131177493
1.40404544995,2.10763819815
1.50951838982,2.68872376665
2.00871852173,4.81229171021
2.04644042434,4.95434228921
1.44587688719,2.35018704947
1.6588238151,3.39405352248
1.74589742404,3.76939980554
1.94341802353,4.56262096664
1.44398128576,2.33959310916
1.75123527684,3.79179088156
1.6706151607,3.44610757525
1.93337410025,4.52375480452
1.56381259167,2.95679215352
1.27742025764,1.16732542662
1.87521927975,4.29599315285
1.95198233121,4.59565920526
1.64113266477,3.31513467003
1.49355738448,2.60662849815
1.6789466915,3.48263715658
1.78920031763,3.94927126566
1.29381033405,1.32093311433
1.77117979898,3.87489886188
1.78786574106,3.94378582319
1.59749066241,3.11580254877
1.81401326707,4.05063208369
1.61736557104,3.20744838336
1.76253741894,3.83899194503
1.65224953114,3.36484377093
1.57708925814,3.02007071091
1.94815801155,4.58091775676
1.75019609187,3.78743676579
1.94172705462,4.55608671252
1.56744655962,2.9741925743
1.27341166761,1.12690291493
1.48802654124,2.57777983868
1.6456774528,3.335505618
1.62284075097,3.23243339845
1.47114100081,2.48832647607
1.9748891777,4.68357889124
1.26356476188,1.02144018188
1.23060067374,0.545581861103
2.05109133377,4.9717550699
1.79785283446,3.98475042585
1.90056505369,4.39585214976
1.72632748215,3.68674473209
1.26198760246,1.00360060091
1.86363011626,4.25000843325
1.99558588478,4.76247935517
1.78644626805,3.9379475514
1.29991932866,1.37425335289
1.933486683,4.52419118654
1.2986824463,1.36360595583
1.4205503684,2.20566529216
1.2595621224,0.975574186094
1.87855999887,4.30921018686
1.75158338017,3.79324887114
1.44891955798,2.36712126893
1.66813187487,3.43517992026
1.97177401827,4.67165983359
1.87530121343,4.29631751521
1.89130269012,4.3594699186
1.59161361149,3.08840394831
1.65494822157,3.37685066337
1.66723189754,3.43121501835
1.84614715698,4.18023191809
1.69282057521,3.54302573177
2.00751531093,4.80773584521
1.31463295942,1.4958189795
1.40313423176,2.10212731589
2.01063989486,4.81956356086
1.37798486372,1.94540051451
1.25988177799,0.97931057686
1.73087175785,3.70601859337
1.24907428589,0.844466229746
1.97446706831,4.68196451486
1.22165400621,0.31413020044
1.6404310827,3.31198386858
1.64074643621,3.31340032359
1.33567870117,1.65630750902
1.74947228515,3.78440263317
1.75379020344,3.80248560735
1.960983071,4.63028183015
1.94222281213,4.5580028033
1.77574261095,3.89379281463
1.84462238818,4.17412257554
1.24474059562,0.784286047957
1.59579881854,3.10792965982
1.29749697718,1.35333214287
1.2995896555,1.37142253387
1.52203260948,2.75196512793
1.37871344826,1.95007673489
1.59402424443,3.09965930329
1.72397853976,3.67676240678
1.98074742724,4.70596230552
1.35272401511,1.77734756454
1.90824519295,4.42592598049
1.8791291963,4.31146042868
1.70433033842,3.59272250151
1.59176788938,3.08912499609
1.378324208,1.94757959223
1.57919238894,3.03002170517
1.89423773235,4.37101216835
1.40562527756,2.11716714431
1.95856845677,4.62100352807
1.35812691129,1.81433217957
1.94038559114,4.55090039965
1.82147089905,4.08087187419
1.22162575915,0.313132308493
1.50914759734,2.6868353023
1.31025731676,1.46058385237
1.76815664571,3.86235643616
1.39620598644,2.05986393572
1.81350400976,4.04856341314
1.69380493993,3.54728999587
1.96538525347,4.64717909432
1.60555656687,3.1531796682
1.62455564107,3.24023663154
2.0471161594,4.95687354925
1.49882175252,2.63389157848
1.57806265265,3.02467876225
1.82229738737,4.08421700423
1.58180379354,3.04235065801
1.28709223156,1.2600036557
1.29673380377,1.34668167343
1.95077042741,4.5909897253
1.24935398932,0.848210585281
1.86671655314,4.26227567527
1.76701459058,3.8576132696
1.392099113,2.0344979445
1.53102115629,2.79682029278
1.90562857694,4.41568925288
1.28976306569,1.28453460821
1.90658050044,4.41941448687
1.99809610521,4.7720155277
1.82825640187,4.10829954572
1.74168457603,3.75168214615
1.31792031524,1.52182906304
1.87369298982,4.2899489252
1.52336215165,2.75862910862
1.22331891001,0.368234651807
1.50837205619,2.68288263802
1.36795725535,1.88011983346
1.61221904344,3.18386220923
1.41729214354,2.18657247775
1.95117318671,4.5925417667
2.00763777318,4.80819961158
1.34227731117,1.70400144248
2.04977081984,4.96681331982
1.48880923315,2.58187538167
1.87712499275,4.30353490068
1.52340276916,2.7588325313
1.91939285783,4.46943084736
1.57958939893,3.0318979838
1.4659660661,2.46047094606
1.28706602695,1.25976086086
1.82845097734,4.10908483765
1.60338526801,3.14314320009
1.94250226053,4.5590827252
1.62485622021,3.24160326407
1.81184105881,4.04180496568
1.82867381308,4.10998410422
1.23461132676,0.622359503878
1.3551320859,1.79390756727
1.97515459954,4.68459390078
1.79732371874,3.98258499541
1.70594857193,3.59968144755
1.37968644383,1.95630804727
1.47769580742,2.52330631696
1.43227278242,2.2733815196
1.48715211191,2.57319911135
1.92187341705,4.47908822682
1.87276348547,4.28626625438
1.81205325439,4.0426676395
1.75084414455,3.7901523471
1.97428609758,4.68127231937
1.90934690656,4.43023322251
1.26470547822,1.03416489272
2.04965311312,4.96637274265
1.33788111326,1.67235125072
1.60369220545,3.14456308624
1.72046016939,3.66178500909
1.67985721472,3.48661709008
1.51654958727,2.72437287269
1.28411709487,1.23216466813
1.88189715014,4.32239613501
1.9327808469,4.52145501941
1.40293872173,2.10094349021
1.70723767438,3.60522012176
1.40613315533,2.12022364956
1.60246210029,3.13887041521
1.41196868472,2.15510982809
1.63945800265,3.30761103689
1.51993581108,2.74143444252
1.67158234879,3.45035869054
1.53545934977,2.81880066803
1.38187044319,1.97023904238
1.51813836101,2.73238647418
1.66165806012,3.40660439812
1.79881171921,3.98867333228
1.70059697296,3.57664146005
1.9385577342,4.54382986485
1.9664227857,4.65115810458
2.05206981806,4.97541572914
1.65060006235,3.35749357282
1.24971623702,0.853036760523
2.01740243626,4.84512601249
1.61979154102,3.21853237602
1.93601030919,4.53396864567
1.51304288026,2.70663138638
1.44810251514,2.36258238423
1.76705106322,3.85776478998
1.96795577564,4.65703484521
1.79785411493,3.98475566558
1.81329796631,4.04772630211
1.71053703265,3.6193762917
1.95637554053,4.61257087576
1.79626193273,3.97823795694
1.40331246159,2.10320607186
1.51480534381,2.71555757474
1.26299941592,1.01507893001
1.2558114907,0.930688208287
1.32433910201,1.57155477855
1.70451284248,3.59350767367
1.61670106805,3.20440855874
1.45838758821,2.41928010454
1.61492460249,3.19627392492
1.24341140149,0.764924443506
1.66927819397,3.44022657009
1.94126757202,4.55431054065
1.57910219683,3.0295953589
1.71251053325,3.62783036483
1.60882128741,3.16823585695
1.29175488648,1.30256061157
1.50193970155,2.64995126423
1.44172653609,2.32694743182
1.24452786365,0.7812181797
1.65218324904,3.36454857951
1.93177840652,4.51756793937
1.29657272087,1.34527425961
1.96155718552,4.63248684527
2.04184732074,4.93712465636
1.45508298724,2.40116549711
1.69100868702,3.53516969083
1.86286248569,4.24695509288
1.48244772089,2.5484603991
1.74699920742,3.77402680799
2.02710284557,4.8817082614
1.99146814159,4.74682088716
1.88339956928,4.32832708615
2.02939716613,4.89034612125
1.69856131739,3.56785749982
1.57366583645,3.00383080035
1.82193436808,4.08274787008
1.55642601136,2.92123013111
1.59924607058,3.12395904127
2.0354647797,4.91316364855
1.65861096879,3.39310996872
1.46945356162,2.47926698745
2.02332132519,4.86745921272
1.86440028803,4.25307094144
1.2635712719,1.02151321822
1.59296161633,3.09470079054
1.39065511196,2.02552157578
1.26735460146,1.0631713414
1.29748570692,1.35323414057
1.97014944436,4.66543937878
1.63991524988,3.30966621303
1.32644504009,1.58758125627
1.44609897397,2.35142600848
1.53999760545,2.84116578664
1.31808110954,1.52309154962
1.68966739133,3.52934822965
1.49920955766,2.63589256125
1.80344886946,4.00761961653
1.85737746485,4.22511037797
1.77505034679,3.89092902873
1.23802697601,0.681123967976
1.74209817775,3.75342340386
1.4850198484,2.56200619014
1.49228840374,2.60002840763
1.26884434386,1.07916666218
1.57853042207,3.02689169789
1.45708310867,2.41214077329
1.35153773245,1.76914358671
1.51783246094,2.73084472389
2.02891676542,4.8885379214
1.37565068296,1.93035972996
2.03064964531,4.89505924873
1.85584039404,4.21898013233
1.78485688884,3.93140568522
1.99294035496,4.75242145549
1.62865270771,3.25883692961
1.65804492289,3.39059998301
1.97826486108,4.69648175899
1.95826563822,4.61983942211
1.30567264915,1.42286062646
1.46826801651,2.47288845308
1.8563686962,4.22108757291
1.55050442832,2.89252901614
1.58920469408,3.07713258765
1.93801990814,4.54174861512
1.4802597977,2.53689966012
1.66264695169,3.4109776613
1.53678009196,2.82532090236
1.53815342319,2.83209076243
1.84731415018,4.1849051278
1.75307148,3.79947855437
1.97168466938,4.67131780092
1.48420310246,2.55771013008
1.93492441713,4.52976252297
1.33421464402,1.64557064756
1.58441448785,3.05464675596
1.94393483856,4.56461731424
1.64583059973,3.33619087485
1.76766874281,3.86033042315
1.37403535618,1.91989711485
1.7792289302,3.90820016699
2.0232775095,4.86729402364
1.97047704123,4.66669399396
1.6932339728,3.54481689133
1.90795065134,4.42477415645
1.85304556253,4.20782376843
1.58893520535,3.07587014122
1.90443846979,4.41103011231
1.37859744801,1.94933280455
1.7185381928,3.65359036878
1.40125674228,2.09073815848
1.90265813314,4.40405653059
1.90762978044,4.42351923114
1.66883299856,3.43826707319
1.56418290849,2.95856816108
2.01701858343,4.84367636533
1.62631659196,3.2482384916
1.43765019256,2.30396004456
1.7036150358,3.58964426977
1.5086562914,2.68433172609
1.58460441577,3.05554015524
1.66602547745,3.42589623057
1.54572657888,2.86924294605
1.37230244211,1.9086228947
2.05271175165,4.97781678607
1.33090496615,1.62108079992
1.3244592347,1.57247270991
1.31561099381,1.50359755059
1.53952404095,2.8388371577
1.56710851259,2.97257651082
1.86625326534,4.2604352676
1.75806638494,3.82035305934
1.4767209938,2.51812516975
1.33054231402,1.61837857177
1.51794695755,2.73142185754
1.96769048375,4.65601804783
1.54253130379,2.85360440982
1.67143038018,3.4496909217
1.95525169612,4.60824692578
1.86441146788,4.25311539003
1.64779426175,3.34497048763
1.78261414999,3.92216597392
1.33874602861,1.67861706635
1.62478003905,3.24125692449
1.81066410335,4.03701858353
1.36218072961,1.84168865173
1.63578946563,3.29109656878
1.66929159673,3.44028555222
1.91707888964,4.46041447367
1.25043476595,0.862533802592
1.91190901308,4.44024342355
1.66796810954,3.43445862416
1.52503033137,2.76697591487
1.865553721,4.25765569133
1.47424213766,2.50491724116
1.43601762754,2.29470749351
1.58608531174,3.06250084637
1.74246278491,3.7549580681
1.81491430281,4.05429104543
1.75557307448,3.8099399894
1.62225309678,3.229756969
1.69464960205,3.55094695945
1.52334555682,2.75854599482
1.56316336096,2.95367693801
1.44805807827,2.36233534933
1.61932240444,3.21639062682
2.01722658289,4.8444619095
1.86079447246,4.23872465785
1.57386867117,3.00479446103
1.39239192659,2.03631447386
1.83321678711,4.12829861734
1.90036791162,4.39507907571
1.69468176466,3.55108616901
1.81917398472,4.0715688979
1.8129931636,4.04648780996
1.70327623345,3.5881857982
1.71211961397,3.62615653831
1.90217709583,4.40217153153
1.67687422653,3.47356939783
1.87934464251,4.31231203633
1.40923322245,2.13880945775
1.61255816436,3.18541943035
1.86462006582,4.25394469262
1.70993439657,3.61679272994
1.74064933328,3.74732205605
1.36785694843,1.87945782297
1.79315352576,3.96549931351
1.70417105424,3.59203715482
1.43656175138,2.29779428228
1.58226237728,3.04451266505
1.79536190286,3.97455145269
1.96318328657,4.63873005869
1.77782547789,3.90240334416
2.01058317845,4.81934896302
2.00266031633,4.78933660791
1.97162085481,4.67107350926
1.29458862063,1.32783096725
1.99233126753,4.75010467469
2.04270004642,4.94032277816
2.00249160063,4.78869674844
2.01408700374,4.83259982654
1.45886211811,2.42187353597
1.31273161671,1.48059691423
1.96381929077,4.64117103898
1.6418531947,3.31836885256
1.81998904672,4.07487115394
1.86235610649,4.24494039731
1.9439763479,4.56477764122
1.96676599236,4.65247403952
1.24335280674,0.764060119316
2.02189991977,4.86209935131
1.67071103515,3.44652909976
1.77180485027,3.87748967355
1.52995929199,2.79154518637
2.04364125263,4.94385189032
1.2383025858,0.685652859582
1.69503916227,3.55263290528
1.64777590366,3.34488846615
1.35042571592,1.76142509398
1.5104343671,2.6933851929
1.70859286496,3.61103808637
1.29113336628,1.29695975963
1.42774746905,2.2474164724
1.50566277658,2.66904447778
1.67218696972,3.45301479143
1.9948979601,4.75986473247
1.84200508228,4.16362663503
1.67679029837,3.47320192031
1.60187034947,3.13612979316
1.86706196571,4.26364760454
1.47575762633,2.5129977336
1.46140444926,2.43573530078
1.97155553502,4.67082345031
2.03212549809,4.90061084818
1.85923876382,4.2325286228
1.31159626025,1.47144283685
1.98891527853,4.73710347115
1.45417346927,2.39616307567
1.89895124486,4.3895221079
1.79992121892,3.99321021837
1.47684223605,2.5187699679
1.72439685103,3.67854109549
1.64568891589,3.33555691233
1.31307391051,1.48334720133
1.5863953453,3.06395692455
1.38063181842,1.96234770627
1.52047687763,2.74415430179
1.43812062896,2.30662129625
1.53579847439,2.82047576004
1.96285774719,4.63748044946
1.43037833375,2.26253794727
1.4385433113,2.30901052936
1.23235692581,0.580422815243
1.81418719219,4.05133848154
1.90224806215,4.40244964186
1.99549424699,4.7621310946
1.27387062195,1.13159766856
1.98042123873,4.70471705286
2.0476598331,4.95890978425
1.40862871677,2.13519476322
1.96837893183,4.65865652115
1.48066425563,2.53903944774
1.32278875992,1.55966770416
1.74573972194,3.76873730078
1.60536533285,3.15229645926
1.23537196939,0.635901737595
1.58277153916,3.04691206044
2.01215227278,4.82528465347
1.6787002156,3.48155938949
1.94680318702,4.5756909315
1.86755477488,4.2656046473
1.35261448871,1.77659139895
1.95069757281,4.59070895676
1.53704527689,2.82662892773
1.38067592508,1.96262913495
1.5142966337,2.71298310599
2.04534675301,4.95024449679
1.23357705045,0.603472177249
1.41396309528,2.16693679116
1.92035262019,4.47316841306
1.66667889833,3.42877753707
1.66204759292,3.40832742289
1.93691275673,4.53746303631
1.84801941368,4.18772824838
1.68575872327,3.5123553843
1.40000789079,2.08313643637
1.62015360912,3.22018477541
1.90931049731,4.43009090467
1.38480109751,1.98881355286
1.46902691344,2.47697281084
1.56411184838,2.95822741299
1.29013665933,1.28793272956
1.93523254001,4.53095617111
1.36809763447,1.88104600471
1.69499920953,3.55246001607
1.9010644451,4.39781021664
1.23536990267,0.635865322097
1.39687408959,2.06396798342
1.80565207355,4.01660707752
1.30686795188,1.43277862564
1.41932165765,2.19847952258
1.79604720031,3.97735855983
1.44027371551,2.31877334319
1.74247499077,3.75500943835
1.97434206804,4.6814864051
1.44012146043,2.31791551092
1.51123980581,2.69747976127
1.74157938561,3.75123923294
1.37039589776,1.89615819749
1.29106660441,1.29635685412
1.67785232973,3.47785049155
1.65732395299,3.38740157567
1.77848582168,3.90513133178
1.24604753389,0.802887798483
1.27716229928,1.16476264832
1.58125045678,3.0397407231
1.83829447926,4.14872650259
1.80784618962,4.02554839333
1.94234341762,4.55846889277
1.89113578691,4.35881318072
1.89526533979,4.37505032697
1.60057960795,3.13014707558
1.44619227581,2.35194637495
1.34881794771,1.7502167419
1.65744024735,3.38791759739
1.73338266334,3.71664696428
1.41200475232,2.15532413849
1.45676758085,2.4104116959
1.30868850923,1.44777131366
1.492575939,2.60152488136
1.81714103701,4.06332709633
1.61997512775,3.21937028546
1.88936555991,4.35184508944
1.61866813732,3.21340235475
1.60509780036,3.15106062917
1.4523816407,2.38628639351
1.29781741609,1.35611596078
1.21858791713,0.175554284396
1.30125668351,1.38568485993
2.05023626085,4.9685553341
1.56251334296,2.9505559478
1.834575892,4.13377073427
1.53000499458,2.79177235652
1.25766871462,0.953162177379
1.73381509454,3.71847588104
1.98739838473,4.7313259131
1.58738984862,3.06862488178
1.42757125157,2.24640098486
1.59485355462,3.10352587959
1.33455341936,1.64806027375
1.73155873739,3.7089279924
1.96764881352,4.65585832858
1.97872298709,4.69823181755
1.53182420532,2.80080548908
1.59632848035,3.11039565302
2.0083063847,4.81073136359
1.89061534757,4.35676507061
1.98376630844,4.71748125214
1.52025355722,2.74303191356
1.44602020557,2.35098663492
1.55457295777,2.91226729851
1.96672864802,4.65233085945
1.89573975719,4.37691411227
1.67406800043,3.46127125412
1.96872629318,4.65998756463
1.5930328096,3.09503314263
1.30456577228,1.41362246085
1.86239405821,4.24509140734
1.286801226,1.25730503505
2.00555527997,4.8003109373
1.31410787121,1.49162847594
1.47927613229,2.53169046901
1.21811275831,0.142542571801
1.269310051,1.08412233747
1.53054051827,2.79443336985
1.75358438107,3.80162458825
2.00354940568,4.79270798514
2.01170956608,4.82361021948
1.86401994262,4.25155865491
1.93868541771,4.54432391226
1.98879001081,4.73662645045
1.44782288251,2.36102753729
1.49999950083,2.63996538808
1.27254810372,1.1180205026
1.65734741797,3.38750569799
1.93698607042,4.53774686945
1.64703107659,3.34155975282
1.71933203058,3.65697613257
1.27597047327,1.15285486434
1.51232670791,2.70299880908
1.25846958912,0.962701571811
1.95261157013,4.59808294275
1.75721973438,3.81681863434
1.28240818757,1.215915736
1.77553444975,3.8929317892
1.29369994905,1.31995220454
2.04628700831,4.95376753892
1.80023609849,3.9944973716
1.60570966824,3.15388666012
1.33158334056,1.6261254812
1.68670109043,3.51645621152
1.56857762781,2.97959590117
1.63963745117,3.30841768292
1.51149262933,2.69876419604
1.73802473519,3.73625699925
1.22329247577,0.367437329385
1.4191909689,2.19771421031
1.9938265966,4.75579169327
1.27122773139,1.10431318641
1.99683706939,4.76723341426
1.59031916521,3.08235021565
1.86794038921,4.26713573213
1.29623047478,1.34227967003
1.36546251879,1.86359967642
1.61216073754,3.18359442861
1.25147489617,0.876108667203
1.99681744671,4.76715886862
1.37570654689,1.93072077059
1.87701241478,4.30308953456
1.8986252863,4.38824310533
1.87903023136,4.31106922013
1.63360405803,3.28123680492
1.90839243371,4.42650172929
1.62386326318,3.23708738943
1.43592125029,2.29416043898
1.38528039599,1.99183859076
1.32403884149,1.56925851081
1.23791561364,0.679285755439
1.90536843425,4.41467099386
1.81820174275,4.06762825201
2.05133953177,4.9726837063
2.0069464126,4.80558120301
1.93048769779,4.51256110832
1.36349149437,1.85046482305
1.4626971399,2.44276258291
1.65145697805,3.36131316476
1.39872713869,2.07531869515
1.57282661052,2.99984169925
1.40297791959,2.101180876
1.94916976946,4.58481953505
1.22640797792,0.451917621203
1.79327963952,3.96601650986
1.36518754012,1.86177165224
1.92409737321,4.48773949602
1.22635501629,0.450612226822
1.51302205911,2.70652582162
2.04456877208,4.94732880902
1.5851809235,3.0582510386
1.37884296605,1.95090709436
1.40066956517,2.08716663315
1.87798385655,4.30693198694
1.30924382831,1.45231780242
1.5011550324,2.64591569319
1.72615753647,3.68602296375
1.82875785718,4.11032324643
1.23745797377,0.671680627566
1.91021731368,4.43363494914
1.39638394541,2.06095771501
1.74534098427,3.76706195566
1.72131277143,3.66541726847
1.42371454646,2.22409156594
1.95408245072,4.60374662763
1.58386968718,3.0520832195
1.63520244375,3.28844974968
2.04424793959,4.94612622771
1.87182474839,4.28254564668
1.83637207959,4.14099777529
1.4982742453,2.63106486252
1.62792253692,3.2555263804
1.45481285315,2.39968050031
1.7865567029,3.93840191235
1.30774821102,1.44004463622
1.27587436386,1.15188973875
1.25447439052,0.914187351234
1.68180582034,3.49512652424
1.97601685887,4.68789072272
1.27777457981,1.17083726138
1.91982708581,4.47112200025
2.01530261181,4.83719394378
2.02817216934,4.88573482992
1.59149302463,3.0878402936
1.73482356198,3.72273935411
1.4985585379,2.63253288203
1.56264283283,2.95117783893
1.40629284525,2.12118401173
1.42647730554,2.24008942131
1.35128422965,1.76738643481
2.04888094241,4.96348215981
1.37040862592,1.89624162628
1.35942469737,1.82312583354
2.01108295398,4.82123984269
1.73617833685,3.72846312274
1.81327763885,4.04764371171
1.92641510429,4.49674845687
2.03840462777,4.92420543833
1.4291250667,2.25534369206
1.36166380639,1.83821842417
1.37219338993,1.90791165797
1.8864050991,4.340181551
1.80428813305,4.01104427836
1.30168114464,1.38929586583
2.01626535865,4.84083129962
1.30227820872,1.39436140677
1.35397663271,1.78597714706
2.0294336347,4.89048337698
1.55895112792,2.93341659802
1.2940888147,1.32340490591
1.49979469532,2.6389098397
1.88733675355,4.34385346024
1.37124478367,1.90171603358
1.82990819095,4.11496393069
1.45942225233,2.42493233218
1.34393555371,1.7158147677
1.9986758541,4.7742169519
1.89250502654,4.36419971341
1.60052935372,3.1299140085
1.71118910828,3.62217075435
1.8771424663,4.3036040255
1.75106191841,3.79106468929
1.43868181507,2.30979304384
1.92755302367,4.50116888226
1.49722720192,2.62565350847
1.62987415893,3.26437071969
1.25711838007,0.94655485443
1.73161598584,3.70917039205
1.37804144119,1.94576395541
1.82052057106,4.0770240011
1.32874978565,1.60496600811
1.58828309597,3.07281401161
1.28143265394,1.20655172732
1.31922019146,1.53200971552
2.02867176834,4.8876156742
2.04437228359,4.94659232052
1.27454767277,1.13849110208
1.38448859602,1.98683931959
1.5628401635,2.95212539101
1.43739349433,2.30250697699
1.95696877757,4.61485270065
1.74871984172,3.78124720914
1.39556405487,2.05591479319
2.05785034901,4.99702231859
2.0436273432,4.94379974253
1.60611254665,3.15574663819
1.62545541431,3.24432663456
1.7285862453,3.69633116457
1.47591179883,2.51381878064
1.99021861589,4.74206552624
1.8126210698,4.04497566513
1.70926000925,3.61390045412
1.26675327926,1.05665176822
1.79824833696,3.98636868581
1.30057341352,1.37985473515
1.72011472912,3.66031284945
1.97690575817,4.69128848111
1.38058847067,1.96207108936
1.24600120199,0.802235397333
1.57102154733,2.99125088379
1.94147770508,4.55512286293
1.47580218604,2.51323505545
1.56930199605,2.9830532474
1.78414734388,3.92848357221
1.56484805453,2.96175652436
1.77292505298,3.88213082495
1.93819501669,4.54242628183
1.97102517133,4.6687929092
1.90329873534,4.40656629021
1.8412752412,4.16069776208
1.68448043983,3.5067887823
1.43719922953,2.30140688321
1.32817732845,1.60066276496
1.63394325019,3.28276819289
1.74627455201,3.77098388648
1.44759431876,2.359756112
1.54913879785,2.88588512219
1.95110967999,4.59229705576
1.71841044237,3.65304535886
1.47153874051,2.49045856352
1.39142948505,2.03033910108
2.05304457781,4.97906151239
1.33695194735,1.66559825247
1.41666048611,2.18285681804
1.3786590579,1.94972794738
2.00432902462,4.79566353657
1.23585666342,0.644386880567
1.78050490509,3.91346696634
1.95156749403,4.59406104047
1.45239813522,2.38637744319
1.69972040769,3.57286039296
1.51800430678,2.73171090362
1.28478411452,1.23845489928
1.54519865174,2.86666278431
1.98491357678,4.7218560302
1.73617705833,3.72845772317
1.74007083616,3.74488454262
1.47626728602,2.51571123627
1.75271534005,3.79798808227
1.99071592237,4.7439583553
1.46826225128,2.47285740711
1.32105521776,1.54628444403
1.37624833157,1.93421951075
2.00706337418,4.80602421163
1.23493708298,0.62819388059
1.35003252425,1.75868937532
1.59627650401,3.11015371254
1.45850873491,2.41994238726
1.44939873915,2.36978038872
1.51977295556,2.74061545378
1.69238028468,3.5411175361
1.83473351042,4.13440514141
1.27056692293,1.09739419313
1.62932286163,3.26187371362
1.42724935543,2.24454513349
2.04869156002,4.96277312551
1.28779887512,1.2665352579
1.30279151965,1.39870356134
1.73725922341,3.73302664859
1.23163706394,0.566395301068
1.56367373744,2.95612605405
1.74618024173,3.77058777774
2.00332965088,4.79187476867
1.34477673198,1.72178187587
1.73894288184,3.74012964169
1.91290670192,4.44413893817
1.28425484315,1.23346604322
1.97629919365,4.6889700298
1.71484892516,3.63783469539
1.44776941243,2.36073014412
1.80765407234,4.02476584989
2.02414362485,4.87055897989
1.80664818592,4.02066748688
1.98046022823,4.70486590518
1.3841751595,1.98485765495
1.55413147485,2.91012944475
1.42800739016,2.24891371005
1.72519573437,3.68193681344
1.53880027547,2.83527592216
1.39694303937,2.06439117779
1.29851724552,1.3621783365
1.53883793042,2.83546126957
1.81783914382,4.06615814494
1.7733410484,3.88385368421
1.67741895564,3.47595398407
2.02995556601,4.89244760322
1.24504576467,0.788667047821
2.03856192665,4.92479598882
2.00567865812,4.80077843791
1.24091707616,0.727260489258
1.87822697485,4.30789339462
1.75808760479,3.82044162357
2.03661087916,4.91746934207
1.33376384413,1.6422528944
1.67059209379,3.44600615449
1.95740592404,4.61653385999
1.40031545142,2.08501049147
1.86945179851,4.27313454895
1.85202822175,4.20375959705
1.29614585005,1.34153831078
1.76917388542,3.86657889793
1.76767525517,3.86035746897
1.83784565053,4.14692261785
1.61101510354,3.17833028388
2.0556139131,4.98866681572
1.29230773403,1.30752470758
1.30445074599,1.41265941957
1.94954514625,4.5862668217
1.2894126761,1.28134025373
1.33738622675,1.66875732861
1.261271708,0.995404952155
1.89899258981,4.3896843271
1.22954778878,0.523609679731
1.74371871203,3.760242038
1.23733342505,0.669596396677
1.33892837337,1.67993558222
1.45315972144,2.39057874418
1.65009014272,3.35521954978
1.70983068034,3.6163479937
1.73133811332,3.70799375941
1.66610531289,3.42624834004
1.82020130489,4.07573092982
1.61660161518,3.20395346266
1.91331252467,4.44572309314
1.9044908867,4.4112353611
1.65856607987,3.39291095679
1.331489399,1.62542767253
1.38762302389,2.00657314462
1.94144719947,4.55500493933
1.91431964517,4.44965346594
1.4069210371,2.12495875054
1.89689866526,4.3814655972
1.82369788787,4.08988260401
1.28717017234,1.26072555695
1.64296518814,3.32335676827
1.81831406471,4.06808359748
1.54468643718,2.86415803728
1.84979391751,4.19482781615
1.78549215898,3.93402105605
1.3268929294,1.59097219704
1.88793094201,4.34619464792
1.55810054737,2.92931506811
1.51208049697,2.70174924479
1.30339086217,1.40375862445
1.83340322615,4.12904945948
1.7246083291,3.67944015195
1.27918495231,1.18472239389
1.75442589356,3.80514430448
1.50472305258,2.66423370668
1.68206131411,3.49624144358
1.81400210839,4.05058676076
1.54719110567,2.87639307744
1.9617414259,4.63319437595
1.43828973332,2.30757737971
1.90393730745,4.40906751461
1.68030573295,3.48857670442
1.46794962818,2.47117351707
1.78256561506,3.92196590602
2.02593237595,4.87729945213
1.40709900553,2.12602723183
1.24619974856,0.805027587161
1.82820779872,4.10810337665
1.71556006675,3.64087441878
2.04373806993,4.94421486219
1.39463036027,2.0501604089
2.00616981728,4.80263935662
1.46514259123,2.45601834668
1.80079961556,3.99680042306
1.54288281024,2.85532738239
1.71402975716,3.63433163399
1.28377551538,1.22893225859
1.28581433346,1.24811428858
1.46567694031,2.45890825158
1.84534062346,4.17700083737
1.53490724656,2.81607223797
1.51566716167,2.71991545148
1.896137353,4.3784758461
1.44552866505,2.34824348468
1.43241030809,2.27416724255
2.03070915856,4.89528315878
1.87638761962,4.30061744985
1.49305136661,2.6039979837
1.63732114892,3.29799722536
1.49015884193,2.58892721819
1.97787602683,4.69499620391
1.26188389776,1.00241723972
1.80664736328,4.02066413439
1.6886988088,3.52514131006
1.67785929029,3.47788094751
1.62769103898,3.25447639016
1.96495644263,4.6455341925
1.34239280304,1.70482638506
1.83797994867,4.14746241075
1.96737297049,4.65480098732
2.04442664842,4.94679609752
1.94148568443,4.55515370799
1.89051422642,4.35636707737
1.87756254689,4.30526571067
1.53883436047,2.8354436977
1.79681560359,3.98050500237
1.27930688586,1.18591591036
1.65128561422,3.36054952119
1.25492876928,0.91982596603
1.77522544132,3.89165346031
1.92687849343,4.49854877345
1.88199385531,4.32277799085
1.73837977439,3.73775474911
1.78448202195,3.92986200001
2.004576506,4.79660160307
1.33099838335,1.62177626886
1.27844237277,1.17743019102
1.58645533169,3.06423860469
1.46388543809,2.44921004284
1.26941983997,1.08528758992
1.38027060175,1.96004173138
1.42253826767,2.21725472379
1.42174952967,2.2126617156
1.76492317559,3.84892005001
1.48956276521,2.58581424309
1.67284342955,3.45589739555
1.4179155363,2.19023496093
2.03119636913,4.89711608024
1.52432564456,2.76345194659
1.42539341545,2.23382308001
1.64138968065,3.31628851475
1.36046264759,1.83013446583
2.04342744821,4.94305029563
1.48978405502,2.58697020773
1.76711886161,3.8580464412
1.90013034862,4.39414742069
1.73313959992,3.71561876139
1.22099644128,0.290017647974
1.24576177945,0.798855977831
1.58747881721,3.06904227519
1.36855401186,1.88405452892
1.50551782383,2.66830278466
1.28297285456,1.22130631769
1.61151992547,3.18065053398
1.35797467538,1.81329840338
1.95311713854,4.60002995965
1.92971328915,4.50955601408
1.83339711781,4.12902486044
1.46020507735,2.42920271404
2.05738801029,4.99529538563
1.93665845758,4.53647846556
1.23882948817,0.694231590574
1.74321711109,3.75813212369
1.97656998238,4.6900051102
1.46812821196,2.47213552412
1.38859673256,2.01267307274
1.31051109491,1.46264736036
2.04596520876,4.95256188818
1.36685887649,1.87286060527
1.30651892456,1.42988875304
1.26035132876,0.984775062537
1.63886844018,3.30496010773
1.61914885679,3.21559812555
1.78201941945,3.91971408163
1.961690715,4.63299963711
1.26121716098,0.994777914335
1.40189794438,2.09463304195
2.00120732391,4.78382505326
1.67734181796,3.47561636134
1.64748762267,3.34360032161
1.6698939537,3.44293581664
1.69686058872,3.56051024449
1.80818206367,4.02691632966
1.79061759522,3.95509277196
1.36754951664,1.87742766825
1.72762724018,3.69226255377
1.91178176397,4.4397464749
1.23543125794,0.636945542162
1.69921736852,3.57068960514
1.65784034163,3.38969257343
1.56366085372,2.95606424474
1.81874346822,4.06982415931
2.01367309948,4.83103520458
1.54498571938,2.86562170273
1.44522885557,2.34656921577
1.36626691161,1.86893902164
2.00498834458,4.79816250787
1.89890861456,4.38935484299
1.34009017057,1.68831642926
1.60488134035,3.1500605175
2.04230449669,4.93883937234
2.04441042097,4.94673527211
1.24982065491,0.854423102584
1.77371123641,3.88538652782
1.34473641179,1.72149624144
1.76119499845,3.83340020269
1.87252170074,4.2853080909
1.87109334328,4.27964583479
1.67944951199,3.4848353003
1.24880176331,0.84080277706
2.0036027425,4.79291020758
1.54938241179,2.88707101327
2.03575635325,4.91425916681
1.56136523196,2.94503851731
1.31967345156,1.53554613154
1.33774296305,1.67134863208
1.58175341584,3.04211309533
1.85111544426,4.20011170026
2.03321103794,4.90469279813
1.59712457436,3.11409996178
1.25060105149,0.864717564689
1.78691544099,3.93987769685
1.33548635269,1.65490019991
1.57145048218,2.9932936473
1.21971602403,0.236149664115
1.47298597353,2.49820596063
2.01869559404,4.85000855274
1.31373041263,1.48860989105
1.47019003419,2.4832237319
1.21956370617,0.228903701378
1.77675168244,3.89796541033
1.5588104492,2.93273848168
1.79265005683,3.96343426223
1.22603312792,0.442596777834
1.4930359135,2.60391762354
1.9456075282,4.57107621785
2.05736665044,4.99521559706
1.3409908207,1.694789895
1.95104778153,4.59205853711
1.66562564319,3.42413249458
1.74266220123,3.75579729984
1.37780565556,1.94424897202
1.68333736138,3.50180705375
1.69857055248,3.56789737477
1.21806326149,0.138653344161
1.78705254098,3.94044163402
1.35536446413,1.79549907255
1.69141576344,3.53693549196
2.0191775705,4.85182788073
1.77856588977,3.90546204542
1.73370284975,3.71800119756
1.74902099913,3.78251028675
1.42127152475,2.20987477658
1.56486724548,2.9618484849
1.28030507411,1.19564587323
1.26111883896,0.993646736159
1.78477594249,3.93107237563
1.41394480803,2.16682856441
1.79490339632,3.97267281491
1.2628913064,1.01385826545
1.74232781725,3.7543900128
1.44194301212,2.32816365064
1.93608010828,4.53423895452
1.62415970916,3.23843596797
1.54232630578,2.85259927591
2.03961460971,4.92874744953
1.30763522954,1.43911382093
1.54373373127,2.85949565008
1.26645948878,1.05345293324
1.33377631198,1.64234472907
1.4454917797,2.34803754623
1.42224728782,2.21556109113
1.3799611811,1.95806473865
1.35500604942,1.79304389566
1.50644716566,2.67305570053
1.96510013155,4.64608540255
1.22082014245,0.2832064347
1.82137513651,4.08048420562
1.68372314596,3.50348878174
1.95885521485,4.62210578939
1.2630069634,1.01516409767
1.53338319617,2.80853190919
1.57140251015,2.99306522642
1.73618581561,3.72849470765
1.46348758982,2.44705270937
1.8821881606,4.32354519373
1.99725677326,4.76882774591
1.92057746046,4.47404381843
1.5772778652,3.0209639039
1.61207924082,3.18322011832
1.56339835269,2.954804733
1.94402216167,4.56495459124
1.25317445353,0.89787174871
1.39302552249,2.0402408848
1.69286536325,3.54321981096
1.98924378144,4.73835432801
1.28478443494,1.23845791398
1.6468650671,3.3408175916
1.56471333624,2.96111092294
1.48097858916,2.54070159031
1.74932041483,3.78376585702
1.48252153765,2.54884982113
1.28463977763,1.2370961865
1.72102718598,3.66420081656
1.32619746463,1.5857042591
1.44031506543,2.31900627685
1.76542042906,3.85098778905
1.36803765537,1.88065032823
2.01208105796,4.8250153145
1.51400250156,2.71149384837
1.96619507129,4.65028491534
2.0015399036,4.78508681624
2.01587158751,4.83934371253
1.56474554623,2.96126528845
1.81490846105,4.05426732774
1.62031632857,3.2209272354
1.2656989403,1.04512996764
1.77298139248,3.88236417802
1.63243281552,3.27594581321
1.481173106,2.54172979463
1.47769657367,2.52331038678
1.81814927549,4.0674155455
2.02567403021,4.87632614719
1.79380043445,3.9681519768
1.76974608361,3.86895307707
1.33878220553,1.67887872597
1.71389885833,3.63377170509
1.74938644093,3.78404270381
1.8484339439,4.18938719871
1.41801866551,2.19084041828
1.569885097,2.98583458678
2.02308052352,4.86655134383
1.88041110645,4.31652647671
1.64767124014,3.34442082271
1.70594733595,3.59967613503
1.51308864443,2.70686340461
1.50445081487,2.66283896622
1.85353826083,4.20979143846
1.35985005732,1.82600063082
1.41497901521,2.1729428876
1.43924533059,2.31297482308
1.62549034664,3.2444853644
1.69171804556,3.53824642492
1.29938324012,1.36964748584
1.2670245309,1.05959727864
1.51069636776,2.69471755562
1.73270006391,3.71375908693
1.35571674336,1.79790958512
1.70648011549,3.60196576813
1.69156366167,3.53757692641
1.82390893063,4.09073605538
1.34920195809,1.75289912041
1.24766973418,0.825419897958
1.81150532097,4.0404398653
1.66858315944,3.43716716325
1.87133906843,4.28062015736
1.88509170931,4.33500291827
1.32583668124,1.58296561813
1.38997948015,2.02131115783
1.96083785374,4.62972402669
1.84916488108,4.19231171629
1.60117088475,3.13288852282
1.35722504926,1.80820105269
1.93008045435,4.51098089863
1.37222324404,1.90810638673
1.46360748514,2.44770298051
1.55316352336,2.90543882344
1.67623574961,3.47077332611
1.58620791264,3.06307669243
1.86716266162,4.26404751894
1.76813777768,3.86227809618
1.48474364322,2.56055390105
1.62302308217,3.23326355959
1.25845348913,0.962510672951
1.48706983079,2.57276779786
1.81280013726,4.04570340574
1.76423775446,3.84606898322
1.50735887864,2.67771310228
1.4963684,2.62120952067
1.86475309011,4.25447350841
1.64535829991,3.33407731889
1.2349969752,0.629260844867
1.47962527374,2.53354024495
1.30426174194,1.41107576739
1.6466036774,3.33964884145
2.02156389563,4.86083195257
1.4544242825,2.39754329824
1.89235383532,4.36360506853
1.71966103937,3.65837891349
1.89437182432,4.37153919294
1.75757540789,3.81830361906
1.70229946308,3.58397931473
1.89838698409,4.38730795354
1.29718508838,1.350617756
1.93436189561,4.52758302973
1.35899400793,1.82021130936
1.53626529099,2.82278055973
1.97190272039,4.67215249591
1.52062533818,2.74490028829
1.51331586488,2.70801519144
1.58698340893,3.06671765761
1.7488231581,3.78168054912
2.00950097092,4.815253544
1.83791695597,4.14720922411
1.35280637238,1.77791598404
1.47466085598,2.50715159462
1.88822216083,4.34734190038
1.48498393639,2.56181739581
1.99973523017,4.77823864591
1.90627675381,4.41822595141
1.76433626482,3.84647880721
1.80578137231,4.01713423769
1.64172014712,3.31777178347
1.81209567908,4.04284010562
1.72948058507,3.70012343049
1.24211471834,0.745572761355
1.73302728614,3.71514360611
1.896537477,4.38004727877
1.41785865789,2.18990098282
1.99883376858,4.77481652
1.91053512514,4.43487675631
1.86571410487,4.25829303036
1.92346975529,4.48529871697
1.48648028343,2.56967600166
1.73695341618,3.73173580208
1.31418073981,1.49221061205
1.73804290547,3.73633365859
1.96901517792,4.66109442266
1.50303787559,2.65559243133
1.73755393363,3.73427044607
1.68472629065,3.50785975856
1.30916970977,1.45171169374
1.36423476548,1.85542665198
1.53696213952,2.82621889332
1.94063794942,4.55187623465
1.80417511453,4.01058317757
1.66710635681,3.43066174743
1.88166019335,4.32146041355
1.87804344719,4.30716764557
1.39927205325,2.07864758541
1.91756578628,4.46231227508
1.61439128474,3.19382950886
1.84007217653,4.15586786131
1.6946926154,3.55113313372
1.68562473565,3.51177211799
1.62455043681,3.24021296669
2.02297198791,4.8661421235
2.03337033275,4.90529169111
1.27593152847,1.15246387135
1.58578791691,3.06110374298
1.29286836704,1.31254169429
1.35133018266,1.76770506273
1.81317075776,4.04720944169
1.56632034644,2.96880655281
1.27474844228,1.14052794029
1.30974924258,1.45644504491
1.96966008359,4.66356500791
1.95414328124,4.60398079972
1.39034995699,2.02362073541
1.28030910329,1.19568500305
1.60432336817,3.14748167197
1.228902218,0.509679074224
1.71412875928,3.63475509362
2.01552770407,4.83804445462
1.62267403305,3.23167422022
1.83421006508,4.13229813201
1.36715247185,1.87480316925
1.68118085567,3.49239852852
2.00397989574,4.79434006491
1.96436401729,4.64326130402
1.60614053906,3.15587584797
1.54147494601,2.84842257619
1.54259076979,2.85389593871
1.60484184153,3.14987800113
1.79971094041,3.99235054385
1.41006371535,2.14376804503
1.76400644536,3.84510660656
1.56566724878,2.96568046318
1.65221568785,3.36469304949
1.44959409066,2.37086384901
2.02793276508,4.88483345042
1.52755852979,2.7795953908
1.25488811491,0.919322791202
1.22120691859,0.297946723421
1.4447739674,2.34402729927
1.36736874811,1.87623313404
1.88974946185,4.35335662384
1.6974836098,3.56320263878
2.00085454674,4.78248652914
1.29516847433,1.33294961036
1.31169176662,1.47221476607
1.60288669016,3.14083600113
1.7924809873,3.96274068764
1.74151159147,3.75095376642
1.67711360933,3.47461741741
1.62784428492,3.25517147903
1.22912673366,0.514565781172
1.71204147971,3.62582193853
1.74941433093,3.78415964339
1.83527587025,4.13658778833
1.7629573186,3.84074020482
1.48315965489,2.55221455399
1.80186338023,4.00114629721
1.91232812724,4.44188003952
1.97846514844,4.6972468946
1.26570541633,1.04520109582
1.31504417842,1.4990937275
1.57496337841,3.00999219096
1.65894782006,3.39460317492
1.83287383991,4.12691731588
1.23837354076,0.686814138481
1.64143706761,3.3165012292
1.96707093307,4.65364313422
1.5422626749,2.85228723989
1.70553654721,3.59791025408
1.49049211992,2.59066665437
1.40741875054,2.12794589831
1.7260893793,3.6857334769
1.31180995052,1.47316950393
2.01981834481,4.85424624298
1.44355959103,2.33723175213
1.82854555311,4.10946651432
1.32105765178,1.54630330392
1.41116282386,2.15031733629
1.27888808522,1.18181202111
1.91051235859,4.43478780365
1.94641529673,4.57419404629
1.32387773048,1.56802522946
1.85397940035,4.2115528637
1.47957227347,2.53325950462
1.68751511397,3.51999653177
1.37905651918,1.95227561689
1.94692498816,4.57616092781
1.96511305655,4.64613498332
1.5276111091,2.77985745312
1.75318725402,3.79996301651
1.29789492613,1.35678857571
1.31375633855,1.48881739199
1.53402976269,2.81173238962
1.94965742354,4.58669967864
1.56100760417,2.94331859701
1.53631092612,2.82300580932
1.53454722635,2.81429216411
1.43495424811,2.288666361
1.50572468585,2.66936121363
1.50146930501,2.64753248953
1.73048667071,3.70438723245
1.96709445857,4.65373332263
1.27147438098,1.10688556302
1.87141178129,4.28090845249
1.45886379359,2.42188268948
1.93273324187,4.5212704553
1.87093440138,4.27901556569
1.99046297826,4.74299564432
1.58339978243,3.04987108083
2.04967845924,4.96646761455
1.52010252028,2.74227264865
1.72352051256,3.67481435102
1.7804684369,3.91331648382
2.03162099215,4.89871334193
1.86137160877,4.24102227523
2.04109109379,4.93428783407
1.88269460281,4.32554458319
1.26369493439,1.02289967652
1.65554089507,3.37948446425
1.59448957834,3.10182922225
1.67137175341,3.44943329011
1.85948291199,4.23350126655
1.36216725567,1.84159826431
1.72713059133,3.69015462996
1.97772896436,4.69443430011
1.4352395818,2.29028848623
1.37862827146,1.94953050249
1.6501166518,3.35533778956
1.51031155489,2.69276050354
1.90685350157,4.42048260653
1.86996708988,4.27517893539
2.00613616444,4.80251186019
1.61426939536,3.19327069007
1.30541766753,1.42073714219
1.25213780305,0.884657453247
1.24818193997,0.832413626754
2.0386174552,4.92500445479
1.25951894548,0.975068474907
1.83829825172,4.14874166302
1.50158273405,2.64811587341
1.62499464975,3.24223254801
1.46780654797,2.47040257717
1.42446181739,2.22842693111
1.73673348985,3.73080733291
1.50338855465,2.65739216523
1.68954525341,3.528817882
1.6765834687,3.47229623392
1.99238512181,4.75030953679
1.40935928088,2.13956266082
1.70410837481,3.59176744785
1.65143211822,3.36120238849
1.91800718939,4.46403247308
1.75271050883,3.79796786132
1.68955079657,3.52884195243
1.73692840045,3.73163019817
1.69862627158,3.56813795184
1.87444565419,4.2929299835
1.33954795025,1.68440930379
1.2628101424,1.01294094478
1.4004149838,2.08561669823
1.43813027488,2.30667584003
1.61865184964,3.21332794307
1.5050841794,2.66608311096
1.92422410205,4.48823227457
1.74168199457,3.75167127699
1.25597870406,0.93273243889
1.65417918737,3.37343146996
1.41636722078,2.18113012731
2.00871609859,4.81228253678
1.57109490244,2.9916002902
1.34490456545,1.7226872114
2.05710883249,4.99425249629
1.28667244069,1.25610909768
1.82926601444,4.11237354377
1.23426505114,0.616098754128
1.21721278749,0.0209861992986
1.61552743969,3.19903569944
2.03920541965,4.92721160528
1.28550074564,1.2451811865
1.34347084879,1.71251095828
1.43361773925,2.28105724663
2.02406940571,4.87027923036
1.6566414247,3.38437220347
1.94357507877,4.56322767418
1.91692290898,4.45980643124
1.25960540345,0.9760808713
1.47074796905,2.48621839642
1.33804000039,1.67350375188
1.83844944396,4.14934924037
1.84368798248,4.17037673657
1.76716963424,3.85825735684
2.04670164797,4.95532087032
1.30009059753,1.37572197848
1.30675048155,1.43180656114
2.02376284972,4.86912368649
1.60511929348,3.15115992402
1.89461985164,4.37251395099
1.85536354465,4.21707755221
2.04654590205,4.95473743201
1.8811381143,4.31939847015
1.6412548349,3.31568316703
1.23875838919,0.693079982008
1.3144072482,1.49401891037
1.43591348786,2.29411637397
1.92087010208,4.47518310225
1.64345141723,3.32553648798
1.57572680634,3.01361381725
1.38711668538,2.00339547546
1.24875295776,0.840145094291
1.60969136719,3.17224156034
1.9454976219,4.57065193674
1.66608561717,3.42616147503
2.03932875715,4.9276745553
1.62106280319,3.22433203018
1.98519856338,4.72294250826
1.33279886428,1.63513209031
1.57932817098,3.03066349192
1.84660929924,4.18208283229
1.46148568843,2.43617734418
1.73886588114,3.73980493666
1.32529507484,1.57884686809
1.81647165403,4.06061170075
1.29708691878,1.34976238586
1.61654454358,3.20369228659
1.65868851207,3.39345373665
2.02122622404,4.85955821938
2.05532169484,4.98757470287
1.67727248463,3.47531288262
1.54931966742,2.88676560795
1.6156008591,3.19937196284
1.85938181673,4.23309853227
1.52991211929,2.79131069657
1.62797216674,3.25575145853
1.45518584663,2.4017307728
1.64446514115,3.33007840031
1.47344988398,2.50068591596
1.2262195262,0.447255594265
1.33632873022,1.66105608952
2.036702557,4.91781370134
1.82826389313,4.10832978108
1.79026083593,3.95362774677
1.32763584217,1.59658337374
1.70545769606,3.59757124169
1.48631228146,2.56879448289
1.36753693163,1.87734452492
1.23598058865,0.646538992039
2.00869044149,4.8121854046
1.6239272975,3.23737871818
1.73429579195,3.72050841383
1.85801001314,4.22763203849
1.60995252449,3.17344332091
1.71790178622,3.65087492105
1.94072305138,4.55220529376
1.45569462189,2.40452543863
1.72316575315,3.67330515407
1.28274539793,1.21913748919
1.93915660644,4.54614690559
1.75708580183,3.81625937606
1.4501465916,2.37392624702
1.82844168845,4.1090473499
1.93214366116,4.51898441065
1.28290817586,1.22068995087
1.64192420603,3.31868750135
1.7138229968,3.63344718218
1.46237960887,2.44103773031
1.3130034434,1.48278136543
1.25029863839,0.860742186141
1.81921310811,4.07172743524
1.8047499739,4.01292827804
1.68435223652,3.50623023479
1.98372729973,4.71733247679
1.67389347738,3.46050565383
1.91706569195,4.46036302785
1.2834121985,1.22548573601
1.72984658861,3.70167483886
1.82374573251,4.09007609345
1.36982246565,1.89239653299
1.51895057712,2.73647737027
1.23494584315,0.628350050627
1.36786294377,1.87949739649
2.05290449342,4.97853762843
1.81242765535,4.04418955115
1.73211303678,3.71127466127
1.22128271765,0.30075135059
1.31704561238,1.51494556113
1.4330013459,2.27754177995
1.42096443327,2.20808296316
2.04301401624,4.94150012727
1.22468233406,0.407268850806
1.75941104124,3.82596323944
1.89458002809,4.37235744875
1.26041658997,0.985532314583
1.71082833986,3.62062482031
1.62939223549,3.2621879892
1.66000148095,3.39927159998
2.05396042455,4.98248609517
1.58779914566,3.07054481001
1.82633927524,4.10055860332
1.32577171181,1.58247202268
1.33059597892,1.61877868266
1.45867177312,2.4208334826
2.03274853176,4.90295378751
1.92828085362,4.50399534361
1.85503772233,4.21577734209
1.96139763067,4.63187407978
1.26500524449,1.03748478331
1.52526632182,2.76815540692
2.02395981913,4.86986616191
1.23670808706,0.659035431966
1.38851270979,2.01214726139
1.82335853094,4.08851008713
1.3717902278,1.90528042674
2.05190864329,4.97481281493
1.43502105206,2.28904621637
1.62836418829,3.25752902507
1.4009645024,2.08896117535
1.35558163799,1.79698541874
1.30894773023,1.44989513289
1.82601020002,4.09922921658
2.05005555868,4.96787904248
1.36698477088,1.87369377691
1.76110747442,3.83303549332
1.45243354833,2.38657291518
1.66277172527,3.41152924504
2.00525992039,4.79919170194
1.57404679015,3.00564054563
1.44099636896,2.32284181553
1.57712930337,3.02026036763
1.87205022026,4.28343941066
1.95739344743,4.61648588128
1.4457652289,2.34956396475
1.75012366783,3.78713322368
1.6455772692,3.33505730422
1.56373517541,2.95642079016
1.26570044174,1.0451464588
1.71992849981,3.65951907472
2.01454842403,4.83434384837
1.45375495232,2.39385874013
1.48163286466,2.54415893569
1.98575112999,4.72504883619
1.87505178613,4.29533004018
2.05805296942,4.9977790829
1.46659223883,2.46385300081
1.56134198357,2.94492672861
1.66216243635,3.40883532196
1.48742440851,2.57462613123
1.41859831409,2.19424116471
1.46237496847,2.44101251702
2.02380139298,4.86926897839
1.93598374037,4.53386575171
1.69748268972,3.56319866342
1.37081957854,1.89893372855
1.57456625806,3.00810726225
1.23249125728,0.583003977683
1.63604937358,3.29226808956
1.3780669791,1.9459279878
2.00785837014,4.8090349741
1.31332525504,1.48536393556
1.31895273861,1.52991973732
1.53905105732,2.83651019264
1.23927502618,0.701406526076
1.33226906046,1.63121153175
1.94962139704,4.58656078923
1.60075917411,3.1309797785
1.33679035372,1.66442150464
1.6482530002,3.34701971301
1.64440776449,3.32982141923
1.49547152523,2.6165631916
1.95852495674,4.62083631068
1.97273496848,4.67533780335
1.61833281686,3.21187021714
1.60793601072,3.1641572119
1.72949914437,3.70020210701
1.57735069609,3.0213087696
1.95870203527,4.62151699934
2.05811956853,4.9980278143
1.53939585482,2.83820663081
1.62916951307,3.26117895816
1.55516252982,2.91512076546
1.28097946126,1.20217922532
1.48828391013,2.57912703672
1.44887107166,2.36685208644
1.83361679117,4.12990947152
1.24131675647,0.733420571235
1.76869963817,3.8646106162
1.88827510104,4.34755044408
1.58030912444,3.03529766726
1.49180087251,2.59748974675
1.35280765248,1.77792481799
2.01939704355,4.85265624872
1.64984680542,3.35413407408
1.54423863955,2.86196717652
1.2605986608,0.987642092958
1.48235090032,2.54794955904
1.75775579432,3.81905665084
1.41383580818,2.16618340331
2.00818001871,4.81025290601
1.81602443606,4.05879707762
1.3393749218,1.68316092175
1.41022622826,2.14473735377
1.36548480755,1.86374778693
1.69077420879,3.53415237237
1.61184069641,3.18212435182
1.39565148348,2.05645299042
1.83452413121,4.13356239008
1.7177422923,3.65019422648
1.26802910206,1.07044071563
1.63109739697,3.26990736658
1.63765303974,3.29949143291
1.49052878019,2.59085794315
1.82103049322,4.07908887492
1.76002657474,3.8285300568
1.74878522137,3.78152143387
1.94379117813,4.56406241864
1.37460584841,1.92359733849
1.55446492277,2.91174423462
1.96750734282,4.65531606494
1.43717033047,2.30124319974
1.35372052934,1.78421553539
1.52852279141,2.78439891035
1.39355770278,2.04353436777
1.46713665057,2.46679085528
2.01924404968,4.85207880181
1.44066913451,2.32100014643
1.65547981204,3.37921306669
1.32555814211,1.58084854379
1.55083195128,2.89412104102
2.03581986777,4.91449779595
1.35281840184,1.77799899757
1.51670766381,2.72517087283
1.76877028972,3.86490387344
1.45531569915,2.40244425946
2.03112578657,4.8968505588
1.47285329318,2.49749637381
1.35676698444,1.80508058173
1.56526159442,2.96373777228
1.38262123996,1.9750104845
1.44823616685,2.36332527522
1.38846513907,2.01184951884
1.76565008687,3.8519426015
1.97214039967,4.67306226283
1.50570780095,2.66927483073
1.25481902145,0.918467033899
1.7996933644,3.99227868463
1.98106331965,4.70716813329
1.32169229147,1.55121414627
1.44397241273,2.33954344045
1.28857588365,1.2736826942
1.45434610555,2.39711315105
1.91008588435,4.43312136476
1.75940898293,3.82595465478
1.51728155703,2.72806673013
1.26224552906,1.00653815593
1.83957403157,4.15386725757
2.01839007116,4.84885515977
2.03987056085,4.92970804381
1.51965510841,2.74002271105
1.3884348022,2.0116596243
1.7027794938,3.58604689287
1.50724931453,2.67715368358
1.65862419964,3.39316862557
1.48714751031,2.57317499127
1.69566301792,3.55533198016
1.77203789162,3.87845541119
1.75553089808,3.80976372622
1.37045497439,1.89654540046
1.35275971505,1.77759397908
1.44993495647,2.37275352659
1.43506143933,2.28927584124
1.34829127404,1.74653238147
1.94242273251,4.55877540123
1.78941375789,3.95014823107
1.51567019855,2.71993079981
1.92570231509,4.49397863231
1.51550660008,2.71910389575
1.45473894658,2.39927410481
1.57842180728,3.02637794605
1.67070430094,3.44649949279
1.60238008258,3.13849064261
1.31591169505,1.50598219119
1.9666776301,4.65213525151
1.24401475787,0.773770668602
1.94076818303,4.55237979807
1.56331958556,2.95442673527
1.45750008304,2.4144244472
1.50006843648,2.64032061347
1.97648146077,4.68966674902
1.2819932439,1.21194072254
1.6383051837,3.30242636577
1.6929544685,3.54360591278
1.44125546378,2.32429925745
1.39790976707,2.07031776404
1.92321479942,4.48430705264
1.44301956034,2.33420527171
1.69307242655,3.54411700314
1.52189343936,2.75126697799
1.40452767257,2.11055021441
1.40267640457,2.0993543539
1.22961998915,0.525145145153
1.94793981647,4.58007613169
1.2642415687,1.0290075744
1.32638262452,1.58710822795
1.74845656897,3.78014285527
1.56849768688,2.97921420216
1.95284093915,4.59896631564
1.6548976117,3.37662570506
1.92372446187,4.48628932397
1.74112499286,3.74932568
1.51429674603,2.71298367467
1.23818464694,0.683718406328
1.45963971126,2.42611911467
1.3935358933,2.04339947594
1.34805949814,1.74490897837
1.68970801429,3.52952461358
1.72169876149,3.6670610733
2.01370166075,4.83114317653
1.40782198009,2.1303636801
1.5139861716,2.71141115062
1.94947523688,4.58599729562
1.51020117443,2.6921989685
1.59938325751,3.12459595924
1.8619005364,4.24312750334
1.48005181944,2.53579887447
2.03507481572,4.9116983151
1.57027842243,2.98770983446
1.47955344709,2.53315977699
1.63621838435,3.29302977253
1.71713408116,3.64759789317
1.58868451921,3.07469550434
1.53938738849,2.83816498323
1.63795512247,3.30085111638
1.53233783606,2.80335254694
1.57324681795,3.00183947213
1.98095311802,4.70674748373
1.50768518241,2.67937871149
1.27556823072,1.1488106477
1.51868644908,2.73514746553
1.69552078955,3.5547167304
1.84098180164,4.15951992689
1.97277845128,4.67550420466
1.96911496807,4.66147674398
1.33762942372,1.67052425272
1.444223876,2.34095077064
1.25441107307,0.913399012617
1.64665808085,3.33989211367
1.97156281931,4.67085133646
1.58277757621,3.04694050297
1.25979029132,0.978242568284
1.42796637718,2.24867750892
1.56695383568,2.97183688756
1.74239463616,3.75467124715
1.90713734088,4.42159301924
1.48988523325,2.58749862357
1.85242724559,4.20535385819
1.88964124026,4.35293054579
1.36736641765,1.87621773018
1.23058349998,0.545230425375
1.95630344753,4.61229354771
1.99091199089,4.74470454622
1.55644414801,2.9213177711
1.64472592258,3.33124626252
1.60073742491,3.13087892763
1.37024808367,1.89518911367
1.57185850617,2.99523604885
1.98083134355,4.70628264309
2.04463517082,4.94757767948
1.54924538526,2.88640401725
1.6271521061,3.25203125288
2.0477353758,4.95919269286
1.58954236823,3.07871402664
1.39733377181,2.06678814058
1.92328605615,4.4845842183
1.74658532837,3.77228902248
1.50492541303,2.6652701393
1.35015929058,1.75957175786
1.60099032347,3.13205149992
1.32308493289,1.5619444892
1.2501462328,0.858732126446
1.42726684296,2.24464598428
1.65706489261,3.38625191962
1.58516106156,3.05815766638
1.67242234769,3.45404851454
1.4016049987,2.09285426677
1.22204093814,0.327495727781
1.55331202421,2.90615874933
1.3323470736,1.63178932396
1.89566264444,4.37661119117
1.51054704041,2.69395822756
1.65300878571,3.3682241568
1.2767209544,1.16036603179
1.53770804371,2.82989636874
1.83904478647,4.15174129006
1.94414922451,4.56544534157
1.51639338036,2.72358416282
1.67290048596,3.45614787783
1.23029182996,0.539227608324
1.46393980398,2.44950473999
1.7597336737,3.82730874188
1.80654687711,4.02025461131
1.45727927022,2.41321529335
1.5118331834,2.70049370732
1.36521227894,1.8619361713
1.99578904752,4.76325142171
1.37935735273,1.95420219567
1.79523990467,3.97405162968
1.37768306369,1.9434609236
1.22926624731,0.517579575381
1.33582038749,1.65734351588
1.37410300977,1.92033620961
1.65128440885,3.3605441494
1.54247435968,2.85332522702
1.65304751273,3.36839652957
2.03922682629,4.92729195667
1.95723195853,4.6158648592
1.85953336539,4.23370225217
1.89484675712,4.37340562075
1.95364585957,4.6020657983
1.91666198529,4.45878922603
1.73157447195,3.70899461596
1.56998798649,2.98632519873
1.39452179934,2.04949054692
1.26779060514,1.06787554855
1.8777021489,4.30581786551
1.97326499851,4.67736598489
1.27043923749,1.09605264438
1.52795529856,2.78157255244
1.7277086425,3.69260799216
1.61289533019,3.186967244
1.88628340932,4.33970184229
1.50531531839,2.66726638067
1.41374201646,2.16562814386
1.73493233944,3.72319908625
1.69177024023,3.53847275659
1.94124245758,4.55421345065
1.29379023047,1.32075451673
1.50647397024,2.6731927048
1.75247339579,3.7969753667
1.25345574919,0.901425906783
1.94891113346,4.58382224549
1.34190632682,1.70134932713
1.57124603594,2.99232009489
1.34525518245,1.72516833516
1.42567556642,2.23545552401
1.76413780723,3.84565316029
1.46318796257,2.44542711083
1.93658295075,4.53618610929
1.47016728109,2.48310155414
1.74159231602,3.75129367893
1.48207004022,2.54646730756
1.68376938074,3.50369030196
1.42695623807,2.24285423113
1.94692533108,4.57616225102
1.64847617585,3.34801641103
1.28543933591,1.24460607331
1.56691029214,2.97162865407
1.78054023158,3.9136127352
1.41047346236,2.14621135669
1.43288453494,2.27687513262
1.36432034903,1.8559973008
1.26812436019,1.07146368807
1.56561518951,2.9654311928
1.54061553395,2.84420249609
1.77658590515,3.8972800513
1.74818466267,3.77900212199
1.65285222774,3.3675272733
1.62193850734,3.22832368047
1.40822317446,2.1327672249
1.28200550633,1.21205836074
1.35347458104,1.78252245089
1.88274853464,4.32575747858
1.68689715538,3.51730909933
1.82122333516,4.07986964545
2.03899289216,4.92641384235
1.45499911829,2.40070451667
1.65736236428,3.38757201907
1.49417970135,2.60986117322
1.46799738698,2.47143081257
1.78295249209,3.92356053607
1.36329267566,1.84913577817
1.70177174402,3.58170563047
1.84114167608,4.16016166396
1.51393008395,2.71112710049
1.35654004259,1.80353297857
1.77002748363,3.8701204163
1.35131183946,1.76757788067
1.29106166094,1.29631220132
1.93208369336,4.51875186535
1.37436452354,1.92203278263
1.37751527674,1.94238194641
1.93342050469,4.52393467478
1.8709404466,4.27903953817
1.84697409002,4.18354359525
1.57199767136,2.99589837314
2.04266797645,4.94020251402
1.96906040242,4.66126769065
1.38207003295,1.97150834336
2.02582199453,4.8768836041
1.96488417897,4.6452569699
1.84503463864,4.17577473691
1.50062210116,2.64317250716
1.85277261363,4.20673353214
1.55909241244,2.93409753839
1.92680748944,4.498272934
1.52689315609,2.77627772208
1.41289338167,2.16059930491
1.70367889785,3.58991914835
1.39975924795,2.08162045225
1.32901071332,1.60692422921
1.62533092011,3.24376090708
1.97129016421,4.66980749838
1.75098954487,3.79076149923
1.55024434615,2.89126442294
1.46956116055,2.47984533944
1.40141316134,2.09168880638
1.81144738374,4.04020427311
1.94943605842,4.5858462457
1.75130030339,3.79206325816
1.72979458591,3.70145443051
1.24567071479,0.797567023769
1.7198554,3.65920747409
1.36599603569,1.86714237355
1.47181764443,2.49195288602
1.62611247772,3.24731155152
1.8449889381,4.17559159855
1.85946415174,4.23342653239
1.58394438189,3.05243476747
1.60310364057,3.14184007221
1.43954314372,2.31465510216
1.37009101834,1.89415894919
1.59571622702,3.10754502862
1.99941094905,4.77700771551
1.95483835186,4.60665620355
1.64072308093,3.31329543148
1.53486227584,2.81584992466
1.4656225593,2.45861425146
1.23019092711,0.537135658217
1.49226849762,2.59992478528
1.35129563755,1.76746553901
2.03325020237,4.9048400452
1.56102421627,2.94339850221
1.45870619438,2.42102158495
1.96125680747,4.63133322666
1.38783957413,2.00793098465
1.86598495512,4.25936925241
1.97880888152,4.69855991
1.29013274698,1.28789718512
1.92647219402,4.49697027215
1.88618491845,4.33931356897
1.79306247734,3.96512590185
1.93251331945,4.52041778009
1.95044295995,4.58972767203
1.98533870228,4.72347673696
1.39478162545,2.05109349436
1.60952746824,3.17148721793
1.25616863611,0.935049319673
1.21913658541,0.207243501359
1.63662747953,3.29487304349
1.86243218041,4.24524309336
1.8946291837,4.37255062464
1.27392638418,1.13216686233
1.3894683869,2.01812164216
1.5015827134,2.64811576722
1.83604385114,4.13967754775
1.44218567641,2.32952646391
1.61493407737,3.19631734261
1.45096363707,2.37844986689
1.31602077215,1.50684640333
1.79437683089,3.97051481542
1.8652623951,4.25649790633
1.64245337267,3.32106149922
1.35279957412,1.77786906892
1.90561501706,4.41563617871
1.80310712199,4.00622471504
1.90748634607,4.4229582128
1.88492441625,4.33434310471
1.42211975791,2.21481851123
1.6558229403,3.3807374645
1.65127256913,3.36049138488
1.5690464164,2.98183366354
1.79985544603,3.99294133037
1.81712411575,4.06325846418
1.48384306796,2.55581481748
1.37793953608,1.94510930181
1.39670149468,2.06290835552
1.74059516079,3.74709383171
1.22362032574,0.377208138668
2.02110517118,4.8591015656
1.47564012354,2.51237184884
1.86800465739,4.26739088679
1.32322091233,1.56298887025
1.75634876389,3.81318104394
1.88997230395,4.35423391857
1.335035997,1.65160129649
1.22857659387,0.502508867981
1.69979687606,3.57319032117
1.71319330408,3.63075289743
1.81509706414,4.05503302867
1.62073444482,3.22283458303
1.37864116612,1.9496132026
1.59608304124,3.10925308194
1.26700914579,1.05943041459
1.80622119142,4.01892717601
1.51264109417,2.70459383152
1.73823528801,3.73714526194
1.70506196494,3.5958695905
1.44327944139,2.33566206468
1.31218995443,1.47623572797
1.2731867546,1.1245956907
1.98040001785,4.70463603603
1.44298146379,2.33399166278
1.89748016092,4.3837486244
1.82021257633,4.07577658381
1.91388685096,4.44796462211
1.31134751212,1.46943069357
1.49574420995,2.61797643348
1.96638987929,4.65103192617
1.72167584555,3.66696349214
1.23458969912,0.621970264625
1.42555294097,2.23474615543
1.56362846388,2.95590885194
1.85365017206,4.21023831867
1.48998630528,2.58802641286
1.45698425988,2.41159917972
1.74940432281,3.78411768068
1.28860594847,1.27395853081
1.2258226124,0.437276363859
1.44552917066,2.34824630747
1.83718871739,4.14428172119
1.84325924546,4.16865752788
1.27772392107,1.17033574753
1.98354901255,4.71665248474
2.01559776218,4.83830915801
1.24236729025,0.749379735744
1.94168411437,4.5559207346
1.61647484256,3.20337329833
1.28187304889,1.21078710031
1.89317097086,4.36681851694
1.97867522417,4.6980493729
1.25049521716,0.863328289878
1.61724026785,3.2068752983
1.39416641327,2.04729651258
1.29128429936,1.29832187185
1.37796517035,1.94527399636
2.03686002998,4.91840517951
1.90143655273,4.39926898339
1.8913735342,4.35974866648
1.61006475628,3.17395969504
1.93040557416,4.51224246514
1.83778760814,4.14668931492
1.95767112215,4.61755363229
1.71597135555,3.64263186004
1.62943059044,3.2623617365
1.27439992314,1.1369900335
1.53934195878,2.83794149873
1.33716019528,1.66711372822
1.33649965736,1.66230287373
1.88525872817,4.33566160863
1.71876067372,3.65453942133
1.78260928422,3.92214591674
1.90281657207,4.40467731914
1.6842740822,3.50588971454
1.94993878039,4.58778430945
1.28507468865,1.24118616422
1.44639248251,2.35306270006
1.33990205664,1.68696176597
1.24597315633,0.801840239276
1.51428977195,2.71294836945
1.83003887438,4.11549098811
1.77736680992,3.900507986
1.2269347286,0.464704351703
1.75456039246,3.80570671527
1.35853942426,1.8171310237
1.40096664174,2.08897418785
1.75473710901,3.80644559949
1.65234717768,3.3652786203
1.56787125185,2.97622210254
1.88979764539,4.35354632114
1.58943438977,3.07820837989
1.61851774034,3.21271521587
1.38271978522,1.97563609306
1.65487779658,3.3765376256
1.63206308441,3.27427459694
1.25774819102,0.954112828783
1.89915529443,4.39032268368
1.94019909021,4.55017917307
1.94114486939,4.55383617638
1.50697534897,2.67575452082
1.37087737964,1.89931213538
1.77351410969,3.88457031743
1.54988964414,2.88953921146
1.39423842149,2.04774121188
1.34032127472,1.68997945119
1.74901778592,3.78249681138
1.50804132252,2.68119584965
1.60136853409,3.13380461226
1.85039110272,4.19721590894
1.24999572926,0.856742766114
1.71498255571,3.6384059871
1.50984348814,2.69037879912
1.87298755176,4.28715412109
1.51810373516,2.73221198639
1.49054832823,2.59095993859
1.55605143887,2.919419761
1.70104426134,3.57857005089
1.81626433027,4.05977051307
2.00193057222,4.78656880376
1.5855240001,3.05986359816
1.43815080866,2.30679194723
1.27246858768,1.11719937326
1.55141191788,2.89693882253
1.54404026942,2.86099631285
1.88823066723,4.34737540933
1.70234007376,3.58415425581
1.64695107889,3.34120212674
1.28143221167,1.20654746717
2.0070042972,4.80580045104
1.3319287695,1.6286892189
1.35563025918,1.79731804827
1.8649605382,4.25529812767
1.61603049529,3.20133930948
1.35772797527,1.81162215064
1.39301519155,2.04017691001
1.45469424324,2.39902826779
1.63167804106,3.2725336635
1.60134334744,3.13368788268
1.66190416379,3.40769304559
1.58703102544,3.06694113486
1.25040720336,0.862171327808
1.24070209603,0.723926251167
1.59065046111,3.08390024842
1.81093369011,4.03811515136
1.22633581523,0.450138039246
1.7637738114,3.84413860203
1.24072847213,0.724336126598
1.62083440768,3.22329049568
1.80236929352,4.00321238521
1.22099499009,0.28996223146
1.71551447188,3.64067956515
1.67701208697,3.47417297215
1.82799194715,4.10723211968
1.76527812144,3.85039608236
1.59364085311,3.09787082875
1.78858763505,3.94675342591
1.52075456471,2.74554952171
1.22066332523,0.277008033807
2.04168367382,4.93651081936
1.84506582184,4.17589969712
1.57956507671,3.03178305624
1.29114917784,1.29710251243
1.22285844725,0.354091853455
1.84383926786,4.17098330774
1.45220162522,2.38529254994
1.25664386647,0.94082292972
1.2338397213,0.608322957903
1.65729382102,3.38726786707
1.77112984707,3.874691778
1.69230529511,3.54079248231
1.30092922907,1.38289348066
1.81181168775,4.0416855521
1.365176381,1.86169743767
1.74131540015,3.75012758719
1.76791561165,3.86135560709
1.86997276932,4.2752014659
1.80290037744,4.00538074391
1.83254246325,4.12558242383
1.91590492634,4.45583731856
1.73950901046,3.74251653138
1.67453454872,3.46331747575
1.64422342474,3.32899571686
1.94224452765,4.55808672604
1.38725669882,2.00427455694
1.59989596498,3.12697564182
1.98290875188,4.71421020906
1.7534447589,3.80104045174
1.82642277064,4.10089587472
1.24172528688,0.739666062772
1.55352807785,2.90720597279
1.67903942575,3.48304261094
1.24807085886,0.830901665643
1.36247987041,1.84369447133
1.69805308105,3.56566270202
1.79292788195,3.96457386378
1.80539960547,4.0155776567
1.84987395941,4.19514793104
1.76834604493,3.86314277928
1.54717651766,2.87632190995
1.69140429579,3.53688575427
1.64532886676,3.33394558043
1.80490298036,4.01355235264
1.27200380405,1.11238864976
1.51747908889,2.72906301553
1.80989055986,4.03387137972
1.75236291091,3.79651286249
1.38434434388,1.9859274927
1.42391653747,2.22526404501
1.73090194354,3.70614645526
1.36872721392,1.88519531443
1.75798119881,3.81999751254
1.8603819098,4.2370818923
1.87613594039,4.29962147875
1.75898535543,3.82418761796
1.35559249957,1.79705972982
1.41880509212,2.19545337406
1.24552662003,0.795523393343
1.97242267978,4.67414266108
1.55725590493,2.92523870093
1.56403142225,2.95784172419
1.81241107758,4.04412216924
1.46438036357,2.45189194551
1.58229500234,3.04466644228
1.55843967934,2.93095079427
1.94963975945,4.58663158023
1.46634474352,2.46251662334
1.89043721936,4.35606398237
2.04484049786,4.94834724189
1.48499449556,2.56187290777
1.97378332172,4.6793490462
1.88105780928,4.31908127009
1.37326520534,1.91489300519
1.5591868941,2.93455285209
1.88081625366,4.318127081
1.9160923602,4.45656822997
1.85378821143,4.21078950478
1.24628438865,0.806215088273
1.7057717266,3.59892128712
1.3406944064,1.69266165645
1.42916705184,2.25558497282
1.84269884509,4.16640989106
1.55947398127,2.9359360812
1.36340840315,1.84990947513
1.98630363558,4.72715457886
1.61293629365,3.18715526415
1.86789313999,4.26694814125
1.97245123763,4.67425195805
1.78148992029,3.9175305161
1.26522601694,1.03992354671
1.24953474053,0.850621956203
1.88549345054,4.33658723815
1.45668287424,2.40994736028
1.89025515162,4.35534734035
1.43838733977,2.30812909864
1.42940307052,2.25694097993
1.91519283323,4.45306002034
1.91614695771,4.4567811277
1.60699673245,3.15982647426
2.02336012529,4.86760549086
1.80141920414,3.99933193495
1.46758182406,2.46919139335
1.62413784915,3.23833653416
1.75788209078,3.81958383904
1.22708133376,0.468201991417
1.29786396528,1.35651993952
1.30612717028,1.4266390601
1.66084956427,3.40302667564
1.44721639971,2.35765280875
1.93442709036,4.5278356485
1.81635276226,4.06012932331
1.88099333737,4.31882660282
1.30803595491,1.44241290801
1.97449786278,4.68208229686
1.97299778513,4.67634352381
1.3446167133,1.72064805001
1.89755153163,4.3840288013
1.24028191201,0.717366342507
1.48903640248,2.58306326327
1.38106460837,1.96510782826
1.70884530983,3.61212133082
1.4549204515,2.4002720733
1.28868520311,1.27468541539
1.75665917292,3.81447765186
1.70420109665,3.59216642241
1.29592086681,1.33956557394
1.33258789601,1.63357186169
1.39979275954,2.08182482222
1.82531054845,4.09640215132
1.26965984064,1.08783085615
1.95330532422,4.60075460809
1.31773342887,1.52036058942
2.03285225302,4.90334379586
1.23271340101,0.587248160059
1.95885507574,4.62210525468
1.7152146714,3.63939821097
1.51664179543,2.72483837513
1.8689092733,4.2709816657
1.28858555063,1.27377139192
1.87412829823,4.29167314649
1.41382544468,2.1661220552
1.66695475934,3.4299935784
1.23640033912,0.653777415517
1.99270818578,4.75153840522
1.81564777853,4.05726847637
1.76257516934,3.83914913503
1.84100563696,4.15961560478
2.00869029626,4.81218485479
1.80678257067,4.02121513104
1.33855327256,1.67722233612
1.6932542775,3.544904855
1.7622522115,3.83780426217
1.98207447448,4.71102714055
1.62492281783,3.24190601734
1.73862670272,3.73879625461
1.8692958044,4.27251557024
1.3326465465,1.63400573962
1.29982256813,1.37342302554
2.03974400608,4.92923308733
1.66850252432,3.43681212936
1.71733766261,3.64846704552
2.00538115183,4.79965110789
1.85615856833,4.22024940984
1.32505573984,1.57702390942
1.56109891965,2.94375781373
2.05479408046,4.98560262712
1.64693733005,3.34114066106
2.01828831847,4.84847100656
1.63507367024,3.28786896576
1.38940720899,2.01773959765
1.42735654352,2.24516323668
1.32504449873,1.5769382448
1.29206493506,1.30534664472
1.35107503694,1.76593534969
1.41997790657,2.20231955355
1.3483522785,1.74695946398
2.017122842,4.84407012075
1.77409652694,3.88698160423
1.41794679849,2.19041850994
1.36897820705,1.88684749834
2.02218953048,4.86319159416
1.25232306725,0.887032676493
1.77493351181,3.89044560338
1.80098442454,3.99755559128
1.96122967898,4.63122903273
1.44299789558,2.33408379822
1.89900573978,4.38973592119
1.58949544894,3.07849431672
1.6558713834,3.38095265019
1.59710630344,3.11401497399
1.55130889427,2.89643840317
1.7809253102,3.91520153292
1.5714099038,2.99310043229
1.5772008641,3.02059926611
1.7625961153,3.83923635121
1.62473050314,3.24103171005
1.58378251135,3.05167289934
1.29364331085,1.31944865228
1.77357796085,3.88483470432
1.26898730601,1.08069017231
1.8255203408,4.09724994524
1.22109375646,0.293710130018
1.49524897479,2.61540940558
1.4322208733,2.27308489713
1.78631654945,3.93741382043
1.27733092916,1.16643854015
1.62507644724,3.24260435728
1.93304351354,4.52247332086
1.9004849893,4.39553819155
1.72559659044,3.68364009705
1.48611240419,2.56774544772
2.04858315927,4.96236726465
1.91782942216,4.46333972612
1.70003446883,3.57421533239
2.01123302478,4.8218075762
1.43197248441,2.27166515019
1.44623313246,2.35217421655
2.01144180781,4.82259738351
1.57710166076,3.02012945125
1.82772419023,4.10615123958
1.65138802647,3.36100590919
1.94547335155,4.57055824166
1.43057041488,2.26363910543
1.35693623713,1.80623408555
2.03614028652,4.91570157164
1.54222812903,2.85211782342
1.48634446597,2.56896337314
1.57492613747,3.00981545707
1.58092009764,3.03818187821
1.24795274348,0.829291082781
1.39996294693,2.08286247385
1.68922644945,3.52743337561
1.48391615427,2.55619963875
1.43707930946,2.30072760473
1.86333585871,4.24883810011
1.28695214895,1.25870525502
1.87158378536,4.281590389
1.54903565489,2.88538294075
1.74352864508,3.75944261582
1.74415006327,3.76205599544
1.77126699727,3.87526034424
1.69455646215,3.55054380574
1.8209244719,4.07865959167
1.44112472993,2.3235639441
1.80575670433,4.01703366701
1.55717987506,2.92487159956
1.67748061097,3.47622382989
1.53620898294,2.82250261436
1.75981046308,3.82762895
1.64065266852,3.31297918753
2.02514875945,4.87434699896
1.65266351713,3.36668716544
1.32455705906,1.57321984966
1.89564878224,4.37655673555
1.60869589419,3.16765832837
1.74224665667,3.75404840191
1.36159822316,1.83777777431
1.41062723677,2.14712777532
1.54207301744,2.85135706293
1.78135231801,3.91696297444
1.56380921484,2.95677595559
1.85084805259,4.19904281553
1.41824008953,2.19213995184
1.58439644023,3.054561854
1.24659823322,0.810603845
1.69178968415,3.53855706932
1.75678997507,3.81502396146
1.45081473026,2.37762588721
1.24131272292,0.733358652631
1.83896233306,4.15141003332
1.92127652787,4.47676516634
1.43179858847,2.27067081013
1.79388064391,3.96848082056
1.79813103395,3.98588875369
1.91228384392,4.44170712735
1.49088460766,2.5927141184
1.55727345716,2.92532344588
1.90621271787,4.41797536744
1.39755393796,2.06813782934
2.03841851119,4.92425756215
1.41508280105,2.17355577534
1.90741218546,4.42266813525
1.47908258122,2.53066462753
1.68293585861,3.50005635782
1.85298325689,4.20757491253
1.40718833375,2.1265633864
1.62251689641,3.23095858011
1.23831127558,0.68579518229
1.37433611491,1.92184853824
1.80800612682,4.02619980635
1.34716312952,1.73861901037
1.97758873547,4.69389848264
1.3413551624,1.69740283605
1.22283072178,0.35322238408
1.73730507905,3.73322019147
1.40083567391,2.08817746306
1.81712900499,4.06327829483
1.79655811774,3.97945078165
1.37647388078,1.93567460478
1.46357721577,2.44753882109
1.38294729665,1.97707984962
1.62127068688,3.22527986127
1.63090665999,3.26904439256
1.38882873304,2.01412437534
1.57966764371,3.03226768911
1.57418377626,3.00629114778
2.04271483674,4.94037824231
1.36859142682,1.8843010067
1.63889765615,3.30509150303
2.03005080173,4.89280598087
1.34011889784,1.68852322383
2.0314411194,4.89803675554
1.61205848854,3.18312480017
1.60542015756,3.15254968017
1.28443232944,1.23514102667
2.0406617933,4.93267714779
1.38331993381,1.97944279177
1.60280302627,3.14044874567
1.81824414441,4.06780014808
1.55097898046,2.89483554563
1.57374052621,3.00418567029
1.35280952435,1.77793773561
1.59830728175,3.11959850357
2.02218092533,4.86315914185
1.76549276768,3.85128855217
1.42111720383,2.20897448013
2.04083165893,4.93331448656
1.93408581345,4.52651319567
2.03199243238,4.90011039797
1.26697214717,1.0590290351
1.42542517746,2.23400688926
1.46006004301,2.4284119325
2.00723482009,4.80667356023
1.38985038308,2.02050588248
2.02547969094,4.87559393728
1.33295136853,1.63625917193
1.29550100936,1.33587723545
1.55900490684,2.93367580436
1.5117600615,2.7001224167
1.82182049577,4.08228698179
1.4645370571,2.4527406142
1.31452439116,1.49495336894
1.41608335398,2.17945781133
1.60456776152,3.14861136299
1.33940442191,1.68337381596
1.35476177201,1.79136901523
1.54363033059,2.85898933982
1.35170963052,1.77033429133
1.99678577658,4.76703855436
1.27289692419,1.12161612915
1.43531860709,2.29073759976
1.96294613069,4.63781972949
1.37351846252,1.91653969374
1.50567761104,2.66912037504
1.94220244536,4.55792409247
1.57297363629,3.00054078769
2.02737087117,4.88271763169
1.78338104225,3.925326582
1.27651855901,1.15834472584
1.65087033099,3.35869851552
1.36248572003,1.84373367724
1.43868648274,2.30981941178
1.50445467742,2.66285875838
1.79963940729,3.99205807814
1.63194683836,3.27374905681
1.57430708828,3.00687673413
1.31172230308,1.47246150316
2.03411698325,4.90809848779
1.37198426,1.90654713153
1.74959351888,3.7849109161
1.87470808923,4.29396919789
1.86995222618,4.2751199704
1.43829339342,2.30759807008
1.39016357674,2.02245908115
1.7442544375,3.76249485544
1.39440925961,2.04879595807
1.50377781566,2.65938897196
1.7179729668,3.65117868781
1.61080149976,3.17734823237
1.7578172329,3.81931311284
1.70612867909,3.60045554479
1.96962754527,4.66344036803
1.89156986311,4.36052111695
1.29249934917,1.30924134865
1.71398026041,3.63411991334
1.24144058938,0.735319077258
1.48872274101,2.58142301324
2.02008380269,4.85524798596
2.01483135632,4.83541312876
1.24991843229,0.85571934814
1.96133279255,4.63162506204
1.493342188,2.60551002316
1.37865747182,1.94971777563
1.3186265393,1.52736739581
1.56812419036,2.97743045421
1.62708499515,3.25172669863
1.98128719673,4.70802264862
1.8904598625,4.35615310527
1.35846489476,1.81662560753
1.5057696991,2.66959149179
1.42703706333,2.24332057934
1.24392539118,0.772466523389
1.24768804099,0.8256708329
1.43113012702,2.26684560137
1.49624668415,2.62057928215
1.66077001547,3.40267455048
1.75642950316,3.81351831989
1.62864515348,3.25880268881
1.3424504838,1.70523826795
2.04211656727,4.93813453679
1.64018843812,3.31089376901
1.46445259981,2.45228320983
1.6508566201,3.35863739372
1.51849239255,2.73417011146
1.91011681788,4.43324224543
1.99644537502,4.76574530375
1.86148606876,4.24147788466
1.52605252008,2.77208255884
1.44350224674,2.33691051125
1.5653277502,2.96405464681
1.25365362578,0.903918171433
1.82141743356,4.08065543573
1.52666548763,2.7751419491
1.59172020094,3.08890212541
1.87926251065,4.31198739691
1.36439322163,1.85648308626
1.98367464478,4.71713165325
1.5378998374,2.83084147079
1.53769140602,2.82981437388
1.29364842853,1.31949415891
2.03379490746,4.90688781616
1.31906558534,1.53080186088
1.43013177119,2.26112389023
1.51664477667,2.72485342474
1.7593063968,3.82552678292
1.76882288582,3.86512218007
1.97245193884,4.6742546417
1.6402753766,3.31128436957
1.89026840584,4.35539951233
1.60263577807,3.13967452061
1.67203531033,3.45234865322
1.39164993405,2.03170895778
1.31471250164,1.49645289407
1.27926709417,1.18552653887
2.05409909399,4.98300454326
1.70111576651,3.57887831315
2.04613368285,4.95319310435
1.5411538411,2.8468462707
2.03832145774,4.92389318114
1.47733803001,2.521405565
1.65487277839,3.37651531926
1.31136442962,1.46956761576
1.32221465454,1.5552463201
1.2557160004,0.929518918035
1.46819587718,2.47249996042
1.49100854359,2.59336042268
1.22579991256,0.436698848165
1.93875636619,4.54459842496
1.86061447572,4.23800797007
1.77556441672,3.89305574829
2.05695071043,4.99366178583
1.52089550226,2.74625747918
1.9111466089,4.43726565313
1.80821376664,4.02704543755
1.47501302989,2.50902980569
1.5412332217,2.84723600107
1.29007465358,1.28736929236
1.2746821804,1.13985607006
1.9546947498,4.60610351273
1.5360533775,2.82173443211
1.86428524221,4.25261353343
1.47876282162,2.52896925001
1.3146010368,1.49556450619
1.24814968905,0.83197491826
1.50416521354,2.66137524654
1.68371261352,3.50344287392
1.95538913016,4.6087757825
1.84650936371,4.18168261324
1.29040519937,1.29037038564
1.44065877619,2.32094183299
1.64721774382,3.34239415893
1.23678341562,0.660316275067
1.57489890461,3.00968621451
1.52080425778,2.74579915328
1.83711299758,4.14397727717
1.85019277238,4.19642286803
1.95749272122,4.61686763277
1.91594910852,4.45600961443
1.30468173251,1.41459274369
1.44753477956,2.35942483538
1.96981913355,4.66417423951
1.98882863695,4.7367735411
1.84824325392,4.1886240926
1.98699092715,4.72977353451
1.39301999628,2.04020666368
1.92322107166,4.4843314499
2.03307074713,4.90416533188
1.51164322402,2.69952908308
1.23961394165,0.70681734777
1.27642117733,1.15737103959
1.64049492423,3.31227064879
1.28287414287,1.22036551509
1.24634234029,0.807027188881
1.51206959919,2.701693928
1.3265994567,1.58875102248
1.37085592881,1.89917171001
1.77231653959,3.87960999653
2.0254927537,4.87564315496
1.24943521613,0.849295022077
1.55962223577,2.93665023817
1.95287306669,4.5990900437
1.92162742087,4.47813088155
2.01353857883,4.83052665588
1.36329565345,1.8491556895
1.83867299568,4.15024752828
1.85557093917,4.21790508045
1.92224128073,4.48051969167
1.76362495003,3.84351911964
1.83078555783,4.11850185389
1.35375097219,1.78442501071
1.44554690142,2.34834529731
1.92976008074,4.50973761157
1.47984896754,2.53472491016
2.03221123648,4.90093329417
1.21943635572,0.222665281383
1.38226947651,1.97277608168
1.36733825187,1.87603155277
1.89024050116,4.35528967212
1.82737058158,4.1047236001
1.27711686052,1.16431069027
1.45615056397,2.40702796749
1.27154984816,1.10767153696
1.42990828125,2.25984160287
1.63121659254,3.27044659289
1.23241475223,0.581535312659
1.85869254067,4.23035221791
1.53405798206,2.81187202218
2.0080979553,4.80994218122
1.54368055004,2.85923525062
1.23621304011,0.650557168829
1.46802416228,2.47157505363
1.62953971774,3.26285605321
2.04940667104,4.96545026342
1.82813810189,4.10782206335
1.36651489153,1.87058260548
1.94199214069,4.55711130316
1.99048335446,4.74307319931
1.23525039474,0.633756135772
1.60320541264,3.14231102113
1.21818774534,0.14824072336
1.80923695962,4.03121130575
1.57679703296,3.01868649908
1.42163865036,2.21201547906
1.39136651479,2.02994767786
1.90278794359,4.40456515092
1.51829849264,2.73319332193
1.9346185455,4.52857747288
1.96961829606,4.66340493817
1.74815944503,3.77889631749
1.44890546612,2.36704303712
1.44103785258,2.32307521011
1.7577200085,3.81890726686
1.8671247969,4.26389714088
1.46865536373,2.4749737213
1.56977806859,2.98532418756
1.6329101244,3.27810258957
1.2332377575,0.597149637074
1.97939504632,4.70079866276
1.81820878472,4.06765680031
1.2512801733,0.87358251013
1.91875175917,4.46693354121
1.98958480114,4.73965271489
1.74631503874,3.77115392691
1.43721085872,2.30147274829
1.50699475117,2.675853625
1.984094679,4.71873355477
1.39186954529,2.03307290642
1.93772812535,4.54061933271
1.5600246015,2.938587942
1.90369569494,4.40812121033
1.26942444872,1.08533647999
1.84593916907,4.17939879478
2.0515744636,4.97356265092
1.38853044228,2.01225823945
1.50349372095,2.65793173766
1.55649555389,2.92156616598
1.79892707601,3.98914515097
1.52749252089,2.77926637136
1.9724660499,4.67430864733
1.51376892012,2.71031079592
1.89362098867,4.36858782918
1.56332914817,2.95447262709
2.0255376508,4.87581231617
1.50569420491,2.66920527225
1.89571502268,4.37681694895
1.82503862369,4.09530315739
1.46233250742,2.44078179975
1.76854680393,3.86397620285
1.60818233951,3.16529239967
2.04931225537,4.96509683174
1.859747544,4.23455540621
1.80646767485,4.01993181568
1.6461191953,3.33748198826
1.81578202388,4.05781331823
1.54529956073,2.86715607263
1.34365401964,1.7138138314
1.71145810287,3.62332320977
1.94122684951,4.55415311094
1.85903420761,4.23171363274
1.2191511881,0.208021142726
1.73596355452,3.72755598034
1.74490503816,3.76522985994
1.221153976,0.295972145319
1.50515891211,2.66646572761
1.40687989461,2.12471168334
1.58085975583,3.03789709591
1.22524600733,0.42236549939
2.05792817317,4.99731298778
1.7324351101,3.71263784678
2.0583108396,4.99874214087
1.62997019768,3.26480560167
1.79778431465,3.98447003578
1.93975626956,4.54846654016
1.56641003615,2.96923570253
1.22035653731,0.264464509391
1.50169469157,2.64869160621
1.3773658203,1.94142045189
1.38262617845,1.97504183988
1.40773241616,2.1298268282
1.51402063838,2.71158569451
1.66522435008,3.4223618354
1.67510899543,3.46583604914
1.6414246964,3.31644569705
1.86201702918,4.24359110576
1.35795638737,1.81317418466
1.60500484148,3.15063115301
1.68670828878,3.51648752644
1.98432382005,4.719607353
1.66790237209,3.43416906423
2.00638350871,4.8034489143
1.33452603759,1.64785916407
1.67534547832,3.4668725912
1.25384292897,0.906296405994
1.74326050457,3.75831467514
1.90787033823,4.4244600657
1.92631120676,4.49634476431
1.94759694703,4.57875348895
1.45501637172,2.40079935416
1.4084152585,2.13391727912
1.75837991672,3.82166153049
1.54174987227,2.84977175845
1.79811230794,3.98581213588
1.69123952071,3.53617104879
1.78547553941,3.93395264453
1.34400328717,1.71629588149
1.58915905321,3.07691879989
1.39879869942,2.07575609112
2.00522670699,4.79906583709
1.87440392459,4.29276472902
1.7679899325,3.8616642175
1.46853170224,2.47430812582
2.01931564135,4.85234901437
1.48077085788,2.53960322483
1.24362599849,0.768081980431
1.40191758814,2.09475227874
1.23624156591,0.651048611741
2.01585842918,4.83929400016
1.63392488527,3.28268528895
1.22334187416,0.368925923274
1.51023551204,2.69237366129
2.01629029408,4.84092549499
1.75185977831,3.7944063393
1.65322279439,3.36917664305
1.95498866188,4.60723468423
1.38472821711,1.98835326519
1.86970647093,4.2741449977
1.96893326647,4.66078059024
1.77555514994,3.89301741624
1.97256209009,4.67467620471
1.520758824,2.74557091873
1.42111670037,2.20897154253
1.48885066784,2.58209207332
1.29342051391,1.3174661819
2.01044260393,4.81881705628
1.93279962229,4.52152781054
1.66282164629,3.41174991637
1.93508322427,4.53037774709
1.36058862923,1.83098367897
1.49539746598,2.61617927776
1.62005214878,3.21972178095
1.79363457145,3.96747192979
1.73726218946,3.73303916753
1.32720593313,1.59333832181
1.82669989767,4.10201521357
1.58743143305,3.06881997802
1.74277358243,3.75626600116
1.3052123149,1.41902495956
1.75475120876,3.80650455016
1.51566625401,2.71991086414
1.49178873622,2.5974265299
1.74235091112,3.75448721385
1.749147756,3.78304185384
1.8892772676,4.35149742596
1.847300857,4.18485190819
1.57097981752,2.99105210462
1.68205182561,3.49620004116
1.78711635951,3.94070412775
1.60837098399,3.16616159593
2.02086683824,4.85820244482
1.4299274931,2.25995185281
1.73209947446,3.7112172529
1.21793190779,0.127760313578
1.87109483134,4.27965173538
1.75099884833,3.79080047431
1.51778440464,2.73060246706
1.50955366036,2.68890335634
1.34087647674,1.69396917262
1.80554707891,4.01617898385
1.77777138821,3.90217985132
1.70546733304,3.59761267574
1.64893681329,3.35007309746
1.96579897435,4.64876589996
1.8324374025,4.12515916547
1.65744750589,3.3879498036
1.86716414572,4.26405341294
1.34064919101,1.69233681855
1.37346268737,1.91617713686
1.66174268707,3.40697876923
1.58459001657,3.05547242842
2.01121054372,4.82172252958
2.02490422568,4.87342553023
1.93316589028,4.52294771784
1.65844324047,3.39236632469
2.03972486062,4.92916123354
2.038896429,4.92605173408
1.84588301114,4.1791738343
1.5962250028,3.10991397285
2.00178147487,4.78600322828
1.66453410971,3.4193150843
1.25493483767,0.919901051558
1.34832001785,1.74673362288
1.68566363294,3.51194144838
1.31483696308,1.49744433246
1.29438192958,1.32600218656
1.67413272364,3.46155516009
1.93795899332,4.54151286658
1.59974037782,3.12625360977
1.26595578916,1.047947593
1.92162968905,4.478139709
1.33737783604,1.66869633905
1.92450706576,4.48933248617
1.60193919767,3.13644872628
1.6494924785,3.35255315546
1.74501785812,3.76570403573
1.4999879179,2.63990569818
1.92714462717,4.49958260165
1.35840080802,1.81619091785
1.61318416624,3.18829285165
1.28649507718,1.25446037901
1.88934663284,4.35177056241
1.95427289616,4.60447974765
1.87005411433,4.27552415861
1.48893397989,2.58252773482
1.44932470359,2.36936968079
1.90308272136,4.40572005318
2.03109714708,4.89674281969
1.59507160173,3.10454203659
1.70551009843,3.59779654212
1.49563169192,2.61739334806
1.22472199541,0.408349109225
1.89055959986,4.3565456603
1.98830919994,4.73479535081
1.65441352457,3.37447355228
1.45038476341,2.37524552552
1.56726043275,2.973302844
1.73360538128,3.71758897895
1.83340087925,4.12904000823
2.00134067035,4.78433096664
1.42354597594,2.22311273383
1.31994974806,1.53769845055
1.50326609823,2.6567637926
1.56454116649,2.96028572138
1.58497835358,3.05729866579
1.96344094702,4.6397190174
1.22081699611,0.283083398214
1.30979408828,1.45681076956
1.50775671499,2.67974375754
1.43315936313,2.27844337006
1.84215446747,4.16422601109
1.22060868558,0.274815682388
1.86558763258,4.25779045373
1.25969642833,0.977145686325
1.25712282903,0.946608441967
1.70589179631,3.59943740943
2.01502905886,4.83616025085
2.02509324295,4.87413780345
1.40838281006,2.13372303489
1.74414579808,3.76203806117
1.42906114563,2.25497631364
1.74778709277,3.7773338894
1.66628667324,3.42704814732
2.00732928008,4.80703131214
2.00452349699,4.7964006806
1.4844885798,2.55921228372
1.26329658888,1.018427308
1.42332780981,2.22184544877
1.67832501857,3.47991842566
1.68911031994,3.52692897663
1.88227644966,4.32389377902
1.48859879188,2.58077464602
1.68537140143,3.51066918163
1.96766395589,4.65591636853
1.84577068913,4.17872387296
1.6008760975,3.13152191898
1.48189933938,2.545566142
1.45973677734,2.42664872264
1.46989476944,2.4816379233
1.24695355365,0.81554541129
1.78922995428,3.9493930396
1.49723927455,2.62571594451
1.96978511089,4.66404392027
1.48792140297,2.57722935661
1.91828220147,4.46510409135
1.90404613119,4.4094937087
1.2766193883,1.15935209998
1.66372134014,3.41572562168
1.70636551771,3.60147334392
1.91103948604,4.43684719162
1.29261169867,1.31024693724
1.86464692291,4.25405146075
1.76237124414,3.83829996842
1.93949029262,4.54743773783
1.99067893311,4.74381757788
1.88744239604,4.34426974514
1.75999675866,3.82840574066
1.28899263085,1.27750149968
2.0203910698,4.85640740831
1.73002580354,3.70243437407
1.77177139183,3.87735101042
1.79497457679,3.97296448927
1.31737350951,1.51752908071
1.89617129544,4.37860915941
1.87872380127,4.3098578071
1.38354986919,1.98089975375
1.9213955467,4.47722841981
1.32979801829,1.6128207396
1.7448322663,3.76492398857
1.78680339347,3.93941678092
1.9302303951,4.51156273308
1.88919954941,4.35119139001
1.38865314635,2.01302604888
1.62323619797,3.2342337323
1.39686142186,2.06389022533
1.62925914828,3.26158506624
1.7933347987,3.96624270958
1.75611886907,3.81222061495
1.47703822167,2.51981203397
1.8551937108,4.21639984336
1.5451552286,2.86645049633
1.82347160384,4.08896742923
1.87395428213,4.2909839179
1.8543854558,4.21317392121
1.86793599682,4.26711829344
1.26081524568,0.990146349864
1.33585108388,1.65756789629
1.23176711633,0.568954539535
2.02228941344,4.86356827391
1.22423569354,0.394902207684
1.23967880778,0.707848394632
1.33383817053,1.64280029866
1.50090024432,2.64460444207
1.26112043951,0.993665159791
2.00224179588,4.78774929828
1.89491441019,4.3736714623
1.28599490429,1.24980043468
2.04616610559,4.95331457825
2.00044311224,4.78092526942
1.68887553835,3.52590910759
1.30269610926,1.3978973653
1.28960107732,1.28305870899
1.4464755581,2.35352580804
1.64479642212,3.3315619434
1.4574776322,2.41430152742
1.67053695071,3.44576369456
1.82135448629,4.08040060667
1.96570284715,4.64839722744
1.79922998208,3.9903839398
1.27524695405,1.14557114057
1.36411607956,1.85463505391
1.91204788342,4.44078573109
1.38897250347,2.01502334286
1.73499005045,3.72344298208
1.68013620427,3.4878360871
1.24418462363,0.776243768818
1.67997322822,3.48712401837
1.92064600777,4.47431069058
1.66264750549,3.4109801096
2.01618381124,4.8405232438
1.37339125743,1.91571274
1.46486083508,2.45449358763
1.9236810529,4.48612050362
1.68691085749,3.51736869986
1.98226335991,4.71174787741
1.8402029394,4.15639294921
1.64231520852,3.32044174399
1.74122015208,3.74972645698
1.37763233705,1.94313476826
1.25206472646,0.883718898874
1.85494834932,4.21542066449
1.64701843166,3.34150322563
1.65901393102,3.39489619242
1.81841427762,4.06848983445
1.95547164241,4.60909328469
1.47338179257,2.50032202053
1.40296263803,2.10108833186
1.45071579772,2.37707833036
1.26079629559,0.989927475716
1.83556538675,4.13775269731
1.86841088499,4.26900352363
1.50895137146,2.6858355648
1.98446456996,4.72014405346
1.22533312944,0.424651579362
1.44983223284,2.37218416335
1.57557556806,3.01289656429
1.56430791488,2.95916753521
1.77259379275,3.88075864163
1.84940290937,4.193263889
1.93620763112,4.53473279192
1.41612638635,2.17971138455
1.97710911827,4.69206568038
1.7932828459,3.96602965893
1.83281682636,4.12668766048
1.75642762971,3.81351049399
1.73430725442,3.72055687394
1.96697673276,4.65328199706
1.30564672943,1.4226448931
1.39303188591,2.04028028986
1.97259088849,4.6747864175
1.43254916252,2.27496035826
1.68979235403,3.5298908002
1.54896839834,2.88505545363
1.59769705446,3.1167621902
1.31285995023,1.48162857187
1.28691923118,1.25839997223
1.79021100138,3.95342308219
1.35956717205,1.82408915382
1.80695143953,4.02190325669
1.90512984205,4.41373700421
1.99520484565,4.76103119062
1.47092602453,2.48717357292
1.96760687848,4.65569759219
1.66061153735,3.4019729839
1.38416429654,1.98478894777
1.88332251097,4.32802297336
1.87706836869,4.30331089447
1.59428406193,3.10087097879
1.96025655998,4.62749092211
1.89100466973,4.35829722653
1.77804238554,3.90329952349
1.26843676551,1.07481229857
1.33028710914,1.61647469919
1.75681128331,3.81511295412
1.89279454716,4.36533832327
1.85877832108,4.2306940384
1.44482369457,2.34430527005
2.03071320042,4.89529836557
2.04923419751,4.96480462646
1.47609369939,2.51478725927
1.73569109622,3.72640508487
1.50122193422,2.64625992844
1.82746787088,4.10511641236
1.66019008535,3.40010688017
1.55617128256,2.91999905985
1.49437010683,2.61084971891
2.00618366626,4.80269182421
1.94342867603,4.56266211846
1.97517274977,4.68466330668
1.45783354927,2.41624968241
1.81472601083,4.05352654472
1.8131574867,4.0471555184
1.6136560547,3.19045790021
1.55954361881,2.93627154545
1.77028448871,3.87118641191
1.55840949631,2.93080523588
1.40783462052,2.13043943948
2.03031258082,4.89379102256
1.2918633424,1.30353577537
1.8088503517,4.02963748428
1.8472168866,4.1845157236
1.52468069438,2.76522782261
1.48385062757,2.55585462289
1.64738824813,3.34315621711
1.89937601503,4.39118859968
1.34944094734,1.75456681601
1.96826491458,4.65821959021
1.58951758503,3.07859797497
1.62884335521,3.25970100425
1.62573645704,3.24560354778
1.23515454654,0.632059580331
1.64584098368,3.3362373351
1.66058518281,3.40185630748
1.84773426016,4.18658689823
1.49796994153,2.62949291084
1.29281627193,1.31207622299
1.66222292664,3.40910282605
1.54235377605,2.85273397926
1.68993713365,3.53051935899
1.56589463417,2.96676908227
1.6186535813,3.21333585437
1.61053477741,3.17612172282
1.46539249954,2.45737021052
1.97958347393,4.70151824302
1.29469267452,1.32875078294
1.22865762121,0.504302430371
1.5574770014,2.92630607968
1.41201427904,2.15538074277
1.40217831672,2.09633440559
2.02690595468,4.88096673278
1.4751631806,2.50983029716
1.64939051272,3.35209813428
1.73028637213,3.7035385586
1.4397658669,2.31591114962
1.33052901416,1.61827939883
1.78985043541,3.95194213446
2.04969555781,4.96653161506
1.4764934466,2.51691471094
1.89888599701,4.38926609939
1.90482176446,4.41253088866
2.02838927364,4.88655219622
1.33860045715,1.67756383957
1.45471115579,2.39912127702
1.54909863216,2.88568957025
1.22949600979,0.522505787594
1.72769771948,3.69256164023
1.66269316897,3.41118197858
1.60657062615,3.15786069978
1.46853636681,2.47433323462
1.61578416882,3.20021144014
1.80120842577,3.9984708199
1.54625392316,2.87181882362
2.0394496351,4.92812825827
1.26511176528,1.03866212725
1.81910656193,4.07129567809
1.65122223521,3.3602670633
1.66776721945,3.43357370374
1.87125703217,4.28029488658
1.66346263518,3.41458267045
1.9751083994,4.68441723111
1.73361516208,3.71763034543
1.99991112209,4.77890626042
1.3742945147,1.92157871478
1.39070382829,2.02582490805
1.60056861061,3.13009607341
1.71187448833,3.62510676741
1.6177229213,3.20908243745
1.81902150001,4.07095096695
1.76667703496,3.85621080883
1.41024265682,2.14483532379
1.39119016468,2.02885117777
1.41872109937,2.19496103687
1.61691117171,3.20536987213
1.69390855848,3.54773871696
1.48912577566,2.58353050076
1.99354588161,4.75472427463
1.92070894582,4.47455571883
1.65901366242,3.39489500193
1.7455635848,3.76799728369
2.00009526565,4.77960515779
1.87751883028,4.30509279633
1.24062156358,0.722673420374
1.39422853371,2.04768015251
1.50067728698,2.64345665504
1.43305834689,2.27786703701
1.89642852337,4.37961940118
1.44899664814,2.36754920755
1.50361504145,2.65855410259
1.47034722801,2.48406770567
1.68400027061,3.50469657457
1.71327535109,3.63110401155
1.62026735604,3.22070379263
1.44188439483,2.32783436811
1.24511691968,0.789685207162
1.71781352166,3.65049822989
1.52869628304,2.78526261
1.24450335359,0.780863972585
1.26204207439,1.00422165359
1.5916126658,3.08839952816
2.04249461255,4.93955237192
1.33629058675,1.66077775576
1.51929853042,2.73822870831
1.41784082331,2.1897962542
1.36357962388,1.85105369966
1.73055698168,3.7046851203
1.31613111339,1.50772019992
1.43476808037,2.28760754932
1.75087689273,3.79028954914
1.79026300642,3.95363666063
1.77806679889,3.90340038407
1.72964815386,3.70083375766
1.29984070996,1.37357873879
1.83367937609,4.13016148189
2.04291558721,4.94113104096
1.89651278816,4.37995032341
1.50546781008,2.66804684339
1.47236908474,2.49490561282
1.48583730327,2.56630113863
1.99377441958,4.7555932969
1.53045896746,2.79402824799
1.38878271101,2.01383654375
1.76925498668,3.86691544726
1.40272013199,2.09961932065
1.44090423208,2.3223233764
1.39828050156,2.07258716478
1.49041181083,2.59024757841
1.94081273238,4.55255204826
2.01044850899,4.81883940029
1.64810605365,3.34636336425
1.73377699367,3.71831475572
1.55116391289,2.89573409102
2.02395082991,4.86983227797
1.7651398013,3.84982091395
1.86176431512,4.24258536057
1.26825918991,1.07291008183
2.04219761252,4.93843850406
1.24835055183,0.834703680343
1.83139746655,4.1209685397
1.5658902764,2.96674822149
1.98392917352,4.71810238427
1.35989543416,1.82630709634
1.43216001139,2.27273708053
1.34058799015,1.69189705541
1.74679079574,3.77315178257
1.242435278,0.750401336346
1.76412246654,3.84558933457
1.81827074809,4.0679079976
1.5327315654,2.8053040341
1.60247468665,3.13892869239
1.49200155448,2.59853493297
1.94595371944,4.57241255013
1.83226758704,4.12447498919
1.99972357192,4.77819439471
1.25718603509,0.947369449355
1.73041697504,3.70409193976
1.83014419599,4.11591573743
1.55443057517,2.91157792473
1.9004167005,4.3952704019
1.64777063248,3.34486491502
1.92095738054,4.47552286369
1.71675567696,3.64598209172
1.93527444578,4.53111850176
1.41248478211,2.15817492639
1.79910497304,3.98987271418
1.35525380228,1.79474131685
1.52282289129,2.75592744897
1.51440094218,2.71351111659
1.75018950365,3.78740915388
1.83671710176,4.14238535253
1.54068238946,2.84453092529
1.84113749017,4.16014486224
1.84853020101,4.18977237898
1.40590876848,2.11887365422
1.37066909639,1.89794828716
1.25926837643,0.972128826409
1.99231715199,4.75005097855
1.7418105171,3.75221239814
1.39624912482,2.06012911526
1.67846161749,3.48051590256
1.50402422509,2.66065248002
1.44196447484,2.32828420909
1.24379396724,0.770544789731
1.75340358412,3.80086818078
1.62442239731,3.23963071336
1.25076600381,0.866878668619
1.74414825009,3.76204837141
2.02028919413,4.85602300824
1.87337645429,4.28869497004
1.31269671827,1.480316263
1.49499277638,2.61408075794
1.43925396711,2.3130235631
1.5905417037,3.08339145589
1.30157478849,1.38839183651
1.93219178574,4.51917102648
1.66884481506,3.43831909035
1.44128745821,2.32447918505
1.69676101443,3.56007983574
2.03857284171,4.9248369665
1.84494500024,4.17541552054
1.94525992641,4.56973428683
1.45057222175,2.37628352974
1.72586117948,3.68476415169
1.2941691065,1.3241168169
1.84931651902,4.1929183168
1.65615509167,3.38221274212
1.46331933916,2.44613997382
1.8923905384,4.3637494272
1.74834267841,3.77966506851
1.90562673032,4.4156820251
1.36296902411,1.84697063207
1.73826766537,3.73728184365
1.63723598522,3.29761374908
1.57038984277,2.98824092187
1.23674397486,0.659645947737
1.32974295561,1.61240893627
1.74184254351,3.75234723368
1.50957781842,2.68902635926
1.36811645678,1.88117016016
1.57763876478,3.02267259036
1.40080376945,2.08798334189
1.899513458,4.39172777113
1.84201642542,4.16367214825
1.3491796604,1.75274345865
1.98357045568,4.71673427137
1.28161849296,1.20834061415
1.68177053004,3.49497251043
1.89976760246,4.39272467625
1.92484620449,4.49065097383
1.72357748491,3.67505669069
1.74381833319,3.7606610118
1.33159327766,1.62619928051
1.70162303957,3.58106480215
1.23728762743,0.668828426979
1.54629003535,2.87199516564
1.57579246635,3.01392518052
1.8074875246,4.02408740202
1.41927765529,2.19822186697
1.46730534558,2.4677007095
1.51989357214,2.74122204101
1.48049950795,2.53816799613
2.01015539315,4.81773023937
1.52273095098,2.75546666517
1.62151924138,3.22641292209
1.43129812676,2.26780740323
1.33122063821,1.62342990216
1.32404161298,1.56927971902
1.29663810174,1.34584566188
1.68417406566,3.50545391489
1.85695155198,4.22341210764
1.85525204275,4.21663261778
1.35243175999,1.77532926715
1.68324308584,3.50139601972
1.88844488909,4.34821925035
1.51768131663,2.73008274303
1.78151675022,3.91764117189
1.93103208605,4.51467313187
1.60431798474,3.14745678478
1.62619211047,3.24767320383
1.835892925,4.13907041812
1.39902426275,2.07713433065
1.98954971628,4.73951914012
1.58849178472,3.07379223159
1.96181724416,4.63348552557
1.22309824102,0.361525336423
1.85102157374,4.19973647101
1.78571233302,3.93492731141
1.34955885335,1.75538910335
1.27903443384,1.18324757794
1.96752463985,4.65538236656
1.50024493017,2.64122994195
1.35240380865,1.77513613942
1.3441892307,1.71761607849
1.30232445623,1.39475310352
1.36211134973,1.84122319177
1.75593940978,3.81147080917
1.28733674705,1.26226716361
1.94839409952,4.58182833057
1.97935909089,4.70066134897
1.73425054765,3.7203171307
1.91652207476,4.45824374941
1.37178782165,1.90526471446
1.3047787443,1.41540403303
2.01191879596,4.82440160877
1.45002021148,2.37322599395
1.41943713993,2.19915562279
1.32570004526,1.58192739634
1.3611038522,1.83445340315
1.38844831207,2.01174419141
1.92461138481,4.48973806938
1.41311466152,2.16191140097
1.25534936401,0.925016509421
1.34607145575,1.73093336998
1.4169202212,2.18438524751
1.36268490641,1.8450682875
1.79883376565,3.98876350598
1.36876505904,1.8854445065
1.89748512921,4.38376812843
1.60132392609,3.13359787115
1.73226225513,3.71190626339
1.37407248419,1.920138098
1.91504834736,4.45249641269
2.03404011805,4.90780956392
1.81366548439,4.04921939598
1.82599065911,4.09915026984
1.94278762585,4.56018540919
1.91739727188,4.46165548488
1.42870146428,2.25290827938
1.79467933345,3.97175461402
1.38209604845,1.97167374353
1.34363292417,1.71366382318
1.33508734643,1.65197771307
1.350187828,1.75977034872
1.94569727583,4.57142266719
1.71092113681,3.6210224978
1.76828579511,3.86289264374
1.88597656299,4.33849213683
1.87958283473,4.31325347142
2.02995008445,4.89242697547
1.4029601984,2.10107355738
1.67440794858,3.46276228676
1.42254931445,2.2173190023
1.38484501651,1.98909089054
2.01975037183,4.85398972522
1.66752575398,3.43250988809
1.33866290976,1.67801575855
1.79490589088,3.97268303697
1.32831431021,1.60169335988
1.66881104459,3.43817042894
1.44508751606,2.34577961943
1.7369611059,3.73176826393
1.97356287269,4.67850566571
1.347684665,1.74228096544
1.73530200316,3.72476120745
1.78215558892,3.92027552985
1.33760515808,1.67034802256
1.50197833296,2.65014984213
1.4833960653,2.55346036564
1.89521575011,4.37485549118
1.5353088817,2.8180572369
1.84779807753,4.18684234416
1.40622156689,2.12075538973
2.05493142332,4.98611600288
1.75675877255,3.8148936441
1.88990361167,4.35396349556
1.62409551606,3.2381439704
1.96104005692,4.63050071535
1.34892372224,1.75095592905
1.5930670307,3.09519288987
1.93794451723,4.54145684145
1.67930533415,3.48420508303
1.25774284611,0.954048923822
1.64488498085,3.33195846599
1.41351327587,2.16427352634
1.55028930166,2.89148303377
1.89944966016,4.39147750362
1.96990540119,4.66450466998
1.22576464904,0.435800198499
1.6229879468,3.23310359619
1.89689529209,4.38145235227
1.97861352763,4.69781370071
1.25716615627,0.947130168215
1.79539296026,3.97467868936
1.55225556263,2.90103468175
1.86765657386,4.26600886364
1.98188770385,4.7103144323
1.48599621717,2.56713552004
1.8199811273,4.07483907385
1.6751287922,3.4659228278
1.72743906007,3.69146393234
1.26144200638,0.997360231558
1.33709895675,1.66666819765
1.4945892141,2.61198697112
1.89780245451,4.38501377997
2.03406494957,4.90790290224
1.23656929658,0.656669182291
1.22349358631,0.373460965024
1.42527060559,2.23311226586
1.97539756708,4.68552296878
1.42705069863,2.2433992458
1.59051278029,3.08325613715
1.48398381767,2.55655587207
1.23756286615,0.673431082324
1.56956663925,2.98431576499
1.63097358736,3.26934721448
1.41577742273,2.17765444714
2.00196561429,4.78670172632
1.60642322824,3.15718053916
2.00394905478,4.79422314706
1.26198921363,1.00361897555
1.72582975234,3.68463064855
1.93084591679,4.51395090874
1.73194944233,3.7105821479
1.49566871409,2.61758521204
1.39554617167,2.05580469371
1.41286036415,2.16040347422
1.49600369068,2.61932077414
1.70160720476,3.58099656001
1.51089586896,2.69573180059
1.79127137543,3.95777685738
1.42694786279,2.24280590313
1.76058725616,3.83086742104
1.60178232559,3.13572200315
1.8289055757,4.1109193033
1.46402742035,2.44997962396
1.3099496371,1.4580786838
1.55676502806,2.92286806287
1.65962185428,3.39758999666
1.32456898156,1.57331088798
1.66170110563,3.40679482479
1.33384669463,1.64286306785
1.81525945751,4.05569226985
1.22614980244,0.445518547418
1.2312738667,0.559187542324
1.32991299343,1.61368033287
1.49695417251,2.62424122007
1.32286080398,1.56022179087
1.92920949878,4.50760062681
2.05173489431,4.97416283496
1.5458667019,2.86992753389
1.73437785145,3.72085533135
1.30774338411,1.44000487963
1.54243212534,2.85311815155
1.32566058232,1.58162743219
1.77505559359,3.89095073762
1.69864555391,3.56822120479
1.52311372562,2.75738472026
1.72882285206,3.69733463495
1.70304330586,3.58718291921
1.9760847304,4.68815019004
1.49419618259,2.6099467502
1.2729635716,1.12230192892
1.92435522957,4.48874213435
1.65194607511,3.36349219548
1.28012882386,1.19393306642
1.31894711169,1.52987574028
1.59820319625,3.11911482394
1.90923767231,4.42980623807
1.50221331076,2.65135749343
1.48635485251,2.56901787553
1.25983503023,0.978764982932
1.26957068225,1.08688669116
1.41804668141,2.1910048745
1.62898130345,3.26032614946
1.84302959386,4.16773651214
1.30104108022,1.38384750782
1.57686865922,3.01902581323
1.98056022189,4.70524764824
2.02508471869,4.87410568231
1.30409420218,1.40967066768
1.94099952055,4.55327423746
1.81299783558,4.04650679475
1.834419805,4.13314244881
1.2424319594,0.750351501258
1.78495073647,3.93179210145
1.67619009903,3.47057336378
1.28794686575,1.26789934654
1.94619046855,4.573326337
1.2697904529,1.08921264922
1.44776078897,2.36068217915
1.78651739575,3.93824019415
1.97386675827,4.67966823763
1.57222275611,2.99696942576
1.79718145596,3.98200268635
1.26658362311,1.05480561945
1.51776984988,2.73052909228
1.94114774812,4.55384730566
1.45592303612,2.40577936303
1.8803652813,4.31634542087
1.48608950904,2.56762526655
1.88544707709,4.33640437058
1.32753647677,1.59583383394
1.93816436078,4.54230764693
1.36990433554,1.8929339533
1.88432705932,4.33198675221
1.79280449124,3.96406775021
1.36139980184,1.83644407864
1.82490578382,4.09476623247
1.25103482943,0.870389766304
1.28568828023,1.24693600971
1.97377230969,4.67930691845
1.4135945635,2.16475498928
1.92406731612,4.48762261743
1.73731786037,3.73327413669
1.64372725919,3.32677271338
1.5597830292,2.9374246769
1.98544480247,4.72388119032
1.38389757519,1.98310138332
1.54128661161,2.84749810773
1.69923078387,3.57074750578
1.6263050832,3.24818623105
1.29307521362,1.31438843244
2.00673807354,4.80479205197
1.79244984048,3.96261290781
1.77971539013,3.91020850287
1.73369447126,3.71796576369
1.47427968898,2.50511767696
1.32411013339,1.56980397856
1.91863692216,4.46648615111
1.31901420921,1.53040030704
1.99725838627,4.76883387285
1.53659451998,2.82440534205
1.62419690833,3.23860517045
1.26968310532,1.08807709946
1.61455499046,3.19457995298
1.94293013764,4.56073605177
1.65461223239,3.3753570566
1.28121253797,1.20442978974
1.652639873,3.36658189773
1.29285406807,1.31241394718
1.51581094703,2.72064207952
1.72739254194,3.69126649989
2.01715648486,4.84419717792
1.923279423,4.48455841776
1.44144692795,2.32537584947
1.45270451744,2.3880682288
1.59466639763,3.10265352408
1.95654020586,4.61320428771
1.68015875239,3.48793459751
1.94036007153,4.55080171421
1.26875388042,1.07820159363
1.33220919119,1.63076800338
1.66349498888,3.41472561938
1.91242540847,4.44225988204
1.8862368944,4.33951847173
1.6762453551,3.47081540009
1.61863893432,3.21326893761
1.57431405787,3.00690982942
1.94160732563,4.55562391544
1.74408657469,3.76178903424
1.97495202123,4.68381922105
1.51022982702,2.69234473924
1.22581770366,0.437151542305
1.45214206559,2.38496366443
1.72983462958,3.70162415226
1.70628767463,3.60113883431
1.86911578575,4.27180121585
1.51982626621,2.7408835665
1.28603277094,1.25015376986
1.51476905996,2.71537400244
1.54768807432,2.87881688406
1.38113059168,1.96552837289
1.7036173209,3.58965410562
1.72296571305,3.67245401866
1.69639470968,3.55849625699
1.56984211644,2.98562962652
1.56614749975,2.96797940574
1.46925927352,2.47822244039
1.36115544689,1.83480057391
1.90955182389,4.43103417626
1.67878701235,3.48193894632
1.84456930985,4.17390983475
2.00880342781,4.81261314069
1.91899637193,4.46788646074
1.78882893154,3.9477451307
1.86324523376,4.24847763516
1.52310987872,2.75736544797
2.0224104607,4.86402475451
1.50169925756,2.64871508476
1.68772048161,3.52088941619
1.3292327872,1.60858928331
1.45706026287,2.41201560847
1.49295663807,2.60350534481
1.88548142601,4.33653982129
1.51695635765,2.72642602164
1.70968994018,3.61574445414
1.27096054255,1.10152038698
1.88644198354,4.34032694744
1.89563176368,4.37648988022
1.78173746498,3.91855141947
1.3907911879,2.0263687657
1.94077602868,4.55241013348
1.62125297722,3.22519912144
1.90562149714,4.41566154215
1.92631417359,4.49635629212
1.52139458893,2.74876355198
1.78344979325,3.9256098689
1.22694061227,0.464845220421
1.44941663234,2.36987964265
1.73473138497,3.72234975952
1.64890151171,3.34991550486
1.36798323036,1.88029123451
1.91438807035,4.44992045002
1.45949957763,2.42535438138
1.40964952255,2.14129611251
1.74035675219,3.74608935461
1.64327611477,3.32475071377
1.78256937741,3.92198141515
1.25923730263,0.971763692982
1.58904542586,3.07638651675
1.26952556877,1.08640866323
1.43168933237,2.2700459208
1.84359819828,4.17001673309
1.49584034844,2.61847456957
1.79777247344,3.98442157941
1.58048971169,3.03615033162
1.63572272052,3.2907956816
1.56457201486,2.96043358641
1.49763348034,2.62775411992
1.28205280831,1.21251205037
1.22782464017,0.485554084652
1.67867645035,3.4814554617
1.68642435809,3.51525223506
1.4579742722,2.41701964424
1.64590915999,3.33654236331
1.73059768376,3.70485755817
2.002868036,4.79012434777
1.75557893205,3.80996446896
1.79843411646,3.98712872759
2.04131316782,4.935120957
1.50405562384,2.66081345444
1.6418711645,3.31844948994
2.02051094908,4.85685972601
1.57854443021,3.02695795315
1.86145214815,4.24134286544
1.95763861073,4.61742862009
1.91614960269,4.45679144141
1.61135719119,3.17990268422
1.87668285381,4.30178565742
1.72653141305,3.68761074477
1.40785440405,2.13055800648
1.64960963802,3.353075937
1.88323304278,4.32766987341
1.64241205134,3.3208761531
1.39633784751,2.06067442836
1.76255407224,3.83906128857
1.59491141923,3.10379556279
1.4438795402,2.3390235213
1.88040674472,4.31650924358
1.44042632951,2.31963297024
1.38022689364,1.9597625596
2.00890870621,4.8130116841
1.39224031392,2.03537406815
1.23692438687,0.662706825858
1.45097510962,2.3785133422
1.36497779955,1.86037636314
1.97259980956,4.67482055864
1.82144722836,4.08077605137
1.79621512675,3.97804627927
1.71395142559,3.63399657047
2.04907107951,4.96419398375
1.85784050081,4.22695633912
1.22328092877,0.367088504965
1.42525707478,2.2330339405
1.37951182984,1.95519091347
1.59164332915,3.08854284724
2.00475251174,4.79726870337
1.58352978871,3.05048319738
1.48124437102,2.54210642698
1.83818681701,4.14829382925
1.82717422956,4.10393076452
1.38906049356,2.01557337523
1.33303967802,1.6369115267
2.01632246569,4.84104702452
1.88658463943,4.34088926993
1.85217613602,4.20435060464
1.87647719774,4.30097191423
1.59767455959,3.11665760631
1.83258917254,4.12577059547
1.64152867742,3.31691243356
1.31054465663,1.46292006766
1.99612601683,4.76453188229
1.83992460271,4.15527523294
1.83797246937,4.14743234955
1.26216700226,1.00564465037
1.32636511283,1.58697549087
1.42337101071,2.22209643648
1.45331464652,2.39143275639
1.28431262022,1.23401152438
1.46028429238,2.42963454853
1.436643345,2.29825690231
1.73067339505,3.70517830501
1.85762147764,4.22608321409
1.75333154995,3.80056678833
1.58921376159,3.07717506
1.57480300979,3.00923108742
2.00319161372,4.79135136333
1.84272503652,4.1665149506
2.0325603891,4.90224631295
1.95140800621,4.59344655436
1.67721228351,3.47504936516
1.53866423008,2.83460620825
1.8078539496,4.02558000028
1.89879715102,4.38891749056
1.6943925272,3.54983416007
1.88134324788,4.32020869126
1.4187494632,2.19512730517
1.42205097372,2.2144179196
1.52343061049,2.75897196214
2.02220592219,4.86325341149
1.53092122391,2.79632411915
1.7183378496,3.65273564478
1.47246871011,2.4954388093
1.89907426896,4.39000479247
1.63272683355,3.27727446161
1.27053523078,1.09706135462
1.47112682933,2.48825048667
1.96829412933,4.65833154694
1.58743103229,3.06881809784
1.966309619,4.65072416562
1.73978920466,3.74369759966
1.23561723917,0.640209115221
1.65628271813,3.38277951311
1.80108947437,3.99798481787
1.38136307045,1.96700951974
1.36399215831,1.85380825063
1.92748163255,4.50089160324
1.29012662604,1.28784157343
1.71903841973,3.65572404864
1.98468404196,4.7209808872
1.88091562706,4.31851963486
1.35223520807,1.77397084479
1.77904590384,3.90744442283
1.46183876504,2.43809787982
1.88181481023,4.32207099158
1.56194216741,2.94781185651
2.01646191872,4.84157380115
1.86140929055,4.24117227032
1.81592000848,4.05837330178
1.23751250085,0.672591131169
1.99483973027,4.75964339149
1.35704893646,1.80700183399
1.93362625876,4.52473217298
1.43583386827,2.29366436198
1.30733764499,1.43665962429
1.51511874092,2.71714282352
1.57811297298,3.02491686521
1.37719255804,1.9403053423
1.7862328519,3.93706942657
1.69841148544,3.56721052882
1.41013191734,2.14417487575
1.64955737509,3.35284273827
1.67040775488,3.44519559487
1.47763755947,2.52299693127
1.92566492105,4.49383330413
1.68073974617,3.49047239542
1.62911684291,3.26094031358
1.99049008704,4.74309882443
1.93042577415,4.51232084282
1.52570452111,2.77034470051
1.97681094336,4.69092610227
1.60095353326,3.1318809367
1.79196842147,3.96063764459
1.28242619111,1.21608793843
1.42478731806,2.23031343011
1.89363758724,4.36865308328
1.48640314096,2.56927125461
1.31059719801,1.46334690709
1.22197673705,0.325315783749
1.4614360149,2.43590706422
1.91461856757,4.45081976565
2.05217918355,4.97582482324
1.85271658019,4.20650970338
1.79034470605,3.95397218039
1.3370063435,1.66599421801
1.48462932892,2.55995267358
1.24203979574,0.744439870772
1.93388438595,4.52573258947
1.73626449189,3.72882697173
1.51732290339,2.72827528684
1.75341578102,3.80091921172
1.25757326507,0.952019289156
1.71221530145,3.6265662862
1.56763389068,2.97508789882
1.26400278935,1.02634368493
1.57684935035,3.01893434383
1.4970459419,2.62471596804
2.02986353159,4.89210126323
1.7648939706,3.84879858989
1.78903816862,3.94860498114
1.29476292129,1.32937143231
2.01272470584,4.82744943175
1.89140064425,4.35985533356
1.55373005179,2.90818474183
1.81393856906,4.05032868027
1.86714816819,4.26398995921
1.80069630979,3.99637826562
1.95541949163,4.60889261258
1.74261848772,3.75561334195
1.85604099,4.21978037935
1.8914613116,4.36009403117
2.01200416206,4.82472448317
1.70084998859,3.57773246284
2.05074794532,4.97047017626
1.28295851013,1.22116964411
1.49735357207,2.62630700841
1.35742386162,1.80955407304
1.27416144585,1.13456339208
1.98885889096,4.73688874898
1.30269210435,1.39786351592
1.72917737172,3.69883793186
1.73402049486,3.71934444214
1.65743254275,3.38788341183
1.6358788944,3.29149969005
1.61828151455,3.21163577149
1.60085529451,3.13142546539
1.22540807398,0.426608447989
1.9908720279,4.74455246
1.73479363458,3.72261286541
1.31761231322,1.51940826761
1.90631919585,4.41839203143
1.70301104863,3.58704402313
1.78062989354,3.91398269882
1.92251694516,4.48159226216
2.03361436532,4.90620911775
1.81610801555,4.05913623583
1.87987296367,4.31440006574
1.73548092482,3.72551717702
1.79929414985,3.99064634283
1.22810209492,0.491876862695
1.27874780535,1.18043450941
1.67980681421,3.48639684983
2.02919736291,4.88959410298
1.88643241726,4.34028923788
1.79117506663,3.95738151577
1.52637324133,2.77368358246
1.24850229151,0.836759484542
1.31233122628,1.47737424365
1.32644671404,1.58759394096
1.32046509369,1.54170610683
1.40210656299,2.09589908663
1.27442550451,1.13725005791
1.84236381155,4.16506589598
2.04051757552,4.93213601722
1.43371369913,2.28160418174
1.94073184912,4.55223931099
1.88854603414,4.34861764702
1.34510903496,1.72413448503
1.40724884401,2.12692651596
1.67034272778,3.44490963899
1.93920593326,4.54633773066
1.35124246481,1.7670968063
1.65459961646,3.37530096677
1.76122731186,3.83353484725
1.49234007081,2.6002973505
1.36060934463,1.8311232865
1.34718894615,1.7388004296
1.3706489738,1.8978164826
1.76253155153,3.83896751329
1.62030592302,3.22087975962
1.49237550528,2.60048178699
1.58937449137,3.07792786372
1.54885958321,2.8845255599
1.41112743723,2.15010670833
1.90084823531,4.39696252222
1.85043085131,4.19737483928
1.64080926457,3.31368248625
1.26203149672,1.00410108201
1.4706823262,2.48586619269
1.53448758567,2.81399720997
2.00902306017,4.81344457031
1.92289100374,4.48304750562
1.56905151158,2.98185797986
1.78775468786,3.9433292076
1.75554262923,3.80981275331
1.84558522239,4.17798084807
1.83819503662,4.14832686298
1.73047727431,3.70434742167
1.25174899277,0.879652916373
1.61343472478,3.18944253129
1.38819414481,2.01015273377
2.02829756344,4.8862069266
1.77513631384,3.89128471453
1.96631258077,4.65073552275
1.53688657122,2.82584615724
1.82314005235,4.08762634972
1.62719765855,3.25223796405
1.72738560961,3.6912370772
1.67466624233,3.46389495162
1.25988690317,0.979370375623
1.65119359083,3.36013940118
1.57763364037,3.02264833275
1.61564366564,3.19956800901
1.46687433385,2.46537559464
1.90926427338,4.42991022019
2.02422350156,4.87086004768
1.55847506075,2.93112141644
1.34574218011,1.72860971155
1.38264138258,1.97513837119
1.60259170574,3.13947048275
1.53217131359,2.80252693408
1.36290224608,1.84652365219
1.28762847493,1.26496298404
1.29057142996,1.29187728268
1.28194142667,1.21144350626
1.58658345327,3.06484017848
1.9652790267,4.64677163334
1.97994142567,4.70288509903
1.6133948791,3.1892597165
1.68916756401,3.52717761623
1.54209713662,2.8514753662
1.41331624857,2.16310621297
1.51965508334,2.74002258493
2.0390062048,4.92646381527
1.36109941332,1.83442353229
1.90220679177,4.40228790801
1.67534396242,3.4668659473
1.67232510904,3.45362148576
1.41601726152,2.17906831141
1.2700467805,1.09191975778
1.77758577437,3.90141286884
1.76793487947,3.86143561605
1.75508714476,3.80790895933
1.33279263692,1.63508605329
2.04687433218,4.95596773256
1.72422229062,3.67779890456
1.7147149365,3.63726182729
1.91961829413,4.47030886816
1.29268318868,1.31088645522
1.35976160444,1.82540312045
1.32361703125,1.56602787585
1.77260757302,3.88081572837
1.5534870974,2.90700735621
1.31631325913,1.50916167247
1.68836635716,3.52369674588
1.3590525356,1.82060759244
1.41398100989,2.16704280872
1.82837879522,4.10879352381
1.40373284663,2.10574885221
2.00187291404,4.78635009017
1.53349152025,2.80906826957
1.80550122299,4.01599200941
2.04746030809,4.95816253244
1.78831025363,3.94561327298
1.54532612645,2.86728592903
1.56955086623,2.98424052656
1.87741746954,4.30469186824
1.53801430069,2.8314054175
1.941601679,4.55560208865
1.8355491569,4.13768739809
1.70546730848,3.59761257018
1.35058848728,1.76255660206
1.8102941232,4.03551343759
1.51812972889,2.73234297557
1.9101758445,4.4334729033
1.767566419,3.85990546038
1.58809786363,3.07194558933
1.92185272558,4.47900770483
1.59331463402,3.09634858138
1.81740193428,4.06438522254
1.37535843359,1.92847010144
1.78904807226,3.94864567756
1.22613086896,0.445045699208
1.47107888692,2.48799340108
1.4759950215,2.51426190792
1.46524845671,2.45659108225
1.2200348594,0.250642547977
1.35776762047,1.81189161183
1.39666206597,2.06266622914
1.31777623818,1.5206970736
1.69655419008,3.55918575419
1.36666778182,1.87159537492
1.2611576323,0.99409319011
1.93804368373,4.54184062855
1.33212475696,1.63014231979
1.50648114183,2.67322935966
1.72953589386,3.7003578929
1.31968238559,1.53561576677
1.26192194934,1.00285159236
1.89844152428,4.38752198881
1.33206382104,1.62969064121
1.6042826522,3.14729344258
1.23142341788,0.562166364839
1.40938841771,2.13973672617
1.56298726003,2.95283160634
1.93963560866,4.54799983354
1.87332428262,4.28848827714
1.80097474308,3.99751603241
1.59809762166,3.11862418016
1.40693865983,2.12506457128
1.51711040761,2.72720331968
1.67867922937,3.48146761472
1.56112080575,2.94386307741
2.03178533722,4.89933149206
1.62287117397,3.23257192391
1.23817696819,0.683592274686
1.57871979147,3.02778729801
1.23760693163,0.674165140115
1.77701424669,3.89905079188
1.65288172415,3.36765857609
2.03569337615,4.91402255273
2.04347423084,4.94322569682
1.24298939824,0.758678449093
1.85877477968,4.23067992676
1.52428059915,2.76322658802
2.00169869692,4.78568921353
1.98785345348,4.7330594604
1.48638799425,2.56919177863
1.5920704454,3.09053876497
1.35218446975,1.77362004198
1.64057803329,3.31264395946
1.75211543316,3.79547678938
1.85314978295,4.20824002254
1.76551294319,3.85137243414
1.47738997842,2.52168160986
1.42400225146,2.22576144487
1.3399524713,1.68732490468
1.8820405957,4.32296254769
1.49007639643,2.5884968004
2.02672146987,4.88027189094
1.99378309477,4.75562628342
1.22037745327,0.265338426467
1.64495986013,3.33229371856
1.64652695903,3.33930576865
1.47525991899,2.51034594194
1.37081974897,1.89893484436
1.79457269814,3.97131759241
1.65717669282,3.38674809152
2.0203172412,4.85612883729
1.4333501891,2.27953181225
1.68084069831,3.49091325861
1.57325382945,3.00187279981
1.32245014152,1.55706117325
2.03424042373,4.90856246791
1.58373579433,3.05145299774
2.05323612053,4.97977780754
1.86110040739,4.23994267116
1.31381089224,1.48925393729
1.5583402869,2.93047145511
1.88795451556,4.34628752029
1.80838064247,4.02772499555
1.47647611031,2.51682247272
1.95992346921,4.62621112967
2.04785478205,4.95963985956
1.53579168639,2.82044223712
2.01864080362,4.84980171833
1.36904118695,1.88726188945
1.87793909068,4.30675495115
1.94063793455,4.55187617715
1.67991102703,3.48685223114
1.30846958868,1.44597557807
1.98513212992,4.72268924687
1.79393342341,3.96869719975
1.44168564536,2.32671764617
1.35673383316,1.80485457712
1.26075461287,0.989445880087
1.58416752304,3.05348483096
1.92274273051,4.48247068375
1.72893781195,3.69782214137
1.70946333644,3.6147725963
1.69437397854,3.54975386154
1.23076721547,0.548978476297
1.31947107765,1.53396803159
2.01815537318,4.84796907327
1.75142098772,3.79256874329
1.26904589771,1.08131399811
1.72026823862,3.66096709606
1.27129822532,1.10504894714
1.33538481005,1.65415686662
1.77923565071,3.9082279157
1.29809288148,1.35850505879
1.96352952061,4.64005896405
1.51783378047,2.73085137559
1.77504990158,3.89092718665
2.00407642963,4.79470601735
1.90925959647,4.42989193851
2.0126891869,4.8273151196
1.54672715072,2.87412914318
1.98373498609,4.71736179195
1.6776873448,3.47712855792
1.54522950542,2.86681361651
1.2288456743,0.508441107442
1.47058210117,2.48532837393
2.00886868629,4.81286018554
1.80719944193,4.02291374764
1.95368383622,4.60221201379
1.22769725638,0.482623939022
2.03646950148,4.91693828394
1.42034178015,2.20444663534
1.54600327662,2.87059468865
1.54785731222,2.87964200004
1.68593692912,3.51313106034
1.64749289129,3.34362386614
1.90515598336,4.41383934056
1.36322541981,1.8486860202
1.96255589936,4.63632166648
1.84987298488,4.19514403359
2.02069623719,4.85755880831
1.21901142727,0.200455117869
1.78200205371,3.91964247724
1.61717202986,3.20656318152
1.67100947657,3.44784106118
1.42320117141,2.22110958819
2.03604767833,4.91535366435
1.46355301893,2.4474075893
1.37525863249,1.92782447439
1.74279344846,3.75634959605
1.87253605264,4.28536496827
1.72045766987,3.66177435795
1.59447393477,3.10175628839
1.91062211414,4.43521662998
1.45093143603,2.3782716986
1.62911234396,3.26091992872
2.03614062938,4.91570285966
1.36657196172,1.87096069831
1.42877251747,2.25331691801
1.68709481503,3.51816881513
1.82028919807,4.07608692743
2.01956719932,4.85329844071
1.73287616473,3.71450422371
2.03182029941,4.89946299152
1.55362571842,2.90767916588
1.81374914168,4.04955923084
2.01316130538,4.82910028783
2.02940740613,4.89038466141
1.57276341883,2.99954120101
1.80242710705,4.00344845764
1.71872411198,3.65438346583
2.0183742028,4.84879525172
1.52586334719,2.77113794186
1.37540577072,1.92877627268
1.69231445023,3.54083216743
1.41384381192,2.16623078159
1.8784254869,4.30867834071
1.74715206347,3.77466851812
1.92503657024,4.49139100107
1.71277769659,3.62897407248
1.94032483418,4.55066544847
1.56095377223,2.94305965299
1.38474108643,1.98843454937
1.5391787468,2.83713851158
1.38751749173,2.00591116766
1.49298059823,2.60362995628
1.33502819654,1.65154410902
2.04238863798,4.93915493551
2.02121148246,4.85950260981
1.49845709562,2.63200912018
1.98207834434,4.71104190731
1.31058005494,1.46320765083
1.62437867464,3.23943187321
1.31246507789,1.47845226346
1.44097236237,2.32270674237
1.33821915832,1.67480250167
2.00183749438,4.7862157317
1.80359043327,4.00819736893
1.38987969715,2.02068875794
2.03515763546,4.91200953264
1.74991182225,3.78624527343
1.71041400788,3.61884894797
1.67567173018,3.46830233653
2.03789549986,4.92229383555
1.54007762419,2.84155914001
1.38388646063,1.98303103664
1.29831455299,1.36042492583
1.70496754062,3.59546350354
1.90953900913,4.43098408935
1.39977803011,2.08173499688
1.3370291582,1.66616026968
1.69997516032,3.57395948059
1.68072341166,3.49040105902
1.65037063125,3.35647051211
1.48466852393,2.56015882745
1.40899219368,2.1373687521
1.3447376172,1.72150478127
1.39845960288,2.07368283477
1.55496773058,2.91417814695
1.44936005032,2.36956577098
1.88668470543,4.34128369302
1.47033309987,2.48399185971
1.53651421978,2.82400910558
1.67605540595,3.46998333494
1.62884556075,3.2597109997
1.27092769574,1.10117660642
1.71478599983,3.637565664
1.45774161512,2.4157465747
1.26463983647,1.03343659687
1.58205745945,3.04354668606
1.90770662371,4.42381977817
1.86290077699,4.24710742319
1.37443132153,1.92246594685
1.95661196923,4.61348032662
1.98530641716,4.72335366369
1.71265439767,3.62844626101
1.50201940129,2.65036093589
1.2890793078,1.27829447366
1.9905961274,4.74350242205
1.36200466289,1.84050726118
1.53691069442,2.82596514681
1.48712969032,2.57308158328
1.48717865792,2.57333825384
1.85273254208,4.20657346459
1.31740640361,1.51778804785
1.65424608003,3.37372895505
1.82803236169,4.10739525399
1.38224709573,1.97263385252
1.42913186764,2.2553827771
1.91885477614,4.46733486664
2.00588548462,4.80156210077
1.55142830445,2.89701841258
1.27181790047,1.1104591215
1.8654200077,4.25712430568
1.48624839563,2.56845921599
1.46398132511,2.44972979396
1.8195210316,4.07297511855
1.50081449112,2.64416302238
1.43039236648,2.26261840693
1.41664369556,2.18275798568
1.44472384101,2.34374707321
1.30543763854,1.42090356009
1.899944472,4.39341840853
1.24683251243,0.813865259922
1.85953990956,4.23372832115
1.77523333615,3.89168612272
1.25686496653,0.943497788869
1.30170637176,1.3895102214
1.4713401306,2.48939406942
1.53498950139,2.81647883714
1.92941229013,4.50838777183
1.7765820736,3.89726421017
1.96759913437,4.6556679089
1.63022137574,3.26594283169
1.49287815918,2.60309716579
1.70573979161,3.5987840075
1.36074181109,1.83201581797
2.04191874723,4.93739256748
2.04873360481,4.96293054132
1.47114907966,2.48836979527
1.44552521336,2.34822421373
1.86756593471,4.26564896077
2.00374164328,4.7934368243
1.91680466615,4.45934547577
1.9708910922,4.66827952285
1.62200831991,3.22864178173
1.81050324008,4.03636419395
1.74339765865,3.75889163831
1.30136018932,1.38656617023
1.49089085394,2.59274669425
1.87504305872,4.29529548692
1.65876852451,3.39380843128
1.73540835091,3.72521055099
1.50662877285,2.67398384625
1.68432210218,3.5060989408
1.79929220147,3.99063837538
1.47066678413,2.48578279744
1.58809191548,3.07191770033
1.7731789612,3.88318243736
1.48218461741,2.54707206394
2.05783014029,4.99694683912
1.3029835036,1.40032455394
1.79582811067,3.97646122653
1.47750204227,2.52227702807
1.89921166112,4.39054382427
1.99854826379,4.77373249791
1.73563665312,3.72617508994
1.33353961604,1.64060056206
1.86913061883,4.27186007878
1.57095042391,2.99091208395
1.29608205075,1.34097915474
1.93547822156,4.53190783644
1.73191184542,3.710422987
1.73286655104,3.71446354711
1.78146724472,3.91743699319
1.82534668645,4.09654819453
1.38971720114,2.01967486869
1.24090005881,0.726997094688
1.8985993152,4.38814119285
1.78793177298,3.94405731393
2.00940450694,4.81488843147
1.68800617345,3.52213133325
1.76356331711,3.84326262202
2.02168352972,4.86128319608
1.9143826962,4.44989948119
1.53495185083,2.81629272878
1.39717974653,2.06584351879
1.65986647773,3.39867363777
1.2292039195,0.516235293137
1.66491520983,3.42099745619
1.74440115397,3.76311170879
1.24202204377,0.744171203877
1.76415388001,3.8457200313
2.05282812725,4.97825202803
1.40951047701,2.14046580167
1.98696122979,4.72966038263
1.81976388965,4.07395904084
1.7180285953,3.65141607648
1.22272373392,0.349847180369
1.56083829109,2.94250411545
1.77030472879,3.87127035704
1.29367924438,1.31976814562
1.62317107882,3.23393730602
1.55476423474,2.9131932467
1.66155530386,3.40614979728
1.42789793274,2.24828328484
1.48061646123,2.53878665468
1.31819745855,1.52400451498
1.71420074288,3.63506297187
1.79542334424,3.97480316534
1.76162010527,3.83517137128
1.88361085091,4.32916086932
2.043354208,4.94277569312
1.5706324378,2.98939706008
1.80396776283,4.00973714698
1.41501869449,2.17317722126
1.81111049486,4.03883424718
1.89264242538,4.36474008288
1.5215056353,2.74932095216
1.32212822486,1.55457977273
1.46125548362,2.4349245954
1.9813471371,4.70825142479
1.4204623922,2.20515135997
1.63869315767,3.3041717352
1.30407064496,1.4094730033
1.56701910292,2.97214899144
1.3585479817,1.81718904811
1.50567204654,2.66909190566
1.65607659905,3.38186414208
1.3441424402,1.71728394482
1.58862446076,3.07441405006
1.42002256165,2.20258067326
1.5163744321,2.72348848048
1.67852058338,3.48077379978
1.70231393813,3.5840416703
1.32389330827,1.56814451093
1.86903246928,4.27147058027
1.39100227752,2.02768244386
1.46867300688,2.47506867373
1.74749966889,3.77612761505
1.69331170622,3.54515364064
1.55463036591,2.91254522316
1.61524951131,3.19776259604
1.65340962907,3.37000806698
1.23008621,0.534956161716
1.75949673656,3.82632064422
1.70234332492,3.58416826082
1.64668215516,3.33999976204
1.40334444765,2.10339962695
1.93849817608,4.54359940864
1.27904519296,1.18335305361
1.78565202515,3.93467908866
1.77177028715,3.87734643221
1.48281955503,2.55042161131
1.62428621284,3.23901135671
1.97971160923,4.7020075511
1.52075726881,2.74556310606
1.76456667424,3.84743727815
1.27676352643,1.16079078781
2.00033857104,4.78052853958
1.40890116166,2.13682443614
2.01733074548,4.84485527922
1.76186218835,3.8361798137
