w,z
1.91516664619,2.4111720129
2.17161050425,3.5498359448
2.01953552681,2.91091102266
2.47479729279,4.66100911502
2.31464192504,4.09355095524
2.1082565652,3.29321252149
2.15378030339,3.47877117926
2.00005721222,2.82246775047
1.93635952656,2.5184114736
2.2318830674,3.78421307182
2.17437871457,3.56079370206
2.37042926957,4.29533626047
1.81476155968,1.84072477635
1.98722304812,2.76313198534
2.4394004566,4.53854972826
1.68173363724,0.613051577936
2.49360826355,4.72549525297
1.84618350938,2.03304904471
2.16209019785,3.51199740371
1.73243191589,1.22346591784
1.92000965482,2.4359893458
2.07087769532,3.13584794126
2.23752762944,3.8057400677
2.21800989379,3.73101138074
1.90741898003,2.37106325706
2.25007825764,3.85336606609
1.83567582881,1.97046337824
1.96267027124,2.64703598942
2.22876524521,3.77229323566
2.48333526961,4.69032759282
2.54075525866,4.88544179854
1.82863518666,1.92759887092
2.43642264275,4.52817833976
1.83170734816,1.94639846449
1.78027803664,1.60791024674
1.89367290749,2.29859566234
2.07579263106,3.15682401825
2.17078888673,3.5465798097
2.20170486839,3.66793191156
2.09780325008,3.24969131186
2.06313768383,3.10262966597
1.86858532437,2.16153857347
1.89322243237,2.29619112923
2.25560701382,3.87424388393
1.66980499382,0.341914119073
2.05669031609,3.07478147252
2.52178001083,4.82134712498
1.94801026367,2.57594574049
1.69147799187,0.767277073607
1.79834754626,1.73325514495
2.21245404287,3.70958573069
2.45151663077,4.58063612534
2.05490637999,3.06704693889
2.11480138035,3.32027924059
2.08328462117,3.18862742652
2.18502770183,3.60276465893
2.29557494831,4.02341324732
2.03477537607,2.97885356464
2.18646308783,3.60840019008
2.00050335565,2.82451476498
1.93768914591,2.52502613709
2.52330972666,4.82652784348
1.9514435148,2.59272113776
2.00966425372,2.86632343429
2.24122826826,3.81981688684
1.87310940721,2.18675145047
1.95879584746,2.62838333649
2.51102659178,4.78485939036
2.43152880842,4.51110952788
1.75951761571,1.45238797032
2.09646674094,3.2441005376
1.75635009608,1.42734175452
1.86484652251,2.14052471073
2.40834008816,4.42981336705
2.32671242489,4.13763178342
2.47393149041,4.65803139931
2.34069245536,4.18838787463
2.53308199683,4.85956703911
2.57109417267,4.98718081978
1.71952962422,1.09927977221
2.23230953529,3.7858418886
2.11138265091,3.30615792824
2.09700783884,3.24636474414
2.19512538152,3.6423022754
2.54129934433,4.88727425362
2.4448345703,4.55744777633
1.72327784866,1.13665816198
2.55902792852,4.94682395183
2.14944922006,3.46137859105
2.44187074033,4.54714507969
1.68773192389,0.711849284427
1.90470347484,2.35688290659
1.71564804471,1.05927267025
1.90375280924,2.35190313061
1.86198741723,2.12434366578
1.70173691862,0.902311884054
2.54958072873,4.91512938661
2.26477213224,3.90871933624
1.73625162594,1.25804558374
1.73557457525,1.25198041412
1.85924492759,2.10872952784
2.46831157532,4.63868204767
1.93501014141,2.51168532845
1.90412653522,2.35386174194
1.71887510103,1.09263008296
2.23674882823,3.80277392803
1.98253203859,2.74122080492
2.43539528059,4.52459758273
2.55625312793,4.93752368786
1.86476972945,2.14009137765
2.00818088709,2.85958219847
2.07838359248,3.16784575452
2.55383000439,4.9293960577
2.36438516002,4.27370683568
1.72712161627,1.17383427308
1.67556053867,0.491535212722
2.37353965631,4.30644615107
2.04705843868,3.03286741984
1.76794811232,1.51724472778
1.98060888919,2.7322022796
1.81348599359,1.83256484109
2.1041370889,3.27610477813
1.8862831617,2.25890101956
2.44648148638,4.56316802673
2.27521534087,3.9478034476
2.21282712235,3.71102666602
2.22929322132,3.77431323085
2.42487758937,4.48786261043
2.3413790619,4.19087262234
1.91117691943,2.39058140021
2.0965118714,3.24428942258
2.05740305926,3.07786811999
2.28567929215,3.98675858991
2.20133326688,3.66648711664
2.21074141353,3.70296701506
2.07981276947,3.17391483886
1.97938024316,2.72642957975
2.55706237129,4.94023678445
2.19155274264,3.62834199958
1.96349269637,2.65098322617
2.55570510037,4.93568599325
2.30287263008,4.05033250625
2.02704934928,2.94454135334
1.86549094572,2.14415835661
2.27395395387,3.94309371688
2.44520109323,4.55872111176
2.19554485075,3.64393935337
2.29517663507,4.02194125566
2.29689528009,4.0282905942
1.97576665861,2.70940105874
2.0520583811,3.05467238975
2.04426956957,3.02065994245
1.90408357319,2.35363665124
2.38126364936,4.33397458764
2.20632120269,3.68585333374
2.28945706318,4.00077281544
1.95571299528,2.61347301964
2.26260879884,3.90059665326
2.41330536966,4.44728004714
2.36798818532,4.28660710053
2.34991034087,4.22168465445
2.14366954717,3.43808680837
2.38756125836,4.35635627198
1.85820993905,2.10281279333
1.67995015129,0.580518847972
2.29938962198,4.03749632314
1.66555570344,0.158474058894
1.94547437302,2.56350361996
2.08525651254,3.19696439061
2.46857593474,4.63959305691
2.31642439646,4.10007578835
2.07048765169,3.13417942938
2.02553260767,2.93777371515
1.79417365944,1.70501007577
1.68917310194,0.733654444336
1.95056495005,2.58843587719
2.31841802354,4.10736722369
2.33974704266,4.18496531785
2.1931648152,3.63464508138
2.08353291173,3.18967793945
2.11949756937,3.3396167992
2.15348990404,3.47760663338
1.98815766973,2.76748292571
1.92870056881,2.48005566965
1.80999775938,1.81009211863
2.51117883715,4.78537682785
1.71645479813,1.06770369669
2.23088815071,3.78041165089
2.54476171027,4.89892845013
1.90517386559,2.35934393761
2.29825177955,4.03329831836
1.7675736097,1.51441613934
1.98022209259,2.73038587538
2.2169063636,3.72676124785
2.50956297333,4.77988372353
2.38126808567,4.33399037409
1.66448077897,0.0439438745269
1.75649226408,1.42847434339
2.45544216589,4.59423344748
2.37279506797,4.30378786542
1.75191536064,1.39159664883
2.47007419061,4.64475466298
1.79308306462,1.69756343542
2.50086108154,4.75025376775
1.89070618588,2.28272398435
2.56558762646,4.96878069578
2.01656479886,2.89754179317
2.24391042703,3.83000165702
1.67540996321,0.488199733678
1.96940778871,2.67924961395
2.56364228008,4.96227347167
1.72684358166,1.17118203219
2.14711253394,3.45197324484
2.16588031703,3.52708996028
2.20049631585,3.66323183957
2.09301575102,3.22963645053
2.38194967422,4.33641544983
2.26058572373,3.89299230876
1.90279484329,2.3468769484
2.08164099672,3.18166769803
2.3701624054,4.29438239776
2.35665087785,4.24594953329
2.56374150582,4.96260547082
2.1580781081,3.49597894649
2.10835839393,3.29363470249
2.05711777114,3.07663287785
2.22444970031,3.75575958922
2.14041024489,3.42490999476
1.82747495236,1.92045941135
1.8611470298,2.11956877044
2.56448859217,4.96510484462
2.0465844486,3.03079495964
1.83491783585,1.96588565126
2.45582791617,4.59556861548
2.32198243033,4.12038699691
1.875366884,2.19924689198
1.7005325111,0.887483949011
2.47134192475,4.64912007064
2.09637544251,3.2437184041
2.29714627042,4.02921740944
1.75434464574,1.41127827117
1.91214654027,2.39559784493
2.07465250076,3.1519661572
2.04734590393,3.03412386844
2.47634955424,4.66634558651
1.84730252818,2.03962163494
2.16257589651,3.51393363668
2.53970968798,4.88191953694
2.38937273358,4.36278388892
2.06642655023,3.11677273978
2.33188493571,4.15644791698
2.44259661102,4.54966931097
2.12407317684,3.35839165125
2.04530315612,3.02518797537
2.13422517381,3.39982001524
2.4452504351,4.55889251749
2.24735588243,3.84306302269
2.06818822621,3.12433134506
1.80660932273,1.78803410957
2.13038641634,3.38419121619
1.66462164206,0.0704855663082
1.95329053224,2.60171334254
2.24864671091,3.84795014878
2.33428509974,4.16516429419
2.44431916749,4.55565693906
1.76376262271,1.48536055475
1.96506641411,2.658524555
2.57435410267,4.99806047001
1.95876101347,2.62821520239
2.27758385316,3.95663882111
1.9584872011,2.62689331495
2.08045748141,3.17665021401
2.24013439878,3.81565891544
2.54651055173,4.90481047737
1.86272111967,2.12850539955
2.37841201308,4.3238213125
2.38784780844,4.35737333775
2.08842258718,3.21032136578
1.74733569528,1.35379184007
2.22475142028,3.75691685582
1.701994156,0.905448709948
1.82801426773,1.92378080076
1.72243391775,1.12834321711
2.10630557239,3.28511719255
1.76063593965,1.4611388602
2.15935532022,3.50108299707
2.36177621833,4.26435373316
2.33130988412,4.15435819155
2.46216161582,4.61746560388
2.50539193196,4.76569146761
1.93302201167,2.50175093614
1.75616916419,1.42589918288
1.71724920666,1.07594498574
2.09432833286,3.23514266796
2.20751321889,3.69047288814
2.28136583461,3.97072513634
2.55732036535,4.94110161131
2.00095098881,2.82656758314
1.90126332331,2.33882432803
2.35995272061,4.25781040972
1.8785307493,2.21666584051
1.77111631402,1.54098974662
2.44783878383,4.56787984797
1.89178830912,2.28852310763
2.34306553195,4.19697260133
2.48386394954,4.69214030697
2.25368286334,3.86698484218
1.7441938017,1.32729227451
2.09206812415,3.22565750937
1.9806290271,2.73229682427
1.69886156802,0.866510152519
2.34834510007,4.21604003794
2.3375396768,4.17696875079
1.71676650004,1.07094443471
2.3781982779,4.32305983673
1.7346857764,1.24397709081
2.1519235645,3.4713213484
2.3017550331,4.04621606593
2.21747799157,3.72896315481
2.00638364602,2.85139988736
2.14061610287,3.42574314945
2.11575610969,3.32421617221
1.93791918473,2.52616924923
1.67547882159,0.489727835047
2.47449326846,4.65996359572
1.80037548385,1.74683684987
1.90630741576,2.36526651222
1.79310788094,1.69773319532
2.0049920996,2.84505347182
2.15919517404,3.50044325653
2.13921158194,3.42005629209
2.13790589,3.41476445116
2.56141782379,4.95482820803
2.40244559384,4.40903512119
2.31397926004,4.09112386319
1.76519596207,1.49634738706
2.39825352714,4.39422935352
1.90774278504,2.37274985264
1.84761287922,2.04144144646
2.20125909757,3.66619870576
2.0786388359,3.1689302071
2.272816646,3.93884468434
2.10014888831,3.25948878844
2.5063862312,4.76907632855
1.78315183076,1.62840370395
2.31876705452,4.10864307316
2.02732358928,2.94576388102
2.47746455,4.67017709485
1.85597144887,2.08997004589
2.48520088719,4.69672293715
1.68862125519,0.725380204655
2.24085866204,3.81841223445
2.31119078549,4.08090255142
1.68664323154,0.694936600211
2.2978028852,4.03164151793
1.88154591497,2.23316668685
2.15872250274,3.49855465763
2.46606077123,4.6309222495
2.20981560336,3.69938628864
2.4806352876,4.68106509885
2.37674830383,4.31789226769
1.93166099424,2.49493323951
2.13286079745,3.39427022877
1.7082336595,0.978593727984
1.89801619853,2.32168044181
1.76753835393,1.51414961405
1.87127978105,2.17658271671
2.18878292987,3.61749746031
1.78557157383,1.64548654244
2.14422032324,3.44031049421
1.8971052198,2.3168532428
1.78050871083,1.60956362393
2.17482410807,3.56255491286
1.98045061495,2.73145912388
1.7084911126,0.981500247349
2.12239124752,3.35149780054
1.78494712885,1.64109291362
2.54533109154,4.90084382992
2.55152722318,4.92166680103
1.89507487174,2.30606663
1.67664752696,0.514981646087
1.92014255378,2.43666768384
2.11348211723,3.31483434989
2.1050347991,3.27983762088
1.92989984763,2.48609060288
2.57112806469,4.98729398166
2.16052583833,3.50575679309
2.29346679182,4.01561919928
2.21357355975,3.7139086625
2.41053725506,4.43754651988
2.42593020856,4.49154542326
2.08648749339,3.20216184011
2.08495752688,3.19570120049
2.40107481089,4.40419634911
2.24365575356,3.8290352448
2.2287259996,3.77214306098
2.53209903006,4.85624812075
2.18460940082,3.60112138691
2.53090064264,4.85220052331
1.77302712021,1.55515579008
2.00996911245,2.86770753295
1.69895610654,0.867709780824
1.87190057727,2.18003719247
1.86762875433,2.15617768915
2.20896466911,3.69609342256
1.76330242523,1.48181767772
2.34139692309,4.19093724992
2.33193395572,4.15662602989
2.20057563357,3.66354041264
2.1289624193,3.37838247148
2.53669008777,4.87174113425
1.790994793,1.68322544196
2.33302549592,4.16059110645
1.95555442813,2.61270444056
2.36657391306,4.2815457357
2.51131595004,4.78584281346
2.28200247188,3.97309372833
2.26119427914,3.89528059531
1.86756587611,2.15582493149
2.37103938814,4.29751663832
1.83753792546,1.98167216478
2.15513628562,3.48420579864
2.50454187843,4.76279681623
2.36024227942,4.25884977787
2.00059408424,2.82493092413
2.00163853363,2.82971861433
2.32708323931,4.13898215482
2.17595540126,3.56702607325
2.32059309723,4.11531467556
1.70649918935,0.958794469689
1.88619180721,2.25840691537
2.35222610966,4.23002891125
2.27238113797,3.93721695628
2.17043924454,3.54519361706
2.42224219259,4.47863585746
2.49811868353,4.74089895908
2.13532684025,3.40429717558
1.88975442056,2.27761400001
1.91427997107,2.40660748749
2.18827435931,3.61550423273
2.00577669367,2.8486329615
2.48758836086,4.70490151425
1.74605259601,1.34302725456
2.29922061613,4.0368729304
1.92893511811,2.48123681278
2.51369182747,4.79391420256
1.89739726681,2.31840161724
1.93128910166,2.493067925
1.96921490527,2.67833125471
1.98853731534,2.76924891952
2.33551612229,4.16963124799
2.28169555445,3.97195194404
2.2022667265,3.67011581101
1.86251218492,2.12732093446
2.06089388235,3.09295655848
1.87339780083,2.18835088334
2.14795254238,3.45535611432
1.70733558702,0.968390111104
2.12402058463,3.3581762193
2.34399053595,4.20031645038
2.03587350953,2.98370899606
1.66843782508,0.295544900022
2.08874409383,3.21167575553
2.05934181295,3.08625397532
2.50730448865,4.77220138217
1.73946454447,1.28646931096
1.9096156176,2.38248699999
1.96743010219,2.66982272214
2.39986139494,4.39991093976
2.10729125059,3.28920865821
2.03020557253,2.95859080943
2.21023786237,3.70101968997
2.00995538933,2.86764523804
2.48303521028,4.68929862279
1.70383027156,0.927544192432
2.47670507039,4.66756741633
2.27053893431,3.93032764938
2.28464474426,3.98291622152
2.16499731039,3.5235771744
1.6894954754,0.738446361865
2.3493526301,4.21967385646
1.78374182902,1.63258329539
1.76395947083,1.48687371394
2.49734582741,4.73826112986
2.27277488296,3.93868860903
2.35075417017,4.22472612533
2.12110866693,3.34623492553
2.16773834338,3.53447484327
1.71804326463,1.08412380014
2.48578603439,4.69872801911
2.11992309264,3.3413655644
1.735571446,1.25195231885
2.18277332159,3.59390329532
2.29233991923,4.01144977996
2.19240529313,3.63167619303
1.75561411585,1.42146557357
1.76705282976,1.51047492512
2.40354435788,4.412911845
1.93020002466,2.48759942932
1.83319592608,1.95545381517
2.13320358858,3.3956650975
2.18902642255,3.61845155012
1.98783695945,2.76599046521
1.69996343556,0.880394675202
2.33648470512,4.1731441912
2.5166293057,4.8038852482
2.33787973829,4.17820118785
2.01598984148,2.89494944974
2.21747265458,3.72894260017
2.31714932112,4.10272788068
1.82114125722,1.88108928687
2.31278032159,4.08673070899
1.73122302813,1.21233268658
1.98222513094,2.73978297932
2.22038719549,3.74015806899
1.8236245382,1.89660638576
2.56925715505,4.98104559839
1.88185592379,2.23485783286
2.50400144043,4.76095608153
2.22688846237,3.76510792035
2.03581903266,2.98346824944
2.00334926254,2.8375484153
2.51419385258,4.7956189317
1.78611280636,1.64928645388
2.16080133499,3.50685629409
2.34463296883,4.20263802748
2.00827865248,2.86002683402
2.49224206529,4.72082508712
2.54174665843,4.88878056588
2.14859885921,3.45795759867
1.98125880442,2.73525237554
2.20941047215,3.69781875715
2.07990596014,3.17431032026
1.87032246183,2.17124710933
1.9274704135,2.4738539782
1.98599897396,2.75742627691
1.7395874533,1.28754521869
2.20813551285,3.69288322805
1.99067659013,2.77918546473
2.01672003195,2.89824143066
2.2757006285,3.94961459968
2.27370721316,3.94217209119
2.51683505207,4.804583299
1.68755892656,0.709188025541
2.45729963025,4.60066091205
1.88570460496,2.25577038706
2.55341741292,4.92801157851
2.25525020741,3.8728983576
1.71786301373,1.08227230366
1.79496896134,1.71042283845
2.1480613413,3.45579412223
2.17820808944,3.57591952752
2.08568615089,3.19877902123
2.08335020912,3.18890494945
2.17995638022,3.58281276386
2.28286063468,3.97628531207
2.02872684598,2.95201408311
1.95440592464,2.60713271486
2.22382880007,3.75337745748
1.83574696582,1.97089254527
2.06947579402,3.12984826896
2.20154649046,3.66731617442
1.68020006139,0.585184330017
2.30129811344,4.04453246508
2.00437406168,2.84223166133
1.88231661998,2.23736915437
2.32217609661,4.12109379898
2.4158257109,4.45613352282
2.45742895112,4.60110825317
2.34014166418,4.18639408781
2.24042423995,3.81676089109
1.91095666064,2.38944075338
2.4319411024,4.51254869952
1.9820690296,2.73905145909
2.29312716945,4.01436283954
1.95286517884,2.59964451292
2.0371737371,2.98945117428
1.67378136062,0.450569380768
1.8848185138,2.25096907906
2.47805066853,4.67219063046
1.84358621926,2.01772676007
2.55357840111,4.92855180517
2.48264225631,4.68795094297
2.44286136865,4.55058984957
1.78370947709,1.63235435345
2.39143041777,4.37007955455
2.55874375799,4.94587184145
1.98499495921,2.75274012236
2.35511352637,4.24042142256
1.76658469472,1.50692432004
1.98932572976,2.77291386163
2.34681237188,4.21050898821
1.74011826239,1.29218234613
1.92658051386,2.46936041305
1.77265575235,1.55241152749
2.03318057592,2.97179265936
2.12167438216,3.34855687963
1.82789049562,1.92301896723
2.56825270422,4.97768961986
2.38332641976,4.34131185957
1.84704701523,2.03812238879
2.29150906487,4.00837416208
2.1553873197,3.48521135927
1.94362958068,2.55442447677
1.89988257365,2.33154619223
2.38892495922,4.36119548918
1.75522033454,1.41831258032
1.70487233004,0.939863437181
2.0443986824,3.02122581782
2.19939229828,3.65893528794
2.54434230966,4.89751739543
2.18153510088,3.58903077539
1.71945517936,1.09852534419
2.32389139205,4.12735120551
1.87974004902,2.2232954027
1.99301448799,2.79001625748
1.81189888257,1.82236897986
2.51085507092,4.78427641163
1.80794905058,1.79678287645
2.21019241644,3.70084391362
1.86071035466,2.11708428011
2.30477471251,4.05733341997
2.03208003938,2.96691352219
1.86030011278,2.11474805637
2.31831965112,4.10700759579
2.29400677749,4.0176163338
2.23332577331,3.78972165657
2.53792490274,4.87590452582
2.22472533856,3.75681682557
2.24774759866,3.84454643527
2.3569920833,4.24717597554
2.45523868517,4.59352908337
2.24173417708,3.82173908237
2.52156850086,4.82063060926
2.52954645722,4.84762495432
2.2997257945,4.03873617476
2.54544759485,4.90123570375
2.47058353125,4.64650878713
1.78303418306,1.62756916104
2.32017253264,4.11377860077
1.92030816035,2.43751276841
1.80331769542,1.76638287273
1.73375247704,1.23552171255
2.5702343515,4.98430960672
2.17042391713,3.54513284264
1.8738522758,2.19086953347
2.40469861921,4.41698261949
2.09050526117,3.21908848801
1.82729658447,1.91935987869
1.8308158155,1.94095838511
2.05794720327,3.08022325895
1.93541959742,2.51372770912
2.32503240013,4.13151091439
1.98942575335,2.77337857853
2.2365781575,3.80212374097
2.41358825589,4.44827418939
2.42196729233,4.47767289133
2.47928175968,4.67641861363
1.98627321765,2.75870531372
1.89961911612,2.33015548792
2.17964091831,3.58156951932
2.0670108893,3.11928120703
1.88444389746,2.24893680781
1.74012788905,1.29226630364
2.29252656654,4.01214053124
1.81987638484,1.87314435454
2.29674009845,4.02771750928
1.74713635289,1.35212455876
2.34711889186,4.21161539763
2.56249977477,4.95845009113
2.11955051595,3.33983442354
2.29549230014,4.0231078391
1.69523510478,0.819221039059
2.08496225863,3.19572119421
1.87816746694,2.2146712312
2.04277876986,3.01412096905
1.7461891492,1.34417659195
2.01444612665,2.88798137003
2.03053766551,2.96006646174
2.39997412326,4.40030914582
1.79101825789,1.68338713622
1.98264442225,2.74174717596
1.69134652007,0.765397739163
2.43537368105,4.52452228573
2.33895084703,4.18208185351
2.06798532427,3.12346138296
2.12193753202,3.34963662941
1.97598606687,2.71043715099
2.49993381822,4.74709162189
2.13472938223,3.40186955726
2.41236913522,4.44398910012
1.72761036225,1.17848310292
1.79320030149,1.6983652838
1.86361142073,2.1335466904
2.29046792883,4.00451837475
2.26796399777,3.92068724269
1.82890356155,1.92924718706
1.85513118811,2.08513287008
1.67702776388,0.522938717626
1.84678884479,2.03660663946
2.20729149737,3.68961387483
2.5070647703,4.7713856493
2.57071095813,4.98590123161
1.85302670649,2.07297802873
2.11945741715,3.3394517572
2.0571933106,3.07695998062
1.73475590064,1.24461025574
2.09816883979,3.2512195617
2.46275873718,4.61952753049
2.52972384196,4.84822441441
2.41852215743,4.46559638789
1.76216223472,1.47300710663
1.87039272729,2.17163908585
1.93338697098,2.50357677199
2.1128273554,3.31212994307
2.01966844068,2.91150820177
2.3117357722,4.08290127326
2.28167485977,3.97187495008
2.53516682654,4.86660308498
1.66477710722,0.0912167734247
2.36391604483,4.27202579843
2.44243817884,4.54911841507
2.48384994593,4.69209229607
2.48181277808,4.68510558218
2.55768001133,4.94230708053
2.45617263218,4.59676160396
2.40606552054,4.42180099606
2.03293910143,2.9707225624
2.405853931,4.42105529974
2.54201936472,4.88969879569
1.90150727563,2.34010843224
1.88931953274,2.27527614556
2.34615286938,4.20812796289
2.0915975175,3.22368034897
1.74129088563,1.30237277982
1.91993028345,2.43558415361
2.00887515862,2.86273870758
2.11093399457,3.30430194116
1.88435810747,2.24847120066
1.7940808515,1.70437746879
2.37138320356,4.29874508972
2.03215736214,2.96725650191
1.81586843914,1.84778102468
1.85981189332,2.11196507474
1.97116626309,2.68761174884
2.29493150894,4.02103523576
1.80926751445,1.80535767838
1.76495870619,1.49453373666
1.71768607202,1.08045190192
2.16037627544,3.50515980528
2.39140277443,4.36998158222
2.51665931242,4.80398705696
2.54900132357,4.91318270539
2.35806014201,4.25101390696
2.05699968564,3.07612149555
1.97125629456,2.68803937911
2.3531985086,4.23353023502
2.00452557479,2.8429236119
1.81397972419,1.83572691126
2.51755029485,4.80700961058
1.74136337623,1.30300035263
1.86234138229,2.12635225157
2.55650517132,4.93836876478
2.31128951842,4.08126468904
1.92393728051,2.4559771923
2.37689322552,4.31840889106
2.10407198751,3.2758339712
2.27314984899,3.94008979983
1.96489513564,2.65770452562
1.97815381295,2.72065865917
1.75434797911,1.41130510758
2.5198347658,4.81475562038
2.49014792753,4.71366255382
2.48551487918,4.69779891871
2.43459390332,4.52180355196
1.92261458508,2.44925960256
1.99487151108,2.79859844254
2.28889789547,3.9987001358
2.47750627526,4.67032044962
1.69200680494,0.774791653125
1.94160652484,2.54444072527
1.89928513345,2.32839158858
2.1065427751,3.28610209114
1.6974559983,0.848482447574
2.48703113682,4.70299324668
2.43155469642,4.51119990002
2.29386367381,4.0170871164
2.27712154512,3.95491508034
1.83200020566,1.94818272555
2.57442277629,4.99828955392
2.00792284584,2.85840840244
2.15347416499,3.47754351072
2.36741438137,4.28455394057
1.88462032272,2.24989408267
1.69422830368,0.805618936617
2.05187250455,3.05386361142
2.06950733493,3.12998333533
2.4181526724,4.46430028549
2.42541832732,4.48975467521
2.49883670138,4.74334903656
2.49365652083,4.72566017641
1.93127522602,2.49299830843
1.81558040264,1.84594700265
2.50309926528,4.7578825673
1.80459476206,1.77480965972
2.45805804407,4.60328409967
1.69956867456,0.87544461337
2.55617719605,4.93726908368
2.52107784077,4.81896825993
1.7308168428,1.20857066879
2.18248238072,3.59275875997
1.68518603652,0.671650980862
2.47668391773,4.6674947234
2.45400554068,4.58925939645
2.33389368899,4.16374349016
2.08615337743,3.20075166646
2.39003742626,4.36514125044
1.90128815032,2.33895503593
2.54723674218,4.90725204992
2.17956896951,3.5812859318
2.35348488005,4.23456109854
1.76822839656,1.51935863802
2.33052314402,4.15149832621
1.85045021309,2.05801822545
2.23915535627,3.81193529734
1.89073607672,2.28288432328
2.24608125949,3.83823390427
2.18958140451,3.62062562111
2.54163497719,4.88840450245
1.79265482325,1.6946316759
1.91571880863,2.41401120139
2.48422497648,4.69337799934
2.47987028434,4.67843919762
1.92454296293,2.45904869161
2.21346153421,3.71347621233
2.34803970011,4.21493825337
2.39002241814,4.3650880303
2.05428527686,3.06435104611
1.99289499056,2.78946337311
2.22003001366,3.73878461241
2.40613510709,4.4220462239
1.73413802376,1.23902107904
2.51972541732,4.8143849739
1.8361140653,1.97310602355
2.44720519206,4.56568063129
2.39470300504,4.38167061399
2.46074882172,4.61258539157
1.96172225329,2.64248071007
2.09698280344,3.24626000627
2.4494387592,4.57343123537
2.04896407946,3.04119016271
1.91790967971,2.4252518049
2.5351455836,4.86653141475
1.90799343962,2.37405480492
2.02930552567,2.95458896891
1.69334683456,0.793525482467
1.69363537927,0.797503712476
1.85871642056,2.10570986931
2.25982399524,3.89012703375
2.36815335676,4.28719801964
2.11851979472,3.33559631482
2.25154167611,3.85889826083
2.53508653104,4.86633217871
2.39230550143,4.37318043758
2.13522339277,3.40387691846
2.40322577642,4.41178797539
1.89484686963,2.30485289584
2.04853687065,3.03932566932
1.97073525242,2.68556386764
1.92178784316,2.4450537985
2.53643083955,4.8708668397
2.22553699606,3.75992904749
1.77865811284,1.59625714347
2.23451286491,3.79425091359
2.08995682658,3.21678129521
1.86397817578,2.13562066303
2.08845796914,3.21047043478
2.01010871606,2.86834119878
2.34081602462,4.18883511213
2.29002584765,4.00288055965
2.28040026626,3.96713132893
1.91416843369,2.40603283957
2.32403693279,4.12788191478
2.01795922275,2.90382236234
2.56125164724,4.95427182502
1.9549779632,2.60990891854
2.09158497212,3.22362763156
2.47171815995,4.65041526838
2.15494701524,3.48344752879
2.09270778852,3.22834370313
1.90626252426,2.36503217815
2.57204071173,4.99034081031
2.21986604281,3.73815400705
1.96765892368,2.67091464551
1.8000146463,1.74442682985
1.73271358944,1.2260465725
2.29569987997,4.02387488182
2.23308772309,3.78881303241
1.71338442024,1.03527172117
1.77578821321,1.57542707323
2.25968782482,3.88961470216
1.90129215639,2.3389761263
2.05153355346,3.05238841849
1.71660598999,1.06927677867
1.6940583266,0.803300590949
1.80304429817,1.76457439567
2.4396257832,4.53933406581
2.23968334392,3.81394365608
2.2315398751,3.78290202791
1.80994481231,1.80974919604
2.24989817363,3.85268499017
2.06231627124,3.09909080975
1.85918183141,2.10836920603
1.69320191035,0.79152009392
2.08767242119,3.20715977868
2.19873811611,3.65638801614
1.76824950546,1.51951773633
2.52322806142,4.82625132741
1.67549580548,0.490104017563
1.82367612867,1.89692763279
1.7521521273,1.39352590864
2.42135555775,4.47552965507
1.84780371832,2.04255982005
1.83940805849,1.99287721634
2.25325795054,3.86538081656
2.53024646288,4.84999039111
1.77501772322,1.56979348836
1.86210176876,2.12499272297
2.457735601,4.60216892337
2.24296552349,3.82641534587
1.81120448813,1.81789291538
2.14229952554,3.43255176076
2.20452556188,3.67888825658
1.92625449985,2.4677126714
2.47606773105,4.66537692032
2.23484969013,3.79553549797
2.06458913391,3.10887647371
2.20276500303,3.67205195286
1.87158776249,2.17829704832
2.34179170767,4.19236558034
1.9801620848,2.73010400118
1.69670368724,0.838680447415
2.20165758287,3.66774808248
2.46987038275,4.64405268247
2.20132006457,3.66643577977
2.50064651742,4.74952214589
2.39718707093,4.39045895555
2.30439693382,4.05594344798
1.93906589097,2.53186179881
2.16756124041,3.53377132513
1.96430778838,2.65489110508
2.55099601699,4.91988308126
2.06889202296,3.12734772841
1.7498283934,1.37448558883
2.01394998759,2.88573944122
2.50257630086,4.7561005395
1.8815966568,2.23344355998
2.17885649762,3.57847700304
2.04597003503,3.02810712007
1.78407058777,1.63490820929
2.5528926193,4.92625035844
2.12180690716,3.34910067958
1.8546278961,2.08223121158
1.935463711,2.51394767593
2.05515949293,3.06814512762
1.78755852759,1.65939958451
2.45298551295,4.58572623194
2.24629655586,3.83904982392
2.20578002179,3.683754947
2.41419365825,4.4504013897
2.26788951247,3.92040818445
2.45909428168,4.60686711167
2.20830371283,3.69353456596
2.30133695734,4.04467560654
1.97996975524,2.72920043413
1.67318002472,0.435864431412
2.49430861972,4.72788852949
1.99295863234,2.78975783703
2.02468194727,2.93397349369
2.35550003343,4.24181158873
2.50123006503,4.75151181291
1.74168435904,1.30577588554
2.51509780251,4.79868780956
2.36821645866,4.28742376303
1.90774577178,2.37276540537
2.51887814501,4.81151264632
2.11155645657,3.30687674788
2.33960180536,4.18443940833
2.39554092024,4.38463601236
2.45992153515,4.60972660034
2.20904609794,3.69640860028
2.53786870505,4.87571507886
2.06680618732,3.1184026055
2.12921695267,3.37942120728
2.43625249595,4.52758540327
1.88074513097,2.22879364054
2.36251973931,4.26702030535
2.34366145587,4.19912699415
1.88818336039,2.26915953167
2.28719327534,3.99237807152
2.0414369741,3.00822749712
1.747492295,1.35510031997
1.98906103444,2.77168380462
1.97603066787,2.710647732
1.78326689617,1.62921956887
2.38521527525,4.3480252156
2.21405962655,3.71578468791
1.76855632578,1.52182858478
2.09719453181,3.24714572395
1.94523688276,2.56233613372
2.12426646663,3.35918334572
2.45784696244,4.60255408332
2.51100447137,4.7847842075
1.69916046195,0.870297486174
1.93144384814,2.49384421817
1.67467188021,0.47151338969
2.01148351148,2.87457632911
1.8204492843,1.87674634082
2.42753660781,4.49716301628
2.06346407558,3.10403511612
1.68594488653,0.683873652906
2.29275216584,4.01297535382
2.02223153297,2.9230079139
2.47281652819,4.6541954894
1.87916131638,2.22012464146
2.2169637408,3.72698229754
1.95862372355,2.62755246614
2.27987863071,3.96518910032
1.67024850693,0.355667419048
1.93251580165,2.49921680777
1.97084459086,2.68608347787
2.172638587,3.5539078486
2.56308488867,4.96040832315
2.27060551554,3.93057675678
2.2841783526,3.98118337363
2.12144596243,3.34761945989
2.43735149011,4.53141459727
2.14094321938,3.42706681343
2.52711333872,4.83939914526
1.78051218035,1.60958848072
2.37629799205,4.31628678248
2.39061537013,4.36719045188
2.31924498113,4.11038975728
2.54654524936,4.90492714837
1.75115039685,1.3853468775
2.27506736808,3.94725110681
1.97795916615,2.7197419595
1.77051528051,1.53651007643
1.94856102876,2.57864221974
2.31401334023,4.09124870425
2.38487341061,4.34681053737
1.81666175724,1.8528244526
1.72432059113,1.14685422176
2.49629514073,4.73467399268
2.21699402485,3.72709896595
2.06568031438,3.11356737172
2.40628184563,4.42256331945
2.34182970429,4.19250303913
2.27187052511,3.9353080611
2.17891727594,3.57871667246
1.85141386953,2.06362372658
1.92574492037,2.46513550532
1.67955074885,0.572985146934
2.1650296731,3.52370595658
1.98621843877,2.75844986544
2.47815910327,4.67256310129
2.00738938789,2.85598072092
2.39827552845,4.39430712157
2.55924841101,4.94756262269
2.17616177535,3.56784136274
2.0732819638,3.14612019458
1.87985252626,2.2239112317
1.884455475,2.24899963676
1.76803492064,1.51789971701
2.31416274801,4.091795985
2.10226218538,3.2682999872
2.41709729172,4.46059717355
1.76259948468,1.4763914007
1.89373512382,2.29892760608
2.27854274157,3.96021281128
2.10133611444,3.26444065595
2.0466142711,3.03092538229
2.53268866315,4.85823909304
2.54051561412,4.88463459335
2.30439675791,4.05594280071
2.39984074014,4.39983797603
1.73216204103,1.22098863948
2.28527250765,3.98524800411
2.20482472445,3.68004919384
2.30506870205,4.05841493233
1.84511410645,2.02675169634
2.02179949111,2.92107164269
1.84790317355,2.04314246026
1.75316373952,1.40174189685
2.56138113967,4.95470538658
2.30962566073,4.07515967917
2.27488676143,3.94657689694
2.23388754675,3.7918654344
1.85547445934,2.08711008844
1.77269453871,1.55269834335
1.75493479435,1.41602232238
1.72428358101,1.14649377939
2.27964045015,3.96430210356
2.42232524712,4.4789267754
2.09260864201,3.22792744189
1.82630379528,1.91323034124
1.96247175648,2.64608258191
1.96307476419,2.64897788531
2.10313245511,3.27192416925
2.41235050772,4.44392361105
1.81954810126,1.87107772666
2.0002275326,2.82324934304
2.13891455913,3.41885292383
2.20509796275,3.68110934646
2.48255253072,4.68764319457
1.93726320722,2.52290854776
1.99227532684,2.78659511885
2.31595964313,4.09837505088
2.54877122395,4.91240952711
2.53280609272,4.85863556707
2.04035791111,3.00348243433
2.04491173758,3.02347374086
2.55052353226,4.91829630898
2.19203381135,3.63022360213
2.2544743609,3.86997174079
2.26294450986,3.90185774898
2.03439245016,2.97715920053
2.25172014955,3.85957265146
2.56893509684,4.9799696706
1.67437760344,0.464695550285
2.00279780813,2.83502610623
1.87139423919,2.17721995513
1.69318327042,0.791261807548
1.7530224889,1.4005973156
2.08018408535,3.17549043708
1.929524951,2.48420524463
1.79569762099,1.71536914259
2.44645668282,4.56308190092
2.52487415008,4.83182360569
1.67148257224,0.391417865213
2.47032295742,4.64561143147
2.33960224613,4.18444100444
1.74170875788,1.30598664157
1.86012059458,2.1137250956
2.20205302388,3.66928525278
1.89592477418,2.31058662101
1.67613571435,0.504075788856
2.34602780976,4.20767637924
2.34347986251,4.19847055428
2.25188866017,3.86020933685
2.51449300171,4.79663462757
2.33004008147,4.14974185598
2.40482993688,4.41744562828
2.4046882185,4.41694594697
1.7361837579,1.25743881964
1.88946989148,2.27608464948
1.75442387245,1.41191598758
1.85125528409,2.06270209633
2.39927833178,4.39785102714
2.42840729815,4.50020644992
2.4436124866,4.55320094932
2.04092959105,3.00599695552
1.78537505747,1.64410494314
2.14933360127,3.46091357706
2.31032768461,4.07773611656
1.67512589718,0.481845199493
1.74259694063,1.31363770104
2.51812679372,4.80896487294
2.56961655298,4.98224615509
2.55927621467,4.94765576852
1.89453190639,2.30317542588
2.47796298331,4.67188942395
1.82607143309,1.91179336789
1.79686129221,1.72324309881
1.80170866442,1.75571658616
2.35399685715,4.23640377167
2.4637877219,4.62307974361
1.9837647896,2.74699075083
1.68149100513,0.608725901436
2.09159672719,3.223677028
2.34242640637,4.19466140482
2.31788662462,4.10542435325
2.50380343531,4.76028159632
2.02299601849,2.9264319627
2.24769244768,3.84433759987
2.25871856336,3.88596686571
2.56912338771,4.98059872207
2.01405102583,2.88619610426
1.98734645727,2.76370676671
2.27747930845,3.95624905555
2.06891472204,3.12744498243
1.80772183777,1.79530166465
2.11923057091,3.33851923214
1.9637516652,2.65222527514
2.35260753859,4.23140249793
2.24406763355,3.83059814338
2.5184211068,4.80996293575
2.23447486704,3.79410598213
2.18688545364,3.61005748747
2.19055839989,3.62445104444
2.52891737996,4.84549877009
2.41693086025,4.46001306698
2.1455878959,3.44582814909
2.1104512341,3.3023041491
2.06787206812,3.12297571773
1.83358205018,1.95779705015
2.17604733143,3.56738926071
1.6814737224,0.608416633309
2.03411918695,2.97594967534
1.78117559706,1.61433526503
2.45798949795,4.60304704184
2.30844495004,4.07082454537
2.33335419695,4.16178475321
2.1972526441,3.65060006505
1.6828527466,0.632628290902
1.78238128462,1.62293098113
2.34699710505,4.2111758155
2.41449795232,4.45147040428
2.28340846735,3.97832203844
2.22932334729,3.77442847228
2.38370634533,4.34266259452
1.80569462106,1.78203994667
1.85066940329,2.05929431875
1.67071591287,0.369611913699
1.73448346009,1.24214867357
2.16394101525,3.51937228945
1.94660771273,2.56906969354
2.19648225335,3.64759626252
2.46602684975,4.63080525763
2.57203214895,4.99031222749
2.51348713303,4.79321904441
1.93038080859,2.48850780346
2.11061774725,3.30299330998
1.88569805698,2.25573493588
1.98808281994,2.76713465447
2.41548382228,4.45493302375
2.46885713725,4.64056201987
2.34968872055,4.22088567112
2.21575304843,3.72231645146
2.20531849871,3.68196488946
2.42581334334,4.49113661555
2.54334140008,4.89414917628
2.54460518675,4.89840185404
1.93576230565,2.51543620654
1.91906200138,2.43114824478
2.3020299522,4.04722887725
2.49208060069,4.72027300592
2.26182795709,3.8976625737
2.35411798466,4.23683966696
1.69478257211,0.813134377086
2.06495857568,3.110465189
2.35433737968,4.23762913534
2.13093027339,3.38640810275
2.01398202576,2.88588424964
2.13052977297,3.38477565684
1.76523483757,1.49664437592
2.02721436889,2.94527703113
2.43676915055,4.52938575627
1.68160196624,0.610707854869
1.94099677003,2.54142594762
1.70433376012,0.933515806474
1.95528764132,2.61141094814
2.50320470491,4.75824182242
1.83842193193,1.98697521448
2.36884324153,4.28966572401
2.42565905415,4.49059686771
2.4398931886,4.54026479327
1.74733973283,1.35382559047
2.32288867213,4.12369386997
1.99823249131,2.81408475644
2.40956191913,4.43411452001
2.25236432356,3.86200623141
2.32179936218,4.11971881639
2.40684038499,4.42453130545
2.14743261807,3.45326251762
1.82897383065,1.92967857615
1.96991834319,2.68167938849
2.52637537215,4.83690305335
2.06782344917,3.12276721486
2.04842683627,3.03884531733
2.26785498429,3.92027882142
1.89675080122,2.31497311633
1.95608167756,2.61525939988
2.27610208312,3.95111254111
2.19685370201,3.64904474167
1.68932605475,0.735931786055
2.48916802896,4.71030935865
1.7491974288,1.36927426518
1.87708780705,2.20873498896
1.83932694829,1.99239230956
2.01689631861,2.89903581741
2.55870057307,4.94572714405
2.12100733906,3.34581892488
2.24804176626,3.84566022905
2.0765487908,3.16004321016
2.35320272034,4.2335453971
2.4874278497,4.7043518638
2.11185158241,3.30809709718
2.24213595226,3.82326524354
1.94550433649,2.56365089078
1.90975745695,2.3832232125
2.26999916345,3.92830783427
2.18003704373,3.58313062071
2.53496546065,4.86592369112
1.87876656823,2.21795985537
2.31300280685,4.0875461249
2.21376959284,3.71466533707
1.97347308337,2.69855341358
1.71760879994,1.07965601173
2.45399635323,4.58922757861
2.54809144922,4.91012505222
1.79040596093,1.67916345583
2.07995709425,3.17452730916
2.52709623554,4.83934130192
2.49155678459,4.71848177085
2.19525761255,3.64281838393
2.40187123328,4.40700797742
1.95786553548,2.62389030662
1.79809120343,1.73153185115
2.13764020947,3.41368706573
1.81136043025,1.81889892736
2.39519102975,4.38339786086
2.32681595395,4.13800882135
1.82802273262,1.92383289415
1.68733271769,0.705693474396
2.35650980487,4.2454424034
2.05804123249,3.08063011253
1.97281860765,2.69545233103
2.40681703216,4.4244490313
2.43535475431,4.52445630573
2.1771020993,3.57155477376
2.53119766333,4.8532038576
2.39652762032,4.38812672268
2.27966088805,3.96437821949
1.89472998411,2.3042304825
1.90307161651,2.34832994595
2.50731748642,4.77224561027
1.93196750204,2.49646982338
2.24540913965,3.83568612427
1.84935935025,2.05165783268
2.19465761918,3.64047622313
1.75595544921,1.42419354081
2.47068401487,4.64685480836
2.44293215773,4.55083596223
2.13002820797,3.38273059218
2.34542417093,4.20549632828
2.27409943334,3.94363705761
2.55237138017,4.92450080233
1.70783045655,0.974025221688
2.51169353392,4.78712594984
2.24859889297,3.84776916893
2.51551120573,4.80009101236
1.89044708553,2.28133376555
1.72209139479,1.12495209861
2.04878660053,3.04041567225
2.51939720094,4.81327238029
2.27285314436,3.93898108197
2.44751617918,4.56676013843
2.15924216679,3.50063098703
1.97527851625,2.70709493786
2.11839682474,3.33509046632
1.69626092425,0.832859739171
2.52525605927,4.83311603128
1.71341439662,1.03559298221
2.0933791708,3.23116157258
1.92761675546,2.4745923519
2.30895184297,4.07268596279
1.76149056403,1.46779485069
2.39194914176,4.37191779581
1.7819639412,1.61996011573
2.35640275121,4.24505754616
2.49214563902,4.720495389
2.51986740545,4.81486625299
2.07807150449,3.16651946277
1.82960581701,1.93355482164
2.33768105044,4.17748113379
2.16529545259,3.52476347795
2.11227157328,3.3098332831
2.49629716216,4.73468089518
1.9381966954,2.52754775165
2.568418467,4.97824351664
2.08277461484,3.18646890562
2.13079698786,3.38586488221
1.9115824,2.39268017039
2.33442268239,4.1656636547
1.73468487633,1.24396896194
1.96678221801,2.66672931968
2.1748604638,3.56269865109
2.0894645767,3.21470957011
2.23396322765,3.79215418804
1.90778529329,2.37297119661
2.33463363969,4.16642927171
2.20040322356,3.66286965976
1.97536058285,2.70748274092
1.80435434349,1.77322585073
2.52127989366,4.81965284249
1.8018326611,1.75654052556
1.89646947769,2.31347990848
2.02111869987,2.91801879092
2.05505079559,3.06767355079
2.13060575082,3.38508538063
1.81867967469,1.86560152827
1.94468464362,2.55961985585
2.513912164,4.79466243313
2.51127522678,4.78570441534
2.14825057439,3.45655586645
2.29341597526,4.01543122755
1.86611599279,2.14767807131
1.97292659391,2.69596417391
2.48684415664,4.70235283729
2.48182330328,4.68514169165
1.7835101414,1.6309431155
1.82801433051,1.92378118709
1.71356846636,1.03724268771
2.20905507623,3.69644335065
1.66901187676,0.315840082577
1.93069710173,2.49009646996
1.88818310066,2.26915813193
1.76069770246,1.46162078925
1.95102705304,2.59069045971
2.51312637367,4.79199377001
2.44856866665,4.57041268734
2.1801593635,3.58361259389
2.10306841655,3.27165757056
2.08628091375,3.20128999436
2.28693226188,3.99140956175
2.25100372868,3.85686515003
1.72664775596,1.16931064877
2.50796032205,4.77443279089
2.01908564726,2.90888910571
1.75264018708,1.39749521111
2.29718409534,4.0293570733
1.85448161182,2.08138721945
2.13906458366,3.41946077032
2.04386562277,3.0188890715
2.28407530069,3.98080043696
1.68732916275,0.705638422088
2.43727682931,4.53115450657
1.77522813243,1.57133369738
1.94964890533,2.58396229775
1.99490838719,2.79876867888
2.47871239812,4.6744634479
1.7068068815,0.962335070837
2.35513878365,4.24051227345
2.45657085051,4.59813957561
1.8275510467,1.92092832914
1.67002966945,0.348948585951
2.32726922695,4.13965936938
1.66678900938,0.22744505022
2.49285576713,4.72292319936
1.93880790681,2.53058192099
2.02812737812,2.94934510345
1.9195536258,2.4336606188
1.7665371148,1.50656303083
2.56210874363,4.95714122443
2.42264689831,4.48005334981
2.54179690369,4.88894975234
2.28162290493,3.97168165008
2.22612823404,3.76219518535
1.99271967414,2.78865209002
2.48503257888,4.69614613604
2.3657513623,4.27860064882
2.40769242223,4.42753261087
1.9529189236,2.59990598214
2.14254646468,3.4335498214
2.11749824287,3.33139262669
2.36837515471,4.28799146307
2.33648517811,4.17314590632
2.46963162729,4.64323026979
1.95132381794,2.59213761137
2.20927436025,3.69729202912
2.4537478472,4.58836691786
2.26394541192,3.90561632182
1.94803014485,2.57604311218
1.95872135566,2.6280237756
2.5261185462,4.83603423628
2.00300529711,2.83597532624
2.23191516293,3.78433566842
1.73626940945,1.25820453006
2.43188773488,4.5123624246
2.39993899178,4.40018504782
2.55096016627,4.91976268939
2.12026490362,3.34276989027
2.01588733885,2.8944871241
2.21547222066,3.72123370752
2.52014070733,4.81579257046
2.17279194327,3.55451500851
1.67768023918,0.536321857011
1.78580718612,1.64714167647
2.2599526539,3.89061106925
2.27619948571,3.95147593208
2.15667517111,3.4903673552
1.76790523444,1.51692111159
1.88972625206,2.2774626292
2.56901520643,4.98023730874
1.83673797499,1.97686330258
2.27197357496,3.93569334671
2.50509083291,4.76466623652
1.6741902879,0.460303841965
2.20873187468,3.69519228628
2.06882178493,3.12704678178
2.41070571209,4.43813915619
2.52388922254,4.82848980151
1.99143858657,2.78271880334
1.94038798251,2.53841332681
2.07593397748,3.15742593135
1.95531158502,2.611527056
2.29018501543,4.00347028259
1.69076757141,0.757068166132
2.04930202946,3.04266456426
1.89739048448,2.31836566773
2.47350541719,4.65656570825
2.40162466631,4.40613760848
2.14635182313,3.44890800189
1.89319647214,2.29605250019
2.10927323696,3.29742612268
1.85095846908,2.06097624029
1.79522117977,1.7121363432
2.4947154898,4.72927864952
2.00280800083,2.8350727409
2.28510684373,3.98463272754
2.21049920002,3.70203040329
2.33012580372,4.15005357947
1.91323649825,2.40122738347
2.21402026908,3.71563280355
1.92385370015,2.45555311902
2.46160311544,4.61553665894
1.99584477793,2.80308905849
1.96627598717,2.66431046903
1.88030466459,2.22638540646
2.32487282899,4.13092930403
2.16759461579,3.53390391075
2.45571469118,4.59517673696
1.89041989656,2.2811878434
2.45025892556,4.57627573616
2.45009280372,4.57569965832
2.30414315657,4.05500957853
2.50626557503,4.76866563914
2.00189010937,2.83087098456
1.73027354719,1.20352176376
2.45793600974,4.60286205591
1.74102231499,1.30004527115
1.90994548749,2.38419891265
1.94440220048,2.55822979714
1.79506381448,1.71106741843
2.14012834357,3.42376887633
2.38856008117,4.3599009417
1.67326155197,0.437886706843
1.98542189393,2.75473348889
2.31740444728,4.10366103363
2.1711174417,3.54788210969
2.28234325793,3.97436130508
2.16640972613,3.52919507039
2.40501717224,4.4181057553
2.11990339499,3.34128462579
2.51726914418,4.80605592961
1.90229471173,2.34424962217
1.93490775246,2.51117441681
2.18417141657,3.59940032381
2.18963231084,3.62082500235
1.97639058685,2.71234664377
1.76583068043,1.50118977397
2.30273794592,4.04983654051
2.07328781782,3.1461451795
1.92280460758,2.45022552063
2.53366971285,4.86155095358
1.78377221653,1.63279831047
1.69578165487,0.82651463714
2.09540672898,3.23966206203
2.35614895315,4.2441450742
1.89685398791,2.31552062435
1.67059298432,0.365995607296
2.21166664721,3.70654355213
1.94074832867,2.54019683836
2.00696184485,2.85403401666
2.09559260139,3.240440623
1.93461791485,2.509727736
1.8488082589,2.04843855735
2.00824959019,2.8598946641
2.40984387786,4.43510680301
2.30137937421,4.0448319115
2.53836959971,4.87740352379
2.33298012039,4.16042631582
2.52963629361,4.8479285545
2.41544747563,4.45480538803
2.25804989152,3.8834492207
1.90428526193,2.35469321518
2.17156729626,3.54966475184
2.34669123568,4.21007169669
2.52854875291,4.84425267968
2.3306752091,4.15205117367
2.28453319636,3.98250180897
2.47679352075,4.66787137806
1.89956131649,2.32985029779
1.78084896683,1.61199973293
2.51286812531,4.79111657713
1.69711340207,0.844032275299
2.26975559541,3.92739622321
2.27200800081,3.93582205451
2.42297268757,4.4811942814
2.13879252676,3.41835844342
2.56014408181,4.95056286199
2.10727355232,3.28913522221
1.67431104115,0.463139677242
2.49023303035,4.71395372381
2.36782402293,4.28601975154
2.02410216169,2.93138146542
1.9479293942,2.57554963989
2.00614819559,2.85032675424
1.90996686516,2.38430982329
2.08184030292,3.18251215399
2.25509464298,3.87231164036
2.24846551525,3.84726434038
2.4863345714,4.70060730326
1.81761052248,1.85884102855
2.5294731141,4.84737708667
2.01897672675,2.90839943506
1.69323887897,0.792032113238
2.50269487424,4.7565046102
2.54066072087,4.8851233696
2.47284918977,4.65430787845
2.31157283073,4.08230374366
1.94725191401,2.57222957651
2.14718430998,3.45226237805
1.90178685057,2.34157938159
1.71062759954,1.00531244638
1.71573395968,1.06017353065
2.37702001258,4.31886084241
2.23571157229,3.79882144792
1.77407194453,1.56285384752
2.29098956964,4.00645048626
1.69927402236,0.8717322893
1.99546093004,2.80131859722
1.67000512946,0.348187120613
2.04924985651,3.0424369759
1.80327891284,1.76612642849
2.52263753668,4.82425162284
2.3188740409,4.10903411078
2.55341558796,4.92800545437
2.41009271672,4.43598244099
1.79404997034,1.70416692862
2.43991824969,4.54035201598
1.83795690833,1.98418704204
2.01624710194,2.89610957026
2.52557976889,4.83421138515
2.24315431212,3.82713202696
2.18321694667,3.59564806886
2.56229093213,4.95775106731
2.32046473804,4.1148458863
1.75337151389,1.40342400399
2.22362670569,3.75260192411
1.87671362023,2.20667468744
2.23958011619,3.81355104451
1.8983109464,2.32324063354
2.26199194736,3.8982788803
1.8783587062,2.21572141004
1.69657657374,0.83701335855
1.81603016586,1.84881012113
2.54330940506,4.8940414916
1.90060116801,2.3353361802
2.16732799375,3.5328446576
2.20145843329,3.66697380277
2.05314947235,3.05941706446
1.83504638654,1.96666262114
1.81165086388,1.82077131848
1.75223269861,1.39418188314
2.44789600897,4.5680784541
1.92711898026,2.47208013743
1.68888311684,0.72931785335
1.90918133762,2.38023180838
1.79685632964,1.72320958529
2.28345557102,3.97849713412
2.08790111446,3.20812382007
2.45940650339,4.60794643435
2.02928128572,2.95448114142
2.19887272883,3.65691225776
2.24671701659,3.84064299103
2.31009211916,4.07687168231
1.89657327677,2.31403093918
1.72888588503,1.1905361741
2.41793264259,4.46352836665
2.1172145099,3.33022448346
2.39573161603,4.38531075326
1.8331054345,1.95490432264
1.72862252111,1.18805680376
2.01134539613,2.87395035129
2.49770809456,4.73949766222
2.27430637084,3.94440986442
1.81261485782,1.82697446126
2.51488723543,4.79797301864
2.29194689049,4.00999503959
2.52776986928,4.84161931934
1.81886888501,1.8667958127
1.69805489993,0.856208488132
1.86965864783,2.16754124635
2.55666537419,4.93890587752
1.90468314434,2.35677649549
1.96285922374,2.64794324287
2.0291525793,2.95390856752
2.38443595775,4.34525598368
2.51793631119,4.80831886795
2.56181616282,4.95616179707
2.52112455162,4.8191265264
2.37190970681,4.30062594909
2.36753445159,4.28498361073
1.71320878969,1.03338757046
2.30333772579,4.05204494731
2.54054032304,4.88471782416
2.20682601158,3.68781007818
2.36592831822,4.27923431211
1.97037376064,2.68384543554
1.76456043662,1.49148484376
2.29930120469,4.03717019461
1.99573004343,2.80255993825
1.7675953293,1.51458031367
1.94376141654,2.55507409099
2.43598946934,4.52666872304
2.46460193526,4.6258896505
1.79377798688,1.70231164444
1.84740477282,2.04022131442
1.73677432537,1.26270972151
2.43584707506,4.52617242523
2.40560293157,4.42017063474
1.69032501742,0.750640580384
1.71481505997,1.05050072337
2.06625704586,3.11604484158
1.71633393024,1.06644455259
2.3589987048,4.25438508697
2.37515592901,4.31221369929
1.76259604473,1.47636480265
2.54185826879,4.88915637825
2.43481438702,4.52257235675
2.00691502308,2.85382077062
1.98868837796,2.76995139665
2.16688244196,3.53107412268
1.72711191854,1.17374185774
1.77593131686,1.5764714547
2.18372164277,3.59763243609
1.71440655445,1.04617354771
2.04005787701,3.0021621806
2.0417167573,3.00945700116
1.7942873691,1.70578488007
2.11279535819,3.31199774773
1.84577298208,2.03063346792
1.89897949758,2.3267765006
1.92628350293,2.46785929217
2.07494119547,3.15319668121
2.40591765052,4.42127987018
1.73974393969,1.28891386466
2.1303572188,3.38407217525
1.89363589179,2.2983981543
2.18207250276,3.59114597685
2.34815029234,4.21533725116
1.93822059034,2.52766642109
1.88760042952,2.26601633144
2.44498249387,4.55796169669
1.92704124,2.4716876193
2.28689821621,3.99128322357
2.42457618522,4.48680782151
2.06739506741,3.12092970523
1.73497677953,1.246602678
2.10321070595,3.2722499166
2.09977556303,3.25793068887
2.34407322524,4.20061530317
2.00216215187,2.83211674027
1.78699381837,1.65545570194
2.45880643409,4.60587194554
2.01500718441,2.89051521969
1.72099811841,1.11406372227
2.23525539333,3.79708244924
2.45932141193,4.60765229222
2.03949509193,2.99968468865
2.14454964553,3.44163967595
2.48536552532,4.69728712963
2.09902687554,3.25480457638
2.03378494035,2.97446977614
1.67960490835,0.574012416186
2.1955734313,3.64405088035
1.6845861564,0.661833067539
2.55133650461,4.92102642509
2.33688242946,4.17458625893
2.20631296926,3.68582141433
1.84965149796,2.05336279489
2.37214837564,4.30147842673
2.50228837229,4.75511928222
2.07836015314,3.16774615586
1.75352550238,1.40466949822
2.40453719156,4.41641341503
1.79219814351,1.69150040099
1.72713334383,1.17394602279
2.45801357782,4.60313031958
2.14595644876,3.44731421528
2.21643035917,3.72492712239
2.06245889841,3.09970547291
2.21768380501,3.72975576739
2.29328427276,4.01494403511
2.06583183915,3.11421840172
2.35184265363,4.22864779951
2.15349183721,3.47761438646
2.29159850025,4.00870528958
2.45373753392,4.58833119788
2.32373882056,4.12679482129
2.21081822931,3.70326402478
1.89738522608,2.31833779544
1.88840019767,2.27032786894
2.25729360853,3.88060063813
1.72291812478,1.13312089648
2.02064995417,2.91591554902
2.45367220351,4.58810492335
2.52430087452,4.82988329179
1.71756269897,1.07918091648
2.37080648498,4.29668437777
2.04625475963,3.02935288451
2.21163695515,3.70642880638
2.12739321633,3.37197432677
2.48572451676,4.69851723909
1.68612017587,0.686666849956
2.25551770716,3.87390713004
1.77231621775,1.5498987524
2.13820866157,3.41599199675
2.13401426976,3.39896249464
1.83384175237,1.95937178133
2.22663566847,3.76413950685
2.44897117534,4.5718091955
1.84439566097,2.02251206178
2.10578311491,3.28294722589
2.07275360541,3.14386463636
2.26515528551,3.91015701363
2.10708375264,3.28834761601
2.34158857612,4.19163068119
2.11435010421,3.31841734723
1.99921021834,2.81857870477
1.77207053929,1.54807833073
2.20974074351,3.6990966697
1.73782677403,1.27205324163
1.74976905053,1.37399622064
2.48769490039,4.70526632971
2.11249774211,3.31076800052
2.42422803366,4.48558929069
1.77410118553,1.56306880907
2.55802408706,4.94346024454
1.93850233133,2.5290653218
1.78384147566,1.63328828009
2.31910613115,4.10988234001
2.04544997349,3.02583080254
1.8904516616,2.28135832446
2.46315817697,4.62090660598
1.91884755712,2.43005174718
2.426264702,4.49271542229
1.78888603449,1.66863894569
2.49673436704,4.73617369696
2.19260554256,3.63245908174
2.29461507637,4.01986549864
1.74757168605,1.35576323982
2.36945681195,4.29185986473
2.42060180641,4.47288819038
1.85913357718,2.10809360849
2.14293952627,3.43513810812
2.01764840778,2.90242323428
1.77763275736,1.58884249246
2.04780849866,3.03614504866
2.22339435273,3.75171016303
2.48375249805,4.69175819324
1.68108403183,0.601401895777
2.43557550606,4.52522583431
2.4937841761,4.72609643699
1.77523664949,1.57139601485
2.06969056348,3.13076789301
2.14992741727,3.46330148271
1.72550061888,1.15829175543
2.47685198464,4.66807228567
2.23082388132,3.78016601451
1.68363954526,0.64604431659
1.99112098407,2.781246478
2.44777258435,4.56765009043
1.86441035306,2.13806253435
2.494174318,4.72742963176
2.3993244345,4.39801392104
2.09716751062,3.24703269538
2.00258144299,2.83403604576
2.22044917066,3.74039635072
2.55973931455,4.94920710347
2.20788719199,3.69192151063
2.18530577815,3.60385682547
1.82417165798,1.90001092359
2.21087250616,3.70347387916
2.25938897862,3.88849018607
1.75944467838,1.45181559699
2.2048950469,3.68032205847
2.19004865282,3.62245542198
2.08595015689,3.19989375807
2.46807188456,4.63785597877
1.86238626564,2.12660683527
2.17634381568,3.56856043028
2.08108416548,3.17930765661
1.83651172327,1.97550145866
2.40931259962,4.43323701424
2.39947396554,4.39854223633
2.55231521591,4.92431226939
1.96402486434,2.65353512185
1.9574419714,2.62184282125
1.80211554183,1.75841899258
2.06930866472,3.12913251493
2.56617963684,4.97076027075
1.79911788194,1.73842500681
1.97920420264,2.72560175917
2.32446607653,4.12944656886
2.17922349806,3.57992406714
2.00181465025,2.83052536989
2.36453661518,4.27424949332
2.52704207519,4.83915812845
1.75337874985,1.40348255234
2.06356083966,3.10445170484
1.94233514953,2.54803978633
2.20778618404,3.69153027799
1.97176264364,2.69044352657
2.3225766281,4.12255537619
2.33650489035,4.17321738484
2.26382676504,3.905170883
1.73656579572,1.26085087552
2.32759289773,4.14083777802
2.2225359666,3.74841468167
2.42819974188,4.49948104015
2.31503252702,4.09498123449
2.03969882689,3.00058172778
2.09237487321,3.2269458418
2.35041199938,4.22349294847
1.81129091906,1.81845055563
2.01533577529,2.8919984987
2.23785419637,3.80698344875
2.20883601173,3.69559541133
2.09231675446,3.22670177062
1.93625728304,2.5179022957
2.13113073578,3.3872250103
1.83660179406,1.976043701
2.02829471469,2.95009029094
2.13921762544,3.42008077427
1.68225494698,0.622245922934
1.98165219377,2.73709741254
2.35282025959,4.23216844339
2.32604442709,4.1351986088
1.77850455802,1.59514866531
1.98614547067,2.75810957029
2.2370350188,3.80386406125
2.54669425568,4.90542816953
2.24579889668,3.83716367512
2.15145429877,3.46943699047
1.88351839067,2.24390983465
1.74372091921,1.32326209507
1.82072967992,1.87850716502
1.66796738815,0.277815480181
2.19508545199,3.64214641892
2.05366717295,3.06166662492
2.22981528856,3.77631002682
2.57111914889,4.98726421286
2.3516674133,4.22801655289
2.29981439743,4.03906292166
2.53077311522,4.85176970886
2.32756295917,4.14072878602
1.80440426643,1.77355482781
2.19142160303,3.62782897598
2.36189182819,4.26476841205
1.7077091245,0.972646476115
2.16397666963,3.51951427036
2.12980543917,3.38182203987
1.77816896886,1.59272376997
1.86038252237,2.1152175239
2.34043394718,4.18745217108
2.19234303069,3.63143275396
2.22702704046,3.76563873208
2.04779477179,3.03608508568
2.26234306581,3.89959827283
1.94936517884,2.58257555122
2.33030801888,4.15071615363
2.04514925595,3.02451403968
2.16887031603,3.53896950729
2.35240196123,4.23066220865
1.78074608974,1.61126350981
2.18440964643,3.60033650947
2.13878860184,3.41834253876
1.83225843729,1.94975490703
2.2055735123,3.68295404315
2.56753444255,4.97528924742
1.949253919,2.58203160754
2.0474677106,3.0346561554
2.56529037418,4.96778661308
2.57414029255,4.99734720652
2.51274042382,4.79068278713
1.72945512979,1.1958788998
2.32304400232,4.12426053255
2.02386350163,2.93031404548
2.00650593991,2.85195716733
2.53606952142,4.86964820953
2.49476977814,4.72946411835
2.15939568348,3.50124422637
1.99529952139,2.80057388289
1.79101247306,1.68334727475
2.09803541389,3.25066186286
2.49004152305,4.71329849122
1.87207484493,2.18100614254
2.40292168723,4.41071510255
2.5382602032,4.87703478511
2.51621461006,4.80247814509
2.03153150713,2.96447963947
2.18390540914,3.59835481192
2.42028118669,4.47176437919
2.29163309432,4.00883336752
2.0422286108,3.01170547201
2.35702886454,4.24730817293
2.22239632276,3.74787841308
1.83648472179,1.9753388811
1.940555541,2.53924276204
1.72976748204,1.19880115181
1.72677901857,1.17056535041
1.75430353218,1.41094723523
1.94312544831,2.55193927297
2.56267094808,4.95902299975
1.90425394325,2.3545291733
2.26324912085,3.90300182693
2.4564899498,4.59785964681
2.16550973581,3.52561596212
2.55981686106,4.94946685583
1.95219703459,2.59639238234
1.96910750047,2.67781978001
2.53669732391,4.87176553663
2.35424160391,4.237284506
1.68991508222,0.744638767872
1.75118210967,1.38560647774
1.85635140433,2.09215440219
1.92254339272,2.44889764565
2.48022194731,4.67964637584
2.31157522458,4.08231252256
1.7805897805,1.61014434543
2.39183311663,4.37150666132
1.95676230475,2.61855493179
2.333245805,4.16139115731
2.53669942447,4.87177262031
2.5332693222,4.86019941905
1.99429543405,2.795938081
1.97209059789,2.69199983814
2.1814822538,3.58882273129
1.83187175411,1.94740028887
2.51464531587,4.79715174103
1.71311723403,1.03240408169
2.17665017521,3.56977037294
1.95877491009,2.62828227847
1.87006390709,2.16980427636
2.40769379385,4.42753744165
2.25378534138,3.86737163755
2.09998480949,3.25880405148
1.85583994433,2.08921360118
2.11387010363,3.31643623068
2.36389743284,4.2719590971
2.04128778308,3.00757174238
2.20566333178,3.6833024014
2.53073879899,4.85165377856
1.90565165416,2.36184166914
2.30461781201,4.05675616161
2.57259133195,4.99217865292
2.20414394247,3.67740703217
1.94596222236,2.56590063503
2.29163898432,4.00885517392
1.91229158409,2.39634756133
2.33396467628,4.16400118922
2.44828443074,4.56942640903
2.52083919096,4.81815962748
1.84055829249,1.99974337784
2.38202942748,4.33669916672
1.69891744889,0.867219434498
2.286976449,3.99157353008
2.16718205844,3.53226479711
1.6766128821,0.514250616809
2.01535084079,2.89206649281
2.36267907471,4.26759164005
1.81496286121,1.84200974435
1.92518934079,2.46232340135
2.11041856466,3.30216892709
2.14362881573,3.4379223261
2.24528082485,3.83519962037
2.0317393793,2.96540214312
2.29309291949,4.01423612768
2.36278411656,4.26796827163
1.7549836814,1.4164146714
1.67042214634,0.360910188065
2.34248122087,4.1948596494
2.25070292621,3.85572804609
1.84382105719,2.0191160392
1.67559553982,0.492307348016
2.21789209072,3.73055780444
2.30258930843,4.04928915572
2.0221003511,2.92242009131
2.01924272031,2.90959515569
2.08350122887,3.1895439021
1.87152357735,2.17793985959
2.45481086538,4.59204799044
1.68159896535,0.610654336946
2.27447247353,3.9450301152
1.78916151234,1.6705507072
1.69763104932,0.850747641535
1.81523325291,1.84373455036
2.15553055766,3.48578504627
2.52947597414,4.84738675244
1.95355874697,2.60301726881
1.9036294834,2.3512565349
2.1017600271,3.26620763511
2.50192466271,4.75387963607
2.28367549768,3.97931460011
1.82239458225,1.88893413822
2.37343865304,4.30608560244
1.95877717276,2.6282931998
2.19496914998,3.64169243674
2.40329980443,4.41204913855
1.7293164819,1.1945796402
2.31647706346,4.10026849716
1.89639026705,2.31305934063
1.8457589082,2.03055061458
2.27658096172,3.95289897639
1.87162285221,2.17849230223
1.69753747906,0.849537546615
1.86837085083,2.16033752253
2.18134475841,3.58828141777
1.98987288897,2.77545533746
1.9295365635,2.48426365995
1.71103580247,1.00980151045
2.06269422499,3.1007194581
2.53972660502,4.88197653482
2.21824187927,3.73190450206
2.0918097644,3.2245721572
2.57316221342,4.99408382389
1.69822836617,0.858433781839
2.47336161489,4.65607098146
1.97966173913,2.72775292947
2.21869580006,3.73365170454
1.79274802529,1.69527011325
1.93561961885,2.51472497675
1.79507640223,1.71115294354
2.2170538537,3.72732944887
1.93918084516,2.53243194125
1.89877591293,2.32570020937
2.3591786652,4.25503132641
1.92309241659,2.4516879618
1.93704945224,2.52184535277
2.50057431422,4.74927593579
2.01476825272,2.88943634154
2.04513964623,3.02447195496
2.17075400988,3.54644155111
2.19564503254,3.64433027401
2.44700825556,4.56499695878
2.13118282309,3.38743725246
1.81973154542,1.87223278916
2.49349047815,4.72509270038
1.97434138208,2.70266373952
1.67451612483,0.467917056117
2.14109136365,3.42766617166
1.81272086916,1.82765554286
2.52053101785,4.81711533723
2.33331917109,4.1616575684
2.20723498736,3.68939492054
1.92997510775,2.48646895848
2.24751246348,3.84365602609
1.81634817868,1.85083229253
2.02166769491,2.9204808018
2.12666528247,3.36899913636
2.55556919086,4.93523020454
2.49293204884,4.72318396079
2.2900046085,4.00280186428
1.75068827735,1.38155898148
2.52789010798,4.84202587992
1.73522862699,1.24887088031
2.30543734683,4.05977086996
1.67738627639,0.530333448638
1.98119674564,2.73496123324
2.14139803549,3.4289066955
2.32607035975,4.13529308192
2.26625536333,3.91428316884
2.18521596518,3.603504099
1.72112905289,1.11537298793
1.81954146452,1.87103592702
1.70893208554,0.98645973092
1.97925127771,2.72582314443
1.92683970235,2.47066981954
2.4127645551,4.44537917746
2.46582187015,4.63009827453
2.32907712845,4.14623931692
2.26963620478,3.92694933394
2.2930784543,4.01418261134
2.43028836221,4.506778273
2.23738169206,3.80518434853
2.21174035147,3.70682837556
1.71304882131,1.03166861624
2.08179625461,3.18232553461
2.15297346498,3.47553505785
2.45496450381,4.59257990507
2.22687132339,3.765042268
2.16240330734,3.51324568404
2.08801914734,3.20862130783
2.14402591629,3.43952570069
1.84262427346,2.0120278193
1.80081314775,1.74975618208
2.3333552003,4.16178839651
2.34817362394,4.21542142515
2.18442732052,3.6004059587
1.75786959432,1.43940548739
1.69012903253,0.747777017322
2.19677880977,3.6487527229
2.53610788902,4.86977761951
2.16630894454,3.52879438575
1.78869774639,1.66733117216
1.80541267387,1.78018885316
1.70063137987,0.888710083981
2.31676578893,4.101324862
2.50653234338,4.76957364426
1.96067893331,2.63746095624
2.19063050687,3.62473328676
1.97879642961,2.72368354623
2.53948360056,4.88115776244
2.09054031316,3.21923591149
2.18510231287,3.60305771848
2.1275989976,3.37281509875
1.86708754263,2.1531398953
2.38401413713,4.34375672483
2.40161140491,4.40609079405
2.04480644448,3.02301249526
2.51029943573,4.78238766015
2.423163206,4.48186142372
1.91178731267,2.393740269
1.8682257632,2.15952473185
2.21674199764,3.72612797558
1.92414462617,2.45702899421
1.74386081182,1.32445550463
2.4634524267,4.62192239006
2.29868871685,4.03491064442
2.32548804671,4.13317143977
2.17843971648,3.57683324202
2.20446174915,3.67864059637
2.54794605973,4.90963639233
1.81713531227,1.85582953793
1.79950848044,1.74104136199
2.5031416999,4.75802715248
1.74687136054,1.34990529436
2.36725909646,4.28399822336
1.93996457761,2.53631653099
2.33032533575,4.15077911874
1.83968652007,1.99454122826
2.26699715074,3.91706412984
1.74538493187,1.33739475507
2.40595995395,4.42142895959
1.78682237579,1.65425674757
1.77735977894,1.5868633879
1.87571239714,2.20115441825
2.23708207235,3.80404327715
2.37167283739,4.29977981628
2.08968121936,3.2156214553
2.14006902923,3.42352874638
2.05637141967,3.0733997838
1.98601793906,2.75751474108
2.30102049951,4.04350936869
2.33529215913,4.16881874436
2.30883296556,4.07224945965
2.48777598334,4.70554396759
1.79981987016,1.74312474392
1.80539273933,1.7800579132
2.52027279536,4.81624023603
2.39540197794,4.38414435984
2.52508167282,4.83252590568
2.00142922756,2.8287596176
2.1677460293,3.53450537269
2.5010209519,4.75079886212
2.15806475773,3.49592557177
1.68262149602,0.628631914318
2.41600082393,4.45674835084
2.54708142497,4.90672989136
2.27439386358,3.94473658109
1.7297834881,1.19895072094
2.02402546477,2.931038463
1.75626417029,1.42665683069
2.380129406,4.32993749935
2.08837996834,3.21014180097
1.76530002852,1.49714228378
2.38760363717,4.35650669635
2.33760046196,4.17718905945
1.76000564473,1.45621258264
2.47106592365,4.64816982687
2.45009144931,4.57569496136
1.77941659001,1.60172256772
2.00482993674,2.84431326248
2.3922080444,4.37283514859
2.23227372238,3.78570512266
1.86843183153,2.1606790681
2.11231384978,3.31000801718
2.09046675871,3.2189265474
1.97100231222,2.68683289253
2.06577393035,3.11396960554
2.19882718544,3.65673489641
2.45929663229,4.60756663291
1.91950418442,2.43340804419
2.09081366104,3.22038542564
1.80824003236,1.79867829154
1.79279641881,1.69560152885
2.34709777958,4.21153919578
2.00335665237,2.83758220529
1.95062802667,2.58874370979
2.33937359489,4.18361298238
1.76072741474,1.46185258063
2.42386373766,4.48431408726
1.76761152995,1.51470276103
1.9372667895,2.52292636281
1.78011201043,1.60671931924
2.09122754257,3.22212543348
2.4721351854,4.65185069631
2.03221021474,2.96749092428
1.77171641409,1.54545101536
1.8380896433,1.98498321722
2.56786536496,4.97639522381
1.80020112789,1.74567268832
2.34924659711,4.21929150545
2.38183336684,4.33600167785
1.95272114022,2.59894366822
2.00318176148,2.83678244236
2.11388701832,3.3165060555
2.18294169894,3.59456557992
1.82124766081,1.88175635198
2.33342755689,4.1620511291
1.89078270516,2.28313442774
2.4866210572,4.70158866788
1.79095858577,1.68297591522
1.91883322179,2.42997843444
1.79838792412,1.73352645589
2.18490204193,3.60227105679
2.40832082075,4.42974552497
1.84732827418,2.03977265239
2.30897354655,4.07276565304
2.15311177153,3.47608991484
2.32525586159,4.13232532385
1.81210975477,1.82372642576
1.86906488762,2.1642222122
2.30026348949,4.04071885534
2.46059401534,4.61205050064
2.37092739752,4.29711645885
2.57419682422,4.99753579845
2.01986169378,2.9123763354
2.56679644578,4.97282241488
1.79936489983,1.74008000382
2.22374520761,3.75305668386
2.26034946204,3.89210372248
2.50452364686,4.76273472451
1.88872286092,2.27206554133
2.51276961969,4.79078196427
2.54117337014,4.88685000468
1.76756522515,1.51435275793
1.91095669522,2.38944093249
2.46035201482,4.6112142774
1.96828022086,2.67387783156
2.18332380903,3.59606828404
2.51771460146,4.8075669108
1.96694536233,2.66750851418
2.18184445736,3.59024848396
1.86180967294,2.12333447778
1.76601408718,1.50258643606
2.36164534,4.2638842639
1.75420380088,1.41014393339
1.6824506151,0.62566277625
2.55772722328,4.94246531733
2.20321817381,3.67381232239
2.02576993748,2.93883336484
2.43058584465,4.50781716762
2.12924142977,3.37952108664
2.29246974329,4.01193024428
2.57395828331,4.99673999618
2.01502584533,2.89059947012
2.21347797044,3.7135396626
2.24807772979,3.84579638405
1.76572084275,1.50035279524
1.89140275915,2.28645824276
1.93906159869,2.53184050842
2.22208964548,3.74670054159
1.86284104093,2.12918500357
1.67683880468,0.518999464704
1.982224846,2.73978164415
2.32346610239,4.12580020084
2.06202015917,3.0978144375
1.84453264133,2.02332095757
2.17393092828,3.55902251481
2.35174861534,4.22830906286
1.82713542555,1.91836597965
1.90919777876,2.38031721586
2.54808844985,4.91011497145
1.84577139546,2.03062412755
2.3195036258,4.11133486968
2.47892912135,4.6752077106
2.06219334958,3.09856100532
1.83373471515,1.95872287637
2.36493470416,4.2756756671
2.04730604302,3.03394966554
2.1843227707,3.59999512528
2.11671672794,3.32817447738
2.35559129647,4.24213980514
1.95943191183,2.63145208004
2.30400384167,4.05449686891
2.52338374939,4.82677847631
1.86807321151,2.15866986507
2.45708867685,4.5999311484
2.38766814523,4.3567356641
1.72456304826,1.14921291215
1.90490147113,2.35791903967
2.04523158718,3.02487458416
2.01779513493,2.9030837811
2.36879660383,4.28949892394
2.03726623963,2.98985941133
2.29240922484,4.01170627607
1.77790809894,1.59083654317
2.36622087576,4.28028183257
2.27483648699,3.94638921003
1.98163609516,2.7370219256
1.76785383222,1.51653307815
2.23748595463,3.80558137756
1.68275577258,0.63095544109
2.19881454124,3.65668565477
2.52861821049,4.8444874816
1.96865773612,2.67567718894
1.75675471239,1.43056303647
2.41094603898,4.43898456726
2.22996264262,3.77687351826
2.57451030441,4.99858152699
2.16218761984,3.51238582622
2.02359735751,2.92912339135
2.1764396393,3.56893890383
2.25239785633,3.86213288957
2.21656379972,3.72544134273
1.80574806692,1.78239065543
2.49435215854,4.72803729376
2.17374051246,3.5582691818
1.82491660617,1.90463833189
2.02126692463,2.91868365513
2.32855082084,4.14432434506
2.45332284052,4.58689480329
1.74133728245,1.3027744828
2.03029601747,2.95899274972
1.68537052743,0.674642411261
1.67369972022,0.448600935655
1.76848928498,1.52132392566
2.36140787348,4.2630323902
1.98683110859,2.76130596017
2.53276931631,4.85851140144
2.29393171417,4.01733874374
2.31615827229,4.09910196721
2.01706710196,2.89980526363
2.06286956726,3.10147483999
2.44577405872,4.56071131814
2.25328230678,3.86547277002
2.12612340569,3.36678334787
2.53224912246,4.85675496057
1.8315673207,1.94554485706
2.44169372029,4.54652938986
2.03822088196,2.99407031914
1.94932756267,2.58239165705
2.04614591736,3.02887670356
1.95311099852,2.60084027398
2.33009078756,4.14992624686
1.88191335103,2.2351709974
2.55629563808,4.93766622456
2.01588395894,2.89447187856
2.13592335142,3.40671989785
2.33697020499,4.17490448116
1.67178505661,0.399696841248
2.54373115975,4.89546089719
1.67214072271,0.409219051084
1.70985554004,0.996769683713
2.51748891145,4.80680140124
2.23405964694,3.7925220495
2.34157550485,4.19158338911
2.14803065382,3.45567058247
1.76878477472,1.52354715478
1.9324212577,2.49874330187
2.53200724527,4.85593816582
2.28795659093,3.99520969708
2.13854111878,3.41733959087
2.08576975023,3.19913203718
2.20402310453,3.67693793874
1.6726958917,0.423658837932
1.88776700283,2.26691485094
2.13018011906,3.38335006911
1.97346700113,2.69852460596
1.96699827871,2.66776121339
2.11850684382,3.33554304232
2.42626646022,4.49272157185
2.30202889384,4.04722497845
1.89410110042,2.30087945821
1.78067631228,1.61076399155
2.4433782908,4.55238689263
2.00607140563,2.84997670178
1.77842483676,1.59457290907
2.01187702973,2.8763593537
1.98684226957,2.7613579703
2.22926330306,3.77419878207
2.10076303196,3.26205094346
2.00564207856,2.84801903817
1.71667839105,1.07002930859
1.77589923748,1.57623738978
2.40780524261,4.42792994831
1.72475565789,1.15108346305
1.8146857643,1.84024075617
2.35851380634,4.25264356893
1.87487606566,2.1965349146
2.16889368874,3.53906227664
1.68787109831,0.713983234692
2.19707015325,3.64988864987
2.10677281025,3.28705705306
2.52044886664,4.81683693902
1.85091021961,2.06069557925
2.34237025313,4.1944583136
1.80536242296,1.77985876455
1.80548095625,1.78063730373
2.07677355765,3.16099970175
2.53787594497,4.87573948538
2.01510303888,2.89094796618
1.90718899296,2.36986477378
2.40374800858,4.41363019791
2.37179384448,4.30021208185
1.66908935323,0.318480681292
1.94153816974,2.54410289156
1.96389413358,2.65290839432
1.95251645613,2.59794750631
2.42184655886,4.47724993523
2.38076890412,4.33221387751
1.87246227896,2.18315910635
1.84726923939,2.03942636059
2.23373360291,3.79127803784
2.33670267841,4.17393454941
2.48141131514,4.68372816396
2.15220683462,3.47245853635
1.73635013246,1.25892578839
2.12788704569,3.37399177748
2.03579534575,2.98336356717
2.16137986126,3.50916451403
2.43701326416,4.53023628709
2.54373110426,4.89546071045
2.04678259087,3.031661425
2.3384150519,4.18014087654
2.57172673495,4.98929270173
2.14194880789,3.43113395454
2.31552080214,4.09676880347
2.49999352674,4.74729526752
1.87454294691,2.19469278955
1.78878570772,1.6679422267
2.4064172928,4.42304059937
2.51756582529,4.80706228843
2.3254237042,4.13293697531
2.02667157768,2.94285673411
2.22260748985,3.74868933288
1.92792004,2.47612206242
2.24065743311,3.81764736365
1.90310960755,2.34852933675
2.36004776158,4.25815157215
1.83947579584,1.99328210131
2.11150639217,3.30666970315
1.68095704199,0.599098589578
2.01852476503,2.90636696532
1.80615694405,1.78507174761
2.4703512762,4.64570895858
2.46297043854,4.62025845792
2.23305679475,3.78869497183
2.09228966011,3.22658798323
1.75686122803,1.43140995992
2.40960055196,4.43425048483
2.43133545823,4.51043453703
2.48505603576,4.69622652585
2.54802620488,4.90990576596
1.89441305479,2.30254218633
1.86110968543,2.11935638844
1.85693516295,2.09550685166
2.10851003116,3.29426332657
2.20401149575,3.67689287162
2.32780563374,4.14161220603
2.51831200999,4.80959298155
2.01793381927,2.9037080262
2.09603326193,3.24228593998
2.25811687494,3.8837014628
1.93493586829,2.51131471994
1.77955378879,1.60270945048
2.24085480184,3.81839756262
1.95182096634,2.594560602
2.14117012115,3.42798478097
1.67739866542,0.530587172362
2.3619515564,4.26498264221
1.76437668379,1.49007628087
2.16109391688,3.50802375793
2.42500114549,4.48829497158
1.99736484098,2.81009258254
1.68228631028,0.622794839168
2.45739107815,4.60097724671
2.25251410301,3.86257195273
1.82671501814,1.91577122985
2.35408804796,4.2367319374
2.24434071724,3.83163417931
2.33157025734,4.15530444872
1.9758086688,2.70959946152
1.97170331995,2.69016193665
1.71565420672,1.05933730591
2.11954129406,3.33979651979
1.71794581352,1.08312317332
2.1115293032,3.30676445426
1.69233821026,0.779465272122
1.84147518711,2.00520287283
2.4094662748,4.43377789972
1.9884626663,2.76890173767
1.88265524238,2.23921362948
1.89406806294,2.3007033129
2.14940904481,3.46121701209
1.7216087833,1.12015777439
2.5523788352,4.92452582723
2.24798946582,3.84546221913
2.53573488833,4.86851946374
2.29685190697,4.02813042182
2.27281490496,3.93883817784
1.75202683494,1.39250528198
2.4806010938,4.68094774155
1.75023754186,1.377855333
2.49657025584,4.73561337667
2.09554678362,3.24024871776
2.08531830834,3.19722543319
1.6997893711,0.878215310548
2.37337553003,4.30586026643
1.82622772597,1.91276001242
1.89581013016,2.30997731366
2.23772993577,3.80651036158
1.92086650242,2.44036034827
2.50645447086,4.76930859578
1.84555469919,2.02934812135
2.2235455101,3.75229031227
2.53818933445,4.87679590409
2.43633167998,4.52786135243
2.19320913229,3.63481826889
2.20347423032,3.67480677671
1.82029227672,1.87575976362
1.77751429901,1.58798393027
2.30330510262,4.05192484401
2.13052954358,3.38477472169
1.67165801648,0.396240648915
2.37745641239,4.32041627737
2.24117506012,3.81961469207
2.54663884308,4.90524185189
1.78672361347,1.65356572782
1.85028904257,2.05707950572
2.3838188594,4.34306257219
2.40942258422,4.43362412662
2.55500935553,4.93335254179
1.85620188291,2.0912950255
2.4984090783,4.74188993484
1.78191667229,1.61962333161
2.21037021696,3.70153158584
2.36648189027,4.28121630417
2.32444571783,4.12937234812
2.04771397009,3.0357321044
2.08251250508,3.18535920432
2.33998010926,4.18580919053
1.70931655391,0.990764504847
1.83356322023,1.95768283223
2.06915630055,3.12847990227
2.07229411943,3.14190224539
1.97269982865,2.69488925189
1.77786048435,1.59049187031
2.55002063433,4.91660715879
1.69886577758,0.866563602858
1.84980890032,2.05428091367
2.26056020159,3.89289632464
1.83735581264,1.98057824517
2.19092136704,3.62587164768
2.14019201176,3.42402662116
2.48164675546,4.68453598112
1.7415596538,1.30469820209
1.84661139563,2.03556428285
2.51783387712,4.80797145598
1.8764843067,2.20541132143
2.36829002848,4.28768694744
2.25221807597,3.86145380636
2.13822193861,3.41604582057
1.6828551603,0.632669873336
2.21141303548,3.70556339788
2.54581836302,4.90248274095
2.31447031441,4.09292248165
2.56641427721,4.97154477365
2.39946951707,4.39852651967
1.77440808777,1.56532339506
1.94541027304,2.56318854711
2.24177989836,3.82191277365
2.57297289221,4.99345204646
2.53374947354,4.86182016959
2.25491877272,3.87164828056
2.23426777153,3.79331602452
2.29838618429,4.03379431628
2.36051773954,4.25983842188
1.86894481357,2.16355052494
2.31264883144,4.08624875359
2.4004132481,4.40186016288
2.20003257191,3.66142741927
1.9024224045,2.34492064096
2.37151392021,4.29921209452
2.02854869402,2.95122107608
2.11195450802,3.30852263018
2.51398178338,4.79489883969
1.82621426252,1.91267675929
2.0872351001,3.20531576744
2.26756187139,3.91918055415
1.85019030963,2.05650427551
1.74484324087,1.3328090826
1.95743044661,2.62178709487
2.54073157196,4.88536201615
1.79414803372,1.7048354233
1.83464698203,1.96424776308
1.87005546531,2.16975715523
2.01918153598,2.90932014341
2.22119453443,3.74326145267
2.03433313835,2.97689670089
1.94346989534,2.55363747348
2.25759505576,3.8817361923
2.52572574299,4.83470529038
2.43083470234,4.50868616427
2.42067081797,4.47313006683
2.04233681472,3.01218064759
1.88623031102,2.25861517915
2.38772225383,4.35692771504
1.94771131169,2.57448124473
1.93857257684,2.52941401607
1.69405495461,0.803254534518
1.89406720082,2.3006987162
2.57360502841,4.99556139635
1.82675010783,1.91598791454
2.31202568854,4.08396432574
1.8185715375,1.86491868509
2.56932691398,4.98127863524
2.27375470146,3.94234947842
2.51791118297,4.80823364491
1.75698030666,1.4323562416
1.89348886969,2.29761354558
2.54914870246,4.91367789905
2.40656480814,4.42356037631
1.93175550314,2.49540710613
2.0389184467,2.99714476726
2.33292403022,4.16022260813
1.66690828479,0.23303754858
2.47108411336,4.64823245491
2.07503614296,3.15360131518
2.18686435121,3.60997469528
2.01495021908,2.89025802195
1.67717703051,0.526029951111
2.47181774388,4.65075806079
1.87749529941,2.21097695605
2.16147380488,3.50953924791
2.07742773374,3.16378248023
2.44287314661,4.5506307985
1.86384978349,2.13489479695
2.38795018713,4.35773668733
2.30215087442,4.04767431687
2.32756568584,4.14073871258
1.88391695578,2.24607575333
2.17743781156,3.57287998041
1.91229322104,2.39635602155
1.69982487792,0.878660292458
2.52715660256,4.83954546318
2.446952962,4.56480499657
2.2428485964,3.82597142917
2.51614044787,4.80222648646
1.8433647407,2.01641579889
2.05458956301,3.06567199194
1.90955270984,2.38216042397
2.0608654997,3.09283407365
2.56584602264,4.96964476636
2.43090851178,4.50894388747
2.14031109579,3.42450867178
1.66916758788,0.321125210923
2.08807951673,3.20887573522
1.8157035336,1.84673120479
1.86909188093,2.16437318849
2.13868660755,3.4179292191
2.20308763232,3.67330527539
2.10349723855,3.27344253861
1.75239637653,1.3955136168
2.47367686739,4.65715552171
2.23642513653,3.80154074005
1.77156507578,1.54432700777
2.346822194,4.21054444422
2.5541341164,4.93041642084
1.91240573257,2.39693745803
1.7860138968,1.64859259297
2.04848409084,3.03909526681
2.41338700085,4.44756693309
1.81272986211,1.8277133092
2.26910210526,3.92494981915
2.02476220519,2.93433217818
1.71701818011,1.07355442012
2.00554915237,2.84759518741
2.43002481416,4.50585779328
1.9087065225,2.37776426022
2.09184193289,3.2247073075
1.80668307428,1.78851667014
2.17334119461,3.55668907598
1.79041459382,1.67922307008
2.33921301714,4.18303142745
2.21060793608,3.70245088976
2.01741948721,2.90139245881
1.66698960363,0.236774874727
2.31901838185,4.10956164985
1.91710557805,2.42113080726
2.32369373392,4.12663039593
1.77453921696,1.56628583447
2.33382455305,4.16349250409
1.83404571608,1.96060780594
1.70943357817,0.99207127288
2.04418128294,3.02027295962
1.80983486376,1.80903691608
1.71522240739,1.05479897576
2.35782760027,4.25017844529
1.66807346905,0.281910304165
1.90552946718,2.36120310506
2.25460690843,3.87047181661
2.54416393179,4.89691719829
2.20727929109,3.68956658087
1.92014013504,2.43665533945
2.50429929469,4.76197061359
2.5556024631,4.93534178861
2.48422487731,4.69337765939
2.17734667799,3.57252026377
2.53069589343,4.85150882936
1.8578938873,2.10100335268
1.69868222443,0.864230014906
2.44793023615,4.5681972414
2.3321194388,4.15729994263
2.43979528133,4.53992402891
1.90443399371,2.35547212751
2.00238901811,2.83315533223
2.37481770969,4.31100710266
2.45582212909,4.59554858643
2.38326757802,4.34110264345
2.16248076538,3.51355444713
1.77346015821,1.55835039155
2.25659855907,3.87798169222
2.02717320365,2.94509352302
2.36062556312,4.26022537657
2.00088058229,2.82624477155
2.3497599639,4.2211425252
2.4062397828,4.42241509615
1.84484984618,2.02519310421
2.27796875348,3.95807363707
1.96729239385,2.66916543158
2.35109265488,4.22594584017
1.92425256161,2.45757638475
1.75410724025,1.40936577755
1.70803840133,0.976383882553
1.743186041,1.31869003077
1.92459771729,2.45932621712
1.99506354302,2.79948486747
1.71133335817,1.01306190808
2.17165326128,3.55000534624
2.45163674724,4.58105246188
2.10748231764,3.29000139368
1.77084753524,1.53898788732
1.93749811438,2.52407657019
2.31910695903,4.10988536553
2.07030200526,3.13338507743
2.36396693112,4.2722081613
2.33584609766,4.17082820098
2.31480006379,4.09413004787
1.96776120178,2.67140260763
1.72881219089,1.18984288253
2.09873906337,3.25360232666
2.2456373243,3.83655119962
2.48432665073,4.69372653814
2.15513709185,3.4842090284
2.53886373252,4.8790689293
2.52641312666,4.83703076743
2.50462629493,4.76308431091
1.7833077605,1.62950922952
1.7108190713,1.00742044523
1.94168866666,2.54484665401
2.12951848429,3.38065148785
1.84302606177,2.01440976831
2.03893854043,2.99723329726
1.81182595028,1.82189929486
2.11726294115,3.33042389534
1.77625404314,1.57882450846
1.85811276129,2.10225657004
2.1230106194,3.35403747967
1.92843457517,2.478715672
2.01324863791,2.8825681856
2.00070086345,2.82542065087
1.88937156165,2.27555593884
2.17327997989,3.55644681214
2.09883325571,3.25399581789
2.10392468694,3.27522118274
2.00330704029,2.83735534877
1.97106146012,2.68711389598
2.30196571818,4.04699224881
2.2933907778,4.0153380198
1.69165733567,0.769833554847
1.79017465764,1.67756551388
1.94758002066,2.57383788848
2.16317301491,3.5163131777
2.1613479664,3.50903728251
2.37252949646,4.30283954217
2.30434791605,4.0557630773
2.05380071549,3.06224673013
2.29468559135,4.02012618261
2.05019006421,3.04653662083
2.19817496954,3.65419440645
1.99258158029,2.78801293983
2.21673041337,3.72608334119
2.23482041631,3.79542386304
2.23490971864,3.79576440946
1.90056161432,2.33512769012
1.70328660787,0.921054610825
2.56351000708,4.96183088524
2.21558941993,3.7216855961
2.4702609081,4.64539773643
2.37689932895,4.31843064818
2.36293737744,4.26851776482
1.69425128781,0.805931926964
1.89846260433,2.32404309216
2.39197205341,4.37199898092
2.42772394926,4.49781793616
2.03116518044,2.96285347061
1.95275809033,2.59912346841
2.42334674803,4.48250409234
2.39362634194,4.37785885817
2.30127282398,4.04443927093
1.92271731789,2.4497818471
2.34116563563,4.19010033774
2.46506002433,4.62747020554
1.89992612081,2.33177600178
1.96093527174,2.63869492166
1.96030537467,2.63566196936
2.25051377504,3.85501291633
2.01600735023,2.89502841584
2.28612059917,3.98839703122
2.35645710366,4.24525294506
2.53119862654,4.85320711118
1.71250770589,1.02583386042
1.97993134148,2.72901994041
2.38973018426,4.36405168007
1.67695519972,0.521429432065
1.71899241972,1.0938247801
2.26632979377,3.91456225667
2.38899436869,4.36144172528
1.79932988602,1.73984549652
2.10561222586,3.28223726352
1.96797870125,2.67244007135
1.92365543161,2.4545469171
2.2416589433,3.82145326613
1.8805798837,2.22789039605
2.28778413746,3.99457004982
2.1138549489,3.3163736703
2.20608318437,3.68493052006
2.05236199151,3.05599314389
2.44631400803,4.56258647418
2.27341482483,3.94107981303
1.98404452315,2.74829886839
2.27510323868,3.94738500547
2.23323900609,3.78939048506
1.74815555145,1.36062954922
2.08513934432,3.19646940231
1.74060925441,1.29645812
2.16498084179,3.5235116392
2.08569914406,3.19883388929
2.41950982388,4.46906011113
1.74010263719,1.29204606256
1.93864744401,2.52978561291
2.38780601212,4.35722499528
2.567665761,4.9757281394
1.97904896503,2.72487161554
2.29112895386,4.00696666984
2.31771017714,4.10477913119
2.56944517376,4.98167368371
2.02605600199,2.94011026655
2.31945972743,4.1111744687
1.97740885094,2.71714903547
1.90834716717,2.37589544537
2.32047735759,4.11489197623
2.12244088435,3.35170137554
1.72280663616,1.13202250428
2.16983929651,3.54281431792
2.53532095682,4.86712308167
2.26117335515,3.89520192913
2.40883181611,4.431544613
2.33744404032,4.17662211574
1.77064939838,1.53751069369
2.2839893897,3.98048118029
1.67385124094,0.452247546836
1.66768760474,0.266715492319
1.66468797838,0.0799911383397
2.17942254255,3.58070874671
2.25462718808,3.87054832466
1.79869955162,1.73561915241
2.53670140282,4.87177929186
2.50887573301,4.77754661908
2.05892771283,3.08446408498
1.84874773239,2.04808473359
2.53300027516,4.85929114894
1.88868484394,2.27186085813
2.02910266393,2.95368648981
2.01653765394,2.89741943886
2.36544550929,4.27750530712
2.44255636529,4.54952937258
2.33506592785,4.16799793066
1.78956390201,1.67333981407
2.2842544141,3.98146600251
2.14740203808,3.45313935643
2.57339985615,4.99487680614
1.87365808341,2.18979362035
2.06878872175,3.12690511054
1.99817938776,2.81384053293
1.89142274091,2.28656529325
2.3031368038,4.05130521677
1.86819995949,2.15938015231
1.92523249895,2.46254193528
2.50560438234,4.76641479468
2.15181269779,3.47087621328
2.14460307182,3.44185528131
1.8416415445,2.0061921185
2.04373839367,3.01833116651
2.26029980604,3.89191695098
2.01871682015,2.90723075432
1.71884624119,1.09233600542
2.13668620161,3.40981668035
1.99758106839,2.81108784155
2.00847846678,2.86093543888
2.24248533019,3.82459209856
2.10511907282,3.28018791
2.50625530307,4.76863067474
2.53436329058,4.86389176918
2.55612479912,4.93709339035
2.45498459693,4.59264946777
2.28734392678,3.99293701822
2.35697324755,4.24710827619
2.49214509652,4.72049353409
1.80261027855,1.76170017991
1.8097441749,1.80844922765
2.17538672831,3.56477894247
2.02949769486,2.9554437086
1.80788744882,1.79638139379
2.33515707864,4.16832865438
1.98990879464,2.77562205719
2.01749407365,2.90172833139
1.93465994987,2.50993758577
1.96131834382,2.64053818478
2.15192131863,3.47131233148
2.03119045066,2.96296566745
2.49309130645,4.72372834636
2.18975476121,3.62130456921
2.38254544264,4.33853463734
2.00307912888,2.83631303874
2.48916343092,4.7102936217
2.04606525178,3.02852376263
2.33838553801,4.18003394597
2.17558401446,3.5655586194
1.68444181815,0.65944947315
2.28059879087,3.96787037125
1.74805713517,1.35981039131
2.24645301782,3.83964271611
1.77687856566,1.58336929037
2.48755530497,4.70478832083
1.87260128665,2.18393116064
1.81001775038,1.81022158015
2.47410202747,4.65861798795
2.56565981186,4.96902208838
2.18382673641,3.59804556393
2.15355784872,3.47787912281
2.51667024615,4.80402415341
1.85832104232,2.10344857839
2.25847188984,3.8850382078
2.38302078831,4.34022511094
2.13484220138,3.40232804972
2.10940299741,3.29796367418
1.99946048718,2.81972822257
2.21059076945,3.70238450754
1.98543014773,2.75477201604
2.45877804862,4.60577380402
1.68125328694,0.604458421617
2.20385471935,3.67628420976
2.0694842303,3.12988439564
1.66698990318,0.236788532721
1.72127447083,1.11682539712
1.67562222101,0.492895140765
2.25002109192,3.85314987304
2.2039844332,3.67678780925
2.53158356335,4.85450729182
1.73485591204,1.24551276483
2.11923476209,3.3385364628
2.35651542711,4.24546261482
2.257695843,3.88211581838
1.94707896823,2.57138153584
1.9916265456,2.78358987785
2.33597340591,4.17128995244
2.55916112044,4.9472701833
1.9653580656,2.65992047647
2.52491138066,4.83194960497
2.4391578026,4.53770500533
2.47079270616,4.64722908
2.32475997011,4.13051792681
1.67943412322,0.570766888181
2.56254137228,4.95858931853
1.83310267109,1.95488754033
1.74641764448,1.34609779101
1.76032891969,1.45874110238
2.08573581439,3.19898873889
1.77971356973,1.60385809913
2.02622031155,2.94084352343
2.06520647983,3.11153095897
2.5551839028,4.93393799808
1.72605833972,1.16366109387
1.75478155487,1.4147918458
1.72350975346,1.13893311282
2.00673640528,2.85300716932
2.2898782024,4.00233348714
1.75943502748,1.45173984668
1.8625902117,2.12776333513
2.48224656622,4.68659370338
2.49970032348,4.7462952129
1.7639010895,1.48642508339
2.21045772795,3.70187002212
2.1256681016,3.36492087269
2.51106663832,4.78499549921
2.05964354817,3.08755775701
2.17945014171,3.58081754109
1.6651656861,0.129231454873
2.47394564589,4.65808009054
2.27039947921,3.92980586378
1.97331039625,2.697782795
1.69193387032,0.773759431593
2.01189053031,2.87642051118
1.96898007339,2.67721286627
1.76699131248,1.51000876555
2.32235203187,4.12173583615
1.87292057735,2.18570369828
2.23324061164,3.78939661325
2.46039835434,4.61137440713
1.98083146289,2.73324710351
2.17060266702,3.54584156206
2.21737831616,3.72857925858
1.90566236338,2.36189763055
2.17943707174,3.58076602022
1.73279620818,1.226802564
1.72507207643,1.15415026952
2.51099745639,4.78476036486
1.7401286617,1.29227304202
1.7262608443,1.16560497043
2.32175097462,4.11954219731
2.35259180129,4.23134582979
2.1121054756,3.30914672519
2.27086559178,3.93154972626
2.02970596245,2.95636986388
1.90109379707,2.33793166587
2.21307388503,3.71197955732
1.9282106652,2.47758726104
2.40916420755,4.43271469371
1.78397525343,1.63423432094
2.35586502155,4.24312414806
1.91288570342,2.39941665
2.16780786277,3.53475097731
1.80784924266,1.7961323511
2.12707332507,3.37066707444
2.19186887857,3.62957856443
2.5025622585,4.75605268536
2.30990210263,4.07617432568
2.31554949697,4.0968738423
2.4569047177,4.5992947242
2.56725656269,4.97436046483
1.66462487105,0.0709777310266
2.16442575555,3.5213023055
2.47890442605,4.67512290562
2.57394334167,4.99669014725
2.20629111582,3.68573669207
2.23445573527,3.79403300858
2.31931376091,4.11064109611
1.92795106913,2.47627852786
1.88329816648,2.24271237191
2.05355232982,3.06116769169
1.9534253699,2.60236891529
2.05668249471,3.07474758956
1.99282168608,2.78912417401
1.77202347938,1.54772941198
2.04731997933,3.0340105717
1.69030830466,0.750396801129
2.05097960649,3.04997650346
2.15985077096,3.50306174878
2.43806338831,4.53389423866
1.80522581666,1.77896116074
1.89603315653,2.31116253509
1.69487825135,0.814424939858
1.67884582111,0.559445511501
2.15693267617,3.49139774894
2.03087387852,2.96155991801
1.95985727882,2.63350285703
2.57365822116,4.99573887612
2.39592871121,4.38600808452
2.35897927798,4.25431532217
2.02979120488,2.95674887634
1.69565306692,0.824804248564
2.43214409765,4.51325720479
2.22981416231,3.77630571979
2.13003302997,3.38275025682
1.79007270788,1.67686078346
2.01176751962,2.8758632412
1.77371180294,1.56020417395
1.78753195232,1.65921416725
2.19445775547,3.63969583382
1.85801367346,2.1016892924
2.13700192472,3.41109785579
2.29800615687,4.03239180683
2.19194776126,3.62988707597
2.3311770387,4.15387535792
1.90254911155,2.34558633458
2.26510011289,3.90995001112
1.91520723514,2.411380805
1.81594332976,1.84825762709
2.07858621634,3.16870666188
2.31532574452,4.09605474835
2.26183841485,3.89770187753
1.9276407122,2.47471321087
1.86807644396,2.15868798182
2.03819628441,2.99396186945
2.00690579531,2.85377874219
1.70403573431,0.929985496433
2.24267473308,3.82531130008
1.87248585128,2.18329004316
2.43899088107,4.53712387847
2.390270558,4.36596791605
1.73862445424,1.27909322407
1.74969665872,1.3733990313
2.29724550184,4.0295838038
2.20220902332,3.66989155739
1.75631893131,1.42709337082
2.44614079538,4.56198497376
2.14198594384,3.43128409653
2.336124631,4.17183841741
2.49532552814,4.73136257739
2.53202668324,4.85600380806
2.531773201,4.85514776552
2.20479729094,3.6799427434
1.9855069271,2.75513038934
1.77708693013,1.58488305767
2.06449943334,3.10849065357
1.93923599648,2.53270544367
1.67486945457,0.476036693409
2.19232116501,3.63134725943
1.68822233334,0.719341321385
1.82544837546,1.90793582011
2.18422792863,3.59962241531
1.74364765105,1.32263666045
1.982714867,2.74207708152
2.511107245,4.78513351012
2.00475080329,2.84395200133
2.01402322949,2.88607047791
2.30627244565,4.06284163161
2.52833341593,4.84352469993
2.23698343129,3.80366757121
2.55998815047,4.95004059219
2.40849199078,4.43034821106
1.79586207528,1.71648380065
1.91295846008,2.39979229046
2.24052128898,3.8171298321
2.45267854467,4.58466271218
2.04918814706,3.04216777304
1.71709674231,1.07436790957
2.01167954985,2.87546467027
1.94827395971,2.57723702132
2.44386242952,4.55406966795
1.88085046397,2.229369243
1.79502628591,1.71081241587
2.43198800608,4.51271240997
2.35076879952,4.22477884522
2.52773258155,4.84149323612
2.50463240144,4.76310510737
2.28274062364,3.97583906228
2.34116598784,4.19010161226
2.50810489645,4.77492462928
1.94818820158,2.57681712819
2.06022946537,3.09008844763
1.67299286709,0.431186505921
2.18215294184,3.59146252085
2.56939596578,4.98150930536
2.11997367576,3.34157340742
2.31739942312,4.10364265824
2.27231655867,3.93697555793
2.44018800259,4.5412908158
1.85584375022,2.08923549664
2.29752195897,4.0306044804
2.17417706705,3.55999616335
1.86680394925,2.1515467395
2.04184440963,3.01001785698
1.76244800359,1.47521972811
2.31985279104,4.11261057547
2.43985362957,4.54012711026
2.47199797386,4.65137842769
2.14224924017,3.43234849956
2.30459357737,4.05666699527
1.68969481026,0.741394330987
1.85797855228,2.10148819418
1.79420091844,1.70519584303
1.88011573001,2.22535178779
2.50071283393,4.74974827761
1.82878806966,1.92853799719
2.39052511841,4.36687047927
1.97362188548,2.69925812442
2.07243482323,3.14250325272
2.17831756548,3.57635140188
2.23051557228,3.7789875395
2.44682582745,4.56436361043
2.0443895953,3.02118599319
2.49514308354,4.73073937842
1.80667220527,1.78844556057
2.0883475029,3.21000501092
1.80697593868,1.79043180925
2.37108885162,4.29769338182
2.0617791475,3.09677531907
2.02389533753,2.93045644844
1.8932169286,2.29616173934
1.7457915455,1.34082755996
2.20454355555,3.67895808911
2.08669957338,3.20305674235
1.7291575185,1.19308839273
1.72478027954,1.151322375
1.82182734848,1.88538706586
2.49607533146,4.73392339163
2.37539296574,4.31305922848
2.48155281481,4.68421366972
2.26469587435,3.90843316541
2.28302037305,3.9768792429
2.29897902628,4.03598171768
2.4915283183,4.71838441916
1.76859796636,1.52214196558
2.28623519336,3.9888224269
2.26574736094,3.91237805301
1.79319306863,1.6983158237
2.5420985724,4.88996548215
1.68492704801,0.667429544174
2.16386236355,3.51905907503
2.22670580603,3.76440820673
1.97595204253,2.71027649925
2.25184973938,3.86006228714
2.45249946847,4.5840422338
2.32066455283,4.11557563148
1.89405380007,2.30062726461
1.82190495389,1.88587268303
2.44244453633,4.54914052173
1.91326004263,2.40134887787
2.13533562073,3.40433284502
2.57361486408,4.99559421365
1.73376501093,1.23563561838
2.31702448905,4.10227125331
2.2642916822,3.90691617575
2.31462353591,4.09348361284
2.57159570708,4.98885528087
2.47753975809,4.67043548457
1.72855996885,1.18746721681
2.31336842582,4.08888594774
2.33060353038,4.15179058335
1.9634637091,2.65084417334
2.54281293774,4.89237041643
1.85534731481,2.08637792064
2.09961937639,3.25727869391
2.18098401159,3.58686094669
1.82261333528,1.89030057862
1.8358396894,1.971451828
2.21484910129,3.71883060779
2.03111542478,2.96263255297
2.56825314454,4.97769109122
2.18507653688,3.60295647631
1.76503454832,1.49511370782
1.97376837331,2.69995174732
1.82908670075,1.93037132986
2.3000116161,4.0397901683
2.49024315953,4.71398837918
2.54412651762,4.89679130491
2.01985747688,2.91235739405
2.4808608608,4.68183926038
1.92717597157,2.47236786254
1.93112828756,2.49226100306
1.73451642742,1.24244678206
1.99339561097,2.79177910682
1.73743641846,1.26859507801
1.98168559616,2.73725403282
2.57077651118,4.98612012897
1.78566485344,1.64614198783
2.32204476467,4.12061449836
1.9565911156,2.61772633292
1.90231201564,2.34434056193
2.01112886998,2.87296880554
2.46484552182,4.62673013333
1.84494242545,2.02573924255
2.02685830669,2.94368950706
1.88699544457,2.26275062557
1.83884303286,1.98949727294
1.7922831479,1.69208362134
2.29595504244,4.02481764524
2.10110733616,3.26348679876
2.57082004235,4.98626548774
2.00973893016,2.86666251751
2.05281649499,3.05796960593
1.98899867493,2.77139396015
2.42617554311,4.49240357424
2.26946834469,3.92632097313
2.03176124529,2.96549916973
1.93344045417,2.50384425732
2.23187711758,3.78419034479
1.74222332254,1.31042421653
1.97177942184,2.69052316332
2.13277007353,3.39390100101
2.06104309424,3.0936004279
2.49401383452,4.72688124712
2.46205087958,4.61708317306
1.96219967005,2.64477542994
2.13084915856,3.38607751623
2.44436089601,4.55580194262
1.91081558012,2.38870992734
2.29237193851,4.01156828257
2.18515992324,3.60328399282
1.81891787734,1.86710494511
2.37249475043,4.30271546076
1.91666866322,2.41888941352
1.84489635206,2.02546746401
2.4648178337,4.62663460043
2.06207483859,3.09805015546
1.91040630636,2.38658884454
2.4194737676,4.46893368494
1.86840669726,2.16053829926
2.3495225488,4.22028654065
2.21232363145,3.70908197126
2.31678132426,4.10138169738
2.53612147168,4.86982343205
2.4479023403,4.56810042745
2.00456216647,2.8430907063
2.40319350667,4.41167412877
1.6783102894,0.548940227348
2.02250716485,2.92424275255
2.51966142699,4.81416806718
1.81080483897,1.81531255411
1.85603147345,2.09031524805
2.5301817254,4.84977165323
1.89153063822,2.28714327636
2.56379234275,4.96277556233
2.37391243439,4.30777671842
2.10382663415,3.27481323135
1.71209616975,1.02137526444
2.33585652755,4.17086603155
2.2041136794,3.67728955401
2.23612603068,3.80040102129
2.07900626069,3.17049086702
2.2886969256,3.99795505746
1.83396587697,1.96012405563
1.78728427163,1.65748521991
1.95231855634,2.59698409844
2.51623572351,4.80254978945
2.20955124724,3.6983634861
2.06493812832,3.11037727275
2.54856142711,4.91170452484
1.89726511432,2.31770106995
2.10519745373,3.28051368423
1.84002678895,1.99657304279
2.18743342312,3.61220697748
2.19042864426,3.62394312087
2.36304516945,4.26890421537
2.4104085361,4.43709365773
2.50744866853,4.77269197946
2.07962430812,3.17311495244
2.20410476704,3.67725495674
2.01958709377,2.91114272173
2.19684664017,3.64901720679
1.86765068164,2.15630069434
2.10165962696,3.26578919518
1.73538525313,1.25027958561
1.70732200649,0.968235029428
2.36827718323,4.28764099614
1.68000106782,0.58147237028
1.70104061485,0.893768132079
2.21332958325,3.71296680786
2.01388851337,2.88546157172
2.42807617092,4.49904913319
2.48649869041,4.70116950846
1.8211894221,1.88139126647
1.91655314332,2.41829652919
2.09756971052,3.24871482549
2.54380681686,4.89571550079
1.94535992295,2.56294103965
2.397889555,4.39294272509
1.75550229723,1.42057088534
2.12287782684,3.3534930752
2.21871806166,3.73373738064
2.51825354484,4.80939471739
1.9651051898,2.65871017601
1.6773953333,0.530518943238
2.29170545765,4.00910127202
1.98493721529,2.75247043695
2.2331902912,3.78920454392
2.07024503207,3.13314127197
1.94895204395,2.58055533469
2.12780469557,3.3736554022
2.48841424327,4.70772919129
2.00399128256,2.84048301617
2.21252070827,3.70984323401
1.95358623202,2.60315086067
2.43986307551,4.5401599865
1.66908849271,0.31845147227
2.52572892403,4.83471605323
1.8865717247,2.26046120283
2.3590580987,4.25459837641
1.91968521732,2.43433276706
2.27167973337,3.93459467022
1.73084563236,1.20883766909
2.06581681151,3.11415383902
2.57044902257,4.98502652581
2.10316105209,3.27204321688
1.90233194584,2.34444530062
2.07146303491,3.13835080644
1.98649743759,2.75975073695
1.87743517026,2.21064624613
2.09207811226,3.22569946411
2.42959282907,4.50434883192
1.89789587216,2.32104328532
2.41050824885,4.43744447146
1.78867399653,1.66716615211
1.82912162511,1.93058564064
2.47551271475,4.66346898491
1.81895476143,1.86733764854
2.44275459717,4.5502186251
1.778866686,1.5977617083
2.13897517963,3.41909854459
2.35920680802,4.25513238308
2.37101254174,4.29742070893
2.48307219277,4.68942544945
2.23890489702,3.81098239633
2.33191369507,4.15655241384
2.09855586193,3.2528369116
2.43777645567,4.53289488804
2.27051983729,3.93025619813
1.96856126822,2.67521747463
2.32877971368,4.14515722791
2.53956557784,4.88143398097
2.39484700898,4.38218031572
1.76448613265,1.49091540703
2.4095347184,4.43401878825
2.52274294332,4.82460858969
2.21401723875,3.71562110907
1.7769937943,1.58420658293
2.53627171022,4.87033015488
2.43089485114,4.50889618862
1.9684981713,2.674916758
2.41370083119,4.44866978145
2.22338555952,3.75167641273
1.77367599952,1.55994054052
1.93906788379,2.53187168347
2.202447693,3.6708190559
2.11177178168,3.30776714767
2.30862445635,4.07148378085
2.24822592321,3.84635740436
2.1168377196,3.32867282687
2.43763307397,4.53239546898
2.25578435037,3.87491253006
2.23704495099,3.80390189102
2.54798346557,4.90976211685
2.35334958395,4.23407408304
1.87823400866,2.21503668539
2.52254365871,4.82393368895
2.13869901888,3.41797951614
2.5344452865,4.86416847217
1.72645697817,1.16748482496
2.27089832202,3.93167216399
2.12174388475,3.34884208167
1.9693546434,2.67899660024
1.81634769509,1.85082921887
2.16209174482,3.51200357168
2.17464473585,3.56184568617
2.21648456258,3.72513600298
2.29220013702,4.01093242773
1.68520102387,0.67189447821
2.32604143647,4.13518771387
2.25978594022,3.88998385808
2.12926225192,3.37960605044
2.08442608554,3.19345511808
2.52267720475,4.82438596284
1.81011765013,1.81086841278
2.39671728937,4.38879757318
2.03496898035,2.97970997616
2.22999373763,3.77699242157
2.52291295049,4.82518430647
2.45867482818,4.60541691585
1.85295456606,2.07256034939
2.14063646801,3.42582556521
2.11534079491,3.32250393087
1.70873763164,0.984275691724
1.91412589325,2.40581364108
2.50673457641,4.77026193832
2.14158856631,3.42967727863
2.28306901118,3.97706007729
2.20024574318,3.66225692849
2.2461449578,3.83847531495
1.82348768294,1.89575398656
2.1464229591,3.44919470983
1.96481741111,2.65733234426
2.08142774398,3.18076399222
2.20758098325,3.6907354042
1.97415434071,2.70177870448
2.53778824569,4.8754438383
1.69209437845,0.776029299118
2.15402420076,3.47974906522
2.24175490896,3.82181784158
2.14599959139,3.44748814831
2.19765816999,3.65218066657
2.44366636896,4.55338823302
2.41231082325,4.44378409002
2.38425091883,4.34459833888
2.24575342345,3.83699130431
1.74891072645,1.36690036372
2.15010499541,3.46401538403
1.96652483669,2.66549970769
1.98929575194,2.77277457183
1.78195233388,1.61987742089
1.8404691245,1.99921179188
2.42224943287,4.47866121861
1.74411524519,1.32662354266
2.26169356941,3.8971574799
2.41233089041,4.44385464159
2.55253922779,4.92506421717
2.1619784611,3.51155187677
2.13934015596,3.42057712176
2.45390635741,4.5889159011
1.98227013547,2.73999385343
2.30914500781,4.07339518836
2.13863750218,3.41773021466
1.70041513161,0.886026140398
2.45415804123,4.58978751916
2.49314538765,4.72391320419
1.86547162412,2.14404948111
2.49899589758,4.74389218242
2.50890140643,4.77763393597
2.19049257512,3.62419338098
2.21004640304,3.70027912906
1.89073114701,2.2828578802
2.20342410153,3.67461210212
2.23733399819,3.80500272393
2.54752906517,4.90823474176
2.25065108466,3.85553205432
1.78906117283,1.66985459032
2.55083077103,4.91932815117
2.43498404962,4.52316391183
1.71798757733,1.08355210982
1.89028655765,2.28047211386
2.37406819596,4.30833262276
1.83802265672,1.98458144891
2.12518898464,3.36296030544
2.52760332592,4.84105616535
1.9914413273,2.7827315063
1.75715717779,1.43376074828
2.04539283734,3.0255806476
1.67999266125,0.581315044984
1.76326524727,1.48153112998
1.71359441886,1.03752033118
2.30867138169,4.07165610467
1.94844775861,2.57808783094
2.03001856594,2.9577596295
2.4267580604,4.49444084126
2.46020877628,4.61071928959
1.94556788405,2.56396320722
2.16978750164,3.54260886358
1.98789162326,2.76624488916
1.92988966332,2.48603939994
2.19953485726,3.65949025308
1.78272885517,1.62540155273
1.71962355289,1.10023095858
1.75954831205,1.45262879853
1.86701951715,2.15275783077
1.70659162209,0.959859394746
2.11897997036,3.33748887045
2.09033892464,3.21838884272
2.09501970536,3.23804056298
1.92390700581,2.45582358969
2.52786068928,4.84192640848
2.0954325012,3.2397700208
2.07315084942,3.14556056549
1.79050752266,1.67986467254
1.75933525563,1.45095652652
2.02079288822,2.916556997
2.48488476344,4.69563953881
2.17213503683,3.5519137914
1.79031967009,1.67856747558
2.2231121853,3.75062705634
2.29091754807,4.006183754
1.79055370476,1.68018344589
1.7713076485,1.54241340395
2.38900803764,4.36149021629
2.30209829463,4.04748063252
1.85030491037,2.05717194133
2.1491493853,3.46017259066
1.82329121513,1.89452973372
2.00858559384,2.86142249045
2.43477627888,4.52243948182
2.32895509579,4.14579534093
1.98968009284,2.77456001304
1.73511868078,1.24788114332
1.66447076653,0.0414149194366
2.45146348979,4.58045192748
2.51109811031,4.78510246401
1.78174357947,1.61838954866
1.74840081412,1.36266902588
2.2559278623,3.87545359474
1.94841506303,2.57792778966
2.27587779402,3.95027569208
2.03271654783,2.96973608478
2.47903162816,4.67555971698
2.56257979349,4.95871791333
2.40149420469,4.40567705215
2.22310136835,3.75058553169
2.4512771362,4.57980595948
2.31565005702,4.09724193643
2.25124933975,3.85779348165
1.94931295667,2.58232025008
1.8373518026,1.98055415202
2.46700890701,4.63419173204
1.92033952073,2.43767277452
2.49578845263,4.73294368293
2.42512772419,4.48873788936
1.8076992497,1.79515435528
1.88537790779,2.25400109763
1.91238319543,2.39682099927
2.3802552927,4.33038565595
1.97696508013,2.71505684
2.19797260666,3.65340596338
2.39652157994,4.38810535734
1.77025776024,1.53458717091
2.53942741497,4.88096844393
2.25670419416,3.87837978716
2.43022521785,4.50655774024
1.90561562788,2.36165340511
1.81127478228,1.81834645434
1.91212547804,2.3954889617
2.24890083667,3.84891187789
2.27162383599,3.93438565074
2.46788166986,4.63720037629
1.92308346924,2.45164250752
2.17506853149,3.56352121494
1.67732848536,0.529148322656
1.90661197344,2.36685583906
2.08318647985,3.18821213146
2.2211566345,3.74311579895
2.34182289973,4.19247842273
1.92046106632,2.43829284683
2.22697397663,3.76543548048
2.52376114846,4.82805622005
1.80647807506,1.78717507501
2.19617198465,3.64638610395
2.50946028034,4.77953452648
1.89367346183,2.29859862007
2.02829919152,2.95011022555
2.22953194791,3.77522638223
2.47409127883,4.65858101733
2.44854238854,4.57032150829
2.41483434832,4.45265205409
1.87370276001,2.19004118577
2.34719513171,4.21189056905
2.34995155556,4.22183323286
1.94244068713,2.5485607826
1.81257961342,1.82674798227
2.30855070101,4.0712129217
2.48303129343,4.68928519039
1.84605516989,2.03229413528
2.38031636525,4.33060306603
2.43803290078,4.53378805926
1.95431260844,2.60667963157
1.93147139466,2.4939823878
1.79820610735,1.73230448742
2.48436482187,4.69385738561
2.40646610895,4.42321260851
1.8331794014,1.95535348175
1.67685421106,0.519321745332
2.01653635896,2.89741360175
1.89844313213,2.32394007196
1.98523830869,2.75387645008
2.03052970494,2.9600310948
1.92552347301,2.46401492181
2.57278372574,4.99282075202
2.44263340343,4.54979724005
1.83924902202,1.99192634639
2.13399727683,3.39889339689
2.07838618793,3.16785678297
1.89959536985,2.33003010802
2.55942306206,4.94814771378
2.47263488276,4.6535704218
2.00560730637,2.84786044191
1.85518869873,2.08546423245
1.98296048444,2.74322713398
2.22981771181,3.77631929386
1.80042349303,1.74715728713
1.98240248144,2.74061391005
1.90787669264,2.37344706737
2.09710675585,3.24677855157
1.76627499531,1.50457129503
1.98225132646,2.73990572297
1.6764981205,0.511821722864
1.98005566222,2.72960405248
1.76296176427,1.4791901963
1.79768059115,1.72876839696
1.9168696348,2.41992060164
2.18974062407,3.62124920415
1.68976051723,0.742363583914
2.37169334186,4.29985306454
2.23023985642,3.77793347477
2.05776625901,3.07944023518
2.21604891812,3.72345699801
2.56458045102,4.96541212136
2.17560025007,3.56562277823
1.69272192604,0.784842961595
1.82351415003,1.895918861
1.88278487125,2.23991940329
2.11061668657,3.30298892037
2.53897676545,4.87944985667
2.26990847316,3.92796841766
1.94445928813,2.55851080158
1.98768819183,2.76529796704
1.77462236474,1.5668958387
2.31915224036,4.1100508464
2.14008138853,3.42357878296
2.16281891443,3.51490218805
2.05862481969,3.0831544415
1.78118174501,1.61437919692
2.19871014574,3.6562790817
1.9259589074,2.46621797619
2.17044058402,3.54519892815
1.77910195817,1.59945738196
1.92221084555,2.44720637461
1.81052783303,1.81352222729
2.5214409201,4.82019839154
1.884809552,2.2509204785
2.42818819258,4.49944067372
1.78642070849,1.6514447988
2.57177198392,4.98944375629
2.51301664318,4.79162105679
2.08202279807,3.18328525629
2.19399733209,3.63789769491
2.14921363731,3.46043104735
2.40515402556,4.41858822279
1.98013950399,2.72999792714
1.76344037055,1.48288045511
2.36141519643,4.2630586614
2.22802269486,3.76945127497
1.89968835382,2.33052103235
1.78683932636,1.6543753221
1.78500938951,1.64153144178
2.09929011219,3.25590392475
1.78354951925,1.63122198333
2.01484745034,2.88979398291
2.39814043071,4.39382958116
1.79567112352,1.71518948671
1.75825722699,1.44246852214
2.16128219653,3.50877491183
2.45272215723,4.58481381882
1.6687919812,0.308222962453
2.32782092468,4.14166786715
2.19269702489,3.6328167058
2.22112632256,3.74299930443
2.18216260108,3.59150053083
1.85352249388,2.07584670915
2.41101956009,4.4392431812
1.6989484055,0.867612119551
2.39473724377,4.38179180451
1.87385314747,2.190874362
2.18035064898,3.58436623501
1.98789534817,2.76626222554
1.7727255743,1.55292781056
2.53406037501,4.86286949293
2.50056562904,4.7492463193
2.39065739985,4.36733945744
1.91439336335,2.40719158566
1.88964334178,2.27701704374
2.12054282175,3.34391144526
2.5582818956,4.94432421088
1.87767113049,2.2119438029
2.01273990064,2.88026636251
2.2689712128,3.92445971187
2.29627752767,4.0260089839
2.37433806145,4.30929567417
2.37405704544,4.30829282837
2.57025052392,4.98436361788
2.3730163272,4.30457787651
2.4265982884,4.49388210588
1.85719277801,2.09698493152
1.96688147916,2.66720342081
2.25623167539,3.87659888677
2.53108696723,4.85282993724
2.2463310188,3.83918042105
2.37705403797,4.31898212707
2.36403801173,4.27246288876
2.27764918528,3.95688238312
2.06585400031,3.11431361029
1.76100808672,1.46404054047
2.43340254848,4.51764835807
2.47451440186,4.6600362755
1.97480351071,2.70484953916
2.26400490196,3.9058396564
2.18399877012,3.59872177672
2.40636428708,4.42285382419
2.5080291666,4.77466700106
2.09399918996,3.23376248602
2.45334833058,4.58698310048
2.55308803553,4.9269062113
2.26886463836,3.92406063542
2.55005722251,4.91673006071
2.54763406163,4.90858768416
2.12164376517,3.34843123887
2.17447817046,3.56118702277
1.77790449488,1.59081045638
1.82883797997,1.92884450308
1.87455958628,2.19478483312
1.82972814252,1.9343043541
1.69311805925,0.790357559417
2.18620481518,3.60738655127
1.99311913011,2.7905003473
2.47430288151,4.65930881369
2.26323066988,3.90293253272
1.91579397014,2.41439748279
2.36794303912,4.28644557802
2.22185775838,3.74580978269
1.96914885825,2.67801673904
1.89330789168,2.29664744099
2.10731234493,3.28929618428
1.68663350487,0.694783691997
1.8237902105,1.89763784429
2.33181776754,4.15620385686
1.7334609293,1.2328694392
2.26929123782,3.92565793964
2.510783375,4.78403271659
2.04735807918,3.03417707625
1.85319014424,2.07392405117
1.77670179527,1.58208405769
2.04105197738,3.00653508723
1.93177118309,2.49548571875
2.27135456625,3.93337867528
2.21756017464,3.7292796632
1.90129590518,2.33899586211
2.24698460649,3.84165672667
2.04581459804,3.02742688865
2.41340912228,4.44764467547
2.53969932171,4.88188461014
1.68291331467,0.633670928319
2.38606059048,4.35102799371
1.82573450926,1.90970816945
1.83673886558,1.97686866166
1.93302585204,2.5017701541
2.39314261801,4.37614578752
1.74076713203,1.29783025014
2.27767936794,3.95699490317
2.55738577008,4.94132084557
2.04128297064,3.00755058818
2.41278214088,4.44544099451
2.46092844781,4.61320600465
2.19670342857,3.64845878406
1.91247923702,2.39731725623
1.82800585028,1.92372899819
1.70652988091,0.959148194321
1.82121663462,1.88156186307
1.74802628306,1.35955350476
1.94873638516,2.57950031172
2.42556011512,4.49025073453
1.97837998146,2.72172353749
1.86346962287,2.13274440288
2.34044421414,4.18748933565
2.20991784594,3.69978182553
2.27162307568,3.93438280764
2.1273535539,3.37181226105
1.68567406843,0.679536230149
1.83585670892,1.97155447084
1.90380757617,2.35219022936
2.3093271845,4.07406401099
2.00112944665,2.82738569227
2.19180050139,3.62931112788
2.33583254369,4.17077903876
2.06709188455,3.11962880251
2.0744436926,3.15107594656
2.42309601018,4.48162612809
2.1801271254,3.58348557069
2.09586756196,3.24159212993
1.76004473324,1.45651852493
2.34505136505,4.20414964981
2.34109729041,4.18985301482
1.97357640778,2.69904276079
2.56018527361,4.95070082418
2.47563273034,4.66388158287
2.54300815846,4.89302754524
2.56988492031,4.98314254797
2.24564076196,3.83656423138
1.82373357838,1.89728531114
2.1548402657,3.48301981695
1.96051047084,2.63664978276
2.34881980506,4.21775233339
2.37901404772,4.32596583258
1.85847629814,2.10433676703
1.9487235702,2.57943760985
2.00096902684,2.82665028283
2.52025541433,4.81618133024
1.79221411848,1.69161001946
2.01860609889,2.9067327946
2.54090368224,4.88594171146
1.81933669804,1.86974587866
2.08846772917,3.21051155434
1.8061094414,1.7847604385
1.70633958413,0.956952991375
2.30152887563,4.04538279478
2.21962413088,3.73722354375
2.11203773337,3.30886669008
1.8293126347,1.93175740852
2.21610366434,3.7236680173
2.44457129694,4.55653303793
2.22850683357,3.77130435314
1.81730935971,1.85693298253
2.28719412433,3.99238122157
2.14736438257,3.45298769486
2.38527382008,4.34823321452
2.46292224731,4.62009207586
2.11594235401,3.32498383478
2.48136435027,4.68356701572
2.08695555016,3.20413666167
2.54285775132,4.89252126592
2.35300263098,4.23282505365
1.80140027884,1.75366597766
2.2267057863,3.76440813113
2.39810439112,4.393702185
2.2379574982,3.80737671658
1.95443802579,2.60728856415
2.39984719024,4.39986076125
1.99530015674,2.80057681455
2.29757822447,4.03081219537
2.45632193621,4.59727826919
2.19192317654,3.62979092634
2.42081776663,4.47364508202
2.4641871482,4.62445828886
1.86329260528,2.13174250529
1.70135995623,0.897696159335
2.04066242563,3.00482200877
2.21770113236,3.72982249281
2.47257290426,4.65335713633
2.27057358095,3.93045727758
2.17779054656,3.57427207411
1.80607645073,1.78454420672
2.53030436092,4.85018601594
1.78754124967,1.65927903745
1.74298163608,1.31693898561
1.93925276493,2.53278859622
1.83952992058,1.99360557151
1.92545817836,2.46368444054
2.5214479523,4.82022221562
2.43442178344,4.52120334455
2.12298370024,3.35392712462
2.21655231278,3.72539707877
2.07692147967,3.16162908006
2.50927886692,4.77891762124
1.80894253317,1.80324732696
2.02426543985,2.93211158438
1.89300640653,2.2950373422
2.29809584325,4.03272282176
1.70460061526,0.936666109722
2.41547292219,4.45489474693
2.53441161937,4.86405486007
2.02364234265,2.92932466523
2.49394151737,4.72663412447
1.82507924851,1.90564737668
2.53847011394,4.87774231274
2.57246513622,4.99175746585
1.80244654485,1.76061484445
1.71525802665,1.05517403932
2.04370336841,3.01817756724
1.9413044375,2.54294745962
2.40460515657,4.41665306839
2.5480006206,4.90981977602
1.86778928566,2.15707808981
2.53863247496,4.87828953848
2.24367637987,3.82911352069
2.34384833166,4.19980247541
2.28608782658,3.98827536862
1.72794911414,1.1816952637
2.55778164474,4.94264771505
2.32662329923,4.13730718653
2.53517948315,4.86664578606
1.69551894445,0.82301659497
2.22650297756,3.76363113322
2.3233268811,4.12529240458
1.76191460797,1.47108740738
2.19438594435,3.63941541608
2.33610980106,4.17178463362
1.90739136383,2.37091937093
1.84960838751,2.05311127617
2.43021994476,4.50653932364
2.52817645642,4.84299404428
2.33470627071,4.16669285141
1.90977488961,2.38331368424
2.41444257064,4.45127585214
1.96437435106,2.6552100509
2.0534566051,3.06075177709
2.52977849122,4.84840909155
2.24816632626,3.84613179178
2.42807824461,4.49905638134
2.40932256412,4.43327208694
2.07285203998,3.14428493187
2.14353812153,3.43755606654
2.21072170479,3.70289080867
2.26319588182,3.90280188134
2.01914825226,2.90917053179
1.6737588432,0.45002730979
1.74238833938,1.31184440988
2.01149435373,2.87462546531
1.99699692368,2.80839855713
2.28154224056,3.97138152524
2.36022031995,4.25877095902
2.0911650623,3.22186279705
2.03332439087,2.97242985427
1.78457223345,1.63845020972
2.05079377856,3.04916711728
2.31530655952,4.09598451361
2.06266042693,3.10057384086
1.72135347333,1.11761372055
2.53514464053,4.86652823299
1.85973389509,2.11152019188
1.76298104423,1.47933901161
1.72027972007,1.10685439868
2.47574114727,4.66425429194
2.13541981728,3.40467486945
1.99471618247,2.79788129826
1.86495463584,2.14113466155
2.46075520201,4.61260743631
2.30493265207,4.05791445792
2.0352320574,2.9808734378
2.14664479836,3.45008872351
2.45682712402,4.59902626937
1.94148943022,2.54386198443
2.56448030855,4.96507713473
1.68514215935,0.670937619102
2.04837621016,3.03862429362
2.44752391245,4.56678698087
2.46001243176,4.61004074452
1.89583471009,2.3101079609
2.21675347542,3.72617219937
2.1407006047,3.42608511237
1.82354846697,1.89613261763
2.0699979028,3.13208358942
2.03949960084,2.99970454317
1.69992483818,0.879911865372
1.67651038148,0.512081764395
2.49451927817,4.72860829187
2.35304715689,4.23298535706
2.1195452844,3.33981292089
1.76905263886,1.52556005267
2.31520068773,4.09559691423
1.98942103578,2.77335666161
2.2443627935,3.83171792639
1.70868028842,0.983630754028
2.4168409608,4.45969754153
2.29066706139,4.00525600225
1.87536411199,2.19923158285
1.83946598863,1.99322348502
2.22941741037,3.77478828087
1.87015429866,2.17030878178
1.87991972388,2.22427908449
2.22339334042,3.75170627757
2.26284091251,3.90146860992
1.97586890699,2.7098839322
2.40922970448,4.43294523791
2.102162428,3.26788439314
2.30081971932,4.04276934487
2.25328830535,3.86549541659
2.19849402421,3.65543730414
2.05250645436,3.05662144875
2.05651494399,3.07402168475
2.21146367963,3.70575913827
2.43130019668,4.51031143288
2.4897345321,4.71224805218
2.06357636684,3.1045185491
2.06739074618,3.12091116609
2.25371373171,3.86710135466
2.26127119445,3.89556975995
2.37611535948,4.31563556369
1.87130003604,2.17669549582
1.98710309874,2.76257323756
2.41292015251,4.44592611506
2.21796346964,3.7308326379
1.95152638614,2.59312508247
2.18828590984,3.61554950946
1.67459416246,0.469722315793
2.44378674406,4.55380661854
1.8955858703,2.30878506436
1.77805627536,1.59190874516
2.41650112346,4.45850469843
2.01301582395,2.88151495594
1.71444879463,1.04662176665
2.41085688151,4.4386709421
2.4152421268,4.45408424768
2.40024726939,4.40127394635
2.21424851507,3.71651357835
1.70671813929,0.961315190491
1.81740819377,1.85755933656
1.72644042579,1.16732628664
2.41539432247,4.45461873103
2.12803103063,3.37457986298
2.48557093567,4.69799100033
2.49239163678,4.72133647761
2.24818540275,3.8462040093
2.33631656026,4.17253445604
2.40137786349,4.40526632428
2.15543854282,3.48541652113
1.85703075554,2.0960554168
1.82839795925,1.92614088479
2.27683708824,3.95385426784
2.18776845791,3.6135208354
2.33521196973,4.16852781008
1.88292755044,2.24069602965
2.33418506026,4.16480117869
1.69580384561,0.826809458287
2.53138198509,4.85382645041
2.0796672952,3.17329741387
2.51621259805,4.80247131769
1.88262623999,2.23905570008
2.23761058551,3.80605593851
2.34218629864,4.19379296469
2.26644074044,3.91497824746
2.15435887072,3.48109062928
1.80476203969,1.77591092817
2.35478243667,4.23923039731
1.9972908178,2.80975180981
2.13457108673,3.40122618737
2.17432735607,3.56059058334
1.98238794019,2.74054578737
1.91197070952,2.39468875567
1.81740674891,1.85755018111
1.70474405903,0.938355338154
2.50500001713,4.76435699305
2.25079285918,3.85606803301
2.55357676758,4.92854632367
2.25283517152,3.86378448539
1.81962965975,1.87159133616
1.76573112342,1.50043115304
2.24118806115,3.81966409748
1.88259440894,2.23888235747
1.97276750655,2.6952100934
2.36634850609,4.28073878116
2.08775852947,3.20752278408
2.53777523616,4.87539998063
1.76259287439,1.4763402889
2.26626967812,3.91433684509
2.16636167617,3.52900403806
2.19608694686,3.646054386
1.90437520856,2.35516429162
2.16948263612,3.54139941349
2.03843287854,2.99500489579
2.08333273888,3.18883102895
2.46659383393,4.6327605535
1.75141647663,1.38752363844
1.73412653709,1.23891695331
2.21910067899,3.73520975013
2.12414857458,3.35870048603
2.12193430401,3.34962338561
1.69452879343,0.809701692011
2.50912270563,4.77838655903
1.86904894687,2.16413305009
1.79405215194,1.704181803
2.1417607331,3.43037350033
2.42373266272,4.48385522289
2.31428394971,4.09223991904
2.28552044582,3.98616875349
2.12501304182,3.36224016386
2.39374934899,4.37829442638
2.20833886284,3.69367067266
2.49584253426,4.7331283819
2.53013847562,4.84962551658
1.94104474681,2.54166325187
2.29559897106,4.02350201586
1.79971712086,1.74243752566
2.23823178841,3.80842082446
1.69561674747,0.824320533041
2.18864088315,3.61694080416
2.56780503651,4.97619360768
1.96018112246,2.63506339829
2.06057754665,3.09159123817
2.26542920512,3.91118464681
1.90897618578,2.37916590152
1.90690582483,2.3683885249
1.95540126299,2.61196188953
1.94347736266,2.55367427987
2.5542267018,4.93072704757
2.21437013281,3.71698283895
2.48815513192,4.70684212114
1.86164237615,2.12238425781
1.8831177659,2.24173107673
2.47917184106,4.67604118602
1.91753399507,2.42332708917
2.23728919417,3.80483209988
2.33120946326,4.15399320931
1.80939107351,1.80615949407
2.06514715102,3.1112759188
2.11824889367,3.33448187528
1.9980890528,2.81342504814
2.05884748117,3.08411721629
1.68666936624,0.695347288772
2.40800303563,4.42862650628
2.41064410942,4.43792244075
1.90938057008,2.38126661287
2.54134277154,4.88742050173
1.99040268067,2.77791459321
1.71176192023,1.01774041276
1.82632811087,1.91338066182
2.43228319772,4.51374266946
1.86991528402,2.16897455954
1.90376712282,2.35197816774
2.23362987286,3.79088221132
1.66525894922,0.136793329024
1.82012087337,1.87468223321
2.39241388175,4.37356441212
2.05508067904,3.06780320308
1.93399028173,2.50659288201
2.31674888624,4.1012630237
1.97382665592,2.70022768141
2.38771648783,4.3569072496
2.29544964977,4.02295022923
1.73393511521,1.23718054179
1.73932894211,1.28528133122
2.2126066087,3.71017502006
1.84466079959,2.0240775188
1.77144911671,1.54346527711
2.38465037544,4.34601798263
2.50929693891,4.77897907751
2.47661768207,4.66726709552
1.88051273996,2.2275233052
2.29846441874,4.0340830125
2.57232710292,4.99129675304
1.91424379339,2.40642110908
2.40115619385,4.40448369682
2.41190217533,4.44234726114
1.83209550026,1.94876302577
2.26552934783,3.91156030446
2.26241524217,3.89986945891
2.06471340368,3.10941093149
2.549635233,4.91531249274
2.07008042942,3.13243681878
2.30416649535,4.0550954671
2.52798296504,4.84233984543
2.14381045189,3.43865577512
2.0064996313,2.85192842152
2.51400103397,4.79496420801
1.73241680833,1.2233273625
2.05969444886,3.08777766076
1.81480609845,1.84100914565
1.92151203554,2.44364950185
2.44824076183,4.5692748723
2.23714867826,3.80429695541
1.68599127786,0.68461396921
1.93349873199,2.50413569793
1.99846537916,2.81515563535
1.739770792,1.289148584
2.44781824235,4.56780855556
1.77609023211,1.57763051877
2.16718324909,3.53226952829
2.35798438531,4.25074174195
2.3033113167,4.05194772149
1.77184428919,1.54640019691
2.07809674222,3.16662672973
2.1254510247,3.36403267147
1.91301123176,2.40006472125
2.56808967417,4.97714482927
2.16703274429,3.53167145301
1.88405448398,2.24682274325
2.16531669873,3.52484800704
2.32820684859,4.1430725567
2.06977654409,3.13113600553
2.00303311166,2.83610255551
2.53243434795,4.85738040815
2.01573265331,2.89378933844
2.45239851741,4.58369243297
1.82611952205,1.91209083307
1.88442359326,2.24882661787
1.92498540427,2.46129056039
2.231932538,3.78440203578
1.8255242904,1.90840618028
1.84505257748,2.02638888908
2.06118047556,3.09419316947
2.50323197396,4.7583347319
2.0487725007,3.04035413721
1.91707150617,2.42095607315
1.72962764518,1.19749370636
1.86051850967,2.11599202839
1.94843632887,2.57803188444
2.50201416037,4.75418468786
2.56728668553,4.97446115061
1.7743631828,1.56499368964
1.72386734395,1.14243274033
2.5023475302,4.75532089903
1.8285859526,1.92729635634
1.77938521525,1.60149681161
1.84925410077,2.05104331979
1.71550041089,1.05772297101
2.10918154403,3.29704623849
1.88776850596,2.26692295778
1.97548598064,2.70807522794
2.38770634789,4.35687125955
2.2785837016,3.96036544006
1.73077313154,1.20816517727
2.51378819674,4.79424146478
1.8673330515,2.15451834583
2.0130229609,2.8815472468
2.44236741972,4.54887236345
1.79979821238,1.7429799094
2.57159741264,4.98886097477
2.21107735173,3.7042658272
1.83748540549,1.98135673741
2.04812694536,3.03753589734
1.79987075618,1.74346499916
2.44730463367,4.5660258286
2.51481132872,4.7977153343
1.8325053755,1.95125735341
2.13984720146,3.42263060195
1.80787943437,1.79632915487
1.95187588277,2.59482815152
2.35433075186,4.23760528694
2.17794388064,3.57487711919
2.1691030764,3.53989329979
2.4404430324,4.54217829296
1.99338885919,2.79174788384
2.31266259419,4.08629920005
1.91360219085,2.4031139168
1.69423981581,0.805775719703
2.26378218892,3.90500352267
2.49938834574,4.7452310199
2.3289890771,4.1459189733
1.99254649366,2.78785052942
2.0699943723,3.13206847762
2.08689607992,3.20388578825
2.0498439541,3.04502787913
2.29842753029,4.03394689023
1.72748192573,1.17726309764
2.47818071055,4.67263732021
2.31142412877,4.08175839278
1.90030659559,2.33378312659
2.00396310958,2.84035428453
1.7734516986,1.55828803876
2.4513691157,4.58012479847
1.81793057498,1.86086695394
2.42309694766,4.48162941086
2.54848567336,4.91144995097
2.40630097092,4.42263071338
2.43144808895,4.51082773975
2.19672842507,3.64855625603
1.83166655092,1.9461497964
2.31942179254,4.11103585522
1.84909005124,2.05008519751
2.47952249217,4.67724516896
1.91269216866,2.39841721898
2.07400836824,3.14921950991
1.8130344834,1.82966914082
1.91586033891,2.41473853641
2.12968943303,3.38134885514
1.80928015338,1.80543971043
2.32023216187,4.11399640917
2.18269078825,3.59357863809
2.39210586933,4.37247312949
2.2703015046,3.92943925943
1.95780570653,2.62360116683
1.90881777362,2.3783425914
2.10578946615,3.2829736104
1.95885981552,2.62869207246
2.4035303965,4.41286259588
1.9872024576,2.76303607629
2.57367923739,4.99580899687
1.98732056728,2.76358619034
2.43540760246,4.52464053708
1.72912001349,1.19273630358
1.67720684175,0.52664518527
2.17228913415,3.5525240861
1.95350626689,2.60276217417
2.33056147554,4.15163768774
2.27354581809,3.941569186
1.85941440294,2.10969710238
1.92904637131,2.48179691516
1.9582905902,2.62594383765
1.8210415478,1.88046400952
2.28740566902,3.99316608221
2.43619561265,4.52738716528
1.67235901865,0.414956241069
1.94658496119,2.56895804265
2.20805276436,3.69256276871
2.50762095083,4.77327817102
2.13702786715,3.41120311479
1.97622375495,2.71155924739
1.82292253571,1.89223059485
1.74150619542,1.30423597397
1.71608664117,1.0638640464
2.12515380172,3.3628163078
2.36911509314,4.29063793939
1.79628891062,1.71937395995
2.29144706307,4.00814459683
2.30252983041,4.04907010619
2.06753066329,3.12151140883
2.25835969988,3.88461580361
1.7259664854,1.16277837224
2.0422911717,3.01198021318
2.25147046443,3.85862915802
1.87527294719,2.1987280556
2.28900959379,3.99911421592
2.48547704627,4.69766927949
1.71409713465,1.04288469678
1.72307761738,1.13469050133
2.23520990522,3.79690901992
2.45376035091,4.58841022424
1.93264768943,2.49987723218
2.06062915696,3.09181401766
2.06563529942,3.11337394676
2.21572512037,3.72220878156
2.23526191081,3.79710729759
1.80222955732,1.7591756276
2.42383716306,4.48422105724
1.81440959659,1.83847627549
1.73875599151,1.28025070638
2.29290609924,4.01354492661
2.00630558513,2.8510441332
2.01926410512,2.90969127233
2.50671492712,4.77019506449
2.06321619962,3.10296779456
2.11171264849,3.30752263839
1.68080328666,0.596298145846
2.38456596041,4.34571799572
2.2545456017,3.87024052271
1.92983589216,2.48576904555
1.76335965934,1.48225871109
2.43183484036,4.51217779711
2.4975673211,4.73901717488
1.94398421645,2.55617165054
1.6655945191,0.161094528279
1.76626633998,1.50450548688
1.81893636116,1.86722156339
2.32764484808,4.14102690096
2.06859022087,3.1260544738
1.71780744164,1.08170087985
1.79075658459,1.68158321132
2.36080312958,4.26086258474
1.71754982918,1.07904825136
1.84186061078,2.00749419064
1.6731645138,0.43547863257
2.45690470478,4.5992946795
1.82978159438,1.93463179743
2.51650208221,4.80345358558
1.82538225093,1.90752604158
2.35725361764,4.2481159253
2.37524416312,4.31252844701
2.2326732298,3.78723064613
2.02192322744,2.92162627755
2.40318826603,4.41165563983
2.3738302157,4.30748327029
2.10849535295,3.29420248017
2.40845463348,4.43021668012
2.39783945584,4.39276561214
2.39458829146,4.38126456496
2.43974069152,4.53973402496
1.66461248171,0.069070258991
1.89514798171,2.30645571531
2.42192925836,4.47753965194
2.03015277316,2.95835615032
2.41485986594,4.45274168312
1.99611504924,2.80433519238
2.54522786074,4.90049658869
2.07914509346,3.17108043981
1.84523884136,2.02748703707
2.50172606063,4.75320267212
2.29977089015,4.03890247872
2.43383548963,4.51915857193
2.45805995638,4.60329071308
2.43703997204,4.53032933708
1.81296917361,1.82924996548
1.74838913858,1.36257200084
2.43898762267,4.5371125342
2.53975244729,4.88206360355
1.97422833027,2.70212882999
1.99161493228,2.7835360628
1.96116711485,2.63981061319
2.41412395387,4.45015649424
2.31074678046,4.07927380143
1.71027712554,1.00144304017
2.01368458233,2.88453965252
1.84871036621,2.04786627497
2.06438759796,3.10800958358
2.07803432883,3.16636145226
2.10054404575,3.26113749662
2.17254100132,3.55352146089
2.00657117096,2.85225438745
2.29990732528,4.03940560295
1.821990017,1.886404847
1.95163281378,2.59364378195
1.9378192723,2.52567280985
2.45855045343,4.60498686911
2.42513355279,4.48875828401
1.78657459348,1.6525225908
2.36789694909,4.28628067557
2.51401324271,4.79500566447
2.07809835463,3.16663358284
2.09100591057,3.22119373992
1.72525141944,1.1558851423
1.78880477671,1.66807467068
2.20061605913,3.66369767617
2.28382257706,3.97986124347
2.14381631924,3.43867946598
1.70170367823,0.901905779992
1.75143471621,1.38767274084
2.14612602257,3.44799783552
1.69557920518,0.823820243561
2.51084230443,4.78423301862
2.05795856052,3.08027240234
2.20485893781,3.68018194969
1.78407206125,1.63491862295
1.94314854542,2.55205317281
2.04072536223,3.0050988204
2.48118172406,4.6829403557
1.71668628758,1.07011135427
2.04032023011,3.00331664613
2.44493127682,4.55778375997
2.23188589439,3.7842238703
2.49187605018,4.71957356359
1.93609902047,2.51711399002
2.0468691693,3.03203997634
2.00881482908,2.86246451384
2.56060873147,4.95211900183
2.09554934142,3.24025943116
1.85570649045,2.08844571813
1.88690109391,2.26224099068
1.95611995458,2.61544481331
1.9672259967,2.66884847242
2.28957483098,4.00120927564
2.47608852766,4.66544840433
1.82432270996,1.90094997359
1.79738990119,1.72680973837
2.10050958138,3.26099372241
1.68728388097,0.704936816225
1.70758649059,0.971251047838
1.728389319,1.18585737276
2.42120167502,4.47499044454
2.12669909967,3.36913738866
2.05114173895,3.05068256693
1.86231396524,2.12619672682
1.86244638258,2.12694778754
1.85585315531,2.08928960377
2.18551593053,3.60468208809
1.6940598211,0.803321002825
2.30430424805,4.05560238861
2.26463381104,3.90820025379
2.48600802626,4.69948860236
2.48939319026,4.71107995092
2.35763313554,4.2494797215
2.20248019452,3.67094535027
2.05359428089,3.06134995329
1.96007920255,2.63457233742
1.97978076676,2.72831235758
2.05121363922,3.05099564776
2.32912322511,4.14640701823
2.34787850958,4.21435667155
2.39741312409,4.39125828449
2.31822078166,4.10664613448
2.0372798766,2.98991959159
2.13233475062,3.39212898574
2.35115478763,4.22616971361
1.91464343487,2.40847935768
2.1994787397,3.65927179983
2.37086001909,4.29687568459
2.5247475022,4.83139498122
1.77432300708,1.56469865597
2.09324538333,3.230600175
1.99373518479,2.79334912088
1.75841094196,1.44368154965
2.41358096929,4.44824858354
1.78042039179,1.60893076499
2.42174785926,4.47690415466
2.05204150795,3.05459897782
2.24083064125,3.81830573253
1.82995942722,1.93572086245
2.48627833065,4.70041463831
2.09528407333,3.23914823146
1.69528365291,0.819871434102
2.0310772294,2.96246295604
1.79262893806,1.69445432467
2.07778965596,3.16532137449
2.17508334776,3.56357978457
2.17852525756,3.57717064711
1.92711183439,2.47204405914
1.95366583484,2.60353774424
2.0979148743,3.25015797496
1.73712748767,1.26585211309
2.44147084535,4.54575415797
2.152423897,3.47332978262
1.71955551952,1.09954208287
1.96999637027,2.68205058791
2.10635176516,3.2853090058
1.69800202951,0.855529139727
2.20765668833,3.69102866967
1.98344106993,2.74547639348
1.76840615545,1.52069795031
2.16418081339,3.52032713511
2.16213276012,3.51216710307
2.11705297277,3.32955931365
1.789477733,1.6727428844
2.40405215615,4.41470293686
2.30991147047,4.07620870692
1.93801970196,2.52666862111
2.28248600367,3.97489219363
1.70483554918,0.939431235837
1.83362155767,1.95803667522
1.75100217008,1.38413291436
2.54432493542,4.89745893682
2.17670375967,3.56998197588
2.05893214209,3.08448323344
1.85514952516,2.08523852839
1.82364777276,1.8967510699
2.28618640971,3.98864133556
2.43611292285,4.52709898457
2.25299557142,3.86439016653
2.03202365555,2.96666340428
2.48345059177,4.69072303113
2.0842465374,3.19269604863
2.25326563262,3.8654098193
1.97576545709,2.70939538417
2.01591718696,2.89462175557
1.99791955197,2.81264533458
2.37641926927,4.31671919791
2.10373597311,3.27443600519
1.81621075002,1.84995864259
2.48110850351,4.68268909753
2.08801288869,3.20859492995
1.69967240923,0.876747978361
1.74183985098,1.30711848624
1.99651960901,2.80619976802
2.04661066169,3.03090959747
1.76483802464,1.49361046174
2.25761501929,3.88181138871
2.40574023044,4.4206545647
1.95522264369,2.61109574253
1.87451904503,2.19456056684
2.16214866359,3.51223051031
2.04971591814,3.04446962781
1.70819253928,0.978128741585
1.86453950746,2.13879184625
2.00763517571,2.85709943798
2.01308300388,2.881818899
1.99065180257,2.77907047337
2.19951663202,3.65941930706
1.87970630313,2.22311061305
1.96601120277,2.6630446606
2.39604283117,4.38641182142
1.84402510066,2.02032250915
1.79981556984,1.74309598674
1.8873475489,2.26465172857
2.25714723999,3.88004920145
2.44980567917,4.57470388803
2.34903926596,4.21854382684
1.66910619898,0.319051951658
1.88546167459,2.25445485552
1.7754744834,1.5731353177
1.7599360512,1.45566773781
2.30568890849,4.06069602065
1.85566082637,2.08818291842
1.84068578315,2.00050322845
1.99080145039,2.77976465038
2.08766335934,3.20712157528
2.03405157574,2.97565036198
1.71986270977,1.1026493554
2.0206125064,2.91574747809
1.920301659,2.4374795964
2.22146119993,3.74428618845
2.12006601837,3.34195281711
2.55217973312,4.9238574663
2.18668563117,3.60927347029
2.32973956476,4.14864895167
1.71058045849,1.00479280717
1.86104316441,2.11897803303
2.46294764988,4.62017977956
2.26544726316,3.91125238797
1.85667007315,2.09398501019
1.66696434787,0.235620474222
2.5137277706,4.79403626366
1.81220447388,1.824335883
2.27971434732,3.96457731177
2.37975622685,4.32860884834
1.76660208223,1.50705632959
1.93197975746,2.49653124758
2.06170877273,3.09647185639
2.06888364388,3.12731182782
2.4938862583,4.72644528895
2.03065318713,2.96057966518
1.7328260397,1.22707542759
1.99652893898,2.80624275876
2.10743050807,3.28978644802
2.56644634593,4.97165198903
1.88622110844,2.25856540455
2.32090683677,4.1164603893
1.71177746521,1.01790973127
2.44689099926,4.56458987658
1.90908323164,2.37972212469
1.71164844144,1.01650357528
2.55465849764,4.93217562547
2.35215582896,4.22977579483
2.13691465257,3.41074374259
1.8825088784,2.23841653113
2.03489232045,2.97937088961
2.22392615608,3.75375102729
1.9896065282,2.77421833352
1.70574411589,0.95005268616
2.46132117033,4.61456273878
2.53452117899,4.86442457254
2.56773458996,4.97595817277
2.20364357684,3.67546438849
2.0014491377,2.82885085138
2.4808577251,4.68182849914
2.30414752932,4.05502567068
2.24841531235,3.84707431531
2.19922054974,3.65826662729
1.79105105467,1.68361311309
2.57046026321,4.98506406402
2.54443018399,4.89781305909
2.33120714299,4.15398477603
1.7686933889,1.52285988591
2.17085654997,3.54684803083
2.07538288599,3.15507873248
1.90211805935,2.34332108073
1.72578176702,1.16100133605
2.55172522126,4.92233158191
2.29482835891,4.02065394695
1.66796835329,0.27785300649
2.06055177874,3.09148000527
2.30212702107,4.04758645061
2.44097266531,4.5440211027
2.23163356698,3.78325996944
1.67507836895,0.48077390093
2.02297754615,2.92634925907
1.87154066842,2.17803497555
2.14991582217,3.46325486493
2.06413210636,3.10691038171
2.26037284046,3.89219165421
2.07104764052,3.13657474618
1.96952079028,2.6797875341
2.5734481013,4.99503778734
2.38879487916,4.36073400074
2.37595900189,4.31507799612
2.41194910262,4.44251227138
2.13344457932,3.39664551638
2.53991362845,4.88260664611
2.34091442644,4.18919124317
2.41550702195,4.45501449137
1.74678948646,1.34921894324
2.14392802325,3.4391304794
2.54140017111,4.88761380114
2.09866645037,3.25329896332
1.80487174442,1.77663285147
2.34279770314,4.19600416094
2.414956421,4.45308081892
1.95414819599,2.60588121171
1.68100841357,0.600031396885
2.38133008951,4.33421100967
1.81797132596,1.86112477406
2.30937992493,4.07425762552
1.82653763828,1.91467556787
2.19046260782,3.62407607391
2.45905146115,4.60671907587
2.55818216745,4.94399001011
2.2009724207,3.66508382714
1.85058536407,2.05880513037
1.71782485358,1.08187994983
2.23529004638,3.79721456551
2.49495148047,4.73008485638
2.15988639422,3.50320399685
2.18800889382,3.6144635481
2.03353396848,2.9733582572
2.17752154122,3.57321045411
2.22439116096,3.75553503458
2.40629369505,4.42260507462
2.19563266966,3.64428203394
1.92911314461,2.48213303903
2.03776887733,2.99207702875
2.43955758715,4.53909668937
2.06366605684,3.10490464461
1.70088376495,0.891832750913
1.84418183063,2.02124882494
2.15655843693,3.48990018952
2.48633315258,4.70060244281
1.80617031512,1.78515936673
1.85185310522,2.06617464048
1.76751359679,1.51396243111
1.92100228391,2.44105246536
2.42514964705,4.48881459863
1.96025064621,2.63539833324
2.07649381329,3.15980922593
2.09133425637,3.22257397462
1.72087731555,1.11285448895
1.90352580542,2.35071284739
1.92378378169,2.45519832194
1.91170956075,2.39333806784
1.79749697168,1.727531397
1.81510960472,1.84294597738
1.80877652204,1.80216848286
2.00365900959,2.83896449533
2.56181906231,4.95617150365
2.29536771038,4.02264742183
2.49833886496,4.74165033935
2.51880196101,4.81125433918
2.21003091719,3.70021922639
1.7919911607,1.69007955314
2.42113697996,4.47476374155
2.28080736899,3.96864676054
2.05013383075,3.04629152494
2.15852540431,3.49776695482
1.89297083692,2.29484732302
2.12376281863,3.35712021711
2.2677594571,3.91992090795
1.70071537173,0.88975044928
2.14438128506,3.44096019286
2.1237150757,3.35692460399
2.39098498522,4.36850074271
2.22231028296,3.74754797644
2.17614967259,3.5677935533
2.51013072258,4.7818140945
2.46576868202,4.62991481844
1.72017547182,1.10580458505
2.47244318535,4.65291072271
2.54258939183,4.8916178963
2.20680839534,3.68774180387
1.81118500999,1.81776722519
2.52373522272,4.82796844911
2.0630421355,3.10221815431
1.66620364287,0.197725586308
2.55619924688,4.93734302202
1.97284772642,2.69559035758
2.24759505118,3.84396878183
1.87011931462,2.17011353523
1.75170216144,1.38985735733
2.15876059384,3.49870687635
2.09818257778,3.25127698086
2.49698841751,4.73704103633
2.32566588403,4.13381944447
1.9262418601,2.46764877099
2.20290233428,3.67258547537
2.53531187684,4.86709244876
1.93227367256,2.49800401589
2.28288704846,3.97638352564
1.84538424396,2.02834394473
2.46719637245,4.63483804993
2.38473470582,4.34631765862
2.42075383432,4.47342102008
1.92812845663,2.47717286876
2.54770932742,4.90884068115
2.48613555663,4.69992551892
2.26090887811,3.89420752272
2.04726026081,3.0337495768
1.9873266933,2.76361472111
2.26382017573,3.90514614376
2.1307475431,3.38566335082
2.22746211136,3.76730496313
2.45930638597,4.60760034993
2.22109652181,3.74288477254
2.0755703054,3.1558771118
2.21140010391,3.70551341625
1.69468418259,0.811805193387
1.82219340309,1.88767674474
1.98078728476,2.73303974131
2.25182660177,3.85997486765
1.75957466256,1.45283550304
1.68089408065,0.597953389358
2.31901066676,4.10953345353
2.45522353113,4.5934766245
1.82949531589,1.93287753475
2.12944379749,3.38034678341
2.45031442869,4.5764682026
2.42238686823,4.479142612
1.76190993518,1.47105116066
2.30565295624,4.0605638083
1.78080434829,1.61168046371
1.7619914504,1.47168335899
1.87451149915,2.19451882249
2.52500026679,4.83225041608
2.08521171171,3.19677513103
2.43295406294,4.51608367212
1.89701350957,2.31636684928
2.56254041933,4.95858612902
2.11721467695,3.33022517129
2.51308601367,4.79185668377
2.52031779115,4.81639272917
2.50909354171,4.77828737757
2.36804319402,4.28680390473
1.67967809401,0.575397702638
2.45500773131,4.59272955874
2.08911540467,3.21323950099
2.04103736543,3.00647084195
2.1228354262,3.35331923549
2.54929170167,4.91415835667
1.95839372274,2.62644191829
2.14020546067,3.42408106423
2.08114285413,3.17955645201
2.29197683177,4.01010587278
1.66452424086,0.0535548225607
2.07740236106,3.16367457749
2.46381411222,4.62317083067
2.10805458955,3.29237503239
2.3566001217,4.24576707831
2.15817166228,3.49635296211
