prob,t,omega,Ef
0.295492744987,1.70479649806,1.32356917215,1.71802282195
4.34672775029,1.05985677699,1.00562298973,2.66243073261
8.23673023886,1.02282010987,1.74256895871,2.79557934775
0.755548275175,2.32274345275,1.43817770568,2.94802801261
6.4437577772,1.106837611,1.78521468628,2.26534349436
1.25980632347,2.4873272383,1.32208272399,2.15568685947
3.6614215616,1.53891468901,1.96909885973,1.90807050634
2.24081622628,1.4944191275,1.56077416939,2.07634824158
2.70627522831,1.34702164781,1.47771451228,1.8942117013
2.91584085129,1.09989066753,1.41877346619,1.34035322769
3.66621966503,1.32726730958,1.99676108787,1.34830538105
3.78399145118,1.2967602233,1.41263180062,2.55502847617
0.579979136666,1.97427476192,1.78666624427,2.62125568668
1.27147546931,1.40513944398,1.04072036928,2.4630212053
1.14792958356,1.49377073516,1.51602149371,1.15691435511
3.20725862414,1.558662514,1.94398281983,1.80554050021
0.507037091186,1.8872542398,1.82870176237,1.10379550723
1.72816073097,2.45929229307,1.18834757978,2.69475999112
0.513897705815,2.17252950016,1.0890759177,1.49520013343
0.447480656589,2.66798519668,1.73720171768,1.05817292626
1.61222731122,2.4830650547,1.16185735885,2.37890235746
1.15642040145,2.93847035535,1.7840500339,1.58563790185
1.33309670861,2.99709564264,1.26892261678,1.89937830057
0.473520462934,2.43296999803,1.56815167043,1.68623305307
0.657627517871,2.94258221174,1.91966624469,1.13305197561
2.79669043627,1.53429503752,1.73292616576,2.12051063753
1.07951393025,1.77714247544,1.92789243587,1.10344308486
6.69238388421,1.02070889867,1.78260441153,2.21681858212
4.39033321348,1.1980699264,1.81566018094,1.64605912425
6.65993005973,1.1236194136,1.84021215174,2.28519798509
1.3319715016,2.5536880845,1.57087933174,2.9858795178
4.50417684976,1.02056377737,1.50274176827,1.7688710667
1.12988730351,2.80146859045,1.31107420246,1.39765595879
2.55480163519,1.06859474388,1.36302097931,1.17406863256
0.647575187442,2.35463050002,1.12439840027,1.15103225423
4.43336803289,1.32054046062,1.54730271032,2.6568494262
2.03098603166,1.34049381423,1.40061176984,1.56191196367
2.67147015002,1.69579863644,1.92046729575,2.17762711984
2.91815894336,1.71451184161,1.96720249665,2.26517853488
4.7021940275,1.13723730104,1.19102787643,2.84427404199
5.54079684678,1.01014745382,1.32777829476,2.41834906003
0.654405670441,2.28218862999,1.20655531453,1.62116748475
0.836534819326,2.34592226067,1.15315882956,1.57278576224
3.71609492516,1.05932446838,1.4822968127,1.54284168406
1.76720530307,2.54646241382,1.06111777047,2.38617953109
1.27950659621,1.63306684286,1.56267662129,1.97713051917
5.47218330187,1.45686023031,1.92859573415,2.60604986391
1.72579239063,1.17712257235,1.26168264057,1.05717654028
3.54155128086,1.32216413079,1.97703407431,1.31986289067
0.863839296177,2.29609318181,1.01276168384,1.53436188911
1.89824174595,1.08135813495,1.13082149172,1.08418541175
5.11806347957,1.01784235771,1.59022368131,1.89666891883
9.25157725938,1.01289592557,1.89240783614,2.87411658324
1.61778193392,1.4361650887,1.53674428298,1.31364077394
5.20348386026,1.05177897511,1.79011990594,1.74953507543
7.72082764594,1.0759316624,1.74258615648,2.72314737958
3.8247946427,1.16744043457,1.06355878818,2.86155097751
5.00821068918,1.41292644041,1.72883882615,2.87084594221
5.087741689,1.49810066181,1.89086225985,2.7515877553
2.2135808875,1.39108878328,1.25122056664,2.57273850544
1.01768797114,2.97435245041,1.40638057607,1.23897610608
2.72812588744,1.20256645161,1.48407704867,1.393622474
5.58088326156,1.21717807048,1.56747059802,2.68876894243
1.26660628272,1.78780701237,1.98858072539,1.15084445855
0.942832454047,1.60474792515,1.55703103243,1.31093369516
0.990687548292,1.38823419512,1.01792894899,1.85186535965
1.21817702229,2.86146114844,1.87419740434,2.3131231097
3.79513967568,1.32863980362,1.7665857966,1.77748078202
2.11181194896,1.42720713909,1.2865164719,2.63603319422
1.06466673926,2.67758256111,1.591224034,1.79086674658
1.27379806078,2.57785070157,1.1435359921,1.70512759284
3.58091500959,1.63551728678,1.95936870628,2.32034241779
1.99892184151,1.62479430167,1.68218468973,2.21811989557
2.46165471283,1.03701719889,1.20099246831,1.22465521189
1.26807697674,2.68314670756,1.21644379394,1.62570696103
2.09914983651,1.34899322651,1.6704376957,1.14226346771
0.885160438528,2.32517841232,1.33670382964,2.51824706325
3.99769018963,1.34823763752,1.63133762017,2.28197124261
1.41775319808,1.2299150216,1.01269633392,1.37013958292
3.54533607077,1.69051271429,1.96654682258,2.58897396752
4.33873944314,1.22799404093,1.98324964981,1.46137028941
2.59663754863,1.00587235691,1.4711436189,1.02582752352
7.42328927595,1.10436941799,1.84856409751,2.49529581959
3.76662862903,1.05076714179,1.49868260298,1.53077432772
1.39566276327,2.93831786424,1.93139304828,2.49633880854
5.3832481132,1.09348791888,1.57217470995,2.17649366063
0.850397729438,2.93405746111,1.99840260133,1.84634282277
1.38781006902,2.53147684245,1.08178698217,1.89215131937
4.78636427523,1.26489244763,1.48244500981,2.75944259654
5.86327566635,1.12339878035,1.76944983853,2.11487443779
2.38459613588,1.41333835457,1.43337311209,2.15546455679
5.93103294398,1.19762501437,1.99495992475,1.93038994126
3.03161245046,1.07146289841,1.58422296767,1.18619585368
3.96541628424,1.13838266891,1.47946846165,1.83266072602
1.84679752595,2.63284775885,1.03893494448,2.48246798634
3.02712113285,1.2653761465,1.40335269479,1.92024504842
3.14525178716,1.37464104703,1.9159172946,1.33718683378
7.15879704285,1.03085519242,1.79521710593,2.36829461374
4.76224238096,1.16746335838,1.90452391572,1.61775762549
0.784847600393,1.44094451296,1.09956947084,1.59481961134
5.44083418164,1.34777502249,1.99943629303,2.04367010745
5.45615176091,1.10388818627,1.58719689412,2.20735328879
2.77286238446,1.01743284546,1.30956754249,1.2370384971
1.98661299202,1.70599932309,1.81914702596,2.10519739044
2.9057703738,1.67342294179,1.91121494491,2.27191748471
4.15138582877,1.04657000161,1.56766376808,1.60220921788
3.01683784784,1.05364782647,1.44199555655,1.28088622906
2.97449036298,1.57450521962,1.71494226833,2.61362902852
5.09224967255,1.30021491982,1.73287566303,2.36438109726
1.80603076411,1.73540845148,1.82181732919,2.10459987865
3.67153896405,1.18365303283,1.80344096065,1.3692239225
1.61239400843,1.78993147782,1.78883778847,2.55515240226
1.29022054928,1.40622257725,1.37015095577,1.27295199123
1.76689369299,1.46979886675,1.26298085767,2.78532380134
1.53078019306,2.97140876999,1.29193084967,2.06198965526
3.13760230823,1.25441389294,1.86326800866,1.20249626349
4.3916307928,1.22256619544,1.70061216796,1.87679953867
3.82263383109,1.11049818868,1.62663249045,1.51227400932
2.67401996826,1.19235205708,1.19173959157,1.83579213294
1.63241790323,2.96635009519,1.96105876663,2.92465077348
1.22318743201,2.83277750667,1.36354319899,1.4910477096
1.99073847628,2.82248174247,1.50126024812,2.4774583481
2.54430877721,1.41491331679,1.40097582272,2.44602449687
5.16999893394,1.16199403565,1.49390883901,2.44552260044
0.374820471526,1.70557030853,1.50001573622,1.0245259595
1.1720568609,2.74071537548,1.16753962204,1.52135833531
7.7258422621,1.3001175651,1.98161541,2.79692692187
0.580709339883,2.64563059037,1.7089732015,1.36908834692
1.22407790489,1.6476288892,1.73963384526,1.28679067188
2.61797690461,1.41267794093,1.40747796602,2.47009806813
2.82459144924,1.26461806354,1.14740637307,2.5153559264
3.26417827277,1.37216756852,1.70224185842,1.78538294054
0.786680643216,2.97695578957,1.86917871743,1.14428743357
2.45859967496,1.17734456334,1.36184398504,1.3566871911
1.63015361377,1.1292669895,1.14811528667,1.01228294797
2.60598161907,1.09156896505,1.28201827444,1.32650557907
1.5709446337,1.65163202765,1.95268326524,1.07058986855
6.84982794236,1.00019212626,1.34182155495,2.92633803243
8.4289598312,1.08714240081,1.95710590234,2.61607187992
2.91151462525,1.15051861732,1.22505676921,1.74999253698
8.83912153291,1.24080301695,1.99239633149,2.98913075611
1.93599970559,1.38135626407,1.26300210481,2.12317043767
4.3021642513,1.09780784608,1.17567739927,2.43578878901
1.86341853683,1.64417691006,1.63046871958,2.52310857523
2.79369561743,1.14433065234,1.0321453258,2.03771110669
1.46713938737,2.71142826414,1.66522138145,2.59910818913
8.31406911913,1.02295488891,1.92487944232,2.54927033202
0.844288598285,2.70645446002,1.19088946546,1.08246404846
6.05339579855,1.16327499172,1.72851751375,2.34570638971
1.43465296049,2.90083811184,1.06744800379,2.43140270985
5.24609929373,1.01705883303,1.01904535642,2.91540106765
1.70668866156,1.91543466087,1.98910758642,2.38823421196
0.944347859211,2.83143574197,1.40122011953,1.14680950869
1.70052590924,1.48768354805,1.70442429924,1.19992652161
2.35288434541,1.554512418,1.97265978629,1.25636841115
1.79136623623,2.86468093733,1.18821377048,2.45328835972
1.22478513593,2.93877358885,1.76404470968,1.63759995374
5.24582450796,1.14185173818,1.79825881198,1.88456588854
4.86099275533,1.1034650253,1.81027230628,1.67529839297
3.2122461712,1.14397784835,1.76671142538,1.18396221698
4.60712035788,1.38874157627,1.65399420035,2.78065448911
4.04490476057,1.27372160612,1.36405762891,2.74941047881
1.29478969991,2.8889340108,1.88863157611,2.36971231487
1.81498295865,1.42451107256,1.67058688461,1.15928168229
2.0192545789,1.31288142773,1.05217606074,2.48926387245
6.05512509534,1.1954548717,1.74156027744,2.40922263419
1.85588833947,1.29817036831,1.35318728664,1.36211838431
6.77959992399,1.00340287647,1.48298146885,2.65203817361
2.19640244097,2.70687825658,1.37267206561,2.85370024955
1.90186284455,2.42525472833,1.07691294369,2.86691884774
2.60051659001,1.22941928225,1.33139453069,1.65613485695
0.89121249825,2.88691809958,1.17578998209,1.26405329359
0.756423059368,2.59215093352,1.26622881119,1.04355188606
3.5193241318,1.0801712803,1.224644117,1.84569105114
0.915728439601,2.75913392519,1.43031920338,1.1656898118
2.26020278694,1.38144882937,1.26952155827,2.45039079731
4.71136536894,1.24346741094,1.652950691,2.17374137544
1.29074426512,1.74110209161,1.9366532084,1.15537733625
4.14146345148,1.40050495368,1.57465315792,2.87906520575
5.81438092101,1.15154124502,1.96700757193,1.86608752887
6.9122555586,1.30895680867,1.84513735378,2.88942024479
1.17131929946,2.84033129424,1.39741079443,1.41912821335
1.53540863315,2.76115653605,1.00535324506,2.31782071951
5.36598707575,1.12705839594,1.88883196842,1.7852916794
1.19927367174,1.47391434598,1.37065472202,1.51300867597
3.13587907908,1.07127038387,1.21403878544,1.6339902865
5.6881822498,1.27038099895,1.89380621069,2.15982814966
0.180484844845,2.38523182558,1.76340568727,2.8907891075
4.56493285629,1.34392048288,1.65921561439,2.4941177837
1.30071464067,1.96464687188,1.91628980212,2.96272006
5.20360699758,1.1741267307,1.96772540777,1.69692049348
3.25082562419,1.50069550361,1.73881292125,2.23869974349
1.76331076266,2.62912389643,1.20229985359,2.31155182077
2.01871381621,1.90508990679,1.95908037336,2.99225312202
1.78032928087,2.93800211419,1.57095733561,2.09338949754
4.98402731663,1.34130099226,1.9428332141,1.96729603813
1.07072759249,2.58604070283,1.59268319719,2.284823904
2.76153926347,1.14351327396,1.42537803698,1.34985000196
2.0038374355,1.26525929064,1.45651816698,1.19191193897
4.44764898731,1.0129526865,1.31673156216,1.96298571513
1.48357763483,1.74278464567,1.85935774428,1.61062726576
1.81995169476,1.39002613391,1.68209110358,1.06004505707
2.65420844654,1.07108991422,1.43448632957,1.15830971089
4.89829447842,1.0711797825,1.19221864138,2.5998703351
0.938193359489,2.73854761379,1.10507736182,1.2635533335
2.84055112218,1.5665713772,1.83498679502,1.9518647213
1.91725271634,1.23090184196,1.22816468706,1.38944118831
3.57028487989,1.42459648255,1.71883125506,2.127205698
2.05116600223,1.13291651409,1.13153903381,1.3062688944
1.36294530466,2.91631445269,1.6906798553,1.74183080295
0.86435067272,2.53075423162,1.20712579342,1.23612397068
3.59994302942,1.3618470699,1.62138550298,2.14214258402
2.84406317492,1.14292190985,1.73173960331,1.07542281216
4.61655013647,1.26455594309,1.75926112364,1.97743870609
2.74962151542,1.33982794424,1.65115734416,1.50525838376
2.83545826527,1.22248483576,1.37740236945,1.68664151322
1.4677964494,2.96933211407,1.98534267121,2.77593944834
1.63259044769,1.19887891958,1.30465522194,1.00085326704
1.54842824291,2.56375475042,1.35146511028,2.37255334172
1.99164718528,1.74919203912,1.90399829251,1.97560342778
0.833644512486,1.65574170132,1.56149598446,1.43185243847
2.35568914104,1.27599028385,1.09368299704,2.3610284272
1.8701814636,1.78695443881,1.92510823049,1.98825813683
2.10862742434,1.29519776905,1.60961885138,1.11356356426
2.80440580075,1.09536629979,1.05631140486,1.76992777699
1.38423673714,2.30623399911,1.11455906615,2.72258331419
1.35212463006,1.6653244247,1.78309678054,1.36381697477
5.20782842649,1.24196966912,1.6085589605,2.50727332815
6.73266367765,1.29280832261,1.90364746521,2.60108009537
2.39684218228,1.52779550062,1.54314796286,2.56929227425
4.30271834815,1.60721235066,1.97712785862,2.5380937124
3.24094944261,1.0450191154,1.79699665695,1.08042281798
7.56178315934,1.18465129684,1.9189302821,2.57861888563
5.97123851422,1.17103064941,1.8289246419,2.15476278447
4.85270347468,1.19212248459,1.63203781754,2.11713290909
1.07590948727,1.55325863558,1.60207063755,1.112855513
6.91542566838,1.35480309621,1.90430775098,2.89495454768
0.422914742502,2.43433720661,1.5134104059,1.25437238274
0.672480399046,2.60409271612,1.72861220953,1.95803021487
1.89501845734,1.24559208656,1.01055706182,1.93970034216
7.9369249428,1.02820887929,1.57838287848,2.99002385498
3.73632111909,1.29309003147,1.51494115669,2.1981264069
0.361800857589,2.33314957312,1.56872444233,2.32327123977
4.97706544601,1.45769105726,1.8830584954,2.52179221371
3.43712966985,1.27044656301,1.8226355908,1.39540636859
2.05904587553,2.7674911401,1.58029559428,2.89415243953
2.00850604069,1.68696637659,1.8595528642,1.82332349232
8.36034495209,1.17674452243,1.87308102657,2.93170388077
2.47026534069,1.2431062109,1.51365513244,1.31720922534
6.17934069042,1.23161044634,1.9642912331,2.12033571808
2.04503381029,2.97387258094,1.24781328134,2.91751831939
5.55011701583,1.20624152377,1.78516275685,2.15454387106
4.75526596264,1.57442174221,1.98659000436,2.582988908
0.910374310024,2.82931821959,1.33030582879,1.11900759168
1.03388991135,2.34739729624,1.19541384326,2.05840172511
2.28432665939,1.52981138316,1.78717560453,1.55825717667
1.90672843577,2.80427257083,1.18199681936,2.5162809174
1.83876685256,2.49111090531,1.03199104368,2.55058091862
5.07162707451,1.08467402684,1.5695783079,2.03413074144
5.81982266547,1.10239254499,1.78745879603,2.0353075099
3.09308315037,1.20881945993,1.29683955773,1.95596538136
2.59861455193,1.65349349308,1.90197530372,1.96336103961
6.92676705576,1.023412811,1.72692399991,2.37351461894
3.02307319613,1.23799949718,1.42958684786,1.75167030218
3.3687711457,1.00787268016,1.798996938,1.09794543234
3.69429651192,1.40986644818,1.95426527102,1.58238246917
0.489325787702,1.65609505711,1.46489598392,1.13329295625
5.51888183276,1.09147151469,1.58521298078,2.20481846772
6.69396703934,1.23157632418,1.86380840205,2.49890914257
5.31685408142,1.164953844,1.95384981082,1.73911968113
2.04059405129,2.48596101699,1.09589923858,2.89669769166
2.15251514362,2.67619330538,1.33432783118,2.82695664764
5.82202095633,1.18736350992,1.74370165568,2.29019972727
2.19579142037,1.25875059754,1.3744728825,1.42119996822
3.25929944343,1.33505247639,1.27360301815,2.99628012412
0.291714980098,2.4088130827,1.59282517953,1.29490657717
6.28546674222,1.24605717094,1.72317473215,2.71688907671
3.95699421022,1.44996869022,1.74262073313,2.40712838935
1.12335639578,2.70288439261,1.06993567912,1.52168206993
1.71932708019,1.30077794304,1.06215177472,1.98597995458
1.63603887581,1.4930209113,1.59903054855,1.40611172616
6.09382104641,1.22001364613,1.86524135909,2.24401050437
1.70735636412,1.69900634356,1.63658960252,2.87350792905
0.536517565161,1.56145556235,1.10640164269,2.38982542675
5.39522734229,1.06632502924,1.71932460467,1.91713861345
0.836935187509,1.92050326578,1.88367171403,1.74025837105
4.08052282818,1.45205577529,1.79430081265,2.31331931199
3.90869870682,1.40744533378,1.70821549266,2.27889572253
0.204845831987,2.5547446827,1.81570102565,1.10779881649
6.42999477937,1.01660336987,1.65698393292,2.28568433586
3.57175703865,1.28405594242,1.49893564905,2.10188779714
2.4370336411,1.08025596656,1.44488523154,1.06782207043
1.38185098866,1.50291122594,1.62705470854,1.16189238458
3.77614209863,1.36001859469,1.4809355254,2.71968725799
2.02164991415,2.95159197044,1.36257450989,2.51393694507
0.874350514043,2.52317001819,1.03019428743,1.19154547599
1.60091406502,1.29054326216,1.44300833053,1.0241577977
3.43521155341,1.62166476384,1.83395586137,2.72779142348
1.07498249516,2.68024624534,1.42187512656,1.47848466759
7.61603696266,1.06539497587,1.71373059627,2.71410759131
5.30934676963,1.04758994995,1.36693279229,2.36360769046
3.66607155815,1.02356925191,1.04134130859,2.02499262323
6.42104226467,1.24106157844,1.86047363847,2.42950803049
0.868207612579,2.89781543315,1.97432816488,1.95794127842
2.48605903024,1.16728092417,1.0779509568,1.82796945099
2.13925855679,1.53146032841,1.53344039928,2.37101233942
0.707454725132,1.84030982794,1.61143581975,2.96945886252
2.72556007117,1.4885761887,1.63074038911,2.18519634635
1.80852553057,1.42050437831,1.4798495212,1.54371174549
5.06241336139,1.19792690855,1.47806483751,2.58054320314
1.30054827631,1.46363625873,1.1469722921,2.64665271521
1.50380952016,1.40975461698,1.27669466646,1.78776906541
1.68590172255,1.22754071564,1.34630477612,1.05064159341
2.96477684908,1.04951553736,1.51696985876,1.18803249751
1.33484286694,2.72394462938,1.63152911265,2.16959204919
1.22052003359,2.39177497551,1.03459978066,1.8736513647
4.90483433821,1.18317822307,1.41876018148,2.58373872004
1.49123695347,2.9893452679,1.60296683871,1.71777294597
1.27674042308,1.34481094507,1.11787743789,1.58863561322
1.24098148038,2.78504213526,1.71693716878,2.04268238855
1.2063959064,2.60824460807,1.63889754859,2.6800439991
5.82888717929,1.22054291928,1.74800539702,2.3788282692
5.38704792208,1.3520760851,1.90993963899,2.23298263714
1.48014134583,2.92655206139,1.79954151733,2.11449778838
2.82492883348,1.19252675216,1.7366854286,1.12472509425
6.4113095896,1.13964085426,1.4861493229,2.95141468851
4.99789409885,1.00057710046,1.16926188989,2.40847908405
4.75869413883,1.14620128659,1.87478664615,1.62303579303
4.53425592508,1.20023342095,1.8383979164,1.67230315021
5.59765736488,1.41566286665,1.92188168071,2.51382886276
4.39201995936,1.66388571161,1.9926908363,2.85746007782
3.68155185686,1.1726384641,1.13364856441,2.57317718394
1.33428818631,1.35366494633,1.28152282678,1.28667525136
4.86612282476,1.17849320114,1.95245543585,1.6100852282
6.66958358756,1.15782343732,1.59029236161,2.87958310179
3.88532362318,1.03991823832,1.6886682968,1.37871975349
4.86735432955,1.18663515091,1.94233908709,1.63343445225
2.05985475448,2.9737974834,1.65244297237,2.42711119497
1.14538678772,1.69981877991,1.56496907924,2.41935965473
7.21272407936,1.36375935292,1.93872085014,2.94534247354
0.223009495324,2.61395375695,1.85473210496,1.03973502476
6.4833781371,1.16645790281,1.80868714889,2.36597085953
1.69048749978,2.88707785992,1.05913359244,2.83712115738
5.4440356855,1.25983145936,1.8861737935,2.05646316124
6.11460542629,1.04317649808,1.94334798366,1.87213869085
8.26476251397,1.09664196293,1.841140302,2.77603099672
0.54003847013,2.21559094895,1.0749383712,1.30080215278
3.8361326053,1.42894757308,1.63990626313,2.59240293117
8.59067109388,1.15406839848,1.85990083119,2.98157671696
0.551736285528,2.77133624935,1.79276489342,1.0990408517
7.9931689528,1.00630095514,1.94023659544,2.41618320572
0.228535736367,2.29434413138,1.56366342507,1.93655160696
0.869483042002,2.99748549039,1.6204576221,1.00017186529
0.665816345708,2.35506580492,1.12558040671,1.18399349094
2.47824228902,1.64341802132,1.90261850348,1.82175433644
4.93283011531,1.04905539275,1.06291000135,2.80843418939
3.63730075318,1.52461429677,1.75799766901,2.57414971417
3.23833332309,1.72220853499,1.96308016091,2.58915787477
3.66944870929,1.18239759205,1.10327888441,2.72622816805
2.25377562265,1.49777957408,1.68731902221,1.67981229825
2.40098526711,1.69801826793,1.84237050257,2.34551370278
3.02092738309,1.29131823441,1.49149889651,1.82208364013
3.47709745839,1.00089588875,1.35964730439,1.4691450987
3.91301668,1.08694765187,1.17463633735,2.17147814088
1.54500969699,2.75511222342,1.39265474658,1.94720325847
2.24113757992,1.30985009141,1.22031070408,2.06622422664
3.72137882541,1.05215402863,1.77177817246,1.26564798049
2.57894864546,1.60209696202,1.91192674465,1.68399421468
9.27405758699,1.07737850874,1.97412844882,2.83499882937
2.07700883029,1.29927883082,1.68050580717,1.01972038725
2.28304815036,2.89605174098,1.53596253432,2.72861739024
2.24888649841,1.13932887968,1.06893107962,1.55451605561
7.51898005873,1.08334834334,1.72263226217,2.70417054943
1.24478344596,2.96568287125,1.72610501998,1.54724199029
3.13869280621,1.14766665793,1.24473336878,1.83798199661
1.52463632166,2.89532516062,1.24102627578,2.03137849414
2.1853014937,2.78108177206,1.2474150109,2.75765698993
1.41649847583,1.75015324386,1.94020590223,1.29175055982
3.49838790531,1.2596957515,1.25296771395,2.65160727757
8.49468416706,1.10458981508,1.87044321295,2.81492353843
6.15637807433,1.0230650265,1.37377462204,2.64406601883
4.83707974484,1.05956273737,1.08292126293,2.76244949332
5.67008547391,1.09853788348,1.2842912004,2.91496520227
6.60773412092,1.01444050863,1.65336995912,2.35019044321
5.73505491278,1.26732584678,1.82945624528,2.30396042319
0.0492149620685,2.2748784197,1.69871349963,1.9695514598
6.58803135884,1.32827189941,1.96408692768,2.50449620361
0.105301295291,2.08285659191,1.77657007987,1.48358814413
6.18895337072,1.16427221459,1.67452702305,2.50940768745
1.26231979086,2.91131758337,1.34164337793,1.56601100399
1.9264362492,2.87325221437,1.47318990108,2.3066950336
5.04012622974,1.09927367813,1.941381311,1.59039741141
6.14141463315,1.0253406072,1.51642466609,2.401653381
3.56367628883,1.23879663174,1.43467014622,2.05647571088
3.06526065392,1.0852513251,1.64208572868,1.16760647489
6.74985621937,1.14653746087,1.91676239284,2.23522501017
0.188627286565,2.1331059691,1.88494997184,1.74272132499
4.2949835062,1.1171643441,1.00942372696,2.99490520983
1.50207005202,1.2663387521,1.20776897429,1.23392349963
2.73459786445,1.26097832396,1.38097147573,1.76500401708
0.833575881356,2.81942081921,1.2086617389,1.0874320191
6.87125892291,1.05590097474,1.69047888226,2.466652713
4.28602373961,1.18994637801,1.74420422695,1.69038729992
3.55051827386,1.48524551094,1.66074427802,2.67835688573
4.13172339843,1.31896923224,1.52395412691,2.54228368959
4.09107873352,1.05139582613,1.62292016877,1.52886763871
2.72355264363,1.28158783649,1.6688646088,1.31434975324
1.84936523454,1.55904372921,1.79897426597,1.32925595282
4.88665690907,1.00768251367,1.56692566172,1.82148634335
1.63772878003,2.80577342136,1.6995979401,2.51204999677
4.64151837,1.10023507794,1.9403684003,1.46638768427
3.93503388523,1.17099530698,1.6396177191,1.65727590695
7.94507118793,1.00593095112,1.85675023236,2.50776737468
5.85048142756,1.20170765763,1.87266051779,2.10155681728
2.81139346335,1.56404470001,1.60943313164,2.97015889976
1.19812826363,2.93611091488,1.4300812981,1.42834391707
7.90783597477,1.10976802899,1.98979551016,2.43559518918
3.71622377669,1.38792757938,1.52113659051,2.7113731775
1.81461888127,2.84905768245,1.30738726976,2.25463200913
0.84118526559,2.28386733422,1.19092925265,2.00808125705
6.73876249587,1.01372891898,1.36899016243,2.87167792195
2.48083173309,1.5110696164,1.93938358392,1.28182376454
4.08526419383,1.65673027623,1.96900112344,2.73266166206
1.3690789067,1.71027470399,1.65806942972,2.27492545834
6.19124091476,1.0136437529,1.98829910935,1.83076892141
8.44109056544,1.01811165826,1.72187364474,2.89085962178
3.72495013418,1.08600531116,1.89828233731,1.19777035172
1.70896641628,2.54832524327,1.37961032218,2.7798485751
0.511748175576,2.1958017688,1.13927851122,1.51910425103
6.1369623159,1.16220580921,1.93064593969,2.03675579712
5.38375637641,1.36657359408,1.89628318667,2.31238414446
1.64895821316,2.76260134319,1.61001545867,2.41720133699
2.22670915424,1.36331025148,1.65711440038,1.26821256636
6.73454838715,1.02662683083,1.52433535267,2.62331699572
2.87609501034,1.37761622148,1.66008168837,1.68099356225
0.8089784767,2.33778270909,1.12874786512,1.50137380828
2.50636391331,1.06395132481,1.30084897154,1.20155309005
3.88100677782,1.68575445777,1.93427631935,2.99035204131
4.36902724615,1.23161056799,1.40334977122,2.5732063931
1.59305670253,1.60999741188,1.6001513012,2.03326022104
5.23439410177,1.29273449909,1.73639792309,2.39286153204
0.326540603467,1.85469826508,1.58990005,1.71728568238
5.61351095034,1.45511203565,1.87946195481,2.84474491271
1.43429316555,1.49254890688,1.66260664527,1.09989712613
6.03736970773,1.44119901686,1.9860550117,2.60833817508
0.137305204782,1.74197899133,1.32244716716,1.16712883819
0.752307475164,2.53586077392,1.59409212517,1.89753059457
4.86367155257,1.38752157048,1.71556338425,2.69534357361
0.873038247757,2.68412082028,1.72987334711,1.92208065033
4.29120663613,1.17321545999,1.1804446944,2.84836282807
2.01010871831,2.91783397533,1.32073146858,2.53710339425
2.18931547923,1.51725619305,1.80825023847,1.40004126262
2.81642306527,1.42151923227,1.99211350566,1.17381709292
4.1311931393,1.15913463645,1.70615169283,1.62237781077
3.10699969599,1.14766504894,1.37105619109,1.60824346963
1.62208878516,2.48431868821,1.25285931543,2.5770552813
0.937311758057,1.84845667882,1.70675297623,2.69061176369
7.02061901635,1.07997194576,1.85058014175,2.31687542078
1.19508303484,2.91127443358,1.20753266807,1.67439084707
3.21157078581,1.39804335497,1.84436770717,1.54041604583
1.7889068361,2.71530252106,1.36118476387,2.2983489891
4.36153517989,1.61404346828,1.99879503053,2.51613788024
7.3808316161,1.07434512015,1.85384166143,2.42186616879
3.93463256517,1.19412589599,1.35701339857,2.25602108931
3.13256404821,1.71320203739,1.92256113767,2.66954521804
1.1528244163,1.62179034427,1.37535105205,2.94512526672
3.47748384719,1.15436207751,1.57647863635,1.51215079067
1.47316756297,2.47734315184,1.09393494473,2.10768208388
2.4680111245,1.26554608985,1.64934366074,1.18409007476
6.94474977353,1.29701136458,1.82933820928,2.90194894104
4.30946929146,1.28276269529,1.81872570129,1.78503592767
2.31491122433,1.16606448534,1.5825422745,1.01766570041
1.06030002953,2.6952879237,1.11192083887,1.39817093378
6.29149157857,1.01561062686,1.87886162502,1.97099055995
4.26703743177,1.05870297582,1.78915060272,1.44226504663
5.12353550294,1.37172155307,1.85893427791,2.31382732559
6.99697886816,1.34430609605,1.9793978514,2.67070089504
2.14631310008,2.98172458221,1.84013767833,2.96221812966
3.79042257426,1.01667031488,1.11879165363,1.94507959376
5.00452478576,1.0200686096,1.85415228874,1.59225318353
2.48940491519,1.4039122937,1.48500271447,2.00744263959
3.38335298813,1.31000718668,1.35335358114,2.5626671372
1.62443849113,1.57011724028,1.58185480799,1.86250219266
2.87820243313,1.30399551276,1.77428879546,1.28604455078
9.25509148265,1.05415532964,1.9707676536,2.80427447197
0.335194555993,2.09805987908,1.00794205186,1.11531748547
0.760240263525,2.36149895145,1.11152015074,1.3127747871
0.492649321198,2.00378670343,1.82480283397,2.2324915626
2.04083562755,1.571413668,1.5306529765,2.64520449667
4.53175566638,1.04267783701,1.81574875975,1.49187445319
3.66746566821,1.24049696217,1.34758468982,2.35045344565
0.328995182954,1.5313714861,1.02699769082,1.56150131355
3.53254864243,1.33729231935,1.71280549672,1.7863629357
2.95955548205,1.43396464748,1.79454474687,1.61737221283
3.72035207068,1.20397506217,1.10363717352,2.93247219329
0.71429413483,2.85758203048,1.0361447661,1.18465288082
1.31321664245,1.83188599503,1.83011609765,2.18859874634
1.59701939982,2.94173408537,1.57087284535,1.87401690911
2.48469178732,1.13784175498,1.52364555834,1.10468700158
5.12638067368,1.1249598377,1.84422668348,1.75598774068
2.09956730469,1.4964438547,1.42679029756,2.56561664912
4.34055145688,1.05173106282,1.38043866567,1.92350445591
3.08746367422,1.24117022888,1.70800225133,1.34486909086
5.16544107552,1.36146507497,1.93716778073,2.10629243322
5.95879818139,1.23910313328,1.64155037625,2.76194604274
3.82781570713,1.05783133986,1.13502721017,2.08268462918
1.98795306456,2.87938421922,1.56421712604,2.42728816687
8.35400365438,1.122788882,1.93490489209,2.6866161621
7.44444409747,1.12927826984,1.97470388211,2.34204121507
1.55219902744,1.26560048393,1.26470849917,1.176975529
3.06757774242,1.27261875578,1.37884225607,2.04067876852
1.71355777139,1.42860256919,1.2281796442,2.42921897258
2.02220489822,2.86041807099,1.24214396098,2.62969267066
1.23639577581,2.82131603395,1.82678628286,2.33173945145
3.85411155151,1.05237493888,1.61897075298,1.4453695995
5.09572652873,1.26536328884,1.59103875054,2.60163878057
0.915691211553,2.45032116916,1.34353577754,1.76309958713
6.96749788685,1.2803370602,1.90457818801,2.64986492993
6.22282124008,1.2249744347,1.79238361812,2.45421606066
2.92801432792,1.14641952905,1.1553030924,1.87584159255
5.11591680293,1.05126366976,1.94881436383,1.56726389305
2.84874368828,1.62627730681,1.8533215318,2.20469343002
4.56402216836,1.43973586953,1.9657130557,2.0170068408
3.16736897578,1.15085229992,1.67278263357,1.26565131364
0.982703448707,1.50792883841,1.50141385843,1.07099970364
8.14602851771,1.01142004563,1.64794809567,2.90023436274
1.56263860648,1.56244093508,1.38638150717,2.80358550361
0.869952605228,2.84545420656,1.95336778042,2.18102101777
3.18716949286,1.52382594917,1.80738840174,2.07233225421
2.03573017439,1.19793100183,1.23929431983,1.34070115629
4.5987772984,1.39465233511,1.883587349,2.09188757197
1.83830527998,2.63994099606,1.49287634021,2.89428202612
4.13679346381,1.43908444792,1.87751103753,2.04238855469
1.57406150744,2.75774466859,1.18879151975,2.03038880628
0.637673632484,1.47570093359,1.07097819153,1.7210439824
4.32526631922,1.29718623787,1.87633506902,1.72517576871
7.48448296752,1.03882752763,1.72531798186,2.59449870438
7.76535316816,1.01292028341,1.87748566693,2.43163042071
3.83498118824,1.56635237305,1.8476621814,2.57607299253
2.11513222933,2.95790192455,1.38250060882,2.60022959569
2.19743121793,1.68405739479,1.93751326933,1.67435350537
4.16232643601,1.10896608622,1.10491367692,2.58099696957
1.45828410281,2.37808724427,1.09983381547,2.410389485
3.00346108488,1.0736273059,1.45598763432,1.29375747547
0.808338785321,2.75566105439,1.70508621109,1.39066562477
1.65561606862,1.18058619005,1.17448525478,1.12632702952
5.65021148468,1.2968947903,1.8438713258,2.32641480991
3.3381934027,1.46939901452,1.56776459989,2.82979161197
6.841675704,1.11093151918,1.52532669541,2.92942648538
3.56853396955,1.0841863172,1.91598399002,1.13375619335
2.92595097369,1.7116411819,1.98316860285,2.17974010996
1.2105449236,2.93441810262,1.35568048538,1.50132745046
1.73191809764,2.70558510406,1.14551061543,2.25441047558
4.25078924591,1.34692816989,1.80118892157,1.97199808955
4.21659477864,1.03816693994,1.57654946437,1.60489996582
6.37473474233,1.39028099485,1.8620977571,2.95426331359
2.7116369469,1.46283718069,1.69442726134,1.82869823877
2.24035987546,1.52203492184,1.44351746067,2.9179979164
3.0684214784,1.4375695891,1.67552471744,2.00565446363
3.25871468584,1.26626297229,1.14249593658,2.93802441524
0.532361359133,2.28227285915,1.15835463287,1.20194810977
5.33589107546,1.24315246166,1.88914592521,1.97334927145
3.82651124667,1.0823754913,1.60577464135,1.49133926517
3.51478744321,1.45112187739,1.98918130872,1.53553368303
2.46737831861,1.5952091272,1.78709310182,1.99671347821
1.56838284941,1.18666727165,1.00081608763,1.34019220414
1.81705453207,2.8302790064,1.48394603533,2.23365150307
0.859102855482,2.79479832617,1.98534451108,2.98726357906
2.49694670763,1.34940208811,1.19858978657,2.73372225203
0.845882027245,1.62928849958,1.57164463486,1.25543823768
0.987336140333,2.69612438796,1.70255772761,1.9648908879
5.95221697483,1.15903928827,1.88478097936,2.03710685945
5.68835572351,1.04274539165,1.81772658845,1.87053137436
0.698430923059,2.73300563389,1.58476007148,1.04390536682
1.76762316653,1.41720682775,1.53064828452,1.37462722386
2.57452663639,1.22371318275,1.44122584641,1.43077384156
1.19221201963,2.65858688653,1.54138307803,1.93385728779
1.27015109856,2.76554087375,1.02283604468,1.88797331401
0.830712639413,1.44421366299,1.16656862064,1.45557474944
4.73774274298,1.33156062323,1.93611308374,1.85977916507
3.32993072631,1.18536695489,1.05543578886,2.6446764557
5.40451564053,1.19388594904,1.44890175503,2.81641315316
1.5345056435,2.87008134621,1.15179763538,2.19970008395
1.14696184307,1.48935367478,1.50060185602,1.17383810031
7.34691764883,1.09229393514,1.75222048283,2.60968058729
1.71034658168,2.45947035649,1.18958758844,2.66912720001
1.66479946415,1.4628751747,1.26133331942,2.55239009715
7.36564101748,1.240539058,1.99941834876,2.47603952833
2.42710195895,1.53915698819,1.76201689434,1.77013044901
1.32840040227,1.74556124551,1.8598668075,1.45395678371
3.61176160091,1.38158168605,1.54428843577,2.50498391064
3.91759898566,1.16224880575,1.09824482647,2.7770666802
4.2334280061,1.09552471042,1.8777100114,1.38754941413
5.93233185207,1.09301749549,1.53184695927,2.47118503889
1.26614328078,2.58114049351,1.36701978568,1.91481543283
0.464311711796,2.53044820077,1.57215303842,1.12696685498
2.68057769299,1.51448194684,1.57315700481,2.58582532219
1.95359603413,1.69583771411,1.93575554619,1.54171324751
4.33185465296,1.43547072074,1.7451168654,2.54465905739
7.54238930908,1.112738384,1.9908708156,2.32534109952
1.03865118217,2.60111151225,1.17978440649,1.37920225656
4.2270290971,1.15495125159,1.34407794848,2.27522777156
6.57418059163,1.20587740509,1.91902491762,2.28458042342
3.37267590788,1.09683017548,1.253899001,1.77563840076
6.58228725896,1.02072796361,1.81998639488,2.13492379978
2.007347808,1.53599128871,1.59786317147,1.97723931368
4.49482661739,1.19116017106,1.23718850362,2.92034238916
4.00931198652,1.14259678621,1.90731001889,1.33250846709
3.9236661765,1.07360695948,1.65541623881,1.46426590664
0.320656721795,2.07623458387,1.9613696487,1.11516059727
7.85351797283,1.06940018755,1.90078591859,2.49684563836
5.33283118939,1.42304016411,1.77158796118,2.94293404333
6.60172141133,1.2296344796,1.66394413368,2.95064654927
0.0419463040562,1.86985807253,1.09552463506,2.75393495099
1.38036301652,2.55853201676,1.31396645109,2.05768853504
3.00553332138,1.2350692883,1.24707896929,2.15009883382
5.50824173211,1.01762755854,1.17418849903,2.71363024748
1.99550010326,2.60832983114,1.36399645833,2.88626808803
1.88253419474,1.3810997767,1.07870046398,2.96606463786
0.854165634598,2.80641103024,1.62940541363,1.19366572103
0.739733710737,2.901424166,1.77530205814,1.06571239375
0.632328123016,1.56001265177,1.33461554813,1.29395052327
3.47326260602,1.00408062856,1.84742609563,1.10081896406
2.96238816406,1.11917897643,1.07801741374,1.93176492384
0.832248492556,2.75619950596,1.77755648887,1.6673747348
3.47431986676,1.27682253284,1.31603575782,2.53463534802
1.63481128673,2.85036621787,1.80941665467,2.76578846982
1.12414476989,1.42120067432,1.2243718543,1.55621677719
1.9597759409,1.12095357742,1.17655867219,1.16188428026
0.830638781901,2.89284932446,1.25699948333,1.08854545783
2.06015662538,2.88283039368,1.32190243507,2.56199293648
0.896801471495,2.45864319221,1.03180949586,1.27524969956
5.06027230424,1.19749141401,1.79848444251,1.92328319106
3.68685191381,1.10950616841,1.98479477534,1.13892749429
1.36354430962,2.69696208516,1.34701457242,1.76852131029
1.19787670759,2.42899242662,1.08720180111,1.80862168292
5.45297013851,1.2357654085,1.53133389724,2.81477456253
1.91773130501,1.66613986635,1.86457897769,1.61986246623
2.3157135752,1.47797158721,1.71598478185,1.56558975255
5.46893255462,1.23358726925,1.83955586074,2.08990137162
5.67856372586,1.31375885684,1.9044726933,2.24978875316
1.07768303289,1.48513078852,1.52544245528,1.03652871754
3.17984712116,1.60582550825,1.8192322742,2.48902553984
7.56529885208,1.10341682361,1.97835149194,2.33845457316
7.8547358463,1.05115558331,1.76207546539,2.68553675011
7.15236391774,1.17297452717,1.76999422295,2.70924431535
0.984644298652,2.8849625777,1.54900985122,1.18996807025
1.05739163403,2.87941872602,1.24191968639,1.39163532786
6.04302433582,1.04726713854,1.78467006412,2.03245592324
1.89803553235,2.68033512064,1.04923367651,2.57795462298
2.68407215305,1.525076059,1.71312165139,2.05682540221
2.99356183117,1.46567345041,1.57845631556,2.46369023537
4.46244472294,1.27204793539,1.57567103059,2.34570211982
0.511547996052,1.78439770999,1.47500828274,2.75197056383
5.12516335606,1.32224456141,1.85402924746,2.16237354045
1.56083638606,2.38416328296,1.05503687198,2.45788777861
3.09599431394,1.09492240228,1.36745861407,1.47383924618
2.24979553337,1.36130009731,1.28754119425,2.20317405372
4.23490852868,1.15526487163,1.78359779729,1.55827042279
5.08334736221,1.08781919362,1.30425091107,2.52316248619
0.940866336474,2.72062024598,1.83133630585,2.45601499048
5.05157598217,1.25573162299,1.98694339796,1.73991068936
0.540433412306,2.24402829634,1.20920716264,1.55441568842
1.26305766196,2.50108030645,1.29678339306,2.03966540043
8.0566166292,1.07958294207,1.68854977759,2.95552966141
3.20130633898,1.287737522,1.80987618334,1.34684234786
0.840956335576,1.86903124174,1.77752512183,2.0323566934
1.80488270598,1.2888359285,1.13111322319,1.78350574464
1.48816043213,1.51130679557,1.36781842521,2.20823338919
5.98312066601,1.0984582286,1.93180164617,1.89839868967
1.84166327627,1.65825027307,1.69197454312,2.25366689019
3.13201445198,1.01868113753,1.00694109462,1.76318608656
1.46596095706,1.69221259321,1.73465083462,1.82844826426
1.25973715986,2.40482646959,1.28371849888,2.47725608676
1.24488099819,2.89790475806,1.57827074558,1.50685818375
1.22501200254,1.49741137987,1.44183517149,1.45501809339
0.784818851784,2.89777943223,1.98721334415,1.84503716666
6.92082683688,1.2911839824,1.89464757546,2.69159892435
3.4921746607,1.36370968597,1.82803548337,1.61385219021
0.538022953626,2.45460643269,1.4495645218,1.25551937164
2.05119900188,1.3512281281,1.59339996618,1.23781882917
1.09761541753,2.44646261219,1.38654283207,2.3046073851
1.05605580018,2.99077555103,1.7424871293,1.29360657129
1.70565448384,1.6254025162,1.89873009205,1.20688936517
0.509741571483,1.76543766596,1.67083801803,1.05926318641
2.97018583122,1.28444705373,1.14271678032,2.84028232919
4.70378346419,1.1925245757,1.81152340648,1.75912265597
3.91389923294,1.06553264693,1.53649652901,1.57408812323
4.22203067642,1.46321144098,1.76085735665,2.5736330609
2.95487676306,1.52379302948,1.90590164318,1.64436402311
2.61516921513,1.24400156379,1.79424124619,1.05413763246
4.76104138821,1.00101834328,1.96233791139,1.42081231336
2.74936162436,1.05465289059,1.33724442892,1.26376626707
6.94396310339,1.16730687843,1.69284941099,2.78323354935
3.28709870543,1.48776021724,1.90793993942,1.70084356538
4.99069704325,1.38863336145,1.70747966169,2.80165611678
0.0738732838663,2.39202682625,1.78285763357,1.32733771582
0.783971767067,2.3770939756,1.09326431888,1.29012684602
1.64045937432,1.44478290741,1.59276359764,1.24350549005
4.95118774235,1.0764019877,1.71532154882,1.77883570458
5.03537465046,1.53079209398,1.8808356961,2.95518513126
2.13279376086,1.47483576357,1.39409465732,2.57019661545
2.8417438146,1.59824962431,1.94098900663,1.74853908403
3.45209751722,1.27138460342,1.23085394185,2.78656385643
0.409924580991,2.51308509495,1.67360858039,1.46303950237
0.310736103831,2.2529034222,1.29855890779,1.09246770177
4.94865958404,1.12497163046,1.3331212642,2.54957188187
0.47880194245,2.72199390968,1.94526897135,1.95883337563
5.1593189333,1.10644986545,1.38718442048,2.45890265037
1.79339849338,2.46230673012,1.07527810224,2.58458226712
3.37439475635,1.05859170442,1.51536071929,1.36713248908
1.33137467114,2.81376686896,1.52183756819,1.68669316884
1.8220503967,2.56603937193,1.3897722945,2.90082933474
5.93859012257,1.0224860402,1.3700796452,2.55530967992
2.20547248734,2.7217257762,1.15854045052,2.86280836728
5.70722138857,1.28599722812,1.81384190513,2.38591709794
3.94509341955,1.01170432672,1.58182414366,1.46206388296
4.70746323925,1.20870133048,1.95147700382,1.59861417463
5.03224864102,1.2568294712,1.45128541472,2.95828957541
2.32183451219,1.26644178027,1.337274631,1.60417568183
1.89845906834,2.61109995409,1.08096737463,2.51500436164
3.02668710532,1.34149184094,1.43960733974,2.20522155185
5.08790305006,1.38279367385,1.71574379976,2.79261013751
6.16799868673,1.03988134877,1.62190399375,2.28308621025
1.94115955436,1.44883712578,1.29795320465,2.58292086889
1.89529489899,2.85077233417,1.20220822315,2.53317527349
2.21438446899,2.75253099048,1.50134853152,2.95760365394
7.17524893704,1.09795677337,1.89746544582,2.32595119276
3.4517256298,1.3679879778,1.73172485981,1.80433800738
3.16274928895,1.08895264448,1.4025172442,1.45013322331
2.5460160662,1.00126218162,1.1329485556,1.26121175609
7.30655505564,1.12547691885,1.88829949172,2.42895400938
1.08718998377,1.48324991104,1.43820026889,1.23427391059
2.91502996417,1.69177004834,1.92945213717,2.30567915641
2.34531883942,2.96897862052,1.36554915507,2.9353617885
2.11220333177,2.98042026575,1.41708378783,2.55912341732
0.774822108238,2.38728006107,1.48249976871,2.56318357071
2.77853475771,1.13525535015,1.04989785025,1.94107974123
2.57288474414,1.06149039003,1.13303789267,1.4117927873
1.74985624973,2.78226325801,1.6724856774,2.69560399997
0.751018381372,1.43661359734,1.08461620548,1.54809318736
0.548494745053,1.55828783045,1.08125919982,2.63449954214
0.262813789134,2.26319375172,1.47069571567,1.69746663464
4.8914156173,1.0097413107,1.90387711224,1.50849905414
2.3688316322,1.58746275775,1.8216464213,1.75774157209
5.78076337809,1.01666475224,1.3433088911,2.51621021476
1.03952506772,2.74736942659,1.35092307474,1.30466398911
2.81710028291,1.55511780355,1.64097333781,2.70516776009
0.621156875922,2.74263091044,1.83165288494,1.50207442111
1.03935884371,2.23036221161,1.1638040758,2.84128759933
5.77492717937,1.085046683,1.77635868912,2.00650546889
0.772551433373,1.51676104069,1.3291286837,1.29164809089
0.977326425278,1.31680687176,1.08049420975,1.16388717805
0.95154590647,2.73223130847,1.16167567038,1.23610564876
3.45140829988,1.41288095624,1.61396813734,2.33246445329
5.12085798724,1.05791574667,1.31465031186,2.40656989303
0.679146521901,2.15511340071,1.20061579926,2.9229812937
7.11725870363,1.26499871287,1.94299328171,2.56996652615
2.81674503563,1.18661033365,1.14356640161,2.0168763101
1.67120407151,1.65493870894,1.87833839365,1.32945866335
1.80904373221,1.40477313164,1.56032137327,1.29914460429
8.11163234124,1.06914143428,1.98772603638,2.45062873809
4.70785015463,1.30829902961,1.75688094924,2.1574003043
0.816035612488,2.25465700895,1.15131928146,1.98994776573
4.39885773347,1.01115872928,1.80986197464,1.42758478322
4.36049395972,1.16846100907,1.35041491716,2.39280629868
0.509770427853,2.8048112113,1.8832031442,1.17125799235
1.18154660415,2.95506247906,1.39073905607,1.44307497012
2.18069240872,1.63895762267,1.79267750303,1.98176215614
4.70493090101,1.01071481891,1.75459263277,1.57418119688
4.43148634459,1.20616643515,1.55351232863,2.12604110846
4.02198438181,1.02970090147,1.78588496169,1.33685032943
2.14508682378,1.79168509298,1.97686409853,2.02950890651
3.35528521532,1.12405097927,1.08796715618,2.19036490418
6.09974177171,1.02808398914,1.50711384001,2.40653503538
1.47841673459,2.77548229452,1.01682026975,2.23923624605
7.12611932797,1.06745275647,1.49930255898,2.95022232622
3.48971969704,1.23950331691,1.44375499772,1.99618137467
0.954023679432,2.69989674941,1.3720468065,1.24687526222
3.83022079954,1.22179599589,1.90841758278,1.36307338683
5.02146640833,1.46630475393,1.94861342121,2.36689983069
1.27068531517,2.94178220936,1.81550115852,1.80999850469
1.2876251055,2.58533405579,1.30111804363,1.82979211936
0.972689808048,1.9120962723,1.92753595228,1.65385526195
0.948640635013,1.83386373926,1.66729575183,2.94492691673
0.777127835943,2.91832619284,1.11504306108,1.25153568152
1.94548026962,1.64326639362,1.92822054777,1.36081385077
0.644751669017,2.82803460998,1.88656636544,1.39079041342
3.46152778257,1.48480325949,1.86609458218,1.89065441575
0.233528384629,2.17179857309,1.99980567843,1.25775612833
3.38661719672,1.19453216666,1.50868251847,1.66517466849
4.19557614674,1.03957941885,1.37046345329,1.84363061208
8.19157921037,1.05966620066,1.95279661634,2.5136196897
6.03433426678,1.29649121164,1.90187227848,2.34575145072
1.00567728372,2.61757674382,1.23314880489,1.33710425338
5.22718266797,1.08416559677,1.92699622961,1.64955245238
1.90482483571,2.79033054023,1.48710861272,2.42181794364
3.50289033381,1.12870087628,1.05460345993,2.39524003218
5.10109159441,1.31551380673,1.73590323078,2.41990461574
2.09223905628,1.53069192715,1.77536156279,1.45934865062
5.01338831898,1.24487224744,1.95871014854,1.75000460945
1.77750550955,2.98099679028,1.44047199438,2.12400204215
1.7335908297,1.60267010427,1.94102219484,1.0771460307
4.46647073234,1.15639628567,1.58508116924,1.93328383109
2.27854210571,2.68833959861,1.30452422373,2.93633629864
1.21854853949,2.8290334655,1.11938048215,1.73718517672
2.94630245792,1.60593131866,1.78431061578,2.47131097135
1.3500962724,2.78967176621,1.38593845943,1.66585937112
2.10085404357,2.92899537865,1.48262420486,2.47137905597
0.722837719736,2.60750843489,1.38932217419,1.07120559248
0.821472520872,2.43512061017,1.1533705387,1.29221590075
1.73296303318,2.74130487771,1.60159538711,2.60830485707
4.04071822056,1.40429469512,1.61482589718,2.6714226877
4.85384794644,1.27013243456,1.46745737467,2.87967851308
7.74296083622,1.17406574031,1.81856678273,2.82516847434
1.77872778999,1.22872045263,1.09780493135,1.51956453941
2.05753566904,1.34996343241,1.52493770786,1.35790206421
4.23439031206,1.42758543058,1.99206994643,1.78027611367
2.9283438945,1.28659970954,1.63742514461,1.47529570201
5.54237278938,1.38391288699,1.93459536079,2.33838830973
1.70753075351,2.89204816367,1.781010183,2.52293532401
5.74282899463,1.12401045586,1.81416005802,2.00746485953
3.96554444368,1.27263047034,1.83879936415,1.58968069185
4.24910167756,1.15231904984,1.16667613353,2.72617170748
5.62333864194,1.39484092624,1.90446323969,2.49633464587
2.97961599244,1.38002492885,1.93809170614,1.24531616932
1.33595953572,2.6777352724,1.51854441678,2.02717680373
0.728618728905,2.94040556833,1.8843367532,1.17114435431
9.14002550755,1.01322613884,1.87336570189,2.86878285055
1.57510487634,1.51146017042,1.55555563238,1.55757454366
1.61106099562,2.70886651078,1.33171704265,2.06161352729
7.38115100824,1.0113349106,1.65737854959,2.61311604192
5.38737868151,1.02780519736,1.87287158635,1.70287327259
5.55064237873,1.38051477476,1.84179055745,2.59381434078
6.51848756488,1.05876468405,1.5203475422,2.63216267906
0.329229390845,2.65671828707,1.83935096381,1.15013997402
1.56962681081,2.98144428011,1.73000215686,1.92328921147
1.8351735566,2.91583787228,1.36340940343,2.25041000891
3.93408913969,1.00105403479,1.72972066117,1.32718149505
7.4313373562,1.01368610695,1.69700226172,2.57461820411
3.99936188585,1.00714443945,1.1810908818,1.92936187516
2.40795632096,1.27032158875,1.01767770348,2.66734670518
1.43062744878,2.83162171457,1.22564464923,1.85501834782
3.54593011175,1.5163950449,1.69543768662,2.73891151548
6.38136973771,1.13491715754,1.96771404544,2.02419429228
6.049992367,1.18057490948,1.67156613452,2.5097717431
1.00833396469,2.77996633313,1.06076391786,1.45887542583
5.09011670881,1.13094705386,1.87203027812,1.71831774513
2.39264059627,1.42118443535,1.49335447094,2.00051651526
5.24407081218,1.24218298724,1.93082230562,1.8691872412
5.23927061684,1.05699047948,1.25801572759,2.57135297303
6.40318795774,1.22324463452,1.91204868236,2.2751534571
6.29546327909,1.0775381754,1.5272801178,2.58361426143
1.50791893649,1.37139570298,1.13951016487,2.00868312943
3.84545576357,1.02605002322,1.37244213074,1.65909283893
1.01757318888,2.74200743908,1.49263480548,1.36754388778
0.892141383453,2.69302061176,1.32210510806,1.15126940485
2.25823952224,1.12448974563,1.04910335703,1.53726285089
0.749823157691,2.78463019823,1.66561984585,1.13844768438
2.85384166536,1.02607212304,1.37583672263,1.22837590876
2.15146066172,1.23758234908,1.19944001148,1.64693706207
1.44585980284,2.66231659585,1.26419596811,1.87803925187
4.45953891839,1.00116721097,1.58493363891,1.63560748784
4.64952559877,1.16314256119,1.81175673539,1.68723238282
1.23646262894,1.77029691648,1.92705566473,1.23899190502
3.2089637143,1.30234722099,1.67614512032,1.59156111593
1.29613774097,1.44672116137,1.08002855902,2.86169693338
6.89655179199,1.14127573453,1.92921878345,2.25528137603
0.273568587535,1.8093265615,1.55147940102,1.22104364996
3.80012697815,1.24076594204,1.6080518276,1.82687087022
3.89411143835,1.23755617992,1.92746930858,1.38550100301
3.12322092206,1.03287461811,1.36483084931,1.36629905692
1.82817627964,1.61101684487,1.7081206597,1.82640986756
3.97438241131,1.25540617617,1.88943229304,1.4894458838
4.17302327542,1.00557594745,1.65171005537,1.47619732336
2.47000421517,1.12187145912,1.20173994208,1.43153529224
0.838299044175,1.52693575794,1.35475712166,1.37842785559
9.89733638232,1.07813686671,1.99690477041,2.98665460897
1.9936077155,1.30935201908,1.2967617304,1.63519306022
2.15437908277,1.22885721021,1.60856689192,1.01538602895
3.99753305845,1.18003938148,1.26617825951,2.45256500215
6.59770578676,1.15990489032,1.71070109777,2.58378053074
1.94587623695,1.40475759195,1.19519733445,2.66868089512
1.94705903249,2.88120612156,1.29876336701,2.45494861303
5.37972231175,1.29899515886,1.86206215162,2.18130665282
3.97192320442,1.22450234937,1.64750270891,1.7899280638
2.05157739757,2.92375060972,1.19481025778,2.96073247354
1.23237993654,1.64644650532,1.4704002326,2.65989354541
9.98900025491,1.02573199271,1.97015014228,2.99359042849
6.57935121132,1.26751101101,1.97026459412,2.32552658849
4.00664953058,1.05124754689,1.66722251531,1.45443734891
2.85001084836,1.125168341,1.43743707999,1.33905743736
2.62490112638,1.33521366924,1.59458951394,1.52832374066
1.49519890536,2.85168255202,1.29877707508,1.86689721866
1.50378851503,1.64963835891,1.96066375714,1.00474262283
1.15735303181,2.97665583227,1.19875032675,1.7810480914
3.14697939893,1.3447480597,1.41129340614,2.4103122453
5.84631271823,1.10023376145,1.52580087925,2.46851613765
1.0394591798,2.95349836775,1.53649667922,1.21003385504
3.08429200134,1.54000163062,1.82105947308,2.03634969608
1.94950347993,2.86540954084,1.60519557046,2.46889554714
2.68904097629,1.18532068329,1.70169944683,1.09350294313
2.14857474224,1.67778780819,1.88541255584,1.79472001215
1.02897708912,2.81341097846,1.06309503715,1.54095903916
0.527690832309,1.61910473458,1.19093416528,2.68404074354
2.93146684838,1.18823428537,1.12169500329,2.16378767068
4.74593089305,1.1297963162,1.25765135361,2.64741605745
6.79998725976,1.23182398611,1.95439699056,2.35272120056
0.210424357209,1.73543931708,1.39190505338,1.13717688674
0.840907323051,2.66862157733,1.82766071427,2.66097339218
1.6741787008,1.17643082187,1.24078948638,1.04742886754
2.09712804747,1.68092507915,1.73950367324,2.47795788228
5.65454625797,1.11519236106,1.63155582747,2.24034602861
1.51014325416,2.65417641761,1.59352148439,2.69002563866
3.15902231528,1.24865965889,1.79519177063,1.2797925613
3.58347606107,1.2022505765,1.68435467137,1.51216390642
7.72252306856,1.02505389607,1.97066877534,2.31315979901
0.930130670001,2.99961605037,1.60030492054,1.06652283943
1.50211037252,2.79206730894,1.02161790972,2.3091339464
4.80348736983,1.07070305156,1.20925143735,2.51063554971
2.92230522355,1.50256000332,1.94608704869,1.47235012473
7.86812600116,1.10112048932,1.84332808034,2.64766396881
7.6395345963,1.1065657226,1.66748199937,2.91953509907
1.75134813847,2.88084954301,1.07726500282,2.8239057029
0.560921432865,2.35139768343,1.43448211968,1.8797507979
6.34025984014,1.16635407565,1.56358332115,2.83541652239
1.44002992287,1.2360767745,1.05429771865,1.3379918238
7.86839571141,1.13542712498,1.80342405932,2.7995349823
5.42290285675,1.22491061979,1.94377144823,1.88039566983
4.47252361276,1.18515493476,1.53615968909,2.10968710733
0.777593070237,2.54313557975,1.18942217704,1.08639019507
1.87960408755,1.14763851265,1.1800192862,1.17644897835
2.81704227276,1.28546564521,1.57487565175,1.5201397379
2.37177470836,1.6640565317,1.70107982027,2.89935314478
2.42898116258,1.55688765688,1.82661876811,1.65413294562
4.03465136123,1.0587042834,1.35401717204,1.84130006499
2.03549009775,2.66187145982,1.01073011518,2.80917028876
4.20456049915,1.22492013054,1.26366781421,2.87226606606
2.53307708745,1.10136182916,1.19502326825,1.41852112768
5.64454770672,1.1048127965,1.50647481289,2.43393111077
1.61549089384,1.41000402447,1.40533548535,1.51680988015
0.579110161653,1.65419498195,1.55509174025,1.00594419516
2.03638666235,2.47367557082,1.13722577131,2.99385110036
0.460662504801,2.27889629089,1.14932670357,1.03432693542
2.0415796383,2.92745931901,1.62391783436,2.46362567647
3.29973596623,1.44541816358,1.69943925801,2.11892882729
2.15695746113,1.3261735002,1.26805416666,1.94465794482
1.79255773464,1.69177834395,1.83812073451,1.73392908456
1.25940590326,1.1885207929,1.04828984078,1.01846709638
5.61899535936,1.13766475868,1.34889035507,2.9175017027
0.405238637388,1.54567372734,1.09530975742,1.65867166157
3.79093496076,1.21940194683,1.39666525605,2.19291701156
6.02375173035,1.21623162101,1.75617660089,2.42722278239
5.98023544801,1.146240147,1.45886177884,2.84865207547
4.68214282247,1.02584323346,1.01678416181,2.65045137442
1.19685508694,2.9619758399,1.24537997289,1.68973753294
1.65677835221,2.84031510899,1.60942454342,2.16685824223
0.839749638549,2.98347808602,1.69926863486,1.00533325281
1.12796737221,2.78701728501,1.72124169187,1.86278689424
6.13567827704,1.00924224498,1.92774286664,1.86856611732
1.32599642511,1.77820643713,1.8190660816,1.82819091217
2.99734084756,1.2959250227,1.64716762493,1.51859879318
0.199492782659,2.05889974535,1.12798764594,1.22317120281
2.82434383747,1.10814352268,1.59369446735,1.14259095764
0.861344624142,2.24832973783,1.10386732546,1.96444757293
2.88834020123,1.16871400192,1.09487441673,2.09011550016
5.87217507947,1.19958290818,1.7101257817,2.41340310815
2.30155804436,1.29641167607,1.27819416745,1.86779070691
4.452753211,1.05108002135,1.70177545263,1.5808019781
1.50449558378,1.40506243405,1.44353488288,1.30311844488
3.23510385188,1.08924950957,1.57651129977,1.29754768976
2.02276414481,1.38108497723,1.1459011519,2.77215107718
2.66727557757,1.38657572352,1.71608138681,1.47436081907
1.08189155251,1.90449398773,1.81943537018,2.67663626346
7.66903004004,1.11458343075,1.86290505087,2.57273817678
3.00341932692,1.10286899594,1.0553977012,1.92980118035
3.94669031665,1.03404568001,1.17185616995,1.99931612019
9.2040305861,1.09811666645,1.96907077662,2.85293665189
2.02059242005,1.67200814751,1.95457867804,1.44235455443
1.9057080017,1.2956940726,1.26573556236,1.57131850109
0.740437698913,1.50560256907,1.38269458834,1.03546282536
5.5231770536,1.14458362897,1.80173567545,1.98413173544
0.434292799575,2.34890091254,1.30664437703,1.0547117117
4.04564924768,1.41500130317,1.8361697456,2.0191628101
4.23495873551,1.02237903192,1.09801940038,2.23018563815
1.04503902776,2.79065765035,1.45765718963,1.31090707711
1.8033784515,2.87820656755,1.73655223271,2.56128563316
4.92964044532,1.24869645903,1.5725538963,2.49260207013
0.563835148872,1.72839639776,1.47995811437,1.93032809425
0.710966016834,1.57633716236,1.19983693317,2.48533173122
5.47934855707,1.05442254525,1.8775520296,1.75140342528
5.42754738083,1.02978444883,1.35665889984,2.37896435601
0.769877693565,2.40170794399,1.0732479803,1.19669288068
1.67835808492,2.6168737205,1.31445841645,2.31590344742
2.16406570068,1.35317526051,1.39730388354,1.73293742095
2.45036318808,1.45951123006,1.84325046349,1.31584655016
3.63450753297,1.04297559809,1.15944049081,1.88745675222
4.393102206,1.32103689584,1.47434055174,2.89840356633
5.56369541753,1.23878691694,1.69357815098,2.44908543455
3.23449249603,1.02639255606,1.45022556235,1.32322767981
0.440466167818,1.48950103291,1.07738516698,1.27562917233
1.24586295649,2.59799325059,1.08477197109,1.6529138363
6.97493313888,1.27478285762,1.95028980985,2.52836073067
3.31426104426,1.45902475442,1.63861546277,2.42069662694
2.29545512525,1.18801452645,1.07986450277,1.78197654681
0.0585315577117,1.70147614565,1.09328012671,1.66221810547
3.71434614721,1.70340482208,1.97759357469,2.74058403724
2.37963833248,1.24158848232,1.65301854678,1.09465399739
5.29289458254,1.04039069569,1.88569746313,1.67142887497
1.09041507647,2.74200730947,1.10328929046,1.47327696012
6.58948931768,1.12298873276,1.72099761472,2.46148085098
1.56005564991,2.48114272922,1.22149820046,2.4182356023
1.34319944435,2.95090083659,1.01547215095,2.8188568146
0.970821042057,2.39306479361,1.261618878,1.90061178214
6.44035093147,1.06028437017,1.46221541246,2.71621129633
4.75404748779,1.12991569141,1.46426154456,2.1983007261
4.00055950254,1.00925497121,1.58805369064,1.47402547852
3.34562220358,1.06886056586,1.3321122323,1.57603227259
5.83293216276,1.09155708704,1.66373192398,2.20172344213
2.42084485364,1.61037212795,1.93317451661,1.55175901851
3.19465073502,1.50156394307,1.88324599159,1.75914982874
1.54226229863,1.18899581498,1.05953992595,1.23137352336
1.89549154452,1.25146862708,1.04180372426,1.8892221006
8.67125313195,1.01538176302,1.7677972031,2.8875678021
0.97718208876,2.70337047231,1.63057874179,1.65768731678
5.64165675385,1.18042171629,1.63470481541,2.41628021454
3.33492393601,1.00662242545,1.14980657902,1.64505828952
2.77738779516,1.26429334567,1.78295956665,1.16201864618
2.21526300282,2.9264911037,1.75422720469,2.98140615201
2.23485463064,1.39331703842,1.38410234871,2.06315983351
0.784093778228,2.17170838849,1.04823770047,2.09671898936
0.86607258029,1.69055204772,1.49728183505,2.18668345952
8.4505484074,1.01771659195,1.85596547674,2.6829434789
2.85166343726,1.29360498667,1.75327003754,1.28234420218
3.42966366363,1.19690158747,1.28838349235,2.131561843
1.91017570316,2.58452396818,1.02345883071,2.56947257474
0.722651854155,1.41746857504,1.16338998777,1.122194326
3.83896620038,1.42425441171,1.75636430345,2.16856739842
5.12984229721,1.16747152209,1.51038130778,2.41076755838
0.346854703921,1.54649296115,1.1203929003,1.30099996509
2.74354058687,1.54182689383,1.8181446564,1.82820380626
3.20900896963,1.01364101329,1.09049604924,1.67474270065
3.36192575275,1.08598967516,1.26384191814,1.72189002406
3.06415830242,1.20251477579,1.96684860984,1.02279273345
3.36339018987,1.11508868145,1.69216339909,1.27327789475
4.56369241794,1.25665881728,1.53166944934,2.44765890654
5.89374752097,1.1363340474,1.56209035835,2.53200590021
2.80772608078,1.1785259852,1.03823771775,2.2338038102
0.691600483347,2.28324251632,1.12505257737,1.47128599479
5.28073894554,1.208416769,1.80465177588,2.02117547468
3.8021654984,1.16700111158,1.26873532277,2.2618916503
3.23188230134,1.41936456137,1.4874563207,2.71445250135
2.1573931237,2.6647446073,1.3144038512,2.83883093544
5.48948643677,1.1619281209,1.94166347426,1.80713951442
1.964583715,2.8269609463,1.17407578387,2.64709569777
0.484363033527,2.3052161866,1.17018304006,1.04140899132
4.52401458641,1.14222553656,1.83865157928,1.57841266946
0.315131546891,1.88528056837,1.63427065169,1.66919368467
0.659191272919,2.89857500623,1.97687265124,1.494936326
6.74814509215,1.07671818944,1.72568048583,2.40840064836
5.13747232639,1.46019541068,1.97589882988,2.31456566722
4.03017229879,1.222857428,1.61136673373,1.87636342643
1.58637173429,1.40598522954,1.20899286625,2.12589465063
4.12743816136,1.29777329024,1.46908550903,2.59722566271
1.43043217326,2.5318471173,1.48198376793,2.83363042475
4.58729993637,1.03759281217,1.00940148645,2.67391825347
1.96468605396,1.43887388777,1.68855389713,1.26313336242
1.94239235146,1.24893513514,1.23044179007,1.47290168628
3.20582853975,1.24000451095,1.24824442832,2.31957714751
7.0162528906,1.00803339618,1.653367955,2.4839159868
1.31755603473,2.99211539097,1.73603115259,1.60356288115
1.18783560463,2.64170719947,1.26925897151,1.56752408801
0.901549787662,2.93401353859,1.57714237902,1.06402225699
2.9279828651,1.19360607056,1.58093199913,1.34175816882
0.202353613376,1.68401492049,1.19188795003,1.99174709836
2.21628615774,1.13102710952,1.32962923839,1.15779864773
0.787878135284,2.46729498415,1.62704772385,2.94491061837
0.129189866981,1.77199165332,1.26434479354,2.55499986363
1.31447461206,1.67565941882,1.6815964851,1.76643578283
4.21571960914,1.17217180911,1.22643393577,2.65346135373
0.768167112971,1.58725001019,1.29530076183,2.07367054416
7.11545200774,1.27249271368,1.98889484638,2.48682572466
3.57718236403,1.12425124039,1.97542761022,1.12135040834
5.78022823803,1.1292591588,1.85414601725,1.97311746201
1.93145094419,1.22555154735,1.23020129927,1.3769038392
2.78791831053,1.28302730685,1.66858643936,1.34906206212
2.36759638982,1.70692250774,1.95001817147,1.86788632368
0.839480637814,1.45975142809,1.04215787282,2.22737003193
4.45812288317,1.30586753812,1.5712818109,2.51504933726
2.42052267084,1.52825410508,1.61693832637,2.23941350683
6.02442905663,1.20287282027,1.74176503801,2.41825144726
6.50308208264,1.03276981062,1.41498045066,2.74539117629
2.9094896954,1.31576131134,1.47052829898,1.90528521884
1.45648645006,1.35040750148,1.03379324605,2.18494138981
1.84164136916,2.51465139271,1.13724321805,2.58615090497
2.549902109,1.1352736387,1.36030546226,1.30456426266
1.29455923235,2.67555721907,1.29195510073,1.67751823784
1.48962733005,2.83589638786,1.76348580558,2.38745743214
3.1882921941,1.02832693546,1.44506267758,1.31168849213
4.43089521293,1.31356178929,1.8178427087,1.91787882535
1.23991300282,2.90726789828,1.9907845832,2.85913486991
1.9673056719,2.41136543899,1.02494110272,2.92853734175
1.46902095987,2.58179213599,1.39596805581,2.28883022962
3.67597021831,1.20498734815,1.39131832649,2.07704956915
2.0304263641,2.86206160119,1.29126143514,2.55380302301
8.88240684518,1.07521196999,1.84795723429,2.92689857704
1.50913227123,2.64897957895,1.02789108699,2.0492265812
0.545546991188,1.77468613417,1.46956989839,2.77979309998
1.87423160178,2.54530797328,1.11146426903,2.54628154706
2.14665449629,1.16322539389,1.32080374005,1.20127756335
3.49689151288,1.29748086391,1.36873129485,2.50816452082
1.58734700109,1.59142221142,1.65306579368,1.67548480983
1.82273928103,2.65385601334,1.29618148487,2.40399394493
8.00195525979,1.250171457,1.92525358406,2.88940298533
3.58243475252,1.09234919804,1.55056492664,1.47013203014
1.95319190931,1.31397890538,1.22291744426,1.81755141112
1.86136647821,1.48488292827,1.78926050139,1.14010142156
3.39539542024,1.29037288867,1.3074099641,2.59934684614
1.49194575508,2.93661106949,1.30785173851,1.9238189204
5.99669912533,1.00608522215,1.77967126964,1.97341260123
2.43128654829,1.30811011582,1.18817250445,2.34392551112
0.352748521658,1.82902069146,1.49100156985,2.62126166655
0.995861879648,2.3123498939,1.01133099592,1.70977284905
6.19141498119,1.33231807374,1.851092334,2.65825861425
1.28754331811,1.19379330907,1.02595824431,1.08831471648
1.91225890217,2.42535533849,1.00090567559,2.77380840076
3.17657614274,1.67012324339,1.9691333035,2.19372978685
4.30941527573,1.099637009,1.53581287961,1.8041993857
3.44126463455,1.02341964058,1.26859889829,1.59393114912
2.09778916723,1.10996524406,1.15288574396,1.24384529384
1.63652778251,2.51474010463,1.36739687361,2.80637770701
2.35788796788,1.65951683962,1.73233177734,2.62675123729
2.7321756654,1.41760809163,1.94728370523,1.19367687998
0.556915911582,1.72115301509,1.53103624307,1.49120536406
1.33115548448,1.49842607725,1.62966563264,1.09962733557
5.59261043574,1.14265952857,1.57055285425,2.40587116356
1.72850893115,2.75894862501,1.03436084646,2.51873003376
5.89293855483,1.01945158062,1.84617125556,1.88257647918
0.826582290901,2.65298944347,1.63178436468,1.58869636168
9.06728773851,1.05529148941,1.9002723462,2.86144695973
1.21852365401,1.55431066781,1.38415047223,2.11429496092
2.72845529819,1.30263964346,1.2713019598,2.27772357646
2.07159988962,1.28601460826,1.53872392467,1.16728897279
4.79578150203,1.0829577069,1.37781955356,2.22367806477
4.00622856718,1.08249508273,1.32979232892,1.93024339893
3.65771306427,1.19333329921,1.94978158238,1.22745021753
0.142984344882,2.18469678249,1.49587756803,2.31411306686
3.51160899862,1.1283914759,1.21231248851,2.04128354757
6.34132258639,1.30235023161,1.90612903558,2.47267328786
3.04591953208,1.2795584221,1.99980422578,1.06183932939
3.43387287629,1.29394628211,1.65946394543,1.70998769063
1.97780287123,2.75757168682,1.12577731123,2.65161358096
4.1643278477,1.07578600164,1.79522113198,1.41925944833
2.68365829016,1.37083590038,1.45080639888,2.08111093459
3.42714318924,1.08572829038,1.60238260867,1.34368649617
3.40363134392,1.28612524981,1.21459523529,2.93795962971
5.03775979844,1.05137133078,1.86696427367,1.61751378259
0.865159066425,2.51971678453,1.22510005442,1.26988200187
1.51027948162,1.39028247463,1.47306960367,1.1943583658
0.695104117228,2.63154519678,1.606824327,1.34439933715
3.86615332468,1.1102609588,1.73616065646,1.41101490466
2.22389704764,1.0439952175,1.22020925667,1.1019184572
1.01411496117,1.49520623785,1.08818574822,2.94939812694
2.60706676485,1.43276128678,1.83911844122,1.33853530807
1.02099917127,2.58648876522,1.47535124144,1.74943035474
2.46662688232,1.34927654652,1.19741005608,2.70488634702
0.81531993843,2.70094309986,1.23871899789,1.03836774629
4.07454572588,1.01667501866,1.27753128403,1.85783207901
0.703743983172,2.33386980019,1.05271910324,1.2071665069
5.71484116154,1.0002309324,1.98959128927,1.68226198961
4.62857873585,1.13272147486,1.31097882397,2.46798188951
6.0569231359,1.26546619791,1.93233499672,2.20894704089
4.13107002236,1.33809868412,1.89605460232,1.70475442423
5.13243530737,1.39070926178,1.85979580296,2.38677077895
2.09136019537,1.23437813412,1.55477324541,1.0507444834
0.205326026647,1.89830193551,1.51754907379,2.8060894019
1.91691814229,2.76664278902,1.60787076575,2.78367022488
4.5927914998,1.05068183949,1.52385274969,1.83393624741
2.46933440584,1.40865241286,1.33837262793,2.60200210462
4.16746178147,1.32100136437,1.70321064685,2.07060724007
2.22153600745,1.2991860773,1.1206948573,2.3140785465
1.45126161507,2.80206232892,1.1570392962,1.95061163628
7.57565996336,1.32410892641,1.97312937795,2.84044757946
5.19629706558,1.14885136448,1.84229348639,1.81864823356
1.6839079094,2.74838849883,1.12549990266,2.24719830583
1.8629418327,1.84931349593,1.88077459829,2.83708709137
6.63297667758,1.27908510907,1.78410265419,2.82920664814
0.543371482704,2.53395735148,1.46166275239,1.03144434356
4.10799302313,1.48421724718,1.90522728886,2.11970650826
4.2715832899,1.41364451918,1.63201475062,2.81550582769
1.80475126157,1.19606661377,1.37197530567,1.02250574125
5.2167526045,1.06365162546,1.78722312022,1.77147512936
0.664291160603,2.42213102176,1.46553945829,1.80893304864
8.50177361573,1.0068408494,1.92229813111,2.59412913883
4.21373788017,1.20075696951,1.39016616164,2.36381310024
1.84877064905,2.92725412677,1.25222019129,2.50040491515
0.624874967446,2.34346176014,1.16689055021,1.20472236752
0.748286621331,2.0189658185,1.88223353473,2.74464173972
2.14284712055,1.42883513507,1.24485236803,2.93483557717
0.565386941515,2.16123899001,1.07197649561,1.6579079081
2.46795067219,1.30438164816,1.75416847787,1.1273254202
1.50574036364,2.87340478286,1.82486970388,2.49333338008
3.74153223014,1.25971995772,1.75430355529,1.59955746342
1.64580716904,2.68388025472,1.48082850276,2.37108739153
5.86990756057,1.24304980469,1.72948359612,2.51130847289
1.66249705492,2.91041149322,1.46581256303,1.96744060034
2.73074813081,1.17906005799,1.48361646481,1.3405395314
1.03017878239,1.59035790355,1.42852160139,1.88765297163
1.20335490619,1.67876142496,1.7909980021,1.2455317594
1.28878222193,1.41269923666,1.33738671623,1.38015095906
4.77079454259,1.1063568867,1.87480038209,1.57836975667
1.59007927776,2.83032215289,1.52663471229,1.98880330601
1.45545837346,2.74028989019,1.20801238087,1.8569777134
2.27516316332,2.97705862462,1.51371699135,2.64218684325
2.06131804962,2.95900935755,1.29532850071,2.73618081582
1.14527727704,2.38972325251,1.15113920578,1.95133864854
1.47662849433,1.4690075015,1.63695958007,1.11027191026
2.41838571722,1.31613109135,1.24829453158,2.17823493484
4.51467818961,1.23916937818,1.40542828936,2.69565331171
2.47648606548,1.08975422448,1.51926088219,1.0374153975
1.75765446275,2.65758283041,1.20676902914,2.27396918449
4.45635333323,1.05137097888,1.20055930222,2.27012696652
0.345146321296,1.52711567716,1.06161043985,1.38428894195
3.07844706549,1.07074276245,1.11623546433,1.7447483253
1.62880574119,1.25595604145,1.31187749603,1.13230236465
4.68919907336,1.38936129741,1.99627116292,1.86147259216
4.71187585737,1.28828235078,1.83045197317,1.94358013927
0.116483180246,2.26807752418,1.63321848987,2.28482783582
1.80066340909,1.5061955972,1.41905062936,2.32523554466
0.92659000974,2.74442353664,1.59511468139,1.37546865163
3.73680413608,1.1705737027,1.48136613314,1.81285437688
4.91796064122,1.36895183304,1.6779984793,2.75764245994
1.23500784522,1.3151834387,1.25284958664,1.10129568533
4.90101994183,1.02418934462,1.25750670176,2.29112081015
1.77521452047,2.78609367474,1.70812480082,2.87163664038
2.74521689079,1.21535601226,1.34025526457,1.67675949027
1.05886727491,1.68874569454,1.68823248504,1.4731922263
2.46588701055,1.25680788019,1.696928129,1.11112214732
3.95368397603,1.03606189666,1.97579454723,1.18587495725
1.09738439896,2.81133206501,1.30115459873,1.36105572507
4.07955293494,1.14006291535,1.43303433305,1.96939977789
2.42387238309,1.50324117235,1.48855843892,2.66765542498
3.47641469318,1.47542891195,1.91526949556,1.74084904583
1.39557679783,1.35349810327,1.46587490247,1.01014879282
7.06986136474,1.25733443404,1.88888060652,2.65657567824
2.36658887089,1.49285665262,1.44228994992,2.76058049278
4.09836753846,1.2959499317,1.6325943269,2.11107882322
2.34147925101,1.30841840513,1.15111173129,2.3982549076
1.6957837655,2.93941015288,1.89219188163,2.77498766956
0.7547179785,2.51682141949,1.41584009614,1.38419546369
3.20457436585,1.08680631289,1.14350050521,1.82884491576
1.19262520972,1.63471052201,1.50047553825,2.21181885554
5.38040767369,1.05731942644,1.45254481266,2.27706834661
0.73283689675,1.91048761633,1.9072135762,1.33043168552
1.5984917596,1.94010075879,1.96827086925,2.65571871835
6.38032908179,1.03536155423,1.47231681415,2.59650808293
1.54774323587,1.37429564407,1.18354928042,1.91582539866
1.27265030532,2.86208499706,1.92299254003,2.74671566881
0.217332502459,1.94205591139,1.65208520936,1.7311516139
3.78733576871,1.02678055242,1.13392696734,1.95320826488
4.518299261,1.0188007405,1.55665950437,1.71134183405
4.53916215546,1.2376792613,1.93394970272,1.60642135954
1.73350147214,2.41729607674,1.07590816525,2.63976296865
0.243240631316,2.69588323034,1.95101276719,1.18133094088
3.300715055,1.108659535,1.1521261042,1.95321253621
7.51844114789,1.2845608013,1.96299236537,2.72266419054
1.8619980887,1.62261654652,1.69130577572,2.00802993059
5.05140002396,1.16059984784,1.66236188005,2.05970078765
3.97324070573,1.14243222692,1.27148128667,2.24158585615
3.3889363978,1.18663541055,1.4581976925,1.7273401495
2.63684400009,1.41661712678,1.78038991394,1.41993658105
3.48168992145,1.73567771348,1.98867585514,2.73057447562
1.26246422973,1.89118528238,1.97611296798,1.6780896649
1.25796917321,2.8366275479,1.50867370194,1.55266067309
4.71296916667,1.10495325701,1.74823357121,1.69724709667
3.18582925253,1.05033745243,1.68877567442,1.13973920226
7.10295074276,1.17820637214,1.84514529415,2.54863500672
1.79330875654,2.63407733309,1.30471544883,2.4167478663
6.26263262636,1.03933035558,1.94917503392,1.90816441498
0.821825316374,1.49865171195,1.14133091591,2.07856128178
2.20311978056,1.2858759483,1.30816070886,1.66427204037
6.45162830103,1.19867326478,1.66267209887,2.76277640925
2.6627627937,1.35205141201,1.56710464093,1.66724853171
1.56613445605,2.73780203116,1.39216571253,1.99872144577
7.26071669838,1.01955441189,1.78095451781,2.4057209543
5.16363272168,1.21465600575,1.98117768156,1.72210383803
7.84913736398,1.11448585745,1.72608518916,2.89699219826
7.5146533064,1.07473644438,1.82973333349,2.50379237359
1.71039669914,1.75392964541,1.78241042821,2.37990452848
3.7109865799,1.62950315638,1.85595909073,2.88199059191
8.02400038105,1.1244535348,1.81638608062,2.80152120952
2.02858977075,1.35575999661,1.50779469282,1.39069734005
1.21316260699,1.73647236982,1.71906035455,1.88776424623
3.08136129792,1.52845920258,1.63425040448,2.75862044513
0.502968681151,2.44826995569,1.66277914507,2.41934093154
0.239987882428,2.22518055157,1.30856126205,1.00534751528
2.09106991188,2.6562481136,1.34229505262,2.80917165032
1.55508584561,1.66228511295,1.66290523234,2.08119487901
3.43157059114,1.04711837292,1.90620238807,1.07474169852
0.419957015589,2.10178123427,1.90779629268,2.43406274857
1.88815366408,2.9662154491,1.22293423113,2.76205349279
1.01287532909,1.31778802125,1.04298139466,1.29517417096
3.16046204164,1.39052312705,1.60367676475,2.05538558086
8.09865376202,1.0882002252,1.88264977248,2.63338370081
3.05251572261,1.52313918993,1.80078288589,2.00323839504
3.65064994055,1.18096989704,1.37877288613,1.99393243265
4.88919026442,1.21803246174,1.95891811047,1.66429727304
1.81960052163,2.79669432502,1.25656380906,2.29229397609
4.25503124027,1.1079464226,1.68815962448,1.60398693081
3.10900137057,1.13799667526,1.78831157632,1.12111950175
0.851313890044,2.79433999838,1.23484816083,1.08285573214
1.82893078343,2.48582766416,1.26786174082,2.9434172612
4.12603920977,1.18822500269,1.32901394923,2.4079410432
1.48474570176,2.32532880833,1.08029091953,2.67067948773
2.04573733175,2.99577288436,1.83875939394,2.75566840846
0.777680809021,2.34734279369,1.15938721905,1.46953164395
4.14502927576,1.61390335637,1.89153303465,2.88905490912
2.03113525342,1.39693133879,1.38157615476,1.90517274143
3.9681646069,1.19791639391,1.92014438828,1.36779791616
7.15072433119,1.14868352165,1.90071967205,2.39893317408
3.4475510749,1.50370841105,1.94452575694,1.74446022758
0.381528543054,2.54543667374,1.85501572867,2.78867648635
3.0401766019,1.09414266352,1.76394969311,1.07299361577
4.73166284936,1.40768600142,1.88000070348,2.20761193346
3.02863818892,1.3664574691,1.40695541705,2.4823762865
2.87404562624,1.23027220168,1.70343744978,1.23815800466
4.7007266555,1.04345438578,1.41744684464,2.00647978861
4.91037235894,1.19376550744,1.87659973117,1.74477125794
3.44162844913,1.27866585292,1.89097322427,1.32304737023
2.77413976022,1.13841446623,1.39857741446,1.37778785827
0.929907204847,2.64884393628,1.40483502757,1.31504396531
0.616245150708,2.64968070595,1.66235897962,1.27711718659
1.89789436196,1.25694445285,1.45038757532,1.11714817063
4.92090392982,1.11326604597,1.50226141433,2.15303605942
1.47675038506,2.66251417744,1.05463601057,1.98573192141
1.25097020046,1.63566501555,1.78392219729,1.14682090657
8.2170281133,1.0855334862,1.71308475554,2.98012486658
1.51198136402,2.76961493393,1.29649653014,1.88308099979
8.40181603096,1.06638474654,1.89847761558,2.67030650699
4.69160298144,1.16249794869,1.32520846251,2.61012994239
4.00388322809,1.01171058693,1.11765917081,2.03976472695
1.19434884318,1.85951452061,1.80020724704,2.51680879471
1.73684387865,1.34249321664,1.59563138294,1.02557646182
1.83424966043,1.31144839687,1.26045670979,1.59815308911
4.25052129924,1.10183290378,1.6710842228,1.61235973071
4.26667414584,1.34306769328,1.9709680445,1.640045518
5.81388134926,1.00864858568,1.27007271403,2.63658504672
0.723523889112,2.9525199005,1.9639570581,1.35271211194
6.74227949825,1.15169408758,1.57170549857,2.93311176874
2.37534165881,2.97560354169,1.5224939161,2.75426421966
1.15550910514,2.49468422574,1.50554740863,2.6879851782
4.52895654067,1.25597930483,1.76183972257,1.91215228085
3.78409876084,1.29856705555,1.6031905436,2.02617632601
3.5853782332,1.22307381762,1.91272229648,1.27301914655
8.52203418893,1.17597066426,1.96935445459,2.77969132095
2.73824198209,1.29729113821,1.57225769826,1.51671119383
4.15248826876,1.50532564946,1.9152803465,2.19781352369
1.01141987924,2.03756778548,1.94785460916,2.97949819695
2.23420045575,1.26080192039,1.23589377328,1.73797537214
4.97017814635,1.24866727847,1.47406825908,2.79905120817
2.39512863429,1.58042141677,1.86618590735,1.61097226543
3.15697201146,1.49270246397,1.76104928534,2.05716382691
0.671490968454,2.73541473379,1.87720699718,1.93954349761
1.87269420834,1.05367420033,1.07739700262,1.06238695915
2.76316463436,1.1964595887,1.4416725636,1.45734246031
5.64051630189,1.04869481388,1.65947484041,2.05338501418
1.63458129592,2.97334644523,1.85740737289,2.34833012683
5.10481447144,1.3301082925,1.61055229265,2.88259078857
4.71244215721,1.02871873349,1.63539007465,1.71336115755
5.55993926085,1.03042651927,1.89533257464,1.73794129131
5.38574248306,1.449278933,1.94923038566,2.46653961927
5.7110414269,1.15315953468,1.91971172468,1.89688571723
2.32656712522,1.85945504103,1.97244567288,2.78416281151
0.693806977179,2.40079257638,1.39578307943,1.71803332285
6.42940861382,1.18893821065,1.87083023681,2.28438502366
2.06321619532,2.66218560167,1.07983872023,2.74057412051
0.876013934487,2.9239178058,1.19802140977,1.25919426131
0.598461080168,1.80565324288,1.74367719662,1.18250493
7.56728638133,1.06768413001,1.67443218388,2.77298833059
1.51000617389,2.87866819975,1.11040755898,2.30923793112
1.40453860196,2.57262935982,1.19341739295,1.91160302396
2.4320642275,1.22801025901,1.13366364898,1.97571175031
3.41287115652,1.16578920385,1.92033909488,1.14441873829
1.47304774056,1.68601705219,1.82801156198,1.43214194758
1.49742333206,1.32959745377,1.27362639433,1.35284442265
1.52889328834,1.25583732745,1.2705791607,1.12054679024
4.60296807901,1.42278999423,1.66040600579,2.97262005212
6.8153190258,1.1701692639,1.66518971351,2.80545665235
2.59611310752,1.41842700291,1.84611974789,1.28709082236
1.98101310709,2.71697553863,1.17797420196,2.55016580588
1.03661279666,2.41927351815,1.45224343837,2.7560225902
2.76819771653,1.51626247348,1.66645553174,2.25142214762
1.94576171741,1.47111733815,1.82753630617,1.09336162592
2.95541470647,1.08681151307,1.42502932188,1.32691164369
3.64222420707,1.5055396273,1.87708736426,2.04027757738
2.63886063341,1.21688667832,1.24640730986,1.80446342865
3.15912846466,1.3555964539,1.96683255296,1.23876656884
1.99417134157,1.33258916663,1.45875479452,1.38234292962
5.10340122218,1.07238400569,1.52260880352,2.08912413797
4.77930162632,1.23772126733,1.5973765149,2.31115621867
5.04502845067,1.1870627777,1.97002308801,1.65897764755
4.82499832019,1.35655480993,1.94574177654,1.93679234777
8.52459403606,1.20736908485,1.99807594379,2.78942154723
2.19967761841,1.0300904393,1.05298075142,1.21810127467
6.78141922208,1.04106087202,1.75793751825,2.30831566341
4.29641634569,1.12390917502,1.56312572679,1.8147222457
2.93506892664,1.33248182525,1.96758006349,1.11756524428
7.33511381932,1.09227973974,1.69874939079,2.70319827618
6.58359811636,1.10051893337,1.94042851423,2.08022072168
3.63220164546,1.48210178872,1.98977755605,1.66480671724
4.45166212893,1.42492333332,1.77378790903,2.45849510538
2.71062674037,1.44159054075,1.92679139653,1.26134548418
0.371007473822,1.99916325346,1.01280085784,2.2359575023
2.25574910801,2.79587343144,1.29672547829,2.80160899066
1.21560270122,1.85129831178,1.97344080265,1.40956141164
1.09446593878,2.73880446656,1.50349615336,1.48970099058
2.14583941045,1.60999646398,1.84016520677,1.63129792607
6.20080575246,1.25875604535,1.96201154059,2.18811973244
1.75378403772,1.58872614731,1.60313291551,2.05106583314
3.93348064531,1.18146180704,1.49331484231,1.92079666186
4.27147431175,1.63157481197,1.97773444813,2.65399483289
2.91956226636,1.41623735229,1.58398738778,2.0822458004
2.43840951361,1.36589374869,1.31496374398,2.31521627083
1.76433130471,2.99243258947,1.96107168253,2.96919388534
2.78400157865,1.36424263913,1.88571142079,1.20582151329
1.75180938367,1.29709257203,1.47073595159,1.09834040488
0.202840649975,2.55123065825,1.85621614054,1.43103199812
1.38472487245,1.59437967356,1.55396628685,1.85980954553
5.05510832338,1.44721549315,1.88170103065,2.51807005791
1.69580847152,1.76099636516,1.88106255284,1.85254162174
1.72042290613,2.86260179299,1.20904029853,2.30493115634
2.8224189656,1.2689874675,1.75189165039,1.22550004764
0.333113861483,2.35540623557,1.60818126223,2.24911314368
8.07673435266,1.14562455895,1.83201194771,2.84005571823
4.47323081293,1.14164231186,1.5697195085,1.92306600985
1.73412151876,1.32955332498,1.31070152972,1.47895722294
2.8586749002,1.11439083582,1.50144657027,1.25347855175
4.48833682181,1.55322957587,1.8529970094,2.89663027084
4.39668376455,1.12640831872,1.25311117493,2.44716159111
1.18045542701,2.78725718704,1.52560584376,1.54101082478
1.34183485196,2.70076209769,1.47258885355,1.87180204886
9.43797178714,1.0095769266,1.87929296206,2.94830324302
3.37640700135,1.29909837015,1.41813670362,2.27631775889
1.85028650676,2.94287323499,1.60422538234,2.18872291275
4.5518805281,1.36016135136,1.92046738136,1.88649261101
1.00739231818,2.586876093,1.19924263486,1.35767272764
0.925189318376,2.83344788812,1.16172596839,1.26724315709
1.7748419653,2.76768954091,1.39369674847,2.21912404647
0.858364303158,2.96679084161,1.05253178367,1.71818024048
2.99590320547,1.49920020164,1.75609235007,1.9983456106
6.1837287449,1.2163759505,1.65827710783,2.72557470943
7.61581038687,1.30322189345,1.98767890696,2.7508643118
8.99196467984,1.06239433476,1.96995142569,2.73585314382
4.74582147997,1.16087648488,1.52032702798,2.18812889861
4.83617108837,1.43281103814,1.71639399825,2.94369995519
5.32231481314,1.03084874013,1.494716246,2.12317471049
1.58792425999,2.38477722179,1.01267444039,2.42722878935
0.237245594114,1.79800519447,1.38616155586,2.52580899666
2.81528581696,1.13935038677,1.00821167149,2.08212099467
2.3175642901,1.03501833447,1.00664607847,1.34715049475
0.641493727684,2.93409129989,1.10849044223,1.07258318717
1.79828607532,2.95286634633,1.19231721084,2.70214427873
1.85062527514,2.60518746879,1.33729704535,2.63125764775
5.33667884121,1.52651356534,1.996388288,2.61304124276
4.17905777505,1.36734254813,1.94014484694,1.71224533852
4.23972482694,1.10212642874,1.83129458073,1.43921341408
0.849213602789,2.03027515349,1.96753408631,2.18670309823
0.7281907319,1.51348853801,1.34936356289,1.14060117657
3.23417359745,1.23421429794,1.95895439125,1.1173110238
0.787517474283,2.34228936364,1.27878493777,1.84512009483
6.63874557782,1.04488560097,1.98472330992,1.98846421989
0.190830129478,1.88533121752,1.59756379723,1.25706374202
5.28037784183,1.54626109493,1.99499300995,2.68425007194
1.68365404392,2.76614226808,1.05957528693,2.40641961725
0.474713283562,2.55556210102,1.75787494747,1.92897124224
4.38997318695,1.54529360993,1.82212748031,2.92978051336
1.39287183243,2.67004114967,1.62415454204,2.52524992615
2.03777556938,1.19031976861,1.01390687492,1.73122959734
5.39765609566,1.20021101491,1.88229283312,1.92112761781
2.23748631091,1.31773993641,1.53947500539,1.34608811642
5.1699524343,1.44495344703,1.97508844544,2.27674959544
7.2869922436,1.14711558481,1.8214823868,2.58574454449
1.72261488115,2.89330521747,1.79433599524,2.59309703753
2.6257531823,1.06139761878,1.13930997464,1.43279797242
1.26265628153,1.41654330643,1.02939098949,2.67753445275
2.17933915255,2.72963173935,1.18601004332,2.80040071248
6.29835137338,1.07361417081,1.480005124,2.66449570847
1.14503210359,2.01753222319,1.97179937106,2.70316757887
4.73887103816,1.09661988753,1.20593027632,2.60366048217
1.28867111657,2.71549465044,1.38676686786,1.67180653993
1.43600475067,2.3560066932,1.05692847021,2.37316997946
5.07230539608,1.4390463152,1.85496788407,2.57958128387
1.50858787976,1.30728551039,1.19569723849,1.43329819922
2.11721870318,1.17683787619,1.32000376201,1.21851345787
3.42897560806,1.08594561518,1.91849351762,1.08886407823
0.908602618924,2.4041690527,1.15833641349,1.51677391816
2.66379983697,1.50237619943,1.66267110687,2.09813486881
1.8779622647,2.98362939618,1.53772131383,2.1692387412
0.610103780873,2.64854986371,1.77458587928,1.73525069871
5.27300055354,1.34181981207,1.84598010131,2.30846845733
1.69569359958,2.63528062493,1.50187910028,2.72634690811
3.26531239393,1.36006998021,1.46900184642,2.39353252508
8.01766939207,1.19702760446,1.84148204647,2.93982756044
4.10715717482,1.29268161625,1.48785487013,2.49583802443
5.05378715154,1.08828393731,1.14943946792,2.87692321174
3.18809441054,1.17700322482,1.69705350731,1.28833111877
2.07328509797,1.38513655905,1.39010605981,1.84667954368
3.59455934378,1.2048030176,1.81346016371,1.360103869
9.25707365573,1.00236425615,1.98854841809,2.72797428771
9.18693618512,1.14115127266,1.96879744407,2.92404094722
3.66266182641,1.32648393271,1.85228062009,1.55747739596
4.21155891278,1.06266393547,1.80579152631,1.41274516249
6.80897617953,1.12986105777,1.65859122386,2.68604784115
0.955349032599,1.69079779441,1.51432394338,2.27687095503
6.87846317314,1.0835636422,1.53750335582,2.82129704888
1.41813560353,2.67980771375,1.31089715109,1.84168383975
4.46805853998,1.26174068595,1.94706348876,1.60214579116
2.12292044202,1.29397635312,1.42188992186,1.40671866829
1.73684042455,1.32285738701,1.3044832101,1.4656070787
1.43933221277,2.72452559884,1.27619385614,1.81651286411
7.06215048811,1.15499250099,1.78477378139,2.59553173661
0.768188449176,1.65855199965,1.48438775924,1.69256046367
0.41656928176,2.67065046917,1.92905495335,2.07512780139
2.01330472845,1.12417432845,1.30327321267,1.06456018912
5.72698098572,1.31437757377,1.90418986717,2.2714009212
4.40492602543,1.2112771102,1.38721126273,2.53201197127
3.07766749078,1.11341015538,1.03874496685,2.06177284486
2.26773861926,2.78588992114,1.4889317156,2.89810336133
1.5954910988,2.61667407472,1.20933344084,2.10986864415
4.49422913973,1.47572104715,1.93476736245,2.19280238328
5.96432210961,1.29278888593,1.858566688,2.40714431439
5.16852667018,1.04492203532,1.06148934802,2.92271721268
4.51988893521,1.11101389804,1.46877236812,2.02606568667
0.486228419524,1.54866113524,1.10676182386,1.95102043073
3.69664746785,1.31001334464,1.31098174848,2.9753923615
3.52400447614,1.38646466743,1.63136976434,2.18354273306
4.16356630254,1.23178250153,1.32534078332,2.68522332332
4.5872585872,1.00223998305,1.49744035919,1.77632533813
2.85918748408,1.38106079208,1.56947175176,1.9094667578
2.53298457395,1.23281801083,1.14813066608,2.04689819969
0.701257809281,1.65721723566,1.49781524417,1.4699079153
2.51200578796,1.22746868601,1.53902156121,1.26749469899
1.55061986134,1.12435615782,1.06079525811,1.04223162629
2.04673538297,2.70290175709,1.38240541343,2.68045565107
0.515601826549,2.80793026676,1.8307925821,1.0178293899
1.82452043009,2.61990292959,1.33751596965,2.54621257582
2.97369792817,1.18642259951,1.04707922018,2.39382822478
2.3299215704,1.54449134794,1.78083998656,1.66651589987
2.20027203513,2.67285044151,1.29314458607,2.8573705624
1.99598924514,2.89489015748,1.19381104522,2.79472903833
3.61963694292,1.32870219127,1.47446908558,2.43213484779
1.3997081535,2.66002810487,1.59453502517,2.46349267455
4.84239576275,1.26774156169,1.647401749,2.33651943376
2.71483390859,1.05887624911,1.31850373066,1.27380634444
3.15299906106,1.25278991867,1.83110184114,1.24199085641
2.29887548934,1.62856752447,1.94327250173,1.5093537565
2.13373758256,2.87446973803,1.31068047786,2.66390026365
2.17014440262,2.65652453036,1.21915545631,2.8104376978
0.0943293998249,2.27399506667,1.9570843132,2.48170257493
0.608543334408,2.67564857347,1.81599914448,1.79207064494
0.811137556686,2.835547327,1.73769331047,1.24620779379
1.93042251857,1.39549806399,1.61789051541,1.24452785647
2.42841581785,1.25688373346,1.50206962265,1.34690398515
2.53867672362,1.52728694684,1.81108668452,1.65398043485
3.87821320907,1.37366637998,1.5137376932,2.75739328768
5.90296878136,1.02148827857,1.52018798052,2.29418785479
7.65570094819,1.0291801802,1.93677944161,2.33843999483
1.29200216332,1.25479814086,1.06890123552,1.2506405585
1.51737009174,1.54673690455,1.44461254392,2.18326741695
0.562764646715,2.1396437848,1.07168292548,1.81018976492
2.83273061114,1.43231820651,1.44752175535,2.65254254597
6.84486216007,1.17850195863,1.76943665159,2.60953027374
2.17084415226,2.86557759724,1.2172411232,2.89283911931
3.15002540684,1.14765305425,1.40829281981,1.57477516886
1.97936930212,1.3841048188,1.75341113155,1.03765791795
4.7122272414,1.11393265019,1.91892488385,1.52242119603
1.97809383883,2.88493545134,1.4190459244,2.36891708619
5.83477431433,1.0735993843,1.63007402665,2.21576537629
1.23652103513,1.85000877506,1.92556958913,1.64244923048
1.40696253208,1.54733230046,1.55462007678,1.57737134133
4.91893354068,1.27441701034,1.57389119373,2.60228684035
2.65074960114,1.19404911115,1.14497749652,1.93199223579
1.24083887352,1.59422530483,1.65703058986,1.31085411802
5.74094613894,1.18945850118,1.92556320212,1.95594920699
0.285650861881,2.55041898671,1.88957995912,2.57137118093
1.22557932458,2.81499191009,1.23721057759,1.56635509913
3.26947037152,1.12921868415,1.56947223654,1.38324040695
3.04646938751,1.05408129578,1.64841380579,1.12223421914
1.21663497898,1.22981730132,1.01112911108,1.17805584999
5.29420031784,1.015021549,1.44418730778,2.14825326754
1.24669892996,2.85915936286,1.0251226147,2.11133697278
2.22652307794,2.62645694531,1.24350275059,2.94943590387
0.380914415954,2.3876163083,1.67084931381,2.89775709666
2.8298608985,1.25874192994,1.01877960514,2.99827754852
1.17546439214,1.53602057725,1.54641591562,1.28815191632
4.17477250889,1.09076513109,1.18155195801,2.31912981549
2.18224725106,1.34307779487,1.15216351721,2.53356089726
0.826534109474,2.78613099699,1.97898363893,2.90532337276
6.74001467404,1.15573331621,1.5697368502,2.95342806863
2.23034628846,1.6273012672,1.66759033262,2.5839372682
2.7529143684,1.18224776447,1.82448081363,1.00801055318
2.5139981149,1.28175944482,1.19674316366,2.19785047492
1.05879226719,1.47413969976,1.46683515215,1.0989668792
1.93123494275,1.53778621693,1.65548460786,1.70739705912
1.11525109442,2.80240191977,1.12182943618,1.54746157748
5.14710946611,1.10789931726,1.91610572462,1.65936294414
0.860013687588,2.74615715211,1.32143507863,1.0769503248
3.0770718816,1.79658670195,1.99769383576,2.80655710267
0.66945911095,1.70724591017,1.43112342972,2.42184736567
1.03440800244,2.80305929598,1.04014297188,1.57457167107
0.715576264924,2.79343543632,1.61610617619,1.00510511902
2.68314470999,1.09735311821,1.63067927246,1.04333647951
2.35230164969,2.92346132832,1.62754019114,2.85371936513
2.7044747772,1.2147845278,1.66045900573,1.18689040969
2.65578019402,1.02286045121,1.33304757737,1.17341578544
3.49618910619,1.07245066553,1.02209998807,2.1673391693
4.62002632199,1.0344106284,1.41087676285,1.95983800989
2.41583768341,1.44236749104,1.34283736584,2.85575539226
3.00672104952,1.00835323816,1.33227106366,1.305417264
3.79076831451,1.11959280411,1.09017078557,2.44359162781
0.31060008422,2.12258158302,1.87289020972,2.85150300735
3.16646476216,1.15581977553,1.0726653656,2.27305752199
2.51929094987,1.54603445092,1.52960480535,2.96934515339
7.10091217594,1.12151824595,1.62989733798,2.83720358576
4.54890797789,1.04787846199,1.67535613072,1.63810593336
2.07915854746,1.09820654998,1.19755696686,1.15457986957
7.54781859144,1.2993814075,1.91111709764,2.91830332502
5.60180256703,1.43176398622,1.9479854814,2.49906554924
0.937326319868,1.3914671896,1.04252212586,1.683413303
2.28158140934,1.42997640902,1.4613888273,2.06930768316
6.01014909896,1.11177037019,1.88526561723,1.98228097318
6.87750213801,1.26326979753,1.97217353775,2.41657030666
0.0849700516484,1.82818347161,1.37861627535,1.45259593782
4.6139665972,1.18611063127,1.68787038794,1.90064203014
4.49899939789,1.21273918728,1.83847310512,1.68137965569
8.07828097645,1.22731845162,1.98093382596,2.7243454606
4.74300678384,1.13234150221,1.90802006772,1.56355539008
5.07836336368,1.27031263112,1.69362648741,2.34425490833
5.51746014977,1.14670911183,1.85815249069,1.90532569339
0.712469637007,2.19527198676,1.07136566065,1.82941706837
1.75715554518,2.7052742298,1.05154127213,2.41430293918
1.54885291761,1.23722209745,1.06124972002,1.43021285096
2.36583440387,1.3913024157,1.78595574519,1.20609146272
0.434388947299,2.3348826762,1.40545797322,1.43599913569
0.969644704124,2.72587433197,1.75813915379,2.02121998499
3.03699705409,1.23595944208,1.1608931394,2.43482190413
0.105833956139,1.99663007547,1.14913649559,1.2668256898
1.90639807353,1.51743966053,1.37558061792,2.85284314273
6.87754034305,1.06247989182,1.49846798561,2.83265314805
3.84404654796,1.21157682257,1.81833675831,1.45942926312
7.02255427203,1.09561199612,1.66349600961,2.6618587955
1.89253011578,2.8589382012,1.26252831702,2.4222309563
0.816125716086,2.68892397282,1.38124617675,1.08282132678
1.34102855787,1.33362877129,1.28049163027,1.21388621031
0.72181627577,2.67574134085,1.59854117569,1.23390544117
0.781722788899,2.47794349242,1.24275641534,1.24321475603
1.47921576395,2.89690197387,1.73456163949,2.0334736463
6.0581081039,1.34486175382,1.93953254,2.41046784041
1.23628687266,2.54207553477,1.12846801594,1.69009690558
1.13129435699,2.70763681438,1.72321190322,2.2854632946
0.330060364177,2.19842768475,1.40981580593,2.57284339641
0.505687408331,1.54176751348,1.29687318671,1.04498997976
0.654959914422,2.37927324129,1.13061867874,1.11426335593
3.26064009874,1.18608255157,1.86036358561,1.1649007595
1.60099831241,2.9390002694,1.05766362041,2.97725819939
6.02043024663,1.07873475467,1.65229699275,2.26251629659
3.75372494089,1.15848236834,1.59354813986,1.61758770879
1.50398695494,1.28401957957,1.33197681618,1.09453798596
8.12759230547,1.12700206759,1.77781536481,2.92356912316
6.89913369978,1.14805179615,1.69127319819,2.70758210726
5.92111181781,1.01565349089,1.2269718879,2.79654556485
2.87976503081,1.53663858756,1.97709829994,1.47675124633
2.88591182692,1.48649188525,1.90763482243,1.49037639528
5.43796794243,1.23929264282,1.86974678806,2.03681785144
2.64671736714,1.34042100114,1.88032377573,1.11417849947
5.88499314306,1.02748136303,1.79230663327,1.94627563118
2.9865771431,1.13740914967,1.12313448816,1.93873213557
6.29810871322,1.20375929744,1.95619735159,2.12181663179
5.53601733225,1.06438958957,1.77829059881,1.89145414189
1.1311472193,2.87977732044,1.46657028184,1.35049273921
1.7302049549,2.72783120526,1.12585708297,2.28782821134
3.46255009079,1.35645523948,1.85468154245,1.53474359223
0.947206180814,2.74656501964,1.51001223786,1.28329587177
0.921696028785,2.81966656545,1.10631364786,1.32064135159
3.44171656083,1.47220628258,1.94966890991,1.63619784034
4.61370011431,1.54168516284,1.88406891014,2.75733649672
4.0685971545,1.46001555735,1.8945916187,2.03819370764
2.24757828643,1.21812679641,1.5870747872,1.06369925188
4.03827440932,1.17671507836,1.80095606397,1.49812078525
1.97197202607,2.9571346482,1.83919779558,2.8341199497
3.67990435121,1.1591069772,1.85150906023,1.29087533871
5.14986555704,1.33080723368,1.87325282749,2.15503085419
0.922903817253,2.74745782446,1.91484185772,2.9291491521
1.9938646448,2.60235456815,1.33599626968,2.8428210777
2.12472210745,2.75805439434,1.51304683366,2.84421702723
3.96347229358,1.25595922395,1.28787379075,2.8413268927
3.73250629808,1.62860229711,1.88215383485,2.74789461736
2.32082791075,2.98506698823,1.68095061614,2.74645564032
4.73728198068,1.25738796737,1.76336408121,2.00102812612
3.21268541544,1.13871530548,1.43276441944,1.54796531652
4.15020895992,1.23341238928,1.54385615159,2.10544548413
1.3423964851,2.94497561337,1.0174102935,2.76318482025
4.95612748571,1.24750645271,1.9744296679,1.71167634095
0.752176329123,2.44775723762,1.11238768262,1.12578336484
3.71843831984,1.05259300076,1.42916787924,1.59150422182
2.14116193528,1.29934449605,1.58961606082,1.16659997299
1.49317940478,2.64615426766,1.00017805689,2.05865841526
0.938147486583,1.83206803914,1.66057328211,2.96432634511
9.06896758587,1.10451860939,1.93174341845,2.88833235091
2.2853246743,2.93180692621,1.34907112867,2.84415410022
0.346242254058,2.20588754837,1.27062733596,1.41799569663
3.57855154892,1.15290413074,1.72684412921,1.37280331377
8.60777902224,1.01248044417,1.77994365527,2.84221191637
1.15608612706,2.71954471492,1.51370954285,1.63101995371
3.55372960772,1.00790177885,1.44366081116,1.43185924306
1.94021882152,1.77336975962,1.92812494617,1.95812929466
7.87666368801,1.14880058402,1.95163637597,2.55001077995
1.63744381668,2.56314932326,1.19126970484,2.24553164615
8.69195243297,1.12731123094,1.89588393016,2.87852334676
0.454707941455,1.51492951619,1.10931792707,1.4119526279
0.719717613261,1.93031674258,1.90588322683,1.44082359017
4.94251613168,1.56002509505,1.97985674648,2.6380431657
2.95987727402,1.0317986644,1.09455426219,1.58906730382
1.05474039464,2.22273146374,1.10000908393,2.59887722927
2.21730429417,1.8443456175,1.99003311245,2.39706894391
0.853637610661,2.65338692029,1.42772161319,1.22353578124
2.51394035389,1.59658335289,1.71800377141,2.34828630641
5.8643003027,1.29708071987,1.70328479231,2.7974058914
8.63297416337,1.20998441093,1.96561668075,2.90270104924
1.33715391781,2.96910545746,1.62085161353,1.56297509198
1.53994473703,1.17459032596,1.1010541945,1.12354544038
2.0990172612,1.12916135173,1.11857309105,1.34325457729
2.43794320291,2.96597863243,1.52836212915,2.8297070747
2.83713901584,1.03259740489,1.46476037717,1.15707138495
7.80730685242,1.06060857444,1.86478556904,2.52334133655
0.384209871646,2.10143473142,1.22174409151,2.55980289922
3.35693934764,1.2322975964,1.8256824854,1.2966767573
6.12218742961,1.40604065092,1.8581736026,2.92618440279
7.05507957847,1.31179458672,1.89562668188,2.81286955017
2.01572691077,1.72445518097,1.92430453678,1.76763558173
4.39790075036,1.27372827905,1.6376138527,2.16616142596
1.06341894905,2.63780960123,1.6957748517,2.48319528887
6.63588762218,1.20498016214,1.6636585888,2.86385509122
3.62125394646,1.05721733868,1.14467837968,1.95200010069
0.105615716267,2.00494424028,1.26523291395,2.81719959699
0.936574156181,1.82270577485,1.71436423296,2.2493195
1.09475390471,1.68071612681,1.76070561088,1.22660863468
4.23038339976,1.45369774257,1.95101064489,1.94691408148
1.85021829144,2.71915083697,1.41470508896,2.42476155254
3.82736610384,1.06484080958,1.37354633002,1.73540086092
1.63128813704,2.79012741351,1.14784268289,2.19218582221
1.54325286263,2.65561500369,1.31260915783,2.04541158569
4.05182362046,1.10460462533,1.04744015994,2.63487305672
0.901964779202,2.08803141093,1.99327606716,2.84723489213
0.0653711682913,2.22310930221,1.88963239127,1.967975259
1.79361184778,1.39035704223,1.11683183667,2.71966960976
4.19935867128,1.02452642065,1.78262897124,1.39411267468
1.42179803939,2.90771732704,1.22297520014,1.95036427675
6.66099907795,1.21074111037,1.71366677844,2.76857274585
1.86279251592,1.82827856566,1.96702951942,2.03271906332
6.45944259318,1.02648985404,1.40097992571,2.73343390573
2.77661885334,1.22166076298,1.05930281053,2.44620498676
0.159153904996,2.07290999043,1.19762880808,1.19084702089
4.1371845773,1.52866076021,1.77944951836,2.851328463
4.33729256733,1.1059974393,1.45936118528,1.94553892757
1.30003319742,2.70159705481,1.00357097248,1.85270915751
1.39071641265,1.35951385977,1.03148208731,2.18698714286
4.43652555231,1.08610754822,1.74315633814,1.57733730034
1.7973606394,1.55074097914,1.76200023025,1.3511490763
2.03384615334,1.73972205749,1.79961048684,2.55371644471
1.06336164672,2.54268983993,1.44496076503,1.92078489864
4.34220004864,1.16412084976,1.67002883865,1.76688461349
4.0158094803,1.29530975199,1.4403399491,2.60659443958
2.07621225004,2.76429408217,1.44538459176,2.64855264341
2.48734411608,1.16369126723,1.06925376193,1.83003749135
1.06767423741,2.34319999466,1.01616379626,1.7415269893
3.9665032567,1.42926075796,1.92926802264,1.80364846623
3.83097525033,1.48815245264,1.66336265518,2.89950427208
2.86071804164,1.11153818188,1.21184809285,1.60857860489
4.71626219377,1.12044458786,1.76213703703,1.70550478194
2.05322047249,1.42192300011,1.67829672699,1.28908757626
2.39833037067,1.10108755407,1.41601919961,1.10688866507
2.60320598897,1.24723191607,1.30060914861,1.79593118531
1.39515199134,2.9618926849,1.99383478943,2.75546336183
1.67225370243,2.87223148395,1.03738368259,2.83804394668
1.65284868781,2.63837376377,1.1945064024,2.15502972662
1.26282470042,2.65629448751,1.65067252562,2.50279693474
1.44922092822,2.55291717838,1.28859450942,2.13189462343
0.662398394812,2.15021821069,1.12228907438,2.31144174095
1.43344756771,2.63726705052,1.56088924473,2.51068872601
5.18663217728,1.17538458958,1.60352838346,2.26765154792
4.22771152308,1.00269964965,1.72452747402,1.43178300466
1.434154342,2.76557669763,1.34804347724,1.78363277827
5.13148858153,1.33904342058,1.83702798097,2.25926263923
3.11064334453,1.21203496463,1.20837486044,2.20007125868
3.27963203946,1.12375077467,1.58335476416,1.36273193815
2.6420403089,1.35082738951,1.45420962863,1.93150143324
3.08153908336,1.02747894232,1.26884965858,1.43520111212
1.54446040924,1.26180817283,1.30248051525,1.10301097465
3.95314150017,1.00948278245,1.05935415615,2.09874985578
1.77793523311,2.6219447614,1.08224205692,2.35256900747
7.38110480584,1.18045635687,1.78920933469,2.77505448473
2.31953993695,1.53093845363,1.53264496239,2.57036855698
1.17902873972,2.94822703327,1.48124823838,1.38337502271
1.60143874223,1.14713265103,1.12043863339,1.06680471283
2.50846833733,1.06626390571,1.15588431191,1.3615427196
1.06859307766,1.61332469753,1.47389697048,1.92758578164
3.67754234117,1.41770922068,1.53845709935,2.82820447644
1.9356075874,1.81761845898,1.98273595588,1.95613939864
1.64764362747,2.49288357151,1.0012615784,2.27429701412
8.54464525125,1.14588020118,1.85457031901,2.9562740219
7.67545127476,1.16377674708,1.85329832135,2.70020910761
2.57369024722,1.44631829045,1.59320179601,1.95759872262
1.35539783558,1.27551874698,1.19968916434,1.15754689533
0.973561136281,2.02626465881,1.92658220486,2.97854408519
6.63680612969,1.21962644341,1.76188324824,2.67195134437
7.92459953882,1.05946119226,1.6299884372,2.96944699214
7.57895231671,1.22887963411,1.83888615066,2.88243911199
0.813890291263,2.78094971374,1.74862323678,1.43494749466
1.57182192173,2.72793367742,1.41457696367,2.04239702059
5.54475491832,1.28744930672,1.82051276473,2.30721611952
4.98738350304,1.2432969449,1.71195917197,2.17075393695
1.96144019624,2.9742509511,1.5386794401,2.26987321985
8.76239189219,1.19012160683,1.96978044971,2.88890592009
2.67973893928,1.71754563431,1.86199294694,2.65984970309
1.75317554091,1.80453312838,1.97127394495,1.75088145407
4.93093950854,1.11560700174,1.99884447813,1.51506655504
0.828237222855,2.47522340182,1.06134962396,1.17213749628
9.11532269656,1.02695750297,1.84749135943,2.92092421473
0.883173625418,1.34938062362,1.13188131615,1.09059499625
4.02304559054,1.14390903613,1.63650089154,1.64178897891
1.60906918439,1.52974908575,1.34878335418,2.7220873764
4.99395337103,1.51042564143,1.92821246631,2.61924865384
1.58473128957,1.56646255898,1.82272285132,1.11248945516
2.92620972412,1.35782971664,1.79109331321,1.39826988046
2.3582080244,2.88798204621,1.6119319562,2.9307511176
4.69041495634,1.02748241936,1.3761252126,2.02194824135
2.87423671559,1.48242873115,1.91612535303,1.45592032664
3.31244404811,1.07639036985,1.39096308297,1.50573352923
2.57052966087,1.16969387937,1.41825873724,1.32233807557
1.68516519917,2.65932101874,1.03561933332,2.28722128709
0.53818534017,1.7271319396,1.41363333207,2.44179214119
4.48670987358,1.39888654555,1.83382261258,2.18340433615
4.47814192069,1.03342915629,1.87817860643,1.41519973021
5.07872969652,1.32057542647,1.76063852292,2.36346950914
2.60771561797,1.43392526975,1.90509560217,1.23157382885
3.92876334613,1.37140801258,1.52887141256,2.71684985325
2.57181599668,1.54628167816,1.63512145385,2.42955038031
5.7241752958,1.23877025886,1.71493260496,2.4684525936
0.696223138903,2.05525329955,1.90678859971,2.85323575449
1.21131235029,2.89365526176,1.67420411896,1.56878532158
1.07791779744,2.6455230617,1.73198224352,2.71270956039
4.15160597244,1.12312040467,1.60192236548,1.69857489012
3.04925581732,1.20877708652,1.49241046009,1.56164383278
8.7217494771,1.13995014669,1.86390674043,2.98257053464
1.31244680285,2.96078268294,1.52436829007,1.52580641199
0.795042246666,2.51771667998,1.4158222772,1.45496065059
5.74845917651,1.39993829549,1.87703545803,2.65790566601
0.159327048177,1.79171771778,1.36312979463,1.8553553732
2.23751977528,1.34318051518,1.14998571083,2.60893037452
2.37346926352,1.49033410445,1.97677812896,1.12202674477
6.23644556162,1.19110346083,1.68963294857,2.58145596236
7.13261810096,1.36364114993,1.93887656693,2.91167426488
1.73631421615,2.60757840224,1.33224700228,2.45186004525
0.952041215007,2.96979859204,1.52037501956,1.10535799328
5.44602727916,1.04962516459,1.30531465588,2.54702498854
2.74994365405,1.43985195445,1.73340022003,1.65843691269
4.48557602096,1.00127000384,1.46850417356,1.76713726202
0.670933609522,2.5662775739,1.69088400448,2.01080153212
0.902592139536,2.72867365383,1.0179153462,1.29910763057
2.04167477033,1.57866537583,1.72445016385,1.78231499247
5.29558611227,1.32885848463,1.94336640034,2.05663509856
5.01640507048,1.34800441436,1.81463804026,2.2958427015
1.85167526688,1.42841583591,1.41645737507,1.81029132329
1.37892034115,2.71594301422,1.21331023648,1.75729497678
1.30360233829,1.562980521,1.54172205095,1.59369943844
2.22608397033,2.83089581705,1.25888601312,2.82429946715
0.988954949851,2.47755105253,1.5473791159,2.72252998794
5.17662636303,1.08431965706,1.60878937177,2.01727220398
6.77758416923,1.32829418545,1.90177443237,2.74384161389
1.86561374418,1.39171592815,1.65897262905,1.12558309201
7.37136010333,1.10470162062,1.84179448578,2.48964283852
4.2631117592,1.47161705884,1.70736501146,2.87736522102
2.91221068635,1.08263043096,1.18864499638,1.58311733839
5.24754029594,1.07393644638,1.56242536768,2.09079778209
1.30793911731,2.66095840958,1.47960798586,1.95220094406
6.48157938253,1.09591978003,1.92905200012,2.05694988264
4.76008887826,1.23834926146,1.65680266345,2.17064064704
1.0864856534,2.43289904043,1.31636024468,2.09344179702
0.123806675033,2.57756043697,1.93697396349,1.28891072964
5.69343425157,1.24967347873,1.79338453983,2.31343699546
4.68061997786,1.09464989286,1.56196955241,1.90950516491
3.27927404261,1.0512917216,1.43847131789,1.39188931699
1.17867007213,2.99803894587,1.98142416038,2.05238813976
2.4243048729,1.34998295946,1.35240495299,2.06123262441
5.49487498445,1.12438265294,1.41099968743,2.63842877696
3.75304097155,1.08465535219,1.74201986761,1.33373120879
0.589994935487,2.41066526806,1.5204073079,1.98251888133
1.41235842115,2.68190241775,1.19456227876,1.81509711418
1.02469060023,2.795653596,1.0148664068,1.59699619548
3.11322223887,1.523532918,1.79891098315,2.0513031021
5.86323002071,1.03527247094,1.48601742647,2.36366913677
5.56982845884,1.02698531597,1.98718733028,1.65514034301
2.11106594822,2.9892226535,1.68691181106,2.49721740321
6.05965328052,1.08910690193,1.33798907893,2.92985103901
5.49911465052,1.28751531255,1.71403259507,2.55315446362
2.7179327852,1.10723077997,1.27612849342,1.42903204948
1.67672068638,2.64339651488,1.51811258352,2.7129563523
1.37454382654,1.81403162242,1.86381796592,1.9129368872
5.42678165622,1.38766709426,1.79255706915,2.72579634394
1.89075763941,2.85688612558,1.22922170142,2.47923107153
0.142856235406,2.26667020704,1.59658412457,2.02557401073
4.92697217193,1.00937889924,1.575464478,1.8295377298
2.93460334291,1.17018400354,1.33874567032,1.63486233384
4.09843239679,1.22692667817,1.69407060785,1.772976565
5.65078173492,1.00411517599,1.77645125045,1.86089479957
4.63720337083,1.21202338411,1.78504613187,1.81251352753
0.47258325997,2.4180576939,1.5769830505,1.87259929874
0.626079015865,2.73376116489,1.93980328874,2.35392676902
0.53136436644,1.99282614249,1.78946067081,2.72633040584
6.05576298937,1.21113194978,1.69732344085,2.55582475514
1.87628927562,2.57752896176,1.02646692755,2.52279384494
0.69218821102,1.47059709755,1.12660816051,1.5459750935
2.83817352525,1.02017108478,1.56783244859,1.06873371352
1.94868233221,2.68015997683,1.29298532239,2.51800569068
1.68351106744,2.9139813194,1.60543515229,2.03619633994
1.55969914263,2.46785316224,1.34589073059,2.88522049069
8.35032415544,1.18092478542,1.87217766191,2.94152345776
1.90622097117,1.62558701137,1.66428715518,2.21195152611
1.61030305597,2.97668824751,1.1955975413,2.49073694262
2.8193470925,1.45533661287,1.50505435094,2.56124995826
3.12091787998,1.61499877061,1.89464824967,2.16860149576
2.45645242987,1.34195493805,1.25028008919,2.39909503093
0.983252638026,2.3791509189,1.22387771882,1.88298199778
6.83223539756,1.24991822676,1.78386006985,2.80194910191
1.13168279659,2.96144054014,1.38282147531,1.39295255613
4.07877949188,1.69188694412,1.99982653875,2.79659962429
4.15276812201,1.14419170226,1.26095464073,2.37569132041
3.93804271331,1.15763707918,1.94988897917,1.28469805765
4.56118663532,1.39905582185,1.96413274796,1.90169463763
0.392889909427,1.93167011441,1.83812222517,1.04452119546
1.6897528523,1.60151473854,1.62725082707,1.95893217919
2.67657236379,1.06304518786,1.3098866812,1.27222355187
2.24019789336,1.0022336373,1.15307120147,1.09504910873
3.16629691444,1.30226576494,1.79352666343,1.38287401581
5.99809606378,1.07352563364,1.76048246757,2.08697293591
0.72149529708,2.79159164282,1.74979620308,1.24336354529
4.49195212713,1.3412946649,1.69854276557,2.3273585416
1.39107624858,2.88761389016,1.45589040492,1.65700257068
0.825354781515,2.79403853515,1.00192997514,1.30640029857
2.11209485944,1.27996295055,1.62232438628,1.06938501251
5.49061148518,1.04718123346,1.90880551533,1.71713143977
0.483527993623,2.24083391588,1.08187718507,1.08698612291
1.49053624285,2.77787954753,1.42763122688,1.86808620212
2.05355054876,2.93694166935,1.60645457324,2.44117346521
1.55239748474,1.69152127561,1.89876601864,1.31015125666
4.86278052068,1.24588887787,1.43189217147,2.85694646328
1.61692855803,1.2992762593,1.03404649144,1.94882458955
5.74613426773,1.11279205613,1.58152457084,2.35938476148
0.521343443691,2.18781664675,1.13545931219,1.5861154862
8.01173203435,1.1072299838,1.71575688519,2.95851560509
7.00435177788,1.02916342194,1.55061048321,2.6886551046
0.0735905536058,2.0765110359,1.40503704993,2.53504066259
6.17280052808,1.00383268143,1.18310379004,2.95906108376
1.76213205719,2.40043114168,1.06192423378,2.72194890512
1.49930649029,2.89468283038,1.6084387355,1.84744578354
1.58044047581,2.85033259932,1.32975030449,1.94491125567
0.422573348472,2.38604274146,1.49592016764,1.46852363911
3.83766818546,1.01411555082,1.53356401948,1.46866583577
1.5257590393,1.53290471267,1.41553153063,2.21920735025
1.41644158074,1.32999182878,1.43175569163,1.01287052969
1.26246472919,1.62934776283,1.56967136007,1.8840125288
3.78469385145,1.0920942269,1.36868284071,1.7921323486
2.06983308718,1.64814875957,1.6144722825,2.96993839354
2.3822236793,1.30214127965,1.71934209295,1.12595031069
5.16597899253,1.18278347099,1.82875788272,1.88617623602
1.25488305991,2.86497415261,1.72367375344,1.79114326731
0.793884024968,2.74039510715,1.35722847339,1.00148442713
1.58690425274,1.40208829417,1.40530287321,1.45286339541
3.58505106205,1.13819826518,1.29653015182,1.95784969566
3.58338804613,1.15573296563,1.28885257685,2.04028017834
2.69473932133,1.19802971025,1.818118497,1.00823925152
2.48550033047,1.52181632213,1.49517149311,2.88635412005
1.05530353937,2.7304298651,1.4223214008,1.3733384531
1.59538474692,1.22723344347,1.07782240226,1.39431218921
7.82104918981,1.02465552321,1.61098551173,2.87752904419
4.35009840188,1.36570504257,1.90311749522,1.85193812847
0.447590674352,2.46612053337,1.68199276034,2.11844171531
3.66885189932,1.54855015215,1.73206206374,2.89589924668
1.88402696189,2.8052248941,1.28555306188,2.34862272207
0.687651333097,1.94650153727,1.96770578307,1.17695374049
5.99531643396,1.48454679138,1.99880225277,2.72632810425
1.8838499014,1.32993035146,1.05330115275,2.48634088057
2.13573748576,1.36263195026,1.47893260328,1.55325118653
7.55995893841,1.00896990035,1.61663565833,2.73726154866
0.865208208994,1.79088875291,1.72544622074,1.69334547711
2.58359712818,1.34444746119,1.87387824205,1.10146176813
4.94241823843,1.17000289616,1.33035495992,2.77599664922
6.17613906037,1.02926210748,1.28297478295,2.85375575338
3.20976331246,1.45590222043,1.51223222172,2.88364031647
4.79442167377,1.17250513222,1.94061963844,1.59259961406
2.74720367995,1.13555985791,1.46310999672,1.28241315181
4.15442042143,1.11482561146,1.38838381352,2.00395189954
0.470015457559,2.0933228713,1.01001577505,1.60745852347
3.36297125563,1.19417304899,1.37605778111,1.88999025835
2.51429036431,1.10368939104,1.59770609298,1.00889910476
4.62463390745,1.20241868191,1.53716178268,2.24066254081
5.15759646893,1.49100551746,1.85383926544,2.90383903466
3.75217177735,1.14758218843,1.44732004814,1.80984067622
4.86719643245,1.00942083354,1.04844426438,2.60589412951
6.39224677779,1.29780835113,1.9579630805,2.35961287291
1.06636568856,2.78885765079,1.33839626144,1.3158406387
4.72044693597,1.35522399859,1.97678575962,1.83109139882
0.932198212171,2.70073429498,1.08069890602,1.25282603497
0.829742503729,2.54134280147,1.07738051985,1.12425077707
0.170032966524,2.2325438555,1.44000871296,1.18327336469
1.84089740303,2.56503250031,1.26791188594,2.6237058452
4.58027905656,1.39540376508,1.95348763479,1.92291684456
5.96225106192,1.14554391984,1.62264403595,2.46574285689
0.851656428047,2.42569622296,1.42158813915,2.05409725691
0.612027164694,2.65568828122,1.66654190377,1.25851361033
3.19467453511,1.16257773039,1.40105415479,1.65003038384
2.06051980855,2.70184185845,1.33740101569,2.65395849176
5.57328637,1.18798655835,1.89515345034,1.94123400151
1.02581748616,2.88590840996,1.4124361924,1.23011387616
5.09990757059,1.30000776666,1.8994723783,1.99574676093
6.57917808558,1.09811188021,1.61688617146,2.58644951257
0.706809250168,1.45518993186,1.17756305349,1.27402170098
0.0222181096731,2.38659126775,1.8537466071,1.21593590486
3.30846851676,1.00966250727,1.4601728868,1.32123303869
1.13948314311,1.68567180462,1.82117033607,1.12424165873
2.35252353838,1.4658586429,1.53222278615,2.10242573097
3.15242287138,1.34553999725,1.55985803202,1.96401111068
1.15963620791,2.84407253957,1.95188090399,2.90661567169
1.98309183239,1.45399546298,1.44433427497,2.0062238995
5.61491255204,1.01086465234,1.50161542472,2.18611130583
8.44532590169,1.02773740328,1.80717787164,2.76973846615
2.79381572087,1.60543205301,1.7529831791,2.49378206571
2.03546350048,2.97975178334,1.47397260197,2.3932043338
1.36471350672,1.3917031729,1.26480794327,1.54976630623
2.62427518243,1.45381485115,1.57330238858,2.10655291115
1.26951731002,2.45285369128,1.12823982819,1.90712703271
5.95824080617,1.13945217689,1.39718152519,2.96807788758
5.13964257539,1.11361554318,1.90374638033,1.6767650794
0.907380165551,2.72582286545,1.16198476926,1.17694387798
3.02849051376,1.106362466,1.03754262437,1.99749016677
4.87011122121,1.49229071564,1.85820730371,2.73145589536
0.994453074144,2.87825842541,1.84239269133,1.68687343917
1.76746310363,1.41452428611,1.73308011778,1.01059841015
4.71052631751,1.35872275805,1.90998148094,1.97063970024
6.55546297613,1.26567241206,1.83676344428,2.6099597884
4.0097547576,1.52716681523,1.96668661386,2.05164378879
5.51172612403,1.14173307382,1.95470055293,1.77181877816
1.47288758204,1.50408627913,1.29028902488,2.55546958789
5.03851090838,1.11425348803,1.9132315564,1.63426685265
4.1852041907,1.01551955615,1.61559212969,1.52409427047
2.82976182628,1.15252644577,1.18298149639,1.78514313619
3.75754674314,1.02219393508,1.54032732042,1.44251937311
0.276444827065,2.02936939314,1.85395659346,1.27848066658
2.53598493908,1.55617868678,1.82250895889,1.73636795819
4.07691452645,1.19650483688,1.84026965498,1.49554746627
1.53365904292,2.85815499408,1.32044522665,1.8971070704
4.12716745431,1.11110172299,1.57058593868,1.70563513091
1.17595271599,2.51565546322,1.21946867456,1.7285894889
4.0159086425,1.3803821952,1.79631028523,1.98209676868
4.65358670307,1.43538458065,1.97704599456,2.01495490342
7.29470721665,1.12186523773,1.77176530584,2.62313373868
2.81602924819,1.27557599122,1.40377267449,1.82812916499
5.59123940701,1.38738588312,1.84367468188,2.63656554655
2.09975422717,1.34470723054,1.2843639668,1.95708454171
1.34830068826,2.80648435962,1.63050473059,1.88630465469
3.48496086151,1.23365095324,1.17920961944,2.70941054303
0.868285674045,2.58936275819,1.10308487707,1.15304043343
2.78103349829,1.1908340358,1.06788998582,2.2089189549
8.17691926944,1.15891091933,1.94448521095,2.68029940692
1.19332996599,2.8770504838,1.53463220096,1.44322037234
0.982566378796,1.73760759323,1.83910582335,1.10348689646
3.51082568348,1.05819505974,1.94868402272,1.07908946494
1.32086360332,2.6921442429,1.63619699859,2.32184444098
4.02856830593,1.08353004377,1.07345677025,2.43715202929
0.931911756666,1.80839701185,1.82387346917,1.4322246801
1.55712667894,1.44358811216,1.47840311135,1.43018194994
2.84568643378,1.37593266406,1.413284509,2.37404813268
0.512096051477,1.94016269489,1.89811011871,1.1092969902
2.29063118046,2.80242776364,1.27451587536,2.86664936219
4.46892187198,1.04386072564,1.52845631276,1.7662049503
1.2585036882,2.97092075104,1.61354712667,1.46650620678
2.10565808362,2.63494641827,1.16618617906,2.74762951404
0.710091271456,2.43585917368,1.03505374313,1.03348427589
0.95656976961,1.64248393611,1.58505404892,1.44964050424
0.880430823846,1.44122038356,1.04734035918,2.05459146763
3.44804709493,1.16621230803,1.3055857101,1.97126384712
4.78380815465,1.34034298191,1.79004396622,2.22381430854
6.7202971733,1.10765164183,1.74934698144,2.42408737612
6.60444068007,1.29872052269,1.97519768929,2.40156121604
4.91067501773,1.06468382016,1.49407639204,2.03418139964
1.93733830875,2.84988659986,1.2120128065,2.56570786969
3.04628428981,1.40811905198,1.70090209279,1.79671193227
2.15168978088,2.69861398909,1.4285389062,2.90782235502
1.05946082999,2.995312132,1.23494794802,1.58235144555
4.71891694559,1.09390130638,1.67330555344,1.77322012597
1.39634248623,1.94058968803,1.94983496531,2.48542778764
0.483432324533,2.26745139702,1.33329292684,1.7613486643
3.25716063573,1.34012130155,1.74546983914,1.59305296
2.27279013291,1.7029440103,1.93520631572,1.83079794758
0.986631623624,2.85930222659,1.50502869434,1.19685378298
1.99130123635,1.35658423847,1.73654272224,1.013314049
4.57829651756,1.18364842118,1.77237216532,1.75112578718
1.63935359183,2.53968078081,1.37987172691,2.71359236211
0.836008595731,2.97343080116,1.37036309766,1.0447705352
1.51812220558,1.44287892436,1.46275439729,1.43091141863
1.73085833074,2.83571723809,1.23440080744,2.23490722729
1.74914263494,1.81242762843,1.82825609061,2.69697762397
1.86760251363,1.02048050567,1.04675169302,1.02125795866
3.423106162,1.53699112761,1.91312863119,1.93501309626
6.46385629444,1.25991983836,1.74097191459,2.80054705473
6.12228375736,1.01505033549,1.93716216358,1.85938802633
1.2808256861,2.64111089762,1.3442652464,1.75094421361
5.69765040934,1.07202678224,1.20750763717,2.98931978422
3.83933156771,1.09638968499,1.9441232174,1.20737106787
1.61587929499,2.93649334705,1.46379588275,1.90581048265
3.53933027889,1.28686400285,1.86488585462,1.40892268308
6.02700540359,1.27581891123,1.68623566039,2.82835125548
0.261573081636,1.62936829588,1.15970917886,1.696563112
1.19318376734,1.64731548533,1.50554071968,2.32079016627
2.54720603449,1.68277334229,1.85914286924,2.28553730915
7.31640570089,1.19363148732,1.91794430161,2.51656293644
5.09782093579,1.12703991352,1.86719509995,1.72144351535
1.85856026457,2.80495058881,1.01132904002,2.94910387463
3.46991090894,1.12199701065,1.58985340361,1.43130304633
7.47538838965,1.12878987061,1.76602324466,2.71664089571
6.94713901388,1.10035779261,1.91844642236,2.22554187139
0.571808765332,2.86181363529,1.96992536946,1.43285006986
1.81179213068,1.13068169415,1.11604520064,1.16656020519
1.62021038389,1.71838712618,1.7348551679,2.23561433327
8.60643108741,1.01359777469,1.81075416401,2.79525860931
1.7186467839,2.99484564088,1.89322758269,2.51780267025
3.11232182194,1.27850045057,1.97747704743,1.10543437406
6.21198176089,1.0662022559,1.69877156431,2.23703908866
7.76305210376,1.02706363089,1.67757148064,2.74673142682
2.15896220443,1.44778075917,1.82698208918,1.15921722756
3.48311069083,1.27762580247,1.35352918252,2.42341645696
3.35509622167,1.46203611813,1.73318783339,2.12682633153
5.49659747509,1.4644416787,1.89513506461,2.77358026663
7.00545285164,1.06867901382,1.87172845263,2.26560664177
4.05833027608,1.48981932873,1.88040485179,2.19269974331
2.48404204303,1.31657055317,1.78956312007,1.11304203787
0.439862600597,1.59036332431,1.0975239241,2.6340908829
3.37205765306,1.61043157526,1.93158685531,2.16786999191
1.06957968098,1.62503090002,1.41161863599,2.47381096593
2.98121677704,1.24681519053,1.58549871973,1.48207683963
3.30823509179,1.24165009193,1.18954861724,2.59488462631
5.40175226432,1.16126553376,1.5641271735,2.39707789042
4.31653716553,1.01697023091,1.08755386148,2.27077462271
1.32468912666,2.58748128619,1.4886112002,2.31149970899
2.3222460545,2.79231313651,1.25424706298,2.92650183567
2.88004638181,1.00598723497,1.44890116004,1.15424354341
5.26041453404,1.17100093311,1.43581181893,2.66670437432
4.29052290243,1.65274748759,1.94450194312,2.97789158845
4.06701124073,1.03662560223,1.33798278568,1.82291797238
3.75711638011,1.29243107158,1.98264749915,1.34772624482
4.09715149401,1.51921484635,1.73878550689,2.95597710693
4.68516328214,1.25724773076,1.64485786304,2.22787027823
4.75397946274,1.05329854626,1.47575306371,1.96922005551
2.74034732471,1.50738895636,1.74196753495,1.90863984022
0.590449602063,2.03744157076,1.93278406308,1.87354897519
1.02591661508,2.95811684938,1.08856418044,1.86429126242
2.6906404779,1.42566488499,1.49125638952,2.28767207124
1.22600156359,2.59261513007,1.00825775137,1.65759205988
1.55919512261,1.64014193658,1.83928224652,1.28950658005
0.472158908456,2.42058842175,1.42644680944,1.1722297097
4.54708742195,1.24539325839,1.73530113396,1.94087505024
5.20012702086,1.07751712903,1.4296306134,2.29716800961
3.16652918778,1.04535098688,1.8678489064,1.01281736045
3.23655402474,1.10760624512,1.86386355094,1.079512135
2.34918745702,1.23088901844,1.39746278038,1.39072025716
2.49385115408,1.35160450184,1.27289207705,2.42299092824
6.02864841293,1.09609458862,1.6167224084,2.36515625519
0.809554970945,2.24385533348,1.28469700586,2.85239132873
3.26796842556,1.03979451755,1.88861567668,1.02997600748
4.75825597033,1.16985241574,1.79030265726,1.76763740984
4.45220926758,1.12314869929,1.20949561383,2.56765889271
2.04013264481,1.34329884544,1.65408028037,1.12042920553
0.668436411644,1.78421766855,1.61981767325,1.85968568611
1.64853270062,1.29782006916,1.31645278276,1.27205706328
3.03411752622,1.25454650094,1.31176030991,2.1021048331
1.42147243336,2.66519215776,1.20669175972,1.83374279058
0.692136761048,2.40436430619,1.12305051292,1.11592656847
7.40955222137,1.14183334212,1.73621036846,2.78903263944
0.703334067848,1.52420627989,1.17336269806,1.89189422841
0.851718721274,1.74574501527,1.57091969499,2.27484498511
2.70858749267,1.67466496763,1.866268841,2.3363250285
1.64551819664,2.51700898122,1.20617027958,2.39237107848
5.46948876454,1.07504984329,1.93876225972,1.70522892278
3.15261257995,1.23986425004,1.07128198881,2.89443996884
1.78298292789,1.61382237921,1.55637156626,2.57894578304
1.43378527193,2.96862893455,1.52108445182,1.66484484539
1.07373725249,1.43240779463,1.2007997303,1.64358885888
1.42650971489,1.55800243528,1.43439805686,2.21109752245
1.30101675985,2.75712449621,1.34301402662,1.62353403422
2.53470416577,1.12125376643,1.62601352487,1.0154923281
1.36771933153,2.4223377165,1.00923340203,1.99656007263
0.520907248959,2.21408669019,1.21759975576,1.74330222407
4.43700727522,1.27231142615,1.54212325463,2.42363302258
2.47363353479,1.61324353051,1.81373354896,1.99753685864
0.941466462531,2.76171227909,1.57739126572,1.33086016385
1.78216128997,2.7759467314,1.04794246184,2.6041466715
1.38649009818,2.96069802824,1.34492152163,1.75710300716
5.12136375596,1.07873361748,1.56460887088,2.04802276249
3.71535974966,1.18299343575,1.570063933,1.6926067024
2.42284368812,1.71009706102,1.99309564731,1.76130622573
4.8936485526,1.52619569551,1.99866532612,2.38703322458
1.76933044998,2.97238713177,1.73914553693,2.20661514902
2.74504249103,1.61068431641,1.98640593637,1.60575964957
4.19414436182,1.10772239599,1.31458590036,2.13275935396
1.02335377071,1.79923426615,1.91223991809,1.17392276388
7.80712116908,1.1765557417,1.8343258444,2.82055114413
1.6622617823,2.52097637115,1.34323474062,2.72779574177
4.41761006506,1.1556199897,1.68715528792,1.75458685538
3.96481852657,1.36035307981,1.89009889378,1.69919785476
3.24170462625,1.22577861717,1.30131868138,2.12109007913
5.90178385185,1.46780878379,1.9289056042,2.86266932795
2.35047099711,1.65725600457,1.91185990662,1.75848758061
1.90575218805,2.83152347323,1.23357029649,2.45738347564
3.281398946,1.00547552938,1.50482578432,1.26858580411
1.15436494709,1.38952049072,1.16052060674,1.59248157668
2.6279331639,1.60918640801,1.69167049824,2.70545469969
2.13020152417,1.54305475793,1.74828756801,1.60835640317
6.26255107466,1.00918894946,1.4922199613,2.44895814466
7.3296953721,1.21261830396,1.86513935424,2.67855457865
2.58618306343,1.58184563501,1.87069927471,1.73158884311
1.90717181507,1.40742881177,1.37261162605,1.88101338756
7.68322315716,1.15526127445,1.81711281687,2.75591055163
5.64230928464,1.15451971742,1.77967858634,2.08084762292
5.74000059401,1.21908994093,1.8225632029,2.1897591275
0.698372211622,1.84773304772,1.65665859337,2.4894436155
0.637818092463,2.51882846401,1.36738315335,1.08425167773
3.51457117802,1.14812586451,1.07099048406,2.4782163566
1.92540952057,2.80746516982,1.63124130744,2.69186408845
6.78225220703,1.18049870207,1.60228029545,2.98997104696
0.778808736431,1.9230372932,1.85755732069,1.81999430432
0.674457678074,2.34414997523,1.28498991034,1.59052643244
1.52552953508,1.86392962167,1.96961022361,1.87047549451
2.03934566643,1.3364876248,1.4082554202,1.53408549462
4.29749991507,1.11121464779,1.57170680161,1.7747221615
3.41181190523,1.08822297799,1.06657153789,2.09863152665
4.92014522124,1.23157770232,1.87972737212,1.81176766022
1.35718519006,2.88358543956,1.12855023959,2.03691073242
1.42079966395,1.36775137041,1.17193436009,1.75160596995
2.61871297598,1.59859881736,1.81497305005,2.02670327248
5.00319493463,1.15094816721,1.75896461321,1.86803721005
2.35600652607,1.01761612937,1.1498527017,1.18230382932
0.521547358249,1.81575374037,1.72290409404,1.16855347418
2.93762618949,1.15899265706,1.4909545678,1.38678966825
4.51011200289,1.53176886466,1.99716272441,2.22645544865
0.886056397309,2.58351084469,1.65621399455,2.2364840484
1.40017352963,1.53382396048,1.52967721975,1.57772717296
1.96530001824,1.35664968925,1.21579972424,2.14345818658
0.749647927108,2.54608198573,1.56057021733,1.68036357603
1.9162898345,2.83439521643,1.21916190243,2.5001012686
3.63420594229,1.22139327832,1.8895433716,1.31318208655
1.17003349858,2.37637588501,1.15728946751,2.06370028273
3.06763579713,1.04413023037,1.02704020972,1.7842347199
5.54857816234,1.04447968212,1.21643717854,2.75960297024
1.57796547303,1.724437966,1.89198123574,1.49085587726
2.68080649891,1.19234355802,1.29593962211,1.63573494778
1.51866740494,2.94462967152,1.5010488859,1.77656513156
2.44427628964,1.01481624326,1.32754751632,1.07319610002
3.50764381067,1.19072814034,1.43918072198,1.83535788338
2.8102692483,1.37638006457,1.26914187311,2.99377264206
1.52826583662,2.68411120394,1.20401775254,1.96085240466
6.24173389442,1.06831471678,1.54253469972,2.50714900118
4.58666421001,1.36149641893,1.62595042144,2.71081441187
4.81668340589,1.2446975232,1.60945273949,2.32730032598
2.68737083053,1.22307855795,1.37477731822,1.60531911729
2.19159212309,2.98906850004,1.48212802362,2.57034788182
3.19105219853,1.39283292835,1.75038213909,1.70745592863
1.46149193515,2.66224663785,1.04605022896,1.97416155851
1.44032294117,1.60044328917,1.60758751072,1.74123642772
2.87938808255,1.21464513836,1.63538678792,1.29361030342
7.34190750159,1.03516692194,1.59006289042,2.76239151119
2.93342471009,1.19178773956,1.6846241642,1.22064999622
3.59596212322,1.06356657523,1.40609371836,1.58771916592
2.28033447659,1.56299113034,1.83094869196,1.56430907621
0.885512488705,1.51870247397,1.50157894815,1.00283011359
4.48678896306,1.13672116648,1.44207835136,2.13731556974
4.82061511632,1.28562034457,1.51353999047,2.79662001851
3.68142822957,1.60972092195,1.94452168841,2.30969666898
4.28133021501,1.2088261163,1.35249061717,2.54341280489
2.99915767963,1.31005911187,1.75984283474,1.37377633862
0.880543920087,2.5645104744,1.29689142753,1.28267372862
1.12759189446,2.93864906536,1.21143321418,1.62021314077
3.09721411602,1.44798819144,1.75173692133,1.85107939259
2.18447661929,1.52447995365,1.44861261353,2.84026127317
7.79476525214,1.03538774122,1.76586041823,2.63080655475
0.263680545468,2.67888491506,1.95722027101,1.47018018777
3.59700945487,1.39070231291,1.72706754398,1.97593049568
0.463863533602,2.22134099691,1.31171176766,2.00734101098
0.818392614817,2.8772186583,1.71074918786,1.12685575552
2.78278899537,1.26636905956,1.6091106147,1.39563147228
3.74151360063,1.07019155124,1.10615166457,2.13740846996
0.347419251783,1.91909168377,1.79705437389,1.0293302435
3.07037021259,1.08457154996,1.02298879913,1.95370018279
1.77586300185,1.4222078017,1.43811356552,1.63715283665
1.87743653198,1.29974272213,1.23170527506,1.64761766698
6.90345707889,1.03392799824,1.81005454182,2.26840759533
3.79309019104,1.18581566117,1.8048762727,1.41613485141
1.61708834163,2.66096908643,1.19245990356,2.08997218268
6.89257168201,1.1294048484,1.9415450991,2.21669732525
3.96032622922,1.00691960067,1.00387979747,2.18649307199
6.11361282235,1.24676265382,1.90534230305,2.23797688805
5.88038726293,1.18475441405,1.50904015446,2.84406957276
1.07504934258,2.80516936297,1.41578332486,1.3211061712
3.10765117311,1.62020061257,1.84746205507,2.39352014561
0.864955277527,1.82342155059,1.77396500192,1.67697129999
0.512574273257,1.56816313238,1.33050230658,1.10919856257
1.51916479621,2.97803654106,1.63861690224,1.77535083803
1.34732385211,2.62599169738,1.57442395959,2.48318780248
2.53565753015,1.51172156662,1.69412216077,1.93847266761
7.82201260367,1.08764002234,1.87383242868,2.55668572449
2.89992580189,1.32482961569,1.64565824732,1.55247916802
3.10416732002,1.52490701199,1.95320810442,1.61313204404
3.24848558634,1.41494973971,1.91469524413,1.46995398238
6.13577832251,1.16402466807,1.7528222587,2.33374359095
1.23467749064,2.64425498407,1.36385849293,1.70304993542
0.575644409055,2.1846299339,1.12431928664,1.72834184752
6.07997460549,1.40688694005,1.95349777472,2.59520393426
5.10270620766,1.43248687541,1.95075481061,2.27124742365
3.47241964973,1.70742834718,1.92824453152,2.87504613458
7.19647481041,1.1350861248,1.76255997957,2.63773469462
2.94333868955,1.50456114478,1.86438583469,1.6771863637
1.39787745399,2.59605693784,1.4281455775,2.20364078622
1.33608765639,1.76227894476,1.95617379681,1.21643336313
1.05275355102,2.5168422895,1.3996693995,1.88251329118
3.48292622558,1.1420542593,1.940026451,1.13117152775
5.06741775728,1.30048417516,1.69187945867,2.46173100929
4.57085253709,1.50738149115,1.82831560536,2.76926848777
1.49526934465,2.47789576633,1.24527016621,2.38424680055
1.30399668643,2.33132736795,1.12610388357,2.44875899879
1.48782012441,2.95495642265,1.94997796839,2.66956337921
5.18056584978,1.44254586945,1.83463686483,2.72519513161
3.05350378599,1.2312732205,1.11523989248,2.56729587792
2.2320315908,1.51655990953,1.6385250913,1.91260994904
4.22329440508,1.0335428487,1.74454523097,1.44183576759
5.40257945301,1.30960594216,1.66228950123,2.75724975749
6.83249163012,1.17266244814,1.94917496051,2.2557543712
1.37987131916,2.95813774702,1.86066639828,2.04939502642
4.08173248765,1.46451602765,1.90374112131,2.03604558056
1.97366761085,1.34228412197,1.03327090022,2.85667638677
0.868024992362,2.37834242093,1.06479433602,1.39025232087
2.26632054581,1.16733478504,1.28959417305,1.32018554016
5.32424930662,1.37243761415,1.94738709736,2.17945137007
1.79366664384,1.60094202083,1.8044362314,1.42577049434
2.56816516255,1.01522379516,1.08691942144,1.34765673207
1.33643556795,1.41878144375,1.3612703639,1.3988703949
6.49773579595,1.07377834261,1.74081291064,2.29045481859
2.85202670917,1.24042463005,1.10056620123,2.51660552237
2.9824746677,1.14277462557,1.86196054212,1.02371753429
4.6425462846,1.45904686629,1.91885986025,2.24779553282
1.02385309523,1.6427975644,1.63837770408,1.35112965642
2.77583051687,1.52775229887,1.62745773847,2.51235243579
0.561649769454,1.52757841242,1.02474147796,2.60354334317
1.45909006482,1.50127419872,1.29874345665,2.4452702231
1.33127236768,1.34572767347,1.18956216317,1.46094637674
1.07910271809,2.22203601939,1.07912222451,2.5635435625
3.36790429904,1.17141148796,1.32460392597,1.90812133448
4.07352205295,1.25393917007,1.89365782493,1.51837547669
4.3689794567,1.10696300331,1.59777000308,1.75959752075
3.38554803954,1.24017299067,1.98259704515,1.15345812748
2.05989592835,1.82476618129,1.97990906507,2.14612112672
2.66521705074,1.01415658032,1.07921258411,1.40447288257
1.69754424265,1.13618958141,1.05961710535,1.17614297128
5.11574396172,1.39408064674,1.87043843957,2.36172131391
1.13891316307,2.69096932157,1.1988070358,1.46027672578
5.81010238318,1.31918388139,1.883722802,2.36728750998
1.75219025532,1.32899270811,1.45152419004,1.2158318182
8.79489982103,1.01859419788,1.74031068577,2.98092551353
1.94571660391,1.36434996199,1.49815136197,1.38198553344
1.24486883222,1.84025372792,1.89387457069,1.75380877329
5.53134289749,1.24298709808,1.94738850737,1.94570510185
1.37129357368,2.44215065944,1.34412700232,2.69996039266
1.17949505724,2.66017811098,1.18308927682,1.52564399027
3.95335477021,1.113938194,1.36749217911,1.93908393659
5.71895338614,1.09292470737,1.63658772752,2.20407412893
3.50805131307,1.23819769953,1.34623966077,2.23997660024
5.93399005983,1.30504933703,1.95240361477,2.22016159458
3.60766789727,1.43311948046,1.84361089634,1.84249417789
2.23844407476,1.68715517767,1.86676676381,2.00083523242
4.84623926855,1.10732891278,1.8926407129,1.58575921263
1.86659966642,2.78977240949,1.30158263148,2.31631482916
0.458456569047,2.08676500049,1.03215247432,1.7166326952
3.25482615564,1.23074755361,1.32761695936,2.0884702449
2.85626682108,1.45905827581,1.45205115063,2.89695863687
1.6376439781,2.936585871,1.31921063029,2.0908774575
1.52624466843,1.78159701568,1.74546635257,2.67454061982
7.72437306473,1.06984084266,1.99587100443,2.3235260909
6.32525559724,1.03479733883,1.66242014973,2.27241496378
5.19500740449,1.0341868384,1.14231459889,2.69478099571
0.985509475696,1.38323813231,1.20989991864,1.20187668073
1.58902308631,2.99286302198,1.58919172846,1.82573876047
1.3376640388,2.68710985012,1.68177483913,2.6064136318
3.4048743614,1.14036346363,1.71374492069,1.30193155708
3.67048181555,1.16715223164,1.71512029482,1.44420094591
1.55518314364,1.35789709242,1.29543996939,1.4859984989
5.86683010022,1.39693976194,1.94284254436,2.49872415525
3.9403805079,1.03040136423,1.10355050538,2.09492054861
4.57795566656,1.16691256094,1.6633794863,1.87967720045
4.06200505889,1.07541844884,1.72928886561,1.44469587802
3.76863252038,1.23842840909,1.88010660408,1.39755320775
2.46836235796,1.07537480258,1.24589405119,1.26079239772
4.82965620418,1.03964629861,1.93463504205,1.48353656419
1.52740608105,2.47382917918,1.1869806989,2.32557231819
3.57750808048,1.18067446173,1.68586498847,1.46615013259
2.35794998712,1.30261303674,1.05593506252,2.77249661504
4.57165105118,1.09710748885,1.95547487092,1.428179846
0.604531327845,2.92485629158,1.99841128163,1.35056475528
2.05174725582,1.21879626879,1.28636738253,1.34406420455
5.51565273882,1.21864022277,1.73457260877,2.27290753314
1.22864444874,1.52082417679,1.61411940444,1.11682095295
1.67564233173,1.56702145446,1.48194244558,2.39911819529
5.78974916779,1.01698833549,1.75567838736,1.94319411305
3.33798159602,1.20850086871,1.69366415325,1.40850351919
0.663074479269,2.38498745206,1.14789240411,1.13644756055
3.28499169328,1.33865609161,1.98574322235,1.2374735182
0.898172084427,2.84712903569,1.80626730983,1.5212755436
1.10644394001,2.86841434585,1.11175736256,1.66602144212
1.17486183396,1.3028950693,1.18503003145,1.1186813171
1.6181322455,2.63738422634,1.28401577168,2.15425533338
3.8452967756,1.35229704326,1.78815590933,1.8268165323
2.89207272426,1.49324719616,1.74855661344,1.92514276923
5.19497397927,1.04790303642,1.93225015099,1.60386765861
0.649203226512,2.41512083861,1.10906601391,1.01619821972
1.12073262481,2.75444448706,1.80668008812,2.42986897005
0.623764643991,1.58384943589,1.16315466487,2.65647045264
1.70081217047,1.18677430839,1.05462243462,1.35765139676
6.88815608675,1.10837312103,1.56538738214,2.84877147096
0.827271979264,2.83177616233,1.44811362895,1.0074609018
3.06979886398,1.28581949476,1.7232365495,1.40769644405
3.37368505072,1.333937513,1.82955953921,1.48609583281
1.96303925927,2.80000227972,1.04362105466,2.96355934951
4.18441679696,1.26869026846,1.77604323506,1.77321199906
4.09777435287,1.49598786728,1.93571926037,2.07011915011
5.66840010886,1.3236024227,1.78587746734,2.57790145166
3.03498202411,1.37499888392,1.87604989406,1.35070209332
2.64002627429,1.23520765647,1.50313249786,1.40290770156
4.05676800557,1.46543596187,1.7362115198,2.57977617251
2.91838630552,1.07849980057,1.41145614217,1.30928883878
0.973462525886,2.85358426184,1.64629228663,1.29390033064
4.98563957624,1.11075121591,1.85553432434,1.67604181005
1.14461136531,2.62014153077,1.41186191008,1.70003886262
2.41147122167,1.47053065158,1.85499960693,1.30128794678
1.67429699676,1.78919479801,1.88741626155,1.98387956577
2.04046325525,1.1909174522,1.41249209253,1.09732152051
2.21120159587,1.34068810132,1.75107773929,1.07549515599
0.704897958897,2.82038246771,1.8013571265,1.25922781067
5.31488875784,1.33709681273,1.64142665814,2.92906449704
3.74285613049,1.04040012263,1.94978091597,1.14055120061
4.5754853347,1.49442325933,1.99117857291,2.13605441006
0.653464047648,1.79830728494,1.71892016911,1.3574058533
0.503508586795,2.39512923047,1.41009240239,1.31670545522
4.91252355334,1.23412301497,1.90998464272,1.76769008827
4.60623400196,1.11701718925,1.19592345368,2.6583805567
1.78122001705,2.85860745257,1.31525822737,2.2090354352
0.211087857126,2.27709748213,1.4288775877,1.0278205529
5.85555356067,1.13318052708,1.41589848294,2.83888852978
6.48590640345,1.02102539874,1.29770146443,2.93186108312
1.30496106386,1.40617332577,1.21373885328,1.73329311367
5.01515665966,1.26550767899,1.82271046376,2.02299435923
8.32847821454,1.04077940891,1.97245081974,2.50716534866
2.0597422983,2.48544097275,1.04112555789,2.87382103367
3.56128740121,1.50912730838,1.81215402791,2.22174945614
1.28959071437,1.79158385622,1.8732508261,1.60305983801
4.55441859179,1.33598835872,1.68961683031,2.36192631322
4.36033914819,1.25092361476,1.63775525082,2.0673340917
0.980480306539,2.92077426117,1.59263841384,1.17317867156
5.43094856303,1.13097856185,1.86863168194,1.83775993506
0.609289138138,1.73364604385,1.66363094875,1.10889948795
1.6858050299,1.8829961726,1.94591614251,2.38825083088
5.5265780695,1.06355202214,1.24537497888,2.76922534983
2.18655947792,1.60800630063,1.65993768912,2.40711367646
5.90921400446,1.3164698119,1.98361291027,2.17417399927
2.83542463073,1.72504839526,1.91116631102,2.56676129066
5.41079168429,1.12963560767,1.36173165019,2.73798234357
4.14125125126,1.07458207803,1.45512175481,1.78720600473
4.37898373613,1.26092359569,1.54067622274,2.344074027
3.86726817149,1.29480098641,1.59031260786,2.08693580077
2.49440219752,1.33826342544,1.58636590339,1.47722185045
1.43407729476,1.69693633393,1.73013382382,1.84265003629
3.44719432517,1.37570291054,1.69368450689,1.9198770315
1.29900733821,2.90546856315,1.82813670019,2.02175351766
1.53647074102,2.49417770616,1.04170352184,2.13078049749
2.90025239618,1.10433794848,1.71511492929,1.06854758629
4.98817995577,1.15066965372,1.74680465106,1.87948080625
4.43564872972,1.1873931734,1.59469219766,1.98854276382
1.91364513337,2.96808204995,1.37748858878,2.37169995735
4.77406925726,1.42121972465,1.73256296155,2.76999637326
6.34484619225,1.3706943579,1.89617465432,2.74204672453
3.36650954988,1.5516532969,1.9233748698,1.93004996178
8.84850092274,1.17570251305,1.92302278427,2.98541551594
5.50251436608,1.10191014872,1.27473586654,2.8695505011
1.4882646589,1.37380131387,1.18579768869,1.83072217518
1.30156840153,1.41019979108,1.32108295558,1.42405507345
6.21769271524,1.14417319827,1.74221312254,2.33529362941
5.08554769484,1.12356774909,1.26420991772,2.785752534
1.236692348,2.8832209786,1.21017201942,1.68254358928
0.809803991194,2.30616692906,1.21439349311,1.88001863356
1.51652078547,1.6754005011,1.57024805772,2.78656762891
1.54803515818,2.51599684883,1.21929500261,2.27419103859
3.59251441455,1.5319947827,1.67839806904,2.98971828132
1.54309263553,1.85198528524,1.89428909509,2.27567896474
2.24624486009,1.32667652357,1.14927369446,2.464382181
1.65040315019,1.28580456617,1.16057694691,1.54263803554
1.65977675068,2.95328675503,1.66784251675,2.00504340066
2.24323402815,1.42191998682,1.25026430848,2.95130838383
4.93631757679,1.2104228777,1.48901667051,2.54429625564
3.40700045243,1.16201718555,1.80093659132,1.24531808121
0.606395071159,2.62418208819,1.83587243823,2.44458118851
2.14582602576,1.34096694357,1.59134401103,1.26996983901
0.639411656722,1.943041054,1.87209783859,1.56473552129
2.83796903897,1.76641852422,1.94334003891,2.69861716837
6.31023839434,1.12948171019,1.48225922649,2.8714863855
1.3925233162,2.56425173705,1.21749589227,1.9296204988
1.36887229376,1.93136802932,1.90158244298,2.80046477853
4.62520360221,1.00467710792,1.64309456105,1.64336777854
1.06879643592,1.37202548773,1.06769038842,1.65207011413
1.35639029099,2.83478170645,1.59327410936,1.76254261985
0.679505276678,2.99646415771,1.11968078377,1.2540725355
4.2616962517,1.07764671788,1.79476071307,1.45485751662
1.83254156844,2.66215227285,1.51979137196,2.86537838857
3.29434212343,1.22547766249,1.76560516164,1.33157912512
0.163383059416,1.98077187371,1.63250017158,2.40761630737
3.56545105832,1.17154238063,1.5675844703,1.60077521069
4.91264803269,1.30533685345,1.58360288943,2.72775904466
2.41372671097,1.65605885303,1.71807079586,2.74877820241
4.6035841104,1.35353733398,1.7691017537,2.24108732742
1.80230627537,2.47152895856,1.1728076574,2.72320271716
1.99588135082,1.75066112161,1.81988014189,2.47102140992
3.97141236289,1.18813329751,1.3275220943,2.32094620399
1.92274123731,1.68713200059,1.76284688241,2.19202155448
4.50163095472,1.46721339732,1.94670137814,2.13045806481
1.46719437071,1.49922481862,1.70984019182,1.05649730299
0.0261796735672,2.05519422569,1.40693140787,1.48700221397
6.860743969,1.1561820786,1.91139487896,2.29776355769
1.65414363665,2.70588485777,1.39021860211,2.16843408108
1.99381337138,1.32152815657,1.05501727586,2.5329501406
5.29480862467,1.03387014993,1.96744801231,1.59390111252
5.29052838618,1.35906562159,1.71048451351,2.79241984614
1.98235564933,1.37516734906,1.10532989389,2.87476849321
1.939181684,2.45263250581,1.02508315797,2.76606434296
6.78307595659,1.16098672502,1.62495934622,2.85527135563
1.66959570864,1.38215132981,1.12025235015,2.42217715686
3.7422851901,1.02095265763,1.5091534846,1.46411114699
1.65589584379,2.55951098046,1.21386982893,2.30174361278
2.92550620367,1.27770751779,1.22250360366,2.43407423897
0.637827523077,2.46962649714,1.38844590336,1.2598409978
6.8318441558,1.05529010918,1.7916870672,2.3002269071
2.37755676395,1.62125290862,1.90836447824,1.63552323743
1.82186840886,2.52865631802,1.17873408516,2.57095800344
3.99452640707,1.07648194772,1.55199077703,1.60806755106
1.84105996196,2.79000506881,1.35773795367,2.26877468557
6.47959446853,1.20031188601,1.75024278092,2.57391154043
0.836124438702,2.8848171022,1.52076592186,1.00242072057
0.891059404156,2.92260974526,1.30016569907,1.14645456424
3.83124180649,1.40463557989,1.95480449225,1.62751472411
2.67551063306,1.69317946825,1.92093226805,2.16304290705
3.19604477454,1.18202717983,1.162754616,2.21171547434
1.58790980518,2.501809473,1.07952485495,2.20977258952
6.67220770744,1.09777048793,1.77291137331,2.3476583405
1.90993804824,1.66061743347,1.98735902207,1.24560118455
3.32910582895,1.40368747441,1.71024480942,1.92039591832
8.34009391995,1.06180204797,1.77322009938,2.8532862956
4.09603169832,1.13589115035,1.90602093812,1.35568160297
4.46464658982,1.09041409993,1.93208659833,1.40960027541
0.128966386165,2.09325078056,1.78678490126,1.87794089567
8.93980713921,1.14812213789,1.98298149762,2.83134944459
1.53372550919,2.82447079545,1.43333796201,1.87082503282
1.46772398367,2.65781714874,1.44927467171,2.13287070013
5.82860124081,1.14259912332,1.74434965598,2.18206262507
3.10818759397,1.16011019992,1.26647516911,1.82677135766
0.362086530273,2.2417939289,1.29316752774,1.32226480876
0.23105543646,2.45099762364,1.70497628558,1.34725187868
3.13697300836,1.16975614204,1.52486459031,1.45996464059
1.6928909217,1.21839374925,1.28816735458,1.10558674474
1.13415310197,2.97533512218,1.90046647311,1.74821187136
1.08082710046,1.39508739684,1.13681899173,1.60500303154
2.3609988906,1.43847150221,1.68515609629,1.52425969835
2.01184361681,1.57789664133,1.98549097057,1.10223304515
0.855307889792,2.96113388198,1.42923723529,1.02357205977
7.95889385221,1.09319899905,1.78031396514,2.77600988729
1.65129876498,2.57951145964,1.48231954614,2.90526681789
4.33636381615,1.46387911275,1.70666243282,2.87604430028
1.29652314139,2.98391744439,1.96046197904,2.22268129518
2.28405726539,1.15562300141,1.50047130123,1.06351116534
1.10519587296,2.55859899943,1.19665012561,1.52547678602
2.98526483028,1.12545226973,1.11728016267,1.89684204863
3.6548247379,1.18932234008,1.34232334145,2.10775558448
4.81187440526,1.41057990812,1.91646523485,2.15787115708
2.39527343174,1.47995189031,1.80768517787,1.41155342426
0.724655207044,2.34284424105,1.14333647848,1.3545622936
0.144253240089,2.11200138108,1.28696200176,1.21480364779
1.13940171058,2.86701698148,1.49519278789,1.37260507122
2.75960165545,1.54466596818,1.85495557842,1.740663059
0.64883955004,2.65882887658,1.79601877348,1.90618746003
1.98512712401,1.85991113805,1.89948277493,2.97406277536
1.3174344719,2.5691966469,1.31430699872,1.93347390531
2.50625161709,1.65416959911,1.99991285634,1.57373343495
5.14751846721,1.0608576252,1.50080702489,2.11261880768
5.64454638083,1.12424413755,1.8018873844,1.99073287984
3.92219108109,1.21037532607,1.37635667582,2.27714624533
0.645568775091,1.43982003902,1.06529102436,1.42443896135
0.950257274906,2.46667078378,1.52306371023,2.54944715557
6.1757925144,1.11023743091,1.73782377582,2.25123551505
1.75588008974,2.60702507326,1.06356251188,2.33591316697
0.864540374527,2.6118812021,1.19061559414,1.14263513084
0.590497928348,2.58182506156,1.54132730512,1.14560152489
1.11721073794,2.82154954395,1.9094278606,2.63281672744
4.15929112394,1.12722653246,1.96303065124,1.31687191377
8.2524409283,1.02278338745,1.95699265711,2.48761007472
2.2305305208,1.09768423358,1.09574210866,1.36168458698
2.54799836506,1.01659898701,1.13341837269,1.29272308059
0.856852183158,2.28334943626,1.17598948128,1.99121972268
4.76724589957,1.15180749357,1.68580163021,1.88717752059
5.2503627231,1.20233431387,1.57653971284,2.44856049586
2.23852103254,1.24259839656,1.4976419782,1.21351552412
2.90987360402,1.25607884198,1.50065923487,1.61394784745
9.16786435908,1.0285546413,1.98480963234,2.72921544102
2.60510096831,1.3117831116,1.52672805986,1.57223354134
0.984325550967,2.26646287184,1.13108623211,2.22455761375
2.5726159944,1.07502900529,1.47969107059,1.09048752851
2.48535623521,1.08592351776,1.0209247925,1.58949239591
2.14687773259,2.99548512724,1.55089162589,2.46965128948
0.385001840711,2.0891015388,1.99858685311,1.1897609134
3.92923031684,1.35029128611,1.53504971504,2.55932671932
1.43320109318,2.97694544702,1.73874409168,1.77742733627
2.70113404334,1.17021962044,1.74197015962,1.04342906841
2.90435092705,1.55749305919,1.64773578538,2.77182675289
8.01652594099,1.13117146992,1.9712393534,2.53080606537
5.62003275525,1.34186924179,1.78198042502,2.64314907904
0.740720490052,2.30364097574,1.34089027439,2.33220359267
0.721990954668,2.45799624806,1.14181243125,1.08713797695
3.37592270199,1.01952720548,1.61721354146,1.23210937082
3.79116046816,1.31785691968,1.5865106044,2.15116430513
0.961766858103,2.25935110629,1.25100604447,2.87955429156
0.922345872116,2.93043862962,1.33659586645,1.15756126974
1.11881356652,2.77942587814,1.46880065331,1.42369179158
4.46763100549,1.0676497876,1.27447800119,2.20045931771
2.45072292864,1.05834561112,1.31393864629,1.15309556909
1.49306904735,2.59421721354,1.52043208694,2.70234594993
0.776045119386,1.48255227286,1.10167769482,1.99738896325
1.40487412126,1.30329130741,1.32012676515,1.09495364766
0.00636271298495,1.85873531451,1.24930020904,2.81874756895
1.95333711146,2.90864819234,1.72722260295,2.61586965378
0.13155009302,2.19068168628,1.88718538035,2.40831291621
1.35199662935,2.77426404191,1.46825517613,1.72808963766
1.75311930327,2.61606846657,1.36260756255,2.50534144157
2.19811464635,2.99097483639,1.74660176585,2.70092159175
2.83103908892,1.60001146792,1.94720834303,1.73018164181
0.866177548257,2.69550217518,1.66940954665,1.60896074302
3.29636590132,1.08057927854,1.44561379785,1.44415354467
5.21666677752,1.41823309033,1.78972729236,2.78304305457
1.07664432546,1.75466491263,1.92848007712,1.02362991353
3.80506809418,1.3065259957,1.8639063848,1.55539135406
1.25878212839,1.4723423894,1.42598373126,1.40773785353
2.34607907222,1.62171893425,1.67446129014,2.62172968224
2.60984806587,1.38628827348,1.45191371988,2.11010253539
4.77133680517,1.34538303779,1.73882000856,2.3735161525
4.08221222868,1.10239875031,1.95443692496,1.28000519044
3.02390887707,1.63819908404,1.79280160424,2.74101373223
4.0260675752,1.00548468891,1.7372686378,1.35603767334
3.32957365323,1.06717613984,1.84789301074,1.09154143849
0.570051188072,1.72211173754,1.6483046563,1.03071379943
1.8433890207,1.51315592374,1.4003371022,2.5551557811
3.19033655585,1.42975378758,1.74827593226,1.84340387504
4.13800637043,1.24923347083,1.85289928725,1.59117605729
1.95930848028,1.57100481921,1.52959620878,2.54177147138
4.32247958847,1.00847895033,1.99622088335,1.27115059038
8.02886585766,1.12049339892,1.71890111221,2.99637506731
8.09450078722,1.28200192285,1.96826164095,2.90940904268
2.49543226194,2.92749700494,1.51516295032,2.93067837476
1.49204969357,2.51332065609,1.02248544101,2.04179134796
1.49216030163,2.67849351232,1.50361914955,2.22183594066
0.943088841119,2.9528654187,1.70341641429,1.16768727934
2.4293761067,1.23278223881,1.02018960746,2.34508268647
2.4996643719,1.15335584672,1.12073185442,1.68985932855
8.0317593268,1.06879316762,1.69236490069,2.91105668013
0.748959274871,2.66062510372,1.52669966579,1.18535222743
6.3008420893,1.46284334412,1.94943235638,2.94968520447
6.40919065999,1.23206989924,1.88878610966,2.34312100969
1.52578674442,2.95312941426,1.83156558677,2.18272916263
4.52401739414,1.1952411241,1.57836210553,2.0833045528
1.11321651422,2.87264421096,1.92923232105,2.36942239189
2.99450702609,1.39841733226,1.39060060113,2.77883441218
0.817547088807,2.79947617865,1.78078667188,1.47199697304
0.805797529429,1.50176740757,1.11271354623,2.26676216619
3.0568368968,1.23330150041,1.75071566825,1.26515771671
1.13646372817,2.70558197075,1.76808380397,2.58722030278
5.42615823592,1.15415559115,1.55927615226,2.39402076532
6.46831752501,1.10606095532,1.61044554236,2.57758473004
1.68927346393,1.4286530596,1.47416792312,1.49227491574
5.70517829982,1.06212962266,1.31153571229,2.70453558345
2.42072475957,1.31579441163,1.62820700358,1.30061374893
1.0592445014,1.69526017908,1.67817236073,1.55616746542
3.1990222257,1.55993808486,1.67879133686,2.89026711494
0.682134121774,2.69965367706,1.54882349721,1.03356959119
2.27467287721,1.67831898354,1.99638469019,1.52002662563
1.35409101833,1.52615616385,1.32620498014,2.38626437352
1.65883929647,2.42359801279,1.08684124393,2.52258196823
2.34970747493,1.50517424563,1.77648272765,1.53802618482
4.73969964143,1.05706145599,1.89178448072,1.50459154622
1.05134750342,1.37932585855,1.18095225389,1.33464650937
1.12774477777,2.88309069478,1.93504809631,2.36576599564
5.80891813123,1.24775690064,1.82357218793,2.28991390721
3.15330352428,1.65010100589,1.86170106809,2.56104942907
3.9423912122,1.00830374946,1.66115981863,1.38960096266
5.14680719132,1.41769512366,1.76726664936,2.8268358505
7.86518239351,1.15718819182,1.91164824866,2.63579364044
1.73146328292,1.21707196444,1.38415294151,1.01063013795
0.881703843659,2.6976054599,1.06944561303,1.19171045032
1.45425494467,1.6199407141,1.79219526785,1.25011968457
1.63263208287,1.46175139187,1.66191022554,1.15637900729
0.970515444229,2.56533009157,1.54151843716,1.97050437629
5.70078348831,1.20316830545,1.48513967466,2.91213431348
1.08746761438,1.91229832783,1.88718664934,2.14393185542
3.75055400006,1.09151523322,1.77274639771,1.31304014631
1.93009522697,1.21676702055,1.39558329774,1.11177639564
1.23219072661,2.51185333355,1.26884656643,1.89759600076
3.86779663236,1.27832782531,1.66290975032,1.86833994702
2.03687325439,2.86652997366,1.55316891807,2.5009474742
4.48532929118,1.34695291114,1.56496871719,2.78428998858
3.24176485541,1.06054624549,1.24458501682,1.61749706629
8.43417581828,1.11444434764,1.78390593463,2.98711411575
4.35163078988,1.20134439194,1.4026145402,2.41206971187
5.68786948671,1.46189984729,1.89258652255,2.86682081856
0.892208032603,2.86908397127,1.41333461559,1.07217685129
1.82255146039,2.68717586142,1.42731833198,2.4951480506
2.52748088301,1.19643562721,1.45586025606,1.31394826045
8.63729638856,1.05776553348,1.89213583211,2.74234880221
3.50604305288,1.10555906604,1.60312702253,1.40408101323
4.01152008469,1.44038822187,1.6911732112,2.57800761176
6.80415505076,1.07815072182,1.75009398695,2.39227416421
1.07915578937,1.54980888179,1.33665116752,2.08181260207
5.87908947196,1.15268579924,1.95948665206,1.89823758386
6.58747640247,1.11379961764,1.87463466291,2.19130753571
1.62673563308,2.98911129569,1.34640716809,2.0983064505
3.80161373443,1.49423053645,1.7682896667,2.457589724
0.0473247758353,2.31557644401,1.73838212342,1.57485469349
5.57518970428,1.12329214485,1.8793059224,1.86173892285
1.0580758352,2.40369752211,1.24342617822,1.96293970335
7.89597784425,1.03771599228,1.8955200918,2.47643913222
1.12244014203,1.79657306973,1.78252696991,1.86789034747
4.02727180498,1.14621834363,1.23845960325,2.36621411614
6.54200503942,1.04918447499,1.73796201119,2.26711134159
1.97195756109,1.50045766171,1.42621027678,2.45055412121
5.67274108276,1.26026948114,1.91304122793,2.09285633858
6.23889821062,1.22647751541,1.78108721235,2.49001764318
3.83137589851,1.34487103554,1.995617979,1.43969389197
1.06331676125,2.96732725538,1.10532571614,1.90345069903
3.98250942822,1.05605754277,1.26672546808,1.93818689485
0.975389809539,1.32576915316,1.18501890861,1.00411183718
2.11827207799,1.67832194946,1.96958051613,1.49126335589
2.18753763356,2.80700344253,1.42674620624,2.69038288624
1.2646616424,2.95091969737,1.64934135332,1.5154232528
3.25116119379,1.3711744972,1.72827910928,1.71709665679
2.37770144093,1.46024547078,1.51464319299,2.15572230061
4.06849637937,1.32464192794,1.42261128624,2.90647286265
1.09038222616,1.66914156184,1.62204601571,1.67565777618
2.19629636906,1.21382886229,1.12824500771,1.72514346331
0.513997047292,1.69210673798,1.42958978187,1.6850977323
2.01499486163,1.58016872364,1.91502361758,1.2450008339
1.56170755132,2.93038489817,1.90384871528,2.67376598409
3.8064732774,1.01500523033,1.66744182274,1.34312633496
0.588860267028,1.96054559164,1.86290706451,1.65432476501
5.09348741119,1.26186219493,1.76587645065,2.1595176003
3.54018843996,1.17020266127,1.96331235768,1.15471705787
1.34436177738,2.66903897616,1.6957378245,2.84648284569
6.17198199686,1.16527103871,1.86125099782,2.16124763478
6.40687691114,1.34979052347,1.90666581518,2.65664182923
1.0752026428,1.6101804636,1.38854938082,2.46134771551
1.80371815039,1.54700672923,1.61139455659,1.79207494644
1.84822882632,1.73750286433,1.96096708798,1.54883542942
1.28308073037,2.72771813368,1.38686276265,1.64746666309
5.4027433988,1.09242002437,1.40777443626,2.47900008533
2.10075793114,2.87056946655,1.26292566656,2.70341644373
1.32338685443,2.41059274102,1.02645779007,1.9733894157
1.34467639589,2.8832382522,1.60406539418,1.67082426458
4.00137930331,1.05338944294,1.73887807533,1.39016738262
7.77979416635,1.0460648921,1.60913085387,2.91970176937
2.54541191392,1.53594839118,1.76712968008,1.82480150055
2.36462606711,1.06703901507,1.03847738965,1.42704612924
0.940946886069,2.59380395853,1.00630212593,1.27325809014
1.33027325276,1.41916215152,1.45189276804,1.18602283196
3.52689222535,1.1291647527,1.16551553397,2.15134541983
3.38494321305,1.1304733581,1.52904637007,1.48293544387
2.07240788743,2.65185948121,1.20571204535,2.68747770092
1.67526303523,2.86337707404,1.73540853374,2.43660852181
0.804632649654,2.65961223493,1.43613771132,1.15167976843
5.29551328306,1.3444157594,1.71609471137,2.70183406394
0.952638190259,2.91160482374,1.62249708154,1.16486387161
4.8962675965,1.07818871079,1.46311722666,2.10993049516
5.03517278536,1.25724134646,1.95224911261,1.789104819
4.6375297111,1.20667374873,1.47532179514,2.40773593071
1.11121748202,2.85020524857,1.25078894879,1.42815938261
1.36213897824,2.94056108299,1.31139738151,1.75542175394
2.45745755603,2.95805029027,1.54623648202,2.85625666511
1.18565749144,1.74708778399,1.68747772347,2.13185524851
1.86038181647,1.77491411394,1.78847417122,2.76990614029
3.47891781314,1.08447408999,1.11548449271,2.02772187949
2.24504247116,1.2587142526,1.2250137241,1.76195436548
2.33350120104,1.68638473317,1.7866180885,2.50386557167
3.12614907683,1.37776654787,1.97445496738,1.2514977618
2.64851159695,1.58703108892,1.84456281835,1.88203835088
3.2410367204,1.25048057078,1.83865097532,1.26433391623
0.694156702444,2.8280209373,1.85102669102,1.36288079735
3.10256255355,1.24629894804,1.64495480948,1.44946355657
3.6197898768,1.52808512097,1.96864315129,1.84996188091
0.421130207502,1.84153214318,1.57044784861,2.20701808273
6.66020451649,1.1423543325,1.83679730044,2.3271086584
5.9686319525,1.29586085162,1.77703073555,2.62705729029
3.42104958898,1.32680897378,1.69551931774,1.73267605574
0.823828795462,2.82929326501,1.21460497019,1.07554226891
6.14685848647,1.40633811259,1.91856571057,2.73157693511
2.73993174331,1.37803415756,1.67134531863,1.57893921222
1.21296351045,2.82781930544,1.36151024877,1.48022438767
6.27571999699,1.00127635216,1.45458568226,2.49426240735
0.645626593584,1.4649022882,1.20806915183,1.1337567384
2.46754945091,1.42703053757,1.40180335362,2.46615375881
4.40088350371,1.06025479114,1.94999225636,1.35297279241
2.77610549214,1.29368993215,1.65673887358,1.38601895792
1.77839649309,2.66554281694,1.56111535766,2.92793321637
0.126305491555,2.09244139665,1.25311270663,1.05642709488
2.18681145381,2.95552709896,1.36185500813,2.72592548034
1.11647117517,2.34464416802,1.28313956442,2.61871504178
1.60703728177,2.3810582593,1.02006285388,2.48040994927
2.52768226341,1.6457542797,1.75668118721,2.54000802236
1.62091614743,2.87384171043,1.83113633024,2.71479655043
0.916051454432,2.2429258198,1.0229394054,1.86884636589
6.20266207199,1.22315713471,1.88053537112,2.26232669426
2.73301125223,1.26623731033,1.77574148825,1.15457935206
6.51717229731,1.03997761373,1.68494254574,2.31812029007
3.16350995175,1.19878410559,1.74150560486,1.26382782443
6.19490144959,1.34631546873,1.92645070758,2.50358096466
2.45816020237,1.68976275218,1.94556594603,1.87008093451
8.04247418845,1.04067111584,1.88538902407,2.54051401877
1.42462142648,1.28871430933,1.31290135396,1.07747099546
1.05333046487,2.4793502495,1.37430907004,1.98103907074
2.04953794661,1.0709498489,1.11411053677,1.16427464622
6.06676969494,1.32311784342,1.83016939552,2.62824083442
4.66372699627,1.20404553956,1.4994753674,2.35190000418
2.48895719334,1.16614980818,1.02728106598,1.93752805724
0.471645102925,2.36092767611,1.54941116267,2.29788993634
6.20060396468,1.37554946826,1.98898343554,2.43671769636
1.86665835713,1.42878822156,1.43555121289,1.76548116121
1.14044318638,2.47812233292,1.48120547908,2.64755976916
1.12342256859,2.81994460563,1.76745779561,1.87718059503
3.11224399815,1.05288731696,1.10307258692,1.7243240059
5.67777665974,1.12908977612,1.7052931237,2.15931700122
4.76960320818,1.15338697731,1.64246184532,1.95960314066
2.0208940644,1.55524983556,1.81997259828,1.38665262265
1.11938857011,2.50688891179,1.00784150897,1.53541822123
1.44311415531,1.44414716515,1.32896142193,1.76652124443
6.77577170649,1.12245217394,1.6397526032,2.68963171369
3.50053376184,1.18749093213,1.43433342287,1.82979401207
6.22504387347,1.22247311497,1.92943275716,2.1788840521
2.03535547728,1.31881654224,1.69746119041,1.01408178161
3.53933424999,1.26234638966,1.60269046732,1.77486234114
1.91811933201,1.369365143,1.52991495637,1.31773532304
1.84608035208,2.94811855254,1.30013753585,2.41735343253
2.4456874479,1.55516508725,1.75508400845,1.88395832379
3.06537063574,1.40049407103,1.48271440138,2.45702877844
3.98608322222,1.13951691761,1.8424308904,1.38371884483
8.09657908268,1.03548808898,1.70066440417,2.84237954641
3.6896970108,1.21525299469,1.82152816267,1.40277021178
2.53312024671,1.66128368103,1.81277158094,2.35933117543
7.98018042159,1.12097544628,1.89597193837,2.63050902874
1.92376155574,1.79697190684,1.93855557839,2.04113475884
5.87033802325,1.24368404305,1.64354746075,2.73509597609
3.14953828506,1.06942154849,1.12613986428,1.76490895133
3.94533014789,1.2788265944,1.89611202439,1.50969877903
1.33985688501,1.53716568507,1.47902060818,1.7099096848
1.81755295885,2.65951038219,1.05029915842,2.44720972323
2.09226834404,1.37044531341,1.19793327962,2.48266769955
2.99430830472,1.41816246261,1.82422027262,1.52633822785
3.08736085805,1.43496505547,1.67810432507,1.99798250484
3.96837003182,1.24429329346,1.56680573327,2.00323598143
0.212078882256,2.37630332622,1.63757821476,1.4454723616
4.61420352658,1.03028859896,1.6889072591,1.6252723244
3.22783756483,1.66419130473,1.86123068953,2.73062837379
5.66416918021,1.44237497645,1.94827199029,2.56858449276
2.50218308697,1.33063341033,1.62680447242,1.38623662012
5.72664631332,1.10748896414,1.67585179764,2.17718894221
3.78530010083,1.23806609922,1.52594493233,1.97337364116
1.67554558973,1.55111669078,1.77800281302,1.22509018945
1.48342309177,2.73024580626,1.32433350812,1.87184142861
3.51251737847,1.44150718641,1.85246030675,1.80040434402
1.08615528723,2.2229841249,1.0841658786,2.59590293082
3.18756145368,1.07259895004,1.7144274207,1.14221592096
7.78844454055,1.07461631258,1.64097889917,2.93834100896
1.882011128,2.90761700246,1.21963039903,2.5910100066
2.5670513844,1.52258102273,1.97665863907,1.28387579431
7.6303876508,1.06002531041,1.70203001254,2.72798236843
5.05078633371,1.30983428308,1.67186828724,2.55058109406
1.05034656965,1.45155892453,1.35339520094,1.25889769393
6.21850241379,1.08585548446,1.6106459513,2.42394439603
2.00730366636,2.86583384139,1.72112262144,2.85136692162
0.806411456321,2.65070930983,1.12041479025,1.05541801305
5.00763231705,1.07742843672,1.96018360276,1.54344995737
7.01162701972,1.17579669417,1.73205889704,2.74791487896
2.10849741708,1.60062147267,1.62763669297,2.43428270148
1.16200650284,1.2941459559,1.02170621892,1.40188057905
1.79356399454,1.46335632485,1.32207967221,2.40640068911
1.7240354829,1.28796040013,1.20729517427,1.51276125949
4.66970115029,1.39205269971,1.95287441019,1.95249648361
1.8906531102,1.69699684945,1.82941911561,1.89767593685
4.91563526653,1.090401016,1.27327908348,2.51612185292
0.978252174291,1.34311109849,1.13121845702,1.17972099868
2.15424176187,1.42000301837,1.81690569409,1.1124131124
3.02566878898,1.59569667784,1.87475041005,2.0796237736
0.881037050503,1.91032946196,1.77314682091,2.75816331143
3.26159648515,1.21339171469,1.05504135365,2.8167909786
2.8283912714,1.27556353017,1.44683456065,1.74072830681
7.1745745835,1.10179301604,1.95362999205,2.24997516481
3.08368919413,1.55542067789,1.69041264185,2.68625429067
0.66140175565,2.07310446463,1.94698460917,2.43882914555
3.84762477708,1.04830782558,1.59668765352,1.45891565605
1.31391205179,1.66183222472,1.7484082408,1.42019503657
1.23803291624,1.40193853435,1.32312291999,1.31010461617
1.8901848633,2.66714113112,1.26799137285,2.44964374761
6.17123794528,1.07426131664,1.79548534203,2.10055411975
1.41507962048,2.79433292659,1.33870510597,1.74373719707
3.09468619421,1.12560063444,1.61927464135,1.25268713401
3.26506350597,1.64047289134,1.91094771465,2.34413985596
0.131540231198,2.35336810211,1.68764062345,1.53260140415
3.81827703662,1.05948740722,1.42698743165,1.65099423455
3.22924864503,1.10549437008,1.01910716267,2.16597984777
6.81275903847,1.13194678319,1.79405222506,2.43285542218
0.632187865038,1.62987820576,1.30431516948,2.19206543499
0.995629450808,2.95298159228,1.83156189581,1.42466862284
3.21080993455,1.44417330798,1.71962134546,1.99489102888
0.393863600424,2.48142949281,1.6362217825,1.42220367456
1.49759222869,2.61280436913,1.28823935564,2.04515122997
3.03867916365,1.015310447,1.33653686723,1.3266746242
0.859056754202,1.62302087738,1.33171465103,2.56987867232
1.45490840611,1.7045750522,1.70296995937,2.07354432852
3.21210940504,1.36562083153,1.42880292311,2.53910628818
1.55399081656,1.6223461603,1.50767990039,2.66063197093
4.50757476999,1.38391789049,1.60031116764,2.9004289212
8.40992258887,1.0114149157,1.89163557385,2.61209842168
1.78452458298,1.31690191699,1.32059854343,1.44463218323
2.29694249939,1.66158573321,1.74139304284,2.52225989841
0.268460246007,1.6334823969,1.17797133503,1.65559756394
1.62413145431,2.89259725997,1.87300333071,2.84261011846
4.19017331516,1.20138952013,1.61548032207,1.88094298225
4.41698572192,1.10451796619,1.73231477102,1.60792192476
7.66414426106,1.04021918837,1.86402875356,2.4500091669
5.81218683614,1.13526553923,1.49750842728,2.6326045495
0.93057097627,2.72305341734,1.45586249952,1.24544576245
6.61708220143,1.16687017612,1.90931191647,2.23883551669
4.80958363197,1.18671166761,1.70059692615,1.96106731305
4.83699358044,1.24693354873,1.39011589971,2.99044452246
1.88396305404,1.68946341091,1.97613394517,1.34589537759
3.23333820215,1.15770949197,1.688520265,1.28592388632
1.54350252505,1.56774023641,1.67561599759,1.43773206146
4.36044212687,1.65366695162,1.99392874789,2.76500548616
3.3357843406,1.04573752163,1.46961318091,1.37583347888
3.94815844687,1.26658451661,1.65364337101,1.88890102704
2.56080356559,1.28341102714,1.51868784711,1.46977878825
3.2608210715,1.08436642288,1.55094464488,1.32544652701
2.20841155351,2.57484668561,1.18583639093,2.992465547
5.12225237437,1.18491362663,1.93133593574,1.73078738666
5.00428799045,1.48009714725,1.96677852968,2.35670291641
0.398916683905,2.23940568558,1.40622929399,2.24641426138
8.52469537978,1.14370048105,1.98388001738,2.69037064282
2.21148591874,2.97028740903,1.40752582754,2.68640914404
3.86531490111,1.3934917622,1.63579026434,2.41819705392
0.761925278804,2.73655247382,1.62386321877,1.19331529419
1.13783163278,1.89904501703,1.98237027417,1.5277818668
3.9067023841,1.09673934491,1.42369644714,1.78054407107
2.99886097853,1.28130161625,1.79085057931,1.2744774457
1.44661994708,2.92252508183,1.49285779695,1.70262144289
0.71557048291,2.22634845932,1.25277972489,2.49685848224
6.21579991818,1.01083158428,1.66998119289,2.1835034642
6.71295441382,1.04347626709,1.37320401537,2.95873656899
1.73543981106,2.91551878486,1.39256987894,2.09675334087
4.08546364547,1.05400808347,1.29673155338,1.93582632307
5.08556153737,1.05221924637,1.54229482197,2.00826568669
0.856580900882,1.76288260402,1.58869479566,2.36791492854
3.98050694546,1.15838859385,1.49294787917,1.87396057128
1.23192548791,2.89718969818,1.24594394781,1.63597836067
2.11329723068,1.17138152419,1.45739264355,1.05010505319
2.15283243855,2.73832609006,1.32169553527,2.70514514336
4.70191404954,1.09700432782,1.21452384998,2.5651496114
1.8996307233,1.55434131996,1.61929594661,1.9023722397
5.62468781215,1.34248355416,1.80964880866,2.56628897573
6.05579933382,1.05362944875,1.85945965048,1.95548233631
2.17817494781,1.08955101858,1.15404651434,1.23781035162
4.27260615072,1.54502790584,1.95228496372,2.31073774341
1.31212992525,1.76157507011,1.93803772575,1.24520465004
3.82902617679,1.04135186494,1.05417061035,2.16389200352
1.9690315171,2.9617077935,1.29852112197,2.61075237997
2.10760839507,2.66889090634,1.13978675196,2.74258986776
5.56668748544,1.0851222782,1.6140037832,2.16298568389
6.87047003825,1.29614121388,1.82634815259,2.87614867216
1.36687069776,2.5403952414,1.07652197736,1.85280174853
2.40010449055,1.47106361828,1.55189160136,2.10339411992
1.59061440019,1.53233371414,1.58925344531,1.57520961686
1.81564028938,2.88528362443,1.49308400403,2.16631477799
4.08037577239,1.08885081658,1.55544591964,1.66158218269
5.55119928552,1.19141772121,1.57872723961,2.54068491085
3.89182455875,1.34720807051,1.88824131527,1.64009752523
1.74427522536,2.78837305603,1.20554999717,2.25019302536
1.81728532318,1.91691347661,1.98571433153,2.58620896511
1.31426595455,2.80215885205,1.31753030087,1.62316595072
0.612055533941,1.64800661392,1.43336628328,1.50300578596
5.47919497564,1.17927025952,1.78746735596,2.06029367931
3.30868219014,1.41245947511,1.53170099963,2.53552320093
0.553868906812,2.76797353538,1.80698095712,1.15407426691
7.01122948081,1.21281639284,1.87461138597,2.54269014241
2.10500635915,2.69190189302,1.31911058703,2.71629543464
9.17772914885,1.10523461713,1.95174603972,2.88743730919
7.16895829425,1.0755818064,1.98787632659,2.17209998063
6.80195586978,1.40475593513,1.96767462721,2.84743084567
5.38736115008,1.38242147175,1.9167937983,2.314198269
1.06270561111,1.68685435667,1.62214579159,1.76596349311
1.64810701454,1.18961950626,1.0725467779,1.2969623939
6.66680840284,1.18741047813,1.91052610511,2.2935769106
4.19539456639,1.23688466204,1.904411293,1.52112324387
1.49623213378,2.4554315325,1.25836775655,2.525710902
3.91958056403,1.34139193975,1.7883884953,1.82858849561
2.52217619604,1.17333063192,1.36320920509,1.37915418214
0.532437526567,2.2591344362,1.33324433032,2.02248734714
5.43921091736,1.38725383923,1.74831413349,2.8872015159
0.389810978256,1.80265094298,1.59864411452,1.33136370044
1.91277127321,1.67729563939,1.71939523998,2.34592785201
5.84078018612,1.15092679098,1.94597609621,1.90126746171
6.3394871384,1.13933709931,1.99228032657,1.9839608413
0.726673403352,1.32329084077,1.00942062615,1.01260030131
0.858909106754,2.82484502943,1.00676733863,1.41456461445
4.02546957773,1.4145944397,1.59939364697,2.79254728718
1.91838860805,2.942794056,1.206639984,2.78801599316
1.04467092525,2.33884272427,1.20755745363,2.17065517691
0.697724515719,2.2531713769,1.18796352621,1.84489233651
2.78312948107,1.04468830401,1.25917763836,1.33901828737
1.06024587958,1.9000015988,1.91866059938,1.76412780875
5.20164218446,1.29146855676,1.90485375742,2.00403634928
1.77231521254,2.8617509126,1.38351391352,2.14430144827
4.60679638142,1.00075173634,1.12797121932,2.28864406204
6.81136566071,1.10451331828,1.84097815004,2.30143506467
4.5583828544,1.44114227007,1.76767832692,2.62419583722
1.19648101291,1.49201952637,1.33330876103,1.7690173269
5.73749397499,1.33819680193,1.86405598599,2.45000958585
2.8013046009,1.25147509589,1.75987814667,1.17769805289
0.958315920814,2.54166479536,1.06370165971,1.2968814348
1.50908594283,2.44720392983,1.31439369118,2.79735635263
4.40393035006,1.53680250678,1.91714695199,2.47306304715
5.86825217366,1.27291728781,1.7210232105,2.64409012976
3.53817711009,1.082426971,1.79928324552,1.20860984046
1.85646711442,1.32726358619,1.4538222575,1.2785877268
0.134660220691,1.64812762039,1.11259278711,1.40108297515
1.11020086385,2.37132470132,1.14936270824,1.96086876416
8.3501166474,1.02021890495,1.67650704389,2.94153580215
0.446573940588,2.23077258343,1.3172757587,1.86935442683
4.0198587866,1.54880979777,1.7790814109,2.91615339185
0.13642072185,2.50710357036,1.88688793768,1.81505560981
2.59716120385,1.42588745704,1.69636304686,1.6026184835
3.37663414004,1.21453529157,1.93428127956,1.16852688236
0.975746802525,2.8657252273,1.28843332315,1.23102030969
1.84705335445,2.66051079263,1.06398016948,2.47051423138
2.93812661459,1.15477478003,1.05764797651,2.1397967777
0.887390525068,1.42941434359,1.2876197893,1.1149446636
4.55350900118,1.20178600499,1.65158367749,1.97816469355
1.15042202252,2.88182211299,1.93899785622,2.45010160588
3.07172098665,1.02654565227,1.01163219951,1.74867678049
1.71282971268,1.59623852343,1.75230103713,1.48960733783
2.96355066494,1.21359473563,1.4570680963,1.58812381072
0.988369845388,2.24064360595,1.12323334807,2.39458133668
2.2992674797,1.74303424377,1.98228937849,1.86558322964
5.46616730207,1.10485005741,1.24737452485,2.93695533154
1.18878851142,1.69075889366,1.83465688019,1.15541527111
1.13864050605,1.64215822482,1.55823185704,1.85458297246
1.99778000526,2.81353548431,1.45711398066,2.46431667853
2.03437408291,1.80244737978,1.84750203932,2.83958989725
6.28355365022,1.31684664683,1.83754903509,2.67674316351
6.78661166344,1.26164006543,1.90338665816,2.52932680256
1.49618790364,2.8452795869,1.68996486648,2.11232062993
1.54892629254,2.68811759313,1.03017904823,2.13993567314
1.24120866268,2.38612743747,1.16182823803,2.15612053999
3.81492778989,1.11955825078,1.70870810674,1.43313733943
2.46959528484,2.89031858541,1.52966343342,2.95724543254
6.58074277614,1.10962804004,1.92680044124,2.10931345212
2.21229122521,1.20347143588,1.58945881038,1.02089495028
3.77888367838,1.07473086042,1.67243173174,1.39541249757
1.37547696263,2.48666132926,1.28734431865,2.25845718681
2.67129335894,1.68012080007,1.76408986387,2.96229243844
1.74882412704,1.21371371155,1.18378827839,1.28034730219
1.88629139471,2.83255349659,1.12363764752,2.68593013343
1.94286542055,1.32448359246,1.45911644618,1.31935327364
4.65362170365,1.21273273546,1.74791979682,1.88071904311
1.52498165827,1.34044612004,1.18462342704,1.6556633443
4.80519168371,1.21398644377,1.87407886939,1.74549974026
4.70420490856,1.08802502229,1.07233607822,2.87647317761
0.955066587137,2.63540222967,1.6898792491,2.21305441896
4.47527247556,1.09527944029,1.92352390869,1.42461157129
4.68764239807,1.09825688227,1.34791143207,2.28027748539
2.11887762088,1.64337462007,1.75606268979,2.11570324571
2.98533950852,1.09854018641,1.56423323826,1.22135894566
4.77769804782,1.12248347344,1.54867286697,2.03793640073
5.04537539897,1.1312702978,1.40105981915,2.47101159406
1.87673094657,1.30840219822,1.53938990545,1.1067580738
4.69951976308,1.08600193673,1.7212376187,1.69565906972
0.497359181433,2.72355155672,1.78101620838,1.10765502784
2.30680371086,2.84655967349,1.54511668785,2.87031439267
2.6320968017,1.55205347514,1.7766687256,1.9337571911
0.484301121779,1.87379318809,1.62997415575,2.39169298787
6.26866710502,1.17110903749,1.70189727726,2.50510536764
1.46254577562,2.96067659903,1.09732381725,2.62498995596
2.46624162087,1.30157233103,1.68663802048,1.20731360896
7.28370439632,1.12031514048,1.71183536316,2.73199517058
2.94269422291,1.2116959275,1.04506594265,2.56222937283
3.1518404826,1.6567845745,1.80283964772,2.95926221515
3.8304229632,1.45628727796,1.91204452972,1.86243935807
2.25274821222,2.89694263395,1.45893918999,2.67618406525
0.613531750923,1.47243730601,1.21163548949,1.10883791089
7.46856132156,1.00137277204,1.8652039072,2.342295705
1.05559710081,2.99001541239,1.97476252982,1.84442492152
3.933196316,1.26831000606,1.84792958235,1.55467581682
7.8586701552,1.00202123264,1.96424570566,2.3437089262
8.57184419723,1.01041257679,1.77881393099,2.82887322957
5.95006098234,1.31814391261,1.81172237427,2.60968024279
0.321971799641,2.31043284904,1.41984445821,1.25605327402
1.8287504015,2.59324177186,1.45331565382,2.99351040386
3.50031133029,1.38725260508,1.51491735769,2.57344154004
0.673678316188,2.20771533888,1.13951697005,1.9058910532
1.87754412851,1.49501989706,1.74571889977,1.26090661553
4.88139904277,1.01511569097,1.25067791254,2.26433942138
3.12896974872,1.07052040367,1.60218269753,1.20780039419
0.833985931362,2.90458819496,1.06422025979,1.4311253084
2.24060331538,1.4462930857,1.37451047982,2.52390409494
1.33204493921,1.68522445125,1.82334931707,1.30575524396
3.46849976807,1.27783102993,1.56525815521,1.86497577523
4.30838705991,1.06724922578,1.20907031737,2.23875920589
5.22858132615,1.37238176911,1.7819346103,2.58976974605
6.33664733396,1.02885048045,1.89263932325,1.98221097327
1.93481602268,2.89891796986,1.23966894879,2.58855057978
1.50535801875,2.78222792137,1.60203159109,2.11799824906
1.60379523189,2.5389200755,1.10583298944,2.18571631562
2.032885811,2.52678026113,1.21878575816,2.943257672
4.2458310453,1.04421991976,1.07321438148,2.37387259177
0.838677300194,2.92123902619,1.74067325245,1.11974219075
7.0203248899,1.06995018281,1.90984226239,2.22058961926
0.91215421296,2.3986785686,1.24990597665,1.7292157722
5.0095252667,1.03383784126,1.39600825153,2.1459772911
8.4777741789,1.10186776782,1.90700371246,2.7384156303
2.32359092021,1.80960297789,1.96564470806,2.39318853937
9.24191945222,1.01766006828,1.90794975049,2.85320344407
3.88555780619,1.15068457066,1.79994757674,1.4057666834
1.52995240647,2.9669121808,1.48072295177,1.79360121204
5.12379350862,1.1017166197,1.4930156502,2.22405086813
2.56081998241,1.22263450766,1.11417280129,2.10145240668
7.31621750403,1.07142822498,1.59298518655,2.84496019903
0.74047675074,2.83608866554,1.08873896747,1.10353913698
2.25535288393,2.95934659179,1.64564975932,2.67921469889
1.08016551876,2.60654523389,1.47295075511,1.76794828742
6.44332553843,1.18527535905,1.92661257131,2.18562818472
6.4870922267,1.08165914265,1.89446402889,2.08532689534
2.18073793819,1.48970633377,1.59006580411,1.88639241327
9.41922884182,1.04940553187,1.92169168785,2.92750274505
0.720227624403,2.56704513504,1.327241592,1.07241378958
1.51535224596,1.31758958405,1.27170211633,1.32266633219
2.70433986828,1.41643027682,1.99753735355,1.11204636576
5.55602695985,1.00498584028,1.09168580111,2.85547078052
1.9482653221,2.82208686138,1.43051589313,2.37843478069
1.78745299104,2.90612427986,1.7495509902,2.4676276798
1.57518896082,1.79097409831,1.87557105024,1.9410574088
1.1455136857,2.68724389235,1.03509477903,1.57619971665
1.28679957588,1.35635437248,1.25829884861,1.30221342311
6.46952877972,1.01558227348,1.90884817894,1.99464995465
3.00488794104,1.13463240785,1.37729169086,1.51194951413
4.02831834386,1.07068755097,1.94180807335,1.25079216023
5.79528504289,1.0571115769,1.38814176955,2.5716112588
7.25995789848,1.06933854284,1.87237448831,2.34792908096
1.79964602429,2.95123724139,1.83435650168,2.59419025478
1.95988160278,2.57652720513,1.30186739413,2.81901713762
3.2836870959,1.00195049921,1.83935647151,1.0441926241
4.49652036666,1.1035228049,1.02042009626,2.99772192273
3.00216104232,1.7052008769,1.85432122592,2.91766444697
2.75401798148,1.04749015861,1.01845720229,1.62489689499
0.396988813971,1.69183120726,1.36679242472,1.68648131925
6.01016431819,1.08730001612,1.47480131727,2.59700734794
4.5047699774,1.02058767832,1.62766619096,1.63498318068
1.54159577425,2.90944186743,1.21966141015,2.12596438625
5.56531748945,1.28245648903,1.76637079471,2.42831623016
3.42781672239,1.65181328747,1.99248221372,2.17025901908
5.33921280178,1.34179195538,1.8801595912,2.25237634794
1.47425135519,2.97631549725,1.16726124155,2.38966061634
3.91663431242,1.2085027981,1.17339112901,2.86473632889
2.79499327744,1.04766597326,1.16550726518,1.45595742599
5.63846640234,1.22521436699,1.84764704114,2.11953067477
1.99360148114,1.48751678427,1.80197966596,1.20450939006
1.93825306689,2.78839942551,1.557316702,2.58919983592
6.62351309505,1.32037439595,1.96065954791,2.50285331733
1.41655187812,2.81132617499,1.79801225766,2.569397584
3.41670390131,1.40314599788,1.81158606015,1.72267884344
6.00735248907,1.17724726946,1.8738867724,2.1062526601
2.59467441978,1.07955370665,1.40576077997,1.17097173004
3.91768653889,1.07692507124,1.92805684264,1.23050555897
2.68944315634,1.34921700606,1.75357996388,1.32356749695
1.23048792581,2.83506955893,1.48569466328,1.50842691021
3.28787761674,1.05089150216,1.36495338673,1.47230683288
5.55502592727,1.0532207231,1.27640534364,2.67121994271
3.36522457496,1.04911770163,1.36912759465,1.49871289134
5.89688352622,1.11227044716,1.541946314,2.49604731932
1.21433781665,1.32763770179,1.31220982903,1.02735137331
1.01248284168,1.80655390381,1.70254550907,2.32937296973
0.807470926778,2.96964318976,1.80161797364,1.07918324143
1.8581864588,1.49063760406,1.59676385429,1.59233434654
0.309901759593,2.47470519701,1.64670300094,1.20419256507
0.725257836411,2.18279707189,1.07936256539,1.98308932184
5.16744521839,1.39743489521,1.76492051524,2.73726871105
0.636406540428,1.43283057952,1.14046099001,1.12122149166
3.81260428301,1.10299628639,1.19895242851,2.13404746605
2.40290595002,1.18765567284,1.45557740016,1.23013625572
0.816524257816,1.74613746137,1.77425320589,1.12724251434
0.421119928604,2.56111536089,1.81445420505,2.17480601969
0.215855466676,2.10258798544,1.8203026782,2.54128950424
4.55274233016,1.59429712029,1.99550205546,2.53621343929
0.103526437047,2.37668504203,1.74686600673,1.56402226453
1.31462355289,1.43190861955,1.24904385294,1.8079966035
1.32423884679,2.55760063986,1.4680055044,2.3965496647
1.55717408475,1.95909595523,1.98775614334,2.61697263558
4.00526019134,1.2677435132,1.85452167219,1.57230101764
1.46583956761,1.50313792987,1.46836363083,1.68184693045
6.18431224283,1.02080900322,1.63834225631,2.23035395752
1.70565976581,1.52770504182,1.59845378052,1.63356236333
1.84978812773,1.41213780898,1.53051453918,1.41896791224
2.17969421684,1.26237271819,1.27380712068,1.6186722698
5.87369764224,1.26828286246,1.88314500164,2.24675558639
3.13752875864,1.22644314068,1.48840287647,1.66623657679
3.35491505206,1.35589363161,1.67417985895,1.84179681023
1.59999279402,1.25727755038,1.04170377077,1.62760668777
5.50389939787,1.19766452205,1.50443910581,2.73187519609
0.196951432411,2.12205239127,1.85833015585,2.04289951864
0.381087728231,1.60478608447,1.33118039715,1.01765794956
3.25761791473,1.24461603021,1.62383194165,1.55074851282
0.935402197112,2.65266243273,1.1833485197,1.21264744982
4.96943689918,1.04461492164,1.47493635782,2.0394198522
5.66049031716,1.43174739738,1.95748351667,2.49603630158
3.52661897944,1.60527169628,1.85772306966,2.56152830335
1.59067524838,1.28896056276,1.03571628064,1.83602975687
3.04275160257,1.13427472714,1.87806460126,1.02552735052
1.40763231065,1.50660167413,1.54481683757,1.39914721305
6.80225598913,1.10741650919,1.52440664728,2.90152770219
1.34377849866,2.70697928537,1.75382362046,2.93240871431
3.73054128127,1.01647725772,1.00103358575,2.10150912662
5.70985987052,1.03324405063,1.21703811479,2.7889460845
1.40963076445,1.56637391925,1.74929320713,1.13189232518
3.10972698905,1.17889803606,1.30094763366,1.83368257159
1.31166486716,1.58484428667,1.63849930424,1.39758808232
3.37616314124,1.19612401358,1.18779193496,2.35065147219
6.23369703089,1.17575284776,1.53228930934,2.90817315217
4.38282558581,1.16284062478,1.72894907493,1.69694502719
2.63496718246,1.7271233971,1.9690591329,2.10751708134
3.27038831072,1.0074062736,1.35527625319,1.39629194169
0.826677155563,2.47906357363,1.52077199551,2.10617075408
1.77353637495,1.76950040133,1.8850928994,1.97371938327
0.692143211276,2.26384865483,1.25120264362,2.03483300221
2.01957976242,1.2633787678,1.15502765741,1.77191095554
4.01619901875,1.50310210722,1.82353746302,2.42856835721
2.22096157414,2.99498262611,1.77658201525,2.78960128177
3.61471255052,1.42542410702,1.58690016748,2.62786545771
4.88162978123,1.06783097772,1.85743285878,1.59170897312
0.653226792515,2.81252397206,1.90144697414,1.54721392564
3.23806672114,1.28340818706,1.72255525927,1.48034749107
3.1608303492,1.58403814643,1.98934380264,1.74224593294
1.31690384013,2.36373543586,1.02194829425,2.08762835656
2.64856595935,1.08292112535,1.12086221089,1.53131233403
1.86966998815,1.51179612899,1.8631940907,1.08347754848
2.07186509833,2.53245366813,1.07111333187,2.81897424185
4.3352394969,1.39001640982,1.83840848526,2.06640931741
6.27955628868,1.3060466875,1.84410556417,2.61721706905
2.9655860031,1.3116361638,1.47578793715,1.91006045806
1.70311102551,1.25112394162,1.26153611937,1.24735986184
2.24518143118,1.03703623311,1.06605043083,1.24591422041
3.75236721764,1.38842168235,1.90772511885,1.64330863672
5.12914040731,1.23077382719,1.56185410236,2.54235287587
0.834122211383,2.5956921725,1.61512340633,1.82015079803
8.14220054778,1.25274889759,1.92155410576,2.95748946243
1.65078340971,1.42362076457,1.13984966641,2.78320943098
4.8753890068,1.03609408151,1.54840307991,1.88658522683
1.90275924484,2.77878330518,1.33975856972,2.3545705636
2.77472429668,1.38551262904,1.4005581453,2.43194559274
1.50457360696,2.72444030544,1.07607626117,2.0531872297
3.83969877779,1.01105013557,1.01967469663,2.10925626339
4.4344985412,1.16270410504,1.77847304991,1.65057336824
5.12240986872,1.02845150828,1.83459909328,1.65465568602
6.87844386187,1.26738283946,1.80957410481,2.81645939368
2.65964328015,1.10543442631,1.65912917105,1.02146559779
3.10863161866,1.30181682099,1.54325589948,1.79945024286
4.32965783937,1.18243545244,1.82603283445,1.58369667197
1.94541228437,2.85129124526,1.51100571549,2.37708532431
4.98633336553,1.1512934897,1.66695252475,2.00295014325
0.894909736663,1.58555698952,1.24765390225,2.81073982803
2.51870401564,1.23645119337,1.79328338762,1.00657789565
1.24638726102,2.52584733774,1.28355265064,1.90231364887
2.26904590156,1.15166705878,1.44862437022,1.10036915141
3.61763738287,1.53852327135,1.81852356081,2.39030359934
4.97073157918,1.24118875073,1.78715761054,2.00958542233
1.22763161143,2.73922457987,1.43914289177,1.59811012774
1.71132041844,1.37096296805,1.23481144093,1.90135926811
3.34483573525,1.12712271174,1.07760893744,2.22341873238
2.17234677476,1.53294146928,1.68521408564,1.7899281844
6.75939557602,1.28645148017,1.95587082295,2.46877443903
3.26111314844,1.11389471331,1.42751423608,1.51919377339
0.781267389112,1.45900315437,1.0963898057,1.77196905665
0.43320667267,2.30588853977,1.52797440289,2.74136332069
2.10485272095,1.56573590263,1.93353558267,1.22262984317
8.57821722985,1.13748521626,1.84399959064,2.96935496274
5.92065371549,1.16135034595,1.66876865766,2.40355598617
7.89998181469,1.14312295102,1.85651324262,2.7230423722
3.83063178516,1.00294537365,1.81496907529,1.23464314668
4.16438219165,1.14044276728,1.94284824069,1.34834254602
7.75215070952,1.12497246738,1.88181927163,2.58752124381
2.68690411995,1.0899230882,1.65800966786,1.01670021428
5.0334975656,1.25064471402,1.46199886879,2.88534361819
5.86550698706,1.01718557173,1.89541352233,1.82258709562
1.80605801175,1.42342580096,1.25674539778,2.35922139876
6.12421586022,1.47577537122,1.97260411519,2.84151954511
2.02317924734,2.93428266674,1.69018972094,2.53074130499
0.752538659802,2.86726061682,1.05433967297,1.23142969649
4.76471441887,1.3886224257,1.9866398855,1.90964225857
4.36176102238,1.203855034,1.30378685917,2.70619417662
6.8558099409,1.14663101886,1.78628074588,2.49632524759
2.36931927365,2.81948686798,1.34536816337,2.90343902039
1.43996281007,2.98824005875,1.72184588558,1.74148138471
1.42092146784,2.44951576585,1.38494540703,2.94841945566
2.45251921481,1.27450520539,1.24058027136,1.97066316334
2.4741403068,1.10276258259,1.18646503483,1.40039169867
1.02848031342,1.79607460301,1.66080622106,2.61407176778
1.86052587182,2.8524384243,1.48373710183,2.25476783532
1.53085025787,2.94759370562,1.19676250688,2.26941416205
6.02891705497,1.03880590708,1.95468588266,1.83104001474
0.64977551392,2.89222259458,1.97602218136,1.49992949454
1.77901545949,1.6913102614,1.95488670082,1.33308890341
8.22910092392,1.10915337692,1.78886330354,2.89133389724
3.10323974887,1.5592076091,1.79503386515,2.24719341616
5.32304083424,1.09422563123,1.60923247884,2.09562230456
2.34651699935,1.55165841961,1.96955643884,1.25201967212
5.61662171929,1.2322205642,1.86568689436,2.09480465241
5.17324893403,1.02604649257,1.03524435278,2.88512587065
4.42505852597,1.20549422791,1.64253507874,1.94862617708
0.27171411106,1.94358149658,1.6724142302,1.91065490698
6.37716536481,1.02288860926,1.57671771008,2.39366262127
9.25731841,1.0449146168,1.99036329412,2.76434911517
7.48138477395,1.08880862413,1.96968012018,2.30646877529
4.67158088902,1.07715624913,1.55614150076,1.87638188797
2.38638660866,1.37323345419,1.68931383031,1.330036926
1.39394145748,2.84430343731,1.40869798126,1.68565647064
3.64249468703,1.36354074468,1.96737862184,1.4421425111
4.16120088058,1.01968921353,1.03433785499,2.29512423147
3.39417703241,1.13723876712,1.65459530069,1.35449342863
5.53177420221,1.0288085837,1.36838505095,2.40160203497
7.34201452185,1.00301841213,1.93718527357,2.2203056494
3.56252261243,1.02936432584,1.99325819732,1.0561593088
3.75788492031,1.06666780764,1.60166528174,1.44550063456
3.07840769947,1.01084549683,1.15289008199,1.52495317378
2.0323725755,1.06751989838,1.11289150317,1.14807883808
6.05414851044,1.35609274766,1.99851280803,2.29898066276
2.09520306246,2.69527474688,1.30519347148,2.68843200163
3.71696953151,1.22388058656,1.80026801414,1.45384703262
0.723575023549,2.61578659922,1.77187043771,2.3347266385
0.998007017794,2.96047526478,1.36324709406,1.24579412882
6.21649540734,1.22269962431,1.8472011583,2.33124909862
0.91001434039,1.81950882875,1.6992138872,2.27632468299
1.91767664888,1.11723757913,1.15947780566,1.14715317145
2.10919739228,2.55864546615,1.22393378417,2.94970412376
7.62247019885,1.12314690782,1.90900336528,2.49457743387
0.741314297507,1.40324129319,1.14092694547,1.13241770481
0.246267906243,1.61900656588,1.04327863328,2.72261069886
2.05526093352,2.80979003211,1.22061382491,2.64825640567
1.78959131623,2.7955372555,1.35869584329,2.20129829908
4.30052156049,1.01862921322,1.3094391813,1.92171338801
4.61178947104,1.29696226907,1.56983849666,2.56013808207
5.64943542067,1.03306239537,1.60166187461,2.10588138182
4.96280955564,1.12335694387,1.89401595645,1.6408698068
1.37238852657,2.97246420721,1.28821490731,1.85838760796
2.52074988336,1.37776687658,1.433191299,2.04859634641
3.17227775878,1.12910772517,1.69729738497,1.21380062953
3.21172024907,1.16150499774,1.90452903521,1.08566198695
3.58465492735,1.57100638294,1.89253353753,2.25393844621
3.24706325852,1.42680869835,1.81452845039,1.70352394509
3.73397586933,1.05017317083,1.82924987174,1.22500290096
2.42964290491,1.24175757616,1.55263591677,1.23943157054
1.54401451048,1.17188597501,1.12320354196,1.09013808459
0.915951445949,2.72863224695,1.28757025279,1.15410311413
6.35469899192,1.13062662605,1.81700697144,2.22946241218
5.55865868491,1.21818364965,1.92423138971,1.9459286863
3.57917605085,1.41864359403,1.64618570864,2.33771337123
0.612072644752,2.2697514787,1.24370558352,1.72490154197
0.90164888185,2.58250339152,1.30438844568,1.28903761438
5.69421149656,1.043283349,1.47180115474,2.33848812966
3.54728139899,1.18471892889,1.0504068415,2.82974726749
2.0243986232,1.24982480881,1.05065917105,1.97989477208
5.1177322204,1.0864147223,1.9098850042,1.6342337863
5.50122773597,1.18336829072,1.63936012662,2.35584822645
3.97203062276,1.42691084028,1.90684574418,1.85015094183
4.09884824769,1.27107207191,1.80997419275,1.68585423957
1.17817158988,1.70923447541,1.54613645876,2.79004316292
1.77088675991,1.14606671099,1.00391673761,1.3402841997
1.77820112114,2.99288878333,1.59251989287,2.04340684225
2.17834521605,1.42705761496,1.49961920715,1.83364416234
3.85153190609,1.05474576705,1.1950614195,1.98203768232
1.33088323851,2.8179781093,1.38419212259,1.62403570829
1.07031386337,1.83732018225,1.84721909727,1.7269885186
3.39102133411,1.00727063467,1.87697824734,1.05957138043
4.79548597039,1.08999193915,1.81253966934,1.63319263025
1.46572272503,2.91993666471,1.85433887246,2.3226173673
2.31652419086,1.21242964088,1.64205995108,1.03083179058
5.12094847774,1.01678306831,1.20835976046,2.45604778288
1.68923468954,2.63506175277,1.16443452954,2.20425221922
2.81554789891,1.35980866895,1.88527061019,1.21215938334
3.15558659166,1.42594625894,1.87588518613,1.52594198033
1.9354651054,1.58853966978,1.50706944188,2.85225655042
3.46725295844,1.39442681516,1.98993756894,1.39538526521
1.11913063606,2.89804259675,1.52245291831,1.33231847873
4.36611894815,1.45834713524,1.88220482769,2.21743959241
1.38808227027,1.50706076664,1.35553498146,2.08138390919
1.48821337205,1.4078171245,1.19543433043,2.06688955624
2.56801905791,1.62846577215,1.84938979881,2.01478418581
8.27491601563,1.03685159192,1.77174606538,2.7857610556
4.18625546334,1.44242341974,1.7322653953,2.54309456431
5.61976834345,1.03910704614,1.1486009067,2.92479210455
4.11041494072,1.14463685512,1.33189947631,2.19620907654
3.92025697879,1.03168103253,1.32484142383,1.76246555178
7.19124289017,1.28415696978,1.87980401792,2.81242930618
3.16410195121,1.21235953013,1.63453845076,1.41787181504
2.13982874138,1.41718898201,1.72528377522,1.24366290749
2.23982753206,1.17262360595,1.49073774801,1.08071004533
1.43808820786,2.37445809917,1.23903281994,2.85284746689
0.539436329787,1.80144144386,1.62242318761,1.65109650879
0.328644543055,2.32372228901,1.44511238435,1.30751839735
2.71159976508,1.3746745669,1.46678317101,2.07385190467
6.51431767755,1.16872412592,1.56804501211,2.91164475
6.85381908163,1.26166791604,1.73765731026,2.98671912981
2.58044164273,1.40359065314,1.57915211943,1.79561768855
2.14783704716,2.74442804603,1.51374104854,2.92715560994
1.71128394912,1.42427551467,1.556513884,1.30156116368
1.31947291032,2.69849415627,1.45309560904,1.81631499916
6.30260757981,1.05055974083,1.35438054955,2.8434920837
0.619603866399,2.40924582984,1.21329096117,1.09030337197
3.2563257001,1.3016787265,1.53135223027,1.91207207117
1.09949359603,1.38047158172,1.05308075741,1.82557771886
1.86263740205,1.25592076782,1.0464516854,1.87219550389
1.3396561236,1.55337627855,1.71720096362,1.10197191643
1.27226129298,2.77230122834,1.8376484395,2.84117395745
2.56622051476,1.45876672145,1.95923560847,1.17831628118
3.86269581229,1.11179762352,1.19023332326,2.21800624994
6.31524777417,1.04420783461,1.79497874571,2.10674132947
1.82125798206,2.94406031419,1.47664076856,2.14004474977
4.90998614016,1.41406504211,1.82407100016,2.4847731537
3.03519566377,1.08338062298,1.83202431304,1.01585947854
1.60040950432,2.63586428952,1.24299492683,2.10538489028
1.58309842885,2.69089030255,1.1815501556,2.03645596529
4.92494113509,1.5541950472,1.91181372218,2.89145741708
0.724944178955,1.59279521424,1.33703188146,1.76770859124
1.10764915444,1.44391494413,1.32853751762,1.3558205007
4.16327236725,1.00128789477,1.40671991519,1.70632060286
1.83501571352,2.5998038371,1.21577204569,2.46054358802
3.28344525466,1.23995962879,1.29296009258,2.24595111302
1.11390344772,2.92767098719,1.66754775654,1.37971694911
1.13460346995,2.74204467975,1.44372569121,1.47657859459
6.39002248984,1.19482175107,1.81026558348,2.39810118634
1.53900363206,1.37908077085,1.49644111906,1.13869542215
3.54980869347,1.40358865405,1.72331561087,2.0112251061
1.87043453347,2.49824772175,1.13044565745,2.66268678702
1.24946703282,1.48612186865,1.49942520652,1.2677352276
1.25182407028,1.71721502394,1.74192846823,1.68617966495
5.65046744868,1.1712898585,1.56261892804,2.54726043694
0.976876455371,2.6330379569,1.76197707265,2.83195719009
1.68486211636,2.55683963555,1.26536327717,2.42235606448
6.86496364529,1.35372459546,1.8983182758,2.88816443742
5.9867955851,1.08487394147,1.82428421935,2.01584896812
4.39255680817,1.07338686076,1.87514889494,1.42168230279
7.59335494587,1.16693028844,1.97166918744,2.45601615693
7.38895031659,1.06596442023,1.70128220198,2.65596695447
0.845096793836,2.38650565485,1.35144069891,1.99052488236
1.2612547797,2.39436014961,1.17620694163,2.19009074926
4.84394647326,1.35075408508,1.97814520247,1.8659559207
0.439626331566,2.8218760952,1.93885529111,1.14010189507
1.53786550058,2.49387514625,1.13300288003,2.20238167631
2.55251286508,1.54102844903,1.88748215923,1.51504192318
1.7947851434,2.72125341913,1.27390801011,2.26773303124
0.540336206123,2.37677830709,1.37615243113,1.39181208352
2.44798924345,2.84039736946,1.34163529531,2.99849830005
4.49151337857,1.48669019186,1.86819715252,2.45489076137
0.405378166053,2.1278350262,1.13862069505,1.66487605395
2.86404972719,1.47060151099,1.97026615749,1.3216715469
4.88716882553,1.12728193522,1.48694546996,2.20808887818
0.0952311342847,2.05332126362,1.69364230443,2.17521706672
3.44030063406,1.14948683657,1.35381389436,1.81608420188
1.04970922373,1.29717065733,1.14260795806,1.04818824252
3.20627341329,1.19099860731,1.84563693519,1.16455691323
1.91521998145,2.66973757181,1.16261290545,2.47915682349
5.62428151594,1.17036098591,1.60512900767,2.43854604086
2.9587429446,1.2369240704,1.15903749696,2.38459263684
3.82002617791,1.55014312874,1.92905495721,2.16376510992
5.83406737873,1.28860104968,1.77793326017,2.53828605268
3.2232898292,1.37303302925,1.81880548349,1.52897349203
5.57597669599,1.15610685656,1.57234568672,2.43912249738
4.18958678214,1.0452883115,1.23213029371,2.0606711917
1.47931676806,2.96480554068,1.80657931575,2.00427307774
3.36006006337,1.05809906042,1.40129285606,1.47829076457
2.553988135,1.59448771892,1.91712441023,1.62382493539
3.01301735705,1.15017478668,1.01656054089,2.27260434733
0.198316869071,2.38576093157,1.68767933506,1.70717650992
2.76231378755,1.55624748348,1.81397604497,1.92001099854
6.620649761,1.10400690148,1.60416878694,2.64468203516
0.477653810009,2.38617386356,1.41635510033,1.31271699434
6.8902143972,1.05678099846,1.58654903793,2.65194089884
4.34179690882,1.29734117896,1.56394171743,2.42905319911
6.27244816643,1.28791208555,1.97559649887,2.25366038102
3.84128736408,1.03444660026,1.18532791278,1.92667589757
1.64176018311,1.5406075074,1.60824423703,1.60760164219
4.06143570479,1.0506604937,1.98196533966,1.22117518978
5.03356156002,1.03191125428,1.57321856632,1.90894196972
4.78693774011,1.13597478832,1.82033899155,1.68323210172
0.838379176307,2.69814467138,1.23216324593,1.06906261746
4.1892504904,1.28831184209,1.71533126087,1.94478361603
2.86932309261,1.47769434526,1.58340727334,2.42420036687
6.56204577654,1.27860938697,1.80169735345,2.74862943303
6.24593873635,1.07263902938,1.66017343475,2.32127087748
3.00359043471,1.05081134846,1.41143491729,1.29940743825
6.50828065891,1.22189499501,1.67456674423,2.84737939058
8.04535405908,1.15653050366,1.8292399729,2.86296776791
4.36254952408,1.11257327697,1.69099042042,1.64875369714
3.64986289028,1.09700640015,1.78690276116,1.27131557441
2.37776664404,1.59239145651,1.77581983648,1.95156826479
1.60987213822,2.60988482402,1.2522505779,2.16840147523
3.36039431342,1.51630203694,1.94522218115,1.73855121462
0.86861525597,2.79014066334,1.88111309948,2.08146310988
3.23637358182,1.01854650572,1.02644098604,1.79272130913
1.16964640988,2.76878897081,1.67439505691,1.85564484458
4.91895778682,1.07599748435,1.77387485159,1.69992797283
4.55563117441,1.09991457719,1.13929784449,2.68010523439
8.72600358891,1.02585799001,1.79622125497,2.87665765633
0.566933809656,2.17149788674,1.18251797858,2.11113914286
1.54223094427,1.45770398881,1.57327820501,1.25175112507
3.8201300443,1.21562644975,1.66488742775,1.67158148963
1.24765055046,2.84250494735,1.03252879005,2.03080049885
1.74067516864,2.89436976373,1.29013204372,2.22177203679
5.02000733498,1.42996052987,1.78882993436,2.74321290066
0.795760819486,2.53815898535,1.29232655165,1.20066545918
2.78333699066,1.39540629277,1.77180674985,1.45573310618
1.93939053859,2.76552046212,1.20130421561,2.49092416029
1.42814519213,2.41715973069,1.23990519514,2.55570260649
1.85986745153,1.31402484072,1.38968277555,1.35321121299
3.25655196699,1.19798662748,1.23591940097,2.15335241808
0.0979800320212,1.89135420455,1.5203174836,1.19418283209
3.33732429107,1.3244598295,1.71289115203,1.64971416614
1.6642461689,2.85037217467,1.72295168,2.43345730988
3.88939091589,1.02357668503,1.4130602343,1.62675422266
4.36715706253,1.12175288739,1.51742189355,1.90898665012
0.627441537501,2.29161700913,1.33572463431,2.05382976214
3.44337161508,1.4050057041,1.84757144174,1.66469000241
4.31456828259,1.21000734179,1.46273119775,2.28315979305
4.04696113809,1.31441281654,1.76590662027,1.85420312835
6.71424109102,1.12559023942,1.76707034437,2.43089851958
4.87530121721,1.00834255345,1.14297547766,2.42361265766
3.48540185437,1.2227297618,1.70852438715,1.47894412945
0.869999637383,1.52084932752,1.09249773983,2.98040549678
1.32422598616,1.75055559757,1.62784552183,2.95550946228
4.75413084003,1.07613831344,1.59033309488,1.861206229
4.18834410773,1.33845977498,1.98262803349,1.58231083224
3.01694280576,1.19992805581,1.03266887717,2.57548493794
1.57690854565,1.87484075493,1.88738590714,2.61871874614
7.57536194901,1.20729187084,1.81156557504,2.87885099417
0.135335740281,2.2096497486,1.4482729689,1.19313232994
7.62474694763,1.03301217887,1.87756831325,2.40992678685
1.14632392074,2.68471370604,1.42355533559,1.56979734388
3.63168157832,1.10422761153,1.75490395742,1.30093500852
1.82728304734,1.41021518165,1.4583467342,1.56811437415
3.55872790229,1.6226864859,1.80792333853,2.98603191312
1.79826067226,2.849201751,1.43803605803,2.17030710649
3.67031976537,1.3977784484,1.48099441517,2.92744304697
0.630112325525,2.6515818693,1.55374581694,1.05661207617
5.15892712827,1.01048565589,1.3367874703,2.23870107922
3.01197704453,1.16285953804,1.7077672481,1.18635162794
1.36474943619,1.86842178501,1.88123241586,2.2504385619
3.21281483253,1.27436109624,1.68468446773,1.50663914797
3.11307644457,1.02002850936,1.06830745789,1.67172645545
3.14522530352,1.50362662903,1.9859823774,1.5018440331
3.00427194397,1.62634031864,1.93685456846,1.98530012788
2.29977067484,1.13087015316,1.41005815347,1.11662827313
6.78188447201,1.0950985621,1.94500477183,2.12996690729
4.12457373887,1.23818499997,1.69880030613,1.80489758346
5.21542279867,1.3417874724,1.69018235972,2.73211898426
3.49933035911,1.32403353184,1.73211506146,1.69097980281
1.42494612116,1.86512561868,1.96284780882,1.79032458496
1.63328209096,2.87898110375,1.46534723783,1.95052569235
7.47628131424,1.03971367868,1.56937984024,2.86318353152
1.23157794928,2.88143679955,1.01897715391,2.19701070644
4.38869150044,1.25936124373,1.44631388361,2.60901002047
1.76373013228,1.681806915,1.82227558693,1.71447431071
6.35558420265,1.02276806524,1.97264477413,1.90021322149
3.19159119172,1.20275702534,1.76433858718,1.25617158557
1.2206990544,2.41034550113,1.07142867683,1.8713544247
6.20384579407,1.29791421673,1.9770754148,2.25000114435
4.92058243933,1.35775511975,1.81378979331,2.2896565053
4.21089261838,1.35358027311,1.85057150248,1.86688006194
3.39883998119,1.01847753692,1.83607856782,1.09132145111
0.913062077694,2.30483032518,1.09819942035,1.76182652862
2.05194760811,1.49058440641,1.66275814901,1.56482200746
0.83883208542,2.26579535394,1.02346269418,1.61529229494
1.06119658087,1.39593849256,1.29376218609,1.1599774353
7.32482270509,1.38056865975,1.96670072063,2.96834836374
1.18711478066,2.62130811648,1.11185037025,1.5618324569
7.85463223689,1.0495142474,1.87842764498,2.50262277256
3.16633053948,1.34558195693,1.33437403145,2.73259987164
4.74996660425,1.26539721732,1.74680325744,2.06225494336
0.746843365079,2.28961286888,1.38316872141,2.86192391748
1.7416309124,2.76282861035,1.25645247616,2.18953435171
3.44384163483,1.13252246879,1.15455645084,2.13988389528
1.3932061983,1.21293413845,1.06346746841,1.18803560298
4.14959684339,1.04943001042,1.45242562531,1.73985825828
4.84481646483,1.25858811243,1.70829521123,2.16409556259
1.99664852808,1.25026000137,1.25015061241,1.48075124383
3.2041990663,1.33830605427,1.40839138796,2.42173636489
5.65304124541,1.32196750583,1.66759049994,2.93261847609
1.55056711367,1.71425677366,1.76507882443,1.94047667388
0.729473690035,1.52423812465,1.40903654868,1.03829291042
6.99739717572,1.06111000116,1.84958846912,2.2829945071
3.65400475918,1.0393714121,1.09698314149,1.98467963872
2.3815784138,1.37274808345,1.1806089012,2.94627614208
1.58286034405,2.59472596067,1.15342274266,2.10145522358
5.19130795101,1.09796682413,1.19549135576,2.88692738619
3.55166157204,1.1602087399,1.91908327737,1.18672876774
3.5490311551,1.01679712533,1.33134494263,1.55798609634
4.20463556971,1.48513573279,1.97719343257,1.96935020214
2.3017344785,1.12133427358,1.28996892401,1.22579541084
1.68966611484,1.18242978904,1.00806582977,1.41220602735
1.27698522302,1.31867204603,1.27040430056,1.12055581868
1.68343507874,1.61395452412,1.81685438168,1.35372104761
0.889921169801,2.90318726994,1.32237166497,1.11449983841
1.63609665278,2.47602337114,1.14595040732,2.41131126463
1.4477559658,2.74104855797,1.12287417677,1.92862076272
5.68510457099,1.07407010169,1.60167354342,2.20318428309
7.97750981819,1.00847279673,1.99158800476,2.35143799101
4.1599895534,1.12359467266,1.51359525832,1.82873036285
1.49545932886,2.8427557014,1.46112061186,1.81441445159
7.74337770129,1.00456459459,1.90543124434,2.38132143143
1.68539105612,2.52000025925,1.02412377261,2.29960554447
3.34225518985,1.05092072707,1.78486676004,1.12669882749
4.0187193497,1.02466669833,1.57231697638,1.51501069121
0.713188089461,2.39474489177,1.20775863856,1.2867684382
4.34535153934,1.05134809227,1.95137032296,1.32934468863
3.49392299911,1.02451925009,1.80393928245,1.14589474161
0.898965040548,1.83955478775,1.79949204657,1.72220487174
0.507052492865,2.67482492843,1.76889240087,1.28371465886
1.28761861337,2.40639331267,1.01529492291,1.91843347141
4.4716787384,1.24480090788,1.41717099811,2.66600228063
3.32813811513,1.22990888067,1.53613030963,1.6915695389
0.620884641767,2.72156285289,1.70259499266,1.15472209697
1.15683167901,2.21907832614,1.02304659094,2.52416078084
4.67865756104,1.158824553,1.32211675498,2.59240301146
2.93382670522,1.04547039689,1.61691534399,1.09485934512
1.16679108318,2.97864984535,1.19968069352,1.79819716851
3.68597212166,1.0238406294,1.75597886254,1.24211920302
5.02359995161,1.09170119649,1.36424655925,2.38609271242
2.93661499473,1.59040259061,1.68925824082,2.8573849484
2.99815085062,1.12251440268,1.58576719125,1.24149728143
1.24261100502,1.32855946262,1.31953062145,1.04251303014
4.55951915616,1.15713821694,1.42219444579,2.28649245797
1.47636448069,2.53961244426,1.3203270489,2.28266766289
1.99932276593,2.69803088413,1.0475751551,2.74336690402
1.832238118,2.96086503011,1.21155098243,2.70554641784
4.39465874387,1.13786285161,1.83133095275,1.53560973722
1.57191968954,1.43233517006,1.22557130537,2.27782009193
0.234867842109,2.65292967987,1.95372016479,1.52014045989
5.06578871904,1.22223551052,1.47033806867,2.72083907339
2.54727946436,1.43778474095,1.85081365385,1.2996204521
5.0137453318,1.18633986282,1.76010835531,1.94307073954
6.39003085674,1.00773292084,1.91796191378,1.95478611768
7.21008088481,1.03348624055,1.98828103909,2.14623686839
3.77436769983,1.56938209597,1.94660094779,2.16300326984
4.31219285137,1.25847779729,1.79437294873,1.7706972854
1.80193867063,2.645279264,1.0489578024,2.41804586817
5.25753343971,1.29640045003,1.79086949864,2.28293692192
4.98216873835,1.20501825902,1.40920920083,2.76219419491
3.87788173846,1.10743307489,1.7827879305,1.36626695003
6.55814830962,1.02535639929,1.90581474669,2.03362185731
0.205834644708,1.87177068122,1.57864796301,1.34312855376
2.95977557479,1.14271141182,1.33951392532,1.5644724033
1.80784370596,1.72916246306,1.79483344083,2.21065311558
0.864051849968,2.99599828473,1.39185953967,1.07407156636
1.27263320169,1.81403393629,1.80549487652,2.12470171264
5.14212543357,1.09316914864,1.13817140725,2.986888377
3.56253076886,1.23273832426,1.99142623312,1.19706858391
4.4239781474,1.21813960139,1.45319601424,2.40106858787
2.23264242951,1.1072555235,1.37947170103,1.07239814536
0.67988986416,2.86035837353,1.10665408594,1.02019795705
0.468429057965,1.71743829623,1.36600627388,2.46382668182
4.28047660043,1.38524549585,1.86188489952,1.96815976368
2.77975391427,1.28253791024,1.92576328625,1.03923541725
2.57146913644,1.50039636203,1.76188459601,1.70406140469
1.72304024319,2.73811423759,1.37824922996,2.18846077095
2.19894482766,1.55879279377,1.53734748447,2.67233151668
1.65943372711,1.3859917194,1.07561355971,2.69389897021
3.52564652871,1.04229400902,1.61911183784,1.31013576905
0.865551879338,2.7094735559,1.64553164895,1.48623804697
7.35643136767,1.05065933374,1.74566215792,2.53991732212
5.11124745252,1.07367421297,1.59443348965,1.9901109167
0.968223049349,2.35033408066,1.19395188733,1.90859311373
5.38257686836,1.26688259654,1.78024570918,2.26593011355
5.25524855282,1.06837236414,1.85686980973,1.71469673705
2.40497939222,1.60056149536,1.98852664265,1.37258034142
7.28374798803,1.11935478052,1.78875639657,2.5818684041
4.84298445578,1.18968415255,1.96196503176,1.60549575292
0.377347931997,1.48407047027,1.08009374545,1.04583618254
2.33846298119,1.04188529367,1.17164382587,1.20027512152
0.51712750636,1.60179581645,1.4010906443,1.08800342822
0.177820086938,1.94914678777,1.70521657269,1.06396451906
1.26284540718,2.64263533416,1.5598646714,2.18115851138
1.1843996146,2.70752872278,1.59231742439,1.87534409161
2.55604903681,1.18664788664,1.47651994817,1.27965585358
1.15013498643,1.24655575898,1.09107885425,1.04885300063
6.33073142496,1.01359498225,1.51133301246,2.45595007208
3.79438190712,1.16030259284,1.16184152892,2.4932046136
4.10766373379,1.16185653685,1.13214562499,2.79964697718
3.7410186396,1.1114566634,1.58254225659,1.53241977078
1.1924908238,2.72844402433,1.81647144881,2.8910384602
0.612353218779,2.07850470464,1.96072573168,2.16823955232
4.76283034378,1.00075014532,1.13290048006,2.35757022675
0.597329241205,2.00313738325,1.850420136,2.33530412532
4.84149817467,1.24704012687,1.68993108882,2.16488038139
7.48368068757,1.11166204052,1.95149793322,2.36401065919
6.34056914213,1.20594239495,1.57990330286,2.96411335037
2.34208470866,1.10451951483,1.47183310091,1.03787551975
2.45990413412,1.27474386096,1.42582979911,1.55066592905
2.0508293716,1.17108348619,1.38388813527,1.09385364484
5.49483292221,1.01903228666,1.64766813995,1.96781320836
2.0324966561,1.43849623441,1.43887548752,1.97232132368
4.0697929933,1.09317518611,1.7416389038,1.4571871472
7.81426236422,1.30316960792,1.95118905674,2.92070603618
1.50599340368,2.31216099112,1.0842516846,2.8037843215
2.87103990388,1.33858313081,1.42555643834,2.11822070884
5.77705394979,1.40910975193,1.97904354139,2.40181516184
3.12170976203,1.14999797739,1.23562615255,1.85404578582
3.18752331833,1.55268538486,1.97424085048,1.6919725625
0.624170246674,2.86472035495,1.93998659369,1.40551644154
2.00239610184,2.9036669718,1.68334851792,2.58230793378
6.42151849472,1.27685031167,1.77928814987,2.74357607356
1.91634497566,1.82196930468,1.95423026273,2.11987827315
4.6992184387,1.22680214692,1.57596742379,2.28071965217
0.828097715984,1.80711356803,1.74737327182,1.62699136645
1.19407256016,2.96911088837,1.26002861202,1.66752496501
5.65139439152,1.4594703915,1.98215896966,2.52308909234
2.55679395145,1.51092035206,1.65027463002,2.10916589869
2.63252941753,1.15016424275,1.4031058207,1.32806281973
1.67817889578,2.38673622652,1.16517072877,2.92283410423
3.44705162904,1.67283309735,1.98664781766,2.31657186423
5.5078618409,1.22630848472,1.88666106401,2.00512949829
1.90517708393,2.9716662114,1.4968760036,2.22263630629
4.64074244016,1.060490887,1.29148494825,2.22965027153
4.21719595315,1.08551656495,1.36872239284,1.97726157469
4.72839312941,1.09691369504,1.91545630349,1.51436148326
1.85794692029,1.23114333445,1.11120165956,1.57007711391
4.84092557641,1.07330148739,1.8381365215,1.6029382229
5.43705629572,1.01483103281,1.94612629323,1.64348113031
0.675558762939,1.69575998472,1.36541152296,2.97794669268
4.65183910792,1.19424209049,1.61083190193,2.07540520326
1.76298990389,2.9225485687,1.8852389269,2.95331732471
0.629550715138,2.76535835986,1.9880120468,2.5527432087
1.69060183393,2.74738046225,1.66466903217,2.75979776408
3.80942743382,1.34205538896,1.44651733911,2.75220906734
1.74320758584,1.39699372882,1.47311057744,1.40488055945
3.29409423287,1.42659905121,1.87989772964,1.58657598239
0.106664107868,2.18142362428,1.47389011477,1.49754486168
1.33982819423,2.84968206652,1.51699249015,1.64250676524
4.32326040551,1.46521871223,1.93866624348,2.06085506374
2.0892931289,2.9061677193,1.72552920105,2.80266538025
2.5756924086,1.38392638511,1.51208748602,1.88522980325
3.08933166138,1.32301760747,1.25266062641,2.82481481636
4.41411498657,1.00735345614,1.24053878325,2.04056400508
1.8671116694,1.7143501536,1.72988874631,2.57001089748
3.00842172973,1.10955324628,1.64348200152,1.17398343409
2.54018363699,1.60962708483,1.82569552231,1.98387897299
0.338772574925,2.390720199,1.49224543119,1.13817088329
0.811214893905,2.2639651012,1.31954769943,2.88100980218
4.18391330021,1.00892763957,1.88818724757,1.30053370658
2.26243466688,1.3933711319,1.70692812171,1.28332303739
5.01361255569,1.01293749927,1.06544217031,2.66504408173
2.58064019207,1.3053331869,1.89402425882,1.02208540903
3.94091436206,1.19663872911,1.14085635505,2.90658169034
2.1843912853,1.31642570565,1.31806441058,1.7725038602
2.09191508733,1.33733075738,1.58584532668,1.23722678673
1.39334014491,1.89256998097,1.95673279134,1.97991296747
0.166381263773,1.6722547699,1.21253087337,1.26797133308
7.80898340316,1.15578683043,1.98400853885,2.48431089765
1.16734531691,2.53387251335,1.32904372579,1.83971698001
4.66429494103,1.10664233827,1.38567462849,2.2264842779
6.17356495486,1.0096503185,1.71104256643,2.11594229729
4.25966986638,1.26403978383,1.45069846062,2.5445986505
4.41358234189,1.12313613259,1.74329355528,1.6221052577
3.69553957587,1.56712206011,1.82567241484,2.58497820568
3.98371733627,1.09654884053,1.84204712111,1.33719601485
0.848378080458,2.80693264667,1.60984764085,1.16032500165
1.08140108144,2.37575820313,1.06362698951,1.73769438721
1.29097045262,2.75665681601,1.33822531518,1.61081290674
7.38548761016,1.08057740214,1.87002032762,2.40875767757
3.75800505464,1.49937812951,1.65759548593,2.96191964588
4.83152537314,1.08903710737,1.12372489333,2.82072868376
2.80884160407,1.13508555858,1.01283584377,2.04335012679
3.77744685862,1.00627516624,1.41952930852,1.5434676727
3.40442567615,1.02123532523,1.1910823102,1.66513908916
0.414632262181,2.1567270181,1.0638238962,1.21617264168
6.70020061499,1.12250164496,1.84465652787,2.2898810548
4.93416063113,1.24721579669,1.73263785507,2.11685571643
2.15992615684,1.53258278376,1.67421752358,1.81467757391
2.01486464194,1.65328985781,1.65739861956,2.63978775922
5.18839574985,1.05973840147,1.2887071097,2.49541419097
0.537374966519,1.9132550854,1.71340630362,2.301059113
0.957234168471,2.33023986246,1.18149873733,1.95298683984
0.675166931773,2.1854934552,1.14689150335,2.13448739337
4.2628892496,1.10673201886,1.68475041147,1.60898461936
2.8148232886,1.09574669732,1.2844640246,1.43996434278
2.44453007319,1.35702127516,1.15861507161,2.9611434066
2.53288559921,1.07154224886,1.05723134333,1.51676628758
4.40312648422,1.28937140303,1.9860496542,1.56952805183
5.74222081321,1.34647875061,1.87904179028,2.44153131661
1.74206339656,2.61151571688,1.48293461507,2.86200508203
6.37598049807,1.07393756128,1.55798133334,2.54852696859
4.53207934048,1.40910994894,1.79326871023,2.36531715461
6.05192377022,1.09409005166,1.75550696913,2.14814845336
4.46438379154,1.15450061657,1.30568689794,2.49335983504
0.414759245883,2.22868897219,1.31691946148,1.75416058726
2.59682642194,1.33436748792,1.60308216757,1.49315366052
0.974374286823,1.92871130085,1.95074148162,1.64051231671
3.79152305059,1.04774618589,1.16784301578,1.97156517236
4.9701374649,1.05908759862,1.51234117236,2.01907229868
0.605451835347,2.27890345677,1.33212668124,2.07969039428
2.06893327416,1.2294279966,1.34206009958,1.30125528999
3.62452626611,1.39067485765,1.6793670075,2.12184245494
2.87361118978,1.24570455047,1.76978665187,1.18759500105
5.9929442412,1.16805648598,1.81400835115,2.18141964377
2.44610256244,1.14106437868,1.11058966448,1.62313557779
1.51447159957,1.85709921775,1.834477685,2.78720295313
2.86770187088,1.35195039293,1.58027561865,1.76375101611
2.46008478381,1.45440319221,1.93590511489,1.1557234417
4.08048450475,1.20626536839,1.81516325957,1.54424366999
1.26788965916,2.97120447087,1.57703897475,1.468266509
2.0575451913,1.29012991609,1.45656912773,1.29271094307
7.40394157964,1.00130096466,1.89734385252,2.28360505137
4.17459936232,1.14422807384,1.89298827152,1.40325705909
5.81161653894,1.53302403548,1.9927588894,2.89370953099
4.07380421823,1.32510699402,1.83213224457,1.76628470698
5.78392246297,1.07176227426,1.48494600962,2.43239358179
0.97169273031,1.90247396819,1.91744605003,1.64119744254
6.0332951557,1.21828683696,1.76499616409,2.4182371552
5.57418177489,1.16964131655,1.67682756298,2.27066968415
2.58247507852,1.27654712067,1.49264116972,1.50719486483
6.14695011615,1.04734508275,1.33709358621,2.79722509877
3.18737472617,1.09281149237,1.93728037066,1.00451189828
3.3449367691,1.32987407744,1.7788711634,1.54832493086
2.30489461837,1.43758919756,1.61472790493,1.65496524793
2.35144721411,1.5368312046,1.85574992411,1.45541817747
4.25165497963,1.17481438191,1.46747326783,2.10458593387
4.03620672776,1.10984456943,1.17125452518,2.35069794041
3.1475825202,1.07556097049,1.40744128827,1.41085279396
3.43589671549,1.02292573672,1.31871330444,1.53378944756
0.429035196997,1.90523170501,1.67113465054,2.17363658138
2.07442549686,1.35532579645,1.47728263328,1.48392114218
2.14700337434,2.6475160965,1.29580158112,2.84647591074
5.3721697137,1.18266074022,1.85940462447,1.91442640106
1.61929836932,2.57887382291,1.09969188241,2.1588048467
0.792611394724,2.51345863916,1.44855934218,1.55053766872
0.839246117991,1.47955316622,1.08534586195,2.22437115317
3.27236419042,1.70114248301,1.96656768608,2.45567999652
2.50794854511,1.23206243728,1.67426612412,1.11379526705
6.26582180767,1.03774997244,1.92168563497,1.93683774457
4.05567309391,1.19170260475,1.72359317989,1.63131607318
0.792708097673,2.24955481692,1.12142913552,1.85825495297
4.72812921312,1.374539516,1.62969625274,2.85990158177
2.53521586827,1.39222180642,1.96179662556,1.0496670905
4.14594159704,1.38968497182,1.8473882467,1.95372444032
3.42884425168,1.47713363827,1.81411310414,1.98951783995
1.81395570402,1.47439129504,1.69568889439,1.25591566763
1.26923072753,2.38537038129,1.00218450819,1.92665912824
3.10167720845,1.71883820499,1.91406180681,2.73843971203
2.12786595959,2.71745368639,1.462902556,2.88159655883
3.78334654254,1.65338061583,1.97394455265,2.48767632278
2.96012499455,1.17868552671,1.4962407532,1.43492420533
1.82549161081,2.7848088191,1.48753559867,2.33358468884
2.08410918454,1.09557049198,1.21825387288,1.1301538969
4.14091200928,1.32393024394,1.76893287882,1.91972290455
0.555116917676,1.50444880251,1.16583269513,1.3530197699
3.29734167063,1.16955014329,1.61914335624,1.41075806375
0.60379091602,2.6584400331,1.8373464629,2.07568810059
6.29802386174,1.01184531237,1.27938832613,2.8494369848
0.539995742059,2.49572251517,1.50106525465,1.23902545709
0.544656613136,1.79438069707,1.74160303279,1.02629877907
3.63168593935,1.40057986544,1.95378212604,1.53551969233
3.49456987545,1.62847548008,1.86325580517,2.66793188726
2.82911430043,1.279622367,1.40522938213,1.85080909472
4.81188483437,1.37197278919,1.84251024752,2.21580930414
2.95374923608,1.55308053353,1.9876367044,1.53748101317
7.47607425223,1.04099805117,1.92966765115,2.30414006015
1.88485278505,2.68728862506,1.19322043531,2.4203752157
1.84520523751,2.78506411985,1.09751326344,2.58313447784
1.57512763757,2.75353616728,1.43824897569,2.0219725922
8.93052551823,1.14625309348,1.93849068094,2.91227773676
8.80860462664,1.05286420313,1.87800390904,2.81239269913
1.5314153673,2.76690823875,1.51329405229,2.0285943784
4.95140544318,1.13901159893,1.65806003116,1.97456007021
2.71151425815,1.28358060029,1.44867098138,1.69517201036
4.69684638351,1.14987988895,1.44646266915,2.27564473151
2.32705611281,1.01533317439,1.16462940844,1.15062069691
1.21217780221,2.79485206565,1.4026564314,1.49481394502
0.11276568574,2.27810308799,1.97672068594,2.38617116741
6.85721663683,1.07391867693,1.71470502128,2.45945914379
4.25710962408,1.14586118938,1.43364293538,2.07324399748
4.42885293513,1.14278294036,1.29208728733,2.45043843415
3.95476578006,1.10002779464,1.71797706521,1.44828457577
1.58527095049,2.50066472428,1.24544559538,2.4330946674
1.77032262876,1.46491904312,1.33646700359,2.31750318671
1.36855229041,1.41719595898,1.27285608628,1.68754012623
7.70161688189,1.0810433309,1.78717843982,2.64882384351
5.15800895161,1.14483460202,1.82254968008,1.82508394377
4.27888055785,1.22308666725,1.70841848074,1.81669758759
4.68683152262,1.19370133603,1.9602948342,1.56079444481
0.715902426838,2.41882269056,1.24077545617,1.27782868955
1.37925319472,2.7798916566,1.01915791982,2.09431299274
4.57019794745,1.28446761692,1.77699090699,1.97845665454
1.80517936997,2.50100245025,1.04441370726,2.49337179422
1.43934092972,2.86514311346,1.67469539684,1.9375457476
2.28229047929,1.1363042859,1.20488386391,1.35863547305
2.23564836754,2.79855926837,1.33493094396,2.75372159941
1.79400043569,1.65345333379,1.83809243627,1.54523240789
2.66840584261,1.21812294355,1.17823765575,1.99046089033
0.386415253884,1.49841769999,1.04974403011,1.3012847663
2.00548252653,1.2534591535,1.38090333507,1.27222007441
3.3280410029,1.25845793651,1.23008489354,2.59220433487
2.80385050289,1.27027544344,1.41266823271,1.77819905023
3.53962874516,1.57547565239,1.99569879398,1.89924254438
1.31200045728,2.34926902666,1.1870129054,2.56656046598
2.82542487929,1.10349474466,1.65048002132,1.08984524433
1.38439884485,2.43967944856,1.38871714509,2.97786952471
0.802326484674,2.70550500479,1.24435956203,1.02009659897
2.37349003755,2.86128931649,1.45670292996,2.85320241772
7.35410773803,1.09651450445,1.98466589842,2.2559232327
4.17129328817,1.10331154562,1.76061581388,1.48712359144
1.06740495421,2.49206776471,1.51293632403,2.54893517672
1.96945091391,1.40562910318,1.62081070952,1.29479707334
4.98870956638,1.09255322134,1.86746117703,1.64258601125
1.38987998302,1.42284759406,1.4793024033,1.19581565859
5.64856140821,1.3022088514,1.86133585069,2.30169252843
0.128729115162,2.29334400899,1.98820740292,2.93874694121
1.06251270832,2.90108192095,1.51802199363,1.2620793816
0.782844468338,1.5812632769,1.43244634232,1.35783009849
6.78042820105,1.05578758231,1.62417829982,2.54196828193
6.98241609773,1.0699558157,1.47750040142,2.94620103828
3.40576100068,1.26468535324,1.42079467642,2.11170787083
0.568202922764,2.7138357168,1.94196483118,2.38538510246
0.65966977267,1.39427198974,1.04498272569,1.19511634309
1.20864514009,2.86214976949,1.29852920554,1.51375687162
0.440969472024,2.15287712141,1.03485119278,1.23328413771
7.57124628153,1.0389963631,1.90994371743,2.35699745845
4.46467801315,1.35993341603,1.61964252126,2.65192097973
1.05797514665,1.80295466033,1.78194270446,1.8149462221
2.49347754597,1.08206998274,1.49901600285,1.05075179365
0.893632844139,1.35167845282,1.12849205106,1.12082863754
3.18691218404,1.38883938696,1.6863738628,1.84096582857
2.06744817496,1.29358124123,1.25192295593,1.72837904623
2.05434202421,1.53691339597,1.60120976479,2.01596490155
1.24891218418,2.4020481878,1.3194589455,2.63163602966
4.10700258009,1.01880558946,1.08278897657,2.17555278855
1.17378046038,1.24499490174,1.01363474618,1.19335996025
3.94497457984,1.20791805296,1.34016691124,2.37118134639
0.457410003234,2.6362375211,1.72128735716,1.15298165387
2.29746934192,1.02345050689,1.31619524501,1.02814506356
1.5401508546,1.49777873677,1.51681455955,1.57086795356
2.23281292646,1.19316035537,1.09908971312,1.71708723885
3.28356942467,1.01512585059,1.59557780336,1.210090337
0.671320995934,2.56135960613,1.71361954823,2.22408702432
4.39604274894,1.21661879664,1.57511014089,2.10006500301
4.81393563334,1.09578169389,1.53400362389,2.00873361076
2.26984194192,1.74264005038,1.82058864833,2.72358768728
3.95329454796,1.15713200566,1.95287580675,1.28648352657
6.35455680455,1.32177652001,1.87469366098,2.62237683879
1.37629015675,2.97742916993,1.26997009376,1.91502158455
2.60981371464,1.37763064849,1.90517318118,1.12796931295
0.369588149182,2.12122413538,1.13828852563,1.57331514732
5.19521061445,1.19896149028,1.82572379592,1.93355571268
4.21969537584,1.06242790788,1.7429189436,1.47226147119
0.206603164495,1.71083386054,1.3043447733,1.40859867058
2.33907086651,1.53751940568,1.72299520218,1.82130264283
2.73670758904,1.4202190717,1.65909867141,1.76022826699
5.51729746118,1.09922075874,1.97739452165,1.70248046403
4.70876247181,1.10392201656,1.84625071731,1.58473246221
3.97656464485,1.51830031345,1.78819210638,2.63406445701
4.12513721816,1.11340492536,1.38888536568,1.98452508973
5.61153284576,1.34983949567,1.86201495358,2.44268587458
2.16451948141,1.60367070374,1.74827265101,1.94058592206
1.67558315975,1.28334986729,1.3727654287,1.1532939661
2.01080839655,2.60114721988,1.36686361101,2.94662639933
4.03527582225,1.25282811231,1.81238324503,1.61736355868
5.32087730516,1.2004866566,1.44939064432,2.80498213327
2.46877241074,1.13028952251,1.25170038971,1.3863955097
2.11037999179,2.75203113117,1.51801519381,2.85800827828
0.66436682426,2.26622307029,1.16976866699,1.61479410951
5.46176524721,1.35850717626,1.68136963141,2.98663124283
2.21013201696,2.71358121842,1.13634113567,2.89332638847
1.81470520235,1.63813318241,1.95454868103,1.19353757518
7.21177387043,1.10164194483,1.92313018044,2.30531352838
5.33474319451,1.15896086272,1.4283201604,2.66814603192
2.15174291386,2.55622916448,1.01819146645,2.90532215236
2.41040323927,1.48693010954,1.64644791751,1.87185994409
2.50095732565,1.13362093134,1.04196228724,1.75512387411
5.79264605513,1.16133420633,1.88639624096,1.98398989027
5.60145215217,1.49527851597,1.99068571987,2.62048520941
1.78345544459,1.31701409554,1.57861254217,1.02009592594
2.51686747913,1.27297777799,1.01574492259,2.82490307371
8.55408232283,1.06538962929,1.95709498476,2.62555577682
1.23876052572,2.64155029813,1.10060259179,1.63021003043
1.44878382263,2.87967198248,1.48956381059,1.73244747438
3.62791558187,1.59119058938,1.97280817437,2.0842433193
3.24166720782,1.27569273753,1.22680773355,2.66481825864
1.70182597286,1.83148948498,1.86981710038,2.49374346208
0.932476212507,1.5551796645,1.4853642564,1.26049285678
1.20563270455,1.48742878192,1.25355150558,2.1144917123
0.815030944547,2.37468913015,1.04395469984,1.29150168814
2.52547192281,1.2169468772,1.15917730583,1.92357917335
0.589126405055,2.21132861407,1.32363926364,2.82511526072
0.368584554404,2.62025444955,1.93904422123,2.73192109415
4.81851227388,1.03196925971,1.61882329903,1.774994283
7.289556206,1.28119688912,1.90802266399,2.76623826734
3.24239653003,1.35635828854,1.43994764733,2.45662111077
1.93188825046,2.75475178825,1.63675650387,2.97675054417
7.49221125603,1.19839727784,1.83217786699,2.77205054503
3.22698389328,1.13365195037,1.28462320798,1.76722097565
6.52749730192,1.12990350393,1.92039398582,2.13005639387
4.66179671551,1.44989877864,1.71969024821,2.9337847205
3.41074559307,1.34473357152,1.79967523676,1.57943207328
5.05494065263,1.20577976786,1.75142762026,2.01923820766
2.34067796571,1.34994429921,1.72641929184,1.1913792467
0.231582979275,1.61058081019,1.03647486378,2.39496661062
2.78597055241,1.24198270689,1.36663572162,1.75139968946
3.82184439822,1.49369795052,1.70916273069,2.71664201333
2.38350391647,2.91964311931,1.39831541354,2.87409029993
1.97188046519,1.10928626537,1.21571478735,1.09995682492
5.28033229863,1.4351785139,1.93403729699,2.40960222715
6.23095066991,1.33356125836,1.9812500572,2.34355671772
0.928603987159,1.68702370188,1.76399905872,1.05523876776
1.85535677231,2.88843302378,1.4415842928,2.21252143424
0.895837774068,2.96258990249,1.70506422297,1.09905065832
2.31596627812,1.58135745141,1.74124530092,1.97113638466
3.61783170255,1.16416199066,1.31099352657,2.04852494669
1.29654896234,1.32640411196,1.02804988259,1.76771404593
2.08188184775,2.78673443143,1.60784452144,2.92760972361
1.78150191231,1.39656930501,1.13379702064,2.68043262742
0.433621611268,2.27294574366,1.21377137558,1.12735938242
4.35776256929,1.04433389542,1.14832513903,2.28899017543
4.46782518315,1.39744821154,1.73527957514,2.46050723509
2.24277262883,2.6607225782,1.33059687387,2.98225563617
3.39764510755,1.23893031228,1.8729768088,1.26851235316
1.9190312778,2.9194345752,1.82131640552,2.87240395484
4.23304959704,1.60261793372,1.87930212482,2.93483715194
0.875667209357,2.6218641286,1.49381997371,1.43022843592
8.56279723385,1.12653012395,1.91699113221,2.79397836846
0.944504633583,2.80084690627,1.41963374082,1.16413259464
1.2370193075,1.31948928703,1.16470888726,1.28832114871
4.30019332153,1.27675214848,1.73529577031,1.92052248169
1.9870988618,2.81583388479,1.31633792786,2.45302270539
4.46078841963,1.12450724579,1.66722259512,1.73774901473
3.31640445961,1.3025263454,1.79286802116,1.44998367611
9.13698310888,1.06893690053,1.94462666971,2.82981010419
0.874697776281,1.97892453632,1.97157915545,1.70845920689
0.551779026264,1.51215758675,1.11241445966,1.66447543208
2.68092589197,1.09195033255,1.07027928636,1.65659731166
3.63330222987,1.3239657184,1.77597507628,1.67141970759
2.52486457382,1.52706013722,1.72492771939,1.90478505307
0.808234252806,1.70679344343,1.66291010354,1.30349026657
1.71389262417,1.72513329706,1.68464918423,2.81161176549
1.54418735192,1.46684356262,1.33775489775,2.03176953154
1.60873933968,1.43068225936,1.33224148024,1.85809677589
0.28781579188,2.61298260073,1.92677890289,2.06703580849
6.58832823566,1.02238578685,1.4835395265,2.6248723484
2.23495845105,1.26644916593,1.23457624976,1.76962239152
2.42558440827,1.04580762333,1.41505223986,1.04011578646
1.02078210044,1.89598658971,1.88127142698,1.90470984116
0.896495474584,2.88308873788,1.10984036545,1.38053204596
0.912791162649,2.59790289305,1.63128805915,2.0563712198
2.04482632901,1.38541798417,1.31788314905,2.06226522957
0.956508188165,2.50266666659,1.49292997757,2.10845153139
2.31999809703,1.33581389382,1.09553826826,2.90086098347
3.84897292304,1.1007774162,1.99919577392,1.17292632754
0.878563795792,2.37382830789,1.38126167824,2.3160690349
4.39613631503,1.07735507966,1.39129217524,2.00053581731
1.37019853071,2.30676503648,1.05182901207,2.48368653231
8.43799693001,1.05189878493,1.96711021644,2.55940504065
4.23181461936,1.05771619195,1.78808570308,1.43033210353
8.54400988303,1.14780813848,1.92995949292,2.8060223446
3.08472509501,1.14940747289,1.22450164735,1.85076803886
3.17770766356,1.33077968453,1.91591668487,1.27206283433
2.16893949926,2.9016676401,1.22940956871,2.93884444572
3.40538077951,1.2121822933,1.81580279816,1.29655295912
4.35047987312,1.07983842016,1.91169483882,1.38230344793
3.55226861355,1.25639429406,1.23263279848,2.74157802613
3.53450049153,1.15073597065,1.11925064107,2.37813932706
6.69848362795,1.00688202582,1.60502078169,2.43833566554
6.82131950023,1.26373285512,1.91126129278,2.53022610428
1.63805521946,2.83427360141,1.25154742895,2.08996157519
1.61856166725,2.86615394178,1.63144718685,2.08941236298
2.36782865734,2.74196190864,1.30514615438,2.96895468592
2.07847796437,1.3430320055,1.42499619338,1.55302406682
4.8351308222,1.38852350705,1.98070433665,1.95030147176
1.76977147543,1.55694346195,1.83181449939,1.1945861649
2.05909025602,1.60480011398,1.92799320661,1.31511609414
0.77651543272,2.38268970364,1.01026035033,1.18850196606
4.73380200711,1.09276976975,1.18112436284,2.64082428596
7.21092936109,1.12779869217,1.83335753244,2.49468747051
1.67791032202,1.40121038808,1.30978740445,1.81490813332
2.20005000234,1.45072728132,1.8196315099,1.20026991187
0.622642741001,1.66022486186,1.53719192264,1.17385031318
4.71980287096,1.32320782061,1.83742497864,2.02927245124
2.55789171379,1.33347241035,1.86009481758,1.08950714613
8.06600860884,1.00962712701,1.96561634032,2.40963485935
4.87291511681,1.28099534076,1.78900679044,2.07385984983
3.64475914703,1.4789902324,1.9256194313,1.81098701944
4.62702694135,1.01826189314,1.52197186227,1.79072436698
6.10634890715,1.10201807532,1.4829874875,2.67282741922
2.73563183337,1.28442343057,1.52382918661,1.56380962228
2.30310687624,1.13503308272,1.38659012373,1.1498595085
1.51687637887,1.64798400781,1.94740407994,1.03496897472
1.24879884696,1.4142015895,1.45454728598,1.09162164095
5.91108352231,1.06698273697,1.64218835115,2.21220081295
4.25573854964,1.64074293936,1.93593413482,2.91563444653
5.76531779571,1.32181771932,1.75270622541,2.71218030836
1.92258265259,2.90798877121,1.70702745975,2.52216117164
0.844806789949,2.7066207894,1.67313571703,1.53738754793
3.12085629749,1.25662047066,1.16331787272,2.65055985303
0.797107453047,2.99003891406,1.28786023683,1.09898761879
1.41597455484,2.87889953745,1.76663789643,2.09666998895
3.87367489337,1.65480398523,1.98223579539,2.51640735141
6.8254764323,1.29172437828,1.90555003606,2.62871424452
1.59965330779,2.7760825557,1.10980868681,2.19833248056
2.80553830211,1.83070071565,1.98479614435,2.94132575005
9.2623292743,1.01283372448,1.86253635513,2.92357573915
2.48458504676,1.63656986704,1.95446430818,1.62841426781
2.87970134457,1.5857104801,1.69522449264,2.72608312336
0.882754530321,1.66207195583,1.63628926172,1.26631628425
1.89327707929,2.70413136468,1.02765480089,2.64824729595
5.7552143988,1.21872236939,1.93377958359,2.00023665236
2.46979692832,2.85569610702,1.44852174059,2.97444609527
3.27111558351,1.24571301568,1.90102481222,1.20059897227
1.5727733866,2.63765254099,1.40532631054,2.2604925011
1.42117657554,1.42198725556,1.37591985812,1.4640728275
1.84170634454,1.27777597018,1.3716626589,1.25207588457
0.835854460379,2.70850506436,1.51801288861,1.20434951991
4.85691481888,1.18601933838,1.87834233706,1.71084223972
3.65451512503,1.49899121915,1.78290525241,2.33381128253
2.31798596093,1.29818428985,1.13093172798,2.3665462554
8.07387352683,1.18035494811,1.86104356741,2.86725458827
4.65093639936,1.09703394622,1.37003704,2.21647067454
9.11726612539,1.06113466793,1.90193498046,2.88341989202
1.76643659134,1.55337054249,1.41853288466,2.79149554908
1.01923300683,1.78010092979,1.91448750544,1.08885305488
9.42119645208,1.00280122417,1.94841214502,2.83276953783
4.21505728856,1.20700204843,1.81296707481,1.59943035564
0.415037020995,2.18624010077,1.03843212979,1.03303319126
1.42791361169,2.79954730443,1.54201891216,1.85980478407
0.345978723027,2.1295990992,1.02024433866,1.03058685814
3.45535604787,1.1186909877,1.27618874218,1.85475670939
1.71470268438,2.64917575565,1.22455106083,2.22987435947
0.505773453035,1.83981157292,1.63216361565,1.91392673531
8.20822910987,1.19099039613,1.90397639969,2.84728013267
3.15067696027,1.59723033176,1.85798432171,2.2412421569
1.27984179055,2.35061811566,1.14485564288,2.35387951292
0.265592199176,2.50896899962,1.86341834359,2.81172335822
1.81861076456,1.38098808101,1.71066991803,1.00121391368
3.32148695531,1.32979096678,1.5536795729,2.0144731567
4.37015688159,1.39604069608,1.76459685151,2.30978347522
1.68527234581,2.86557487493,1.69607006622,2.32166126525
1.62682095141,2.73247894192,1.57132874023,2.39380958496
6.3238285162,1.10468299825,1.48060560183,2.7832486268
4.34095541146,1.41357269928,1.66027782956,2.74492867809
8.02031775823,1.02793059964,1.80892130497,2.6280240521
1.2844457956,2.91178236779,1.29775302631,1.64524528174
6.22890038539,1.13704706621,1.95357103133,1.99747617813
0.397819570833,2.75961126294,1.99750243504,1.74542925914
1.20392350851,2.95330792582,1.36070939931,1.50040345645
0.712104929749,2.73489778241,1.71866325719,1.32349520278
1.59965300796,1.29409534488,1.21243481612,1.41979483179
2.3531574324,1.40598861807,1.26199325565,2.8370420137
0.432740648975,2.05499898505,1.05736158056,2.09562035157
4.79958091185,1.11048935909,1.29851578788,2.48759067732
1.41543865256,2.98092873171,1.36387439198,1.78630578028
3.14477702924,1.31207813356,1.78194890571,1.41097139175
6.52559725248,1.38999369098,1.9260676513,2.8046627508
7.11138807203,1.05831034745,1.99858022937,2.12534402729
5.86628401692,1.0141208969,1.88779171383,1.82785112404
5.14078143514,1.16112788562,1.78585241811,1.89943251899
7.47853321596,1.10900422646,1.87343323956,2.48109904042
2.04084951648,2.70787462313,1.32812046888,2.61101672324
7.08898647665,1.07207675749,1.53331860865,2.87844065901
5.82349107894,1.16211561101,1.94236530841,1.9164067337
3.02019057275,1.33073028792,1.78543054045,1.38972037328
4.94568857753,1.00607173132,1.31960847162,2.15991636952
3.71632743769,1.44477260175,1.81664079078,2.01230481531
4.88410263558,1.26404346015,1.74035861202,2.12995616362
0.722338920281,2.82594674596,1.04383121902,1.12810220069
0.767343628388,2.66634316262,1.58717030616,1.31448721624
1.09858977082,2.8889389315,1.183489781,1.54737030728
1.93437919009,1.76591363925,1.8194888679,2.53930215032
1.35517228923,1.64406788803,1.5623553097,2.20095258085
3.81664583396,1.15048630846,1.331528906,2.06226809626
0.891070293061,2.6175109753,1.61211837589,1.81103752495
1.2776061251,2.97217074506,1.49643494932,1.49062906527
3.45116917356,1.20434632904,1.45341932579,1.82475108325
2.55060639193,1.07314283789,1.00099083003,1.61550405593
2.29722713621,2.80887135949,1.3696904414,2.81285592611
7.9866288194,1.25295957719,1.94366309254,2.84652811327
3.2134988468,1.29179288552,1.42289802425,2.1155396334
2.21054518461,2.73799714337,1.36086270857,2.79497869853
2.72719339899,1.15729880421,1.03270135367,2.05829344638
2.02889662922,1.25411706982,1.40481317208,1.25251429488
2.32675191732,2.80341201515,1.28405234097,2.90174035866
3.96933704039,1.24837432212,1.4704490874,2.24323644548
1.30413502364,2.5639335258,1.06704707807,1.74909015696
5.18247338887,1.25085266037,1.87654326062,1.95462796771
3.60503457903,1.55016902951,1.92735587755,2.04756439944
5.07685659476,1.30856034766,1.87022918274,2.06765629606
3.57158354015,1.58273516094,1.80059994228,2.72233477446
2.11224272921,1.35444403986,1.74500306872,1.05986402015
3.77836326516,1.02372682847,1.21729164145,1.81874183497
3.74439075462,1.57464175542,1.95983146251,2.12343628295
7.20408926019,1.0483960323,1.89783954767,2.2685095684
2.83024590427,1.41192247732,1.37875987348,2.80287410666
3.70868210109,1.11048922221,1.57505326557,1.52624975865
4.88617847116,1.40275812518,1.86489956803,2.30344608527
5.91492609028,1.4729031339,1.94588392914,2.82949503719
9.79002668348,1.07384589559,1.96993328702,2.99488744599
1.94392636686,1.65748533086,1.75752089024,2.02675892605
0.856189056178,2.78331873507,1.26107327549,1.07516181914
2.64466753415,1.17326719928,1.27866698668,1.57777247013
7.50643208457,1.18835860076,1.92325511846,2.55952427376
2.17713655001,1.30225455174,1.12587342922,2.27350007057
0.927414564961,1.60451384245,1.65121477837,1.02868216404
5.34160378099,1.19130020552,1.51133479019,2.60563607918
4.63618238371,1.13952186846,1.89076573371,1.55511259604
5.89315326358,1.09333488797,1.4868586655,2.54246405141
4.63108377044,1.07826369945,1.20652168446,2.45879865896
1.58470672574,1.55510497082,1.63605436374,1.53701975594
4.44313592553,1.10062114413,1.85050007825,1.48753918192
1.34599080442,2.89789071249,1.42059360942,1.60930604271
2.05662602757,1.15306239658,1.17340844163,1.31228814162
4.65201060853,1.01337298947,1.42441855155,1.90915050601
1.36073381644,1.66449493903,1.89273725779,1.07876124049
3.4244485439,1.18550720773,1.67167074779,1.42952512124
0.844898091531,2.36770875935,1.26828894084,1.79377322536
6.57612594339,1.03797250762,1.68720430318,2.33219359763
1.51108246032,2.80289637083,1.3595488601,1.85456715393
3.89905885409,1.36653724366,1.46349832602,2.93152495519
2.47916442892,1.12619090568,1.58144193582,1.0348314262
2.33706206003,1.33215061848,1.54949141789,1.43256772131
6.62651815827,1.08206217123,1.7831681546,2.28680882529
0.520290510223,2.61399417136,1.67057150277,1.22957277493
8.4746503555,1.06135703067,1.91423914298,2.66125706497
1.74638323686,1.3962083495,1.20023440059,2.28714209991
2.86845472914,1.06588259902,1.03046854029,1.73962055262
5.55998746187,1.11887077662,1.33267250844,2.83562180966
3.00244136161,1.75142909226,1.92351067937,2.86032446063
3.00905969999,1.22910940138,1.31833023128,1.94469354647
1.77851930542,2.37168148709,1.0802246574,2.9197716141
4.7673637912,1.03896193593,1.92700464894,1.47012863196
3.42956607848,1.03890229586,1.59386357856,1.29155624812
4.1558399997,1.10075135791,1.12789711776,2.4759127277
5.74417556213,1.19556753045,1.55060507882,2.71699144622
1.20926326756,1.42855693098,1.21749637229,1.75388114409
6.25804511272,1.0255727215,1.56759914027,2.36822810116
1.89056643797,1.51329178585,1.89776212492,1.04290479885
5.37990769032,1.1094140488,1.76304318222,1.92501673527
1.34226173844,2.73502841635,1.36577250117,1.70250767537
0.584408027555,2.77526828398,1.77790130394,1.11241681306
1.19324103599,1.88406189968,1.8356105246,2.48970197757
3.04130566421,1.58444677931,1.90958498359,1.91486116566
1.84467994076,1.29869066305,1.30480362863,1.45055576868
2.99450054536,1.27638579609,1.24615484926,2.40043198337
3.12281292804,1.37307166689,1.5836463643,2.00581755011
0.59843043571,2.35744244045,1.28294131895,1.34664868619
0.590268861653,1.65549472451,1.28802667534,2.65513544377
3.34634659093,1.33369950857,1.71040436993,1.68614844918
6.17706226871,1.12671573546,1.91083253522,2.02417197985
5.09153516605,1.21408395245,1.7503350514,2.05675814535
3.04213613521,1.52917790734,1.65746693139,2.61143047805
1.51834250458,2.63673309676,1.3109217548,2.0470650837
2.84582693765,1.35728075855,1.65182570343,1.61193126952
1.39734279996,2.29113346904,1.00465356012,2.48635418421
1.10792417771,2.6487035508,1.46890026772,1.66809725326
2.0920236204,2.92393983152,1.48489406364,2.46299617602
3.21374786236,1.03644358883,1.15386134628,1.65802859062
3.23711094886,1.12815769734,1.22356551574,1.86024784002
3.96528158903,1.05136925791,1.17772199855,2.0580034751
0.93761976276,2.90292173269,1.78035920106,1.35722412262
1.43454704349,2.58628101019,1.34680757359,2.1112980907
2.99550327875,1.27412500544,1.74208936242,1.3234110991
5.5334506518,1.22678611255,1.86704589531,2.04927469441
0.463509628518,2.04166249071,1.82581934867,2.8257702274
3.17943275714,1.27543563161,1.26586727658,2.47331250338
3.34750947746,1.45796936941,1.91260818471,1.63118220951
2.36821416999,1.76366773997,1.88652301493,2.57405525555
1.72109565203,2.87023852923,1.69773853205,2.35885637464
5.17758882173,1.31361813546,1.87677470303,2.10887636215
2.82532978146,1.37489278379,1.34351097156,2.63316307029
2.21978137141,1.76584269132,1.96995233858,1.9766835115
4.0709912048,1.43451748485,1.97110050549,1.77312700849
2.47017552711,1.34772083988,1.32421770647,2.1804480497
3.97187328438,1.1954807731,1.51729610704,1.93968876481
2.32521250467,1.20136116609,1.37725545189,1.32403681189
4.40178218138,1.2292166711,1.45445809983,2.43751937486
4.41644335528,1.23722037303,1.42183240558,2.57741689209
1.37945440024,2.82160723187,1.68719664213,2.01920693922
5.64243315554,1.00234074694,1.35898691676,2.3890178901
3.68809951727,1.06367880951,1.56279947595,1.45309393579
3.33613401976,1.02088253336,1.55551351888,1.26686920286
0.567672892252,2.55271462187,1.64258087582,1.54289685034
6.45655302385,1.20202262541,1.92489610241,2.22548777999
2.19734595581,2.72892906855,1.19375409796,2.81540694919
4.93653631228,1.1014651246,1.39919014823,2.31157551823
3.46839802697,1.34891234072,1.7854781978,1.64362726767
4.83549385601,1.34627283796,1.986541242,1.83676076984
4.01287993078,1.19178775836,1.49908292091,1.98250605981
5.78493314093,1.06281078605,1.41492736532,2.53474918397
1.34169272446,1.2633703622,1.16710754701,1.15694250863
5.28137723201,1.27571389564,1.89678949765,2.01229773122
2.17512778807,1.65634162201,1.87922522872,1.73384205277
3.35883103272,1.01868233838,1.95843397924,1.01022077822
1.70008976487,2.63625510254,1.43959151265,2.53132164181
2.15424482353,1.18732947777,1.40927589946,1.15451781714
4.71067771404,1.0681029187,1.98019632352,1.42862849649
0.741667451567,2.99873719421,1.17172224363,1.23955435298
3.71012332651,1.61356560128,1.81857847251,2.9701183246
1.53844399207,2.48225855837,1.01952744247,2.14168538189
4.90592848796,1.04486368149,1.84126252071,1.5931305012
1.17259746513,2.61389768872,1.4933378188,1.94554712484
5.41101188535,1.19446993538,1.61778061486,2.39954312047
2.33368416528,1.51306259767,1.73391846526,1.67130684302
3.19629313961,1.16378784343,1.63832740084,1.33511940277
3.74316657944,1.31918813583,1.7393349887,1.77969003487
5.274925819,1.05076664032,1.62050923681,1.97329210481
1.10121842422,1.2437575061,1.0190192274,1.10575519912
7.28047154277,1.1314097655,1.67325508677,2.84452225669
4.71827554716,1.04419741525,1.69815596549,1.66990994836
0.879385932205,2.38448309379,1.36687509276,2.15727586021
6.62047983427,1.1425080229,1.5675731522,2.85458638309
2.63119444958,1.42809183852,1.54286897947,2.067433628
4.26956040961,1.00586478459,1.79223279218,1.39522755696
3.57074806215,1.00952166867,1.86917207064,1.12142933875
8.55028791838,1.06103838,1.94244634187,2.64103748197
3.45610823885,1.42300806193,1.63446210082,2.32123612919
0.627567516127,1.60546685355,1.39469716383,1.37319456151
2.37022945756,1.09916448935,1.12814620345,1.40709506985
0.384306600709,2.02646981211,1.01429988019,1.92935640692
2.97933455945,1.11304932489,1.25117974036,1.61962130092
0.621579731597,2.78200921365,1.72051617075,1.03649409713
1.19489953371,2.78716493476,1.01466769832,1.84174582643
1.55813716562,2.92120278721,1.89199616306,2.65615668745
1.60579548738,2.82430043814,1.64598041231,2.22452954321
0.871741591636,2.95716474478,1.22637660349,1.25506019301
5.53393977753,1.124768504,1.40272964624,2.67812657448
2.13400183581,1.40301319488,1.21865183506,2.77000888302
4.56177352327,1.16129631097,1.78664162321,1.68475236855
6.0155177344,1.09533162807,1.81421647344,2.0547024447
0.170531597254,1.72247842137,1.18992551654,2.89354922801
4.02086814203,1.0682374849,1.58398844668,1.5682844272
4.2550168092,1.50151757361,1.80400705973,2.64335250322
2.19639335757,1.28214152629,1.51994619234,1.2554669626
3.9983111684,1.51035932017,1.85572820232,2.33664985546
4.50031354694,1.17807804275,1.71909023966,1.78756651215
2.00006327,1.20904368063,1.21335663382,1.39545815862
0.698212759351,2.6592554234,1.80972865603,2.15050467964
4.245650832,1.11562010127,1.48735295331,1.8863766587
1.95522436079,1.56430736597,1.93000070885,1.13880475041
7.89851180902,1.07072447479,1.91715819447,2.48856196574
5.64939381037,1.00327214883,1.32128068189,2.45604689473
2.77588798098,1.20805530133,1.35015717524,1.6506218453
4.36265997874,1.44195926439,1.76279471464,2.53337155791
1.59943591132,2.61582658873,1.33146689654,2.23406125613
1.298121501,2.97022406755,1.37906668842,1.60857716725
7.10481464908,1.09142220355,1.91581322695,2.26727780352
1.93228808954,2.59012147808,1.25728674501,2.65901612634
6.56756850815,1.16051098154,1.8385601282,2.32929513495
3.25735413186,1.15375688741,1.52680299481,1.47756138548
1.40360811341,2.81001058277,1.25108356305,1.77760475626
3.98202492772,1.44996382734,1.74515684984,2.41329679578
4.52967250856,1.0425945462,1.22173172958,2.23675931937
4.15421445059,1.28004761251,1.72312652551,1.88820700824
2.20263341737,2.83981435397,1.27547146382,2.77601983195
2.79589920218,1.61469540412,1.87232178681,2.02389571992
0.156975860172,2.25588400597,1.99229828503,2.0312318877
0.898044063914,2.9900570812,1.81970485585,1.19070398923
6.00530183466,1.28609708969,1.81398739224,2.51050921022
4.67821870662,1.19597352653,1.40280326633,2.56568310354
6.02661757826,1.07686004573,1.77081465904,2.08823930622
1.79537973029,2.82465972805,1.54105570976,2.27543735682
6.46725785059,1.08933926033,1.61984822707,2.51339584205
2.62362833655,1.24133545805,1.62217652999,1.24442276708
3.62412675942,1.25762216505,1.40596887262,2.2517662014
3.06199478372,1.34721060679,1.5818823745,1.85966963451
2.99822204062,1.49739253271,1.91075683379,1.57337242568
0.0177204404399,1.74018926962,1.09317188703,1.38025237957
1.94397969799,1.37717474135,1.62541070395,1.18961348596
4.57467142127,1.01853909013,1.64181989088,1.64347268068
1.10188085802,2.96827326713,1.09893429029,2.00192973879
5.9209682141,1.27944717045,1.88550722424,2.29001578031
6.72328664218,1.00489985216,1.81834543844,2.16509291451
0.258114120017,2.63266475517,1.9140569116,1.49028769081
1.44587085648,1.61755931276,1.44604217047,2.88871937704
5.43680951341,1.01459717019,1.07963843777,2.8662157334
4.11715539545,1.13964266059,1.3085558132,2.22872354825
1.89274686402,2.73684892494,1.24260055852,2.39185995415
1.43944686382,1.86037617003,1.93235135484,1.94856669979
2.91290956874,1.44138166131,1.88378351963,1.43217052523
4.73912468209,1.12139903953,1.77230818015,1.70277711994
1.86395253731,2.59440562537,1.03871270368,2.49661183918
3.31971651846,1.18057070364,1.83074349779,1.20749706426
1.50326246202,2.82982121704,1.33265563451,1.84647354982
0.827449499853,1.44607642009,1.31872322404,1.04231564753
3.854985727,1.17512436447,1.2226949311,2.45272768527
3.9681131035,1.14643196723,1.40338067729,1.98867975108
3.98636627229,1.05649843288,1.89989841075,1.25909175089
6.87374820812,1.22884114044,1.69736135277,2.97233668308
4.87351515612,1.0125332576,1.43021614756,1.99060209498
4.8534794553,1.11094028482,1.20605789687,2.74080929484
4.94490663451,1.36477145926,1.96049255444,1.97534282999
0.730765975687,1.76141969106,1.6571983525,1.55915324151
3.1170733268,1.2624234706,1.3145117433,2.19522397419
0.455891421961,1.9004756438,1.73723969384,1.58471540284
3.15801947439,1.32586478852,1.83744871533,1.36298687182
2.73155735738,1.0175409166,1.07344638795,1.45448438835
7.88880317529,1.12764712187,1.85411342583,2.68947883055
1.13769854443,1.50607972658,1.53557616171,1.14972497159
1.95216118881,1.65060170341,1.60295737987,2.91878427443
0.352030265017,2.42069366087,1.50870999225,1.09034404484
5.28516926491,1.03470226586,1.88064967364,1.66898429723
1.70927078518,2.84701918185,1.77486980879,2.73055545229
4.62496827847,1.14767234399,1.23530587372,2.73437166412
2.74783574673,1.65065490846,1.96050120486,1.84093502089
1.48025211044,2.74575753494,1.53812442019,2.05861685218
3.70361931289,1.07463890708,1.19865758577,1.9670144676
1.39474711103,2.70198046169,1.4177931099,1.86439271646
0.998277694288,2.85467989105,1.94073287898,2.32728242537
1.74586677698,1.87173383019,1.98748915328,2.08824818943
1.63487609177,1.53891200956,1.3996853531,2.53789847217
2.56297605957,1.21336597694,1.31900911427,1.5965876169
1.85314356679,1.308047575,1.00215483418,2.45092739979
0.956158130074,2.70045887108,1.45333074922,1.31310495949
7.64104334248,1.14382268762,1.71616111384,2.92706078479
6.42092137737,1.01914908512,1.81503422893,2.08659379093
5.28925255951,1.24356695313,1.97511295881,1.81892116626
2.41470658491,1.34387386604,1.22833960836,2.46250937235
8.05275282405,1.2324927723,1.97000108557,2.75257108841
1.41591614029,2.92996968975,1.89854315251,2.39868586958
2.12969854051,2.83549765574,1.42092254994,2.58257140825
1.67102755884,1.11809529187,1.1562380565,1.00462131122
2.06210636604,2.82299093589,1.29940016328,2.56107412454
5.37566600487,1.38720515019,1.85322634283,2.50527034637
4.73534311894,1.12017114933,1.99054183678,1.46645832365
5.38245569917,1.01042487837,1.10634088798,2.76008860225
1.97253078477,2.75970664666,1.46634608315,2.55424271951
2.41363930904,1.36568086751,1.50489929412,1.70337626325
4.12479127798,1.32384431978,1.82896537507,1.7911349291
9.56245266558,1.02537156086,1.99535001333,2.82803333247
0.781862872062,2.75208707962,1.54101759498,1.08061248024
1.90345609484,1.8585860915,1.95082394459,2.42009680171
5.24964906687,1.02135771649,1.64363868048,1.8879734714
3.0243646804,1.26130723753,1.84104287299,1.19280740808
4.65355272069,1.16459798002,1.44654151241,2.30974955158
1.81604998844,1.55893091785,1.91805699674,1.06618739951
2.53930938657,1.15644001326,1.30153695766,1.42952823547
2.87077913858,1.31937891487,1.44200759097,1.97040761202
0.823546469978,2.9379454885,1.24158478376,1.13874248118
0.731183579307,1.49128785669,1.27024910698,1.2535703196
0.871572872784,2.43704250491,1.54288204729,2.79788969827
4.68417246788,1.25126456407,1.4965402088,2.58550429553
1.01498962117,2.94955073665,1.93580603489,1.78444296643
1.37868459529,2.89308058629,1.07166691283,2.2887038388
4.24108667983,1.0495284473,1.12303837014,2.29600145373
1.90726444803,1.22333055302,1.25712446784,1.30813579773
0.922755560724,1.61772916131,1.37998916256,2.26673256677
0.816994026082,2.54833258357,1.68443030643,2.5842694758
0.33099846574,2.30965714651,1.58533878647,2.81536302421
1.1698125273,2.7485101334,1.29882417719,1.46386586996
0.921941330942,1.49912809017,1.11732691637,2.51371321928
0.0152911402602,1.75493399688,1.09032578099,2.24256169016
0.46687308394,2.06239838524,1.05389698535,2.13590351988
4.98120495717,1.14416932688,1.63562628603,2.03489467247
1.085052918,2.49167761608,1.00141352771,1.49867448875
4.0270771235,1.13106077261,1.19746671545,2.38868227118
4.83767485001,1.28482241277,1.88375629862,1.88639558535
1.32681873312,2.91785604216,1.42175997763,1.58510905338
1.03410503783,2.21831595123,1.01834032541,2.24499870889
1.24308242186,2.96152128116,1.21333589442,1.8324349183
3.18041160288,1.51984501492,1.63230965758,2.78428297102
1.4046328753,2.5983579711,1.60482151616,2.96947057338
2.35094073359,1.02735121671,1.09267192529,1.25415255992
9.04889752117,1.07313681189,1.89326788974,2.89617483511
5.86115213909,1.12574854513,1.46821334415,2.68453687354
1.2902714645,1.57131275547,1.61504899768,1.38090606022
4.6925933016,1.00142840443,1.31323302603,2.04667072695
0.879593789829,2.67489760846,1.10722476046,1.1575485224
6.42102372245,1.17886399052,1.60056110396,2.82853490816
2.65868199738,1.11043971632,1.67891900277,1.01155895818
4.20229234972,1.29377379818,1.38145262516,2.935111874
1.7132589475,2.69061060113,1.46178783578,2.400900309
7.10112998692,1.01021843445,1.93270893664,2.15782114302
2.80202670851,1.49741766747,1.57792051618,2.53759321376
0.340058518511,2.12479598383,1.13824453061,1.418653766
4.82301932077,1.10956710558,1.57790477335,1.97827850913
1.3211867977,2.81956332762,1.72978487498,2.06837856925
3.83249840445,1.36948746898,1.82111155371,1.80238548144
1.21742345495,1.48427037904,1.46571939172,1.31197098183
1.08142427423,2.83758259363,1.1327217279,1.53210473855
2.26289279759,1.62905364512,1.65637823973,2.71004150659
1.86950250214,1.28738854727,1.11449442999,1.88684524107
1.9515926552,1.58414829285,1.58573642189,2.3356901439
1.29558410351,2.81695402491,1.86272499185,2.70560652047
2.58566839954,1.23808996152,1.7942414929,1.03454430452
0.368202493432,2.16248700782,1.28310943703,2.05723610277
0.759822175871,1.53061527599,1.37394772948,1.21113988496
0.0678365486776,2.37419959986,1.80882178439,2.20839087077
4.62790135764,1.3754961156,1.86186865915,2.09526283862
5.12185929047,1.23244989533,1.52264806133,2.65230409129
7.13877690229,1.01932677432,1.90694912617,2.20661674513
1.61214089164,1.37246734956,1.24320309783,1.7739888377
1.32547600151,1.60698253744,1.51997236791,2.04688018101
8.16157926685,1.1729247492,1.97094551059,2.65294534119
5.88828851294,1.11684597615,1.74914325241,2.14219465075
1.5800051335,2.76233589541,1.48239397944,2.05994488962
3.96242505933,1.08762105321,1.57022755086,1.59373644791
0.934409515104,2.8037157804,1.40715872872,1.14781631598
3.83988478524,1.56793277357,1.77900928594,2.92897156145
5.56983120619,1.13889294195,1.70220054829,2.14544884955
4.52911834049,1.23312452417,1.8784569814,1.67236021471
3.4745535264,1.14037795837,1.84251566557,1.20696024326
5.61140484257,1.17662944947,1.84938904885,2.00378380191
1.2415493666,2.89167301471,1.77459372884,1.81792147022
7.00096607273,1.20716409651,1.94668964286,2.38317439296
6.14086155869,1.17736364825,1.99430062022,1.96933365207
8.1001133099,1.07500662991,1.82391111026,2.7092638265
1.69846527028,2.95824027973,1.55988806512,1.97492458607
1.68781164157,2.88773253409,1.39579249639,2.03283747613
1.10866917777,2.73321629956,1.32175345878,1.3964752152
3.14450683649,1.15640599202,1.24157447734,1.88153605509
1.20316114998,2.84877407221,1.82326447628,2.10176835953
3.64041084223,1.10860343303,1.2820079204,1.90861324281
0.188081295021,2.64233531758,1.97382607157,1.51812112386
1.9919885916,1.1470605807,1.22643239691,1.18686434324
2.70528418756,1.23608978439,1.83427564515,1.04163346375
2.01869041301,1.43985369817,1.24791932693,2.87955479662
1.81115698467,2.90329928646,1.81671376871,2.77537274841
1.12905270117,2.99241404531,1.4978352437,1.31648279848
0.579451007655,1.98876898762,1.96458555742,1.22021638554
2.02277266673,1.50539845425,1.37962715478,2.84632448157
8.33800067347,1.25834856619,1.95562323264,2.95735149413
0.460147387227,2.29243856553,1.19343456621,1.07305280517
0.914600160885,2.49808131916,1.1357940074,1.30561840598
7.19773398089,1.29455024206,1.9775309935,2.5999040469
0.998810509566,1.91824270567,1.90691227293,1.88127346604
0.621107692455,2.56850937326,1.53836741695,1.24201009366
3.5773326201,1.11379260769,1.08773404361,2.28122111834
5.7758554418,1.44214265782,1.9497313097,2.61348820669
6.3469086477,1.11548724851,1.53242867909,2.7181808765
6.90164059077,1.08370477289,1.98815290611,2.09894715632
1.59809173335,2.6128559616,1.09334617942,2.11174031542
0.825059040389,2.60757730582,1.34976855506,1.18068410911
2.43862331892,1.2323084712,1.1035577828,2.08977030993
1.04076014725,2.72716027455,1.11997838729,1.38064400763
1.01795466371,2.78302073745,1.13255764867,1.3787590719
7.24425710351,1.18437573004,1.86167803407,2.58119774003
4.26069866698,1.16044085417,1.58743306467,1.85065467212
2.86068903948,1.2939756394,1.94681246668,1.06245453633
0.648379357916,2.72826781103,1.70241767688,1.1851542657
0.972188679715,2.40623945532,1.23403313609,1.76957602921
0.651722704447,1.61041655233,1.33394126135,1.78534230786
1.55164209219,2.75482339488,1.62382915772,2.34772517068
0.954441522737,1.29652413979,1.0603727275,1.08791779226
1.92615805646,1.35639108906,1.52536244948,1.29021034934
2.66888618447,1.45170764358,1.42744255751,2.76622360221
7.26659847429,1.04221473699,1.90758255949,2.26861809642
0.802320731702,2.76762989616,1.27111130305,1.00458504294
0.685100234247,2.76549478145,1.61965872458,1.01153277799
8.01078193393,1.25658018791,1.91484264833,2.93892681419
8.07690702158,1.07706211966,1.73493477196,2.86580271409
0.178617920699,2.05998172281,1.16560821553,1.27866641069
7.3489981987,1.05707593714,1.85761697932,2.3804363963
1.47825494577,2.89210271317,1.48275082979,1.75751223684
3.62548267891,1.22685968086,1.85742391038,1.35388206253
2.01551018408,1.25344017145,1.24208512529,1.52366964251
3.91589943662,1.08097760558,1.21585972028,2.07231139094
0.898750033152,2.44380360069,1.18272303919,1.43075106014
2.83493577285,1.68857873244,1.90486874221,2.34174943709
3.36403599284,1.26060173548,1.69708730252,1.52433171789
6.85168920966,1.19252401983,1.84144061665,2.50086239189
3.71226658405,1.54148089036,1.9958815768,1.8682824098
1.40448249107,2.79087393938,1.27817264643,1.75409847163
1.65730543391,2.98564376951,1.85442265307,2.32002055379
1.9695721338,2.99126715785,1.22007745952,2.99327890773
0.946491113753,1.8675383813,1.86058568603,1.66832396469
1.78957775899,1.36840664419,1.20381368988,2.08405447218
4.209723707,1.0695372858,1.18442332743,2.24279887888
0.585195880948,2.87963017709,1.85873114241,1.02420732692
1.55061021237,1.26091685959,1.12411462109,1.41172681296
2.1826520236,1.51239189803,1.77071090166,1.46719630555
3.27480696397,1.2007347554,1.66849292769,1.39893984983
3.79619963974,1.17442346285,1.47766162766,1.85981573612
0.424255325031,1.73962023814,1.38637551436,2.4482134377
1.23927062354,2.61447874739,1.27764915624,1.68060887451
2.42780138724,1.20133939532,1.61849059665,1.08669404648
0.690899049419,1.9557040912,1.83892465499,2.10689898675
1.14273391637,1.63796513057,1.55880365213,1.82361613893
4.95992966931,1.21174512447,1.87586144816,1.7949599004
4.63638437283,1.05622897653,1.08603318695,2.62351807231
1.3070318302,2.7642470528,1.64961428166,2.01499464912
4.31483653699,1.2645507287,1.84575907612,1.70107947695
3.46824804951,1.09086878621,1.3289420282,1.69434221844
5.06789442314,1.29782309891,1.94252496197,1.89810350595
0.544061416711,2.64026474283,1.76511875723,1.54887831258
1.89819672454,1.42360858195,1.53647692721,1.48845813215
6.18244340993,1.03505716904,1.98953147922,1.84016400202
3.71905429669,1.30309562737,1.71059512285,1.77752352063
0.537024572544,2.43426109172,1.38081148448,1.15591608458
0.846263855368,1.84778215438,1.7612362172,1.94439839522
1.46196106405,2.87357836098,1.31995839782,1.81521889868
5.58644872084,1.16407584756,1.96331132998,1.81384116964
0.761670135789,2.44167706794,1.30885470155,1.41905362883
1.01256006437,2.63209815711,1.17630575549,1.32275356812
5.91042697323,1.09606834613,1.70951348361,2.16942316493
1.28882996129,1.41053004755,1.18994233794,1.83206228468
4.20665286494,1.04190191881,1.66556643921,1.51691313038
1.86086481674,1.7213498121,1.90730861149,1.68087962328
4.77600526603,1.0160618153,1.48131364388,1.89346503164
1.36741422447,2.60233472918,1.10325363933,1.80865164511
1.91319535783,1.12893366245,1.28345527174,1.03960606987
8.10493086865,1.02826130802,1.97906562546,2.41981524026
4.34859289039,1.40714934291,1.98761921026,1.78538743204
1.90348747657,2.63750777097,1.27139910101,2.52211929835
3.66959279709,1.11165109854,1.20040274185,2.08627261919
1.54569618614,2.83342088732,1.3649640572,1.8835139112
0.754376434978,2.81579491414,1.1612491292,1.01986177577
4.6476765498,1.18455586638,1.73100243609,1.84180341361
3.75411931811,1.01280010666,1.729894422,1.27541019747
7.78548590622,1.08782437525,1.92281080904,2.46842745877
0.986927942515,2.68499423185,1.69258158316,1.98095061828
5.08013643657,1.01744918692,1.53975198785,1.94245972787
0.473203969713,2.28952392591,1.43841343269,2.22215238459
1.02392311057,2.93505938561,1.61248794897,1.22176074698
4.92897149952,1.15681329227,1.82070201782,1.76577244038
0.664671524667,1.79697117062,1.65422765555,1.74184651698
3.10919748372,1.18612934414,1.01004113087,2.62113719783
2.06848872762,1.72849925019,1.90301814992,1.92825271952
1.18194890406,2.57509578004,1.25475888773,1.65093464872
4.02677815003,1.29994419474,1.44814605303,2.61584762356
2.90901390006,1.63994201965,1.85848548071,2.31241146753
2.35381197022,2.91651540852,1.62855588463,2.87509534449
2.75312207768,1.29126456125,1.33967745686,2.02105215506
1.27590624665,2.84179911432,1.01880244017,2.11978461782
3.79596507649,1.02540186575,1.74221738518,1.29077668259
3.4023452148,1.24567982636,1.45003173201,1.95704476819
3.0868291025,1.43396283224,1.51672198765,2.57599584383
3.50622758673,1.05297841888,1.73111125277,1.2237139867
0.715844299242,2.36349180934,1.33239685698,1.74864199025
3.64106509537,1.39716377735,1.85793980574,1.71512827959
0.825829912022,2.81873178979,1.09336804285,1.19965766965
2.28930626056,1.11712268102,1.50651798193,1.00338004227
6.08688127932,1.12897371882,1.56419388308,2.58548361372
1.74691252736,2.75381643062,1.68827152876,2.92757021364
4.01713505701,1.50329228862,1.95893487405,1.99034016952
8.64535054416,1.03688499133,1.8495830127,2.78159100401
3.89322397186,1.22548983119,1.93201689351,1.36375105919
4.2653264535,1.16005131466,1.47518921989,2.04614731165
1.0721431863,2.66226561786,1.76638025802,2.81857340819
5.33086380408,1.05523904064,1.4228638057,2.29972218798
4.09783087514,1.22365952486,1.46271634771,2.22494021488
6.91022413601,1.00835080801,1.66650566583,2.42816935105
0.955984949259,1.53125953254,1.4683207219,1.22120075867
4.64534171603,1.00218390193,1.45163525833,1.85140073764
6.13655339771,1.28480894872,1.92951269331,2.2921596215
2.66952194574,1.41183190372,1.54822920371,1.98969441615
0.457987104971,2.4971550317,1.51710155102,1.08596501922
4.66030202594,1.0687916335,1.67585143042,1.70779252671
0.223134220958,2.67382136016,1.96622404402,1.35961165752
0.678953239902,1.63207362464,1.53103258094,1.13935369508
1.18318460257,2.27274973501,1.00040170163,2.18030940793
4.72089297242,1.16810486884,1.36573925353,2.54952262489
0.839840225252,2.79180965021,1.60686041006,1.17069381298
0.375541964172,1.90870738404,1.69023309747,1.75922978983
2.25073944523,2.96770531531,1.58677695593,2.6134485012
2.41396406756,1.67519256706,1.82504670377,2.28389015292
0.730584672656,2.83375007328,1.71658082166,1.09063843814
2.07908312372,1.04025047018,1.18645555518,1.05172833456
1.95999470261,2.81875156198,1.69342298212,2.90842389134
4.6262590061,1.00509611044,1.96408385175,1.38112217695
0.376239504591,2.08937738996,1.22569713338,2.81183737854
1.29412481507,2.55893304063,1.09752367033,1.74075727119
7.65775376297,1.13003563653,1.98250379632,2.39800934951
6.46408152072,1.20861757241,1.92429009291,2.24260787337
7.21827881307,1.03778813937,1.6296766507,2.65380783156
5.04533771782,1.2471860814,1.96734765564,1.75232780488
1.57522383269,2.90101034122,1.79557521487,2.34172779648
1.13200335978,1.83127993489,1.98852307441,1.17721927283
2.66878793966,1.62010319794,1.70993246299,2.73641269752
1.53691616052,1.64781799223,1.67847329191,1.87035220349
1.09142431262,2.37329999851,1.21233051455,2.08528212367
6.16749955033,1.01922386875,1.58808748568,2.29127435411
3.203021658,1.21518652654,1.17717187619,2.3736544395
6.04004541717,1.32561587491,1.71694698872,2.97780008482
0.172565602415,1.92096769958,1.54522713515,2.51422571755
1.82239644323,1.87541356718,1.94935172224,2.47972657569
1.79006957385,1.59598507473,1.98666467572,1.01519207452
1.22129182552,1.37638481126,1.36412292887,1.10504673944
0.561695509291,2.41393720243,1.5068929111,1.78140209002
6.2933004769,1.1408546237,1.68539469537,2.46134943932
0.465486936037,1.73990349818,1.54641324626,1.31753487718
4.63595401088,1.15397159701,1.62775552506,1.92946177216
3.10301051836,1.64520957129,1.80957304836,2.77159246015
3.13239094983,1.25469991557,1.5273776236,1.68174885675
3.24341517295,1.28663256768,1.64894818112,1.61340665023
1.8659757938,2.91723407943,1.77357524205,2.61101047937
6.75563447344,1.41590362227,1.97391659867,2.85295642705
4.82925886163,1.03698308861,1.22562926218,2.35676558844
0.312246806957,2.09772699547,1.13581046339,1.51589059513
7.72174536953,1.22371471253,1.89002601553,2.79566840864
6.2762629631,1.10343390041,1.96315013984,1.95845273833
1.85985879509,2.92613971402,1.35734985973,2.29666252103
3.5382167534,1.34138714978,1.34370563011,2.9719661715
1.29494269323,2.93955075171,1.92074203056,2.25275943818
5.39107301122,1.08352036935,1.23846364334,2.81020600217
3.05217967015,1.3031036113,1.81276701054,1.30826182727
4.62527665049,1.10845588883,1.79806429502,1.61388946306
0.80947944746,2.7055487367,1.13444433059,1.05873068366
0.719067250878,2.83516203403,1.86635644323,1.43864395162
1.557849172,1.60397025893,1.51340735847,2.41540917016
0.280994239223,2.06024376435,1.80562488577,2.35969084766
4.42298627761,1.145044572,1.71609466576,1.69662876043
1.46680172166,1.66399885772,1.69280539913,1.83036634956
7.65064897688,1.13376537917,1.73328921325,2.86251993209
1.30124046926,1.46409461164,1.5448065192,1.1308923341
0.663669508928,1.43581243345,1.13822792242,1.19324148611
3.49648979556,1.0759575987,1.37105252773,1.61358716473
3.70135404831,1.05521929548,1.35024170578,1.68588699886
2.25134375684,1.47747762755,1.97995360386,1.03744461706
4.99870633119,1.58358431756,1.9659804602,2.85873831755
4.43388221051,1.15024414185,1.25972825744,2.57099708834
1.16309083429,2.64463552545,1.30577054164,1.5524411789
2.50590163798,1.14618824401,1.2992169677,1.3859492993
2.71975110145,1.11979302985,1.02213353697,1.88333625666
2.59913418218,1.43551031457,1.54313266285,2.08423873873
2.98019639582,1.14423158297,1.61379090765,1.23943221188
3.10090490058,1.22399176007,1.05670794837,2.76187367777
2.25440266462,1.17156288738,1.40423130273,1.17960400442
5.48688712147,1.05278337141,1.13920330723,2.94766006762
0.597466445089,1.55137745656,1.12017522943,2.3280408431
4.57408615851,1.48704454934,1.82936186241,2.64896778924
3.91165367217,1.08437727221,1.06047161531,2.4000253841
0.796691513145,1.74623576733,1.50230276435,2.80811693944
5.93963327917,1.13683112255,1.78473750901,2.14517427657
5.49620686644,1.29882742782,1.79118637133,2.39423444931
0.244028785377,2.66379544878,1.94626710496,1.40118903688
4.79715494184,1.22109530549,1.45638306667,2.60950128225
1.18264129134,1.63795765508,1.4507593553,2.59430163908
6.17157708913,1.20736719777,1.9421704885,2.10868473149
4.74565820108,1.18709987822,1.39785617836,2.57194807106
5.59104284631,1.02240576609,1.76730709765,1.87015852299
6.56583198854,1.03356282959,1.51045366583,2.59904810055
8.16186415439,1.11927762726,1.88807774208,2.70139363436
1.50901164721,1.54024595062,1.62458855199,1.42822067285
0.837754805893,2.5909785829,1.59655820055,1.77697338147
1.54761540465,2.99714044339,1.88648207767,2.23239301805
1.37565142704,2.96463203375,1.56812341803,1.59630858138
0.622334696103,1.42867300915,1.14911249242,1.05261371354
0.893162498224,2.55350356117,1.12194141801,1.20937535959
8.38530983193,1.06141663391,1.95000248089,2.57933349359
1.28700099813,2.7840192481,1.33267199935,1.59086490125
0.896964260133,2.67631422566,1.53158682351,1.38707033246
1.6351584491,1.69558171031,1.98145141177,1.17355557847
3.54320329757,1.44081420155,1.78722737116,1.98298706099
0.522054068683,2.2577332307,1.15649035254,1.27255617997
5.4286292246,1.42847038455,1.85568856103,2.70613818973
4.21529656532,1.05982116586,1.80289814017,1.41381677153
7.84212467261,1.02436776551,1.62361349377,2.86205243416
2.01096695509,2.92361916861,1.44775867768,2.38361663616
1.3764172869,2.56022506634,1.52530348509,2.7437413976
8.43706247307,1.12591761589,1.81146649256,2.95970447471
2.78955824857,1.17892780226,1.77189407794,1.06185912012
3.80177147309,1.31474705758,1.47346084449,2.47405514729
2.7650559522,1.10139722883,1.18302959218,1.56586339661
8.4945112978,1.19436044828,1.9418897137,2.87027257496
6.14194564249,1.0159861481,1.67390293469,2.16043462829
3.46307727077,1.62681831475,1.92731242033,2.33148732149
1.15128706997,2.69891086812,1.52219527697,1.69221810582
2.73450368711,1.2632207969,1.10878671016,2.5655113759
3.76716077397,1.27831059786,1.53023729158,2.11099476218
5.15991789652,1.24327529508,1.91542679519,1.86561399331
0.567625525329,1.93720973685,1.93595497368,1.04748059562
1.75839852417,2.64593951682,1.48394728651,2.70752143621
4.73488066415,1.047025655,1.09312022205,2.61676153235
3.22384467755,1.33165849723,1.6719655694,1.69394965318
1.54903262759,2.89934150258,1.24105172662,2.07029033116
1.60928830491,1.39212319775,1.29690302611,1.72510335034
0.719429888192,1.98085580021,1.92308439301,1.7326273058
1.53256167512,2.58099761921,1.34241868997,2.26468184482
0.620306561148,2.50360111141,1.4679674603,1.29421671014
3.30660120068,1.40768270794,1.82652474092,1.64913325216
2.29081595334,1.36904869728,1.86391186801,1.02438414295
0.423003896962,2.10570528192,1.09567972129,1.71977754889
0.816983879918,1.48314413191,1.17027115556,1.73947773769
5.57633224597,1.39063032589,1.97686370893,2.26529291014
5.21684294853,1.15801018487,1.37970290485,2.72804557287
1.08695026585,2.52962168139,1.1410885918,1.50737935011
5.23163307639,1.14035208012,1.43962888264,2.51187059896
4.0742109011,1.00468593591,1.75743645705,1.3562776482
9.17381832445,1.06286355269,1.88916371207,2.92605798907
8.30648902262,1.06548447082,1.94434249701,2.56855758483
1.18453564412,1.46037256561,1.46743347335,1.17212524485
0.700153911324,2.23187979421,1.22639152169,2.2136927016
6.10730548076,1.29486329455,1.70100158949,2.9099155647
1.0362809661,2.51839169145,1.01993397494,1.41478435449
1.70858907973,1.27521169919,1.31591588875,1.24141077977
5.488033952,1.11107640703,1.45402080581,2.49033720299
2.6333332828,1.14886455481,1.72196828149,1.00965463081
0.748320017717,2.62517035583,1.65029594821,1.62169924953
3.20014590721,1.43538636497,1.99475260075,1.35642565053
0.98475941178,2.30484191371,1.27761367922,2.62510981888
3.70759593334,1.2317485405,1.24966963533,2.62128933467
8.47969339651,1.04119948537,1.77684696148,2.8540625887
8.32910553684,1.15498010464,1.84325801431,2.92892463856
5.72323930565,1.12056783235,1.44861486012,2.64511005485
0.975956318875,1.84853048265,1.93919749461,1.23768859083
0.222007541529,2.1876005862,1.36692047381,1.51100947457
1.78017144633,2.63357160179,1.02545312232,2.40836316306
0.627665554954,1.83438582597,1.64046133403,2.20181582497
1.61309754,1.52377744092,1.37541443831,2.48385729523
3.38115128573,1.01088095033,1.03172983163,1.83906001938
5.74149284533,1.06918196375,1.5773249053,2.25209226502
1.83678149345,2.94787240279,1.21982230791,2.63851588791
0.869117620551,2.60819873862,1.65425404816,2.00646394181
6.58449175581,1.16087534673,1.91607716857,2.20605269614
4.11826665585,1.0007108357,1.41537476435,1.67742740586
3.42167055154,1.3155964698,1.73278794874,1.62906612946
1.93655087879,1.27644112645,1.48059065906,1.14633703335
1.60466877383,1.45483341672,1.28020008544,2.2756800644
2.6555362547,1.39663274881,1.3483238852,2.63690051944
0.466889933332,1.66276341509,1.34690540106,1.73353092071
1.75531957737,2.65341097678,1.44290621913,2.55211944976
6.23236262049,1.3126001943,1.89899042567,2.47907643336
2.84057089688,1.29890712673,1.89740859328,1.11231539212
5.35452885122,1.05872980849,1.96172173214,1.63402838282
5.73546348599,1.4426207001,1.95129381905,2.59211453126
4.5216653013,1.17978989697,1.8438442925,1.62657500977
2.66276946766,1.364263897,1.48687039152,1.92226846002
1.71811477427,2.98154483848,1.20531505344,2.6354037927
0.802535886562,1.49735702461,1.24445133812,1.51416458846
5.43597637461,1.12408899069,1.67311532805,2.1072064005
2.40825219152,1.3384210955,1.7450355708,1.17501863551
0.190897140856,2.49537640597,1.82634512953,1.706768527
6.23286911266,1.18790242424,1.79493626567,2.35116806884
6.19851814874,1.0958189937,1.55224350852,2.55089851418
1.56762201802,2.55779841752,1.4863717148,2.92530298641
1.81045060586,2.81282301574,1.36186420039,2.21583964143
1.9145583631,2.65235806119,1.31483311723,2.54748466714
3.11594880937,1.03837179341,1.04385509545,1.76624772981
1.19845198073,2.82234931273,1.75167195502,1.93581426268
0.694337673806,1.61977636058,1.42869508925,1.47905682455
0.491806163452,1.54869134218,1.19697988734,1.43571503143
3.01057050788,1.35983626919,1.4835679071,2.15899083532
5.29175726134,1.01003204499,1.76737701816,1.75717749418
0.226655997504,2.21493914599,1.423562387,1.66224821281
1.20565118026,2.79049399696,1.79060388887,2.26902089293
7.88343278115,1.06694506662,1.91696115918,2.47900679162
4.88856951153,1.25468184216,1.53177097518,2.61181791309
4.81237173572,1.27274037465,1.92160705384,1.7862210545
2.58718111029,1.21865317297,1.33377368928,1.60356493905
0.907698729918,2.86998874138,1.55936546071,1.11446147539
6.25919483949,1.31002612045,1.9132845232,2.44675461733
1.3004923113,2.88870476375,1.23622154673,1.73197682647
2.12059383665,2.76484306612,1.28046606933,2.65047417507
4.75699990759,1.07846044743,1.52849738296,1.95257735845
2.81485399119,1.6528341779,1.79219836745,2.67266147857
3.41959764357,1.6842582812,1.94981442352,2.5422785171
5.37403679126,1.19546536128,1.80884812003,2.02057284303
1.82155807635,1.20662096667,1.25936781186,1.19655914211
7.68870075474,1.15060006702,1.83262712344,2.71442493802
1.90272953182,2.79629025683,1.07407969296,2.75880053548
0.199908580463,1.68958469316,1.17241965741,2.40217794188
3.3627860319,1.55393762189,1.99125913752,1.74364890266
2.27966108368,1.44828712241,1.73788439578,1.39132542179
4.03423574825,1.14009100456,1.31532955315,2.17155881744
2.97468856351,1.33164909915,1.33709535272,2.45249807809
1.46152922707,2.86785035377,1.50275635763,1.76262032908
0.682097761736,2.75634388302,1.96962670609,2.64359369354
1.27904280026,2.55795657953,1.30992308185,1.90152319319
0.385344803139,2.75798521665,1.9270714099,1.22846654339
7.31667272423,1.17806927559,1.80710193985,2.70486000272
2.59603994706,1.34836376797,1.29550806185,2.40447893488
0.138860864853,2.07708031756,1.21630167845,1.0991997854
0.474906151723,1.59988112514,1.36346066748,1.10975012048
3.30721542751,1.0542916951,1.53829332575,1.31245852755
1.88532767721,1.14153737518,1.14544825963,1.20687988852
5.9401573873,1.44107352788,1.93637380611,2.72857360801
0.67618288207,2.26296086618,1.27068196497,2.09838369638
3.11391636743,1.05769894743,1.30092620049,1.47873311564
0.443078929974,2.7514084293,1.95314600699,1.62790098224
5.08289064007,1.13993205011,1.47803474546,2.35751817252
0.83472133803,2.97721177895,1.17666431236,1.33325475233
7.28735970373,1.09266151326,1.62363932413,2.83420710207
2.09010725497,1.13770928645,1.29171784622,1.14566421438
6.27794333678,1.23395866301,1.68037984491,2.77937347039
2.94939777838,1.56825433469,1.91364788039,1.77933367943
3.65919406485,1.27234273219,1.93930762454,1.33606399841
3.76222429699,1.30787473646,1.73459410413,1.76517886573
2.48419722077,1.44406339863,1.7298580371,1.51993390573
3.43152939518,1.07515076109,1.44020549222,1.49892588706
1.35331305526,2.797357208,1.00791960533,2.1343533824
0.420215954823,2.72914684265,1.89482320793,1.33141122091
8.18806127084,1.02980353297,1.66912908866,2.91810557845
2.19886200881,1.09550501731,1.30815519512,1.10160516039
4.94180121585,1.07494003349,1.07476967527,2.93261025473
2.13981686904,1.77690454777,1.98955902393,1.87864376459
1.05200705847,2.94249797142,1.99500637942,2.20402610646
5.6971870439,1.07303238179,1.74438690591,2.00237551379
1.75664323078,2.62200752241,1.51154224501,2.94277050841
3.72564342433,1.26574996694,1.77229562228,1.57817563947
4.88832119203,1.04828480516,1.66612717421,1.7713509093
1.06334726251,1.49576014366,1.54008120558,1.02941238315
2.5723625742,1.54861634172,1.58938622623,2.68975028749
4.07876824628,1.23588703498,1.31555456994,2.6873592432
3.33389492295,1.23297699944,1.86873082929,1.24118663243
6.40625046882,1.23621824841,1.68867280601,2.82283558521
4.8242885722,1.05157572356,1.46534491109,2.00921712313
8.61090889229,1.13188262369,1.95390412741,2.75115373007
3.5645446401,1.41486481429,1.78424279787,1.90323077965
6.75803264836,1.15197947207,1.8057428555,2.43735321552
1.0734059237,2.69403085529,1.40587135605,1.43677590269
1.51686431039,1.70772154233,1.76617536745,1.84735948876
4.7661773847,1.03609935412,1.50463254659,1.89900445971
1.08468409191,2.26532278671,1.17682087446,2.68198120682
1.83434038574,1.55698886066,1.89063620873,1.1214329805
0.628514770177,1.97192819343,1.96664730454,1.21127839354
2.77010655265,1.3083781695,1.12801832041,2.94656291707
1.31707982878,2.8976654155,1.77837310501,1.91871158188
6.10969616668,1.30297349792,1.70488298771,2.93797596166
3.90507091136,1.22145708532,1.91835889564,1.3779395421
3.0820395378,1.58359471861,1.71693625358,2.77218797758
1.10846657612,2.88676915868,1.41529240551,1.32824949316
5.45485255259,1.11035726851,1.33911821505,2.72668130372
2.52987366073,1.39281437433,1.4282649824,2.16600249871
2.04734831875,1.3769054209,1.40312088112,1.74104589258
6.27672258645,1.09619108847,1.82919818469,2.1241778295
1.71611361459,1.8210539523,1.85339506997,2.53594876778
1.44840293769,1.46077844658,1.50035777507,1.35002153983
5.43897957038,1.17264808453,1.76030423008,2.07564349977
1.85938072491,2.92191880809,1.38460800616,2.25766051694
1.48724227611,1.47641636058,1.35544176185,1.95837183284
4.76736892395,1.28242140581,1.5526078297,2.62414642812
1.92860973621,2.78170823512,1.56954146471,2.62754339637
1.03837230757,2.43663246317,1.44579397848,2.55225932228
2.12404824097,2.88607575537,1.61278492024,2.6461819417
1.65911440906,2.97532858419,1.50916880297,1.9290839776
5.121359959,1.02050255448,1.43344274137,2.1053984905
0.993696605886,2.79616121407,1.92645468192,2.71181402451
3.10813892192,1.38394432103,1.60916168078,1.97527642256
3.10848959513,1.07734611158,1.46570630112,1.33546537139
1.15056680274,1.53518381873,1.30450144623,2.24823488833
1.1297580283,2.87745484925,1.41759151344,1.35478307386
2.11934798614,2.69407847702,1.26658985276,2.70649889605
3.39434409617,1.37797111286,1.85868517137,1.54852554288
0.688500814275,2.6595230418,1.66175979942,1.38547649004
3.73378486887,1.27842673297,1.51599529831,2.1279959034
1.37399898939,1.4608794869,1.41035754493,1.52071816435
1.08223447393,2.70953415292,1.36478094161,1.39857320851
6.76834533597,1.06897803714,1.55731607742,2.69212750041
3.54490399256,1.03477249832,1.59771288926,1.32674437102
2.95120815787,1.18705921645,1.3035180054,1.76567588979
3.34877991492,1.41160932677,1.55063401272,2.48512656018
1.25333978602,2.95041362614,1.37078041668,1.54854997585
0.141923020821,2.1695462813,1.35014966153,1.02353568047
1.07537397122,2.98017053957,1.91301650241,1.68101311767
3.8079455017,1.20053132021,1.30766237028,2.33513395436
0.767730219194,2.63915985588,1.68184395705,1.72152703567
4.31527426647,1.19268708872,1.27471261146,2.69752786604
3.80544149047,1.4441785716,1.83966931741,1.99433818018
6.4848996601,1.19668980415,1.86932609013,2.32419647835
6.9104211615,1.03300291861,1.59114685835,2.5931968088
1.82617691051,2.64636073294,1.07394275069,2.42516834674
2.14693224329,2.90855778825,1.70859768212,2.81880728677
5.73136515318,1.08443910369,1.35312978788,2.71716247041
2.40800254763,1.59618151625,1.78829252733,1.94939348381
7.73043090086,1.20053051568,1.95327792147,2.60303862099
1.75742075254,1.46807102858,1.25243099324,2.81721780564
7.65746689386,1.06361063007,1.57388394768,2.99354458511
0.742848615512,2.50615408912,1.00327555374,1.01914169984
2.47531203559,1.23366713779,1.11683902952,2.09167798352
