z,r
0.137060512626,10.1337913475
0.227411837234,6.82811769727
0.136377991499,10.175534162
0.468825903641,4.27929823954
0.170304575972,8.50716344602
0.371287872454,4.90338732665
0.242064255324,6.52594460173
0.1192570238,11.3795747474
0.395324984815,4.72026094812
0.138290366444,10.0596179679
0.264329731609,6.13153189232
0.168362319921,8.58444664109
0.139975725211,9.9600979135
0.322944027622,5.35612755799
0.508712017209,4.09471675923
0.39690399196,4.70902488201
0.505106914807,4.11016348189
0.116721137033,11.5880481402
0.387532895967,4.77708108195
0.362915849912,4.97299321777
0.420269683641,4.55285463124
0.496277176,4.14897643783
0.43262733062,4.47724545692
0.131169536152,10.5084434793
0.35521730129,5.03995612084
0.133970224491,10.3262024591
0.172704779258,8.41407325025
0.499888952387,4.13292886505
0.184915192286,7.97813409648
0.257708976604,6.24161230506
0.463965487157,4.30403064005
0.448520676116,4.38628783656
0.159520589778,8.96018152065
0.201555580251,7.46959788546
0.122255045693,11.1442986051
0.328564399682,5.29651780937
0.44698700839,4.39477528534
0.482255680244,4.21362959553
0.290724958686,5.74309664846
0.512356275063,4.07933069567
0.232899401025,6.71045129164
0.21547611255,7.10494346952
0.362537874849,4.97621317111
0.219518464905,7.00778735996
0.506138546242,4.10572002849
0.263406714093,6.14654257977
0.499559663012,4.13438200683
0.369646518561,4.91678007204
0.214593941276,7.1266368839
0.430208579096,4.4916935169
0.327142741591,5.31139908793
0.43808597628,4.44524097517
0.377561927847,4.85328957262
0.395484692163,4.71912031151
0.272350500167,6.0054285778
0.24920284846,6.39172790316
0.383672390013,4.80610672486
0.422880376013,4.53650348781
0.275859346242,5.95259660079
0.335125032401,5.22950813308
0.475861645534,4.24441844212
0.259650750366,6.20873853793
0.424365141348,4.5272962476
0.273587306906,5.98664957487
0.389922233052,4.75941099271
0.53092918477,4.00430902456
0.27833071396,5.91619558235
0.46241047096,4.31205648205
0.486807138139,4.19222135469
0.275638402344,5.9558831117
0.213606632822,7.15113003389
0.450439580613,4.37575215082
0.433231080049,4.47366488053
0.527498690528,4.01775399941
0.19781005551,7.57654771018
0.403241814597,4.66483167042
0.23497535816,6.66738446384
0.225181369369,6.87759932807
0.304873042857,5.56294105903
0.134907800874,10.2668909527
0.529941337703,4.00816215584
0.337424780504,5.20664643814
0.372288086213,4.89528514126
0.276335670436,5.94552945424
0.155036518555,9.16720120394
0.303129114569,5.58422531987
0.378486770471,4.84604826125
0.385982803905,4.78866429091
0.50521159402,4.10971175123
0.450959439877,4.37291375427
0.172288418947,8.43003447591
0.356936441018,5.02474729799
0.307401601775,5.53251606255
0.399420230364,4.69130744876
0.136027780209,10.1971162325
0.256222091407,6.26712573525
0.120971070802,11.2436291735
0.361871396277,4.98190759572
0.275818541235,5.95320316821
0.430887321205,4.48762233954
0.321991121499,5.3664439697
0.262685648499,6.15834328506
0.244760554651,6.47431995421
0.361174929092,4.98788115806
0.505717900991,4.10752957288
0.265221807776,6.11712488442
0.310419409284,5.49686303214
0.493102649702,4.1632818178
0.485985206533,4.19605678059
0.445408352184,4.40357447907
0.366308903084,4.94439158425
0.178284856213,8.20739695224
0.521349098191,4.04231477694
0.175504271333,8.30873229134
0.390984040451,4.75162939818
0.394913964652,4.72320081309
0.287000870313,5.7935146778
0.351393896774,5.07432500268
0.359905384656,4.99883066456
0.273037738549,5.9949726496
0.480333660993,4.22279572884
0.346574921919,5.11874457782
0.382138535762,4.81780564005
0.380716887699,4.82873479258
0.352814477713,5.06146661759
0.42264185579,4.5379887733
0.143724049565,9.74716134599
0.350537330133,5.08212956213
0.14063951852,9.92155838612
0.414598133228,4.58910434299
0.357922254309,5.01609325736
0.5060807559,4.10596844843
0.353979577822,5.05099925059
0.223387271466,6.91812413795
0.480355896368,4.22268925546
0.2211939332,6.96856829042
0.253594880426,6.31294585587
0.462642157206,4.31085716698
0.216906786272,7.07014022446
0.433673871146,4.47104538566
0.124712606089,10.9598989615
0.332069273338,5.26038410169
0.247346231115,6.42588174598
0.413540310625,4.59597823766
0.493859636727,4.15985335759
0.460375612404,4.32264325012
0.307124985829,5.53581967171
0.334568907135,5.23508459567
0.513653157996,4.07390973289
0.436016085529,4.45728003446
0.302263016521,5.59488853682
0.294856769138,5.68867011407
0.424144390275,4.52866097066
0.256498375007,6.2623623556
0.2709601991,6.02674546197
0.509738494561,4.09035994849
0.322946040894,5.35610582732
0.240254839277,6.56124517291
0.445809519748,4.40133235889
0.202846685482,7.43365391284
0.349172282404,5.09464778866
0.344449215706,5.13874122667
0.233260163898,6.70291149627
0.118098375859,11.4737122763
0.389961900672,4.75911950389
0.235947886896,6.64747209893
0.303287167927,5.58228607156
0.402783742178,4.66797804257
0.515416750882,4.06658321159
0.19582107512,7.63501686274
0.271951059308,6.01153043193
0.530831903945,4.00468781204
0.114791984302,11.7528293383
0.485328655156,4.19913011536
0.259412096056,6.21275206026
0.463609641163,4.30586236159
0.216472160122,7.08066407493
0.390478896635,4.75532601217
0.484150640133,4.20466599838
0.379621896877,4.8372097541
0.387444653729,4.77773793624
0.250329797432,6.37124664209
0.425274100924,4.52169221144
0.280623329714,5.88300823826
0.518555569567,4.05367112294
0.156231652965,9.11085716479
0.294109573754,5.69839768828
0.522383649153,4.03814099213
0.162443859574,8.83140514356
0.440701240384,4.43019598771
0.375418886799,4.87020921942
0.486848159928,4.19203028256
0.477487782829,4.23650755553
0.23755590406,6.6149094489
0.287265690823,5.78988565925
0.126875262021,10.8035551183
0.138411878295,10.0523613289
0.439583683501,4.436602518
0.269150390926,6.05482861222
0.20433155144,7.39288163868
0.448498385863,4.38641076529
0.358385460166,5.0120437366
0.192535025756,7.7342814795
0.123026697831,11.0856027826
0.312587741317,5.47167760156
0.394747129058,4.72439590988
0.443917423091,4.41194377663
0.227290471694,6.83078490302
0.377494835562,4.8538163007
0.394961189726,4.72286271238
0.341069251967,5.17105973435
0.128687153623,10.676627822
0.207075216424,7.31909496667
0.295758706872,5.67699441157
0.383942981306,4.80405280348
0.451417074431,4.37042066552
0.432679328342,4.47693667713
0.194850344105,7.66398965143
0.21444280269,7.1303715855
0.242328037733,6.52084286027
0.219569918141,7.00657396352
0.184283846595,7.99924949204
0.444698120845,4.40755415188
0.405862473909,4.64697092114
0.267807011876,6.07592263389
0.410899386328,4.61329773356
0.295985359431,5.67407171594
0.191483282812,7.76677732591
0.521922452249,4.03999952501
0.277939172055,5.92191891709
0.42732786683,4.50912014491
0.300994747127,5.61061561934
0.397137007544,4.70737450793
0.424919996975,4.5238724541
0.471762088841,4.26461168815
0.502976817436,4.11939788813
0.249990029955,6.37740194376
0.147502978368,9.54348625576
0.481296567883,4.21819417472
0.478326836277,4.23244739055
0.516658006076,4.06145767764
0.149629164773,9.43343197807
0.490569084394,4.17483604365
0.18695747217,7.91081314264
0.16525901148,8.71172001121
0.423073726291,4.53530074027
0.314021257888,5.4552211739
0.260502023357,6.19448302679
0.281794170512,5.86627053339
0.486067665294,4.19567139449
0.324637881373,5.33794149126
0.377180492,4.85628669904
0.493975858548,4.15932793973
0.463682054101,4.30548938048
0.362943968896,4.97275394685
0.200100487765,7.51066746351
0.236356694354,6.6391512429
0.326713983709,5.31591299411
0.468847217603,4.2791909459
0.326695706401,5.31610568304
0.116338329168,11.6203103447
0.163852406527,8.77100447774
0.405164428252,4.6517052348
0.342608894452,5.15625743989
0.476508061468,4.24126706995
0.265114402287,6.11885428361
0.244007483869,6.48862256414
0.465467394133,4.29633133128
0.286352229644,5.80243220167
0.480470119641,4.22214246119
0.264166586489,6.13417733552
0.487601856039,4.18852560636
0.377360645509,4.85487037409
0.511829711268,4.08153984206
0.230242525707,6.76671384306
0.521157003267,4.04309165212
0.375836897865,4.86689348024
0.189578753475,7.82654592705
0.433413321573,4.47258609767
0.459173369423,4.3289435675
0.404880895249,4.6536329993
0.513591729249,4.07416586564
0.211742718988,7.19799797077
0.505698855996,4.10761157486
0.171383832256,8.46498076165
0.268454427124,6.06573009799
0.166038199497,8.67931406171
0.530261426684,4.00691200844
0.285888714418,5.80882975366
0.257071497939,6.25251422421
0.460573623407,4.32160882715
0.403838929999,4.66074122527
0.139285802819,10.0005453629
0.114331504092,11.7929863008
0.503525774251,4.11701032332
0.261506786752,6.17777798688
0.173526534151,8.38279725166
0.520943122206,4.04395733331
0.267879429443,6.07478005528
0.365768759236,4.9489084651
0.460801664649,4.32041865812
0.328636767385,5.29576380036
0.484324289926,4.20384821429
0.379443560759,4.83859476591
0.367187403754,4.93707421055
0.238756173893,6.59089254002
0.149128464433,9.45906514847
0.323585648495,5.34921601067
0.224739556278,6.88751833181
0.264824082947,6.12353599341
0.383873466596,4.80458017185
0.391604084161,4.7471052898
0.236054786257,6.64529346131
0.520204346223,4.04695319069
0.145640539125,9.64254059739
0.122773780899,11.1047594024
0.493197007148,4.16285387176
0.398898313933,4.69496357918
0.180676588883,8.12274340099
0.356490898481,5.02867454638
0.361728292065,4.9831330772
0.287186494625,5.79097022822
0.130275724018,10.5682592914
0.521543215698,4.04153032392
0.331691748653,5.26423887324
0.248630338121,6.40220466148
0.298992177004,5.63572413317
0.458264735787,4.33372781352
0.175142742734,8.32214561827
0.432339852728,4.47895397278
0.484404515419,4.2034706057
0.510325901367,4.08787489622
0.270186412872,6.03870583269
0.516780332515,4.06095393256
0.285947065253,5.80802322394
0.143504092384,9.75934828608
0.413409966786,4.59682772752
0.401744794583,4.67514151752
0.444852982022,4.40668529724
0.339616850641,5.18514859173
0.348864678807,5.09748246612
0.26910351052,6.05556114731
0.123330396004,11.0627039985
0.44307678754,4.41668819311
0.399984178851,4.68736785459
0.224328077282,6.89679178002
0.280375011495,5.88657627192
0.343182453183,5.15077776822
0.440385723458,4.43200134183
0.205716701692,7.355382183
0.386657902625,4.78360787809
0.240224758709,6.56183656668
0.386422072136,4.7853721685
0.248975222948,6.39588754438
0.444035938545,4.41127637893
0.417814322333,4.56842419825
0.446494425243,4.39751400379
0.219863552879,6.99966028483
0.356586244523,5.02783327397
0.510475714658,4.08724205072
0.120832321536,11.2544898397
0.494711408892,4.15600856227
0.296029608802,5.67350164802
0.388909839561,4.76687092975
0.508137385132,4.09716369288
0.414809020526,4.58773826133
0.311782989374,5.48098335521
0.516321788046,4.06284350935
0.351123979942,5.07678014625
0.19383061027,7.69473981323
0.166738588045,8.65044521519
0.41337159055,4.59707794159
0.395242025379,4.7208538202
0.26764445134,6.07848973606
0.122243427167,11.1451880504
0.182567780887,8.05738623553
0.477648449518,4.23572895359
0.479635111481,4.22614589557
0.285103690317,5.81971296122
0.177178075445,8.24734897682
0.461057525094,4.31908474091
0.491455957225,4.17077750184
0.25917261731,6.21678696524
0.371078750748,4.90508694533
0.39990692683,4.68790684426
0.284697059936,5.82537421852
0.350851597937,5.07926161672
0.503189074612,4.11847408454
0.252975337225,6.32389132787
0.228094032427,6.81317866117
0.502449854034,4.12169487049
0.322289178065,5.3632104636
0.375485589378,4.86967961681
0.416929434609,4.57408141938
0.331087895323,5.27042320688
0.115660276683,11.6779807663
0.176422609615,8.27490903811
0.245414892409,6.46196455053
0.395548976091,4.71866145906
0.39701817471,4.70821591473
0.43946635256,4.43727707398
0.510947897946,4.08524995237
0.395733429013,4.71734569887
0.451068890146,4.37231702072
0.242148893323,6.52430641817
0.457201751415,4.33934960996
0.463347509225,4.30721354221
0.179402445092,8.1675580529
0.43140662161,4.4845163934
0.431159875319,4.48599123008
0.274063065127,5.97947164011
0.180873859437,8.11586172899
0.208455407208,7.28271698604
0.246973598504,6.43279915077
0.446327406486,4.39844402424
0.362621150486,4.97550316121
0.338419363329,5.19685732106
0.222033356577,6.94914376503
0.313763336947,5.45817077182
0.488820002625,4.18288482415
0.331229497123,5.26897093949
0.288855967207,5.76823491803
0.162073688546,8.84745377781
0.131898729281,10.4602469204
0.308673287621,5.51740576062
0.41876644151,4.56236453675
0.353956369742,5.05120706829
0.358899001723,5.00756662516
0.279260869926,5.902664301
0.267541219631,6.08012157677
0.259735395189,6.20731683295
0.478893850989,4.22971192331
0.197113728423,7.59688209459
0.472591154731,4.26049881487
0.23921068446,6.58186152606
0.39500509424,4.72254845893
0.478789775228,4.23021351869
0.488819881928,4.18288538162
0.472416675482,4.26136314455
0.273351314703,5.99021946464
0.343574110793,5.14704665388
0.32278614275,5.35783257978
0.117295197302,11.5400634153
0.287471081372,5.78707571881
0.377954509776,4.85021132056
0.329732699505,5.28438629743
0.51211753447,4.08033172588
0.360882188882,4.99039899769
0.22023774663,6.99087678492
0.523597127377,4.03326710887
0.191908296979,7.75360241698
0.140772208728,9.91389821933
0.193980130366,7.69021064919
0.295420135391,5.68136878322
0.475334718962,4.24699382401
0.44644285607,4.39780108313
0.295186713145,5.68439054777
0.291744543994,5.7295207516
0.283919591239,5.83624418998
0.45425097725,4.35509727414
0.279556722436,5.89837956474
0.46901914042,4.27832586057
0.140755908561,9.91483844194
0.362309981646,4.97815789637
0.505654846193,4.10780109218
0.430885106092,4.48763560464
0.362486057843,4.97665513204
0.386613972086,4.78393636356
0.444905768941,4.40638927629
0.311298103974,5.48661393192
0.274715475577,5.96966943554
0.323857093441,5.3463003865
0.419322661089,4.55883759457
0.133833447099,10.3349247773
0.495652741042,4.15177537934
0.284696955595,5.8253756733
0.452562002458,4.36420607709
0.202916444472,7.43172496908
0.383605563342,4.80661442838
0.487546251483,4.18878378466
0.264821327619,6.12358047579
0.406625476862,4.64181509729
0.477588667857,4.23601859657
0.39037352179,4.75609837304
0.171854209736,8.44676280726
0.26624244285,6.10076151866
0.249757485182,6.38162453655
0.117367433865,11.5340586293
0.377065526131,4.85719125673
0.498465221362,4.13922599169
0.519212338065,4.05098983003
0.392078520383,4.74365348246
0.42512053584,4.52263726467
0.214166448428,7.13721416959
0.366535022569,4.94250472517
0.295547549707,5.67972138626
0.519742740517,4.04882955342
0.212328823433,7.18317099085
0.143006951827,9.78703154019
0.468001534054,4.28345580981
0.518141487681,4.0553652514
0.289057790192,5.76550448367
0.146880089137,9.57633399207
0.289180998381,5.76383951769
0.391706999331,4.74635579381
0.395431937503,4.71949698323
0.274516474824,5.97265433933
0.257852990636,6.239156983
0.196280657996,7.62140066856
0.519785286463,4.04865646574
0.482872277575,4.21070498165
0.235936140125,6.64771162287
0.392719229503,4.73900548213
0.266183161274,6.10170847763
0.29092954488,5.74036481894
0.18054034404,8.12750506117
0.430682674293,4.48884844925
0.269763524414,6.04527176041
0.233905125375,6.68949059637
0.237905200671,6.60789491033
0.433075241804,4.47458810811
0.247779796927,6.41785967406
0.310326711566,5.49794769737
0.495467643264,4.15260645423
0.295053418153,5.68611829242
0.525087117845,4.02731453353
0.425648315718,4.51939219041
0.448120755834,4.38849527196
0.497498965944,4.14352092934
0.400312416761,4.68508010377
0.367312611544,4.93603421523
0.302424997396,5.5928895483
0.235027924897,6.6663039134
0.470838315155,4.26921197617
0.469952816474,4.27363915469
0.524141548923,4.03108805768
0.510206461748,4.08837971181
0.237398710379,6.61807299987
0.149838022483,9.42279044662
0.395121745437,4.72171385686
0.440198390216,4.43307450088
0.271620517257,6.01659353273
0.297456391444,5.65521254182
0.407832273204,4.63370078392
0.214374437723,7.13206265874
0.240466831062,6.55708158463
0.119496615643,11.3603369044
0.408108131415,4.63185285912
0.402096876657,4.67270968848
0.515096915508,4.06790805504
0.14446261069,9.70651330646
0.375556609876,4.86911594221
0.252249277793,6.33678782623
0.28237599726,5.85800537729
0.373987306087,4.88162214912
0.400677236947,4.68254188494
0.413364019207,4.59712731257
0.530826049456,4.00471061256
0.228009957828,6.81501489146
0.414781200289,4.58791839319
0.152048345085,9.31197200818
0.40796527124,4.63280953423
0.43409971896,4.46853130186
0.43938323068,4.43775518014
0.503706787904,4.11622422426
0.287250423095,5.79009469918
0.337956930183,5.20140149177
0.222269464494,6.94370682915
0.488512727503,4.18430496212
0.430210828478,4.49168000305
0.327324364672,5.3094906115
0.482682670458,4.21160349599
0.409841462903,4.62029990035
0.240990248933,6.54683318262
0.449719139221,4.37969687087
0.526985225426,4.01978200563
0.279940021731,5.89284201272
0.386480250543,4.78493672076
0.23074621402,6.75594713113
0.114664304194,11.7639314932
0.344587073533,5.13743676691
0.118049856938,11.47769476
0.412803994727,4.60078424994
0.129033958085,10.652741169
0.236789448606,6.63037459522
0.493705349569,4.16055125663
0.203487649883,7.41598039563
0.411870417423,4.60690313296
0.487674743652,4.18818727289
0.144148535136,9.72374790132
0.43850231454,4.44283354014
0.228089625529,6.81327487602
0.385872580448,4.78949157017
0.45224004894,4.36595034667
0.515775769163,4.06509808759
0.305810519193,5.55160123142
0.273630476465,5.98599721727
0.52750940063,4.01771174183
0.519850331243,4.04839190381
0.425521772919,4.52016949068
0.392311173735,4.74196391134
0.454236876686,4.35517303136
0.456751544501,4.34173873432
0.530775671463,4.00490683304
0.358074086576,5.0147647049
0.436834012435,4.45250873827
0.316282845981,5.42956689433
0.285470460472,5.81462067789
0.259629091562,6.20910247262
0.519828806875,4.04847944404
0.163575541278,8.78279431413
0.163531370258,8.78467897424
0.35214512711,5.06751206625
0.20983431613,7.24685454401
0.167612923812,8.61474699194
0.173908901095,8.36834571668
0.173590483699,8.38037582279
0.472895938964,4.25899056162
0.375018218009,4.87339448444
0.317051566936,5.42093162521
0.412811032993,4.60073822725
0.276162506621,5.94809580093
0.389487959257,4.7626061305
0.52270962385,4.03682942662
0.459580898344,4.32680412302
0.166405185802,8.66415702601
0.435452186638,4.46058020582
0.360506299529,4.99363811559
0.316610318434,5.42588308873
0.502955662399,4.11949000503
0.117851286131,11.4940279322
0.141278142411,9.88482337838
0.348746467033,5.09857318569
0.456498975344,4.34308117302
0.326141393125,5.32195998057
0.232959204712,6.70919978859
0.292591495693,5.71831646325
0.360990451197,4.98946735501
0.39022237367,4.75720698103
0.526799296981,4.02051736753
0.452920041662,4.36226929955
0.135131244253,10.2528777226
0.25816651778,6.23382118464
0.141718222647,9.85970249134
0.447741175983,4.39059418551
0.40473010273,4.65465937713
0.322254663412,5.36358458899
0.45495248203,4.35133444298
0.243402463406,6.50017814537
0.439258203883,4.43847466802
0.303706214215,5.5771544691
0.312076199942,5.47758716625
0.347756535595,5.1077367764
0.325542760305,5.3283051305
0.466953842023,4.28876149452
0.428636600807,4.50117326397
0.183885087385,8.01266122027
0.359765569377,5.0000413563
0.414977434163,4.586648337
0.317678367298,5.41392203054
0.51435823287,4.07097439194
0.177903803715,8.22109553991
0.117417055996,11.5299379995
0.287398496482,5.78806828468
0.340595105946,5.17564568079
0.144981428739,9.67820791054
0.374405343677,4.87828023001
0.322602860783,5.35981399719
0.364096905299,4.96297581917
0.274100415126,5.97890919582
0.351809796215,5.07054952976
0.432179015324,4.47991086711
0.300053401831,5.62237597089
0.383650419567,4.80627362139
0.206671722153,7.32982247938
0.371879887474,4.89858636055
0.377790607801,4.85149568825
0.132232657811,10.4383537517
0.240962059247,6.54738398404
0.375573736824,4.86898004185
0.430218235442,4.49163550448
0.286461113522,5.80093240415
0.439848659386,4.43508048609
0.362897973726,4.97314535003
0.312919112095,5.46785992929
0.338255228473,5.1984687692
0.247922664735,6.41522246896
0.406657453521,4.64159945479
0.211337719059,7.20829190931
0.499539717335,4.13447008995
0.203203474506,7.42380218939
0.401253245248,4.67854395568
0.195979877067,7.63030471808
0.271973723703,6.01118372511
0.491377438004,4.17113621425
0.343002519891,5.15249480725
0.334150167023,5.2392959196
0.373019786592,4.88938613965
0.529277254185,4.01076081468
0.332335195779,5.25767421162
0.147650054178,9.53577091387
0.263516248218,6.14475570152
0.463734468401,4.30521948223
0.241306003063,6.54067251318
0.416679968369,4.57568074704
0.497744390744,4.14242840111
0.345520538594,5.12863189102
0.461217682096,4.31825054479
0.281650374828,5.8683185612
0.441400018624,4.42620709462
0.333764103733,5.24318813883
0.328351808067,5.29873478639
0.180370193924,8.13346185205
0.158352135289,9.01299138351
0.399754170234,4.68897325946
0.356680717045,5.02700016135
0.440233190234,4.43287507417
0.23057136311,6.7596793172
0.251416457712,6.35167340003
0.365259250077,4.9531816654
0.493998785396,4.15922432175
0.163716990133,8.77676594621
0.173585667003,8.38055814294
0.205449532619,7.36257544277
0.527657113049,4.01712911172
0.350246257482,5.08479051302
0.206094820972,7.34523382861
0.382965641137,4.81148529376
0.300844044466,5.61249334497
0.241412912082,6.53859030463
0.436099084441,4.45679503034
0.340787785349,5.17378051543
0.418577085609,4.5635674202
0.223593896407,6.91342348284
0.38549609094,4.79232095032
0.154145752734,9.20976696902
0.243491505453,6.49847384564
0.387945640605,4.77401276629
0.363887722893,4.96474521312
0.294599848365,5.69200926206
0.380910203187,4.82724374967
0.304905664993,5.56254526853
0.436330753619,4.45544227435
0.411733546385,4.6078026081
0.26072500378,6.19076454001
0.526202916194,4.02287973427
0.221870845981,6.95289273523
0.525070442437,4.02738095889
0.420287510925,4.55274226976
0.524419025334,4.02997925902
0.298579886785,5.64093592596
0.44198206942,4.42289442104
0.220006554842,6.99630002174
0.290971122611,5.73981010993
0.253338431175,6.31746997842
0.170175608229,8.5122401384
0.166829729651,8.64670643182
0.261552735083,6.17701716261
0.190665028812,7.79230873963
0.344112655339,5.14193035376
0.349103215593,5.09528382084
0.391546800929,4.7475226386
0.274480418918,5.97319562762
0.131263622595,10.5021945697
0.344403382857,5.13917514905
0.356633934974,5.02741265609
0.525571895373,4.02538536343
0.283052746573,5.84843512326
0.150997733174,9.36423988034
0.278939248724,5.90733268598
0.374886923809,4.87443976938
0.27117411843,6.02345111905
0.290101941639,5.75143983714
0.471635188794,4.26524253563
0.194046605326,7.68819929102
0.161739923882,8.86198733541
0.528119095581,4.01530906843
0.341187013715,5.16992275374
0.344167394011,5.14141123674
0.513468257327,4.07468088487
0.474242990558,4.25234848138
0.339842877775,5.18294798242
0.380224045625,4.83254309611
0.404470585432,4.65642763171
0.220044054276,6.99541958855
0.39441408033,4.72678473887
0.300461681405,5.61726609405
0.131060065971,10.5157254585
0.287978976281,5.78014467924
0.347485738368,5.11025275933
0.415181959484,4.58532592718
0.288961429427,5.76680765218
0.365281150527,4.95299773834
0.433892464601,4.46975423931
0.175570681818,8.30627439094
0.309603556512,5.50643205942
0.416620097724,4.57606486987
0.349727877946,5.08954065653
0.332902790695,5.251904859
0.513398712746,4.0749710782
0.459270922337,4.3284310786
0.145661379336,9.64141813044
0.130587048539,10.5473315287
0.453788247564,4.35758588177
0.340797290242,5.17368856225
0.170059321013,8.51682431317
0.120933096285,11.2465991627
0.441093016586,4.42795797993
0.353765894044,5.0529137412
0.432178400794,4.47991452463
0.225925587855,6.86097964428
0.431546553315,4.48368077171
0.206040696182,7.34668418296
0.287000278768,5.79352279176
0.400265288723,4.68540834033
0.321612795564,5.37055706635
0.124817265732,10.9522076892
0.312019290218,5.47824583096
0.193587364242,7.70212311796
0.408575170731,4.62873007453
0.247154618263,6.42943613776
0.165482212189,8.70240587345
0.514005880733,4.07244024943
0.418507408267,4.5640103265
0.489081758684,4.18167651518
0.347169687517,5.11319425316
0.268132458398,6.07079276045
0.366635181118,4.94166970915
0.503218694402,4.11834523484
0.275699765077,5.95496981401
0.449930596974,4.37853770349
0.29367598466,5.70406551793
0.508221244025,4.09680624317
0.357437501088,5.02034261778
0.302424886711,5.59289091352
0.318262460338,5.40741529981
0.337295903601,5.20791920283
0.237299035235,6.6200811735
0.380617325406,4.82950332076
0.310918802684,5.4910308851
0.457250152621,4.33909304631
0.457348934239,4.33856960113
0.228872090747,6.79625010682
0.340225752268,5.17922709509
0.437641087419,4.44781870237
0.33337112658,5.24715948668
0.241176671574,6.54319392513
0.307110322129,5.53599496817
0.28432896317,5.83051315355
0.4242546451,4.52797917324
0.370935499376,4.90625233796
0.374175201814,4.88011911006
0.175372679217,8.31360814322
0.167579777177,8.61609350387
0.156901505128,9.07965449864
0.453929170926,4.35682742868
0.153483710487,9.24172464761
0.47708056445,4.23848338629
0.256162000921,6.26816312587
0.384692008324,4.79838272456
0.118054540716,11.4773101675
0.31932916301,5.39559479778
0.525239644982,4.02670715473
0.34687654172,5.11592745201
0.175636443025,8.30384236341
0.189290878327,7.83568548947
0.312488514001,5.47282238499
0.190137634141,7.80888194828
0.324465355767,5.33978498006
0.161262980189,8.88286047912
0.244157182595,6.48577232714
0.162928133886,8.81052028538
0.23114580667,6.7474392435
0.349371820945,5.09281168994
0.495417393461,4.15283218272
0.405023541251,4.6526627917
0.317760676465,5.4130036438
0.253162167274,6.32058489491
0.404787412675,4.65426920147
0.44177203547,4.42408877001
0.180021904186,8.14569047592
0.50191564209,4.12402853721
0.211897246138,7.19408079084
0.391513532028,4.7477650834
0.16009558191,8.93447841557
0.445258320824,4.40441406954
0.530885615256,4.00447865569
0.374312377949,4.87902276692
0.279208833601,5.90341887785
0.162766858842,8.81746157301
0.295385510303,5.68181671574
0.283494881574,5.84220768235
0.253535999745,6.31398377459
0.528608960842,4.01338277774
0.387558249244,4.77689241474
0.191899669502,7.75386927361
0.250149359907,6.3745133824
0.460220454184,4.3234544476
0.525477755487,4.02575970423
0.255927766354,6.27221161083
0.466133532881,4.29293282514
0.17845146844,8.2014258474
0.167510206795,8.61892139614
0.507064150137,4.10174916779
0.467286089935,4.28707628262
0.195626167251,7.64081091525
0.27775299659,5.92464605878
0.324890846256,5.33524208473
0.383924620092,4.80419208054
0.399899764554,4.68795682648
0.50036701359,4.13082271604
0.425377277013,4.52105764985
0.234013361844,6.68724564202
0.449169686339,4.38271410498
0.284807693995,5.82383230765
0.397452664428,4.70514197117
0.268881876917,6.0590278102
0.150548534227,9.38681116369
0.281802478903,5.86615226484
0.396260306743,4.71359422039
0.477550827719,4.23620197121
0.45517365587,4.35015055372
0.497304251025,4.144388511
0.330495462556,5.27651292797
0.119079554005,11.3938746063
0.523385192393,4.03411664978
0.514987246995,4.06836272335
0.503531422132,4.11698578709
0.286608954575,5.79889784892
0.221627709303,6.9585120343
0.489292010837,4.18070692318
0.343959589598,5.1433828541
0.315103902761,5.44289351536
0.303812965435,5.57584950057
0.455494360762,4.34843600057
0.288174784157,5.77747918391
0.413878831488,4.59377455771
0.436076465866,4.45692718318
0.466482441235,4.29115675435
0.222963574749,6.92779061028
0.249256112964,6.39075565365
0.508101493225,4.09731671993
0.192867499969,7.72408322405
0.142362179495,9.82322486443
0.127844082839,10.7352378454
0.225546445451,6.86943271622
0.336111246736,5.21966521172
0.276154918991,5.94820832676
0.404763586863,4.65443139783
0.169135023307,8.5534866357
0.457270062157,4.33898752667
0.461528915196,4.31663115617
0.310914745025,5.49107819561
0.312078337701,5.4775624289
0.46846815076,4.28110065489
0.498766944693,4.13788837504
0.301652269405,5.60244530313
0.128761889308,10.6714693808
0.454594131193,4.35325512324
0.354204840419,5.04898357027
0.486923475018,4.19167956489
0.137141233609,10.1288820545
0.163124726751,8.8020775773
0.529856433987,4.00849402054
0.389711002943,4.76096419304
0.153382935346,9.24661350854
0.145905925876,9.62827075996
0.357229668866,5.02216808367
0.430021656237,4.49281702005
0.364930438353,4.95594584118
0.508625822124,4.09508343593
0.369480745616,4.91813946387
0.127531397121,10.7571733356
0.211889167016,7.19428544948
0.284011050091,5.83496235122
0.147676132451,9.53440450398
0.156407229247,9.10265259901
0.282013355562,5.86315283576
0.197831709047,7.57591768802
0.146746389122,9.58342110321
0.139239772874,10.0032582387
0.361258051163,4.98716698942
0.255378387039,6.28173649687
0.266237390102,6.1008422142
0.171566338377,8.45790027958
0.445767208344,4.40156864104
0.146859340254,9.57743299003
0.182332869109,8.06543026829
0.342709009475,5.15529961385
0.195086896043,7.65690267361
0.146725595468,9.58452448963
0.392149278937,4.74313940388
0.529722392941,4.00901817362
0.331487556782,5.26632752816
0.456321999195,4.34402273608
0.34475149823,5.13588231184
0.414876149799,4.58730371137
0.346409949182,5.12028753637
0.128215385273,10.70932971
0.290077391524,5.7517693466
0.431616480757,4.4832633987
0.172889533023,8.40701546003
0.438523304115,4.44271229434
0.288747841924,5.76969932199
0.112112963529,11.991093949
0.137621826027,10.0997730342
0.324993161707,5.33415148318
0.341350638706,5.16834429345
0.285630149981,5.81240767165
0.334774963711,5.23301619484
0.350421275431,5.08318998
0.483449688524,4.20797321264
0.392788613785,4.73850306744
0.285814769918,5.80985229988
0.193628426376,7.70087543844
0.363397543874,4.96889959334
0.25935709037,6.21367816746
0.190980777494,7.78243054787
0.346143049962,5.12278696757
0.528282340079,4.01466673303
0.426729950569,4.51276745656
0.169141227261,8.55323921221
0.528045183013,4.01560003537
0.296106249231,5.67251469276
0.377797409509,4.85144236609
0.451463264875,4.37016931937
0.423714530359,4.53132262932
0.470755018058,4.26962770074
0.229736693397,6.77757435753
0.127764177236,10.7408331259
0.276261428652,5.94662934359
0.527979305217,4.01585944347
0.120167502354,11.3068779432
0.483529088788,4.20759809123
0.186317529504,7.93174814364
0.344158859194,5.14149216605
0.414136246216,4.59210132869
0.226857886917,6.84031509272
0.127344969009,10.7703030508
0.508376040579,4.09614674101
0.338039181093,5.20059231488
0.281081445453,5.8764424336
0.259482804553,6.21156215516
0.276042348535,5.94987850179
0.306188220575,5.54705243766
0.178656248766,8.19410221232
0.481631859404,4.2165963332
0.330411391354,5.27737891131
0.528806682392,4.01260632736
0.269856425021,6.04382756398
0.220574940837,6.98298753545
0.210417513301,7.23182943901
0.489202646852,4.18111892611
0.126464178854,10.8328603874
0.289076574845,5.76525054548
0.47489837522,4.24913093723
0.408985441823,4.62599289075
0.185689500714,7.95243462998
0.21166721471,7.19991406097
0.392084889079,4.74360720452
0.200565158507,7.49748700278
0.367061231519,4.93812294938
0.211502631891,7.20409549949
0.414727692366,4.5882649186
0.481082203933,4.21921693635
0.524526400131,4.02955051425
0.484177079906,4.2045414442
0.379874623671,4.83524927804
0.254729592592,6.29303851717
0.497331363943,4.14426766325
0.45587165593,4.34642208239
0.368718689959,4.92440462302
0.312253997609,5.47553093397
0.148983664894,9.46651037093
0.454505273597,4.35373186224
0.128698963544,10.6758122722
0.435420603441,4.4607653035
0.399376555202,4.69161302706
0.168306069733,8.58671158743
0.313223528694,5.46436002554
0.347312397424,5.11186537266
0.484016913278,4.20529618255
0.529428686886,4.01016764111
0.461372860052,4.31744285136
0.293424603913,5.70735932233
0.410230878743,4.61771813673
0.493188544832,4.1628922446
0.198472415799,7.55733862981
0.413575916987,4.59574627577
0.328541382598,5.29675769837
0.258522554306,6.22777781246
0.201267830421,7.4776720793
0.195673389263,7.63940607291
0.238826800211,6.58948693343
0.216301480866,7.08480849489
0.41926045521,4.55923156023
0.304730331815,5.56467352305
0.247632971119,6.42057314545
0.298245393686,5.64517502509
0.183769427927,8.01656223075
0.337677445654,5.20415403412
0.419468643048,4.55791352429
0.462725961396,4.31042366233
0.412674947012,4.60162836863
0.328508872429,5.2970965846
0.146531670987,9.59482996839
0.287103527727,5.79210708657
0.2914538103,5.73338208499
0.350065108002,5.08644883676
0.421084439287,4.54772937287
0.393980717233,4.72989927148
0.169995190904,8.51935509367
0.185036528712,7.97409260821
0.352910237126,5.06060364827
0.370890237767,4.90662074577
0.487193577076,4.19042270852
0.496288367178,4.14892634131
0.205711049128,7.35553417761
0.285234246878,5.81789877544
0.349323661521,5.09325464397
0.489229579602,4.18099473923
0.431078622009,4.48647727175
0.217864006341,7.04711187126
0.353768271451,5.05289242796
0.529287247627,4.01072165876
0.379555897614,4.83772216915
0.144746805269,9.69098313204
0.246442467783,6.44269540402
0.297833628937,5.65040667397
0.449205033683,4.38251977213
0.17536394049,8.31393219789
0.462747654062,4.31031147624
0.386183580958,4.78715860489
0.307425339298,5.53223284791
0.493113849719,4.16323101272
0.347527632414,5.10986325956
0.516854162148,4.06065001864
0.190326058049,7.8029501684
0.431221393073,4.4856233678
0.30916894477,5.51155050687
0.253653027265,6.31192135123
0.249232434856,6.39118780384
0.145358848307,9.65774435631
0.267348540548,6.08317077476
0.509397759538,4.09180416074
0.134951081905,10.2641729497
0.493990826524,4.15926029078
0.131932820312,10.4580067313
0.120189695684,11.3051197178
0.369893434898,4.91475758471
0.468099892418,4.28295896318
0.499065058467,4.13656840168
0.479930113463,4.2247298715
0.526304975231,4.02247506754
0.450637025249,4.37467332308
0.280513416136,5.88458677422
0.173394180752,8.38781447735
0.190722332582,7.79051354593
0.13063262266,10.5442763584
0.473239167017,4.25729446267
0.520065631505,4.04751668421
0.504268337196,4.11378926182
0.265252881597,6.11662481089
0.304304710686,5.56985021926
0.372648048601,4.89238015151
0.513198301937,4.07580780096
0.249384523232,6.38841347727
0.375517752238,4.86942432004
0.13824680425,10.0622226032
0.293128562301,5.71124566069
0.422695855898,4.53765235949
0.36117042666,4.98791985166
0.11551015041,11.6908412706
0.434942347015,4.46357156589
0.247722279972,6.41892225109
0.114050449855,11.8176559173
0.382543658277,4.81470639551
0.451510845697,4.36991046275
0.39908889842,4.69362736149
0.252816567291,6.32670505033
0.231236605461,6.74551014965
0.302084695221,5.59709169761
0.214367672414,7.13223006433
0.113911645988,11.8298844972
0.176323785225,8.27853181304
0.295844323047,5.67588985283
0.505621784946,4.10794348469
0.204784222509,7.38057046527
0.420422644788,4.5518908684
0.502819367455,4.12008367602
0.191064307814,7.7798228025
0.446557207534,4.3971645944
0.378663034444,4.84467225435
0.247050956347,6.43136137523
0.205756778259,7.35430478562
0.415794549553,4.58137305226
0.503989305579,4.11499848389
0.215273884877,7.10990059454
0.366304887821,4.94442511119
0.287571773499,5.78569964037
0.396528848623,4.71168607206
0.122755134917,11.1061748343
0.167116990957,8.63494931465
0.158365225324,9.01239542387
0.265268185714,6.11637856408
0.40582686204,4.64721204557
0.17540479576,8.31241745753
0.133839452127,10.3345414601
0.28731522562,5.78920760278
0.254737564418,6.29289929434
0.259798436301,6.20625859563
0.207267407997,7.31400006284
0.165817646919,8.68845563714
0.388295007905,4.77142080658
0.202928110461,7.43140251691
0.17099033959,8.48029837039
0.362068072613,4.98022495888
0.450994059452,4.37272497275
0.50962150163,4.09085560021
0.510270216215,4.08811022098
0.168613249756,8.57436131633
0.184523922169,7.9912030119
0.464009976845,4.30380183232
0.33377222768,5.24310614029
0.497115968739,4.14522809882
0.343496732696,5.1477831069
0.466674663534,4.29017944143
0.40894602325,4.62625563318
0.354574454774,5.04568186872
0.305712905809,5.55277868077
0.313716979541,5.45870144016
0.11833128426,11.4546405125
0.206830928086,7.32558470654
0.376039427036,4.86528969058
0.395714493693,4.71748071259
0.288744739506,5.76974135627
0.145132942069,9.66998007002
0.21137840631,7.20725595863
0.399403599453,4.69142380078
0.415740442495,4.58172170934
0.283471952107,5.84253015817
0.225527972769,6.86984530205
0.406121981332,4.64521513005
0.222475836755,6.93896416362
0.180221443367,8.13867873821
0.225706649611,6.86585742855
0.178400387762,8.20325530097
0.399462364152,4.69101271968
0.282603023053,5.85478971205
0.502928735698,4.1196072655
0.394474925303,4.72634801338
0.373711770869,4.88382903687
0.325866322823,5.32487261648
0.319964764221,5.38858957529
0.125939879889,10.8705151074
0.394483019417,4.72628992685
0.295408107075,5.68152437721
0.421433347889,4.54554076329
0.265447980138,6.11348778222
0.354492476655,5.04641355929
0.38959861431,4.76179130229
0.415424004175,4.58376265119
0.511652057447,4.08228623237
0.314140285174,5.45386163121
0.468153846027,4.28268651371
0.470730852297,4.26974833717
0.386130258113,4.7875583324
0.208910288483,7.27083375113
0.465648694069,4.29540538343
0.523196815368,4.03487235701
0.195849527742,7.63417201946
0.116714151317,11.5886349798
0.229680215163,6.77878997553
0.483982147151,4.20546007584
0.348771829025,5.09833911148
0.521935325807,4.03994760096
0.147981694398,9.51843017126
0.344104999711,5.14200296972
0.52031456394,4.0465056808
0.196293939128,7.62100813945
0.374209398737,4.87984572357
0.221985820056,6.95023981578
0.266145883384,6.10230417027
0.404581260482,4.65567324883
0.259284066384,6.21490825532
0.51751905188,4.0579170955
0.516042690978,4.06399531812
0.213797240605,7.1463836646
0.379078681605,4.8414326768
0.140271687744,9.94286922654
0.368806138534,4.92368433121
0.161453529513,8.87450633714
0.388373127047,4.77084189227
0.220623301216,6.98185805468
0.169968490806,8.52040933171
0.224614609584,6.8903306137
0.443261944619,4.41564160693
0.502350297627,4.12212938662
0.241827449506,6.53053417706
0.121081975178,11.2349660337
0.138416067533,10.0521113774
0.365996785318,4.94699996758
0.119080475475,11.3938002472
0.521968728302,4.03981288811
0.189964277867,7.81434984907
0.439220364887,4.43869250189
0.163488264154,8.7865191843
0.186019477254,7.94154808241
0.20025370613,7.50631458906
0.456867288342,4.34112405079
0.350838767991,5.07937859771
0.204284417723,7.39416668269
0.15695808014,9.07703141087
0.112604796723,11.9464997257
0.158386419537,9.01143070925
0.485303272487,4.19924910461
0.293441920234,5.70713224555
0.315400352212,5.4395329597
0.530962862087,4.00417792694
0.480829296835,4.22042480254
0.519756344313,4.04877420655
0.341188224583,5.16991106706
0.163410898274,8.78982440031
0.4447746263,4.40712483732
0.222843066793,6.93054672708
0.254049981387,6.30493998247
0.351068743875,5.07728304381
0.11347550137,11.868503932
0.146534102781,9.5947005691
0.202618388468,7.43997603603
0.14302067414,9.78626482009
0.402603449978,4.66921843046
0.133685104457,10.3444048639
0.192880494094,7.72368536353
0.469462864028,4.27609613826
0.407140519365,4.63834600259
0.318141037256,5.4087659396
0.211545579505,7.2030037274
0.37555900634,4.86909692578
0.227137407486,6.83415284137
0.290444930903,5.74684217402
0.285855639008,5.80928707277
0.465961862918,4.29380769352
0.168481834966,8.57963934717
0.206447482147,7.33580251641
0.229185173009,6.78947097957
0.502333205336,4.12220400421
0.247874550397,6.41611027106
0.139409091196,9.99328795233
0.295232118564,5.6838023727
0.198458341923,7.55774544241
0.430570329876,4.48952205188
0.280298712828,5.88767387861
0.252072125524,6.33994586349
0.419283960335,4.5590826822
0.369259786965,4.91995333396
0.302727493461,5.58916229195
0.278447223888,5.91449565582
0.331055660836,5.2707539803
0.48298451784,4.21017343797
0.428268960977,4.50340060767
0.200587730005,7.49684832559
0.250361237088,6.37067792832
0.394394498699,4.7269253188
0.344336921942,5.13980457664
0.116063695812,11.6435873237
0.245991602314,6.45113002106
0.528231887365,4.01486521074
0.234189334048,6.68360024056
0.520177361311,4.0470627857
0.339252754258,5.18869972859
0.113501246999,11.8662159602
0.395370946085,4.71993259415
0.150561812462,9.38614202026
0.403027032363,4.66630603789
0.440434548403,4.43172179688
0.128958030327,10.657959779
0.160099619232,8.93429859659
0.225047858771,6.88059258722
0.503458413773,4.11730300296
0.30123008815,5.60768713104
0.326428517092,5.31892503838
0.312761960977,5.46966941863
0.473735278661,4.25484734971
0.223305747615,6.91998119614
0.32104524641,5.37674585235
0.376134147394,4.86454022382
0.371522746005,4.90148074169
0.222330083767,6.94231280882
0.360263194684,4.99573667363
0.17286691137,8.40787881598
0.21020217504,7.23736748211
0.310832072986,5.49204238849
0.330616315709,5.27526885387
0.112817544531,11.9273308023
0.441342160242,4.42653687947
0.407654979725,4.63488979384
0.48924059796,4.18094393767
0.121226643965,11.223689332
0.249798556617,6.38087817552
0.184919853146,7.97797875339
0.347230297129,5.11262973497
0.429302414131,4.49714940535
0.520786955253,4.04458988233
0.247399686398,6.42489115086
0.36860227298,4.92536406172
0.126993210468,10.7951819622
0.323891121815,5.34593523406
0.251589093139,6.34857957874
0.243979255834,6.48916041701
0.491897509855,4.16876248564
0.186334400744,7.93119436217
0.530638942785,4.00543958098
0.150070286685,9.41099127187
0.310087961547,5.5007443687
0.23894613421,6.58711385298
0.383677613,4.80606705178
0.492566017213,4.16571886496
0.408839297109,4.62696727123
0.342672733775,5.15564660689
0.309345546938,5.50946889083
0.275810021733,5.95332983375
0.254641383661,6.29457961809
0.383153376062,4.81005459676
0.350618201473,5.08139104559
0.510329076014,4.0878614818
0.242721381511,6.51325612173
0.498187413187,4.1404590666
0.350346088366,5.08387736336
0.12040393202,11.2881806707
0.219699303409,7.00352526806
0.156907164552,9.07939201512
0.300060615274,5.6222855676
0.464342450297,4.30209337135
0.511335764044,4.0836164275
0.431738329543,4.48253645663
0.384846600888,4.79721527955
0.511406447269,4.08331901632
0.16746703845,8.62067728794
0.286131525116,5.80547579925
0.445673118659,4.40209423715
0.222650410607,6.9349591878
0.347166659311,5.11322246316
0.239974177695,6.56676889264
0.404149999722,4.65861519513
0.131681171589,10.4745704857
0.165605013164,8.69729216869
0.114235057444,11.8014382145
0.149113859042,9.4598154617
0.301677392428,5.60213384368
0.509841181876,4.08992509776
0.528617989473,4.01334730929
0.145580013343,9.64580238417
0.376225268533,4.8638195994
0.172213014562,8.43293341525
0.225975189387,6.85987588388
0.458388707739,4.33307391149
0.252105450458,6.33935144773
0.23202934831,6.72873244369
0.129530032647,10.6187964295
0.318222401364,5.40786077674
0.327716437019,5.30537809324
0.507412289629,4.10025951837
0.307464335167,5.53176768093
0.233620190704,6.69541052847
0.507368285096,4.10044769206
0.295724539784,5.67743539212
0.274170546448,5.97785352518
0.466326792988,4.29194872247
0.297586943898,5.65354795206
0.331556855534,5.26561838578
0.164668565568,8.73648165076
0.410180648717,4.61805087143
0.123218369769,11.0711375741
0.215012490872,7.11632197501
0.2895178591,5.75929470809
0.3381455728,5.19954623761
0.353355684287,5.05659561452
0.169094704255,8.55509506807
0.239519139262,6.5757523285
0.187835459015,7.8823244626
0.265561157583,6.1116701178
0.423568798229,4.53222624932
0.416432619544,4.5772684398
0.364968486624,4.95562572599
0.385840404337,4.78973315827
0.518464571619,4.05404318164
0.150368929014,9.39587385296
0.403547866628,4.66273356045
0.424547387858,4.52617066408
0.233075003869,6.70677832026
0.404943791916,4.65320512097
0.385592925243,4.79159268505
0.260126768728,6.20075544603
0.260358770741,6.19687534976
0.180788645615,8.1188325109
0.171618132705,8.45589363323
0.5227384338,4.0367135907
0.342721170299,5.15518330695
0.287836929908,5.78208063108
0.167296224049,8.62763417661
0.388455541073,4.77023140816
0.433279460814,4.47337839862
0.30378825705,5.57615146267
0.368666817529,4.92483204797
0.429983306319,4.49304764689
0.332443199911,5.25657485243
0.372851295444,4.89074242727
0.190052242675,7.81157406
0.392127297285,4.74329908575
0.427210810192,4.50983336992
0.438991162749,4.44001281166
0.387133496884,4.78005655771
0.299011462105,5.63548070583
0.17638115065,8.27642837307
0.474935587997,4.24894851954
0.518071134922,4.05565336343
0.474709277576,4.2500583528
0.452934951973,4.36218871202
0.408042096465,4.63229498238
0.151723317311,9.32806442977
0.181210455377,8.10415458209
0.204533639762,7.38737871029
0.132351911969,10.4305620264
0.371306612878,4.90323511092
0.145230923355,9.66466843491
0.482734640205,4.21135714818
0.174364124547,8.35122371117
0.453261051242,4.36042756884
0.477102278526,4.23837794144
0.422098385121,4.54137944319
0.346341371685,5.12092936936
0.51192516408,4.08113903033
0.404500033809,4.6562268645
0.419916704578,4.55508139615
0.113946786521,11.8267858023
0.230475927888,6.76171879047
0.436097806075,4.45680249903
0.131115583804,10.5120308756
0.295525557742,5.68000562733
0.284450561388,5.82881405054
0.334138461876,5.23941379416
0.503799203086,4.11582311235
0.346534482696,5.11912265966
0.512785082797,4.07753514262
0.253788580654,6.3095348436
0.170216924544,8.51061291874
0.34541945879,5.12958298174
0.183410714904,8.0286925503
0.272371216962,6.0051126027
0.49714883048,4.14508151452
0.273814055044,5.98322539307
0.313524130846,5.46091075366
0.497794672858,4.1422047036
0.511890205082,4.08128580718
0.361842333852,4.9821563935
0.262670967112,6.1585842366
0.283337109081,5.8444276362
0.310735823666,5.49316558803
0.260513885794,6.19428504308
0.360992474216,4.98944995151
0.320330872896,5.38456736946
0.331068628904,5.2706209009
0.398352505987,4.69879756612
0.408761651154,4.62748524512
0.315435491454,5.43913504626
0.506704654473,4.10328963036
0.27292966827,5.99661334145
0.49681583194,4.14656782721
0.194814897063,7.66505312058
0.229397180201,6.7848910253
0.409574821626,4.62207059031
0.246096167149,6.44917108005
0.129898540661,10.5937490616
0.144224350893,9.71958068227
0.185138660287,7.97069493068
0.387036815714,4.78077776505
0.458431469655,4.33284844407
0.513970879292,4.07258597619
0.303916857517,5.57458037702
0.145049185099,9.67452630827
0.253361193991,6.317068036
0.385114591589,4.79519375018
0.341436579183,5.16751585864
0.456980318381,4.34052408878
0.17273938717,8.41275003534
0.382635069997,4.81400801053
0.194762532369,7.66662486034
0.30761287676,5.52999688155
0.487676699205,4.18817819694
0.119424210073,11.3661424906
0.216585198627,7.07792290983
0.268300592408,6.06814747277
0.309453490196,5.50819774824
0.45967623038,4.32630421268
0.244913703303,6.47142217365
0.434016357571,4.46902304485
0.296429587149,5.66835653326
0.460452869007,4.3222395474
0.193405689869,7.70764972574
0.51736190969,4.05856234729
0.450802481119,4.37377002892
0.260229847087,6.19903065729
0.258438822547,6.22919756217
0.249352306909,6.38900086707
0.19874238449,7.54954628244
0.508661812456,4.09493031626
0.192152952289,7.74604502438
0.409605467344,4.62186696054
0.23719579376,6.62216299621
0.403538858555,4.66279526786
0.268498148463,6.06504356814
0.466094114145,4.29313365309
0.425388366652,4.52098946428
0.476770878173,4.23998831933
0.366226555285,4.94507932808
0.185917465751,7.9449094798
0.314516640787,5.44956973681
0.479826522958,4.22522690646
0.204380988085,7.39153444996
0.422139200462,4.54112448849
0.133830296549,10.3351258993
0.226171769283,6.85550628648
0.151021619551,9.36304341821
0.342177781295,5.16038853268
0.443711794275,4.41310260656
0.131518974282,10.4852801789
0.517426556596,4.0582968473
0.201070317569,7.48322772243
0.214538487721,7.1280065495
0.375317300602,4.87101615911
0.378390294972,4.84680195316
0.375003361753,4.87351272345
0.198899664088,7.54501640551
0.518906877626,4.05223601481
0.148234442163,9.50526687388
0.204921746403,7.37684112189
0.288479615456,5.77333687625
0.148380791334,9.49766548872
0.268528256863,6.06457092568
0.497982397068,4.14136995941
0.191785728249,7.75739586077
0.458106568826,4.3345626093
0.248237988868,6.4094127437
0.147967371714,9.51917745996
0.474218214306,4.25247029771
0.387181972148,4.77969508802
0.183253490033,8.03402436816
0.231845394724,6.73261533698
0.248880607864,6.39761880902
0.35230459758,5.06606963377
0.374696904281,4.87595391503
0.265098842341,6.11910494114
0.357419925664,5.02049690529
0.357005884631,5.02413608567
0.176928884378,8.25641351582
0.495128273885,4.15413186398
0.347507024141,5.11005484804
0.456032457831,4.34556479959
0.503499623826,4.11712393667
0.415126431274,4.58568482665
0.164309169652,8.75164130286
0.446924755723,4.39512106196
0.153062401668,9.26220642509
0.164923249526,8.72577906057
0.299733301136,5.6263921157
0.158483706394,9.00700574975
0.472865626506,4.25914047592
0.239540856876,6.57532279253
0.514251401808,4.07141861161
0.462806357706,4.31000793799
0.13092975033,10.5244100145
0.50497697746,4.11072448036
0.257087469124,6.25224042305
0.175714365753,8.30096294057
0.291056687041,5.73866905847
0.179849104214,8.15177525746
0.382360835096,4.81610418751
0.340713734768,5.1744970819
0.199801067653,7.51919329004
0.304877402614,5.56288815898
0.463457761951,4.30664504368
0.491739607728,4.16948263953
0.347192352867,5.11298312448
0.244890277898,6.47186517683
0.453946058204,4.35673657343
0.253484243066,6.31489651774
0.422583181438,4.53835440705
0.272992929012,5.99565277541
0.522419985363,4.03799470874
0.517184591222,4.05929093358
0.351549329648,5.07291294054
0.249242267976,6.39100832905
0.268489405288,6.06518083883
0.525245143204,4.02668526706
0.112604512726,11.9465253628
0.183183993318,8.03638408019
0.467237990217,4.28732009886
0.234135620146,6.68471237913
0.113611998757,11.8563854898
0.269198252242,6.05408101633
0.231560871418,6.7386333257
0.387413636478,4.77796889398
0.375007896858,4.87347662812
0.290337903863,5.74827565521
0.303080085157,5.58482730749
0.122467515449,11.128063039
0.21718800344,7.06335359145
0.476345862907,4.24205698291
0.393175566236,4.73570445474
0.197020279634,7.59962203866
0.315054011563,5.44345971466
0.388446179085,4.770300744
0.383300105303,4.80893739478
0.45400554504,4.35641658369
0.463792896658,4.30491869022
0.369112275613,4.92116550259
0.389503831966,4.76248921989
0.312805148469,5.46917195964
0.17659577457,8.2685708702
0.300215120163,5.62035027645
0.390346403391,4.75629721046
0.23136287326,6.74283002938
0.15462110696,9.18699056921
0.235375862469,6.6591640756
0.194044713509,7.68825651328
0.375254434987,4.87151574933
0.189764446607,7.82066528934
0.515705361503,4.065389169
0.273051041491,5.9947707791
0.203281461716,7.42165343386
0.36932931938,4.91938229696
0.233017129011,6.70798823368
0.117879650551,11.4916914767
0.193032749188,7.71902756105
0.50201960107,4.12357399756
0.481617287678,4.21666572748
0.274587697229,5.97158553814
0.176790754423,8.26144918698
0.512981628625,4.07671318128
0.213103072113,7.16371051077
0.470758058972,4.26961252129
0.445860621185,4.40104705148
0.530185469392,4.00720852755
0.458053538354,4.3348426338
0.448419655222,4.38684505822
0.44740968179,4.39243020175
0.419957311674,4.55482503125
0.493700854973,4.16057159414
0.529118697572,4.01138227021
0.153171682055,9.25688292457
0.22787567038,6.81795063207
0.471057572269,4.26811841775
0.137959824111,10.0794227596
0.295409992333,5.68149998934
0.275364631801,5.95996282389
0.263176496613,6.15030312581
0.29305340077,5.71223362485
0.250720601085,6.3641876173
0.368820335568,4.92356742673
0.126417933462,10.836169092
0.240438058592,6.5576462503
0.201772580627,7.46352425385
0.497423074403,4.14385899209
0.405079210415,4.65228434743
0.217268470259,7.06141494112
0.465452613714,4.29640685164
0.253790526265,6.30950060859
0.500382938633,4.13075262816
0.426826943783,4.51217508166
0.471200406693,4.26740658636
0.224858247681,6.88484976454
0.482667361434,4.2116760745
0.411409317957,4.60993578703
0.173737012375,8.37483432329
0.292254042184,5.72277272682
0.478466092509,4.23177495286
0.325088464384,5.33313626033
0.310617683639,5.49454521204
0.194844872752,7.66415377554
0.480554023523,4.22174097863
0.200450433783,7.5007354638
0.443304432309,4.41540157528
0.169442300742,8.54125382375
0.316623923437,5.42573021079
0.487038677015,4.19114332354
0.271517276603,6.01817748739
0.371319202008,4.90313286678
0.444981944502,4.40596222268
0.185018529978,7.97469177518
0.187858974956,7.88156511014
0.242584231774,6.51589861604
0.173058342783,8.40057999981
0.316939005832,5.4221933965
0.143627730897,9.75249336161
0.289458169356,5.76009923964
0.253698544102,6.31111970938
0.294839122037,5.68889928107
0.475958090865,4.24394769688
0.504390477454,4.11326038533
0.147742496485,9.53092944717
0.119936641727,11.3252061544
0.130434897781,10.5575468355
0.123683821629,11.0361978045
0.164594079712,8.73961806533
0.402907633119,4.66712634731
0.216643634822,7.07650697312
0.518663472411,4.05323012116
0.305163777903,5.55941672398
0.412207351681,4.60469151119
0.422547373613,4.53857759745
0.17576440514,8.29911522521
0.404678565443,4.65501034823
0.352800926956,5.06158877354
0.441166361059,4.42753945614
0.271087706646,6.02478122067
0.451227346985,4.37145362617
0.300404761422,5.61797763782
0.458418770049,4.33291539977
0.462747878434,4.31031031594
0.117310910621,11.538756588
0.381401600885,4.82346055215
0.259640086005,6.20891772439
0.120390469929,11.2892432987
0.185980015505,7.94284795257
0.463018998228,4.30890910359
0.345117589289,5.13242674309
0.185786601623,7.94922704584
0.219467632389,7.00898668195
0.37286212988,4.89065517665
0.193425564697,7.70704461609
0.471388404646,4.26647035507
0.249818686314,6.38051246392
0.288433503598,5.77396291353
0.157093828916,9.07074519272
0.41011803483,4.61846575649
0.404029574254,4.65943785457
0.245238405929,6.46529045854
0.297173089345,5.65882984852
0.210603812128,7.22704744123
0.139383646586,9.99478470199
0.148363079202,9.49858465674
0.167689306376,8.61164614973
0.424893212428,4.52403752012
0.285945031612,5.80805132747
0.222907180353,6.92908002247
0.456048612701,4.34547870756
0.253484825577,6.31488624292
0.448314433971,4.38742572323
0.356596995753,5.02773844079
0.160553680698,8.91413307422
0.396648839508,4.71083432086
0.384929181871,4.79659204114
0.29672446701,5.66457236476
0.251362228891,6.35264612856
0.255151765603,6.28567764263
0.263566103611,6.14394288643
0.228993320291,6.79362291988
0.336810502863,5.21272183366
0.253134372225,6.32107648647
0.43029603466,4.49116820779
0.510412701441,4.08750818609
0.418013340758,4.56715522639
0.355878444658,5.03408940816
0.411506303165,4.60929733626
0.333683445564,5.24400247745
0.511441984304,4.08316952059
0.530424045299,4.00627748015
0.402863614368,4.66742889525
0.438256228228,4.4442559421
0.2821650957,5.86099735333
0.302472194041,5.59230750853
0.222041531059,6.94895533352
0.373624722624,4.88452693724
0.291381883476,5.73433857574
0.162067863001,8.84770693127
0.219298594782,7.01297892157
0.496456473518,4.14817410597
0.29230640029,5.72208062445
0.290817348726,5.74186248599
0.178009564465,8.21728759403
0.411151578758,4.61163397686
0.463884021104,4.30444973211
0.526339464396,4.02233835386
0.223922261184,6.90597129463
0.221090490858,6.97097227982
0.122301829088,11.1407188621
0.458878891969,4.3304919492
0.120054192081,11.3158649022
0.165180399452,8.71500650779
0.406557087943,4.6422764115
0.112419217821,11.9632800927
0.172659170612,8.41581788721
0.213624969363,7.15067306003
0.113625584913,11.8551808881
0.470386895718,4.27146676666
0.284097986685,5.83374466966
0.329407021591,5.28775930327
0.154988409778,9.16948755095
0.326143812961,5.32193437983
0.426545674903,4.51389366065
0.120791681589,11.2576756902
0.333579210754,5.2450554436
0.502222593171,4.12268701621
0.466997997969,4.28853738652
0.286609013672,5.79889703606
0.361191723787,4.98773683427
0.415068799066,4.58605742916
0.324196823669,5.34265829797
0.170474026716,8.5005049219
0.136484538639,10.1689901612
0.309445986574,5.50828608195
0.25299234747,6.32359008396
0.270613034216,6.03210300328
0.119961933203,11.3231947925
0.487464260359,4.18916458971
0.369426559071,4.91858408122
0.424522194347,4.52632620416
0.389366757459,4.76349916515
0.38992118683,4.75941868146
0.39984500022,4.68833906206
0.132721647749,10.4064938756
0.381848060287,4.82003195644
0.519533376384,4.04968172729
0.419469150164,4.55791031538
0.217960094569,7.04481149452
0.401246116487,4.6785933628
0.213993535424,7.14150459372
0.212907086116,7.16862306079
0.135716148694,10.2164148037
0.244626784266,6.47685407218
0.166880605288,8.64462121269
0.156060195334,9.11888717261
0.331841100811,5.26271282381
0.449147964816,4.38283354131
0.21847622417,7.0324901492
0.511522457714,4.08283106778
0.291849806885,5.72812464338
0.489866534517,4.17806184986
0.129594107598,10.6144310097
0.12851768193,10.6883474799
0.296651347385,5.66550999095
0.439425788615,4.43751036925
0.344562452012,5.13766966648
0.431282308886,4.48525921116
0.155431705593,9.14847394801
0.512124528261,4.08030238745
0.513509156394,4.07451026057
0.412567370389,4.60233245565
0.491627341004,4.16999495177
0.525582990925,4.02534125188
0.45365200818,4.35831958649
0.155843191939,9.12907571723
0.266302117106,6.0998087181
0.364369317627,4.96067469562
0.343243679783,5.15019392285
0.285312914734,5.81680643663
0.284665776301,5.82581044004
0.214853582504,7.12023340523
0.175150522358,8.32185639451
0.368952959784,4.92247578566
0.447466193902,4.39211700555
0.44814117024,4.38838249267
0.296275645164,5.67033509472
0.327296786005,5.3097802665
0.351830607243,5.07036084942
0.345521279132,5.12862492517
0.254294782205,6.30064557545
0.159001525177,8.98354504167
0.477235542416,4.23773102066
0.25543617325,6.28073267574
0.113325885525,11.8818206784
0.299571728124,5.62842260071
0.228128385055,6.81242877618
0.23225304608,6.72401899874
0.153882180731,9.2224568453
0.210205644128,7.23727817388
0.341013104981,5.17160211075
0.463683031154,4.30548434874
0.251351856238,6.3528322362
0.170800228084,8.48772433129
0.172757493488,8.41205796249
0.262460559462,6.16204045328
0.513849245263,4.07309255314
0.423222212325,4.53437783897
0.463504798777,4.30640259143
0.315458111684,5.43887894459
0.159833084306,8.94618943668
0.482192284171,4.2139307301
0.144234148277,9.71904248932
0.472337542212,4.26175536933
0.203747037665,7.40886006435
0.518151626358,4.05532373767
0.20111763315,7.48189582783
0.126373586879,10.8393442252
0.140765807862,9.91426740659
0.166169149846,8.67389790896
0.472187058505,4.26250161703
0.528447306695,4.01401803914
0.180754464155,8.12002496022
0.25222914626,6.33714647874
0.475096751314,4.24815883417
0.344829477709,5.13514562944
0.452115061076,4.36662819061
0.384236701532,4.80182666952
0.158079882094,9.02540894083
0.144643692348,9.69661078458
0.388698923621,4.76843009091
0.348656077789,5.09940770014
0.152225754767,9.30321741943
0.393119962683,4.73610625762
0.309687602556,5.50544392828
0.183258439967,8.03385636535
0.26668001163,6.09378501449
0.219068922527,7.0184131579
0.246663611402,6.43856972765
0.402262228488,4.67156910856
0.315220686719,5.4415688837
0.380775878435,4.82827963281
0.331878892442,5.26232689835
0.443478797879,4.41441700258
0.52490851155,4.02802622696
0.223014949538,6.92661654014
0.409426548616,4.6230562523
0.468133176526,4.28279088082
0.43216269981,4.48000797632
0.178654376922,8.19416907925
0.155888576198,9.12694251977
0.403924263358,4.66015767399
0.283220843546,5.84606516678
0.498448994798,4.1392979756
0.394217876423,4.72819396658
0.500578442219,4.1298925707
0.525779355178,4.02456090392
0.468929055853,4.27877906873
0.364224113637,4.9619008267
0.198083808351,7.56859292531
0.499335088396,4.13537418215
0.195556151409,7.6428951259
0.51974417099,4.04882373342
0.416368514196,4.57768023744
0.489949089596,4.17768229732
0.281469597799,5.87089630972
0.261127470216,6.18406915906
0.163418252096,8.78951009589
0.441057322631,4.42816171123
0.200304294919,7.5048788546
0.41826135099,4.56557560846
0.442701718093,4.41881100199
0.445283373652,4.40427383096
0.354042882698,5.05043252574
0.396560165322,4.71146372066
0.519621464744,4.04932309501
0.152910374555,9.26962501141
0.300668722799,5.61468022311
0.340782480873,5.17383183479
0.264986269375,6.12091928366
0.360864604439,4.99055037304
0.35720707854,5.02236663326
0.15845014344,9.00853169775
0.273458667914,5.98859474258
0.454330563916,4.35466977458
0.303674790245,5.57753878543
0.126970136469,10.7968187564
0.500248764198,4.13134328899
0.207327349547,7.31241298989
0.12795645122,10.7273812673
0.449400716003,4.38144451742
0.137878662051,10.0843002474
0.517363705016,4.0585549731
0.444760607293,4.40720349439
0.437556105295,4.44831170924
0.438832070242,4.44093009088
0.163014730074,8.80679887733
0.492787259401,4.16471345809
0.215264724054,7.11012537249
0.503749273952,4.11603980211
0.27969209281,5.89642210252
0.401706856857,4.6754038137
0.518257813628,4.05488904534
0.328071069127,5.30166690585
0.498195368426,4.14042373684
0.248582376144,6.40308456543
0.404402824943,4.65688970923
0.255366938089,6.28193543447
0.357456497648,5.02017587208
0.323718262392,5.3477909669
0.339892592148,5.18246436116
0.278142664342,5.91894234593
0.185958043587,7.94357194834
0.122179906927,11.1500537823
0.299061088151,5.63485444459
0.299804340948,5.6255000628
0.218688280279,7.02744482766
0.175043677473,8.32583083769
0.134685972467,10.280849066
0.356329133016,5.03010291161
0.120966816861,11.2439617814
0.208900013162,7.27110160577
0.454389730811,4.35435205962
0.443466823652,4.41448459081
0.22102521138,6.97249053672
0.221873074822,6.95284128043
0.18503393531,7.97417893379
0.441756912346,4.42417481205
0.327890989863,5.30355039558
0.254188683897,6.3025057729
0.11839056193,11.4497985602
0.253725912637,6.31063783519
0.506451872147,4.10437417332
0.514190004401,4.07167399772
0.379799533494,4.83583149621
0.182850948691,8.04771743276
0.504779014905,4.11157974848
0.246190629192,6.44740285312
0.315054422182,5.44345505393
0.164824963951,8.72990537748
0.344376876661,5.13942615009
0.420660172666,4.55039570063
0.451987095448,4.36732258333
0.125249927157,10.9205489296
0.268397033286,6.06663166262
0.403118660247,4.6656768637
0.432612751807,4.47733204444
0.311156603597,5.48826042053
0.356084250017,5.03226771083
0.511603157205,4.08249177474
0.36047086474,4.99394382013
0.250759131992,6.3634928445
0.162161270908,8.84365002378
0.227084707748,6.83531347724
0.239879697165,6.56863130858
0.131183469142,10.5075175288
0.282420965115,5.85736802216
0.238263339361,6.60072437813
0.449219647535,4.38243943719
0.342129476298,5.16085207054
0.378666390092,4.84464607114
0.418788027378,4.56222748335
0.196426757553,7.61708557959
0.134663417799,10.2822708589
0.499049963957,4.13663519724
0.181182149986,8.10513738635
0.243655518263,6.49533787111
0.502032354656,4.12351824848
0.347658715241,5.1086451666
0.417597877015,4.56980569465
0.125101800829,10.9313629166
0.327230273755,5.31047904
0.440235437493,4.43286219703
0.17343210994,8.386375878
0.410867804133,4.6135062342
0.457363228655,4.3384938741
0.41115531031,4.61160937488
0.395154563018,4.72147914843
0.441361266516,4.4264279665
0.49832988764,4.13982650434
0.465989906462,4.293664732
0.309286182311,5.51016835437
0.422937367377,4.53614885219
0.120537275635,11.2776680715
0.123031915655,11.0852084022
0.510754050486,4.08606731618
0.341565921982,5.16626984173
0.456911155485,4.34089116828
0.233729112531,6.69314579804
0.276419562924,5.94428731041
0.421463017409,4.54535482588
0.371637073782,4.90055357701
0.461785713037,4.31529669388
0.174878411656,8.33198806063
0.145580691194,9.64576583908
0.231886976681,6.73173708066
0.418141910835,4.56633610257
0.446942329412,4.39502344052
0.432511105862,4.47793591387
0.516648347721,4.06149746164
0.269016594785,6.05691994293
0.452665541425,4.36364566937
0.348667000489,5.09930683341
0.127869874955,10.7334332858
0.266080781203,6.10334489428
0.335951043964,5.22126011474
0.495012515269,4.15465267411
0.518304113262,4.05469956909
0.465695728606,4.29516528663
0.403618360141,4.66225076074
0.262263051404,6.16528988453
0.281226319918,5.87437057647
0.346448425032,5.1199275452
0.437690860258,4.44753004648
0.45620504118,4.34464539832
0.3855368643,4.79201425903
0.174742607656,8.33705640946
0.262537336954,6.1607786344
0.372620058769,4.89260583117
0.275761984412,5.95404418746
0.14929744427,9.45039497971
0.267410045691,6.08219695604
0.120217469783,11.3029202837
0.31304139881,5.46645315726
0.473657644726,4.25522993698
0.336226311514,5.21852063602
0.289890087034,5.75428519433
0.317448018098,5.41649478715
0.424290464906,4.52775774779
0.200217133474,7.50735299413
0.248634342416,6.40213121475
0.422746739065,4.53733544451
0.498248105452,4.1401895576
0.406437782743,4.64308155978
0.527948719555,4.01597990394
0.437478264792,4.44876345808
0.305786536967,5.55189044331
0.294291041602,5.69603059001
0.319550134131,5.39315617134
0.449568475923,4.38052345991
0.480945769921,4.21986837265
0.228820984766,6.79735847572
0.425992499504,4.51728040861
0.162301554449,8.83756602476
0.179736537194,8.15574539725
0.263908486327,6.13836926274
0.401435356927,4.67728240827
0.509098081351,4.09307600534
0.32231005865,5.36298416575
0.264780974427,6.12423205051
0.181071652373,8.10897698374
0.29151965343,5.73250691561
0.359868652542,4.99914864319
0.471903183335,4.26391068755
0.368633106251,4.92510989222
0.458199647919,4.33407127158
0.356330689302,5.03008916353
0.371767612129,4.89949566144
0.495985795582,4.15028160348
0.335021016219,5.23054970688
0.472569439921,4.26060634916
0.514386093063,4.07085857644
0.485568840048,4.19800480851
0.324571425499,5.33865135654
0.126762360694,10.8115846247
0.391590791579,4.74720212452
0.283633766157,5.84025556467
0.528209315243,4.01495402073
0.165870848246,8.68624828456
0.356177344456,5.03144438557
0.494123142787,4.15866246101
0.284163607253,5.83282605227
0.468512967805,4.28087470418
0.284377538798,5.82983422517
0.418283515445,4.56543453291
0.418445449874,4.56440429411
0.251984525115,6.34150914745
0.226971289519,6.83781319592
0.454845402214,4.35190804059
0.46306088979,4.30869274861
0.390604235523,4.75440787691
0.18445234426,7.99359984312
0.276699842219,5.94014292302
0.411698561865,4.60803261417
0.292077835763,5.72510378305
0.381700695596,4.82116274073
0.484062212613,4.20508267043
0.11573948414,11.6712089755
0.282831042897,5.85156523389
0.457056466019,4.34012007026
0.479036958192,4.22902258206
0.136260412936,10.1827676237
0.342545831598,5.15686107112
0.440450510534,4.43163042026
0.279326717271,5.90170985942
0.425554142795,4.51997061072
0.336846519837,5.21236499203
0.285706620547,5.81134881676
0.435081589859,4.4627538776
0.370140784202,4.91273431338
0.285846362457,5.80941535481
0.430477063421,4.49008153973
0.47856511248,4.23129705272
0.137909959807,10.0824187053
0.327002913707,5.31286985416
0.327441184943,5.30826421447
0.208519097426,7.28105000759
0.351731969895,5.07125533319
0.527220429414,4.0188525248
0.528271931651,4.0147076759
0.142244945255,9.82984103178
0.527546811432,4.01756414841
0.310654669926,5.49411317632
0.40484696296,4.65386389307
0.150897373186,9.36927104292
0.51023887487,4.08824269248
0.389637830884,4.76150263767
0.182553542762,8.05787319539
0.321109172238,5.37604766753
0.319033186538,5.39886656056
0.514989602293,4.06835295655
0.257125762999,6.25158407417
0.195668412414,7.63955410065
0.266416990195,6.09797579122
0.489319097158,4.18058207532
0.480723271099,4.22093156384
0.12304453024,11.0842550886
0.155495479349,9.14546077919
0.459671706078,4.32632793278
0.343102456335,5.15154092301
0.341621996972,5.16572994497
0.426212075442,4.51593500224
0.157083896961,9.07120474884
0.196113945851,7.62633246722
0.530875527893,4.00451793338
0.205941702988,7.349338841
0.517886696468,4.0564090694
0.485489473309,4.198376528
0.495503919291,4.15244352711
0.521632220427,4.04117084687
0.345239466901,5.13127798526
0.31914369952,5.39764421381
0.116957451208,11.5682378314
0.127690384791,10.7460065815
0.288695605847,5.77040718427
0.125568802186,10.8973562678
0.256167048255,6.26807597073
0.178019265384,8.21693853762
0.135704241481,10.2171539527
0.522212987247,4.03882832986
0.291691901654,5.73021933358
0.289539499155,5.7590031145
0.347851219141,5.10685801145
0.449249414835,4.38227581769
0.319379075951,5.39504366107
0.383779950509,4.80528993307
0.32976479609,5.28405424405
0.215315188899,7.10888736256
0.349905599212,5.08791050098
0.31381735748,5.45755258217
0.435033442791,4.46303655516
0.428285777085,4.50329864172
0.472614932156,4.26038107795
0.371552575868,4.90123877408
0.263179474715,6.15025443673
0.463561109203,4.30611240487
0.338246560936,5.19855390987
0.349431287278,5.09226491051
0.201451087164,7.47252724968
0.149741205186,9.42771968733
0.313420882348,5.46209472479
0.472553131664,4.26068711626
0.504454821454,4.11298187745
0.367539176066,4.93415417384
0.355328954459,5.03896379435
0.190978989419,7.78248639517
0.318614278855,5.40350778406
0.248273267801,6.40876367097
0.283858269002,5.83710411887
0.193416151888,7.70733118315
0.227511829632,6.82592235946
0.23278122709,6.71292620977
0.480282244616,4.22304197345
0.182373145856,8.06404959901
0.441247823176,4.42707477843
0.511409388069,4.08330664427
0.154161567769,9.2090069285
0.252015802807,6.34095085136
0.14333725464,9.7686171418
0.269519663909,6.04906751683
0.169624983772,8.53400228023
0.351377909293,5.07447031649
0.165973917909,8.68197591536
0.255536129072,6.27899739818
0.117123148817,11.5543951517
0.523259129427,4.03462231095
0.293563482108,5.70553891458
0.144695499803,9.69378225282
0.161233640475,8.8841485663
0.285760019028,5.81060977176
0.12020114094,11.3042132432
0.333636608866,5.24447553268
0.319308211163,5.39582619945
0.46496507893,4.29890067602
0.320924648011,5.37806377347
0.309347043925,5.50945125612
0.201566476236,7.4692926031
0.49855730525,4.13881758292
0.227462070615,6.82701457747
0.524468479661,4.0297817666
0.228058582826,6.81395273111
0.233042676704,6.7074540669
0.247832109857,6.41689366997
0.373544543837,4.88517005637
0.124603448871,10.9679345635
0.278677667544,5.91113763223
0.314057981846,5.45480159712
0.17352972116,8.38267653413
0.223842918352,6.90776994636
0.339011507635,5.19105695508
0.172019747237,8.44037529562
0.15975048652,8.94988244057
0.151943799361,9.3171406164
0.416487213829,4.57691784148
0.141115303805,9.89415849247
0.366205831517,4.94525245643
0.351804088433,5.07060128256
0.332894355893,5.25199044848
0.446708778524,4.39632145541
0.377588654089,4.85307980352
0.162820335059,8.8151584215
0.471494475071,4.26594246304
0.292102666595,5.72477512027
0.24981722781,6.38053895968
0.444603891649,4.40808313292
0.254200599869,6.30229677458
0.15765107531,9.0450543669
0.516066448397,4.06389722316
0.443023570543,4.41698916447
0.173138377187,8.39753329444
0.48732824641,4.18979659365
0.123591083115,11.0431382847
0.39697877513,4.7084950009
0.531346653913,4.00268513498
0.339135288177,5.18984706585
0.396517338291,4.71176780549
0.329837637878,5.28330090748
0.312017902509,5.47826189515
0.278948881729,5.90719270284
0.246024464649,6.45051418935
0.522733877942,4.03673190752
0.360684755655,4.99209946267
0.187432892533,7.89535347462
0.355044555996,5.04149266262
0.308244339301,5.52248841505
0.202308443129,7.44858222115
0.430348365419,4.49085398355
0.448258607761,4.3877339148
0.285124666308,5.81942136981
0.281058768431,5.87676693479
0.339692221764,5.18441444399
0.336023513905,5.2205384465
0.166042264804,8.67914578995
0.489573261751,4.17941125973
0.415919528199,4.58056806571
0.516132520555,4.06362445876
0.523115416045,4.03519907898
0.485065789171,4.20036300496
0.263505124273,6.14493710272
0.434261517771,4.46757741537
0.376746756054,4.85970230719
0.496263871318,4.14903599832
0.510538604796,4.08697650292
0.25321684682,6.31961813469
0.115836587423,11.6629198641
0.199700885595,7.52205167156
0.231461723202,6.74073393236
0.348966877199,5.09654010628
0.169630173417,8.53379650841
0.349796085446,5.08891482081
0.1290329699,10.6528090485
0.147316043793,9.55331485145
0.39015884888,4.75767317093
0.50204277163,4.12347271547
0.305926832875,5.55019920839
0.26383003849,6.13964501637
0.424657473227,4.52549123953
0.385167021336,4.79479859422
0.525394077681,4.02609255994
0.421425958081,4.54558707903
0.35072861425,5.0803833174
0.228927804914,6.79504236639
0.339162681995,5.18957942734
0.210240803224,7.23637320531
0.403153428336,4.66543820097
0.503432135985,4.11741720127
0.356832069043,5.02566639085
0.202092292974,7.45459976075
0.451628784029,4.36926907812
0.285732335926,5.81099287612
0.399580524518,4.69018651833
0.12407108186,11.0073280256
0.409089228378,4.62530135504
0.496580634854,4.14761885171
0.196783190008,7.6065853342
0.298603217454,5.64064061125
0.319174570296,5.39730291636
0.37672755248,4.85985371834
0.282727172995,5.85303342695
0.298012325091,5.64813446013
0.196505569784,7.61476052333
0.435645276503,4.45944917547
0.30361221132,5.57830436863
0.302817313331,5.58805701695
0.472723374838,4.25984426515
0.495968033789,4.15036121421
0.392368797999,4.74154575016
0.210785785711,7.22238469408
0.297235348377,5.65803430208
0.310814193666,5.49225098113
0.215537301212,7.10344542549
0.483922367773,4.20574194253
0.472797148388,4.25947921648
0.185923108856,7.94472343592
0.301641879588,5.60257412494
0.276805329889,5.93858531786
0.319423934886,5.39454847991
0.45668603406,4.34208678426
0.191534898525,7.76517416203
0.414090329299,4.59239963832
0.31429076753,5.45214430308
0.307611948153,5.5300079463
0.314972401206,5.44438627755
0.476497161796,4.24132013438
0.465267736307,4.29735189782
0.287159676214,5.79133763606
0.178518358254,8.19903178281
0.281962914634,5.86386987449
0.437936282979,4.44610771138
0.506983810871,4.10209323083
0.391876503227,4.74512223281
0.507163883643,4.10132220329
0.263994547759,6.13697057619
0.329463870353,5.28717003884
0.156648251292,9.09141989487
0.460604036123,4.32145003016
0.383613019899,4.80655776958
0.422585096111,4.53834247397
0.120830230579,11.2546537018
0.184513718929,7.99154455941
0.180369379007,8.13349040874
0.397702499835,4.70337753963
0.241427587209,6.53830463063
0.137256966842,10.1218534979
0.293805921056,5.70236522245
0.270324590336,6.03656494572
0.250625200648,6.36590876664
0.301923858068,5.59908110785
0.360235269647,4.99597791643
0.13950797603,9.98747637119
0.458684830156,4.33151345761
0.340288336791,5.17861969109
0.369317659932,4.9194780352
0.428062408331,4.50465372866
0.37592891628,4.86616458523
0.48546747953,4.19847955955
0.16958854493,8.53544745385
0.124730167403,10.958607504
0.371043534765,4.90537335267
0.460265619124,4.32321825838
0.195586265816,7.64199850501
0.288451730868,5.77371542688
0.181452395437,8.09576666278
0.395005174435,4.72254788498
0.267182356662,6.08580425547
0.39936474849,4.69169564583
0.280950503107,5.87831691004
0.280240560847,5.88851084
0.433562265559,4.47170511196
0.392468102222,4.7408254254
0.275394692408,5.95951446094
0.222189130988,6.94555538693
0.159182170257,8.97539668533
0.499148350617,4.136199896
0.406042664053,4.64575153576
0.453970235189,4.35660651094
0.370480623614,4.90995898887
0.208481373557,7.28203723896
0.312358909005,5.47431874811
0.441831916339,4.42374814111
0.393428921406,4.73387512844
0.199918659387,7.51584186027
0.312809956967,5.46911658116
0.414725092463,4.5882817583
0.323262344601,5.35269515624
0.351638023117,5.07210775663
0.336927602112,5.21156194587
0.169670144542,8.53221205903
0.202459049246,7.44439705703
0.211259339973,7.21028867758
0.143315470752,9.76982896931
0.232540126495,6.71798346057
0.459137186017,4.32913371204
0.13798891934,10.0776756651
0.221380653437,6.9642346701
0.307867261454,5.52696833275
0.394151465221,4.72867128793
0.517620210613,4.05750193557
0.290695621412,5.7434887074
0.409209209537,4.62450236169
0.113865966791,11.8339153592
0.3198231544,5.39014786449
0.347148772573,5.11338910166
0.318822154879,5.4012031037
0.452042882537,4.36701981053
0.184318579996,7.99808404641
0.326409342649,5.31912754579
0.399704752008,4.68931843367
0.490326902124,4.17594696239
0.472625811685,4.26032721067
0.294066052763,5.69896582436
0.355613434832,5.03643832431
0.184934887857,7.9774777111
0.131815617444,10.4657132371
0.490091638795,4.17702722853
0.43741501148,4.44913067153
0.171552162134,8.45844971637
0.514276883398,4.07131263797
0.409402860298,4.6232137909
0.126197640964,10.8519636902
0.391505366582,4.74782459496
0.254380621694,6.29914171982
0.34301829653,5.15234418303
0.185064675922,7.97315583986
0.408526229745,4.62905696757
0.415505262297,4.58323825408
0.442801852275,4.41824390332
0.25341986455,6.31603237667
0.214599688428,7.12649497392
0.394604940253,4.7254152701
0.506850402347,4.10266481879
0.310303286731,5.4982218979
0.189332771549,7.83435370866
0.329938192017,5.2822615233
0.4081907429,4.63129995748
0.409717189771,4.62112486953
0.446882702148,4.39535470068
0.324048016424,5.34425263474
0.484583632402,4.20262799621
0.397979705927,4.70142245978
0.24620793415,6.44707907173
0.364690760455,4.9579639137
0.327363558585,5.30907904856
0.260176946825,6.19991565363
0.137820834986,10.0877789215
0.501635998756,4.12525218757
0.51859876984,4.05349453948
0.142977730568,9.78866474041
0.374465393753,4.87780079756
0.381262310001,4.82453191962
0.436236980049,4.45598965648
0.286870207775,5.79530773996
0.5120768694,4.08050232922
0.418689545349,4.56285288509
0.196350230238,7.61934502728
0.258853336722,6.2221781766
0.250498823191,6.36819082328
0.320800541196,5.37942108712
0.421870260148,4.5428053671
0.155620686455,9.13955223925
0.517398281262,4.05841296353
0.517368169086,4.05853663742
0.496856678576,4.14638540074
0.275920120151,5.95169353213
0.290116600121,5.75124311925
0.492664228084,4.16527244311
0.482522963508,4.212360884
0.320666755834,5.38088544821
0.285697513157,5.81147489271
0.150016101513,9.41374063195
0.376112962405,4.86470781476
0.238505080954,6.5958966075
0.118612576229,11.4317069961
0.285046712777,5.82050523693
0.400670188828,4.68259087705
0.513856251563,4.07306336682
0.348242424275,5.1032323706
0.444079954719,4.4110286033
0.327560440284,5.30701317166
0.279399089501,5.90066136708
0.24289174778,6.50997783686
0.382831606398,4.81250762812
0.260030610234,6.20236569359
0.19084327384,7.78672830131
0.510799433822,4.08587589841
0.179720655468,8.15630593463
0.149983049128,9.41541869256
0.341707079055,5.16491110908
0.362048436271,4.98039287103
0.184792048069,7.98224126126
0.334615348017,5.23461819463
0.512065476347,4.08055013185
0.43275324588,4.47649786134
0.267116552039,6.08684796426
0.489995409167,4.17746939779
0.382791145719,4.81281638105
0.142277402907,9.82800817352
0.43748123374,4.44874622471
0.334161163807,5.23918518614
0.393487442641,4.73345292425
0.398498834646,4.69776863663
0.212396000444,7.18147685091
0.449265280612,4.38218861867
0.405154274588,4.6517742227
0.295103032332,5.68547501772
0.163829658457,8.77197165511
0.117564523959,11.517712825
0.420390465711,4.55209355948
0.249859699749,6.37976752588
0.323018571387,5.35532313806
0.224706998542,6.88825083247
0.231040084684,6.74968732187
0.181145105037,8.10642410779
0.34064691732,5.17514392772
0.211723226437,7.19849250597
0.11700774806,11.5640317847
0.456011523013,4.3456763741
0.449439200058,4.38123316471
0.316647588312,5.42546432299
0.477895525987,4.23453265725
0.481030745643,4.2194625913
0.402646247309,4.66892388719
0.209856332778,7.24628579236
0.215204797581,7.1115962569
0.117649990533,11.5106416684
0.381071064944,4.82600420107
0.508790815228,4.09438166231
0.191159606628,7.7768504575
0.133396551944,10.3629059174
0.475988161555,4.24380096344
0.481195749507,4.2186750768
0.394368089949,4.72711493443
0.116561783195,11.6014523112
0.239970767317,6.56683609282
0.251477217346,6.3505840291
0.465457602939,4.29638135871
0.329984535847,5.28178270438
0.459080464481,4.32943184696
0.49103379074,4.17270754878
0.492666854897,4.16526050534
0.323062948589,5.35484443213
0.121133616952,11.2309375387
0.166512035732,8.65975660465
0.285405257748,5.81552499097
0.3030235795,5.58552133445
0.502887492091,4.11978689842
0.248802336061,6.39905203089
0.36968476419,4.91646662222
0.36708352187,4.93793761931
0.426322201044,4.51526076582
0.476824923362,4.23972553936
0.390810579078,4.75289767668
0.233223210416,6.70368272595
0.184584256231,7.98918414123
0.286354491879,5.80240102924
0.493283458949,4.16246192917
0.293596504219,5.70510631968
0.184532993173,7.99089939726
0.362643395736,4.97531355404
0.291790212911,5.72891491644
0.322644474136,5.35936392432
0.2743198064,5.97560856967
0.333721809594,5.2436150977
0.523402837301,4.03404589302
0.15722104843,9.06486384773
0.436499497165,4.45445788033
0.272867457377,5.99755840628
0.238488874088,6.59621996219
0.479336500045,4.22758107595
0.294513948605,5.69312700262
0.221829414256,6.95384941376
0.346278128375,5.12152150803
0.474873898671,4.24925093778
0.422948158056,4.53608171693
0.252111485115,6.33924382474
0.407162615865,4.63819737164
0.210444042632,7.23114795154
0.312707089974,5.47030165656
0.288424220749,5.7740889666
0.264803763382,6.12386405723
0.367418026196,4.93515918582
0.447242670144,4.3933562739
0.335882522689,5.22194275308
0.273152760436,5.99322786502
0.185743376641,7.95065450193
0.175512296817,8.30843516291
0.349346525823,5.09304433036
0.476441059734,4.24159330364
0.270888258109,6.02785453227
0.3907304359,4.75348403983
0.259419752705,6.21262318005
0.398540573686,4.69747528478
0.149669991841,9.43134944781
0.177769357098,8.22594290996
0.115734707637,11.6716170761
0.247583337191,6.42149116038
0.158864857651,8.98972207818
0.11613350863,11.6376597637
0.297841193692,5.65031042811
0.235899852612,6.64845169994
0.239674485357,6.57268158844
0.118254458775,11.4609230591
0.278458322963,5.91433379107
0.170710335703,8.49124141725
0.171310359141,8.46783549831
0.249623004598,6.38407009116
0.334146179021,5.23933607911
0.147658001113,9.53535447105
0.413326286569,4.59737338604
0.233334886173,6.70135277488
0.468705312899,4.27990547796
0.409298223922,4.62390989625
0.300640629328,5.61503088824
0.19283459422,7.72509099006
0.435858208199,4.45820311433
0.394681980851,4.72486286807
0.283167786502,5.84681289649
0.241034769453,6.54596355641
0.438332634354,4.44381413189
0.512250053962,4.07977595751
0.206618182125,7.33124909686
0.208598242775,7.27897994851
0.437954650108,4.44600133147
0.429559045301,4.49560186761
0.225502733532,6.87040912859
0.178525928872,8.19876093524
0.334486742487,5.23591008983
0.338638295049,5.19471036251
0.116228860118,11.6295753427
0.118983866877,11.4016024742
0.206204497194,7.34229724415
0.150301067673,9.39930372818
0.420623153683,4.55062861024
0.381320640096,4.82408317146
0.466113188255,4.29303647122
0.451807448726,4.36829810112
0.348957697803,5.09662472547
0.471961416899,4.26362149131
0.18796967907,7.87799293716
0.458483158304,4.33257596715
0.22611345502,6.85680170166
0.356227025998,5.03100518266
0.29607038285,5.67297650602
0.207608511176,7.30498100067
0.433022333772,4.47490170465
0.258132879517,6.23439303336
0.418988528292,4.56095515114
0.34637505452,5.12061409139
0.323691592458,5.34807746155
0.340438693724,5.17716135573
0.16868324419,8.57155349535
0.285946968661,5.80802455877
0.376045411828,4.86524232501
0.426578244365,4.51369453914
0.114410257088,11.7860955334
0.464581153004,4.30086831742
0.134758637437,10.2762716866
0.287759314744,5.78313926801
0.209742825612,7.24921928978
0.504081214515,4.11460003097
0.354829792887,5.04340507358
0.266999948614,6.08869865785
0.121890216431,11.1723089514
0.336701163699,5.21380559809
0.504218149799,4.1140066538
0.431114928549,4.48626006977
0.288939967103,5.76709802547
0.364387034375,4.96052516018
0.248310795714,6.40807342548
0.207033074729,7.3202133969
0.251909253035,6.34285330294
0.351690942613,5.07162753597
0.467814308029,4.28440215661
0.425561670391,4.51992436575
0.33068458839,5.27456645729
0.158314254704,9.01471655879
0.182561108896,8.05761441558
0.47546837426,4.24634001952
0.470137305532,4.27271535777
0.224029395314,6.90354467193
0.200650403043,7.49507570492
0.495545687967,4.15225596128
0.17194156064,8.44339070061
0.391846333797,4.74534171032
0.115697529337,11.6747947163
0.335304616287,5.22771140481
0.149228062399,9.45395250018
0.210542181601,7.2286284554
0.127977843996,10.7258870947
0.386140681015,4.78748018965
0.267628708755,6.07873850544
0.222679790397,6.93428579602
0.437298554673,4.44980704021
0.372993814112,4.88959512633
0.31685732251,5.42310960903
0.245396327806,6.46231417504
0.52864078814,4.01325775164
0.170761427948,8.48924194987
0.315006202048,5.44400246062
0.241197559656,6.54278651169
0.267453098297,6.08151556848
0.414468055117,4.5899476711
0.138970590416,10.0191592251
0.274356721407,5.97505372839
0.528559587846,4.01357675887
0.206279168931,7.34029970695
0.452596594485,4.36401881738
0.279083608528,5.90523593085
0.178528895897,8.19865479282
0.272911105846,5.99689528327
0.428413871066,4.50252220226
0.452267398785,4.36580207226
0.529718467021,4.00903352966
0.424816404766,4.5245109837
0.323287070045,5.35242883029
0.282955821901,5.84980293698
0.140328123247,9.93959226419
0.19417338828,7.68436701645
0.456045187123,4.34549696252
0.505058996645,4.1103703316
0.44174327815,4.42425238811
0.171880306241,8.44575501298
0.45055019946,4.3751476151
0.139793840956,9.97072216853
0.315247064867,5.44126982547
0.326008235335,5.32336932364
0.368159176801,4.92902145996
0.273272429943,5.99141415908
0.405014899947,4.65272154566
0.337964859682,5.20132346462
0.448584553387,4.38593562879
0.462233850422,4.31297158315
0.465773552914,4.29476812724
0.290323221155,5.74847239366
0.342527909334,5.15703266253
0.117256101502,11.5433164143
0.46352546217,4.30629609759
0.113884106523,11.8323142696
0.42847828135,4.50213196048
0.493518472356,4.16139717628
0.327809963862,5.30439855161
0.525544480505,4.02549436244
0.156855356917,9.08179555826
0.527754493119,4.01674519503
0.185385265644,7.96250648485
0.152935422684,9.2684016986
0.445487869533,4.40312972777
0.383622573363,4.80648518067
0.236597684157,6.63425975027
0.176073220483,8.28773553161
0.472682011563,4.26004899162
0.417209158854,4.57229044005
0.480154920635,4.22365199083
0.513160828377,4.07596432954
0.330516095922,5.27630046055
0.277969737705,5.92147153805
0.250979113414,6.35953036506
0.41058197486,4.61539472864
0.44223065322,4.42148236659
0.229648688623,6.77946880442
0.342535972603,5.15695546089
0.404905345587,4.65346665046
0.187027082198,7.90854462665
0.246902266234,6.43412574191
0.330108441809,5.28050319462
0.461756668495,4.31544754859
0.187613180425,7.88951152039
0.433647740937,4.47119981607
0.511106843625,4.08458023151
0.477390365341,4.23697991062
0.124188973897,10.9985751816
0.527261957977,4.01868850116
0.300993881106,5.61062640434
0.256492508275,6.2624633955
0.236689944709,6.6323897542
0.526327347233,4.02238638369
0.401446014461,4.67720861634
0.415644184649,4.58234220932
0.287107857205,5.79204774519
0.216868693182,7.07106089296
0.11407148914,11.8158049669
0.441748683264,4.42422163342
0.359420589485,5.00303272483
0.406650995725,4.64164300173
0.489378452675,4.18030854028
0.294944569619,5.68753034195
0.382263561923,4.81684845584
0.196547397518,7.61352731749
0.295251497658,5.68355139467
0.190808320706,7.78782177531
0.439322534457,4.43810441428
0.293772674226,5.70280013184
0.392130961464,4.74327246669
0.339903881502,5.18235455844
0.234625605527,6.67458635437
0.487339282571,4.18974529933
0.453473977198,4.35927903966
0.397817460313,4.70256640759
0.340758462046,5.17406423078
0.114939373955,11.7400441378
0.280551338001,5.88404201355
0.363900037739,4.96464098903
0.293665711031,5.70420001963
0.443781449995,4.41270993516
0.41865169542,4.56309332811
0.308510192088,5.51933660545
0.337914906597,5.20181507077
0.442117958031,4.42212231768
0.273801184999,5.98341959313
0.128888153687,10.66276794
0.136599695277,10.1619288984
0.478732695843,4.23048870952
0.490336202896,4.17590427773
0.331815542298,5.26297387625
0.12475803519,10.9565588582
0.452487093546,4.36461168828
0.339923846749,5.18216039026
0.484494301196,4.2030481514
0.391655306986,4.74673220111
0.454516277438,4.353672814
0.256840781092,6.25647334959
0.369298036993,4.91963917731
0.215873043822,7.09524089186
0.154637390121,9.18621286072
0.143018216305,9.78640213822
0.15683697029,9.08264896393
0.163787593052,8.77376085722
0.287628956944,5.78491859511
0.125835905113,10.8780198974
0.315056646392,5.44342980826
0.139838529313,9.96810925307
0.403695476215,4.66172280186
0.316914581415,5.42246730611
0.294652558467,5.69132371766
0.14016114636,9.94929555785
0.305350725897,5.55715411159
0.437726983348,4.44732059408
0.352592574955,5.06346820852
0.234116994674,6.68509813717
0.408375071445,4.63006711073
0.469135132143,4.2777425797
0.112807575179,11.9282274381
0.135812214037,10.2104562353
0.315779542708,5.43524379733
0.178359608012,8.20471658388
0.359375953979,5.00342019357
0.159797153313,8.94779546457
0.286331251805,5.80272128927
0.177565934985,8.23329118028
0.21395914197,7.1423588192
0.329168617735,5.29023272792
0.472847813929,4.25922857963
0.500335199793,4.1309627459
0.355864287895,5.03421479651
0.198170795948,7.56606985152
0.327105863078,5.31178686684
0.230469960448,6.76184637273
0.526579813283,4.02138613552
0.412419544142,4.60330058986
0.424139954896,4.52868840591
0.508818335195,4.09426465602
0.512924166058,4.07695342427
0.397707940599,4.70333914015
0.140353945958,9.93809373485
0.304125688605,5.57203200438
0.278550256538,5.91299356877
0.319500904745,5.39369916753
0.193219940755,7.71331111064
0.149544854707,9.4377361287
0.136375363367,10.1756957085
0.346765646927,5.11696262772
0.212918068807,7.16834752941
0.255069754314,6.28710563658
0.351742374982,5.07116095148
0.128640165062,10.6798741678
0.447485871487,4.39200796936
0.392726002915,4.73895642755
0.230982021199,6.75092287111
0.277347091769,5.93060470879
0.216519185707,7.07952336154
0.336873488612,5.21209784716
0.293256330415,5.70956738588
0.113811384501,11.8387361101
0.486364444434,4.19428545903
0.125585479864,10.8961465059
0.461579552452,4.31636789623
0.37293668577,4.89005491222
0.400221406821,4.68571403941
0.430536178584,4.48972689016
0.136706625382,10.1553827691
0.341856135895,5.16347757647
0.522391476469,4.03810947891
0.223879374399,6.90694335109
0.298493990708,5.6420235843
0.438923417496,4.44040332676
0.392927595475,4.73749724083
0.210861872714,7.22043750667
0.333195445253,5.24893797095
0.188034690213,7.87589714734
0.369716618722,4.91620560248
0.404106458396,4.65891257992
0.162722654898,8.81936652852
0.373146120205,4.88837002427
0.360782900439,4.99125391792
0.342829273478,5.15414977079
0.310371291619,5.49742597957
0.340800547428,5.17365705245
0.339194517456,5.18926844911
0.405616341627,4.64863834443
0.39116652439,4.75029639238
0.182528099835,8.0587435624
0.246931035272,6.43359062084
0.151718458844,9.32830550239
0.236285648283,6.64059522477
0.135865383861,10.2071619493
0.527103987521,4.01931257331
0.347762835103,5.10767829506
0.295438717209,5.68112844073
0.325004084399,5.3340350972
0.495861807269,4.15083745865
0.164219392354,8.75543860582
0.200642271119,7.49530564221
0.136246872112,10.1836014632
0.277453925157,5.9290346904
0.495171167692,4.15393894412
0.367431612954,4.93504644171
0.116895852338,11.5733939482
0.201795747441,7.46287661467
0.16194272833,8.8531491735
0.389404217109,4.76322309561
0.508582143341,4.09526929597
0.38130551788,4.82419949701
0.369012810376,4.92198341275
0.385862041199,4.78957069754
0.220761734076,6.97862764643
0.164465315364,8.74504674906
0.322238551942,5.36375925895
0.368195599419,4.92872048189
0.156436488436,9.10128713514
0.296224247553,5.67099615457
0.48722767068,4.19026416419
0.485639246275,4.19767516113
0.512170783336,4.08010837177
0.136841129982,10.1471631471
0.228983946186,6.79382596757
0.269066424196,6.05614082698
0.473793060454,4.25456267953
0.134852648391,10.2703570081
0.529345269363,4.01049435048
0.444336146399,4.40958745193
0.341474576168,5.16714971699
0.47975745442,4.22555842546
0.266523313447,6.09628071179
0.409360839524,4.62349329505
0.517929520099,4.05623355702
0.519744844629,4.04882099268
0.421227488994,4.5468316108
0.518804611987,4.05265356663
0.193459973053,7.70599731422
0.306252131557,5.54628386185
0.225855244585,6.86254580027
0.37889599528,4.84285564977
0.27058742815,6.03249871424
0.521156448267,4.04309389752
0.398694879231,4.69639133477
0.341845733325,5.16357758035
0.300902140408,5.61176925476
0.235230367433,6.66214710495
0.481045147327,4.21939383414
0.302245884627,5.59510008687
0.521177533733,4.04300859398
0.34449998596,5.13826069675
0.507331495638,4.10060503832
0.401813778605,4.67466470149
0.503563165085,4.11684789598
0.461984018294,4.31426723632
0.296930175482,5.66193704136
0.490855259669,4.17352478259
0.227998116334,6.81527362532
0.246864498538,6.43482843473
0.220613874199,6.98207818817
0.267670136735,6.07808391081
0.399382902395,4.69156861394
0.50018318616,4.13163209486
0.426539868815,4.51392916089
0.412687906469,4.60154357462
0.382272919579,4.81677684058
0.371026128928,4.90551493274
0.355479379213,5.0376278874
0.469778280501,4.2745138015
0.273319647504,5.99069897432
0.370213547834,4.91213964589
0.436378820727,4.45516178709
0.217072723939,7.06613349422
0.311282764886,5.48679234299
0.206515458407,7.33398834145
0.271328977031,6.02106958986
0.473106223758,4.25795111535
0.309014703805,5.51337052786
0.118290431543,11.4579803003
0.121130535364,11.231177832
0.323052323788,5.35495903185
0.286226221691,5.80416931532
0.316590204191,5.42610913473
0.283387507274,5.84371823095
0.201346855757,7.47545233031
0.203440917165,7.41726517875
0.162427258193,8.83212331561
0.141105977851,9.89469378016
0.254607839765,6.29516594796
0.38635752665,4.78585542881
0.195264453381,7.65159450769
0.355346987813,5.03880358111
0.397463368366,4.70506632938
0.27317742533,5.99285391326
0.521880626312,4.04016824355
0.20013275996,7.50975006467
0.484952726197,4.2008937152
0.190693771313,7.79140816818
0.16069361822,8.90794133837
0.505468876524,4.10860230122
0.231401951495,6.7420011656
0.23088282292,6.753035191
0.376852004969,4.858872749
0.189579620848,7.82651843162
0.454988394928,4.35114212951
0.250649438395,6.36547136027
0.317577586852,5.41504717457
0.270540140399,6.03322968896
0.435768330127,4.45872892186
0.338430200045,5.19675098403
0.210766221744,7.22288559621
0.347876772564,5.1066209318
0.435722436986,4.4589974933
0.443708034419,4.41312380566
0.428284371066,4.50330716693
0.185106634092,7.97175996075
0.154515644468,9.19203160591
0.368363182751,4.92733644108
0.226752885517,6.84263389385
0.302388937178,5.59333437542
0.224079854077,6.90240257581
0.361441961202,4.98558806125
0.250538398394,6.36747594503
0.304380271765,5.56893012032
0.287487115037,5.78685653415
0.14076047304,9.91457513264
0.434420782346,4.46663918218
0.216183637516,7.08767380975
0.444687498062,4.40761377421
0.316664202575,5.4252776768
0.335287744709,5.22788012076
0.297933367913,5.6491381003
0.209073887388,7.26657266928
0.473876755823,4.25415046936
0.31587952927,5.43411455648
0.261358968105,6.18022744244
0.22580461371,6.8636736797
0.412131987298,4.60518587792
0.496350809059,4.14864686751
0.413680770759,4.59506343113
0.445892314658,4.40087013559
0.421147652353,4.54733257843
0.481235668123,4.21848464077
0.492098004728,4.16784876404
0.480639986313,4.22132979407
0.227411666877,6.82812143912
0.120671557574,11.2671050469
0.354131608987,5.04963856822
0.391503111819,4.74784102861
0.318696516837,5.40259566242
0.120055666392,11.3157478612
0.302006483487,5.59805883738
0.194228300418,7.68270874845
0.245968456839,6.45156386114
0.17193587994,8.4436098944
0.46480765074,4.2997070992
0.423440368801,4.53302311198
0.191701794779,7.75999637967
0.354414522604,5.04710965344
0.134265071523,10.307460681
0.112687214758,11.9390651149
0.405266591876,4.65101129294
0.460443712963,4.32228738483
0.448467395063,4.38658169762
0.393819500284,4.73105970987
0.289270474026,5.76263129587
0.481885273011,4.21539020512
0.132526560253,10.4191764053
0.341355809188,5.16829443988
0.384133483606,4.80260857151
0.139257424337,10.0022176981
0.231898657791,6.73149042009
0.461906780325,4.31466809182
0.118436861355,11.4460200854
0.480726322057,4.22091697824
0.303771352075,5.57635808775
0.4395353736,4.43688021521
0.523623406082,4.03316182037
0.356480906904,5.02876273223
0.456840076214,4.34126853805
0.508660255697,4.09493693897
0.436159290291,4.45644333611
0.426086359848,4.51670512454
0.213811975671,7.14601709863
0.21484682519,7.12039986166
0.17086416603,8.48522499116
0.414628866352,4.58890517188
0.272252805242,6.00691928914
0.165457381883,8.70344079
0.336390522625,5.21688857113
0.138215816629,10.0640763932
0.434923748761,4.4636808228
0.4960233384,4.15011335093
0.487563902761,4.18870182118
0.237280391426,6.62045698299
0.141292037301,9.88402782088
0.326451753075,5.31867966819
0.418832270835,4.56194661723
0.509705229182,4.09050085651
0.500083889737,4.13206954557
0.272637055674,6.00106231439
0.364881797403,4.956355176
0.528691862093,4.01305715217
0.124683376387,10.9620493204
0.23794787608,6.6070393333
0.228099297094,6.81306372373
0.47741300964,4.23687009586
0.398165692929,4.70011229215
0.373623781845,4.88453448165
0.457446433145,4.33805318122
0.117686141391,11.5076537934
0.429181430014,4.49787962294
0.324476163463,5.33966943798
0.527769438268,4.01668628742
0.27275700001,5.99923747406
0.302957844197,5.58632905467
0.420327266033,4.55249173722
0.165926676207,8.6839334818
0.14935330949,9.44753293162
0.496188443964,4.1493737231
0.33824116883,5.19860687844
0.180665092259,8.12314492061
0.211824716712,7.19591865501
0.323417934375,5.35101993684
0.470466578521,4.27106843574
0.392646787173,4.73953023414
0.235811883399,6.65024677054
0.482914642591,4.21050432088
0.39484096226,4.72372362543
0.292075550838,5.72513402935
0.302348147729,5.59383767065
0.475299057801,4.24716833254
0.315687702127,5.43628167869
0.447608104868,4.39133087824
0.275673665582,5.95535821783
0.505415624241,4.10883183913
0.473336025877,4.2568162827
0.26525776082,6.11654629993
0.195919157708,7.63210554058
0.134381607355,10.3000759103
0.158051690576,9.02669722168
0.170682604498,8.49232716701
0.359557881589,5.00184154443
0.299584815995,5.62825804293
0.350050859922,5.0865793443
0.377240381936,4.85581570494
0.400407618347,4.68441728668
0.262082404549,6.16826625282
0.406437771733,4.64308163411
0.303953151889,5.57413722033
0.184286317589,7.99916656561
0.266618491717,6.09476447443
0.321539786885,5.37135193751
0.293369983802,5.70807575882
0.214694846509,7.12414642297
0.316141600609,5.43115818725
0.437464793178,4.44884165762
0.271797156768,6.0138862931
0.325419353234,5.3296161239
0.381636171166,4.82165814175
0.485556081896,4.19806455372
0.349617711109,5.09055201448
0.118114798976,11.4723649931
0.234999363702,6.66689095057
0.473804976739,4.25450398117
0.33360976536,5.24474671565
0.256311253469,6.26558736522
0.139866486617,9.96647544996
0.224892959248,6.88406987332
0.409758466635,4.62085080217
0.465209833088,4.29764804341
0.355996218033,5.03304666783
0.355822300816,5.03458674154
0.412706703944,4.60142059202
0.144830189616,9.68643810229
0.523503971131,4.03364043773
0.194459056968,7.67575054147
0.50646899934,4.10430065508
0.458937531084,4.3301834578
0.244900717058,6.47166774891
0.471900640523,4.26392331719
0.263976644293,6.13726147064
0.313236678564,5.4642089961
0.12202667935,11.1618121252
0.370859041859,4.90687471896
0.35794219278,5.01591872752
0.467346877587,4.28676822552
0.149488424581,9.44061969268
0.220430807117,6.98635681644
0.193530386259,7.70385528642
0.305964683866,5.54974319319
0.213677632911,7.14936104591
0.178337803978,8.20549817557
0.196061606369,7.62788255402
0.343999859351,5.1430005911
0.415347728751,4.58425508401
0.276431115829,5.94411631358
0.306506910963,5.54322319037
0.5277388873,4.01680671041
0.11609557408,11.6408797655
0.319498239364,5.39372857132
0.399314494159,4.692047362
0.176781446778,8.2617887916
0.28643685751,5.80126641327
0.391530794396,4.74763927984
0.294857005705,5.68866704217
0.223654441125,6.91204776923
0.220102749665,6.99404211223
0.22278707475,6.93182833529
0.387570632372,4.77680027448
0.33148871607,5.26631566255
0.333774313068,5.24308509221
0.376657420439,4.86040681048
0.210539660626,7.22869314609
0.416152828013,4.57906670971
0.305163838471,5.55941599047
0.368530523557,4.92595568555
0.430901320304,4.48753850984
0.349247942553,5.09395133311
0.167692199749,8.61152874563
0.127555296885,10.7554929136
0.131038435383,10.5171657744
0.426031988167,4.51703834499
0.389543247106,4.76219894938
0.431870479716,4.48174853325
0.437885312443,4.4464029738
0.155290357234,9.15516120945
0.224740267105,6.88750234165
0.431904224687,4.48154741383
0.382175977146,4.81751892648
0.369730543367,4.91609151674
0.349803985778,5.08884234765
0.396623110383,4.71101691375
0.398049288457,4.70093214558
0.353983147269,5.0509672903
0.444776421973,4.40711476263
0.309086618044,5.5125217207
0.15417142145,9.20853345859
0.322286521093,5.36323926125
0.452751313228,4.36318162665
0.112776587876,11.931015427
0.35666017848,5.02718124385
0.463036388383,4.30881928475
0.203881820052,7.4051674257
0.447367939435,4.3926615946
0.41535844287,4.58418590265
0.292182105156,5.72372404603
0.159788390858,8.94818723507
0.280607885744,5.88322996287
0.166405805,8.66413150907
0.369712471931,4.91623957917
0.421071689905,4.54780941676
0.125456686868,10.9054972415
0.130877118979,10.527922418
0.395092578744,4.72192248795
0.242876412597,6.51027273484
0.387540319416,4.77702583751
0.321002620371,5.37721156237
0.202975947015,7.43008068784
0.220858815691,6.97636463012
0.291497069709,5.73280704724
0.406135613004,4.64512296359
0.235328910448,6.66012630789
0.207442417108,7.30936893609
0.450395389376,4.3759937428
0.214392285622,7.13162106889
0.416048475732,4.57973803531
0.375174626164,4.87215023287
0.498318898347,4.13987528162
0.245454898629,6.46121130083
0.36996627688,4.91416146386
0.218463807301,7.0327858824
0.495315300619,4.1532909424
0.262864017451,6.15541806204
0.230049943743,6.77084300551
0.516132058519,4.06362636592
0.136991021172,10.1380223347
0.350782807485,5.07988893687
0.45478740717,4.35221882038
0.122649536402,11.1141990507
0.143377078203,9.76640273146
0.127427153287,10.7645102448
0.14658521984,9.59198155371
0.45988709649,4.3251992127
0.205936323719,7.34948316824
0.520350353048,4.04636041081
0.21485645448,7.12016266157
0.325265851174,5.33124823828
0.259760012443,6.20690353447
0.376156343381,4.86436465572
0.277742666366,5.92479748678
0.190436486022,7.79947927473
0.469352663727,4.27664949211
0.446940427768,4.39503400373
0.317821438149,5.41232598915
0.184784691654,7.98248679033
0.40796511307,4.63281059381
0.283533320156,5.84166720779
0.50358464951,4.11675457803
0.29710911751,5.65964763363
0.512904667298,4.07703495853
0.280273855383,5.88803160017
0.17287395178,8.40761009418
0.150396095581,9.39450166092
0.196100669695,7.62672557511
0.506132428182,4.10574632506
0.318857804653,5.40080816858
0.345040050764,5.13315801307
0.285372188359,5.81598379883
0.405507342022,4.64937742474
0.296169336331,5.67170266261
0.35103888201,5.07755498878
0.357730611838,5.01777179668
0.118019369714,11.4801988633
0.474648145666,4.25035833273
0.194165841924,7.68459497943
0.255853567828,6.27349561403
0.264794304626,6.12401678829
0.475833427052,4.24455621244
0.500816632978,4.12884566196
0.284622913898,5.82640827467
0.396109253973,4.714668703
0.515871379592,4.0647029438
0.371014813795,4.90560697795
0.453419825708,4.35957102924
0.113687408686,11.8497029968
0.391462600263,4.74813632676
0.218298332523,7.03673024383
0.322831352443,5.35734418041
0.42638255104,4.51489142874
0.517610600731,4.05754136773
0.404603050056,4.65552477662
0.138638237703,10.0388772888
0.462272275011,4.31277243753
0.184745350985,7.98380016598
0.320983712452,5.37741818076
0.442088206761,4.42229131924
0.379289829131,4.8397897601
0.482797849649,4.21105759552
0.148816996004,9.47509807624
0.257673822474,6.24221207599
0.116810003426,11.5805890053
0.254331716023,6.29999839158
0.38173021055,4.82093619
0.528327562803,4.01448886314
0.314036926844,5.45504214152
0.166021534353,8.68000395414
0.20343649037,7.41738691174
0.528588742809,4.01346220765
0.375710603781,4.86789447308
0.496535879114,4.14781896804
0.480183733555,4.22351391706
0.271202470817,6.02301488925
0.456051767258,4.34546189712
0.410235901175,4.61768487162
0.465211107987,4.29764152214
0.239813556929,6.5699359582
0.429260677687,4.49740126411
0.466116531847,4.29301943659
0.115047648579,11.7306728701
0.44661715098,4.39683107862
0.178500597475,8.19966728579
0.34039995412,5.17753697171
0.483601265148,4.20725720896
0.229231665706,6.78846587382
0.325314309606,5.3307328336
0.355134581733,5.04069170788
0.155546969676,9.14302978669
0.473828219314,4.25438949946
0.217647441308,7.05230400677
0.411793958252,4.607405524
0.142406733907,9.82071328451
0.189869136498,7.81735501474
0.346539883046,5.11907216451
0.475073939121,4.24827057825
0.26647178427,6.09710205486
0.249425002463,6.38767565004
0.302841993864,5.58775342818
0.217492859655,7.05601647379
0.470826215377,4.26927235512
0.308649313897,5.51768944924
0.150509997358,9.38875386248
0.249041156489,6.39468188028
0.243081199296,6.50633775612
0.240468654506,6.55704580377
0.375068418147,4.8729950189
0.468913146729,4.27885912489
0.236957672649,6.62697159994
0.320642558615,5.38115043399
0.303023809096,5.58551851391
0.470871003973,4.2690488721
0.433308943597,4.47320385147
0.231277276741,6.74464655135
0.340275991735,5.17873948603
0.209572058475,7.25363865887
0.370499306939,4.90980656084
0.430443210775,4.49028467694
0.236190764598,6.64252506472
0.362092677817,4.98001458377
0.433698266927,4.47090122303
0.262430455072,6.16253541532
0.367195564291,4.9370064058
0.320540221663,5.38227158434
0.282480253215,5.85652801237
0.150999668903,9.36414290603
0.440804420465,4.42960617857
0.125152161966,10.927683412
0.509868111201,4.08981108993
0.49201014536,4.16824907366
0.194226065364,7.68277622544
0.274325832511,5.97551798546
0.188523210999,7.86019506487
0.133157859858,10.3782709027
0.450377681332,4.37609056575
0.326814814596,5.31485037631
0.400442161629,4.68417686755
0.498286434029,4.14001939135
0.425760841217,4.51870139092
0.405737533865,4.64781706857
0.406263254465,4.64426026161
0.233477464595,6.69838135638
0.349540981881,5.09125679106
0.315328214187,5.44035012628
0.228328141705,6.80807279316
0.244506275431,6.47913936574
0.288963433348,5.76678054249
0.442396729696,4.42053989519
0.139772457534,9.97197304444
0.123769701627,11.0297799155
0.183639750002,8.02094194349
0.269666805697,6.04677638227
0.413813621577,4.59419876932
0.510760120972,4.08604171005
0.469566742564,4.27557477321
0.159564698969,8.95820317284
0.164304214845,8.75185076717
0.253811561722,6.3091305022
0.244016572727,6.48844941312
0.168228394241,8.58984173989
0.499519275302,4.13456037259
0.19921371285,7.53599291335
0.326050800498,5.3229186863
0.284993234573,5.82124914637
0.329101443363,5.29093031615
0.17493865972,8.3297420742
0.487266301096,4.19008455014
0.209935209151,7.24424918214
0.257785422396,6.2403086209
0.11640266221,11.6148736208
0.211033385164,7.21605342287
0.303251770568,5.58272020393
0.348528023537,5.10059071024
0.355372452666,5.03857737266
0.244758323186,6.47436220364
0.50858961956,4.09523748115
0.260648926941,6.19203249608
0.285390085796,5.8157354747
0.506080633248,4.10596897573
0.291506014824,5.73268816341
0.354397098111,5.04726528893
0.495933178346,4.15051745809
0.197597645878,7.58273526634
0.365184528206,4.95380937327
0.131667346641,10.475482298
0.165992473401,8.68120733318
0.154187267739,9.20777217105
0.34185834505,5.16345633982
0.309505530001,5.50758524793
0.295228104425,5.68385436387
0.171917963041,8.4443013259
0.16288107177,8.81254441386
0.257082128499,6.25233197594
0.518508077425,4.05386528479
0.494384350482,4.15748324569
0.376709787569,4.85999380035
0.339947466564,5.18193071029
0.197347243761,7.59004678832
0.425451664066,4.52060034474
0.34827599903,5.10292159069
0.164653525536,8.7371147193
0.269174721985,6.05444852636
0.343152920858,5.1510594588
0.392222885211,4.74260483728
0.305989365002,5.54944590541
0.501884677759,4.12416396011
0.458380277774,4.33311836462
0.314216029903,5.4529970116
0.519650991305,4.04920291231
0.301943055857,5.59884353546
0.264985804738,6.12092677547
0.1129840509,11.9123788028
0.382068676039,4.81834075596
0.206827537039,7.32567490152
0.41248599505,4.60286530582
0.275294476853,5.96100959187
0.334376810189,5.23701520673
0.419508304991,4.55766257693
0.36893362204,4.92263490635
0.361450621726,4.98551374822
0.207383547809,7.31092586802
0.471737281638,4.2647349826
0.293453787321,5.70697664275
0.229597651691,6.78056812973
0.44651153979,4.39741874425
0.212116756685,7.18852621108
0.394071938139,4.72924309447
0.278428555789,5.91476793388
0.514448262656,4.07060018274
0.510278798082,4.08807395066
0.125866981817,10.8757755102
0.514319536912,4.07113527352
0.434824361756,4.46426484232
0.179645434822,8.15896216353
0.174390017689,8.35025251309
0.164923369048,8.7257740457
0.229206048163,6.78901963762
0.252130047042,6.33891282119
0.234924889793,6.66842234019
0.244335562143,6.48238062143
0.225863929142,6.86235238988
0.224168892645,6.90038852056
0.131234641692,10.5041184268
0.448915423736,4.38411291898
0.241427830244,6.53829989987
0.167583979319,8.61592277111
0.453737516833,4.3578590345
0.496189290425,4.1493699325
0.257573753956,6.24392026973
0.198977753768,7.54276999163
0.398508433738,4.69770116637
0.200677767373,7.49430209239
0.382184386425,4.81745453893
0.42237717312,4.53963898906
0.402711808892,4.66847279826
0.189101936232,7.84169931978
0.449025049628,4.3835096174
0.159744799933,8.95013683302
0.291163910828,5.73724012721
0.347342628061,5.11158401502
0.268381498177,6.06687576128
0.168071629555,8.59616787495
0.437759819995,4.44713022826
0.144382067782,9.71092584222
0.488415899084,4.18475285765
0.422687376481,4.53770517935
0.285247427139,5.81771571894
0.513641941866,4.07395649483
0.206773130131,7.32712242257
0.155684627332,9.13653854456
0.236566129197,6.63489966459
0.206188698013,7.34272007361
0.501672767948,4.12509121414
0.426526433766,4.51401131079
0.452237626551,4.3659634803
0.5026875582,4.12065812484
0.322041769635,5.36589407744
0.312042132912,5.47798142368
0.284388446034,5.82968181001
0.256544755478,6.26156373164
0.429317227242,4.49706002766
0.309587579492,5.50661996324
0.420840843722,4.54925958893
0.357776332683,5.01737117483
0.299017829494,5.63540034008
0.185685787921,7.95255734359
0.270450379987,6.03461791873
0.273733298355,5.98444426172
0.210378264801,7.23283797529
0.323585964605,5.3492126124
0.328011991265,5.30228458266
0.412049667037,4.60572608483
0.34464376328,5.13690065687
0.485963409173,4.19615867709
0.424511617054,4.52639151206
0.483652127128,4.20701705558
0.135068449353,10.2568111971
0.264004478525,6.13680923892
0.254461684576,6.29772248958
0.336641232434,5.21439993797
0.15962834598,8.95535046813
0.452119717571,4.36660293023
0.428638408727,4.50116232039
0.39983084546,4.68843787468
0.480566681239,4.22168042363
0.386070794191,4.78800422883
0.222743456896,6.93282715983
0.507933375032,4.09803379846
0.151863408898,9.3211198816
0.311805647214,5.4807206834
0.139746079519,9.97351662093
0.236614397114,6.63392089208
0.415007452256,4.5864541638
0.485950618949,4.19621847217
0.48224802704,4.21366594431
0.137953444469,10.0798059398
0.350602844544,5.08153125825
0.299576098377,5.62836765056
0.272199352888,6.00773536882
0.521142821905,4.04314902825
0.250032738774,6.37662729202
0.39297726273,4.73713796969
0.310482972709,5.49611965046
0.178314283904,8.20634149637
0.445589167339,4.40256339179
0.417802309027,4.5685008366
0.169356394449,8.54466928488
0.432196921259,4.47980430044
0.476412622268,4.24173179521
0.437819569172,4.44678391612
0.131680535873,10.4746124096
0.499439680356,4.13491197799
0.482079435724,4.21446696814
0.194627968997,7.67066772178
0.352399371599,5.06521302017
0.484851334857,4.20136985676
0.370560480486,4.90930758585
0.131494128635,10.486923049
0.192742764613,7.72790518134
0.314567121134,5.44899486146
0.31042395544,5.49680985404
0.220729778397,6.97937298714
0.141591447706,9.86692304557
0.477949289916,4.2342725117
0.476608781344,4.24077683944
0.394546527942,4.7258342494
0.238780429207,6.59040971549
0.238229051097,6.60140994342
0.120564975359,11.2754871951
0.289996607852,5.75285401736
0.283753105805,5.83857971183
0.184511696538,7.99161226226
0.12618244718,10.8530550985
0.403140705172,4.66552553321
0.375181497809,4.87209559215
0.356771909631,5.02619639992
0.262450848289,6.16220010719
0.113847100012,11.8355811638
0.276045869544,5.9498262407
0.531925605879,4.00043747458
0.211479775945,7.20467670322
0.216248253679,7.08610230299
0.30812902094,5.52385728623
0.234561378746,6.67591123008
0.519272163461,4.05074593853
0.404921809744,4.65335464752
0.5310986558,4.00364948977
0.334794846323,5.23281674982
0.15191977014,9.31832960078
0.452051548127,4.36697278675
0.289340277945,5.76168923469
0.180719277495,8.12125295095
0.412825691546,4.60064238121
0.42695183024,4.51141275878
0.175847029393,8.29606662207
0.404016250737,4.65952890203
0.244165711601,6.48561004274
0.519628418223,4.04929479082
0.493896531969,4.1596865332
0.36338610518,4.96899667548
0.424877570324,4.52413392811
0.5054230614,4.1087997791
0.429982891029,4.49305014456
0.119291188941,11.3768267453
0.248389871247,6.40661969089
0.520471098178,4.04587045219
0.460118550033,4.32398752884
0.356135466789,5.03181469646
0.459435945203,4.32756465002
0.385700184159,4.79078645546
0.346117037775,5.12303077397
0.143095538214,9.78208446735
0.377800594676,4.85141739657
0.143704316864,9.74825312562
0.520815054506,4.04447603827
0.113424009359,11.8730830675
0.501237060757,4.1270002845
0.497355069501,4.14416201395
0.158385440848,9.01147525135
0.471236592524,4.26722632081
0.443301356958,4.4154189477
0.355540324941,5.03708696273
0.249040279137,6.39469791934
0.497829509568,4.14204974774
0.368100063739,4.9295100698
0.33091323562,5.27221625824
0.371643000956,4.90050552525
0.36987919004,4.91487418914
0.147422848101,9.54769625764
0.501663381082,4.12513230699
0.529698374552,4.00911212399
0.476140768173,4.24305659621
0.2568143757,6.25692692783
0.209751322958,7.24899957217
0.351526682058,5.07311860803
0.361003982857,4.98935094948
0.140155396784,9.94963008837
0.353206784224,5.05793423704
0.363790420085,4.96556896799
0.134932906119,10.2653141566
0.218241307088,7.03809093619
0.396862512694,4.70931887423
0.310862776827,5.49168423289
0.323067774859,5.35479237824
0.221020783548,6.97259355113
0.347228402276,5.11264738059
0.278074413552,5.91994018825
0.407874312188,4.63341900689
0.474713256209,4.25003883204
0.498088727203,4.1408974347
0.254979561312,6.28867716466
0.420137862739,4.5536857731
0.116120499372,11.6387637919
0.221937980538,6.95134333105
0.358339354981,5.01244632701
0.331686229838,5.26429529015
0.119995763468,11.3205056937
0.16251546805,8.82830906696
0.432322277319,4.47905850125
0.192375316232,7.73919300392
0.425479013328,4.52043225248
0.325406274496,5.32975512286
0.249847005111,6.37999807558
0.24924598603,6.39094047061
0.347092799596,5.1139106767
0.319207187049,5.39694238885
0.363482629965,4.96817764894
0.440434392712,4.43172268818
0.147625542167,9.53705569915
0.223814117811,6.90842315476
0.489451593485,4.17997157103
0.418879176185,4.56164891934
0.327302698928,5.3097181597
0.520451276145,4.04595086973
0.17321250814,8.39471384476
0.291936396025,5.72697697186
0.280413566169,5.88602186771
0.374953479305,4.87390980136
0.313694095668,5.45896345808
0.232268789098,6.72368762931
0.210170357727,7.23818672611
0.531127093212,4.0035388619
0.38844010739,4.77034571342
0.521106764134,4.04329492833
0.527035806731,4.01958204552
0.146116734685,9.61697267786
0.349887005944,5.08808096944
0.271743537198,6.01470770881
0.357099256086,5.02331465312
0.276824364676,5.93830438294
0.171885760125,8.44554443388
0.41916274334,4.5598506365
0.434254855753,4.46761667696
0.409754817721,4.62087502771
0.283492429046,5.84224217173
0.147666914587,9.5348874323
0.195938857273,7.63152116514
0.168006776328,8.59878845546
0.531388009095,4.00252441375
0.409819276871,4.62044714151
0.187042005737,7.90805850583
0.453592982748,4.35863760333
0.434288335647,4.46741938084
0.393502552688,4.73334393297
0.421845084863,4.54296282533
0.313665345759,5.45929269655
0.245249288733,6.46508523087
0.252209801984,6.33749116045
0.407205421385,4.63790948957
0.284227227531,5.83193584733
0.213196195143,7.16137949764
0.513886437986,4.07293762791
0.484027347181,4.20524700015
0.374067912872,4.88097716031
0.251248707714,6.35468378748
0.427219182272,4.5097823456
0.348270104666,5.1029761466
0.434162448724,4.46816139125
0.441525300679,4.42549330847
0.123903471275,11.0198009687
0.434290970354,4.46740385591
0.422171047239,4.54092559142
0.464807898931,4.2997058274
0.231228522313,6.74568182063
0.145436443932,9.65355036841
0.393508242572,4.73330289312
0.321035810352,5.37684893499
0.423905335155,4.53014049748
0.170830689604,8.48653335301
0.348993542724,5.09629431902
0.117166390776,11.5507891006
0.483989537048,4.20542523661
0.275778388449,5.95380021785
0.452226454009,4.36602405708
0.423294865607,4.53392651121
0.491970519281,4.16842966846
0.338601393065,5.19507204449
0.221560407353,6.96006969516
0.46978151265,4.27449759824
0.525993985566,4.02370865702
0.482815748478,4.21097278679
0.399303691945,4.69212297555
0.413395239689,4.59692374295
0.439826555439,4.43520737999
0.150188616562,9.40499413222
0.357650477303,5.01847421522
0.447417296234,4.39238799694
0.521525792979,4.0416007066
0.240679325617,6.55291555901
0.114519424765,11.7765592454
0.504093756062,4.11454567124
0.146872450543,9.57673854622
0.425427551259,4.52074856371
0.147296374592,9.55435047034
0.492462087038,4.1661914844
0.408416349588,4.6297911859
0.455228140423,4.349859093
0.113388134547,11.8762758452
0.112850194127,11.9243954349
0.264869783024,6.12279834184
0.146658401511,9.58809219241
0.43960336597,4.43648939631
0.334131449335,5.23948441671
0.332555604038,5.25543147809
0.472890639393,4.25901676993
0.20426244683,7.39476589687
0.432238816515,4.47955499743
0.386564331985,4.78430763349
0.389531017774,4.76228900515
0.380310580295,4.83187369278
0.403105231437,4.66576905597
0.327505935303,5.30758483872
0.25559764662,6.27793010863
0.377148231117,4.85654047255
0.42592215558,4.51771172761
0.451427661603,4.37036305056
0.261113769826,6.18429673364
0.462989340129,4.30906230147
0.220152593204,6.99287295494
0.366156565349,4.94566411104
0.260101243241,6.20118277238
0.134782865853,10.2747465689
0.422231212914,4.54054991442
0.327479441441,5.30786278541
0.51689805472,4.06046938089
0.345996335236,5.12416258063
0.2615679779,6.17676482787
0.497896512742,4.1417517764
0.461443145483,4.31707720328
0.216746056173,7.07402711304
0.3182825394,5.40719205294
0.411274618858,4.61082301919
0.368458395245,4.92655067068
0.187568371558,7.89096242755
0.395670462187,4.71779471973
0.448398218992,4.38696333164
0.502313298529,4.12229091537
0.232569851654,6.71735938266
0.510417404273,4.08748832141
0.502636156018,4.12088222933
0.231483329633,6.74027601222
0.184820827248,7.981280911
0.135969101689,10.2007432626
0.489301188413,4.18066461976
0.491394052541,4.17106030142
0.220731349073,6.97933634729
0.114524194455,11.7761430073
0.475171049813,4.24779496436
0.193612444617,7.70136098338
0.361825830734,4.98229769164
0.476921589053,4.23925568197
0.17474975873,8.33678932617
0.417865969306,4.56809477017
0.410116313282,4.61847716545
0.443986669731,4.4115537826
0.309800598835,5.50411628697
0.169108547139,8.55454275233
0.152942050599,9.26807806859
0.299442260726,5.63005122017
0.268791851197,6.06043759294
0.125668318062,10.8901423803
0.245968070248,6.45157110813
0.151706447288,9.32890157117
0.334978210858,5.23097853281
0.516580606626,4.06177653916
0.262707631034,6.15798255771
0.247218977358,6.42824166427
0.134340234139,10.3026962213
0.507413298387,4.10025520507
0.242972723374,6.50842128722
0.333295423851,5.24792561821
0.498709937478,4.13814097447
0.33445310589,5.23624815008
0.131850724418,10.4634033861
0.450563835745,4.37507311348
0.130563035375,10.5489421697
0.32795335674,5.3028978481
0.195288967395,7.65086241272
0.203852004656,7.40598385543
0.341856806479,5.1634711301
0.301135619728,5.60886209954
0.143880363554,9.73852336295
0.285393875461,5.81568289774
0.51267441221,4.07799825772
0.528295154246,4.01461632918
0.292509656164,5.71939624226
0.329699632135,5.28472846282
0.444679574397,4.40765824916
0.338732127614,5.19379105666
0.323825157831,5.34664315285
0.138170160737,10.0668092124
0.304309886898,5.5697871743
0.186921537844,7.91198486938
0.424320862948,4.52756986787
0.270457926368,6.03450117087
0.522800003437,4.0364660825
0.382194470801,4.81737732945
0.328819162664,5.29386489704
0.213897781741,7.14388350286
0.162037111257,8.84904357481
0.401286694525,4.67831215366
0.511342867613,4.08358653423
0.244234712418,6.48429756119
0.339821221747,5.18315869724
0.422920637317,4.53625294683
0.287147693766,5.79150181614
0.364208461795,4.96203305351
0.33811373057,5.1998592503
0.12725440625,10.7766951135
0.360546866783,4.99328820729
0.516132976867,4.06362257523
0.224723540833,6.88787862876
0.117367198277,11.5340782009
0.408170082862,4.63143820935
0.439160043496,4.43903984356
0.280528220202,5.88437409095
0.167831831925,8.60586774218
0.235859728139,6.64927029889
0.3957227263,4.71742201036
0.516525424368,4.0620039332
0.180012189894,8.14603223209
0.135475698955,10.2313661744
0.32987767727,5.28288696052
0.319558421459,5.3930647795
0.520551980389,4.04554238061
0.182309689812,8.06622512281
0.493415878644,4.16186185903
0.529940364119,4.00816596068
0.215485816009,7.1047058485
0.351845023425,5.07023016041
0.473944475488,4.25381705137
0.484396808351,4.20350687604
0.134710390807,10.2793103302
0.116884498437,11.5743449183
0.130552230639,10.5496670724
0.2925740837,5.71854614328
0.141662717901,9.86286220546
0.114877003097,11.7454504339
0.121274847934,11.2199379034
0.486394880168,4.1941434252
0.437004617268,4.45151584422
0.223523594404,6.91502184784
0.175459472003,8.31039140435
0.151062393371,9.36100194692
0.277714017025,5.9252175096
0.221477945398,6.96197952693
0.517403727122,4.0583905984
0.482747097562,4.21129810575
0.28898202542,5.76652904101
0.350564980085,5.08187702388
0.161997034682,8.85078629346
0.47411323688,4.25298658129
0.30104200351,5.6100272071
0.350111333317,5.08602550323
0.206920735701,7.32319709081
0.421952018835,4.54229414226
0.508038399422,4.0975857779
0.362357493506,4.97775224826
0.441045335369,4.42823013883
0.374296782783,4.87914736571
0.185817454967,7.948208558
0.310763213848,5.4928458812
0.494341666453,4.15767585365
0.150509432995,9.38878232028
0.487494896743,4.18902228457
0.193740328797,7.69747796924
0.512251691657,4.0797690911
0.285492309523,5.81431774154
0.374474882152,4.87772505772
0.254930970283,6.28952428378
0.261960541401,6.1702764373
0.368015821339,4.9302066677
0.272422508937,6.00433050067
0.274787699452,5.96858719961
0.40442466598,4.65674075184
0.443069636603,4.41672863127
0.520941478615,4.04396398858
0.330059084071,5.2810127681
0.506118507544,4.10580616102
0.13559919078,10.2236806986
0.441874340909,4.42350686879
0.214823363681,7.12097788317
0.427520663705,4.50794630916
0.406963778532,4.63953543557
0.179535783494,8.16283823795
0.255407840244,6.28122479924
0.209941274882,7.24409262713
0.318559026643,5.4041208688
0.311171098978,5.48809168333
0.180535490434,8.12767482467
0.507173205548,4.10128230459
0.125043900053,10.9355969597
0.494586700217,4.15657062733
0.213722921225,7.14823329347
0.407105424855,4.63858209794
0.424026544617,4.52939011076
0.523680638787,4.03293254916
0.305650116907,5.55353646774
0.377858886086,4.850960508
0.152800676881,9.27498722705
0.243572171021,6.4969309622
0.520611102112,4.04530263993
0.20899408369,7.26865038877
0.449131991512,4.3829213785
0.529095687283,4.01147249007
0.278072573103,5.91996710292
0.515855762936,4.06476747478
0.487859291901,4.18733109389
0.435974541221,4.45752286986
0.455665564868,4.34752172558
0.316433610155,5.42786995419
0.464087902313,4.3034011753
0.24255313878,6.51649811157
0.51672540114,4.06118011158
0.299971408276,5.62340387453
0.310355921668,5.49760583602
0.505800730565,4.10717300807
0.209052915198,7.26711853327
0.321435010062,5.37249332121
0.116369704053,11.61765813
0.124841947729,10.9503957335
0.174459799508,8.3476365857
0.417648629104,4.56948162965
0.438225308382,4.44443477778
0.27381986821,5.98313768248
0.266786557239,6.09208978126
0.511387626131,4.08339820102
0.345840988235,5.12562042712
0.167362316271,8.62494069452
0.456425079885,4.34347422635
0.520397378912,4.04616956165
0.527858078771,4.01633697418
0.268689380634,6.06204342322
0.249703686892,6.38260254892
0.433279217007,4.47337984214
0.386758076017,4.78285912864
0.492170296146,4.16751949663
0.487377326072,4.18956849756
0.46555856331,4.29586561276
0.205192026462,7.36952640703
0.208327651221,7.28606387018
0.113564094274,11.8606351945
0.21272463111,7.1732046503
0.314111897876,5.45418577896
0.279553484611,5.89842640737
0.277145688735,5.93356785359
0.337104660359,5.20980971224
0.503171544501,4.11855035005
0.33383432391,5.24247951011
0.513419323374,4.07488506637
0.321056502581,5.37662289424
0.188080686913,7.87441521473
0.2348643772,6.66966736886
0.214191115811,7.13660267669
0.518907722857,4.05223256443
0.421699668302,4.5438727072
0.300907393219,5.61170379931
0.401472585354,4.677024659
0.174222466939,8.35654213459
0.281413383493,5.8716985689
0.177068302732,8.25133889027
0.38700323152,4.7810283775
0.528795055705,4.01265196858
0.452764563818,4.36310995442
0.125130552771,10.9292618673
0.488137944555,4.18603960028
0.402386269125,4.67071411913
0.210135111564,7.23909454946
0.516679550517,4.06136893888
0.117666135299,11.509307073
0.415930186074,4.58049944136
0.182785888169,8.04993626511
0.279610106308,5.89760740196
0.291568922861,5.73185230168
0.458072002936,4.33474512501
0.531491051524,4.00212406628
0.386354548601,4.78587772983
0.487878845698,4.18724041668
0.255772790019,6.27489432826
0.247464381272,6.4236928503
0.448169362834,4.38822676019
0.342903547141,5.15344005136
0.313424653957,5.46205146104
0.244283049395,6.48337857797
0.43880469608,4.44108799092
0.328707590573,5.29502621092
0.315559014667,5.43773699593
0.313822701892,5.45749143458
0.222353683317,6.9417703134
0.284797777571,5.82397046366
0.289403986879,5.76082983261
0.320755066277,5.37991869807
0.175185900045,8.32054148108
0.333079275772,5.25011504459
0.497093236843,4.14532950928
0.507108374908,4.10155981774
0.279738258633,5.89575498148
0.169819181462,8.52631087065
0.477371553393,4.23707114835
0.399958051333,4.68755012321
0.169882668674,8.52380022664
0.475938919381,4.24404125635
0.233695444671,6.69384560112
0.357152650616,5.02284511323
0.301383454254,5.60578120405
0.248492387617,6.40473640936
0.312381109866,5.47406233705
0.378433726834,4.84646260346
0.313816107021,5.45756688948
0.24890833799,6.39711126597
0.249950326109,6.37812233144
0.183296124756,8.0325776275
0.459789974753,4.32570802934
0.372891167781,4.89042135753
0.280716994234,5.88166405361
0.489276944144,4.18077637564
0.446315482849,4.39851044671
0.280525566272,5.88441221708
0.274675509012,5.97026856081
0.151554107156,9.33646962704
0.129692089904,10.6077638558
0.179749555625,8.15528599277
0.156568564616,9.09512980439
0.493608607636,4.16098908674
0.265339381512,6.11523338513
0.373920369455,4.88215796977
0.437745532497,4.44721305441
0.464854264142,4.29946826423
0.237418586658,6.61767275247
0.507263025077,4.10089794554
0.343388160511,5.14881702254
0.402588853058,4.66931890524
0.129698986024,10.6072949937
0.502234811468,4.12263365157
0.378617330026,4.84502892073
0.277097510258,5.93427732695
0.330565052978,5.27579644436
0.296558085653,5.66670658392
0.147302360571,9.55403526837
0.356633142259,5.0274196467
0.498582674159,4.13870509459
0.364662498512,4.95820205589
0.366993297109,4.9386879225
0.344596359918,5.13734893405
0.225131845707,6.87870921254
0.196044217188,7.62839773674
0.456843512265,4.3412502928
0.320808349321,5.37933566086
0.178470230298,8.20075415636
0.380440818185,4.83086680262
0.47282900898,4.25932159918
0.383880505626,4.80452676187
0.382929843038,4.81175826799
0.414394194725,4.59042676762
0.301213530204,5.60789301948
0.49967570409,4.13386969604
0.527098748454,4.01933327721
0.496325468121,4.14876027827
0.284316817919,5.83068294119
0.245857656172,6.45364185876
0.427542636263,4.50781259914
0.169622339595,8.53410712795
0.453532614532,4.35896294291
0.365121942358,4.95433533318
0.355997218942,5.03303780901
0.401194527008,4.67895096623
0.265592559974,6.11116606368
0.122485277669,11.1267083241
0.346917607108,5.11554428778
0.184775989086,7.98277727429
0.32255079797,5.36037725341
0.23372087615,6.69331697647
0.427911153461,4.5055721547
0.338846974791,5.19266656997
0.181687108344,8.08765078904
0.146942510761,9.57302960982
0.283992100824,5.83522786536
0.124133322856,11.002704891
0.53144330473,4.00230955538
0.373916156195,4.88219170302
0.417495010258,4.5704627729
0.13746196666,10.1094328828
0.321846026564,5.36802025529
0.4123399801,4.60382196012
0.375206450283,4.87189719672
0.208449043668,7.28288359686
0.425691981976,4.51912407664
0.156923852692,9.0786181317
0.121896399875,11.1718328065
0.436717527078,4.45318712306
0.38786070487,4.77464362703
0.194771163419,7.66636573856
0.466163186369,4.29278177159
0.356341795711,5.02999105417
0.193008524003,7.71976816514
0.308282166227,5.52203962215
0.380194674301,4.83277037365
0.212970101515,7.1670425335
0.155225542753,9.1582317073
0.240609778655,6.55427823158
0.452871985154,4.36252907341
0.164363916501,8.74932772692
0.433839646178,4.47006609473
0.193484079081,7.7052638122
0.469740678116,4.27470232487
0.310623054603,5.49448246748
0.218046733425,7.04273909162
0.440508251355,4.43129993467
0.31254864279,5.47212859226
0.208889676813,7.27137107806
0.154080450178,9.21290694562
0.450891942729,4.37328190386
0.144604943112,9.69872770725
0.154092340485,9.21233501873
0.387076196161,4.78048395637
0.327995937588,5.30245246779
0.512717865146,4.07781639874
0.365366597528,4.95228034202
0.21770373537,7.05095335722
0.384502363195,4.79981618884
0.174094706576,8.36134626403
0.520010693374,4.04773994254
0.432964556449,4.47524425236
0.172650242827,8.41615950428
0.355342849276,5.03884034754
0.422522713966,4.53873132376
0.386359482797,4.78584078046
0.490883077355,4.17339740555
0.222193048337,6.94546521336
0.182539888287,8.05834026554
0.452740715852,4.36323895079
0.211030870716,7.21611764357
0.500968992795,4.12817654144
0.152685256666,9.28063752815
0.16600188352,8.68081762508
0.259206847824,6.21620976358
0.253641440954,6.31212545564
0.459385045272,4.32783182437
0.162259401208,8.8393930699
0.376813031858,4.85917987477
0.320873309865,5.37862511169
0.295531186337,5.67993287496
0.498876900583,4.13740132808
0.130829064268,10.5311318719
0.141248151457,9.8865410582
0.322309715662,5.36298788271
0.462140208796,4.31345704853
0.448773296966,4.38489553312
0.531291113828,4.00290102468
0.154642930902,9.18594826211
0.520359894082,4.04632168671
0.437888657189,4.44638359617
0.228113503066,6.81275360777
0.424147158102,4.52864385043
0.38345952518,4.80772455652
0.265589716655,6.11121169814
0.23379966791,6.69167992992
0.477725484334,4.23535582905
0.358086246699,5.01465835191
0.405716814629,4.6479574397
0.228495366995,6.804432116
0.471851274511,4.26416853622
0.516427122082,4.06240914005
0.425184247073,4.52224509504
0.483918367435,4.20576080715
0.527958373469,4.0159418808
0.430930843134,4.48736173894
0.450189835818,4.37711813825
0.218439082444,7.03337485664
0.301803053678,5.60057676463
0.231299314171,6.74417874514
0.417373841162,4.57123718636
0.529519643833,4.00981152474
0.376149369003,4.86441982009
0.474696011714,4.25012344284
0.304265363395,5.57032953064
0.254668547607,6.29410492089
0.295619050038,5.67879755751
0.457541446563,4.33755014405
0.149589573301,9.43545257292
0.42873613941,4.50057088445
0.512568519042,4.0784415748
0.30979983838,5.5041252186
0.350466102302,5.08278030196
0.491171420215,4.1720779625
0.378131853148,4.84882290494
0.230260466068,6.76632953768
0.320933303401,5.37796915226
0.261645225957,6.17548649495
0.369136109698,4.92096957996
0.510783041962,4.08594503191
0.313505507971,5.4611242473
0.301952434025,5.5987274919
0.506775592277,4.10298547823
0.378761642161,4.84390304282
0.324295108223,5.34160608276
0.336423926054,5.21655677897
0.417633286088,4.56957959019
0.196245416527,7.6224425035
0.485256840701,4.19946680146
0.151741307021,9.3271719322
0.184274783445,7.99955366999
0.31575542895,5.43551624513
0.308083487685,5.52439806928
0.435533108865,4.46010607578
0.397231660672,4.70670467642
0.301372265474,5.60592018382
0.464298658238,4.30231825883
0.203882783606,7.40514104489
0.453429223539,4.35952035016
0.446300584243,4.39859344683
0.343875842406,5.14417812134
0.272040806863,6.01015786853
0.352116072199,5.06777501541
0.153446888795,9.24351021442
0.340441213533,5.17713692688
0.258170308597,6.23375675041
0.131182189983,10.5076025302
0.32227877418,5.36332322907
0.302454002546,5.59253182834
0.212503647136,7.17876435652
0.181821520874,8.08301258517
0.242425065528,6.51896909535
0.462794504187,4.31006922246
0.410296992059,4.61728031488
0.133559134366,10.3524717904
0.197915041338,7.57349438254
0.22288331176,6.92962595685
0.422295644372,4.54014772347
0.169405650856,8.54271052334
0.278837959467,5.90880517599
0.228073544338,6.81362600511
0.408091953193,4.63196116348
0.165070432421,8.71960912895
0.354688658726,5.0446631234
0.480023549975,4.22428174595
0.466867680233,4.28919892368
0.162650834609,8.82246382145
0.482108623605,4.2143282471
0.520479515645,4.04583630463
0.263888657841,6.1386916499
0.424699020918,4.52523490956
0.274951477645,5.96613520533
0.37766031332,4.85251751378
0.357892367205,5.01635490893
0.261720243627,6.17424580231
0.39537734696,4.71988687157
0.483190175018,4.20920015466
0.268077462716,6.07165874825
0.460541363837,4.3217772909
0.177687990706,8.22888009805
0.261739671496,6.17392460849
0.245999259103,6.45098651993
0.285497359754,5.81424772696
0.519632402666,4.04927857246
0.139183914361,10.0065528022
0.364254890196,4.96164086006
0.529401289732,4.01027493182
0.239313532976,6.57982275963
0.232183674451,6.72547971911
0.1291612276,10.6440075846
0.36254542706,4.97614876707
0.11228422615,11.9755212168
0.223135466785,6.92386449569
0.285820220014,5.80977691457
0.119572061075,11.3542950799
0.115471181543,11.6941850045
0.217563214764,7.05432615012
0.24384521004,6.4917162239
0.216971380724,7.06857979221
0.37657760886,4.86103649579
0.279882261498,5.89367549529
0.165575773581,8.69850907796
0.114877777333,11.7453832872
0.201103156005,7.48230328049
0.511891913215,4.08127863503
0.361190303661,4.98774903748
0.250826595242,6.36227689589
0.198676527073,7.55144521634
0.275434289867,5.95892400427
0.460964029178,4.31957200101
0.37525119975,4.87154146425
0.174258698006,8.35518103984
0.375854221942,4.86675622513
0.231609872727,6.73759582855
0.245796765704,6.45478462794
0.133299808979,10.3691267584
0.259739854393,6.20724196161
0.472939863138,4.25877336393
0.388086294819,4.77296867723
0.258200099879,6.23325044109
0.221755229167,6.95556328447
0.282563994354,5.85534215409
0.268515300295,6.06477430508
0.496943925437,4.14599584847
0.220421026111,6.98658561909
0.446292817658,4.39863671672
0.4390963755,4.43940656197
0.260737196946,6.19056138878
0.313509891282,5.46107399446
0.17093668215,8.48239260528
0.408672836363,4.62807797324
0.510971487092,4.08515053178
0.493546305213,4.16127114596
0.46469245199,4.30029755936
0.445148965098,4.40502640169
0.303217413494,5.5831416761
0.174616253935,8.34177918601
0.190094036033,7.81025614877
0.189567276798,7.82690975774
0.308276712703,5.52210431791
0.171852964108,8.44681091859
0.231063704622,6.74918488595
0.525743669678,4.02470267255
0.517095356073,4.05965778873
0.137898844767,10.0830868152
0.521424872025,4.04200849348
0.130019163635,10.5855813092
0.528362478317,4.01435155512
0.237272747413,6.62061108316
0.348561040861,5.10028559986
0.30734709398,5.53316656837
0.217291085953,7.06087033228
0.390032401218,4.75860159576
0.40713182749,4.63840447256
0.361541149945,4.98473717362
0.38944576325,4.76291697306
0.34291749351,5.15330682223
0.188819170134,7.85072210927
0.318663467437,5.4029621639
0.272851770803,5.99779677476
0.272121411732,6.00892591134
0.245709863429,6.45641656842
0.471807944452,4.26438381606
0.462988285485,4.30906774956
0.402915860803,4.66706980463
0.384893012467,4.79686497787
0.261507729394,6.17776237567
0.521872081177,4.04020271658
0.116844179811,11.5777233883
0.494220567395,4.15822248963
0.483877374559,4.20595413815
0.416527484305,4.57665928942
0.154689574824,9.18372154848
0.368387435694,4.92713624684
0.390045213699,4.75850749382
0.44223548271,4.42145494933
0.357769692668,5.01742935045
0.278750948886,5.91007095598
0.494794626851,4.15563365967
0.365465678316,4.95144890778
0.344057282741,5.14245565388
0.287614747215,5.78511265058
0.298352410739,5.6438177267
0.351321099341,5.07498678402
0.46778441728,4.2845533137
0.208946477755,7.26989058926
0.196524226673,7.61421039751
0.393127606808,4.73605101269
0.238986578344,6.58631012263
0.241669914723,6.53359242087
0.201705741743,7.46539360645
0.213303402379,7.15869847674
0.116283357664,11.6249607139
0.340620223619,5.17540241615
0.419775918594,4.55597061464
0.286203994469,5.80447589507
0.494874539851,4.1552737687
0.420642146017,4.55050911232
0.401757456813,4.67505398389
0.131842416713,10.4639498771
0.219676585616,7.00406030349
0.366897927448,4.93948141987
0.400932202406,4.68077078269
0.484809617197,4.20156582578
0.285221179404,5.81808028241
0.341166747406,5.17011836643
0.430850759957,4.48784130276
0.24449773844,6.47930134504
0.219368021412,7.01133848946
0.451635942999,4.36923015655
0.332642559502,5.25454750697
0.395881519661,4.71629023025
0.35649051596,5.02867792242
0.198950741752,7.54354684809
0.333514308954,5.24571141136
0.270619321282,6.03200585583
0.230623025423,6.75857599234
0.418879963145,4.56164392527
0.416101509292,4.57939681336
0.226394860208,6.85055667771
0.140329695757,9.93950099331
0.169037448358,8.55738048141
0.361779618098,4.98269342988
0.38562984657,4.79131510796
0.334865984249,5.23210335364
0.289224894217,5.76324668169
0.506489316352,4.10421345124
0.330071908662,5.28088035102
0.208585011829,7.27932589574
0.130058612849,10.5829133809
0.1980768307,7.56879540869
0.303679367162,5.57748280454
0.263371620681,6.14711539221
0.127323792681,10.7717968922
0.471831165985,4.26426843779
0.269846565644,6.04398078623
0.395293605278,4.72048517297
0.504599943757,4.11235399668
0.221979771406,6.95037931363
0.407330653372,4.63706761669
0.449318629114,4.38189545936
0.479781867949,4.22544123279
0.513074645596,4.07632440828
0.202201628944,7.4515542678
0.219862104458,6.99969434241
0.271815742759,6.01360164484
0.441511251339,4.42557333292
0.492008088274,4.16825844803
0.1912619088,7.77366299917
0.503353087691,4.11776080453
0.456937655105,4.34075050902
0.16351964894,8.7851792636
0.420159575112,4.55354883797
0.173956334467,8.3665574309
0.276585606245,5.94183106117
0.232136911803,6.72646487201
0.202028677574,7.45637326115
0.456437138793,4.34341007552
0.277499447554,5.92836606757
0.371689418973,4.90012926729
0.262007911921,6.16949481559
0.456571278035,4.34269671844
0.438274258403,4.44415167029
0.3353915818,5.22684202293
0.289027571617,5.7659130603
0.43866954512,4.4418678674
0.38368532285,4.80600849085
0.173149611268,8.3971058684
0.400742963599,4.68208509795
0.466965265822,4.28870351026
0.213679292309,7.14931971569
0.182069488694,8.07447398867
0.435639201193,4.45948474611
0.336568388483,5.21512262342
0.139990945314,9.95921013093
0.317427808509,5.41672068796
0.121229946821,11.2234321948
0.478667255514,4.23080429338
0.233709674768,6.69354979669
0.2310630227,6.74919939014
0.11276378092,11.9321681429
0.296209467698,5.67118629149
0.248006585929,6.41367479488
0.150418349091,9.39337799999
0.223635050316,6.91248829067
0.117442180775,11.5278529656
0.212220888541,7.18589527047
0.519892623638,4.04821992127
0.179896438415,8.15010731499
0.491221107073,4.17185075937
0.480157054947,4.22364176245
0.409919260243,4.61978371485
0.334975882953,5.23100185706
0.466011291654,4.29355572561
0.346175712398,5.12248088276
0.486908048157,4.1917513936
0.131827505317,10.4649309404
0.213506859344,7.15361792453
0.347848445627,5.10688374571
0.252752883603,6.3278346579
0.424156929585,4.52858341133
0.402543698154,4.66962976661
0.205806796654,7.35296071068
0.529214398293,4.01100712937
0.255173571999,6.28529810236
0.432792366968,4.47626567899
0.427981992846,4.50514193197
0.329452325515,5.28728968983
0.445980078728,4.40038036335
0.523038137768,4.03550935726
0.416243829981,4.57848155189
0.185297958561,7.96540297766
0.304850996809,5.56320858307
0.321647647141,5.37017775436
0.433943119791,4.46945522949
0.522322306924,4.0383879933
0.505821832348,4.1070821884
0.190037666084,7.81203385535
0.251257712754,6.35452208268
0.484885483647,4.20120946846
0.218053422125,7.04257916689
0.239799423934,6.57021483296
0.267120759947,6.08678120822
0.480888423106,4.22014230233
0.288604663845,5.77164017885
0.237872015711,6.60856043262
0.375771808857,4.86740928262
0.255276473418,6.28350798844
0.338984176725,5.19132422152
0.196386530508,7.61827305078
0.120592787896,11.2732984476
0.252974177308,6.32391187098
0.505044839115,4.11043145358
0.428516714061,4.50189916605
0.35578282703,5.03493650406
0.521452301884,4.04189764268
0.15235604571,9.29680103224
0.157215694864,9.06511114975
0.33287795097,5.25215692488
0.145089421814,9.67234164476
0.148211639062,9.50645262618
0.141865049682,9.85135605073
0.112032113866,11.998462113
0.227586164723,6.82429159096
0.203674841572,7.41084004945
0.206663044514,7.33005365152
0.237022632178,6.62565884292
0.181488556493,8.0945149136
0.236404788535,6.63817424626
0.161807125124,8.85905625669
0.148759836515,9.47804770134
0.443802269773,4.41259259205
0.507297525031,4.10075034947
0.49316779953,4.16298632108
0.328244113096,5.29985898081
0.48011231148,4.22385620855
0.474446323397,4.25134925907
0.479114561621,4.22864894727
0.408938937014,4.62630287162
0.223946120018,6.9054306815
0.403112162226,4.66572147351
0.285881898997,5.80892397871
0.419508614683,4.55766061764
0.467109372754,4.28797231157
0.356483010047,5.02874416943
0.284181405251,5.83257697357
0.277063200724,5.93478271949
0.460945379988,4.31966921683
0.279691804658,5.89642626717
0.145191346378,9.66681306419
0.322214974985,5.36401489682
0.27922035624,5.90325176391
0.383616218439,4.8065334661
0.195209801544,7.65322731568
0.36125803551,4.98716712386
0.187679291704,7.88737211672
0.515832370287,4.0648641452
0.297020368215,5.66078275383
0.158423129737,9.00976035439
0.142788565772,9.79925355405
0.521872983848,4.04019907494
0.379555562147,4.83772477416
0.264255293784,6.13273851209
0.486274825242,4.19470378968
0.312092855036,5.47739444882
0.4522798114,4.36573478461
0.293188815745,5.71045402764
0.291410960808,5.73395184453
0.150291061292,9.39980973797
0.338913273451,5.19201778274
0.451941376636,4.36757076999
0.466920126767,4.28893264149
0.339734041391,5.1840072456
0.475825320456,4.24459579416
0.437563621454,4.44826809781
0.137395786123,10.1134385899
0.374123005198,4.88053649308
0.426603352526,4.51354105545
0.461549456427,4.31652435642
0.517343456084,4.05863814747
0.266702678929,6.09342424324
0.124028943209,11.0104606414
0.398504117235,4.69773150587
0.505300372739,4.1093287889
0.169618592076,8.53425573135
0.154897789751,9.17379810097
0.256871746184,6.25594156734
0.313157974371,5.46511312507
0.450465597979,4.37560993757
0.217112895217,7.06516444755
0.512115330899,4.08034096987
0.312779191208,5.46947093394
0.460827038816,4.32028630289
0.374397482313,4.87834300581
0.266679794693,6.09378846755
0.144931859862,9.68090346938
0.513655695327,4.07389915462
0.330606904814,5.27536569731
0.114972060306,11.7372132391
0.360534138195,4.99339798765
0.237136557051,6.62335830728
0.115719777781,11.6728928893
0.50926706025,4.09235866269
0.14624130622,9.6103117714
0.172289308059,8.430000309
0.304535536582,5.56704093285
0.436537835828,4.45423433424
0.447293508822,4.3930743004
0.15908070997,8.97997096422
0.256805392752,6.25708125379
0.357438380875,5.02033489489
0.208461105444,7.282567803
0.344992591791,5.13360576643
0.28427903956,5.83121116741
0.153794123433,9.22670617095
0.220065089767,6.99492583777
0.226024897941,6.8587702325
0.259669735111,6.20841958621
0.528087750325,4.01543245301
0.411639961937,4.60841796974
0.382805836845,4.81270426627
0.177014924883,8.25328081631
0.178301838655,8.20678781584
0.184935172117,7.9774682387
0.239312467376,6.57984387394
0.406705891611,4.64127286673
0.30775484597,5.52830605577
0.233848730251,6.69066113062
0.200792569922,7.4910588436
0.406146348659,4.64505038215
0.410717401183,4.61449962145
0.209749511089,7.24904642052
0.129055741314,10.6512451177
0.153076865533,9.2615013918
0.418255833067,4.56561073213
0.296849044668,5.6629759625
0.315600565861,5.4372669646
0.310131201312,5.50023754211
0.335769870731,5.22306565672
0.26371245078,6.14155871884
0.466303464273,4.29206747038
0.415460353241,4.58352804747
0.475397355279,4.2466873774
0.494295016693,4.15788639592
0.351676005718,5.07176306666
0.122661580829,11.113283119
0.119761133401,11.3391873248
0.225401827511,6.87266457048
0.155649790811,9.13818016911
0.203102608474,7.42658378387
0.492820729511,4.16456143863
0.402056172791,4.67299060691
0.211544523916,7.20303055619
0.279256932598,5.90272138609
0.319002470486,5.39920645335
0.355916935998,5.03374853663
0.36079302835,4.99116668985
0.225216719623,6.87680738795
0.251662743371,6.34726098981
0.477520935653,4.2363468504
0.375965011536,4.86587876751
0.300671526854,5.61464522631
0.187636608976,7.88875318371
0.461047326746,4.31913788038
0.239930398427,6.56763169262
0.192440432614,7.73718949775
0.475398125427,4.24668360999
0.321548097975,5.37126143324
0.253388403984,6.31658766182
0.398008062104,4.70122262643
0.274619053677,5.97111516469
0.52659385345,4.02133053878
0.387588139791,4.77667001571
0.293419387542,5.7074277323
0.422190165504,4.54080620426
0.273364736496,5.99001626371
0.352946341979,5.06027840074
0.486759345609,4.19244400564
0.156396563209,9.10315048794
0.283562004585,5.84126398055
0.332854178273,5.25239819874
0.319767118624,5.39076487549
