k,omega
2.58642126176,4.31710373749
3.72805188088,5.90399656314
3.26376438196,5.24911387045
2.53189051986,4.24374806839
3.46580590347,5.5328487074
2.85238022937,4.67888931765
2.9160376888,4.76636251384
3.78460602959,5.98440785341
3.13112794606,5.06406516947
2.37557443354,4.03526793518
3.46949136499,5.53804336424
2.57712070119,4.30457094865
2.54160456331,4.25679304281
2.47843660649,4.17214562134
3.46427117853,5.5306857038
3.27804059187,5.26909184131
3.29956602022,5.29923549975
2.51689370325,4.2236284594
3.49466096709,5.57353706603
2.77623240354,4.57467379869
3.70590695353,5.87254377092
3.05142315338,4.95338302526
2.41556723073,4.08833858818
3.42188599842,5.4709939295
3.16893188689,5.11670128024
3.0799421136,4.99293889005
3.69869865352,5.8623099073
3.28037024772,5.27235300625
3.46478630911,5.53141170365
3.71237935074,5.88173461288
3.38870488622,5.4243260292
2.69745360229,4.46737248447
3.49729897343,5.57725885219
2.45746401347,4.14413828886
2.37058476527,4.0286602424
2.91388074826,4.76339357409
3.34377462883,5.36122241533
3.38069625379,5.4130704936
3.68634729352,5.8447791136
2.55355422607,4.27285375658
2.92349313667,4.77662729634
3.04854809201,4.949398283
2.53698664553,4.25059041157
3.66566203227,5.81543350587
2.66680001996,4.42577014059
3.18450742451,5.13841298608
3.67798529727,5.83291408418
2.42944368428,4.10679722433
3.2816112309,5.27409031653
2.57902574222,4.30713733942
2.39066854996,4.05527524569
2.46126068856,4.14920479805
3.24291913221,5.21996371427
2.47880058503,4.17263212176
3.71253765805,5.88195943103
3.03725663214,4.93375401891
3.49530506826,5.57444575526
3.21254066524,5.17752648385
3.0280859742,4.92105441536
2.70453093703,4.47698985187
3.16179987517,5.10676439359
3.24729668204,5.22608328249
3.1058373948,5.0289014093
3.18316092058,5.1365354386
3.40197175191,5.44297874417
3.30093138685,5.301148376
2.76125561382,4.5542331219
3.42123770137,5.47008160165
3.37230409278,5.40127943821
2.82759982924,4.64492334114
2.72993372168,4.51154650187
3.0313745508,4.92560781113
3.37463436743,5.40455313268
3.45778369048,5.52154364019
3.23941251426,5.21506244375
3.24175501406,5.21833652546
2.35011080844,4.00157942377
3.16675067132,5.113661911
2.59437618914,4.32783012976
2.78059158644,4.58062687758
2.93295926681,4.7896663448
2.4587321818,4.14583042669
3.07407554572,4.98479759815
2.63228861463,4.37903683439
2.8152749749,4.62804826276
3.23067075884,5.20284696583
2.868454198,4.70094750038
3.68419668336,5.84172729265
2.97763066377,4.85128651904
2.62559654653,4.36998796502
3.75384458594,5.94065456851
2.97963581763,4.854055796
3.51965279396,5.6088092841
3.4369271604,5.49216667136
3.32349378829,5.33277279843
2.99789993948,4.87929299835
2.53335162121,4.24570954498
3.58632341881,5.70304316154
2.51052711902,4.2150943634
2.71441016496,4.49042222748
3.33393150485,5.34741193809
3.72801664695,5.90394650446
2.59017879405,4.32216959112
2.71764365338,4.49482056016
3.48729247674,5.56314307734
2.47762571277,4.17106181879
2.8539020556,4.6809768403
2.72990893466,4.51151275503
2.52352409025,4.23252078371
2.43956290532,4.12027210122
2.51918722733,4.22670388152
3.30901154202,5.31247072222
2.96976063373,4.84042013223
2.7459038979,4.53330062371
3.48868490384,5.56510703975
3.35475134282,5.37662936654
2.62255498928,4.36587666676
3.70093298515,5.86548184032
2.74600612767,4.53343994969
3.37220998071,5.40114723039
3.04676803156,4.94693145228
2.52739437546,4.23771356964
3.49590312578,5.57528950402
3.32761202405,5.33854803
2.72516975302,4.50506148337
3.57237612156,5.68331339572
2.85586193687,4.68366552107
3.36162629988,5.38628226729
2.72055326906,4.49877914104
2.40946412197,4.08022733517
2.96005480694,4.82702507689
3.07378390279,4.98439293096
3.31913911643,5.32666698083
2.96598473122,4.83520819261
3.55218722987,5.65476947531
2.46058443504,4.14830224577
3.61861404431,5.7487536181
2.69985421378,4.47063416117
3.44283212781,5.50048183738
3.0874547056,5.00336769745
3.5713298677,5.68183371471
3.07521842265,4.98638344279
3.77280598032,5.96761989652
3.13706584848,5.07232696773
3.20916950534,5.17282042162
3.65208302644,5.79617887317
3.6625426079,5.81100958146
3.51533108012,5.60270777519
3.05619842618,4.96000261121
2.84025842679,4.66226810709
3.61452467618,5.74296225705
3.57706595601,5.68994665867
3.6151012931,5.74377881854
3.2088902918,5.17243067557
2.68122537051,4.44533715308
3.34189089816,5.35857903758
3.42064389042,5.46924596852
3.26921977488,5.25674675202
3.17049147711,5.11887463435
3.7327344065,5.91064970152
3.09521072098,5.01413823345
3.68245122566,5.83925054043
2.79720080383,4.60332367056
2.80521980419,4.61428996649
3.01413737626,4.90174921171
2.75363947052,4.54384576196
2.89524105596,4.73775134373
3.11376445796,5.03991880213
2.55205657826,4.27084005902
3.04700132485,4.94725474111
3.35556534211,5.37777214834
2.98538267754,4.86199423625
3.30708637991,5.3097727623
3.73699391158,5.91670253789
2.91737880484,4.76820867962
3.11238621005,5.03800296535
3.68830034407,5.84755074975
3.3416174085,5.35819527393
3.68681128341,5.84543756246
2.48740989249,4.18414375919
3.60441220048,5.72864403742
3.02340957277,4.9145806849
3.48633184427,5.56178819685
2.93327106659,4.79009594324
3.68762329006,5.84658990343
3.5595383787,5.66516075359
3.63941362509,5.77822092087
3.19352304911,5.15098702721
3.74034637768,5.92146695203
3.20861437386,5.17204553422
3.53708273454,5.63342597072
2.46985465248,4.16067909933
2.45805528003,4.14492720287
2.74365127762,4.53023082276
2.67383831377,4.43531470656
3.64523401134,5.78647006404
3.26083377812,5.24501421799
3.2070890634,5.16991650262
3.01240772592,4.89935625863
3.65831024748,5.80500794643
3.19860637928,5.15807883706
2.87873912237,4.71507196772
3.26994429369,5.25776058283
2.89172640048,4.73291924736
3.25820066396,5.24133113652
2.91844358734,4.76967454297
3.65729033793,5.80356178942
3.57608566488,5.68856006327
2.7315266358,4.5137153236
3.2489138108,5.22834421164
2.58113841334,4.30998386918
3.33486038435,5.34871499239
3.39552852656,5.43391870577
3.19160070534,5.14830554145
2.56564685003,4.2891216485
3.09455931987,5.01323350465
3.58644596624,5.70321655406
3.2025681955,5.16360706417
3.35241637811,5.37335147699
3.71293392102,5.8825221833
3.75383214691,5.94063688327
3.07706248561,4.98894242537
2.88517978797,4.72392119725
2.76289581659,4.55647077987
2.91003754661,4.75810442653
3.57433607722,5.68608542337
3.02389304469,4.91524990571
3.16840976245,5.11597371075
3.20659511081,5.16922707165
3.54599512415,5.64601844257
2.84459766103,4.66821665386
3.70361856813,5.86929464916
3.25573047578,5.23787630174
2.93822412361,4.79692123232
3.29988604131,5.29968383967
3.0252811441,4.91717139824
3.01790967834,4.90696886251
3.7597426203,5.94904079178
2.59876955504,4.33375682962
3.65735903252,5.80365919196
3.5470209377,5.64746806151
3.68979472047,5.84967157079
3.3488296505,5.3683168797
3.16451742358,5.11055033603
3.38079001298,5.41320224631
3.63273920669,5.76876311538
3.32145980837,5.32992076768
2.95280608935,4.81702549409
2.8028331925,4.61102562821
3.50590238828,5.58939907853
2.8103219791,4.62127014107
2.52261287749,4.23129843542
3.13306413551,5.06675887837
3.30702284257,5.30968372322
3.17704549996,5.12800953612
3.09152227022,5.0090157156
3.44708602746,5.50647307624
3.39546913462,5.43383520243
3.38998633369,5.42612730947
2.68165079239,4.44591450047
3.58629894483,5.70300853336
2.69836334045,4.46860847146
3.29625938493,5.29460332853
3.60115351619,5.72403101091
2.96809321183,4.83811843743
2.93310953185,4.78987337942
3.69329793322,5.85464368777
2.78394179572,4.58520314514
3.2824419896,5.27525338175
2.52044353267,4.22838871923
3.52718047241,5.61943909558
2.39518641507,4.0612690719
3.62859292089,5.76288867455
3.60985062044,5.73634373421
3.33105245128,5.34337342252
3.50422846719,5.58703675
2.79218400463,4.59646570402
3.02399968168,4.91539751455
3.21871248208,5.18614390978
3.53707406727,5.63341372631
3.35747446292,5.38045251707
2.72597165783,4.50615294749
3.49606908103,5.5755236392
3.33882322428,5.35427466932
2.74783673761,4.53593498796
3.18344687414,5.13693415949
3.01618346861,4.90458022358
2.68738608973,4.45369959103
3.15304955847,5.0945769671
2.51161686721,4.21655480873
3.47109477229,5.54030356784
2.89510860291,4.73756922469
3.79153194568,5.99426381399
3.31915107733,5.32668375019
3.2781540181,5.26925061391
2.55535300378,4.27527265202
3.54537531286,5.64514258483
2.40287725554,4.07147811543
2.51197822262,4.2170391138
3.15726627762,5.10044942533
2.3602474028,4.01498052464
2.45432502526,4.13995066993
2.67181671545,4.43257276533
2.74663363276,4.53429517799
2.4637302496,4.15250120158
3.34885063253,5.36834632969
3.434203289,5.48833158398
2.39492950411,4.06092816355
2.54784945539,4.26518451703
3.22866038937,5.20003835131
2.54902272712,4.26676153545
2.81571159091,4.62864586299
3.5204579312,5.60994609241
3.10129905934,5.02259561707
2.60011681669,4.33557468437
2.40152940428,4.06968842627
3.6106973808,5.73754268856
3.47667214834,5.54816652766
2.62115031903,4.36397826489
2.58906135785,4.3206629313
3.18558186508,5.13991124932
2.57357444922,4.29979456609
2.754609873,4.54516897934
2.69315633402,4.46153515022
2.5251647779,4.23472191033
3.36332216784,5.38866375536
3.21182222087,5.17652349645
3.33336276642,5.34661412074
2.42415605976,4.09976089698
3.68340731585,5.84060718849
3.39537806855,5.43370716654
2.78224539264,4.58288580087
2.44260886194,4.12433045181
2.76324185293,4.55694289165
3.62263113754,5.75444331493
3.14565349514,5.0842793844
3.76002974733,5.94944908245
2.8334091432,4.65288164975
3.02917602888,4.92256363486
2.99694974802,4.87797945774
2.46616458088,4.15575125251
2.4834627211,4.1788649181
2.63768784957,4.38634070032
2.96685258374,4.83640601361
3.54243391443,5.64098631833
2.6229280474,4.36638088431
3.18695540596,5.14182669553
3.10754788311,5.03127838734
3.16825245443,5.11575450853
3.07006401838,4.97923191677
2.88255775749,4.72031824294
3.72044272966,5.89318698102
3.06783374675,4.97613804346
2.8699688511,4.70302708603
3.2393233128,5.21493777419
3.10961117337,5.03414588279
2.98374008857,4.85972500448
3.36755202023,5.39460433469
2.42570460293,4.10182123017
3.04438806079,4.94363358809
3.53742427782,5.63390847732
2.85404946474,4.68117905436
3.11481640095,5.04138113854
3.67816821387,5.83317359842
2.63636759621,4.38455445719
2.50390341335,4.20622024393
3.45844039848,5.52246897093
3.66834352038,5.81923667423
2.43610271703,4.11566313801
3.40742378701,5.45064665911
3.53540990864,5.63106280444
2.80385275388,4.61242009742
2.95002894519,4.8131954362
3.08556775315,5.00074793068
2.7013568599,4.47267604997
3.10182636125,5.02332820969
3.4865893802,5.56215142247
3.72154197914,5.89474843725
3.22516951929,5.19516193407
2.80257787418,4.61067643894
2.49307543266,4.19172369818
2.95690343142,4.82267729989
3.17894548565,5.1306581897
2.82109792748,4.63601946391
3.31891022754,5.32634607675
3.77146325218,5.96570992829
3.78439372377,5.984105759
2.64300109321,4.39353096153
3.47233212676,5.54204785746
3.71523094926,5.88578442707
2.6727138034,4.43378946008
3.31038585384,5.31439683179
2.91165235674,4.76032664976
2.66542912467,4.42391161753
3.43424509045,5.48839043578
2.40053605127,4.06836958228
3.10127576667,5.02256325643
3.7690034495,5.96221115133
3.32714794499,5.33789718105
3.65785252771,5.80435892803
2.78176899618,4.58223507047
2.54393240125,4.25992056235
3.71132714169,5.88024035658
2.9708311673,4.84189799182
3.29982398065,5.29959689412
3.16851030288,5.11611381047
3.04649213659,4.94654913238
3.44698509032,5.50633090513
3.36779996197,5.39495258287
2.69369602881,4.46226817022
3.3537265033,5.37519063294
2.37035892498,4.02836124032
2.36943517978,4.02713831001
3.09464640697,5.01335445807
2.42415469305,4.0997590787
3.14561735162,5.0842290698
2.96120861919,4.82861710557
3.7549216961,5.94218597668
3.7761948235,5.9724406723
2.76399708987,4.55797332831
2.92871218316,4.78381541495
3.68326630928,5.84040710432
3.01824596423,4.90743422107
2.50535483952,4.20816438838
3.02715040034,4.9197591442
3.31843253636,5.32567635884
2.55640814086,4.27669169672
3.64165125174,5.78139210712
2.64867480481,4.40121199858
3.15883103961,5.1026288828
3.26937205551,5.25695983833
3.29314719378,5.2902440915
3.17018871225,5.11845270743
2.46411166522,4.15301038162
2.3780508477,4.03854852452
2.72224047637,4.50107495861
3.13628660325,5.07124262757
2.77801122848,4.5771028419
2.4391978958,4.1197858441
2.80627850318,4.61573817412
3.43736609588,5.49278470644
2.85165508513,4.67789468544
3.42025494352,5.46869863722
3.34580366287,5.3640699004
3.22280458799,5.19185874573
2.70533943981,4.47808881088
3.13392812528,5.06796097264
3.16023175294,5.10457997346
3.59484849751,5.71510686059
2.51189416891,4.21692645991
3.13055074814,5.06326219228
2.78282164685,4.58367295667
2.39869134085,4.06592073119
3.28319626891,5.2763094084
2.85242754014,4.67895421213
2.59692300034,4.33126557309
2.4538408333,4.13930482532
3.24390097764,5.22133618449
2.82949995937,4.64752607341
3.32984341518,5.34167761002
2.86843749713,4.70092457145
3.7936280031,5.99724697391
3.51137514016,5.59712342649
3.50026573398,5.58144484224
2.5093746017,4.2135499361
2.80001398238,4.60717019831
3.63007595676,5.7649897506
3.02888681637,4.922163202
3.06647410303,4.97425208076
2.62897498061,4.37455567084
3.65417508511,5.79914485517
2.6101067445,4.34905964521
3.06624060102,4.97392820216
2.94708355056,4.80913394794
2.58809293138,4.31935728506
2.49809898986,4.19844766847
2.5938800412,4.32716094121
3.05588231716,4.95956436741
3.0442376077,4.94342512182
3.10925088258,5.03364514265
2.95347430314,4.81794713454
2.70909070225,4.48318848947
3.12134136294,5.05045323132
3.2513652448,5.23177187545
3.61959733377,5.75014625812
3.10699216551,5.03050611469
3.30700769591,5.30966249724
3.43013371495,5.48260248315
3.08382750015,4.99833203897
3.49329339112,5.57160777243
3.42396778065,5.47392369552
3.42524148975,5.47571633668
3.38086596366,5.41330897439
3.45020922426,5.51087237766
3.71407763453,5.88414646124
2.88259263175,4.72036616049
2.67038943691,4.43063714193
3.45134171105,5.51246770261
3.16135384336,5.10614304876
2.36573089067,4.0222353255
2.98010905253,4.85470941241
2.80808361387,4.61820761967
2.54943318262,4.26731327081
3.11872230042,5.04681145168
3.13197308121,5.06524092872
2.35072227314,4.00238744626
3.15073797206,5.09135817215
2.35944946752,4.01392514688
3.20052786735,5.1607599222
3.07186346923,4.98172838465
2.71544687519,4.49183230483
3.15318553826,5.09476632387
2.55263706175,4.27162053419
3.56461659608,5.67234051175
3.42339300339,5.47311476976
2.47752082252,4.17092163272
3.05469936027,4.95792441112
2.40226232079,4.07066157252
3.33307836181,5.34621516881
2.66123204408,4.41822272421
2.92847524722,4.78348904288
3.34329820105,5.36055384222
3.27000877866,5.2578508191
2.85995375151,4.6892798855
3.4340577566,5.48812669115
3.48305656856,5.55716905828
3.66819433938,5.81902508231
2.55932405749,4.28061388449
3.01999486836,4.90985451097
2.95397040257,4.8186314054
3.14771463636,5.08714878687
2.65405967167,4.40850481734
3.65154436633,5.79541522595
2.60324950764,4.33980230605
2.98333983225,4.85917208028
3.1644377813,5.11043937633
3.01437874189,4.90208315482
3.72564586279,5.90057832092
2.52333657015,4.23226922724
2.92828589543,4.7832282195
3.23181815831,5.20445005997
3.77574302326,5.97179794179
2.91866652055,4.76998146104
3.14931031002,5.08937037094
2.75783814444,4.54957155427
3.01412550405,4.90173278593
3.09679060157,5.01633263702
3.71050587208,5.87907409104
3.51457569754,5.60164139416
3.61956815154,5.75010492652
3.74535292124,5.92858289925
2.66559925523,4.42414225405
3.67839393811,5.83349384817
2.76231695564,4.5556810386
3.08798377784,5.00410228065
3.67471336291,5.82827223383
3.43674047756,5.49190381886
3.07067003924,4.98007265609
2.59462435699,4.32816485985
3.41478386092,5.46100044823
2.9647906033,4.83356013006
3.61580467495,5.74477491416
3.66715930071,5.81755705306
2.36373796002,4.01959819272
2.7073464368,4.48081707925
2.55855151802,4.27957465948
3.39069291276,5.42712055535
2.94070620753,4.80034220713
3.41567873674,5.46225949871
3.00534055097,4.88958103207
3.23284608197,5.20588629195
3.46684627747,5.53431504876
3.05461886291,4.95781281943
2.49532421464,4.19473332456
3.63763326547,5.77569792747
2.39086536593,4.05553630896
2.89617443339,4.73903474794
3.40593162552,5.44854788844
3.27832422154,5.26948886385
3.49456769456,5.57340548
2.77442364197,4.57220414946
2.3841748183,4.04666437665
3.37990138711,5.4119535454
2.44929114234,4.13323747596
2.98579835825,4.86256852795
2.44434669472,4.12664637166
2.75940358133,4.55170675003
2.88293476309,4.7208362571
2.37756768542,4.03790840411
2.87088619249,4.70428666227
2.95480525967,4.8197829654
3.64610256138,5.78770116765
3.38344686315,5.4169359031
2.8593299613,4.68842390041
3.75360357505,5.94031191139
3.2174382701,5.18436460495
2.4714892098,4.16286243042
3.49423873201,5.57294139296
3.65516235635,5.80054460573
3.39158786878,5.4283786409
3.72348143281,5.89750349842
3.55515252964,5.65896081035
2.94519777684,4.80653393136
2.8739696169,4.70852090526
3.11758227574,5.04522639346
3.77432033915,5.96977408353
2.87928252135,4.71581845417
2.85857837996,4.68739259665
2.78301277631,4.58393404319
2.44720900509,4.13046158022
2.46028436905,4.14790178344
3.36271286119,5.38780809589
2.97879371339,4.85289274849
3.31125589049,5.31561624796
2.60182617935,4.33788137917
2.49681411293,4.19672761392
3.41456101028,5.46068691346
2.74814243899,4.53635167332
3.29773941684,5.2966765897
3.47571391248,5.54681550631
3.12573531236,5.05656393754
3.00538814016,4.88964684534
3.09182126279,5.00943092379
3.51839509063,5.60703353734
3.1561709179,5.09892385701
3.69474827674,5.85670230776
2.66731331519,4.42646606007
2.52552463623,4.23520473015
2.79839304412,4.60495377001
3.79459523477,5.99862361698
3.38322745388,5.41662755488
2.55838510154,4.27935080302
3.44585765183,5.50474292863
3.48392677607,5.55839626736
3.03426647138,4.92961259647
3.76847142246,5.96145443639
2.63181082732,4.37839063779
3.2791573804,5.2706551386
3.14892921997,5.08883978238
3.45881156877,5.5229919755
2.72303285388,4.50215324986
3.57316150783,5.68442417225
2.44452230609,4.12688041915
3.73298855337,5.91101082912
3.27982395053,5.27158824618
2.44264910548,4.12438407837
2.61575359818,4.35668641885
3.21772881041,5.18477030608
3.33512701328,5.3490890342
2.89831933155,4.74198425661
2.48000473776,4.17424171931
3.33887810789,5.35435167422
3.2943271377,5.29189677343
3.61244088475,5.74001146653
3.6672861633,5.81773698407
3.00671268836,4.89147868605
3.09718123109,5.01687523353
2.90950239034,4.75736801355
2.41914831714,4.09310003096
2.36502978082,4.02130753017
3.18362693556,5.13718523158
3.26453975383,5.25019862648
2.37444140012,4.03376721857
3.35872168537,5.38220369526
3.44391249407,5.50200335406
3.28855308236,5.28381009809
2.93335558333,4.79021239183
2.56324953168,4.28589540487
2.51864945421,4.22598272269
3.54239696277,5.64093410721
3.6673859245,5.81787847724
3.1432747304,5.08096812892
2.4341902975,4.11311639366
2.82992247444,4.64810485932
2.39302763855,4.05840472787
2.53032064135,4.24164081352
3.70133062931,5.86604637039
2.39538297698,4.06152990537
3.19723826174,5.15617001155
3.08153598456,4.99515116008
3.32775882113,5.33875390835
2.5903357914,4.32238128353
2.68086921675,4.44485382345
3.12188360052,5.05120726084
3.34881369017,5.3682944781
2.43694396219,4.11678354741
3.39845000216,5.43802643396
3.04207679472,4.94043128825
2.68018091695,4.44391977761
2.75392237165,4.54423151075
2.93019171822,4.78585352316
3.2240821442,5.19364311645
3.70867439833,5.87647335497
3.69976917288,5.86382962799
3.51423458787,5.60115985485
2.36295284435,4.01855942885
2.9887193321,4.86660439746
2.8372187913,4.65810203996
2.6826576623,4.44728100722
2.78301613962,4.58393863756
2.8624331591,4.69268250961
3.60694103959,5.73222420181
2.45557429694,4.14161714736
2.59999488023,4.3354101486
3.26863538996,5.25592903404
3.2267029299,5.19730387825
2.91334379479,4.76265453374
2.81366649381,4.62584685428
2.57220558072,4.29795120309
2.4631091739,4.15167211658
2.48010288305,4.17437291776
2.89822415289,4.74185336642
3.12629700723,5.05734517875
2.68614720557,4.4520176752
3.71884998518,5.89092461209
2.70645214061,4.47960134766
3.46646897856,5.53378326385
3.76087804197,5.95065536413
3.32328903879,5.3324856903
3.54009907986,5.6376874179
2.45396407716,4.13946921293
2.94484932405,4.80605352924
3.10557456153,5.0285361798
3.38252297014,5.41563752072
3.77534788111,5.97123581936
3.14684881338,5.08594340609
2.55028820893,4.26846265558
2.36226333813,4.01764722627
3.34416010205,5.36176336024
2.38335614928,4.04557916249
3.09888101914,5.01923640527
3.12702600696,5.05835914761
3.54954238812,5.65103142613
3.18209005963,5.13504232113
3.79280896957,5.99608128589
3.50143543581,5.58309536081
3.61550951141,5.74435691515
3.75857574014,5.94738153687
2.9446424428,4.80576831201
2.75670723555,4.54802916861
3.21473824394,5.18059460932
3.12596525933,5.05688376013
3.21584886714,5.18214530039
3.15598212834,5.09866092668
2.4011873629,4.0692342952
3.47020607101,5.5390508169
2.80191158768,4.60976520925
2.68683045878,4.4529452461
3.51754918934,5.60583925309
3.79423191491,5.99810650639
2.65289740042,4.40693050165
3.33736014534,5.35222194253
3.56178683056,5.66833955115
3.35281640377,5.37391302422
2.99158841257,4.87056914804
3.54426919612,5.64357956979
2.64139222868,4.3913534469
3.31572660509,5.32188290242
3.72646836043,5.90174682198
2.44235085846,4.12398665351
3.22784622913,5.19890098342
3.29455399404,5.29221452721
2.69710826457,4.46690332189
2.56995696131,4.29492355224
2.81068932874,4.62177278637
2.84546701404,4.66940860772
3.1471243469,5.08632699314
3.7378990427,5.91798883726
2.67267901587,4.43374227736
3.36145548725,5.38604240529
3.11645959169,5.04366552496
3.7002126622,5.8644592236
3.77345610482,5.96854469293
3.26817021947,5.25527814397
2.44884153748,4.13263802287
3.54144747297,5.63959253993
3.11005025209,5.03475613525
2.76506672991,4.55943281612
3.45357988493,5.5156207816
2.46045507481,4.14812960283
2.69848872866,4.46877883206
3.55323405725,5.65624908003
3.52392481766,5.61484147852
3.59442912044,5.71451333334
3.52454131077,5.61571204953
2.98237331325,4.857836953
3.56522990177,5.67320770162
3.72702177364,5.9025330567
3.30591293335,5.30812836924
3.6937448995,5.85527810344
3.70816619852,5.87575172284
2.79813773619,4.60460468845
2.98015249316,4.85476941197
3.41294238453,5.45840969771
2.93742161125,4.79581525216
3.25463644,5.23634627962
3.65506842992,5.80041143536
3.31677348567,5.32335048227
2.52175231034,4.23014410699
2.6396087647,4.38893990922
3.11018881895,5.03494872458
3.0308038538,4.92481756599
3.04283610389,4.94148328509
2.74920378975,4.53779840697
2.37904292967,4.0398629798
3.51048942731,5.59587322061
2.52438682688,4.23367818501
3.51675347526,5.60471585549
3.5624503522,5.66927766207
2.44812390534,4.13168125992
3.07128136932,4.98092078528
2.83996247413,4.66186244759
3.47540275277,5.54637681006
3.79087337044,5.99332654766
3.49072903942,5.56799037515
3.61623108994,5.74537879286
3.00827915036,4.89364524791
3.24913010423,5.22864662554
2.42507477118,4.10098320661
2.82054563485,4.63526329715
3.5148661356,5.60205140533
2.82268810233,4.63819677618
3.1636415576,5.1093300778
2.7747885652,4.57270238659
3.26835022525,5.25553001574
3.53135590681,5.62533632542
3.09562102761,5.01470812087
3.6282702905,5.76243160349
3.0097165398,4.89563343911
2.98225049142,4.85766729442
2.80312535585,4.61142521561
2.80023536506,4.60747292799
3.51281123348,5.59915058491
3.68985709802,5.84976009905
2.63819018642,4.38702038315
3.66302068638,5.8116875598
3.2472085934,5.22596012883
2.92666969604,4.78100208687
2.45409423914,4.13964283008
2.3701949267,4.02814411814
3.13688085283,5.07206953804
2.63436073343,4.38183958218
2.73034358531,4.51210452771
3.67515818982,5.82890327833
3.10541167177,5.02830983263
3.14905197056,5.08901068604
3.01418975559,4.90182168116
3.05345058441,4.95619330924
3.77074711271,5.96469128127
3.25375098432,5.23510800851
3.50527631876,5.58851551999
2.63987478533,4.3892998921
2.38987681533,4.05422510979
2.78858162097,4.59154253336
2.55345560998,4.27272115286
2.45581394491,4.14193684825
2.39926242772,4.06667880477
2.77744221187,4.57632580225
2.8588030479,4.68770087654
2.51018991389,4.21464247788
3.62393359284,5.75628822244
2.58110715854,4.30994175441
3.64814731827,5.79059957892
2.44828515638,4.13189623822
3.59467397004,5.71485985806
3.41782671927,5.4652817763
2.59328754575,4.32636183431
2.98810244109,4.86575199782
2.45927219402,4.14655102916
3.27479242172,5.26454539536
3.42563070463,5.47626414062
3.72902225081,5.9053752369
3.31397724259,5.31943067232
2.55328249627,4.27248837865
3.13510289825,5.0695955429
3.35205941854,5.37285039202
2.56374075182,4.28655642719
3.61543517703,5.74425164632
2.75455738092,4.54509740034
2.42665593529,4.10308711477
3.4939242701,5.57249776756
2.37997170599,4.04109366765
3.69888900214,5.86258012488
3.18231168281,5.13535132806
3.35883806945,5.38236710989
3.61953439999,5.75005712332
3.08477941667,4.99965350492
2.95603287407,4.82147636633
2.59474632368,4.3283293714
3.26188077815,5.24647882225
3.18540220327,5.13966071352
3.63167322448,5.76725276705
2.41185650545,4.08340637389
3.69687699321,5.85972396443
2.82842130328,4.64604853211
3.12417176363,5.05438935751
3.25856866033,5.24184584993
2.45373833319,4.13916810787
2.92597243681,4.78004175034
3.07915010406,4.9918396534
3.14766808749,5.08708398133
3.76650578128,5.95865875082
3.67665823236,5.83103134208
3.51107697249,5.59670255133
2.47436314688,4.16670196542
3.63934282534,5.77812058619
3.69669870138,5.85947087692
3.68557566244,5.84368410987
2.48757278075,4.1843616385
3.64805833419,5.79047344174
2.66064834451,4.41743168452
2.61623304731,4.35733411767
3.72577144793,5.90075673476
2.82022353292,4.63482230544
2.53635839249,4.2497467362
2.66331197038,4.42104173514
2.49753189621,4.1976884825
3.47165378278,5.54109159188
2.83784481329,4.65895999366
2.57447931742,4.30101319556
3.27625405049,5.26659115703
2.85369338545,4.68069059207
2.56340146894,4.2860998603
3.59609700785,5.71687387126
3.61454412763,5.7429898025
2.59028504833,4.32231286221
2.5644827692,4.28755498778
2.57595024512,4.30299434171
2.67120481975,4.43174291145
3.04603821791,4.94592012814
2.56092573558,4.28276866757
2.80871573948,4.61907244958
3.60168190529,5.72477897288
3.42887622906,5.48083237244
2.90348052407,4.74908298027
2.6693459359,4.42922210328
3.10404250612,5.02640734395
3.29384530238,5.29122188429
2.37865779293,4.03935268001
3.37233937625,5.40132900424
2.7019273755,4.47345135531
3.70894688053,5.8768602777
3.43814322179,5.49387894736
2.75188617418,4.5414552148
2.56206858639,4.28430633836
3.5062800489,5.58993207166
2.47676454919,4.16991090793
3.13681157976,5.07197314201
3.79420980192,5.99807503329
3.15266893131,5.09404693602
3.73871908737,5.91915424617
2.49491851001,4.19419031445
3.11986517413,5.048400553
3.34722675133,5.36606714817
2.7256147272,4.505667126
3.31347328778,5.31872426647
3.66362851978,5.81254956129
2.65672499248,4.41211551872
2.80819259628,4.61835671943
3.44965577163,5.51009275593
2.37303616551,4.03190618741
3.3521012622,5.37290913006
3.44589126222,5.50479026736
3.04383953869,4.94287356875
2.68504683508,4.45052392394
3.18659540664,5.14132465426
2.59249347744,4.32529091815
2.71685386786,4.49374617343
3.02390976881,4.91527305549
3.11244812553,5.03808902855
3.73265311441,5.91053419083
2.67157360182,4.4322430501
2.44425061956,4.12651832821
2.80063646053,4.60802141617
3.32208702836,5.33080022716
3.77017563864,5.96387842237
3.34732094549,5.36619934963
3.69617368398,5.85872561549
2.44840257541,4.13205278198
2.52692098668,4.23707833559
3.31710747471,5.32381870043
2.69905805446,4.46955237309
2.48084068441,4.17535922837
2.98953006489,4.8677246818
3.46080617603,5.52580262776
3.32483276619,5.33465042293
3.7926908453,5.9959131678
3.33924422099,5.35486535633
3.17219772409,5.12125252837
2.43251962224,4.11089192403
2.91058302699,4.7588550683
2.41088664906,4.08211753085
3.21732800118,5.18421063026
2.42469058883,4.10047205499
3.28682018815,5.28138350185
3.32162480817,5.3301521209
2.48039533272,4.17476386429
2.54796776774,4.26534353657
2.8760083944,4.71132101414
2.59151763784,4.32397494316
3.4742053657,5.5446886869
2.59971981861,4.33503899777
2.86462419619,4.69568978691
2.61716991846,4.35859982305
3.36028106534,5.38439327533
2.53145551252,4.24316413004
3.62624781852,5.75956646378
3.52413057125,5.61513202828
3.62129133796,5.75254558479
3.65508654552,5.80043711991
2.58592626311,4.3164364925
2.73992692215,4.52515635309
2.51307467677,4.21850871786
3.61534282283,5.74412085898
2.64641883549,4.39815751499
3.01612152035,4.90449450659
3.5705538907,5.6807363081
3.49155616367,5.56915712266
3.26186001704,5.2464497798
3.19501812776,5.15307266982
2.72368878315,4.50304590022
3.53230986661,5.62668377411
3.40149812125,5.44231268514
3.31300719386,5.31807094326
3.66220407987,5.81052950974
3.18956496519,5.14546611678
3.24897948094,5.22843602904
3.69505955405,5.85714414631
3.4966652912,5.57636480289
3.44202495272,5.49934510209
3.33646935419,5.35097220125
3.00726939893,4.89224864891
2.66698117384,4.42601574403
3.37483706514,5.40483790638
3.75962397268,5.94887207743
2.62454279328,4.36856349659
3.00361807326,4.88719904447
3.70959278606,5.87777747062
2.35842013499,4.01256383217
3.01764859706,4.90660757879
2.58693851094,4.31780100183
2.86173101011,4.69171886411
3.55264927617,5.65542253386
3.44562930474,5.50442131341
3.07499721837,4.98607649531
3.01285087935,4.8999693372
2.82472888322,4.6409913705
3.16423600106,5.11015825257
3.45185348248,5.51318865113
3.53125468634,5.62519335599
3.5043723902,5.5872398569
2.38970984487,4.05400365427
3.37466736141,5.40459948638
3.76723798799,5.95970013413
2.63838500903,4.38728399281
2.55141968979,4.26998378603
2.38658263953,4.04985661749
3.7822536829,5.98106074471
3.2299890329,5.20189452519
3.27301055004,5.26205156705
3.48073298785,5.55389240591
2.66321553923,4.42091102903
3.00301738755,4.88636841377
2.89790881313,4.74141971445
2.7252596213,4.50518379931
2.68764912302,4.45405670449
3.50547722569,5.58879905368
3.32263470536,5.33156817218
3.1837082515,5.13729861667
2.62648812293,4.37119328588
2.39465390085,4.06056246027
2.77941162382,4.57901531453
2.84006815696,4.66200730525
3.13006662033,5.06258870689
3.68036733902,5.83629372938
3.36964894808,5.39754968784
3.08044663465,4.99363914024
3.37665694305,5.40739478008
3.56690521679,5.67557661523
3.77834658688,5.97550187446
3.11258193853,5.0382750309
3.21154139008,5.17613144958
3.08535555978,5.00045334454
2.45982497561,4.1472887055
2.78590825957,4.587889703
2.42495381866,4.10082227836
3.75179697963,5.93774345644
3.19510030117,5.15318730598
3.0956515466,5.01475051006
3.46946843339,5.53801104016
2.87361512192,4.7080340656
2.59081550424,4.32302813501
2.80747022678,4.61736845778
2.91339940941,4.76273107838
3.42959176773,5.48183959705
2.66085329169,4.41770942883
2.72716619648,4.50777892649
2.798871079,4.60560739975
3.44305699869,5.50079852607
3.280528099,5.27257398493
3.01037952437,4.89655052454
2.48299273818,4.17823649019
3.21390185376,5.17942685925
3.2193967946,5.18709951998
3.36454117775,5.39037568873
2.68119989973,4.44530258677
2.74483025753,4.53183744509
2.75073909421,4.53989136189
2.81142230621,4.62277575397
3.21818733588,5.18541058621
3.47619575648,5.54749485506
3.3783448988,5.40976645819
3.2234956357,5.1928239247
2.4840090002,4.17959539455
3.31211408346,5.31681910421
3.76910620478,5.96235730389
3.16683045533,5.11377307931
2.81681599213,4.630157536
3.57019835933,5.68023351535
2.68436850774,4.44960315082
2.97400053644,4.84627374763
3.60208196358,5.72534528395
3.53365726205,5.62858701279
3.34852858881,5.36789431765
2.5116859824,4.21664743898
3.61254844794,5.7401637788
2.5069843127,4.21034729352
2.64404325986,4.39494161142
2.51969455444,4.22738424029
2.47715845869,4.17043734206
3.65382455342,5.79864788195
3.79526134684,5.99957170239
3.75549982763,5.94300796796
2.46628777473,4.15591574509
2.8349692663,4.65501935814
3.55651363457,5.66088480997
2.68916346707,4.45611281288
3.12725419652,5.05867654427
2.99541272948,4.87585482276
2.93880570626,4.79772276824
3.51144053621,5.59721573609
3.07913395883,4.99181724572
2.36810368751,4.02537575589
3.77803711267,5.97506159077
2.54945246532,4.2673391911
2.4465731067,4.12961390232
3.34017089099,5.35616557017
3.78274950551,5.98176622379
2.49998456722,4.20097220171
3.42310331827,5.47270708104
2.82039151791,4.63505229366
3.60764645084,5.73322292562
3.13984651892,5.07619664937
3.59939183637,5.72153734928
2.76914788833,4.5650023132
2.49256012903,4.19103412664
2.79958972548,4.60659005964
2.91833091431,4.76951942443
3.07938192206,4.99216139133
3.51680664412,5.60479091894
2.86301524457,4.69348140635
2.65175560335,4.40538404257
3.32447745269,5.33415216394
3.73751109496,5.9174375133
2.58251875843,4.31184393473
3.66637968612,5.81645132913
2.35097791053,4.00272527328
3.67926730115,5.83473296499
2.89762085355,4.74102372197
2.59332468699,4.32641192619
3.74312022158,5.92540937763
3.15483027554,5.09705676932
3.29800399621,5.29704723082
3.56132079793,5.667680669
3.1203774095,5.04911281392
2.72598596408,4.50617242009
3.21178708057,5.17647443946
2.69878713999,4.46918427887
3.78678234682,5.98750467872
3.37682397328,5.407629461
2.96238424296,4.83023932786
2.88386384514,4.7221128832
3.27947883464,5.27110512779
3.02998506297,4.9236838233
3.70497254415,5.8712170418
3.7006048965,5.86501606202
3.71111731993,5.87994239112
2.90108485923,4.74578772374
2.63104481836,4.37735467369
2.72241930713,4.50131831205
3.17941483796,5.1313125182
2.9379729506,4.79657507387
2.69794144856,4.46803527207
3.48876417467,5.5652188508
2.89685741244,4.73997389347
3.51471279622,5.60183493576
2.6158162196,4.35677101429
2.68301233726,4.44776238822
2.55549628987,4.2754653495
3.0037657382,4.88740323999
2.62040214721,4.36296719416
3.16324334383,5.10877530094
2.48029094756,4.17462432119
2.58775569279,4.31890263729
3.44809278295,5.50789112977
3.20181426941,5.16255498211
3.41666131104,5.4636419827
3.04328386212,4.94210365684
3.13717073289,5.07247292
3.5370519462,5.63338247552
3.2049646202,5.16695142666
3.26256205411,5.24743186339
3.48780808458,5.56387031087
2.51784045386,4.22489790383
3.55551051417,5.65946683396
2.42023296341,4.09454248377
3.33407644469,5.34761526015
2.51387970923,4.21958780462
3.13507004822,5.06954983447
2.79374829525,4.59860386602
3.72500831761,5.89967259531
2.62957574927,4.37536803656
3.7348108589,5.91360029079
3.51869177144,5.60745241337
3.70405039647,5.86990775668
2.58593875609,4.31645333241
2.82918162193,4.64709000558
2.39432635842,4.06012784979
3.50639121482,5.59008896158
2.79451934245,4.5996578522
3.76448115706,5.9557793291
2.5624687751,4.2848448117
3.57484334617,5.68680289746
3.3301129692,5.34205568391
2.38871137993,4.05267944515
3.7148670377,5.88526758528
2.80651543747,4.61606229209
2.36531654578,4.02168700569
3.2634832624,5.24872058855
3.64596288139,5.78750317977
2.91177899809,4.76050093569
3.38765705396,5.42285319431
3.13555262303,5.07022130921
3.01516795344,4.90317510186
2.94676743961,4.80869809095
2.50841764164,4.21226767357
2.84632089895,4.67057941184
3.19320457442,5.15054277038
2.78499102299,4.58663654584
2.54809226631,4.26551087239
3.72863419109,5.90482388835
3.10315352248,5.02517214351
2.41207371947,4.08369504507
3.52264867697,5.61303945165
2.94234951449,4.80260737048
2.54921695096,4.26702260946
3.14792620139,5.0874433303
3.40808046905,5.4515703376
3.13260698138,5.06612284516
2.92650703203,4.7807780462
3.70054140813,5.86492592985
3.48581338003,5.56105697045
3.42054522376,5.46910712277
3.26494839625,5.25077033641
2.79721671539,4.60334542498
3.71284232968,5.88239210944
3.10421618561,5.02664866919
3.32898474313,5.34047327049
3.07658955619,4.98828612618
3.00897206836,4.89460367151
2.54410887146,4.26015767841
2.64545584661,4.39685381717
2.602250763,4.33845437722
2.77829516893,4.57749059645
3.39588315233,5.43441730294
2.63023036523,4.37625325474
3.08371359186,4.99817391356
2.78426313574,4.58564213368
3.54181606203,5.64011332746
2.58439090853,4.3143670319
2.93260842248,4.78918295922
3.3312605246,5.34366527714
3.22625537509,5.19667869747
3.39434425635,5.43225368992
2.40107777172,4.06908879308
3.70114741501,5.86578626272
2.37629869148,4.03622730626
3.46004931023,5.52473608633
3.50399914822,5.58671313269
3.18306416029,5.13640052147
2.36482917131,4.02104207004
2.96286287278,4.83089980896
3.28962339051,5.28530894777
3.14414854534,5.08218444439
2.69477129919,4.46372869431
3.17591915263,5.12643946632
2.79463824097,4.59982038541
3.24517869911,5.2231223261
2.92140548357,4.77375256549
2.98676978395,4.86391066714
3.4858375604,5.56109107345
2.85188020045,4.67820345674
2.61292054333,4.3528596383
3.28759451054,5.28246777612
2.72632850908,4.50663867217
3.6279399562,5.76196362283
2.79114689029,4.5950482288
2.63627712272,4.38443205675
3.35949733005,5.38329278942
2.95474102281,4.81969435851
2.42720799983,4.10382176456
2.76222286351,4.55555267121
3.40319841979,5.44470383932
3.26274240963,5.24768416817
3.1850339591,5.13914720836
3.55878354625,5.66409364313
3.68715229839,5.84592150295
3.43875850045,5.49474531827
3.20453680687,5.16635436141
2.57622999534,4.30337115327
2.36071205239,4.01559512339
2.43435740276,4.11333890868
3.71464507467,5.88495234704
3.03462821327,4.93011358303
3.52073045679,5.61033088988
2.68301005192,4.44775928641
3.66303834626,5.81171260402
2.37946566802,4.04042312199
2.87516454448,4.71016201026
2.73472833197,4.518075245
3.18911595079,5.14483987019
3.52019604159,5.60957631582
3.1775309837,5.12868629872
2.87433306133,4.70902004557
2.41729935387,4.09064144503
3.42770516965,5.47918399037
3.48069419138,5.5538376983
2.35204025344,4.00412925663
3.54929411539,5.65068054947
2.46243117662,4.1507670956
2.6381692899,4.3869921088
3.32795851521,5.33903397493
3.74982112268,5.9349345047
3.33116495999,5.34353123289
2.87440589286,4.70912007076
2.36957089993,4.02731798097
3.62124669017,5.75248234571
3.59564788762,5.71623822581
2.52543968565,4.2350907512
2.83277462275,4.65201227429
3.4176650896,5.46505435044
3.69684210275,5.85967443688
2.53227800022,4.24426822505
2.4229943279,4.09821539967
2.57705138686,4.30447757823
2.49039151218,4.18813243542
3.17728506353,5.12834348513
3.33956450637,5.35531474475
2.92587149451,4.77990272528
2.80442212403,4.61319887061
2.53601055739,4.24927964942
3.53604423578,5.63195889029
3.76688384136,5.95919644541
2.83643718777,4.65703090801
3.10079963018,5.02190176501
2.41419781194,4.0865181973
3.48119660732,5.5545461696
3.10403358515,5.02639494844
3.13700459814,5.07224173493
2.35824934537,4.01233797199
2.68275879054,4.44741826189
3.59742813168,5.71875787856
2.8106675745,4.62174301969
2.50416578724,4.20657166945
3.64436184767,5.78523386999
3.7405654878,5.92177835932
2.4080440978,4.07834070499
2.92504863727,4.7787694547
3.65710044296,5.803292537
2.45410002356,4.1396505457
3.74971079281,5.93477766008
3.28064592023,5.27273892575
3.68537970632,5.84340603692
3.18482930668,5.13886183034
2.48975034014,4.18727462191
2.59255048794,4.32536780296
3.59681265983,5.71788676043
2.91428295468,4.76394716834
3.14246070927,5.07983508628
3.11497669201,5.04160396989
3.21894159599,5.18646385356
2.4939095637,4.1928399814
3.13573958907,5.07048146543
3.14805824151,5.08762715955
2.81235587869,4.62405326869
2.39819640917,4.06526377938
3.50430777759,5.58714867423
2.96583025545,4.83499498885
2.43746014221,4.11747106046
2.56051749977,4.28221943129
2.49103986093,4.18899989645
3.02195998379,4.91257426213
3.70474606154,5.87089547376
2.84983072879,4.67539252031
3.36580743051,5.39215404928
2.88507695428,4.72377988268
3.66810073136,5.81889231319
2.49555563554,4.19504307492
2.42412401186,4.09971826029
3.54881015447,5.64999658946
3.11749755701,5.04510860618
3.52363244101,5.61442860951
2.83225075712,4.65129453465
3.13381707342,5.06780646034
3.06360293549,4.9702698807
2.47849446793,4.17222295902
2.48699940811,4.18359470835
2.43348087829,4.11217177705
3.39602757198,5.43462035606
2.4026137932,4.07112827065
3.11181151334,5.03720414223
3.39083328915,5.42731788696
3.66919251351,5.82044086693
3.1014179234,5.02276075608
3.71800392468,5.88972289006
3.56679706648,5.67542368577
3.6325838707,5.76854302294
2.51524319567,4.22141561658
3.24565229586,5.22378439595
3.68277028136,5.83970326169
3.71078172191,5.87946581587
2.55345386989,4.27271881306
2.35510251394,4.00817710722
3.76942625974,5.96281253226
3.24277817402,5.2197666807
2.5449736439,4.26131968597
2.4785130652,4.17224781624
3.65489861701,5.80017067285
3.312442643,5.31727962871
2.8492826374,4.67464084613
3.30892522897,5.31234975715
3.27150839573,5.25994935529
2.64850765072,4.40098566274
3.28183179616,5.27439910502
3.52797779079,5.62056513756
3.73797040494,5.91809025289
3.70541053519,5.87183892277
3.13091553943,5.06376967452
3.69081011646,5.85111267352
3.47364229195,5.54389486695
2.46165207101,4.14972717476
2.74829978304,4.5365661438
2.68162039025,4.44587324065
3.22282156587,5.19188245822
2.56114957007,4.28306981946
2.70279949923,4.47463658939
2.53793251982,4.25186069585
2.37111560409,4.0293630732
3.49355064202,5.57197067981
3.02031124774,4.91029236731
2.83223978323,4.65127949973
3.61240703739,5.7399635379
2.61021026109,4.34919942906
2.94227657304,4.80250682252
3.0691352745,4.97794350686
3.2046294349,5.16648363412
2.81425382695,4.62665066906
2.79404464527,4.59900895707
3.40817226329,5.45169945561
2.36230526916,4.01770269848
2.55573651604,4.27578842104
3.00711388516,4.89203356223
2.79643740456,4.60227996893
3.49793975174,5.57816293219
3.57751266979,5.69057853723
2.55383243793,4.27322785843
3.75205402742,5.93810889621
3.34714501429,5.36595243063
3.05678179827,4.96081139762
3.49920519441,5.57994841294
3.57427837355,5.68600380882
3.5876404946,5.70490672793
2.7107408322,4.48543216885
2.76452074994,4.55868783266
2.67703898539,4.43965662509
3.44936570596,5.50968416046
3.55714499098,5.66177729633
3.36650984358,5.3931405733
2.84588131464,4.66997666869
3.41412913068,5.46007929704
3.24016093739,5.21610847118
3.73557262193,5.91468278005
3.76759333005,5.96020552785
2.50543708061,4.20827455482
3.15354911799,5.09527262733
3.61930792986,5.74973636899
3.18725107432,5.14223902906
3.36470918032,5.39061163144
3.78707622603,5.98792287248
3.68439562045,5.84200958625
3.29503180978,5.29288380465
3.37563152327,5.40595407536
2.66205509061,4.41933818518
2.95847093824,4.82483981244
3.00875703466,4.89430623975
3.43500737529,5.48946366337
2.51176044267,4.21674723345
2.84247187261,4.66530227719
3.1771013948,5.12808745261
3.69542657428,5.85766511342
3.64176402559,5.78155193684
2.83999767373,4.66191069499
2.45012289174,4.13434649893
2.51208998981,4.21718891215
2.83745701593,4.65842851953
2.93775377245,4.79627301348
3.16048765323,5.10493643661
3.44289630144,5.50057221372
3.55154235554,5.65385802263
2.89061788116,4.73139540318
2.84337404231,4.6665390744
2.52861997527,4.23935829593
2.50888377506,4.21289224886
2.40645345061,4.07622767153
2.5676974309,4.29188172894
3.15933698204,5.10333360966
3.25443141476,5.23605955685
2.654586749,4.40921879427
3.33041402878,5.34247795173
2.4702819228,4.16124978925
2.52652240824,4.23654350696
2.50486524806,4.20750856891
2.63257443418,4.37942340938
3.53154668211,5.62560578832
3.61242517892,5.73998922671
3.43489404257,5.48930409943
2.50989139062,4.21424243979
3.47912807729,5.5516293517
3.74918471348,5.93402979376
3.66351287769,5.81238556181
3.68814390662,5.84732873871
2.52093084277,4.22904229872
2.72049935206,4.49870577922
2.45185543098,4.1366568543
3.76518141522,5.95677521896
2.60937914716,4.3480771622
3.48639395731,5.56187580007
2.79373937701,4.59859167548
2.82317983956,4.63887011808
2.60042629795,4.33599229158
3.43612230016,5.49103342701
2.59693743195,4.331285042
2.77884516376,4.57824169929
3.05378213926,4.95665291345
3.15022890248,5.09064935626
3.51705948965,5.60514788642
3.21333014369,5.17862867327
2.9382102829,4.79690215738
2.44037626664,4.12135569735
3.5983069939,5.72000181889
2.58868311697,4.32015297044
3.5339071646,5.62894001707
3.2112681941,5.17575006548
2.70257520475,4.47433176204
2.69379182,4.46239827774
2.42249291245,4.09754839597
3.75508983552,5.94242503711
3.00071200444,4.88318075218
3.16711643004,5.11417154982
2.53002013596,4.2412374735
3.58060251565,5.69494937657
3.18412308724,5.13787706021
3.63634642199,5.77387439112
2.93597202959,4.79381763468
2.52955970546,4.24061949962
2.36716707203,4.02413604868
3.34296097448,5.36008061794
3.39399719027,5.43176574834
3.39010959826,5.42630058201
2.9179821812,4.76903932463
2.46812872022,4.15837404063
2.64659806233,4.39840016264
2.58112235474,4.30996223076
3.42994159154,5.48233203399
3.10811991864,5.03207335719
2.80937423869,4.61997339679
2.80667440367,4.61627975498
2.95649145959,4.8221089781
2.38872961102,4.05270362296
3.69708354344,5.8600171667
2.9169343343,4.76759681147
2.52645267473,4.23644993745
3.62669897127,5.76020557543
3.47841775186,5.55062777394
3.4199532295,5.46827406635
3.17742328555,5.12853616667
2.86442444127,4.69541560059
3.54857791785,5.64966838369
3.40635421416,5.44914226098
3.14605156564,5.08483353499
2.99243373548,4.8717374001
3.7654083295,5.95709793485
3.16620015639,5.11289485283
3.59574792417,5.71637980803
2.80546641308,4.61462729766
3.7891416918,5.99086214739
3.63778686394,5.77591559059
3.03205986366,4.92655679411
2.95567606471,4.82098416371
2.95468551592,4.8196177938
2.36114526586,4.01616816535
3.06841077245,4.97693847278
2.81319843614,4.62520629813
2.71263310875,4.48800539425
3.42099765716,5.4697438003
3.70149887639,5.86628523042
3.53762517555,5.63419229294
2.55547413887,4.27543555971
3.3844753981,5.41838139379
3.60526155825,5.7298464718
3.1559393692,5.09860137562
3.46394963909,5.53023254824
3.0224569293,4.91326208431
3.62567342141,5.75875277425
3.00302632041,4.88638076598
3.1258333176,5.05670024809
3.39465377931,5.4326888546
2.45050053431,4.13485005922
2.36255427505,4.01803212263
3.41095078926,5.45560793616
2.5568608635,4.27730059468
2.7027535267,4.47457411007
2.43213870444,4.11038478521
3.04216825652,4.9405580034
3.18691351847,5.14176828043
2.87919627564,4.71569997386
3.35394425508,5.37549632189
3.18196543231,5.13486855584
2.76874176774,4.56444802301
2.97167072525,4.84305704914
3.46247587796,5.52815559388
3.7626668016,5.95319908473
3.69212562331,5.85297977094
2.86650198744,4.69826742074
3.00835691249,4.89375280453
2.70612299887,4.47915392112
2.92661919105,4.78093252504
3.64624516179,5.78790329588
2.92797024857,4.78279343636
3.12775205165,5.05936903923
3.77699942431,5.97358531563
2.47881373404,4.17264969724
3.19420354899,5.15193631178
3.32101530759,5.32929752149
3.13864110809,5.0745190974
3.39067484302,5.4270951542
3.05738029125,4.961641171
3.13005445998,5.06257179044
2.94311606094,4.80366405894
3.50457632755,5.5875276588
2.41069281806,4.08185996203
3.12197994234,5.05134123462
3.06779032157,4.97607780649
3.65503330409,5.80036163349
3.17829772552,5.12975516276
3.00796938303,4.89321679762
3.06136438606,4.96716547363
2.8016915461,4.60946428304
2.70685852943,4.48015379524
3.64920527676,5.79209928693
3.25463985446,5.23635105468
3.11061502849,5.03554110624
2.8162796468,4.62942338936
2.94541394468,4.80683196036
3.29270832232,5.28962940795
2.88931763148,4.72960811303
2.3640420596,4.02000055868
2.73420991086,4.51736922226
3.0107843435,4.89711051282
2.47599486759,4.16888232894
3.79491288652,5.99907573251
3.38028088171,5.41248680794
3.18676652212,5.1415632844
2.75824307,4.55012383704
2.47590605535,4.16876364722
3.40956059325,5.45365233542
2.44614963691,4.12904942591
2.83588105456,4.65626879679
2.7343664926,4.51758246394
3.45254180439,5.51415833175
3.15465883534,5.09681801563
3.23790962528,5.21296203958
2.56634000412,4.29005458536
3.77155148469,5.96583543282
3.1643042007,5.11025326922
2.63114550659,4.37749084302
3.74648028303,5.93018538561
3.36494359711,5.3909408487
3.35525511266,5.37733661003
3.23013802068,5.20210267404
3.43015049677,5.48262610675
2.6975839335,4.46754955025
3.11117688745,5.03632204234
3.63664046227,5.77429105816
2.47122013175,4.16250299362
3.73578773524,5.91498846693
3.41090157988,5.45553871125
2.71363362597,4.48936608373
2.81832616662,4.63222478039
2.95775582404,4.82385322805
2.92223199811,4.77489065026
3.29271535898,5.28963926343
3.54793443701,5.6487590043
2.41689047246,4.0900978055
3.171054863,5.11965977211
3.71679458462,5.88800522438
3.64779531802,5.79010061162
3.35583549757,5.37815142991
2.56144982392,4.28347379575
2.69214188126,4.46015737981
3.30527297278,5.30723160067
2.97943913037,4.85378414269
2.92981997479,4.78534141921
3.62545556064,5.75844415686
3.21309036181,5.17829391039
3.08132087619,4.99485258315
2.41779376295,4.09129882655
2.9617102466,4.82930928017
3.41164488792,5.45658436667
3.28938612419,5.2849766768
3.26132581924,5.24570250597
2.80458476966,4.61342133895
3.2245428933,5.19428667066
2.80863999216,4.61896881568
2.63823831899,4.3870855098
3.43550762556,5.49016798555
3.00351826731,4.88706103067
2.6912952223,4.45900756877
2.60906071774,4.34764719966
3.50929056748,5.59418105745
2.74360559444,4.53016857169
3.58254636216,5.69769932
3.14270151003,5.08017025457
3.68417905421,5.84170227679
3.09472638021,5.0134655316
2.49701189614,4.196992373
2.80455353708,4.61337861854
2.7657755089,4.56039997484
3.62511425839,5.75796067867
2.82836083598,4.64596570688
3.29681127827,5.29537641891
2.41899273157,4.09289313168
3.42777385112,5.47928066449
2.88141650231,4.71875019919
3.76900034929,5.9622067418
2.4990957122,4.19978209672
3.36743140974,5.39443493159
3.55753321281,5.66232609608
2.87456560071,4.70933941138
3.12310923165,5.0529116776
2.77954412171,4.57919627097
2.45617441666,4.14241774562
2.64598330821,4.39756788569
2.6574508861,4.41309900013
2.98305974157,4.85878516265
3.47024531424,5.53910613503
3.43522826275,5.48977465808
3.66418556841,5.81333955548
2.435381082,4.11470209621
2.97263142146,4.84438340611
3.14037769486,5.07693590733
3.0051663757,4.88934015849
2.63906985942,4.3882106757
3.12873287729,5.06073337047
2.69403598877,4.46272992154
3.27220151759,5.26091933925
2.83030620023,4.64863052184
2.53760032822,4.25141456056
2.88062126581,4.71765763183
3.13599537409,5.0708373842
3.57010710389,5.68010446273
3.10219010516,5.02383357776
2.57209511422,4.2978024536
3.05982122847,4.96502562387
3.10479441932,5.02745213073
3.54566974747,5.64555864938
3.4692464325,5.53769811194
3.50263016722,5.58478126309
3.67537278546,5.82920771289
3.20566357802,5.16792692988
3.08111645298,4.99456884031
3.66115359933,5.80903983745
3.535831983,5.63165904817
3.6054200112,5.7300707968
3.20058898621,5.16084520594
3.00370971813,4.88732577358
2.62051447163,4.3631189846
2.57146534141,4.29695445198
3.53521882279,5.63079286948
2.89841464904,4.74211533841
3.33136720931,5.34381491962
2.93953363423,4.79872603177
3.52826596406,5.62097212787
3.10657014222,5.02991964817
3.22425299125,5.19388174672
3.39518340273,5.43343347421
2.68415622198,4.44931499916
2.88632292206,4.72549215227
2.76975086632,4.56582530832
2.58916193992,4.32079854285
3.04319232529,4.94197683093
3.65223603043,5.79639578594
3.32575761179,5.33594737284
3.63995144196,5.77898310107
3.67328253398,5.82624247267
2.4262429286,4.10253753696
2.69832493761,4.46855629514
2.67010030141,4.43024504987
2.50252111645,4.20436890852
2.38342583426,4.04567153257
2.93462224696,4.79195768508
3.54674408713,5.64707682804
3.58621798094,5.7028939779
2.77949918627,4.57913490108
3.23837264192,5.21360912762
2.95110786807,4.81468335076
3.68358803491,5.8408636247
2.53389594428,4.2464403369
3.36115332589,5.38561810177
2.5526019094,4.27157326994
2.8441204658,4.66756240577
2.35840411461,4.01254264592
2.93980515905,4.79910026957
2.7827795577,4.58361546249
2.36353293754,4.01932692602
3.30837369156,5.31157680397
3.17322830189,5.12268886754
2.73915081476,4.52409905133
2.47060345435,4.16167926109
2.626310642,4.37095334354
2.87233580151,4.70627721349
2.4266651106,4.10309932436
3.40920415143,5.45315094111
2.59863649331,4.33357729971
3.53128474632,5.62523581434
3.77984214708,5.97762963353
2.71613027185,4.49276187646
3.39734386838,5.43647110889
3.76373716824,5.9547212671
2.73649496921,4.52048135379
2.97156308115,4.84290843756
2.53268424231,4.2448135846
2.9560024237,4.82143436104
2.93300030215,4.78972288298
3.10179040929,5.02327826024
3.20412772824,5.16578345271
2.86539558129,4.69674862981
3.73686454108,5.91651868958
3.37115377034,5.3996635062
2.88025042511,4.71714815417
2.92293600722,4.77586008882
2.97389306787,4.84612536062
3.45280237795,5.51452542341
3.28767073373,5.2825745123
3.57914113867,5.69288208744
2.47382233208,4.16597937487
3.05103227732,4.95284125141
3.61783586928,5.74765151224
2.54899281279,4.26672132521
3.26650189503,5.25294383901
2.42004020411,4.09428612632
3.23468093919,5.20845013502
2.97448716894,4.84694567472
3.69638997697,5.85903264174
3.57164660195,5.68228165603
3.05802521992,4.96253535107
2.65699405271,4.41248005085
3.03940313224,4.93672732774
3.10220743736,5.02385765849
3.66633408638,5.81638665598
2.62105858385,4.3638542921
3.28366648131,5.27696774378
3.59880098634,5.72070102969
2.45626995035,4.14254519746
3.44357291944,5.50152511343
3.44337898152,5.50125198306
2.43298414957,4.11151040007
2.35643517132,4.00993904819
2.51702134239,4.22379959792
2.4829034092,4.17811704856
2.77660762698,4.5751861563
2.41207913145,4.0837022375
3.74383947025,5.92643168445
3.21952647878,5.18728062089
3.54357997196,5.6426056789
3.2820629039,5.27472265568
3.05402534928,4.95699005793
3.37177035191,5.40052964961
2.40360051669,4.07243855772
3.36120589382,5.3856919188
2.73916328522,4.5241160396
2.48388453254,4.17942895531
3.35634942305,5.37887295997
2.93284158703,4.78950420718
2.76035909642,4.55301013895
2.45105385302,4.13558790092
3.21136421837,5.17588411574
3.41517322458,5.4615482607
3.62397601387,5.75634831237
3.72113541649,5.89417091968
3.25318394424,5.23431505087
2.62343048032,4.36705998347
3.7114804983,5.88045813764
3.26078961757,5.24495244501
3.72526276272,5.90003406967
3.73587586393,5.91511370279
2.83549178208,4.65573536209
2.86743753966,4.69955175059
3.74204863143,5.92388630612
3.05795147949,4.96243311011
3.01286906265,4.89999449309
2.5626860539,4.28513717776
2.75212714016,4.54178374627
3.11085846506,5.03587945988
3.56870120015,5.67811629272
3.2182095104,5.18544155079
3.17547454086,5.12581972147
3.12793434972,5.05962261183
3.37966020442,5.41161464138
2.80706581328,4.61681520509
3.05979166486,4.96498463044
2.81586946397,4.62886194908
2.49163376527,4.18979455384
2.74845547968,4.53677837087
2.70156257533,4.47295560471
3.51251288567,5.59872943576
3.41021329377,5.45457048291
3.01951149233,4.90918555114
3.52474808084,5.6160040405
3.60259549374,5.72607223267
3.44287612224,5.50054379514
3.0242585333,4.91575582482
2.38550061638,4.04842200579
2.65030289689,4.40341666319
2.67831296063,4.44138511803
2.50380428649,4.20608747461
3.11547711531,5.04229965232
2.38835235998,4.05220332628
2.95186549003,4.81572821783
2.65919507658,4.41546232939
2.40277511929,4.07134249038
3.25074648752,5.23090667969
3.29304014678,5.29009416045
2.66802451107,4.42743033136
2.99693012042,4.8779523253
3.41382694616,5.45965415562
3.07817822969,4.99049083645
2.73555934682,4.51920702919
3.3281808296,5.33934576848
3.21770361413,5.18473512262
2.61967036963,4.361978331
2.74485368495,4.53186937138
2.55220419597,4.27103853156
2.76368959985,4.55755378658
2.39541561489,4.06157321563
3.65461770038,5.79977238895
2.73077662464,4.51269412308
3.03468868995,4.93019733974
2.98508006566,4.8615761646
2.68839045477,4.45506322534
3.66449348898,5.81377624716
3.15408981493,5.09602559053
3.46096292974,5.52602352149
3.32626653064,5.33666107053
3.32935659182,5.340994806
2.82507146912,4.64146053204
2.55945105721,4.2807847312
3.79470205292,5.99877565144
2.49382370305,4.19272507411
2.63545332136,4.38331758241
2.73184321881,4.51414639163
2.73293739642,4.51563632132
3.46926123463,5.53771897666
3.08869158522,5.00508505443
3.75987646426,5.94923111564
2.76898153949,4.56477527173
3.59909834479,5.7211219243
3.5931866433,5.71275495084
3.35729641219,5.3802025293
2.72939909047,4.51081862822
3.39113759653,5.42774566507
3.73673494395,5.91633451985
2.99103119634,4.86979909208
3.57254964473,5.68355880825
3.20817859609,5.17143726083
2.54070831873,4.2555890626
3.02922421858,4.92263035707
3.51425736582,5.60119200996
2.63789610383,4.38662247414
2.70269431578,4.47449363928
2.69521256123,4.46432808447
2.97738392549,4.85094577349
2.95453568177,4.81941111767
3.28315095109,5.27624596043
2.54645415684,4.26330925418
3.58681331614,5.70373632181
2.54295122186,4.25860224962
3.79552165621,5.99994220839
2.63673081507,4.38504585926
3.0537526439,4.95661202643
3.22331373325,5.19256986081
3.69992204752,5.86404665421
3.79491730273,5.99908201816
3.38829202418,5.42374570295
3.20049928524,5.1607200395
3.14061842596,5.07727094777
2.38137921289,4.04295890504
3.39088031333,5.42738399059
3.68286432411,5.83983670361
2.35668259464,4.01026619746
2.47803778249,4.17161256273
3.62338668703,5.75551353018
2.44183123574,4.12329426204
2.62537788756,4.36969237199
2.50412583379,4.20651815503
3.03040403976,4.92426395589
3.34625706734,5.36470622397
3.13218242919,5.06553218228
2.95085497943,4.81433459104
2.47267348984,4.16444449829
2.71528820063,4.49161647805
3.73520686615,5.91416302674
3.21271857851,5.17777486507
3.23011804391,5.20207476468
2.88819261345,4.72806179588
3.34330730414,5.36056661651
3.56710941601,5.6758653636
3.46441294808,5.53088550561
2.96634754787,4.83570895019
2.74971956609,4.53850149995
2.93100898136,4.78697939912
2.69155037737,4.45935407701
3.11946030068,5.04783758997
3.7840227069,5.98357783537
2.6704724236,4.43074968031
3.33237604865,5.34523000902
2.95384558448,4.81845924191
3.47916644852,5.55168345684
3.21194180768,5.17669044406
3.45324816184,5.51515344384
2.92836280068,4.78333415263
2.60786560006,4.34603356875
3.11883014724,5.04696140309
3.08687673766,5.00256524627
3.76306931909,5.95377150498
3.70766464495,5.87503953829
2.69097534917,4.45857317983
2.85977885892,4.68903988915
2.53869956783,4.2528908901
3.07925890768,4.99199066044
3.31921919958,5.32677925873
3.08771487577,5.00372892496
3.73760892559,5.91757654275
2.66209622897,4.41939394097
3.48293465266,5.55699712938
2.9998802412,4.88203076048
2.49995292944,4.20092983981
2.81508481148,4.62778798925
2.71238299748,4.48766526037
2.59012866349,4.32210199648
2.9572332467,4.82313229421
2.52619310895,4.23610165259
3.71866466969,5.89066139244
3.37025851199,5.39840592606
3.27801572932,5.26905703912
2.5830864851,4.31260902288
3.75438145964,5.94141787648
3.29835010727,5.29753209292
3.76932113629,5.96266301009
2.55966864133,4.28107744066
2.6979827434,4.4680913762
2.49906885214,4.19974613462
3.36649497107,5.39311968491
2.84274422804,4.66567564629
3.1602238895,5.10456901994
3.00664274479,4.89138195156
3.3769707487,5.40783568466
2.93646100093,4.79449145169
3.58171496629,5.69652313102
2.70586118063,4.4787980193
3.05426051253,4.95731605148
3.63809529564,5.77635266956
2.58362510025,4.3133349093
2.43790645971,4.1180655467
3.34576323537,5.36401316356
3.53381365613,5.62880792969
2.77453553159,4.57235691344
3.32311378801,5.33223994827
2.69551843932,4.46474358563
2.8401533734,4.66212411062
2.43480789336,4.11393879176
2.5062212346,4.20932500889
3.44913759953,5.50936284555
2.72303334269,4.50215391507
3.0009829045,4.88355530758
2.56810932103,4.29243618456
3.79257481847,5.99574803537
2.60787962196,4.34605250011
3.71341722258,5.88320855171
2.66832644009,4.42783971449
2.7997080726,4.60675188873
3.16310602448,5.10858399486
3.71881707699,5.89087786965
3.33461402955,5.34836939557
3.47240895708,5.54215616701
3.62221876473,5.75385921029
3.30169416893,5.30221707631
2.68867409933,4.45544834845
3.65984141035,5.80717910374
3.73996378764,5.92092320561
2.65830019853,4.41424975903
2.38769951718,4.05133759054
2.39061459685,4.0552036813
2.55589901079,4.27600695777
3.23845192507,5.21371993086
3.09294149913,5.0109866365
3.67356798626,5.82664740606
3.12262805211,5.05224251688
3.03411757945,4.9294063944
2.78932638757,4.59256027447
3.54161316057,5.6398266428
2.75885746354,4.55096184252
3.31158647136,5.31607959042
2.76424665482,4.55831384256
3.19033131937,5.14653498913
3.6936766859,5.8551812818
3.10200473295,5.02357602959
3.21667803624,5.18330306201
3.56063726918,5.66671430582
2.460993468,4.1488481497
2.85296058178,4.67968537837
3.55334100559,5.65640024551
3.77453677788,5.97008197638
2.77571479843,4.57396704216
2.80116462025,4.60874368182
2.52529694479,4.23489923627
2.67299675242,4.4341732312
3.61969785984,5.75028863623
2.52226423027,4.23083076525
2.59732089262,4.33180235595
3.54090308376,5.63882337169
2.4573616398,4.14400169794
3.40286548221,5.44423561305
3.43031144395,5.48285267113
2.81622126343,4.62934347593
3.19099630199,5.14746250169
3.01137315376,4.89792503699
2.59169518637,4.32421437034
3.74799912256,5.93234441506
2.54735025179,4.2645135707
3.26624200851,5.25258022201
3.11893232183,5.04710346844
2.66428134182,4.42235570275
3.20026920021,5.16039898689
2.35777665552,4.01171288376
2.76807614338,4.5635395816
2.48260764805,4.17772159312
2.40515315819,4.07450057248
3.7236622731,5.89776039587
2.74710528287,4.53493801357
2.38634057374,4.04953565968
2.60027673149,4.33579046871
2.42373948826,4.09920669745
3.66872361498,5.81977578818
2.77196560354,4.56884843249
2.81364907714,4.62582301852
2.4476425975,4.13103960273
3.41120071095,5.45595951333
3.6032783543,5.72703890153
2.57747246012,4.3050447958
3.61747373801,5.74713864541
3.73548471896,5.91455786601
2.75089571344,4.54010487949
2.83666004031,4.65733630656
3.10129744068,5.02259336825
3.68513350761,5.84305666906
2.83468647505,4.6546318581
3.5341722052,5.62931440797
3.25484936255,5.23664404909
3.51731644235,5.60551065541
3.38720175783,5.42221324658
2.5185055626,4.22578976792
3.37186253376,5.40065914381
2.68827780536,4.45491027576
2.44833265195,4.13195955942
3.21694804454,5.18368008086
3.49422529488,5.57292243652
3.58273401454,5.69796479899
3.53548460885,5.63116832917
3.63717479055,5.77504823235
2.60783307193,4.3459896517
3.59164021408,5.71056650162
3.37711251622,5.40803487314
2.91284782025,4.76197191419
3.14143370622,5.07840565055
3.49174835551,5.56942823445
3.45292466755,5.51469770407
3.34182402001,5.35848519307
2.56241379621,4.28477083395
3.49675911404,5.57649717443
3.36165174463,5.38631799796
2.63161248589,4.37812239191
2.95647388815,4.82208473828
2.73471684894,4.51805960635
3.63817780741,5.77646959778
2.88698974609,4.72640858309
3.08576636604,5.00102366578
3.62156050624,5.75292683629
3.00860495038,4.89409588071
3.26951641523,5.2571618421
3.11672406061,5.04403320918
2.60220568214,4.33839353738
2.88969324886,4.7301244139
3.74173896604,5.92344618109
2.6873547205,4.45365700227
3.3252440575,5.33522718843
3.62237021531,5.75407373133
3.43712014695,5.49243840139
3.32616414978,5.33651749254
3.53528613792,5.63088796114
3.28617627198,5.28048185883
3.62660372339,5.76007064475
2.6347777638,4.38240370724
2.47240449232,4.16408513343
3.76315456597,5.95389273538
3.69550234839,5.85777267171
2.909036154,4.75672645678
2.91507317,4.76503485059
3.62881089103,5.76319747573
2.66025451403,4.41689797669
2.8687523207,4.70135680227
3.15180988486,5.09285072881
3.61760837142,5.74732931873
3.52163286683,5.61160508834
2.86996671678,4.70302415553
2.50794208772,4.21163049985
3.4319021874,5.48509201942
2.62035711216,4.36290633604
3.57753137896,5.69060500163
3.7578026832,5.94628231091
2.81906298886,4.63323346723
3.42758143738,5.47900982889
3.75460125047,5.94173037047
3.30986848982,5.31367172984
3.60975939855,5.73621457212
3.78679608844,5.98752423315
2.94179357853,4.8018410365
2.84345912413,4.6666557176
3.62927436669,5.76385409447
3.38642256579,5.42111806683
3.35631493905,5.37882454543
3.5902043645,5.70853463336
2.61775978142,4.35939676704
3.43371177006,5.48763958615
2.82734024457,4.64456779362
2.61574386547,4.35667327093
2.53313983843,4.24542522018
3.73270388767,5.91060633625
3.17579402609,5.1262650511
3.10156248188,5.02296159382
2.4981422021,4.19850551948
2.56742318939,4.29151257518
2.66858123412,4.42818519427
3.08605993543,5.00143123408
3.23657542128,5.21109749356
2.96763508753,4.83748608126
3.11989549586,5.04844271476
3.52996788949,5.62337585306
2.57838402498,4.30627280411
2.61080303378,4.34999990121
3.08742723485,5.00332955654
3.14813969808,5.08774056578
3.6464164623,5.78814610605
3.16940695266,5.11736328873
2.95351416097,4.81800210986
2.53539376938,4.24845143328
3.50093468423,5.5823887629
2.67561273301,4.43772170445
3.69927086022,5.86312221232
2.76790422936,4.56330496015
3.50396452595,5.58666427359
3.07178160129,4.98161480058
3.24032896195,5.21634331371
3.46582125839,5.53287034881
2.63377286448,4.38104438879
3.29758126398,5.29645504002
2.75057730672,4.53967080066
2.86275026674,4.69311772809
3.00795783646,4.89320082729
3.25117405295,5.23150453346
3.66400691578,5.81308619284
2.8073146938,4.6171556813
2.80901388774,4.61948036647
3.53000229303,5.62342444446
2.76152056486,4.55459456764
2.56910141645,4.29377174007
2.68740530019,4.45372567236
3.33861934813,5.35398862057
3.73712472982,5.91688844425
2.99378826365,4.87360948731
2.83746262741,4.65843620994
3.20181241372,5.16255239259
3.64218357069,5.7821465455
3.51310938589,5.59957146232
2.46197771276,4.15016182077
3.2753517654,5.2653282641
3.4827443972,5.55672882767
3.63524434113,5.77231272994
2.69715036565,4.46696051822
3.07376013051,4.98435994613
3.17308885061,5.12249450746
3.72802726444,5.90396158928
2.73689509255,4.52102634807
3.6415421924,5.78123754231
2.82687129918,4.64392550301
2.94848357184,4.81106439865
2.79292704857,4.59748131368
2.81876353033,4.63282351246
2.56084856872,4.28266484675
2.63297580749,4.37996628573
3.55647970332,5.66083684521
3.33774129483,5.35275669146
2.75337727042,4.54348824612
3.39062848043,5.42702998107
3.75646900886,5.94438598515
3.04106592668,4.93903082509
3.26687294186,5.25346299109
3.65819959933,5.80485105338
3.7076649974,5.87504003875
3.08083951404,4.99418444875
2.77696259328,4.57567086424
3.23750665136,5.21239887407
3.46911664683,5.53751516962
3.09110757237,5.00843983809
2.89712726087,4.7403449643
3.28068744124,5.27279705221
2.83721587462,4.65809804277
3.34914124388,5.36875422874
2.77534618366,4.57346373615
2.71117249963,4.48601914663
2.64835110958,4.40077369981
3.20597354689,5.16835954828
3.61257776616,5.74020529424
2.91483922832,4.76471283956
2.76272600322,4.55623910015
3.09698042765,5.0165963101
3.33827675772,5.35350795346
3.75743637629,5.94576145939
3.45935574329,5.52375876689
3.36937585106,5.39716608191
2.66861003465,4.4282242458
2.98848498044,4.86628057494
2.94145622587,4.80137602124
3.75041169568,5.93577406947
3.50613083292,5.58972148209
3.07882488694,4.99138829364
3.42763184023,5.47908077419
3.52692645974,5.61908036299
2.58219186465,4.31140341605
3.19508210797,5.15316192549
2.37454113053,4.03389930638
3.26295899304,5.24798715565
3.20022455586,5.16033669207
3.12143736044,5.05058672304
2.55565250269,4.27567543383
2.50495691389,4.20763135551
2.74050510357,4.52594405168
3.17990116911,5.13199053095
3.09712924196,5.01680301845
3.77951413081,5.97716295194
3.36055505939,5.38477801296
3.451563459,5.51278008437
2.35912101651,4.0134907489
2.6281267902,4.37340879805
3.58614625406,5.70279249208
3.67115606005,5.82322603
3.01741974569,4.90629089859
3.6408235721,5.7802190871
2.6767659631,4.43928621577
2.59555244777,4.32941672785
2.53838868327,4.25247334493
2.39390430008,4.05956784684
2.80429229106,4.6130212853
2.85364146826,4.68061937396
3.71016016619,5.87858317029
2.49710202295,4.19711302112
2.53497406487,4.24788788155
3.42233453199,5.47162514868
2.77875098803,4.57811308599
3.73877887982,5.9192392214
3.24525532449,5.22322944454
3.66364988423,5.81257985965
2.67178974198,4.43253618314
2.48690430515,4.18346750429
3.69516673643,5.85729628585
3.0656831706,4.97315503362
2.50907393467,4.21314705173
3.05182782654,4.95394393329
2.84524383484,4.66910260512
2.82589601988,4.6425897694
2.43877341177,4.11922037577
2.61970422898,4.36202408456
3.21891747863,5.18643017497
2.70556095253,4.47838991273
2.49740644004,4.19752053514
2.96700652745,4.83661849427
3.48578870879,5.5610221752
2.69884349376,4.46926084676
3.73979933885,5.92068948867
3.05259729118,4.95501050025
3.46729073414,5.53494149803
3.38734850071,5.4224195019
2.63815367184,4.38697097657
3.70326490625,5.86879252751
2.50701452894,4.21038777507
3.35878349475,5.38229048158
3.66185203054,5.81003026828
3.40971277728,5.45386640932
3.50426832772,5.58709300184
3.14566995232,5.08430229411
3.1911410394,5.14766438375
2.66300900407,4.42063108711
3.28558431849,5.27965299655
3.53566143302,5.63141811961
3.01337386266,4.90069287338
2.48904237239,4.18632749601
3.11055118114,5.03545236512
2.85812247997,4.68676704204
3.65081185304,5.79437677641
2.80128933674,4.60891423668
2.50532926646,4.208130132
3.69283176921,5.85398203175
2.80342824973,4.6118394864
2.84484249917,4.66855234085
3.37325493789,5.40261520273
2.85263917294,4.67924450339
3.55431342147,5.65777472407
2.79103055811,4.59488923746
3.72984063464,5.90653800185
3.54957614852,5.65107913894
3.35986583608,5.3838102251
2.54587884692,4.26253610424
3.6916146275,5.85225450688
3.2444560119,5.22211206193
2.45934622974,4.14664982638
3.27252378326,5.26137034049
3.71522291668,5.88577301883
2.44399639427,4.12617951645
3.70286524301,5.86822510011
2.90379891242,4.74952095861
3.18507729792,5.13920764259
2.44963340819,4.13369383064
2.90217412903,4.74728596958
3.46936881915,5.53787062554
2.54722752037,4.26434861954
3.17927609458,5.13111909336
3.26248550663,5.24732477935
3.69133632637,5.8518595143
2.90096653291,4.74562497615
2.61658782246,4.35781340597
3.41128848049,5.45608298382
3.09743901379,5.01723330702
2.48256595393,4.17766584566
3.45416885617,5.51645054844
3.10320275272,5.02524054528
2.58069298966,4.30938368543
3.59095671724,5.70959927527
2.55069687333,4.26901203698
2.93653432378,4.79459249426
2.91124170845,4.75976151704
3.66556665096,5.81529823149
3.59804699742,5.71963381677
3.01742080409,4.90629236317
2.55455869812,4.27420447307
2.72862784938,4.50976866632
2.95769841299,4.82377402432
3.39186872644,5.42877346524
3.69307300441,5.85432443101
2.41936976886,4.09339452464
3.23595112897,5.21022508182
3.57905927438,5.69276628355
2.52730105272,4.23758833923
3.42511451295,5.47553762366
3.74067713552,5.92193703785
2.76188079119,4.55508599737
2.97349216419,4.84557182089
3.12148710122,5.05065589154
3.20280910596,5.16394325478
3.25359819041,5.23489433735
2.62762591178,4.37273157252
3.43534799198,5.48994322979
2.35579907766,4.00909802449
3.10398076652,5.0263215581
2.96115551204,4.82854382628
2.93999356895,4.79935995473
2.4490799519,4.13295589525
3.7234516449,5.89746118254
3.01900951416,4.90849086407
3.50569499223,5.58910638292
3.25838585771,5.24159016451
2.53506227053,4.2480063168
3.56368476489,5.67102297127
3.3656132273,5.39188129953
3.63279302583,5.76883937087
3.34517518346,5.36318788836
2.70523893539,4.47795219684
3.55833801478,5.6634638049
3.40100382313,5.44161757375
3.63176547287,5.76738346828
3.63604146882,5.7734422639
3.18303027925,5.13635327977
3.33230755688,5.34513393456
2.54743798887,4.26463149039
3.32920948201,5.3407884766
3.33668403105,5.35127337974
3.17566219438,5.12608129049
3.26731172156,5.25407692188
3.32847032565,5.33975178753
3.74122929175,5.92272179307
2.69632910024,4.4658448188
2.59940819023,4.3346185151
3.25425499075,5.23581283409
3.23418298058,5.20775431923
2.80239221414,4.61042252207
3.47488332213,5.54564448809
2.6754160079,4.4374548327
2.75766800475,4.54933950291
2.3786997191,4.03940823061
2.77248649331,4.56955950917
2.96031768377,4.82738778562
2.98654704211,4.86360291717
3.07277994433,4.98299993748
3.02318293502,4.91426697887
3.61654268342,5.74582006897
3.2376211862,5.21255893826
3.09939884,5.01995574571
3.62539410323,5.75835709783
2.8135860064,4.62573670268
2.47877444067,4.17259717624
2.46164921751,4.14972336613
2.93286284888,4.7895335014
2.80601472876,4.61537734518
3.52466815204,5.61589116858
3.10235450712,5.0240619926
2.68921013501,4.45617617985
3.21655099563,5.18312567373
2.56691729395,4.29083161452
3.58202278654,5.69695860571
2.62906715416,4.37468030663
3.0510735173,4.95289841161
3.01380207049,4.90128530367
3.41274090478,5.45812624853
2.52431397834,4.23358045223
3.15363027715,5.09538564674
3.70233917837,5.86747822229
2.46190022948,4.1500583999
3.54633084042,5.64649285173
3.16322238109,5.10874609668
2.50497613276,4.20765709933
3.25872136777,5.24205944277
3.67792122662,5.8328231838
3.79479421138,5.99890682107
2.37725686851,4.03749663161
3.17163752426,5.1204717922
2.49428618767,4.1933440267
3.63023744898,5.76521854866
3.60155166913,5.72459461578
3.50670044832,5.59052538987
3.13223938097,5.06561141641
3.04220170447,4.94060434379
3.45557461234,5.51843110277
3.29929457565,5.29885521842
2.9318961443,4.78820162587
3.34228508621,5.35913217342
3.10317647929,5.02520404027
2.72034870179,4.4985007993
3.46446778996,5.53096279684
2.85336050611,4.68023396401
3.56625484212,5.67465696368
3.55106478168,5.6531830411
2.36781359821,4.02499178118
2.64660161162,4.3984049679
2.39777230087,4.064700859
2.6774311711,4.44018871544
2.59595697064,4.32996240088
3.28837353548,5.28355866843
3.75687071793,5.94495716033
3.58092785799,5.69540962417
2.86607793469,4.69768530184
3.28716664292,5.28186863421
3.68563252881,5.84376480679
2.65440509575,4.40897272452
3.35401591148,5.37559691666
3.39283795686,5.43013602143
3.24391023519,5.22134912539
3.22612975897,5.19650322877
2.43654259543,4.11624897829
2.50746389133,4.21098981025
2.80697423965,4.61668993082
3.24960211798,5.22930658783
3.74662162396,5.9303862979
2.7955034313,4.60100312814
3.65868395181,5.80553784252
2.37962736368,4.04063737983
2.63167978756,4.37821341329
3.4267355226,5.47781916705
3.12568650876,5.05649605929
2.56115183385,4.28307286523
2.7461007791,4.53356894818
3.6872883172,5.846114531
2.88001209807,4.71682073531
3.02358072585,4.91481759281
2.40747919612,4.07759024881
3.55014154722,5.65187821168
2.62442070645,4.368398466
2.35258954157,4.00485524679
3.00574401112,4.89013900044
2.6720487544,4.43288746598
3.07384442371,4.9844769059
2.88940754694,4.72973170439
2.53594593593,4.24919287456
2.55312719775,4.27227956196
3.3389591676,5.35446540602
2.57628856574,4.30345004609
3.08391986933,4.99846026481
3.43569308101,5.49042909874
3.26836913289,5.25555647221
3.35529333419,5.37739026986
3.65074396441,5.79428053503
2.43053697517,4.10825249103
2.66805734061,4.42747484426
2.9178655846,4.76887880847
3.0429386633,4.94162538059
3.36248046859,5.38748174813
3.56236694276,5.6691597337
3.33268050002,5.34565707065
3.39581825768,5.4343260618
2.65248700844,4.40637464931
2.81329170455,4.62533393835
3.60889424358,5.73498960729
3.74057046789,5.92178543723
2.79574196981,4.6013292288
2.43783658553,4.11797247413
3.61810843697,5.74803753872
3.58974811981,5.707889021
2.70917714848,4.48330602424
2.86797903035,4.70029514227
3.79545017268,5.99984046353
2.87730989816,4.71310870026
2.51722670665,4.22407495391
3.70901528489,5.87695741186
3.19432104447,5.15210021854
3.31843267391,5.32567655169
3.53283839603,5.62743032883
2.56218211111,4.28445908971
2.74976567128,4.53856435048
3.77263138962,5.9673715455
3.43137605897,5.48435135531
3.57283329741,5.68395997899
3.44554383199,5.50430093006
3.11092611752,5.03597349102
2.76011756648,4.55268066798
2.99048336648,4.86904202893
3.0326372187,4.92735630774
2.4805883581,4.1750219057
2.76869935515,4.56439013736
3.66322870451,5.81198255988
2.35417795487,4.00695485437
3.23247189368,5.20536346286
2.70221272466,4.47383914315
3.59388071631,5.71373721085
2.84418264288,4.66764765127
2.57244150514,4.29826889304
3.56486126168,5.6726864572
2.94489511421,4.80611665834
3.09884185676,5.01918200282
2.72729539434,4.50795479522
3.16369227126,5.10940073091
2.38404540177,4.04649281881
2.4800228452,4.17426592485
3.24011769216,5.21604802898
3.22900830948,5.20052440134
3.25832088714,5.24149929083
3.08228186837,4.99618649261
3.38370185177,5.41729425604
2.60376765854,4.34050165327
2.70549417612,4.47829914321
3.08020849549,4.99330861284
3.60392828388,5.72795897134
2.9294118642,4.78477922851
2.40272157553,4.07127139101
3.087849298,5.00391556222
2.384661959,4.04731016107
2.52578000803,4.23554736935
3.49364357245,5.57210177879
3.32275593796,5.331738165
3.43394977313,5.48797466353
2.47493980253,4.1674724794
3.0802483577,4.99336393969
2.76962475092,4.56565317286
3.51506930447,5.60233822096
3.46096290277,5.52602348349
3.0761490029,4.98767476946
2.64541395937,4.39679711208
3.60879563468,5.73484998992
3.22399991437,5.1935282627
3.21852847673,5.1858869596
3.04100633,4.9389482616
3.13068137825,5.06344391843
3.49117054855,5.56861316718
2.4307274505,4.10850604474
2.56416723403,4.28713035339
3.31159007256,5.31608463789
2.95933913972,4.82603764817
3.58216205836,5.69715563554
3.69240176335,5.85337170502
2.85740146476,4.68577774784
3.66762385315,5.81821593757
3.49640574808,5.57599862419
2.67713161583,4.43978229837
2.5835669464,4.31325653451
2.6992264925,4.4697812349
3.45972027431,5.52427243218
3.74833202434,5.93281764665
3.48432826273,5.55896247544
3.19998162911,5.15999772459
2.98299791661,4.8586997583
2.57991393934,4.30833400634
3.3283372546,5.33956515445
2.49689672454,4.19683820001
3.13613812737,5.07103602375
2.6398616779,4.38928215478
2.90948404875,4.75734277461
2.48501564327,4.18094154937
3.08397416159,4.99853563295
2.73651032405,4.52050226783
2.65431179031,4.40884633302
3.12604220175,5.05699077652
2.68560240937,4.45127810135
3.47516463926,5.54604110291
2.48225410977,4.17724889791
2.60669804374,4.34445728637
3.04045673184,4.93818687564
2.76001479743,4.55254048223
3.43059243473,5.48324822323
3.15600014774,5.09868602249
3.12160859016,5.05082483221
2.96819109523,4.83825354935
3.46654141972,5.5338853657
3.29654827998,5.2950080097
3.52263420743,5.61301901977
3.02150694051,4.91194721966
2.53529274704,4.2483157854
3.75123051916,5.93693813978
3.58792357387,5.70530727435
3.78638015194,5.98693235569
2.66499078301,4.42331739459
2.78451477134,4.58598590375
2.57954424934,4.30783591377
3.3596768609,5.38354487578
3.55681078861,5.66130486515
3.74027594581,5.9213668521
2.66219934757,4.41953370071
3.56917882513,5.67879172014
2.75492718615,4.54560167745
2.5265014511,4.23651538628
2.44720488372,4.13045608611
3.76099378727,5.95081995699
2.4414674504,4.12280954064
2.50225391321,4.20401106227
2.40950388142,4.08028016263
2.57758418114,4.30519529548
3.79109481664,5.99364170205
3.16594112971,5.11253394517
3.60799420123,5.73371527973
2.9064493423,4.75316721369
2.37298158418,4.03183390719
3.51221227664,5.59830509879
2.75785802134,4.54959866428
3.62459541007,5.75722570365
3.2462205639,5.22457882936
3.39272467871,5.42997677115
2.45238875334,4.13736811297
3.49918581068,5.57992106285
2.78444618997,4.5858922113
2.69870270093,4.46906955202
3.33791666709,5.35300273957
3.48565252833,5.56083011261
3.29934805617,5.29893014186
3.47639084047,5.54776990584
2.86389071717,4.69468301885
2.76033886601,4.55298254247
3.30137173419,5.30176532339
2.93861634309,4.79746178562
3.31764894284,5.32457779552
3.21234063851,5.17724723264
2.76451563143,4.55868084863
2.97571509792,4.84864123562
3.06437595801,4.97134198027
3.00927247053,4.89501918914
2.5888114241,4.3203259581
3.71666873695,5.8878264821
3.54049550076,5.63824750586
3.60457783072,5.72887851745
2.46502138009,4.1542248937
3.27235784175,5.26113810956
3.03498331694,4.93060538469
3.14725647774,5.08651094222
3.31558746984,5.32168785871
2.89128503926,4.73231251174
2.59793559022,4.33263165436
2.39825766327,4.06534508394
3.64353824993,5.78406654179
3.45904083175,5.52331502616
2.73367788838,4.51664470066
3.38709143289,5.42205817941
3.56350531915,5.67076925266
2.98022021436,4.85486294776
2.84345166973,4.66664549794
2.85206239118,4.67845335501
2.62875555932,4.37425897573
2.92638774599,4.78061375218
2.94907436741,4.81187907297
2.88530071741,4.72408738012
2.62808609327,4.37335377182
3.48027139395,5.5532415086
3.17536339009,5.12566479013
2.99958827692,4.8816271035
3.00580206056,4.8902192813
2.93454894138,4.79185667657
3.29026320623,5.28620496973
3.00286040799,4.88615134589
3.27972787437,5.27145375111
2.55136789856,4.2699141565
3.06048384799,4.96594443902
3.67202288311,5.82445561229
3.30026598091,5.30021613083
2.43549050919,4.11484782265
3.61504447102,5.74369835077
2.50375718501,4.20602438785
2.92878025517,4.78390918285
2.37035928758,4.02836172038
3.1217614613,5.05103741379
2.77396999391,4.57158479018
2.71240515208,4.48769538886
2.55599624994,4.27613773452
2.86510640224,4.69635168233
2.48024253809,4.17455960735
2.37000137324,4.02788787125
3.35197317137,5.37272932282
3.69589048306,5.85832361679
3.67769269617,5.8324989571
2.69156435253,4.45937305586
3.00900026274,4.89464266984
2.85547994545,4.68314145902
2.66252387131,4.419973544
2.82174755672,4.63690892987
3.19712784124,5.15601595542
2.9494893057,4.81245126498
3.57084156148,5.68114313642
2.88872684238,4.72879607194
3.66846010001,5.8194020264
2.407624991,4.07778392962
3.77829917801,5.97543442643
3.06403982871,4.97087580006
2.83660690799,4.65726349333
2.94856496579,4.81117663489
3.25276080337,5.23372333588
2.98439882585,4.86063502529
3.22708307811,5.19783490909
2.41541849355,4.08814085869
2.63651722849,4.38475689452
3.47663344598,5.54811196017
2.59709751649,4.33150100492
3.2971529769,5.29585507753
3.73529561391,5.91428914031
3.60791172809,5.73359851163
3.456776028,5.52012383921
3.70376759277,5.86950623269
3.19103649319,5.1475185609
3.25421842852,5.23576170333
2.59474511632,4.32832774288
3.15050910077,5.09103949546
2.58131212112,4.31021793623
3.00618475473,4.8907485431
2.80898890345,4.61944618349
2.60278923268,4.3391810961
3.20239139103,5.16336033565
2.9243726387,4.77783848096
2.80762945267,4.61758628838
2.51080056722,4.21546081782
3.14727151378,5.08653187507
3.13271913778,5.06627888586
3.36741138307,5.39440680326
2.77683019154,4.57549006788
2.91459194872,4.76437247387
3.04347529117,4.94236888705
3.31305361126,5.31813600594
2.58269652159,4.31208349104
2.57840372399,4.30629934242
2.62422925091,4.36813966933
2.93152107542,4.78768489386
2.66635892599,4.4251721303
2.815110246,4.62782280088
2.68274938334,4.44740549408
3.52533402777,5.61683149776
2.93593332504,4.79376429941
2.66090958821,4.41778572253
3.24844467867,5.22768829658
3.26189773999,5.24650254996
2.69234435061,4.46043235437
2.42021007737,4.09451204659
2.72292686255,4.50200901044
2.97316834726,4.84512472548
3.54339087957,5.64233849038
2.47780863271,4.17130629462
2.82825503594,4.64582078771
3.31718497435,5.32392734778
2.66917278896,4.4289873173
2.89320919123,4.73495773607
3.45288870986,5.51464704708
2.93580204411,4.79358339374
3.47681328044,5.54836551416
2.91804482047,4.76912555926
3.11392061213,5.04013587215
3.1676338795,5.11489256441
2.92972036497,4.78520420106
3.66598174664,5.81588694292
3.24267332718,5.21962012488
2.81562383231,4.62852574577
2.90992741589,4.7579528771
2.47531621573,4.16797545403
3.09821771976,5.01831499566
2.65010480708,4.40314840846
3.15945484334,5.10349778082
2.39964701135,4.0671893318
3.36886760908,5.3964521896
2.89485269696,4.73721736531
2.8934860372,4.7353383527
3.41614458971,5.4629149488
3.58645854665,5.70323435413
3.11582196361,5.04277906545
2.79276146105,4.59725498086
3.26700234464,5.25364404747
3.2993611366,5.29894846688
3.70290805743,5.86828588617
3.46872210133,5.53695903401
2.72514525062,4.50502813432
3.46542186127,5.53230743723
3.53292216049,5.62754864838
2.38564525336,4.048613766
3.21165696885,5.1762927999
2.61542360562,4.35624063737
3.14284201236,5.08036582008
2.50234726418,4.20413607969
2.7593944148,4.55169424662
3.559691125,5.66537669488
2.94311644151,4.80366458357
3.76303739675,5.95372610797
2.77996891951,4.57977644029
2.69146698591,4.45924082825
2.99856641166,4.88021436408
2.93452365644,4.7918218363
3.73781713477,5.917872435
3.755728279,5.9433327852
2.85729556214,4.68563244386
3.36816287889,5.39546232587
3.78909310189,5.99079299935
3.00165353476,4.88448256512
3.57714300672,5.6900556466
2.60797145748,4.34617649027
3.13787148741,5.0734480749
2.61132399264,4.35070342537
2.53685659471,4.25041576408
2.81223767127,4.62389150794
3.54315720224,5.64200830532
3.08768226421,5.00368364591
2.55816098658,4.27904933749
2.45696278987,4.14346954823
3.48483808604,5.55968147929
3.29112050102,5.28740559256
3.47476415215,5.54547647748
2.83646471405,4.65706862998
3.75081401106,5.93634601294
3.74509733141,5.92821959839
3.55469042508,5.65830761788
2.60134177199,4.33722766763
3.24116884114,5.21751720989
2.92291544222,4.77583176977
2.3932627149,4.05871660855
2.49871862824,4.19927723779
3.68958088702,5.84936809253
3.49438971305,5.57315439028
3.75511060918,5.94245457314
3.08952850258,5.00624713596
3.73286929624,5.9108413715
2.97842727316,4.85238666599
3.41289619839,5.45834472115
2.7119686835,4.48710183452
3.56585240065,5.67408790733
3.11234883858,5.03795101872
3.10835567777,5.03240100268
2.45145061433,4.13611699731
2.84736259661,4.67200781357
3.00127349677,4.88395709576
2.58612101658,4.31669901206
2.99646007224,4.87730255653
3.07232929378,4.98237468072
3.44032169034,5.49694652121
2.83942851146,4.6611305677
3.0911713511,5.00852840482
3.19497987715,5.15301930836
2.72349789042,4.50278611149
3.62205283938,5.75362418769
2.36140842529,4.01651627628
2.54427077556,4.26037522541
3.7166153693,5.88775068386
3.76186261239,5.95205546558
3.65432160659,5.79935259039
3.13413138836,5.06824378524
2.94334783308,4.80398356653
3.14294113457,5.08050378922
3.21070907713,5.1749695466
3.23915864018,5.21470762597
3.42786412564,5.47940773272
2.61498916455,4.35565377434
2.37238190685,4.03103979882
3.48362156395,5.55796583829
3.59500080075,5.71532241103
2.83731493623,4.65823380311
2.96324791666,4.83143115887
3.09059048945,5.0077217972
2.82031266458,4.63494433529
2.61933845515,4.36152982664
2.39000369535,4.05439339498
2.8017753284,4.60957886223
3.38710301187,5.42207445421
3.12572484226,5.05654937523
3.3180057141,5.32507796891
3.13706825191,5.07233031224
3.5629993837,5.67005391741
2.8403598269,4.66240709686
2.43258043203,4.11097288533
3.47968817496,5.5524191211
3.63389797263,5.77040497952
3.16294970343,5.10836621801
3.52127242223,5.61109613791
3.7201177171,5.89272531799
2.66183856658,4.4190447277
2.70261443127,4.4743850725
3.53753234749,5.6340611511
2.66527013617,4.42369608812
2.55985993473,4.28133478602
2.86818661105,4.70058012785
3.20586668653,5.16821040441
3.20743302423,5.17039659202
3.40986520399,5.45408082575
2.70556987376,4.47840203944
3.76574063191,5.95757053656
3.31886258815,5.3262792863
2.95421525734,4.81896914058
3.47118356026,5.54042872918
2.59357888608,4.32675476472
3.35962899681,5.38347766776
3.20223114301,5.16313671305
3.27539468257,5.26538833256
3.30550499809,5.30755673222
2.67429898258,4.43593957536
2.8732309254,4.70750644682
2.67737262361,4.44010928137
2.35094573758,4.002682756
3.72186022065,5.89520050019
2.99851661774,4.88014552532
3.12350877336,5.05346731825
3.34194010134,5.35864808044
3.30316664203,5.30428018247
2.85560248439,4.68330957152
3.19717822366,5.15608624772
2.82587707457,4.64256382283
2.96020891399,4.82723770809
3.70635576656,5.87318103429
3.56590095215,5.67415655926
2.54518019734,4.26159724645
3.54535427957,5.64511286291
2.4560381546,4.14223595969
3.01196645433,4.89874579687
2.37013456495,4.02806420427
3.10541109158,5.02830902642
2.47152943068,4.16291615853
3.27891699123,5.27031863243
3.04224213475,4.94066035791
3.54226562522,5.64074853339
2.38574024367,4.04873970587
2.91942199099,4.77102156473
3.76373065628,5.95471200623
2.56247563193,4.28485403804
3.08896355593,5.00546268791
2.80425213475,4.61296635985
3.43477046237,5.48913010854
2.84244332835,4.66526314652
2.35220287974,4.0043441947
3.52190988967,5.61199625066
2.66763538122,4.42690272581
2.44665198319,4.12971904531
2.78052488526,4.58053577568
2.65475878452,4.40945183858
3.7776469713,5.97450654843
2.51429524567,4.22014482787
2.95227172168,4.81628848542
2.94813647359,4.8105857812
2.61564818184,4.3565440125
3.38883240126,5.42450526835
2.55839985291,4.27937064583
3.16480363995,5.1109491033
2.90096445133,4.74562211312
3.40453751322,5.4465871273
2.36554902623,4.0219946541
3.11784119984,5.04558638708
3.16995985042,5.11813377391
3.11431765595,5.04068780998
2.79311755428,4.5977417087
2.77502220936,4.57302139163
2.45695098399,4.14345379697
3.03877389233,4.93585567935
2.48523036434,4.18122870415
2.81362154703,4.62578534198
3.30864441587,5.31195620905
3.59130592116,5.71009343631
3.74311075442,5.92539592158
2.93878510671,4.79769437757
3.60059413863,5.72323919629
2.39834052323,4.06545506737
3.18081643709,5.13326657913
3.156352608,5.09917690185
3.13250479045,5.0659806699
3.11644173197,5.04364069522
2.89129285643,4.73232325782
2.36179297653,4.01702498147
3.59788946759,5.7194108486
2.58073266207,4.30943714099
3.7905837104,5.99291431653
3.55696860085,5.66152794919
2.49608670887,4.19575392375
3.10815654628,5.03212426011
3.40319256049,5.44469559905
3.35016187699,5.37018681354
3.31888102861,5.32630513982
3.3325430203,5.34546422377
3.57243845255,5.68340154983
2.490415502,4.18816453188
3.11252515652,5.03819610279
2.76333496277,4.55706992702
3.51136717526,5.59711218368
3.1839138826,5.13758534571
3.09820032067,5.01829082641
3.2708460697,5.2590224932
2.59325362524,4.3263160863
2.9473131195,4.80945048448
2.37229397573,4.03092336185
3.57765931928,5.69078597548
3.4656680576,5.53265442623
3.63293320862,5.76903799423
2.80392316213,4.61251639898
2.99749677112,4.87873565248
2.94927379062,4.81215407223
3.15873600083,5.10249650509
3.4803432059,5.55334277054
2.96048396385,4.8276172159
2.81051815914,4.62153857327
3.58741450285,5.70458696069
3.28041499512,5.27241564876
3.6153489986,5.74412960478
2.99881324146,4.88055560223
3.43469613905,5.48902546769
3.54624842163,5.64637638319
3.46024619477,5.52501352457
3.42780773217,5.47932835458
2.70828965254,4.48209939117
3.42879594985,5.48071936935
3.56861952111,5.67800078833
3.73649828719,5.91599821
3.47855565498,5.55082221914
3.0091017262,4.89478301406
2.56586594646,4.28941653165
3.74801991708,5.93237397508
2.97689756743,4.8502741256
2.99805991036,4.87951414759
3.44712308801,5.50652527657
2.69441994389,4.46325144198
3.53400438921,5.62907735419
3.36397123836,5.38957527695
3.09715394964,5.01683733843
3.46126153118,5.52644430706
2.82240568751,4.6378100709
2.93443713841,4.79170262288
2.49610599537,4.19577973957
2.44722048717,4.13047688671
2.37628013138,4.03620272027
2.50521777484,4.20798078434
3.73033928713,5.90724650334
2.58144387034,4.31039546715
3.42102919495,5.46978818157
3.78413877344,5.98374298706
3.23511996172,5.20906360903
2.58972664,4.32155992845
3.03734671698,4.93387879724
2.92504461348,4.77876391311
2.63260079335,4.37945906093
2.76096926982,4.55384249868
3.54120811688,5.63925435175
3.49228126205,5.57017997803
3.32418278423,5.33373895307
2.95445643351,4.81930180599
2.5607765202,4.28256791274
2.66099672777,4.41790381567
3.41616492945,5.46294356684
3.43376836845,5.48771926908
3.54750360188,5.64815015025
3.79049722144,5.99279122994
2.78359553932,4.58473012755
2.74347672994,4.52999297297
2.85567826554,4.68341353709
2.49147566975,4.18958301469
2.53957536724,4.25406721986
2.88398731414,4.72228254355
2.66781782398,4.42715009088
3.11840169923,5.04636568857
3.53616525619,5.63212985252
3.0544386707,4.95756302454
2.97505839341,4.8477344252
3.39919583464,5.43907517716
2.88213313162,4.71973481052
2.37364660674,4.0327145992
3.22957533801,5.20131656424
3.02103954644,4.91130032939
2.57193704111,4.29758960122
3.19206272942,5.14895000092
3.41972111755,5.46794744231
3.71716270962,5.88852807837
2.70123604375,4.47251186995
3.39685926002,5.43578972465
3.32762394156,5.33856474389
2.89329588886,4.73507693009
3.12376018841,5.05381696502
3.13028729661,5.06289569478
3.01031498491,4.89646124784
2.70546340191,4.4782573118
3.15311876796,5.09467334368
3.70686860074,5.87390921022
2.68170701222,4.44599079862
3.70453844121,5.87060068888
2.56062924347,4.28236976842
2.8190866219,4.63326582087
2.41518493382,4.08783037234
3.00833886054,4.89372783596
3.73037964806,5.90730384988
2.88096295538,4.7181270697
3.22671040458,5.19731431959
2.84545275009,4.66938905019
2.73505741337,4.51852342367
3.52037794976,5.60983316181
2.47726442834,4.17057896647
3.19650970955,5.15515356561
2.5573532491,4.27796286208
3.74649800177,5.93021057229
2.8223430194,4.63772426152
2.75859020788,4.55059731372
3.05448067591,4.95762125487
3.54712362169,5.64761317104
2.85195083531,4.67830034132
2.89551170281,4.73812347933
3.44374493557,5.501767372
3.74205958353,5.92390187232
2.79518977657,4.60057434497
3.40608543968,5.44876422762
2.50149835095,4.20299923357
2.64870121072,4.40124775389
2.71833607375,4.49576254155
2.37005227641,4.02795526189
3.46855786078,5.53672752927
2.68092702882,4.44493227833
3.64857405487,5.79120449337
2.80619427387,4.61562295241
2.87444255041,4.70917041558
2.514114674,4.21990277073
2.75475933969,4.54537279571
2.48100146153,4.17557416712
2.7933572909,4.59806939983
3.48877119754,5.56522875653
2.97926542534,4.85354423341
3.32511112558,5.33504077323
3.1126828039,5.03841523623
2.66331622911,4.42104750759
3.06633569409,4.97406010043
2.67528137814,4.43727219981
3.04685736154,4.9470552419
3.18756720085,5.14267989891
3.56633853907,5.67477531292
3.76326766868,5.95405358026
3.53755613469,5.63409475616
3.32581416932,5.3360266873
2.78519827551,4.58691969453
2.56020365893,4.28179720468
3.36223968811,5.38714362426
3.02744513381,4.92016718657
3.37336973132,5.40277646976
2.47641733905,4.16944689874
2.69804771488,4.46817964827
3.00100312123,4.88358326011
2.42272347437,4.09785509537
3.72859451067,5.90476751143
2.86822521606,4.70063312867
2.47652654021,4.16959283296
2.86435461119,4.6953197516
3.76934516118,5.96269718182
3.08157759397,4.99520891556
2.6717280239,4.43245247957
2.87743191391,4.7132763022
2.66719663574,4.42630786533
3.35061684753,5.37082543847
3.38792467328,5.42322935523
3.38826928131,5.42371373542
2.41285164736,4.08472893473
3.19007510039,5.14617762388
3.60170176207,5.72480708141
3.61417565858,5.74246801146
2.59507360672,4.32877082581
2.62325043207,4.36681662356
3.38244107568,5.41552243337
3.16056759811,5.10504779878
2.87343890365,4.70779206285
3.16279573519,5.10815172039
3.06540453965,4.97276857385
2.99452422021,4.87462670315
2.84790095073,4.67274605178
3.66617196351,5.81615672127
3.33984808829,5.35571263948
3.68236068921,5.83912207528
3.69192146528,5.8526900051
2.89901159426,4.74293628052
3.40168873451,5.44258074009
2.91381127589,4.76329795401
3.22974446007,5.20155283851
3.15927895395,5.10325278159
3.36980033775,5.3977623391
2.60656021477,4.3442712165
3.0728666277,4.98312020816
3.09279783283,5.0107871174
2.95642893296,4.82202272268
3.7154075707,5.88603527382
2.38884611117,4.05285812473
2.69894605622,4.46940019915
3.46757120483,5.53533681848
3.72474469417,5.89929808456
3.4083256648,5.45191523153
2.40222619863,4.07061360901
3.53980083775,5.63726604768
2.49518202681,4.19454301306
3.2474935233,5.22635848095
3.68609888074,5.84442659416
2.39509402309,4.06114647132
2.4449593828,4.12746295207
2.40708654085,4.07706863958
3.27834196805,5.26951370542
3.30312620902,5.30422352955
2.5906960064,4.32286700031
3.77459733459,5.97016812108
2.84641691274,4.67071106475
3.41246533142,5.45773856497
2.37157000173,4.02996472346
2.64560542008,4.39705630451
2.36116798741,4.01619822139
3.2642610559,5.24980872035
2.8057193835,4.61497333583
3.3596127253,5.38345482025
3.71382796305,5.88379187862
3.14897558648,5.0889043376
2.65183193614,4.40548742447
2.80313078752,4.61143264449
3.66669207257,5.81689438245
2.58102171301,4.30982662001
2.84936083834,4.67474809254
2.88953385213,4.7299053155
2.54018482111,4.2548858551
2.36706743925,4.02400418081
3.2833462104,5.2765193373
2.39743750985,4.064256505
2.70255015906,4.47429772398
3.06005583905,4.96535094112
3.17170611374,5.12056738259
2.74107258281,4.52671719818
3.59616823226,5.71697467687
2.38330348572,4.04550935534
2.70284958247,4.47470465563
3.54710192514,5.64758251017
3.48562714523,5.56079431357
3.36066794415,5.3849365249
2.5853465982,4.31565515092
2.37224664785,4.03086069144
2.69292024019,4.46121449304
3.50518920234,5.58839257589
2.63918090959,4.38836094382
2.70020949676,4.47111692334
2.90085164184,4.74546695445
2.6550150127,4.40979893788
3.55352609351,5.65666185808
3.39463438203,5.43266158343
2.98604244996,4.86290576321
3.13518698424,5.0697125428
3.02397273567,4.91536021533
3.18054277531,5.13288504015
2.61883784341,4.36085338786
3.39067910454,5.42710114474
3.61628639197,5.74545711083
3.2628581018,5.24784601441
2.50766364713,4.21125744093
2.85050576549,4.6763183249
3.61393709333,5.742130181
3.78233716482,5.98117952595
3.04626564044,4.9462352704
2.66888203337,4.42859306111
2.72720539775,4.5078322885
2.83000173034,4.64821343031
3.48703609721,5.56278147423
3.29799679596,5.29703714417
3.31786229376,5.32487690079
2.72118447363,4.49963800452
2.71103677732,4.48583459077
3.27004678337,5.25790400065
3.74980533444,5.93491206015
2.71201902553,4.48717029386
3.53106403261,5.62492406732
2.81928272188,4.63353428346
2.4756838311,4.16846668798
3.67034245984,5.82207197189
3.70731213566,5.87453899621
3.20150761816,5.16212706869
3.47019656283,5.53903741397
2.43857872933,4.11896104022
2.7505346685,4.53961267331
3.04273912216,4.94134891807
2.82774052499,4.64511605133
2.74324514458,4.52967740409
3.06943786682,4.9783632751
3.44653167526,5.50569227091
3.72106134516,5.89406570292
2.59026224758,4.32228211806
3.64548082917,5.78681990634
3.7910118238,5.99352358935
2.38291047814,4.04498842249
2.39293520358,4.05828209431
2.91719949485,4.76796183567
2.78078008428,4.58088433399
2.78158783333,4.58198761735
3.64058641376,5.77988298229
3.29548471598,5.29351820273
3.06394217752,4.97074036829
3.60376620946,5.72772952973
2.37963012001,4.04064103218
2.58817107555,4.31946263666
3.49831019094,5.57868559697
3.22712371758,5.19789167904
2.99410488101,4.87404710117
2.63196708091,4.37860196484
2.38009031195,4.04125083571
2.98688629504,4.86407164541
2.61241249249,4.3521734659
3.11819398726,5.04607688979
2.5071375277,4.21055256101
2.38326821965,4.04546260928
2.80869764936,4.6190476995
2.43808788834,4.1183072127
3.07496209017,4.986027751
3.32526854128,5.33526152302
3.48460163688,5.55934801351
3.66015351858,5.80762167861
3.01524337616,4.9032794584
3.43541337803,5.49003528979
3.63230764157,5.76815164195
2.71835553616,4.49578901918
2.96808769575,4.83811082341
3.24969417961,5.22943530843
2.80661313922,4.61619594608
3.64633691078,5.78803334548
3.10124525568,5.0225208674
2.45245449934,4.13745579654
3.68629836392,5.84470967802
2.66458629724,4.42276908311
3.48048977724,5.5535494514
3.33554202248,5.34967123954
3.1861668648,5.14072703624
3.66872110195,5.81977222377
2.37700690583,4.03716548783
3.70422134219,5.87015046652
3.47058820373,5.53958948276
3.62286187961,5.75477015222
3.38428815464,5.41811824008
2.73600965736,4.51982034592
3.71848671944,5.89040863555
3.24541967334,5.22345919712
2.52782081437,4.23828582263
2.47409698852,4.16634634328
2.91414617372,4.76375890258
2.98287663427,4.85853222097
3.08964933859,5.00641492364
2.449329932,4.13328919485
2.89501438344,4.7374396765
3.71961174715,5.89200662289
2.5781292092,4.30592952233
3.41048996833,5.45495968473
3.36698572592,5.39380895421
3.1404331928,5.07701314695
3.18686613868,5.14170220608
2.55300614149,4.27211678965
2.73240113747,4.51490609026
3.24494399041,5.22279421716
2.75278902091,4.54268617599
3.68410077997,5.8415912054
2.53989231804,4.25449295205
2.83851199237,4.65987438695
3.72031366435,5.89300365012
3.78281991441,5.98186640553
3.61524212635,5.74397825814
2.36455790351,4.02068311803
3.35971817149,5.38360288184
2.5404712806,4.25527064883
3.12928339682,5.06149917094
3.19980778878,5.15975515886
3.78124874743,5.97963090502
3.46638440941,5.53366406857
3.41618695825,5.46297456142
2.41622090495,4.08920760615
3.22776222541,5.19878363382
3.07368796214,4.98425981036
2.4779400409,4.17148192636
2.62834558651,4.37370463481
2.49551800286,4.19499270425
2.59033956872,4.32238637684
3.64922389634,5.79212568152
2.67545478792,4.4375074403
2.88009843846,4.71693935111
2.79667259889,4.60260151597
2.54794030127,4.26530661971
2.66060095026,4.41736745642
3.63506963303,5.77206517124
2.95008953298,4.81327898901
3.27073783869,5.25887103654
3.57510455768,5.68717235576
3.30192365845,5.30253861012
2.371930451,4.03044199843
2.95057034015,4.81394204942
2.85957075759,4.68875432525
2.57268412468,4.29859560437
3.39380093923,5.4314898409
2.70645992933,4.47961193555
2.63828150906,4.38714394911
3.26600608067,5.25225012976
3.19268241427,5.14981439511
2.87355797094,4.70795557918
3.47037613135,5.53929053825
3.32780281887,5.33881561403
3.72706145194,5.90258942817
3.08224116174,4.99612998838
2.5546491561,4.27432611729
2.73754976463,4.5219180846
3.56481676929,5.67262354689
2.74454935818,4.53145464632
2.53754970232,4.25134657071
2.67098828059,4.43144924902
3.70894604185,5.87685908678
3.10378076146,5.02604365699
2.47203296505,4.16358880817
2.52156266714,4.22988973822
2.6106403394,4.3497801975
2.83293459671,4.65223145637
3.06581349127,4.9733357895
2.52403635537,4.23320800163
3.78626820838,5.98677306116
3.01150704849,4.89811026211
2.40587763257,4.07546282271
3.72173311543,5.8950199464
3.27957118696,5.27123440866
2.87797214288,4.71401837946
2.90108066563,4.7457819558
3.56533487978,5.67335613803
3.14534691333,5.08385260107
2.51256697374,4.21782821511
2.46983735383,4.16065599457
3.3675351772,5.39458067783
2.95567873464,4.82098784672
3.11623372402,5.04335151055
2.85164183466,4.67787651103
2.72725494392,4.50789973251
3.25934485337,5.24293152944
2.86289533101,4.69331682604
2.8263806744,4.64325353821
3.65858751919,5.80540110482
2.78391974563,4.58517302242
3.32135149549,5.32976889838
2.40081094155,4.06873453376
3.41283794142,5.45826276303
2.95098214612,4.81450996654
3.20502516713,5.16703592808
3.37328237019,5.40265374082
2.67021789521,4.43040451602
3.3265716261,5.33708893694
3.63697889071,5.77477062952
2.99232777294,4.87159095516
2.61203943412,4.35166963014
3.58073223064,5.69513287815
2.4815647785,4.17632727346
2.37360372735,4.03265781221
2.86792056589,4.70021487758
3.29300891753,5.29005042059
3.51601489059,5.60367313975
2.68502400143,4.45049292847
2.67402714667,4.43557084436
2.76775342274,4.56309914731
2.92300973387,4.77596161443
2.99695864352,4.87799175455
3.091763208,5.00935030319
2.48118240705,4.17581607188
2.8798038247,4.71653460842
2.82173495917,4.63689168112
3.78558526033,5.98580124336
3.338883789,5.35435964517
3.51990800065,5.60916961833
2.37081936587,4.0289708494
2.67670736877,4.43920672174
2.94817163435,4.81063426435
2.38676895685,4.05010366261
3.52718227667,5.61944164368
3.21682521573,5.18350857162
3.64905593845,5.79188758974
3.48441156573,5.55907995682
3.28005604468,5.27191315219
2.68905990658,4.45597219644
2.81567238905,4.62859220641
3.31118241771,5.31551326922
3.21400508664,5.1795709886
2.72073436404,4.49902554861
3.4732721029,5.54337298353
3.01210770816,4.89894120809
3.22934332278,5.2009924269
2.93248686295,4.78901547928
3.15389999876,5.09576125449
3.78879263049,5.9903654021
2.4658404332,4.15531844776
3.21489785053,5.18081745324
2.68028332395,4.44405874458
2.48528759972,4.1813052481
3.21142248081,5.17596545061
3.33629198789,5.35072336902
3.08169339005,4.99536964557
2.59111624336,4.32343366754
3.64806583465,5.79048407381
2.90834951117,4.755781643
3.38978833226,5.42584898124
2.67748748863,4.44026512433
2.54160983332,4.25680012259
2.64302017805,4.39355679335
3.78277996229,5.98180955939
3.35591665402,5.37826536929
3.53117970792,5.62508745261
3.25161291221,5.23211818981
3.27357314257,5.26283892754
3.30850234845,5.31175710897
3.02586582901,4.91798079419
3.40058363643,5.44102669186
3.1205272457,5.04932116357
3.55140554027,5.653664653
3.47200422856,5.54158561469
3.54660880773,5.64688565819
2.38968181273,4.05396647513
3.36707377751,5.39393262472
3.33477731178,5.34859845436
2.59894730474,4.33399665627
3.08009408056,4.99314981091
2.40254309642,4.07103439566
3.53923022856,5.63645987584
2.93118602888,4.78722330934
3.54585143633,5.64581539523
2.61415458452,4.35452643686
3.28711212186,5.28179228923
3.09356313428,5.01184995843
2.77499788033,4.57298817388
2.87995937275,4.71674830071
3.20978498486,5.1736795676
2.7546249518,4.54518954106
2.67422326312,4.43583686525
3.73177628302,5.90928828772
3.34140291423,5.35789429599
2.48765327617,4.18446931023
3.56646052809,5.67494780851
2.55779946609,4.27856305346
3.64647330493,5.78822667799
3.01042115218,4.89660810799
3.49281343934,5.57093070612
3.3394713829,5.3551840838
3.75614370655,5.94392345445
3.51603322181,5.60369901902
3.4122830962,5.45748219394
2.75579437121,4.54678424215
2.56063666778,4.28237975693
2.74140944786,4.52717616398
2.44546822972,4.12814116747
2.59320408338,4.32624927026
3.53126211494,5.62520384855
3.46132790171,5.5265378362
3.60989188843,5.73640216614
2.69327531109,4.46169674404
3.0703402348,4.97961511184
3.75020199186,5.93547595077
3.49230157538,5.57020863325
3.04741557524,4.94782880224
3.12168734002,5.05093434106
2.94623296877,4.8079611736
2.63135970846,4.37778052981
2.78465147879,4.58617266781
3.79063987595,5.99299424857
3.66667158738,5.81686532847
2.49808578716,4.1984299932
2.74551578013,4.53277167751
3.02364704054,4.91490938531
2.63650786111,4.38474422135
2.48808674991,4.18504914268
2.5864233208,4.31710651307
2.4184305115,4.09214550945
3.6900354006,5.85001315277
2.72660289718,4.50701216055
3.28052502048,5.27256967525
3.56467254918,5.67241962651
3.06650607363,4.97429642582
2.95535536747,4.82054178395
3.17578137526,5.12624741702
2.94934110531,4.81224689803
2.37186063289,4.03034955022
3.48371253983,5.55809413766
3.39582582674,5.4343367038
3.44736492644,5.5068659112
3.46543352611,5.53232387759
2.7096651788,4.48396957678
3.79289852927,5.99620875035
2.90221624551,4.74734390087
2.39347391493,4.0589968177
3.53383261807,5.62883471475
3.45753260777,5.52118985897
3.32419984857,5.3337628821
2.85868404885,4.68753759055
3.44142113539,5.49849477383
3.73912355354,5.91972906409
3.39630652959,5.43501257168
3.08380130668,4.9982956776
3.07201649611,4.98194069622
2.84378313172,4.66709992215
2.79495330524,4.60025108112
3.49297465179,5.57115812676
2.93335077922,4.79020577264
3.79360615351,5.99721587619
3.22320408335,5.19241671329
3.51163453232,5.59748957187
3.17239473911,5.12152710765
2.69965244336,4.47035999853
2.48867942439,4.18584196212
3.63816048291,5.77644504704
2.99148523226,4.87042655434
3.22668524859,5.19727917934
3.62569545075,5.75878398069
2.57052890877,4.2956936014
2.92926580315,4.78457802582
3.25093872619,5.23117548081
3.47302891338,5.54303014447
3.71378152867,5.88372593292
3.12151567442,5.05069562491
3.62298021629,5.75493777246
2.36333940646,4.01907086844
2.93418037864,4.79134883621
3.23076495484,5.20297856934
2.5763860246,4.30358132144
3.59870193618,5.72056083047
2.9545199932,4.81938947749
3.19563330496,5.15393088353
2.7255068549,4.50552030226
2.88469111825,4.72324967212
2.8603474859,4.68982019624
2.59391224698,4.3272043786
3.5566252365,5.66104256933
3.59353345192,5.71324575574
3.47839789299,5.55059977275
3.42750862111,5.47890733544
3.19703965417,5.15589291937
3.72686205989,5.90230614997
3.14974085718,5.08996982893
2.64212849458,4.39234991399
3.22345424343,5.19276611178
2.68862383659,4.45538010284
3.42782691192,5.47935535154
2.49356903747,4.19238425997
2.737572338,4.52194883272
3.53102739663,5.62487232105
2.45533131135,4.14129300061
2.74431400557,4.53113392215
2.62623551814,4.37085178203
2.68830075068,4.45494142964
2.49755417761,4.19771831065
3.19682817643,5.15559787361
3.31135732923,5.31575842397
2.70130702703,4.47260833071
2.41652218235,4.08960815211
3.25731154851,5.24008756959
2.90733717199,4.75438873873
3.36187821872,5.38663602467
2.73424431457,4.51741607496
3.1828521646,5.13610492851
3.06005452338,4.96534911677
3.17613213605,5.12673634834
2.35774082908,4.01166550777
3.51589169804,5.60349922196
3.75251455726,5.93876362877
3.40822732221,5.45177690184
2.34936087806,4.0005884895
3.61916298494,5.74953108165
2.83067123133,4.64913058566
3.46921213959,5.53764977352
3.75110446773,5.93675893863
3.05054677389,4.95216833337
2.55434241265,4.27391362455
3.43463722711,5.48894252493
3.2624600066,5.24728910684
3.78814696604,5.98944657622
3.09005393005,5.00697672869
2.76877912571,4.56449901013
3.07456802993,4.98548095391
2.87967385113,4.71635605185
3.19402965897,5.15169373586
3.72710361137,5.90264932467
2.54412452825,4.26017871598
2.75569831523,4.54665324915
3.4102816578,5.45466665116
3.52284951541,5.6133230489
3.57719493637,5.69012910104
3.38429316219,5.41812527771
3.32806575639,5.33918437922
2.93824717614,4.79695300279
3.61273910377,5.7404337536
2.85535912972,4.68297571177
2.46451738271,4.15355202201
2.4519117137,4.13673191351
3.46040839482,5.52524208885
3.46598755822,5.53310473456
3.07417932577,4.98494159881
3.54301624945,5.64180914082
2.37869698929,4.03940461371
2.38745525041,4.05101368133
3.57177724514,5.68246641941
3.10911151336,5.03345144642
3.08133862351,4.99487721686
2.56528186763,4.2886304275
3.64209391946,5.78201948489
3.65948528953,5.80667412315
3.21595564494,5.18229439108
3.59300677319,5.71250040002
3.42867182188,5.48054464425
3.06766812792,4.975908307
3.73965442477,5.92048353561
3.61850263607,5.74859583238
2.44712137773,4.13034476669
2.49053592198,4.18832564514
3.25993598788,5.24375838585
2.39115021652,4.0559141526
2.93972408839,4.79898853077
2.91845439439,4.76968942125
3.01938325948,4.90900808819
2.65537136868,4.41028168549
2.63721480433,4.38570067232
2.6029801535,4.33943876979
3.34002368538,5.35595902246
3.52744826926,5.61981729823
3.3441347359,5.361727763
2.52850974715,4.23921036586
2.38012138323,4.04129200941
2.36188092909,4.01714133247
3.53750023499,5.63401578459
3.67695496949,5.83145232468
2.88109303931,4.71830579079
2.51352113041,4.2191071475
2.79123708731,4.59517150195
2.96244384838,4.83032157895
3.76922447811,5.96252552884
2.9114899537,4.76010314976
3.05866838385,4.9634271117
2.73354010961,4.51645707411
3.07019307114,4.97941095105
3.46721907166,5.53484049113
3.36661042525,5.39328184016
2.99834433895,4.87990735581
3.06209229562,4.96817489812
2.75991045781,4.55239815502
3.0768323658,4.98862307897
3.01941534537,4.90905249213
2.71902794638,4.4967038203
2.39408327326,4.05980531259
2.40015174874,4.06785938744
2.65764003239,4.41335527425
2.68759534785,4.45398369483
3.78680289197,5.98753391462
2.89896846541,4.74287696716
2.68779816545,4.45425905834
3.45204707715,5.51346137733
3.75634833412,5.94421440344
2.80554046115,4.61472858745
2.92980684336,4.78532332987
3.61485286526,5.743427012
2.63031873042,4.37637275159
3.1460486046,5.08482941291
2.60583347639,4.34329014664
2.61163503998,4.3511234891
3.12395622846,5.05408960366
3.74363908192,5.92614685973
3.73506005783,5.91395440783
3.24043062382,5.21648540402
3.0732383115,4.98363591429
3.67471192812,5.82827019841
2.83227572364,4.65132874036
3.49330450487,5.57162345068
2.79392637335,4.59884728624
3.04053659858,4.93829751779
3.70778491736,5.87521031905
2.72360596781,4.50293319522
3.54801783805,5.6488768672
3.29611811989,5.29440544758
3.40116838554,5.44184898982
2.83237486466,4.65146457034
2.62263323314,4.3659824184
3.49558869423,5.57484589707
2.42214813082,4.09708977018
2.69973707873,4.47047499935
3.12077002285,5.04965875211
2.66625731236,4.42503437085
2.54412253933,4.26017604352
2.62695592104,4.3718257322
2.57532225894,4.3021485001
3.05804762219,4.96256641183
3.49559548258,5.57485547417
3.19517457836,5.15329092684
3.49088007649,5.56820342676
3.34203439564,5.35878039636
3.67209662005,5.82456020902
2.82365005432,4.63951400727
3.54122089315,5.63927240337
3.76014285364,5.94960991891
3.5377105107,5.6343128496
3.13195173606,5.06521123262
2.54692240566,4.26393855183
2.46044632238,4.148117922
2.90555920897,4.75194257863
3.39436883846,5.43228825024
2.4038412109,4.07275819734
3.35404731544,5.37564100316
2.63361005383,4.38082416537
2.72846566497,4.50954787632
2.5110543391,4.21580091076
3.24343768125,5.22068855996
2.66180496762,4.41899919105
3.05478460799,4.95804258862
3.00754940339,4.89263591931
2.72219723284,4.50101611309
2.64153951044,4.39155277488
3.04547761785,4.94514331235
2.57426044164,4.30071841741
3.18436425051,5.138213341
2.6492068948,4.40193249534
3.27497505691,5.26480101337
2.8685206178,4.70103868959
2.62153205749,4.36449416277
2.65321137007,4.4073557662
2.52547771805,4.23514177952
2.36876204408,4.02624722367
3.64256192875,5.7826827873
3.76586024225,5.95774064786
3.26048064266,5.2445202455
3.31530818551,5.32129635323
2.47081481253,4.16196157994
2.78791154643,4.59062690021
3.40626586247,5.44901799327
2.98819205928,4.86587582763
2.88362761065,4.72178827361
3.20051832107,5.16074660157
3.74481778953,5.92782225446
2.55137792583,4.2699276374
3.52656293286,5.61856697268
3.58763261428,5.70489557763
2.53200645002,4.24390369229
2.5166115731,4.22325018557
3.01076083958,4.89707799942
3.30058641133,5.30066505637
3.07493813885,4.98599451592
2.62863466769,4.37409551155
3.34471524787,5.3625424249
3.30861746704,5.31191844158
3.46619571706,5.53339811897
3.63715191663,5.77501581844
3.05029257459,4.95181601401
2.55006501547,4.26816261637
2.70772353434,4.48132973783
3.60979110687,5.73625946825
3.3553273123,5.37743797234
2.72873245209,4.5099110686
2.4365131633,4.1162097792
3.12321839527,5.05306348991
2.92249435412,4.77525191691
2.83244099521,4.65155517417
2.8196983702,4.63410331999
2.42337471598,4.0987214274
2.78093592789,4.58109719244
2.69944763258,4.47008170845
2.66080781947,4.41764780456
3.45716643947,5.52067392496
2.66457733269,4.42275693115
2.50512116489,4.20785137238
3.52974992226,5.62306799831
2.72797782965,4.50888377492
3.54280636434,5.64151257749
3.23635394386,5.21078798937
3.34842109478,5.36774344307
3.75170940762,5.93761895764
2.4101172121,4.08109510474
2.65983213987,4.41632560342
2.85521914483,4.68278366776
2.81981259872,4.63425970513
3.27086133199,5.25904385106
3.2041865536,5.16586554858
3.1967419027,5.15547750853
2.73030020872,4.51204547016
3.02710752091,4.91969978047
2.78508333876,4.58676266733
2.85430759431,4.68153315746
2.59036205404,4.32241669585
2.93188407465,4.78818499736
2.78444580428,4.58589168439
3.59404959443,5.71397621224
3.64246685797,5.78254804419
2.40899146751,4.07959934448
3.73481724499,5.91360936553
2.97164825257,4.84302602369
2.83762298849,4.65865598254
2.81841792552,4.63235039308
3.37194978011,5.40078170517
3.37295421277,5.40219273361
3.23770374524,5.21267431624
3.59414238209,5.71410752865
2.62238788571,4.36565081743
3.73090169657,5.90804560444
3.28073883755,5.27286900352
2.71596922672,4.49254281548
2.87203522961,4.70586446554
3.12720597796,5.05860947515
3.16137925354,5.10617844609
3.09296861125,5.01102428908
3.10065503733,5.02170088655
2.89366275401,4.73558131164
2.62281246176,4.36622465974
2.67158560294,4.43225932612
2.52505091643,4.23456914592
2.41829041868,4.09195922429
3.31480448844,5.32059027272
3.1377819011,5.07332340682
3.75230308712,5.9384629819
2.95828791406,4.8245873055
3.02272848198,4.91363794741
2.92101008488,4.77320813172
3.28050787253,5.27254566948
3.63991609565,5.77893300881
3.5149657832,5.60219207865
2.41999142306,4.09422125136
3.15772950447,5.10109460905
2.37370003443,4.03278535606
3.65873872631,5.80561551082
2.90689558464,4.75378117111
3.42356542059,5.4733574233
2.4100064639,4.08094794856
3.70793566991,5.87542438086
3.35382317343,5.37532634217
2.99441706646,4.87447859627
2.95755913408,4.82358187749
2.58629024932,4.31692713381
2.64084309095,4.39061027394
2.79292774022,4.59748225908
2.97608760275,4.84915562248
2.96557342094,4.83464051575
3.78636306175,5.98690803649
2.59224471401,4.32495543754
3.67892391633,5.8342457711
3.51490448183,5.60210553896
2.96163441953,4.82920464844
3.20592574782,5.16829283555
2.52455327789,4.23390149588
3.45907632643,5.52336504134
3.52329870976,5.61395734787
3.0913448537,5.00876934165
2.4122532512,4.0839336418
2.67927227539,4.44268678735
3.10217988219,5.02381937435
2.47385271442,4.1660199683
2.72193245388,4.50065580728
3.14085752916,5.07760372611
3.68550173036,5.84357919582
2.71248370446,4.48780221417
2.36030682236,4.01505911826
3.05950853676,4.96459204291
2.44990612063,4.13405745697
3.71641922359,5.88747209845
2.50336028594,4.20549279878
2.64170924562,4.39178249338
3.78124501417,5.97962559334
2.84303913047,4.66607993147
3.44470550491,5.50312021428
2.55848867506,4.27949012544
3.37629970141,5.40689285299
3.04172261776,4.9399406014
2.91980847332,4.77155367566
2.61675213364,4.35803538854
2.96706943446,4.8367053221
2.65755884738,4.41324527635
2.48826240703,4.18528411483
3.7045725692,5.87064914458
3.42559367456,5.47621202201
3.29735954128,5.29614444033
2.78673492885,4.58901918454
2.99935937451,4.88131063722
2.933109398,4.78987319501
3.59291161185,5.71236572898
3.45964386542,5.52416476291
2.76474215303,4.5589899316
2.66511699464,4.42348848725
3.32823674516,5.33942418988
3.1978853796,5.15707286987
2.36902308076,4.02659277322
2.72404072292,4.50352486871
3.69919276603,5.86301134898
3.65314130642,5.79767920968
3.6888837637,5.84837872897
3.6808435044,5.83696934132
2.5391454013,4.25348970117
2.79052867818,4.59420333042
3.07671103958,4.98845471115
2.51891491141,4.22633869944
2.43133155046,4.10931022817
3.66810076326,5.81889235844
3.6683389534,5.81923019661
2.36555885866,4.02200766581
2.88241723446,4.72012516393
2.54949995996,4.26740303473
3.35226668854,5.3731413482
2.95985694347,4.82675207473
3.71497881521,5.88542633563
2.4244761419,4.10018674255
3.78279153016,5.9818260188
3.35038586894,5.37050122122
3.30651578058,5.30897315157
2.46967344672,4.16043707535
2.65721128898,4.41277437503
3.00218779395,4.88522128931
3.32452520872,5.33421913221
3.38792400077,5.42322840995
2.84741337658,4.67207744652
2.3837533766,4.04610571029
2.41549474882,4.08824223125
3.38299021886,5.41629415789
3.12772740599,5.05933475782
3.06469397904,4.97178305283
2.61442875025,4.35489676808
2.91534769955,4.76541273434
3.04125762903,4.93929640552
2.88654167467,4.72579278501
2.7255239423,4.50554355965
3.25192143013,5.23254959653
2.93424060628,4.79143182283
2.81496561338,4.62762484629
3.37725085782,5.40822924904
3.68660354114,5.84514275396
2.41286931722,4.08475241934
2.6406736596,4.39038098062
2.46743705074,4.1574503793
2.66978332501,4.42981521211
3.17069366561,5.11915640319
3.66998083831,5.82155903546
3.52430136446,5.61537321108
2.50511933608,4.20784892265
2.64949159234,4.40231801192
2.93835909134,4.79710724234
2.80588272625,4.61519677512
3.11623646626,5.04335532295
2.79921957149,4.60608391466
3.65534667508,5.80080593681
3.3680311703,5.39527733088
3.32630677423,5.33671750793
2.81681621066,4.63015783513
2.44849707911,4.13217877605
2.79359341152,4.59839215301
3.73788155316,5.91796398223
3.13311783578,5.06683359178
3.50186549121,5.5837022104
3.40758517046,5.4508736565
3.0511422989,4.95299374581
3.67269225035,5.82540512589
2.48044848057,4.17483491332
2.65162414972,4.40520600862
3.07415956657,4.98491418176
2.6717337097,4.43246019077
2.58252857031,4.31185715728
2.46373112366,4.1525023684
3.32547102694,5.33554547797
3.06643501781,4.97419786742
3.15549823058,5.0979870042
2.42060614883,4.09503880876
3.3704715087,5.39870512137
3.61916770054,5.74953776039
2.42859780531,4.10567138026
2.7431247329,4.52951332743
2.50645354982,4.20963623154
2.37469855405,4.03410780826
3.24592895701,5.22417116337
2.79317720733,4.59782324679
2.54226985914,4.25768682976
3.21312894841,5.17834778147
2.95006211026,4.81324117203
2.7392750546,4.52426830145
2.42146129139,4.09617618342
2.58113545658,4.30997988505
3.06131024955,4.96709040151
3.31526807014,5.32124011916
2.85985892524,4.68914975985
3.76704131501,5.95942041334
3.7041641376,5.87006924695
3.74253123584,5.92457223546
3.28856245093,5.28382321748
3.15238392663,5.09365006697
2.90997227269,4.75801460385
2.54653812464,4.26342210007
3.7162187536,5.88718737286
2.89434630191,4.73652110915
2.383652261,4.04597167388
3.63919955291,5.77791754666
2.81005186587,4.6209005516
3.51369087039,5.60039230825
3.20617224623,5.16863687261
3.55622771426,5.66048063843
2.95834085666,4.82466034682
2.55372873064,4.27308840589
2.64140532887,4.39137117635
2.44037601027,4.12135535578
2.92291356863,4.77582918974
2.72594049442,4.50611053024
3.23819304945,5.21335813706
2.91488737926,4.764779117
2.60383398236,4.3405911723
3.5990469329,5.72104915331
3.07034342966,4.97961954409
2.50327871983,4.20538355485
2.47025216185,4.16121003793
3.11562661793,5.04250749212
3.48167325019,5.55521830851
2.9228937039,4.77580183503
2.4166691767,4.08980358384
3.3663854607,5.39296587838
3.46290388314,5.5287587659
2.40247144075,4.07093924801
3.44572824659,5.50456066764
3.31157393212,5.31606201531
2.56456648226,4.28766764712
3.29040204086,5.2863994019
2.90736262791,4.75442376326
3.57606445147,5.68853005795
3.24780828702,5.22679854822
3.27472959559,5.26445746372
3.61775352889,5.74753489753
2.51741342849,4.22432531774
2.54634754448,4.2631659769
3.55545842156,5.65939319889
3.39351447799,5.43108711129
3.55465643466,5.65825957224
2.43468473098,4.11377478372
3.6092764589,5.73553077845
2.91807059319,4.76916104028
2.56909244687,4.2937596648
3.43785551742,5.49347383854
2.51667276093,4.22333222413
2.80919946356,4.61973426903
2.53447627422,4.24721950493
3.35550162561,5.37768269486
3.36272988197,5.3878319982
3.09914954392,5.01960942931
3.33648764497,5.350997862
3.73802306101,5.91816508456
3.57455971827,5.68640173674
3.58557272812,5.70198102261
2.67679447716,4.43932490046
3.53184548131,5.62602783422
3.6940184092,5.85566632201
3.2927875149,5.28974032434
3.05573411896,4.95935891227
2.59404018632,4.32737693716
2.74878585951,4.53722871211
3.40002543313,5.44024173968
2.85154488775,4.67774353863
3.44458024969,5.50294380536
3.05530356157,4.95876201565
3.24046192726,5.21652915619
3.44711723377,5.50651703079
2.40584648116,4.07542144598
3.52472132053,5.61596625073
3.56364386278,5.67096513959
3.48617020923,5.56156023029
2.40537654536,4.07479726968
3.53245579666,5.62688990095
3.60817305714,5.73396851063
3.28637718986,5.28076319147
3.66080802136,5.80854978791
3.4982166772,5.57855365477
3.15869219115,5.10243548359
2.53774615384,4.2516104038
2.84965690574,4.67515412994
2.78807529,4.59085064654
3.65981737011,5.80714501442
3.59963712199,5.7218845436
3.62078749534,5.75183194749
3.13126609392,5.06425735892
2.84420362545,4.66767641869
3.30214623272,5.30285045781
2.66320326367,4.42089439038
3.51935435655,5.60838791485
3.00469769579,4.88869201369
3.45434803177,5.51670298168
3.62785020505,5.76183647424
2.89462105868,4.7368988772
3.25483456187,5.23662335044
3.41645683918,5.46335428645
3.39205168468,5.42903066658
2.51946581287,4.22707747951
2.4813547832,4.17604652369
3.29560683517,5.29368926032
3.69628099802,5.85887794672
3.51346429857,5.60007246888
2.67861086643,4.44178932962
3.48293759924,5.55700128471
2.83595179691,4.65636573898
3.26753651714,5.25439145498
3.73381255642,5.9121817058
2.43955105667,4.12025631648
3.09051654376,5.00761911481
3.58015747827,5.69431980911
2.9065266824,4.75327362011
2.58738262856,4.31839970447
3.19152769083,5.14820369748
3.31108677577,5.31537921887
3.18482989925,5.13886265664
2.77568375883,4.5739246603
2.69829243579,4.46851213639
2.80283917169,4.61103380578
3.01812476408,4.90726650119
3.67797536754,5.83289999635
3.12716407628,5.05855119256
2.65890961387,4.41507551587
3.32591722853,5.3361712147
3.17257255224,5.12177492731
3.44109111951,5.49803003506
2.49841853084,4.19887546339
3.28210613884,5.2747831849
2.61015046276,4.34911868013
3.40482834957,5.44699616856
2.71938236515,4.49718601633
3.55912051123,5.66457000911
2.71107831222,4.48589106996
3.33346274201,5.34675436368
3.30287512042,5.30387171746
2.38144269471,4.04304303727
3.10224439336,5.02390900386
3.75169020292,5.93759165486
2.63813028509,4.38693933287
3.42230854544,5.47158857766
2.4035659271,4.07239262364
3.36354666376,5.38897902354
3.00782184636,4.8930127367
3.39111654725,5.42771607503
2.84297167796,4.66598745943
3.40338144965,5.44496124545
3.52414750997,5.61515594796
3.40536130763,5.44774574826
3.59726813844,5.71853142795
2.63354106671,4.38073085175
3.41865764563,5.46645097649
2.61432062428,4.35475071531
3.75355923258,5.94024886776
3.05522199287,4.95864893552
3.55083374845,5.65285651271
3.05514577003,4.95854326684
3.58480070318,5.7008887238
2.67603228749,4.43829087219
3.25639819035,5.23881014159
2.48066413444,4.17512320663
2.55328512615,4.27249191485
3.67278728912,5.82553994216
2.81425181333,4.62664791319
3.51995897122,5.6092415856
3.28677847702,5.28132509518
3.53591373819,5.63177454064
3.28509857445,5.27897286472
2.53931274712,4.25371447326
2.64112981159,4.39099830239
3.28841883842,5.28362210853
3.67912948109,5.83453742551
3.42088643986,5.46958729113
3.53077987092,5.62452270649
3.19445246129,5.1522835466
3.01065665242,4.89693387591
3.39314573005,5.43056870271
3.72205792729,5.89548134502
3.2461327953,5.22445612848
2.70646786429,4.47962272225
2.57725275886,4.30474883932
2.38319565165,4.04536641905
3.08730923862,5.00316572894
3.7705465899,5.96440605824
3.44225025139,5.4996623844
3.71811669499,5.88988306439
2.72018705711,4.49828086224
3.43225406546,5.48558738787
2.48737666728,4.18409931752
2.82272228183,4.63824357797
3.1230727308,5.05286091655
2.41533083423,4.08802432662
3.29715230698,5.29585413909
3.33396913487,5.3474647255
3.26605944491,5.25232479265
3.01275740898,4.89984002492
3.6712140586,5.82330829958
3.41242190684,5.45767747452
3.33794778426,5.35304639727
3.7524579564,5.93868315921
3.04728540537,4.94764841382
2.74474843253,4.53172593644
2.88030505231,4.71722320281
3.21000183663,5.17398227556
2.78464887878,4.58616911578
3.28758654819,5.28245662636
3.63968248803,5.77860194498
3.52547178695,5.61702603957
3.39944221752,5.43942163156
2.37510266571,4.03464305376
2.56300461305,4.2855658334
2.41598686277,4.08889645628
3.7371172078,5.91687775467
3.12547609609,5.05620340958
2.96389032845,4.83231769296
2.4160631321,4.08899785264
3.29630647547,5.29466929215
3.11639323994,5.04357327855
3.69554347937,5.85783105557
2.78791634608,4.59063345863
2.63027060988,4.37630767776
3.38376231205,5.4173792255
3.157938447,5.10138562909
3.0783547399,4.99073580179
2.677000269,4.43960409815
3.515703677,5.60323378352
3.30984045932,5.31363244464
3.29200604182,5.28864581546
2.44774237558,4.13117262004
3.48405409564,5.55857582263
2.87623283002,4.71162927933
3.26803382508,5.25508729633
3.62394995691,5.75631140235
2.63324849859,4.38033512215
2.88797862094,4.72776767794
3.57717542203,5.69010149801
3.01740960111,4.90627686079
2.6986206446,4.4689580632
2.68519067319,4.45071917766
3.59457556926,5.71472059552
2.6067687014,4.34455267532
2.8666783706,4.69850955504
2.78116972884,4.58141653249
2.65853548223,4.41456856395
2.48362418046,4.17908081577
3.21991719288,5.1878262498
3.79354940451,5.99713510751
3.09513572233,5.01403406669
3.27514428427,5.2650378673
3.50180585327,5.58361805501
3.29851716225,5.29776612022
3.16000358856,5.10426214914
3.12329153805,5.05316520895
2.87949288691,4.71610744691
2.52196259398,4.23042616529
2.64952975904,4.40236969505
3.47075869912,5.53982982046
2.64076346925,4.39050252066
3.41254028804,5.45784401547
3.53275447145,5.62731178341
3.43062885774,5.48329949636
3.70247483475,5.86767081876
3.62525403505,5.75815868136
2.52120380566,4.22940840716
2.34919559165,4.0003700948
3.39468673205,5.43273518382
2.4018122574,4.0700639832
2.50222346315,4.20397028316
3.70146520238,5.8662374234
2.69496892236,4.46399713439
3.63641872543,5.7739768477
3.22553956806,5.1956788242
2.75897997024,4.55112894007
3.64621130032,5.78785529903
2.80611633286,4.61551633333
2.92141279388,4.77376263133
3.03925796889,4.93652623928
3.7827955269,5.9818317056
2.65518241128,4.41002570757
3.00846972206,4.89390883773
3.21489630504,5.18081529542
2.86723329137,4.69927135191
3.65119137463,5.79491480348
2.66570387629,4.42428408434
3.0454512454,4.94510676892
3.01869625892,4.90805735918
2.75829991361,4.55020136785
2.76548644139,4.56000552491
2.65999229445,4.41654263225
3.78735503741,5.98831962753
3.65938312518,5.80652925471
3.33257737231,5.34551241027
3.58126006437,5.69587958679
3.25148472796,5.23193894881
3.67245723543,5.82507174947
3.19039314179,5.14662121745
3.51643230792,5.60426243623
3.4830032271,5.55709383472
3.70681172029,5.87382844486
3.13510713033,5.06960143155
2.9572847038,4.82320328218
2.49616779428,4.19586246039
3.42126317736,5.4701174528
3.29701009866,5.29565492992
3.19361934586,5.1511213577
3.5322019033,5.62653127606
2.47161922139,4.16303610394
2.64765197517,4.39982707233
3.61411587582,5.74238335331
2.49878799993,4.19937011493
3.31481987682,5.32061184388
2.51327956959,4.21878335499
3.04166533277,4.93986123794
2.50384215011,4.20613818856
3.01347733192,4.90083602309
2.44595020849,4.1287835991
2.7586998381,4.55074684535
3.17424402988,5.12410457256
3.26328645382,5.24844525903
2.97989202048,4.85440965295
2.59044360485,4.32252665869
3.77676538319,5.97325236091
2.60695623741,4.34480585426
3.57680497211,5.68957749986
2.78449460216,4.58595834958
3.35742134473,5.3803779376
2.89830268275,4.74196136104
3.47367816756,5.54394544384
2.60527557419,4.34253703463
2.89727680436,4.74055060517
3.11469117383,5.04120705303
3.1773428859,5.12842408938
2.6784729977,4.4416022623
3.34197027983,5.35869042754
3.72470993153,5.89924869999
2.4181682283,4.09179674637
2.83212795216,4.65112628478
2.68277649012,4.44744228446
2.58753035509,4.31859885488
2.90742580774,4.75451069194
2.81646551293,4.62967779928
3.45657422972,5.51983951037
3.12497781186,5.05551038849
2.44753361589,4.1308943172
2.71708512577,4.49406075997
2.68028978261,4.44406750905
3.7591838975,5.94824630475
3.05067592609,4.95234733952
3.35795325942,5.38112476773
3.57055622556,5.68073961007
2.85250548456,4.67906112608
3.41055217169,5.45504718754
3.57094753435,5.68129300575
2.49438381167,4.19347468188
2.89450925346,4.73674515349
2.39355016779,4.05909798733
3.70056825969,5.86496405003
2.87925088155,4.71577498884
2.93960229262,4.79882066189
3.45436626231,5.51672866604
2.92379744903,4.77704636617
2.42434084204,4.10000673464
3.0579197757,4.96238915299
3.77460707455,5.97018197663
2.42862673288,4.10570988077
2.98733149141,4.86468676245
2.69082554691,4.45836975099
3.79265980122,5.995868985
2.92020186217,4.77209530693
2.83686504225,4.65761724605
3.0204828827,4.91052990606
2.42324021433,4.09854249881
2.63738613584,4.38593248059
3.73615870304,5.91551563517
2.514009196,4.2197613786
2.72476218549,4.50450676929
3.17305453958,5.12244668668
3.58747184168,5.70466809212
2.89934384989,4.74339322295
3.44038483144,5.49703543574
2.80825472601,4.61844172007
2.71342822836,4.48908673856
3.08999893124,5.00690035818
2.88114047669,4.71837096488
3.31232168127,5.31711008239
3.53754534772,5.63407951701
2.48893641685,4.18618575242
2.46983246655,4.16064946692
2.48530288081,4.18132568438
2.58434432507,4.31430424709
3.58564429367,5.70208227838
3.65729510034,5.80356854206
2.83658663704,4.65723571382
3.0442121732,4.9433898802
3.63271234058,5.76872504926
2.56087557237,4.28270117758
2.70499154611,4.47761592849
2.814269466,4.62667207279
3.64340249481,5.78387413167
2.95130606208,4.81495668412
3.10192236905,5.02346159744
3.58540566476,5.70174465096
3.38999493658,5.4261394025
2.82637214635,4.64324185828
2.37319799633,4.03212049668
3.75472574438,5.94190737412
3.44273736334,5.50034838005
2.66022825594,4.41686239299
2.36079840047,4.01570934021
2.86695302084,4.69888659271
2.69585180778,4.46519643903
3.45401291279,5.51623084738
2.6998277715,4.47059823158
3.15460105792,5.09673755315
2.53217876209,4.2441350055
2.53584336403,4.24905514007
3.34792457997,5.36704656141
2.40371152954,4.07258598088
2.41397107768,4.08621681711
3.03960568291,4.93700791471
2.95346066854,4.81792832857
3.64622394182,5.78787321769
3.44001133952,5.49650949184
3.40097426363,5.44157600581
2.71891279389,4.49654715471
3.5573659058,5.66208958602
2.70536967996,4.478129916
3.22930008417,5.20093202066
2.602260033,4.33846688778
3.13340102793,5.06722760116
2.75958658343,4.55195637156
2.34926039031,4.00045571355
3.19141702215,5.14804933239
3.23177105272,5.2043842447
2.77455613871,4.57238504866
2.48469200295,4.18050874228
3.49851027043,5.57896789831
2.47269191919,4.16446911912
3.68381658369,5.84118793208
2.4179234762,4.09147130204
3.52215000794,5.61233530576
3.70900656619,5.8769450313
2.85991640365,4.6892286347
3.24387177552,5.22129536359
2.44468146934,4.12709254833
2.66600279453,4.4246893206
3.52687456608,5.61900707587
3.61125410262,5.73833098502
3.42938970933,5.48155516796
3.05232774516,4.95463687383
2.59132120109,4.32371004856
2.49927161309,4.20001760696
2.88315307189,4.72113622328
3.50709691126,5.59108493353
3.10666093513,5.03004581798
3.07241896144,4.98249908937
2.58003450745,4.30849645375
3.06335137048,4.9699209954
3.74870088506,5.93334200014
2.46506805773,4.15428721306
2.7839390518,4.58519939665
2.91286681641,4.76199805865
3.47000241688,5.53876374269
2.56873755253,4.29328189604
2.85018099874,4.67587290677
2.5069087103,4.21024600728
2.93221234287,4.78863726034
3.25816341492,5.24127903703
2.87838892862,4.71459090619
2.58632909989,4.31697950388
3.20894679352,5.17250954431
3.75246090446,5.93868735048
2.97368032335,4.84583161646
2.91824687521,4.76940372723
3.00616007891,4.89071441641
3.40742504003,5.45064842156
3.17192596355,5.12087378031
2.79625385842,4.60202903614
2.6288872265,4.37443701172
2.73649577197,4.52048244719
3.08405099841,4.99864229762
3.64854039366,5.79115677712
3.40855291113,5.45223488037
3.50709620862,5.59108394186
3.78258220939,5.98152818618
2.90600599211,4.75255725023
2.89236748139,4.73380056239
3.26714555419,5.25384442294
3.376277282,5.40686135377
3.69970650683,5.86374066534
3.44171035731,5.49890206958
3.51169430253,5.59757394102
3.44308678019,5.50084046793
2.49074008036,4.188598798
2.67967380682,4.44323164008
3.11642215688,5.04361348068
3.30626886523,5.30862714159
2.88155042967,4.7189342054
2.49077193521,4.18864141847
3.68886187315,5.84834766203
3.07042240025,4.97972910094
2.89762240145,4.74102585059
3.0435821477,4.94251694078
2.59403956265,4.32737609599
3.49618776084,5.5756910774
2.64052719362,4.39018276878
2.44290772653,4.12472870848
3.3169626796,5.3236157119
3.28603996866,5.28029100315
3.39642412452,5.43517791185
2.55672213834,4.27711401138
2.99811821819,4.87959475477
3.13157644383,5.06468911788
2.47773390982,4.17120642567
2.38034973713,4.04159461323
2.85561830528,4.68333127646
3.4899110569,5.56683655448
3.66949938108,5.82087612824
2.43445142521,4.11346410907
3.14975225896,5.08998570397
3.14892607638,5.08883540562
3.12909227976,5.06123331532
3.78056661211,5.97866037271
3.42917533708,5.48125340736
2.69784362476,4.467902367
3.31027725433,5.31424462497
3.26487774418,5.25067149018
3.62894080184,5.76338152304
3.0032060921,4.88662935252
2.53793087421,4.25185848576
3.55163576185,5.65399004011
3.16577876113,5.11230771548
2.92050071688,4.77250678802
2.38693313883,4.05032136115
3.12585975564,5.05673701952
3.30306610325,5.3041393122
2.75891331934,4.55103802895
3.51417151092,5.60107081068
3.31180910051,5.31639163096
2.35892149037,4.01322686908
2.55692703067,4.27738958924
3.47853801128,5.55079734124
3.20811684344,5.17135106529
3.20815505018,5.17140439497
3.62645071779,5.75985389372
3.35578263537,5.37807721435
2.44028416891,4.12123299682
3.45072653372,5.51160109964
3.59647783738,5.71741287088
2.70916481299,4.48328925251
2.70831568278,4.4821347807
3.73783489323,5.91789767216
2.69198427719,4.45994333958
3.10288510028,5.02479919353
3.45793942356,5.52176307315
2.6059734166,4.34347905668
2.43852005486,4.1188828811
3.27796029537,5.26897944372
2.91405840853,4.76363810302
3.49962168843,5.58053608291
2.87437704845,4.70908045645
2.73642975855,4.52039253391
2.71738702151,4.49447144426
2.53947452781,4.25393177331
3.72123746945,5.89431588412
3.54334374171,5.64227188459
2.35018027553,4.00167121896
2.9812104703,4.85623071542
3.69096455492,5.85133186425
2.37312364421,4.03202203328
3.20877369943,5.17226792902
3.10785119636,5.03169990559
3.48669328473,5.56229796907
3.06136062847,4.9671602629
3.01044548524,4.89664176778
2.77301581535,4.57028212042
2.63054431924,4.37667782028
3.06788735768,4.9762124097
3.65675811534,5.80280715382
2.67772884714,4.44059259109
2.65660406303,4.41195168153
3.32364346845,5.33298268748
2.94414553237,4.80508325821
3.28016104538,5.27206014248
2.69348753162,4.46198498368
3.01100949567,4.89742197177
3.18648288695,5.14116774018
3.00016669931,4.88242681061
3.48102492266,5.55430407074
2.71801704651,4.49532852574
3.73528002479,5.91426698762
2.38089779822,4.04232090393
2.89818282102,4.74179652684
3.77366803469,5.96884616478
3.66007313976,5.80750769967
2.72577143755,4.50588042448
3.24110193464,5.21742369344
2.48094119482,4.17549359778
2.89604586016,4.73885795441
3.02782714368,4.9206960671
3.76159117685,5.95166946888
3.50195113837,5.58382306783
3.47947379534,5.55211683196
2.55913590595,4.28036077618
3.66430419031,5.81350778411
3.43762467145,5.49314879342
3.78334004534,5.98260648294
3.27129294798,5.25964785406
2.69900354297,4.46947830724
2.51835380932,4.22558627327
3.75569520057,5.94328575342
2.77600535237,4.57436377212
2.68792937401,4.45443720093
2.84660879312,4.67097417089
3.56225584639,5.66900266068
3.51878191681,5.6075796881
2.41905696843,4.09297855417
2.57646205756,4.30368373715
2.85025096594,4.6759688662
3.25841568123,5.24163187844
3.52569642413,5.61734327123
3.64074113074,5.78010224954
2.93377343835,4.79078812722
3.73712498827,5.91688881155
3.34933500838,5.36902619701
3.42351146143,5.47328148303
3.38821490827,5.42363730841
3.32302757318,5.33211905579
3.12233620436,5.05183666078
2.59789264844,4.3325737197
3.5808681378,5.69532514028
3.56400714691,5.67147879129
2.65503952822,4.40983214813
3.66554171167,5.81526286145
2.36512247775,4.02143019472
3.69200690888,5.85281127682
2.43163195903,4.10971015063
3.03324257214,4.9281946173
3.16775956663,5.11506769943
2.43757212097,4.11762021183
2.66051022042,4.41724450103
3.58077397023,5.6951919253
3.04084853344,4.93872965602
3.29569957388,5.29381916395
2.39926876599,4.06668721855
2.77262874065,4.56975369775
3.02216457887,4.9128574401
3.35809130256,5.38131858837
2.67644674785,4.43885314518
2.4319191863,4.11009253513
2.39921660857,4.06661798196
3.08755879867,5.00351222264
3.72438962377,5.89879366603
3.60466842646,5.72900677285
2.44235496248,4.1239921222
2.81045008448,4.62144542668
2.68731170285,4.45359859905
3.06879848832,4.97747631054
3.23604700801,5.21035906569
2.71462693716,4.49071706142
2.4275845179,4.1043228295
3.17137772489,5.12010972286
2.87950313258,4.71612152214
3.23394597619,5.2074231493
3.08573950311,5.00098637172
3.06442894009,4.97141546219
3.31003204864,5.31390096112
3.70594829163,5.87260246598
2.70001081741,4.47084695438
2.9720674464,4.84360476258
3.18085863379,5.13332541012
3.60849369788,5.73442248923
3.78584699843,5.98617368799
3.53970156436,5.63712579054
3.5787784875,5.69236908928
3.73165568893,5.90911693609
3.75075063464,5.93625591473
2.62565945779,4.37007301214
3.54703937309,5.64749411375
3.34715066676,5.36596036384
2.95856369568,4.82496778497
3.30583697118,5.30802192326
2.51790931301,4.22499023691
2.81057211927,4.6216124072
2.59135813221,4.32375984981
2.60378863488,4.34052996554
3.52896357131,5.62195738199
2.65192851408,4.40561822635
2.39996972856,4.06761774609
2.61483711113,4.35544837791
2.7570471123,4.54849269665
3.10977567005,5.03437450666
2.88893319153,4.72907969633
2.99661201125,4.87751258699
3.53694159243,5.63322657731
2.95412541587,4.81884521917
3.71627572549,5.88726828932
2.8144721841,4.62694951634
2.50439674146,4.20688101741
2.4017461772,4.06997624465
3.35247876649,5.37343905587
2.66194303202,4.41918631036
2.93823847169,4.79694100652
2.79455361276,4.59970469928
3.31506235063,5.3209517412
2.6618214736,4.41902156158
3.65343433404,5.79809464672
3.77061535465,5.96450386885
3.56179974125,5.66835780457
3.02971633528,4.92331173809
3.31112719994,5.31543587673
2.64766221528,4.3998409371
3.39328190744,5.43076014849
2.48206407675,4.17699482167
3.75176624034,5.93769975518
3.488095544,5.56427576032
3.3042032446,5.3057326536
3.50016005041,5.58129571958
2.99183407022,4.87090864636
3.39867823338,5.43834735553
3.47578818691,5.54692022463
3.60031914938,5.72284994622
3.43164812759,5.48473436175
3.60252395814,5.72597096683
2.84596996111,4.6700982165
3.04476185006,4.94415151323
3.43460012845,5.48889029341
2.94201155914,4.80214151078
3.41888263227,5.46676756206
3.38642070602,5.4211154529
2.49430608873,4.19337066123
3.03917931911,4.93641728976
2.7138310171,4.48963454347
3.13386834436,5.06787779621
3.67234017186,5.82490569176
2.43526982349,4.11455393238
2.59860517513,4.33353504477
3.01305918187,4.90025751701
3.07003603072,4.97919308976
3.66450746542,5.81379606859
3.17630550717,5.12697801597
3.61602952779,5.74509334441
3.08362672494,4.99805332705
2.53552825457,4.24863201509
2.9070666345,4.75401651207
2.9241288779,4.77750278604
3.36204480788,5.38686995951
2.74438417758,4.53122954777
3.11029085175,5.03509053726
3.29283719583,5.28980990715
