k,omega
2.92645644527,4.57331284484
2.54359381849,4.02530313124
2.80410195817,4.39745169669
2.67267368442,4.20927835807
3.50712901025,5.41486427862
3.41884152426,5.28629671615
3.4873804717,5.38608945716
3.70527301407,5.70405269417
2.93668441705,4.58804080901
2.80031361979,4.39201670349
2.68175848453,4.22225924999
3.16063080025,4.9114590264
3.48278224081,5.3793908764
2.68750288101,4.23046927632
3.74037911679,5.75537485765
3.5393520263,5.46183463836
3.71809818158,5.7227991919
3.24345487606,5.03148664337
3.55917748183,5.49074527494
2.80380016414,4.39701870067
3.22956494658,5.01134321491
2.54749556665,4.03085098123
3.55364358715,5.48267453605
3.8150362421,5.86459609285
3.80848430748,5.85500661946
2.73825161145,4.30306961833
2.98554613536,4.65845487017
3.37061651411,5.21615128085
3.34561757261,5.17981293223
3.03016884081,4.72283665838
3.23316884223,5.01656910732
3.75974066388,5.78369009173
2.93485400849,4.58540478129
3.22020742644,4.99777596527
2.85336937281,4.4681899739
2.92506398119,4.57130805184
3.4990890805,5.40314850601
2.67499126835,4.21258946921
2.89171659324,4.52331900469
3.61359508499,5.57014498279
2.97621978417,4.64500789574
3.79389227857,5.83365244005
3.10140132887,4.82575505484
3.88306251456,5.96420585661
3.21126110933,4.98480733788
3.78927473273,5.82689588403
2.5939471957,4.09696515909
3.27893914048,5.08297188058
3.35836422305,5.19833934696
2.66513349378,4.19850760478
3.22876361895,5.01018128755
3.89776998628,5.98575252925
2.85272599699,4.46726555338
2.60239393826,4.10899998362
3.7874322776,5.82420004998
2.6602676459,4.19155851393
2.5890613031,4.09000554564
2.912799541,4.55365364479
3.82673687396,5.88172320616
3.48730755413,5.38598322886
2.68070777802,4.22075773093
3.63436757244,5.60047061498
2.78897188774,4.37574888698
2.542938557,4.02437150729
3.51791246411,5.4305802756
2.84683067156,4.45879578545
3.26317646288,5.06009686724
3.71028587957,5.71137959134
2.67885590429,4.21811143096
2.87291121221,4.49627637807
2.81736165254,4.41647981155
3.35830366689,5.19825132241
2.98726091923,4.66092763751
2.73089156897,4.29253288938
3.72791562151,5.73715150363
2.86189070763,4.48043528506
3.39906355524,5.25752158925
3.24925586402,5.039901006
3.5244462498,5.44010404042
3.87727375155,5.95572626286
3.90215258197,5.99217382361
3.5491109819,5.47606460949
3.4272335648,5.29850933617
3.76945816729,5.79790413526
3.29767939913,5.11017710915
3.70686596187,5.70638092196
2.70134829349,4.25026407994
3.6984181985,5.69403438064
3.54016122177,5.46301448053
3.40230909788,5.26224287615
3.29848359895,5.11134478503
3.20020604105,4.96878516137
2.59640931972,4.10047277068
2.84595791245,4.45754202244
3.11609280393,4.84700280681
3.40454830191,5.2655003996
3.59495608966,5.54294188928
2.80170934218,4.39401902348
3.48888128869,5.3882759161
2.97592852779,4.64458800635
3.25056741543,5.04180355312
3.28987210768,5.09884207288
3.55427325018,5.48359281414
3.26481471342,5.06247398979
2.98667386194,4.66008107202
3.25340200565,5.0459156024
3.07652884277,4.78979913609
3.57835469287,5.51871897148
3.8242552318,5.87809042704
3.45459533715,5.33834000565
3.02035155437,4.70866613757
2.70075406366,4.24941431799
2.81160445075,4.40821709594
2.96703126649,4.63176279616
2.62074315017,4.13515681398
2.57229823537,4.06613758614
3.59328853375,5.5405085045
2.97837219031,4.64811100633
3.62113412269,5.58115011854
3.51200044081,5.42196365348
3.2122601832,4.98625548217
2.97824371652,4.64792578166
2.97379601427,4.64151376662
3.71091155465,5.71229412474
3.06222319489,4.76912816012
2.68382640039,4.22521457737
3.55139632997,5.47939728905
2.85359635601,4.46851611387
2.73156719116,4.29350001312
3.20404914279,4.97435457515
3.35287619531,5.19036233327
3.43422178033,5.308680361
3.00853355663,4.69161227685
2.59567963397,4.09943320571
3.07034171735,4.78085818458
2.75478779275,4.32675217744
2.69054500193,4.23481780126
2.68401196679,4.22547978677
2.69008651043,4.23416238691
3.16859954616,4.92299815477
3.75124933795,5.77127108902
2.65466005538,4.18355159103
3.71714008623,5.72139863492
2.61498204032,4.12694242791
3.68853012066,5.67958461579
2.66604394946,4.19980799075
3.12319894021,4.85728268051
2.78827934555,4.37475573466
2.57854531546,4.07503064613
3.56948646055,5.50578191315
2.84964129085,4.46283359961
2.84276514638,4.4529557226
2.796489176,4.38653054748
3.0647844582,4.77282855206
3.76229227135,5.78742221952
3.67255922657,5.65625001716
2.81274601027,4.40985534448
3.80197823646,5.84548505616
3.83072346108,5.88755925002
2.55278866704,4.03837855394
2.60763549771,4.11647001607
2.69348128849,4.23901547047
3.1017728282,4.8262922537
2.76660130301,4.34367875484
2.71135060906,4.26457016298
3.57112271319,5.50816876254
3.83299069142,5.89087842213
3.48757496724,5.38637280417
3.41989342704,5.28782741405
3.71613407912,5.71992805939
2.74380696877,4.31102440579
3.70707684502,5.70668914929
2.80335119977,4.39637456081
3.56338265689,5.49687864173
3.56602678525,5.50073537972
3.39560719869,5.25249392676
3.87924423257,5.95861263038
3.21491354023,4.99010163255
3.75179702844,5.77207207284
3.82948577538,5.8857473465
2.6467961001,4.17232554854
3.88277574004,5.96378576492
3.28511086773,5.09193028949
2.85751221742,4.47414294103
3.23468843282,5.01877273069
3.69950819004,5.69562734047
2.93806717885,4.59003225205
3.45848746323,5.34400728322
3.482331335,5.37873403584
2.95028344201,4.60762919153
3.71758672874,5.72205154083
3.00979735565,4.69343575303
3.66430747709,5.64419567238
3.00357541753,4.68445896479
2.908333636,4.5472265288
2.65554039483,4.18480849829
3.54158341246,5.46508813239
2.9440494814,4.59864876113
2.60097975794,4.10698480894
3.49973907943,5.40409562715
3.80784401911,5.85406952977
2.64087467842,4.16387461317
3.74645312551,5.76425699391
3.62725484382,5.5900857527
2.73567782404,4.29938466483
2.80936464438,4.4050029205
3.18256260742,4.94322208493
2.66850900921,4.20332899506
3.79318978094,5.83262449504
2.94540492469,4.60060124076
3.09268157409,4.81314734453
3.52319492401,5.43828000902
2.78180599816,4.36547354461
3.00341836406,4.68423239172
3.42010371931,5.2881334285
3.24536835489,5.03426204629
3.16075057706,4.91163245434
3.88219062867,5.9629286485
2.97293547372,4.64027325572
2.69456397336,4.24056336561
3.25187019462,5.04369342438
3.83978469438,5.90082524028
2.58117715502,4.0787778538
3.48158394788,5.3776453176
2.54953435505,4.03375025321
2.5295892928,4.00539740491
3.24408084025,5.03239456063
3.51789704838,5.43055780651
2.71504971915,4.26986212804
3.56678179522,5.50183666936
3.81106123296,5.85877813765
3.2737207613,5.07539811688
3.09641866461,4.81855041717
3.37062705872,5.21616661192
3.72757366867,5.73665156409
2.97332189491,4.6408302972
3.71198683285,5.71386584979
3.89362333214,5.97967723723
3.25727082166,5.05152834356
2.9454359418,4.60064592089
3.76892950046,5.79713079436
2.82069601706,4.42126593179
3.36078344671,5.2018560138
3.32390522709,5.1482654652
3.09836971625,4.8213714247
3.4031634811,5.26348579091
2.86161938659,4.48004534564
3.87813916725,5.95699391845
3.85206713671,5.91880956366
2.63110062742,4.1499292216
3.39560290065,5.25248767496
3.34743596659,5.18245558414
2.87484149082,4.49905150972
3.74432686989,5.76114764933
3.14119869288,4.88332874754
3.45421323432,5.33778365022
3.72133485031,5.7275307329
3.38622554831,5.23884879408
3.45035856675,5.33217131488
3.66663352931,5.64759348123
2.54654187974,4.02949486536
2.9077115028,4.54633124684
2.63554871834,4.15627504483
3.7919916763,5.83087136349
3.65479134502,5.63029603025
3.73744989069,5.75109165162
3.55407973153,5.48331059249
3.55615567063,5.48633812201
2.75939867136,4.33335795948
3.25500691833,5.04824390056
3.1128893501,4.84236916515
3.73105848874,5.74174652414
2.66963890979,4.20494300647
3.76033999914,5.78456670276
2.8407167919,4.45001355612
3.60152325751,5.55252563123
3.61332200884,5.56974638177
2.55528109866,4.04192370695
3.65825615982,5.63535666019
2.97220692856,4.639223044
3.51703431583,5.42930034583
2.98127476217,4.65229589666
2.72836454354,4.28891575211
2.95960059634,4.62105390526
3.7153700302,5.71881119036
3.01870666327,4.7062921935
2.87183659114,4.49473147775
2.87595938582,4.50065875936
3.32430531969,5.14884667424
2.84588037234,4.45743063366
2.89519394567,4.52832108567
3.14613992446,4.89048063565
3.41984333167,5.28775451612
3.68650760788,5.67662929606
3.09364156813,4.81453525641
2.99853115594,4.67718230911
3.11348090703,4.84322479858
3.76613801087,5.79304745416
3.84993744596,5.91569101232
2.92057544525,4.56484621743
3.73415389697,5.74627234624
2.97002284074,4.6360747579
2.81732003113,4.41642007153
3.20079468011,4.96963818679
2.74465314738,4.31223618519
3.0104424294,4.69436652167
3.60853688755,5.56276194421
3.82605747548,5.88072865009
3.06391489834,4.77157222807
3.8771944893,5.95561016067
2.61603078023,4.12843762702
3.79242164228,5.83150050991
3.42499117993,5.29524590591
2.596707991,4.1008982884
3.2669406412,5.06555885245
3.59129228893,5.53759555929
3.09897640717,4.82224865914
2.83688082208,4.44450421197
2.56377809813,4.05401217316
3.3892438033,5.24323844576
3.09177954336,4.81184326104
2.97697534663,4.64609716597
2.68879716992,4.23231932754
3.22207074652,5.00047734303
2.61892299973,4.13256139334
3.36513500739,5.20818197968
2.76278355777,4.33820793809
3.80642404714,5.85199136646
2.86911712254,4.49082211678
2.55365421254,4.03960963793
3.05074571198,4.7525487942
3.50169424968,5.40694458859
3.59428670742,5.54196508444
2.66947976904,4.20471567732
2.74539830986,4.3133033307
3.7850410592,5.82070137421
3.61195180224,5.56774635664
2.53060327708,4.00683828243
3.0571694861,4.76182745837
3.46632099686,5.35541470971
3.03124698846,4.72439309113
3.19613765526,4.96288975232
3.23726542909,5.0225098979
3.60925777953,5.5638141379
3.56008453218,5.49206820012
3.75694553645,5.7796019207
3.11987567107,4.85247497158
3.33228115915,5.16043397122
3.2129049099,4.98719002076
3.47465284482,5.36754941992
3.55469413114,5.48420661687
3.43719301447,5.31300522165
3.03122133104,4.72435605116
3.20521126467,4.97603880696
3.45201332337,5.3345805701
3.5736022974,5.5117859173
3.43377816888,5.30803466902
3.78844184225,5.82567721174
2.71939852382,4.27608438161
3.79771377198,5.8392444849
3.73599838103,5.74896927066
2.9594862735,4.62088916227
3.08079978666,4.79597178634
2.76277160722,4.33819081403
3.21958146985,4.99686849791
2.56883994554,4.06121544506
3.54827615775,5.47484723069
3.89334276327,5.97926618456
3.10007907103,4.82384306836
2.85183980908,4.46599228175
3.78624080153,5.82245674602
3.5661309806,5.50088736273
2.53415759391,4.01188945415
2.8302496536,4.43498177809
3.37955698877,5.22915109113
2.59778573023,4.102433786
3.07412072583,4.78631903725
3.83080369697,5.88767671189
3.04080872531,4.73819836298
3.86952183301,5.94437188688
3.81049541492,5.85795001124
2.89153732262,4.52306114168
3.34734928334,5.18232960634
2.849886163,4.46318540538
3.27989729711,5.08436259744
2.87845162511,4.50424215033
2.82499006819,4.42743028011
2.84586022789,4.45740169557
3.77840276704,5.81098921876
2.87815625147,4.50381744311
3.52776576312,5.44494299988
2.62622943286,4.14298095816
3.24423267985,5.03261479505
3.63702285322,5.60434770259
3.17017069418,4.92527348593
3.29810842359,5.11080003855
2.91181824447,4.55224134278
2.75508911328,4.32718383512
2.54289832778,4.02431431182
3.44347493085,5.32214975285
2.92103677428,4.56551032478
3.0340704701,4.72846931179
2.81850819792,4.41812549981
3.04817527555,4.74883638818
3.20144789496,4.97058480438
2.96174854846,4.62414926638
3.76928020735,5.79764381249
3.76773959434,5.7953902032
3.04695029487,4.74706726483
2.83461753092,4.44125389085
3.88484047505,5.9668103963
2.68131166465,4.22162071246
2.81908502363,4.41895346509
3.73094124632,5.7415751067
3.3725413464,5.2189498889
3.20462524379,4.97518949766
2.70590170215,4.25677612073
3.79952244789,5.84189124045
3.78995486241,5.82789104875
2.67581298396,4.21376351077
3.40276687271,5.26290882219
3.64873346534,5.62144862741
2.71430243819,4.26879301168
3.59670056083,5.54548757755
3.43984153305,5.31686052867
3.68529826284,5.67486222625
2.7712683732,4.35036754595
2.69254011025,4.23766993112
3.31818630536,5.13995814152
3.28447617523,5.09100896884
3.00937681051,4.69282896187
3.39022359738,5.24466347668
2.90423432242,4.54132768495
2.85851521022,4.47558427572
3.43065863617,5.30349421783
2.82718910329,4.43058742167
3.12491804938,4.85976982249
3.85982782497,5.93017438863
3.01581860308,4.70212431229
3.65860117317,5.63586059248
3.16361985395,4.91578708844
3.49330379454,5.39471913497
2.56211922978,4.05165182676
3.35047934164,5.18687868428
3.09768568714,4.820382379
2.84663750652,4.45851829127
3.73194203355,5.74303834326
3.77047347345,5.7993893536
3.13710936401,4.87741048171
3.68679506017,5.67704931971
3.73687288897,5.75024796133
3.49519069726,5.39746833396
3.6168629491,5.57491510935
3.34305577611,5.17609005119
3.36616274953,5.20967610509
3.68379168287,5.6726608844
3.58086158794,5.52237636757
3.48826655029,5.38738033058
3.73556350762,5.74833341169
3.10403288644,4.82956046172
2.64956376004,4.17627611154
2.68313174707,4.22422180176
3.87543746183,5.9530365205
3.19788570842,4.96542275666
3.07214457195,4.78346333766
3.18035308265,4.94002143582
2.9319501118,4.58122305437
2.70846332418,4.26044005292
3.731026277,5.74169942808
3.22002368807,4.99750959324
3.40327850324,5.26365312089
3.14926019654,4.89499728402
2.79393782901,4.38287100265
2.93898371213,4.59135227668
3.37670094758,5.22499806644
2.72071509203,4.27796829933
3.2888055243,5.09729368299
3.49460529681,5.39661540219
3.87260333038,5.94888528555
3.75052315851,5.77020907843
2.65195395491,4.17968819361
2.60283705884,4.10963144231
3.6774695796,5.6634238353
2.90641782055,4.54446961979
2.90469648092,4.54199269014
2.65741440812,4.18748425671
3.04457458593,4.74363640196
3.2745567254,5.07661135265
2.86675460839,4.48742613964
3.47233584211,5.3641747123
3.78035463322,5.81384481107
3.76485553244,5.79117151779
2.94891337606,4.60565539494
2.94628706824,4.60187198238
3.57310526871,5.51106085351
2.60767664784,4.11652866714
3.72236786439,5.7290408934
3.74042289122,5.75543886726
2.57132892848,4.0647579171
3.86560339836,5.93863288715
3.07292884473,4.78459665843
3.24796282973,5.03802536869
3.12702232022,4.86281433157
3.89903750271,5.98760963575
3.24505140404,5.03380231799
2.90414734865,4.54120253833
3.35750848877,5.19709545905
3.16580028066,4.91894445806
2.9590068824,4.62019834919
3.29404041231,5.10489362557
2.55966567039,4.04816102293
3.06264311082,4.76973481943
2.59256256157,4.09499271346
3.59175548704,5.53827145598
2.92820642404,4.57583247422
2.87054209178,4.49287053782
3.28543497563,5.09240076939
3.50500494059,5.41176894081
3.89886903301,5.98736280013
2.7199362989,4.27685389051
3.69727485417,5.69236347439
3.2577594953,5.05223732459
3.05512423073,4.75887308507
2.60972006919,4.11944125848
3.3030434153,5.11796585088
3.42379986217,5.29351218564
3.10220071668,4.82691099855
3.66660572416,5.64755286387
2.58553158498,4.08497851173
3.76925742056,5.79761047964
3.65120871378,5.62506358224
2.96443789086,4.62802505535
3.09685456007,4.81918066346
3.48407837176,5.38127899476
2.60225083957,4.1087960664
3.71613129974,5.71992399653
3.79785847585,5.83945623744
3.07721006574,4.79078364338
2.65272595025,4.18079030437
3.11294451422,4.84244895456
3.59809419763,5.54752134444
3.22442479588,5.00389031032
2.96945615164,4.63525792435
3.06906754102,4.77901704628
3.33277247907,5.1611478168
3.29249333165,5.10264751435
2.71434089336,4.26884802789
3.64705911327,5.61900340705
3.53734331633,5.45890591628
3.77042157237,5.79931343077
3.40440685758,5.26529462709
2.81911108831,4.4189908782
3.84451101845,5.90774534639
3.26532199307,5.06321007461
2.94203122724,4.59574164992
3.41450986057,5.27999369943
3.02141814528,4.71020551701
2.70994534207,4.26255995223
2.78486318141,4.369857035
3.56939231784,5.50564458625
3.85679547225,5.92573365511
2.84055411276,4.4497798985
2.79835299445,4.38920411084
2.63750276927,4.15906309442
3.37611447855,5.22414529667
3.57935798803,5.52018269695
3.61838170853,5.57713213198
3.16281363071,4.91461967339
3.86979332677,5.94476953085
3.0927105762,4.81318927391
2.783510909,4.36791805089
3.57229607113,5.50988041047
3.37986109289,5.22959330727
3.73865229493,5.75284982452
2.86035785452,4.47823232636
2.67115651589,4.20711093757
2.89856428898,4.53316969704
3.23862506118,5.02448171841
2.69691403649,4.24392340455
3.51665992717,5.42875466757
3.67701554573,5.66276049036
2.52747332043,4.00239078682
3.01440598473,4.70008581143
3.88630081288,5.96894969083
3.02583804823,4.71658506283
2.89549620945,4.52875590706
3.24977826735,5.04065880255
2.58056008721,4.07789923998
2.94600433298,4.60146469458
3.90468604619,5.99588595719
3.85312111325,5.92035295386
3.70654401172,5.70591036054
2.81038600477,4.40646857003
3.33679748646,5.16699605098
3.08775777074,4.80602923496
2.69559714421,4.24204052454
3.405239822,5.26650642695
3.58484972835,5.5281950885
2.76603510159,4.34286734835
3.90380257719,5.99459145037
3.20950011353,4.98225487057
3.80100212841,5.84405660039
2.57787960084,4.07408286306
3.59990806134,5.5501684214
2.8055891127,4.39958543491
3.77775663008,5.81004393223
2.988632774,4.66290596873
2.96994886883,4.63596813308
2.69224320177,4.23724546993
2.93926961272,4.59176404769
3.4056683143,5.26712980607
2.79543164343,4.38501363255
3.26101943551,5.05696710987
2.76461940039,4.34083861235
3.34034861683,5.17215611496
3.65550419585,5.63133718368
2.85806964145,4.47494397314
3.08006403229,4.79490838181
3.61807077611,5.57667824159
3.50601035596,5.41323408687
3.5078606899,5.41593055601
2.60329686153,4.11028668453
3.53002499073,5.44823649196
3.82753435341,5.882890629
2.55932367564,4.04767447625
2.99256188722,4.66857246415
3.28693051535,5.09457175549
3.84471136321,5.90803869253
2.99169727676,4.66732549042
3.25091117951,5.04230222831
2.6403413985,4.16311361478
3.24197366002,5.02933828855
3.40385785612,5.26449594726
3.05548121641,4.75938874087
3.77888299462,5.81169178803
2.56197860986,4.05145175058
2.94577263778,4.60113093364
3.11466018422,4.8449305501
2.92388715333,4.56961377857
2.59274345253,4.09525039126
3.32313210868,5.14714237899
3.00623693593,4.68829873747
2.95079892597,4.60837184606
3.43522523234,5.31014093845
3.60410065769,5.55628719401
3.2393019015,5.02546333322
2.89120380363,4.52258141108
3.81649749132,5.86673489865
3.53343555299,5.45320861596
3.16095137445,4.91192319507
2.86087922703,4.47898161242
2.75823937034,4.33169699394
3.02967148095,4.72211867478
2.75453049737,4.32638359143
2.7821693823,4.36599455504
2.88773055905,4.51758579353
3.32684029012,5.15252929191
2.83288991832,4.43877300547
2.78132406557,4.36478257167
3.1549803824,4.9032781507
2.64443091717,4.16894979142
3.41764035864,5.28454884928
2.56109705994,4.05019749291
3.7073484139,5.70708607633
3.82396095841,5.87765965915
2.52588445259,4.00013330975
3.74528972421,5.76255567516
3.79176946703,5.83054621782
2.96692123723,4.63160420976
3.89663368242,5.98408769294
2.74560678393,4.31360189053
3.14898059499,4.89459254334
3.4860334087,5.38412703954
3.06748005212,4.77672325982
3.87216159434,5.94823827462
3.68894086436,5.68018480948
3.64199174855,5.61160339477
3.78746132448,5.82424255016
2.69228307717,4.23730247566
3.35561103757,5.19433740943
3.61026643083,5.56528635577
2.67382787539,4.21092730694
3.52051813774,5.43437823481
3.07809005206,4.79205542774
3.21735131709,4.99363547555
3.0043687338,4.68560345554
3.23947865684,5.02571968194
2.98722630639,4.66087772374
3.37053124463,5.21602730561
3.04296360886,4.74131003247
3.58548357244,5.52911990299
3.43808657738,5.31430591411
3.20679720081,4.97833732677
3.69140818387,5.68379021851
3.53963010524,5.46224008787
3.60331794519,5.55514485635
3.14709695145,4.89186591622
2.74459539079,4.31215347318
3.56812495601,5.50379589211
3.08002755299,4.79485565781
3.1223619115,4.85607173367
3.09871564979,4.82187161994
2.69811803472,4.24564494324
3.12716153329,4.86301575337
3.22988474517,5.01180692906
2.93720645854,4.58879264059
2.86516821119,4.48514591396
3.11954701288,4.85199952758
2.86051711056,4.47846119864
3.05463528929,4.75816682999
3.20260861102,4.97226690783
3.26913911391,5.06874911806
3.2518320297,5.0436380599
3.14556461726,4.88964790207
3.19383164924,4.95954839189
3.357463705,5.19703036228
2.85926546736,4.47666244785
3.23442589436,5.0183920076
3.79984618839,5.84236499783
3.76293316796,5.78835965131
3.02389520224,4.7137807363
2.56245871895,4.0521348617
2.94937491935,4.60632031307
2.54595346429,4.02865818088
3.37670975051,5.22501086662
3.63930424262,5.60767897409
3.49668476027,5.39964522879
3.49035133824,5.3904176033
2.87725940428,4.50252792018
2.84993343199,4.46325331663
2.66238499224,4.19458222577
3.32507351186,5.14996262866
2.55389870397,4.03995739098
3.76966409478,5.7982053702
3.70407085496,5.7022956706
3.60936182306,5.56396599784
2.87211678802,4.49513429078
3.59387884392,5.54136990904
3.20716262791,4.97886695617
3.85925764106,5.92933936947
3.71297691069,5.71531305849
3.7415552371,5.75709466448
3.00618007569,4.68821670253
2.68313845379,4.22423138666
3.88302895938,5.96415670207
2.53641666928,4.01510028686
2.83112173062,4.43623398434
2.71670374104,4.27222859061
3.87528559196,5.9528140687
2.90319076662,4.53982613155
2.84744898525,4.45968404389
2.77125915179,4.35035432895
2.74804736859,4.3170972491
2.85594089741,4.47188498449
3.43970452817,5.31666109374
3.4117911288,5.27603790575
2.74680531822,4.31531837407
3.55531121737,5.48510656788
3.20690903902,4.97849941833
3.59683961608,5.54569050224
3.16710811124,4.92083833475
3.48780280136,5.38670472096
3.52228886029,5.4369592814
2.67779623152,4.21659725047
3.49772240565,5.40115714027
3.41253830824,5.27712504399
2.74210431874,4.30858620739
3.47342099896,5.36575522403
2.76038099769,4.33476541592
3.47313623913,5.36534047365
3.01515968507,4.70117344157
3.78573981012,5.82172373018
3.81687585175,5.86728870479
3.03083624353,4.72380012777
3.20762734099,4.97954049086
3.51493941156,5.4262470266
3.38102280025,5.231282638
3.13632150351,4.87627031482
3.01649057672,4.70309403923
3.75787391769,5.78095976036
2.97670265435,4.6457040318
2.65469488666,4.18360132074
2.98803903064,4.66204973188
2.67070651104,4.20646808456
2.81777033233,4.41706640159
3.45503555759,5.33898098683
3.22400124086,5.0032762162
3.21443084286,4.98940192719
3.53770854227,5.45943841304
3.31730060721,5.13867165325
3.3092955765,5.12704521353
3.84272446619,5.90512949646
2.72766762811,4.28791825299
3.7059773572,5.70508214492
2.86522059511,4.48522120692
3.24302086421,5.03085714625
3.0189705014,4.70667296419
3.65649342613,5.63278202025
3.44405309528,5.32299143059
3.7253494064,5.73339971942
3.25259430327,5.04474387079
3.24927101563,5.03992298477
2.59944236413,4.10479417913
2.93209552792,4.58143245165
3.25869866966,5.05359992356
2.65283611828,4.18094758418
3.6549709556,5.63055835929
2.68577526986,4.22799996376
2.86223874604,4.48093548622
3.89789919439,5.98594183774
2.81604533051,4.41459050491
3.35374916189,5.19163116324
3.61920116163,5.5783283564
3.11675087541,4.84795471686
2.93325987321,4.58310912281
3.0044869033,4.68577393665
3.27340311822,5.07493712626
3.1614854949,4.91269657069
2.60929875794,4.11884072423
2.69192013668,4.23678362006
3.7631273719,5.78864371262
3.28069146483,5.08551531212
3.76304229677,5.78851927348
2.53356749191,4.01105078804
3.49310362579,5.39442749598
2.71321806203,4.26724166886
3.21791920594,4.99445872233
3.83415298381,5.89258002708
2.76873993888,4.34674370117
3.08318582317,4.7994205107
3.05461731066,4.75814086077
3.05838509108,4.7635834689
3.39111425438,5.24595888634
3.54209988209,5.46584119201
3.77317687067,5.80334405426
3.39171910229,5.24683861464
3.24147392974,5.02861349447
3.49783495004,5.40132112571
3.02384446875,4.71370750878
2.84710853165,4.45919495233
3.80741198505,5.85343723354
3.3782082295,5.22718980785
3.11496126732,4.84536605543
2.87640660698,4.50130176423
3.79207266119,5.83098986413
2.58616192652,4.08587619625
2.53744997544,4.01656902634
3.04425135251,4.74316962188
2.87062327352,4.49298724065
2.95386921597,4.61279540188
3.79808784111,5.83979188011
3.4341185699,5.30853013417
3.4176151949,5.28451223284
2.60960528403,4.11927764354
3.68274474858,5.67113118173
2.58868301343,4.08946675218
3.55381070831,5.48291825871
3.7551569189,5.77698595598
3.06245130894,4.76945771942
2.93963835305,4.59229513406
2.85013329739,4.46354046381
2.79015358074,4.37744356359
2.71076369992,4.26373058787
3.03179779655,4.72518826305
2.61413549289,4.12573553894
3.00188342488,4.6820180596
3.78826098964,5.82541259275
3.08801749341,4.80640468357
3.41361124332,5.27868617786
3.14513378079,4.8890242908
2.98378400315,4.65591393739
2.85861498964,4.4757276644
3.33882700209,5.16994505101
3.56338753236,5.49688575296
2.92218155654,4.5671583347
2.90544627011,4.5430715884
2.83115395493,4.4362802555
3.11024010263,4.83853740908
3.07276332766,4.7843574747
2.68774856974,4.23082045648
3.39795388613,5.25590741649
3.86942052212,5.94422350198
2.62204603824,4.13701475742
3.39860540331,5.2568551378
2.74772346872,4.31663335013
2.68999213466,4.23402747787
3.11860875417,4.85064224167
2.81371161869,4.41124113008
3.47096712334,5.36218123795
2.5972580337,4.10168194815
3.46074504037,5.34729468242
3.47662916286,5.3704280229
3.86205516869,5.93343632953
3.02662221986,4.71771698305
2.95348860796,4.61224701715
2.97457218579,4.642632679
3.34298342826,5.17598491562
3.18806618402,4.95119504554
2.76694686556,4.3441739774
3.71515387726,5.7184952251
2.76117036882,4.33589644202
3.86741586465,5.94128741949
3.53677267304,5.45807392858
3.48344182862,5.38035171557
2.70078639577,4.2494605532
2.85986822593,4.47752867103
3.4156909808,5.28171230425
3.27162455849,5.07235598214
3.02349884891,4.71320865167
2.68525630063,4.22725821819
3.50841944771,5.41674484267
3.57611602786,5.51545302253
3.12580332315,4.86105064023
3.66303237396,5.64233309737
3.35278478552,5.19022947313
3.78083934355,5.81455395641
2.6442943574,4.16875489234
3.38380998087,5.23533584052
2.63964197869,4.16211555442
2.83422647887,4.44069232142
3.11644547624,4.84751295072
3.51118294464,5.42077223762
3.51480400739,5.42604967877
3.15484272341,4.90307885562
2.86172123041,4.48019171403
3.8302832096,5.88691474298
3.04451553609,4.74355112805
3.09662025289,4.81884188598
3.53035595823,5.44871898475
2.98690734641,4.6604177666
2.5815097405,4.07925141524
3.77155897034,5.80097727054
3.29163972672,5.10140824644
2.61122695817,4.12158924495
3.72196786305,5.72845613003
3.72098834779,5.72702418652
2.90220110096,4.53840215953
3.26576269426,5.06384955714
3.22233428428,5.00085941938
3.84608993833,5.91005723103
3.27367227246,5.07532774558
2.85747700358,4.47409233829
3.64278061118,5.61275535729
3.31563318829,5.13624976335
3.73161872138,5.74256563107
3.41624722998,5.28252169422
3.67271091739,5.65647162366
3.56575458394,5.50033833842
2.96328515896,4.62636374415
3.60364609728,5.55562377962
2.58137551274,4.07906029044
2.99978960959,4.67899761938
2.61995897961,4.13403861455
2.85532983952,4.47100693369
3.739749441,5.75445411193
3.54153362271,5.46501553473
3.43560234503,5.31068985235
2.80360452113,4.39673800591
2.69627157381,4.24300480704
3.20519893384,4.97602093599
2.61114779696,4.12147640205
3.62926435406,5.5930196079
2.65342731897,4.18179161384
3.15818185288,4.90791323057
3.03779242876,4.73384307763
2.96260533333,4.62538400628
3.15642062371,4.9053632882
3.33286909375,5.16128819039
2.89577539976,4.52915753936
3.36643454941,5.21007125076
3.18220239306,4.94270027935
2.74210014169,4.30858022601
2.7698754446,4.34837111399
3.69009258891,5.68186776961
2.90795030154,4.54667488882
3.70110909082,5.69796700788
3.22879598228,5.0102282141
3.77816304822,5.81063851359
3.1167806988,4.84799785716
3.63921913146,5.60755469331
2.70661901887,4.25780207949
3.05805348619,4.76310444175
2.79922730367,4.39045832035
2.97988379327,4.65029037709
2.69897600884,4.24687176164
2.59586296465,4.09969438964
2.91315060084,4.55415890646
3.33289407499,5.16132448623
2.82707697445,4.43042643398
3.69673547488,5.69157522382
3.68189168597,5.66988476641
2.59764544368,4.10223391069
2.74918288694,4.3187236102
3.51431707736,5.4253399952
2.58505090136,4.08429397314
2.70957287775,4.26202716413
2.63864413095,4.1606916859
3.86091608079,5.93176812635
3.36458023112,5.20737546077
3.15965310277,4.91004340972
2.76820053153,4.34597064007
3.26795796124,5.06703509709
3.74069241847,5.75583298704
3.85678113282,5.9257126561
3.61521439429,5.57250867256
2.93811580089,4.59010227847
3.37252137546,5.21892085167
3.88198765096,5.96263131245
2.67282417932,4.20949336068
3.77849334197,5.81112172886
3.67666663841,5.6622507385
3.53647079526,5.45763379919
3.22118382014,4.99919149464
2.84205344136,4.45193344078
3.20374205461,4.97390952735
3.59345825337,5.54075616548
3.02099453253,4.7095941243
2.65788002498,4.18814910245
3.19496228805,4.96118664664
3.17583903014,4.9334829857
3.71310147165,5.71549513212
3.05718413632,4.76184862114
2.77252719415,4.35217184154
2.56105398628,4.05013620939
3.21295422528,4.98726150447
3.64077982296,5.60983366611
2.96230102199,4.6249454504
3.7395744242,5.75419819435
3.68292220301,5.6713904634
2.76628107531,4.34321984423
2.91914196705,4.5627827032
2.84155453415,4.45121683103
2.96320760994,4.62625198268
3.42445247919,5.29446193236
3.39630544311,5.25350957787
3.4310922311,5.30412529681
2.63917317615,4.16144659511
3.21359595541,4.98819171279
3.44186219279,5.31980201135
3.16116038706,4.91222583223
3.14683042941,4.8914801271
3.19570844386,4.96226782066
2.66236088826,4.1945478024
3.2584942737,5.05330337399
3.5363602687,5.45747265506
2.97380390915,4.6415251476
2.56728978281,4.05900933211
2.88651598922,4.51583897456
3.36085128378,5.20195462633
2.92435357487,4.57028527693
2.5928763332,4.09543967987
3.57505572831,5.51390620879
2.63125897271,4.15015510571
2.76447388133,4.34063008495
3.54852997817,5.47521736158
3.25574933385,5.04932097158
2.64703110133,4.17266097458
3.88257512536,5.96349188833
2.80606394967,4.40026674133
3.88541403424,5.96765061665
3.48325219585,5.38007547139
3.69094734569,5.68311680221
2.68822552964,4.23150221719
2.65631325475,4.18591198364
2.77875745916,4.36110286292
2.88044972019,4.50711523282
3.05192876759,4.75425752337
3.22796047782,5.00901674956
3.65049923351,5.62402741497
3.04755329417,4.74793811301
3.80623861667,5.85171998723
3.67577018917,5.66094104201
3.72284037181,5.72973165773
3.20589494993,4.97702967247
3.06179472238,4.76850914517
3.42056137717,5.28879940978
3.72923923129,5.73908666014
3.26160474674,5.05781635906
3.25557620295,5.04906979778
3.23434963419,5.01828141843
3.85631244354,5.92502629809
3.04868635403,4.74957450567
2.96647059679,4.63095470143
2.76583312983,4.34257791212
3.08074522332,4.79589292394
2.55102502635,4.03587022022
3.8233066562,5.8767018739
3.03112557626,4.72421781631
3.19054184442,4.95478180452
3.62398328228,5.58530950451
3.55719098364,5.48784804862
2.66979380648,4.20516427427
2.9265723372,4.57347970303
3.04617601235,4.74594906885
3.54373933049,5.46823169669
3.56755295182,5.50296152423
2.99659237323,4.67438574131
3.30377863014,5.11903347091
3.54713150313,5.47317806847
3.75448475865,5.77600289558
2.92097665486,4.56542377925
3.75011628297,5.76961404243
3.68039378366,5.66769620741
2.95781420335,4.61847970999
2.87016386046,4.49232681485
2.7815009757,4.36503621614
3.90096733536,5.99043719056
3.74788295993,5.76634797131
3.71731577975,5.72165546477
2.68189904497,4.22246012293
2.54262388052,4.02392412182
3.79745794378,5.83887011942
2.66326948599,4.19584540849
3.88197871997,5.96261822972
3.57829203533,5.51862755998
2.79100433097,4.37866367034
3.88701714657,5.96999908401
3.42765986342,5.29912975937
3.89008880174,5.97449900705
2.97868265558,4.64855861629
3.7546267707,5.77621059298
3.54499104059,5.47005687524
2.83650208443,4.44396029031
2.96074768321,4.6227069225
3.25127292321,5.04282698899
3.44392474249,5.32280457701
3.85058718004,5.91664242312
3.60275526063,5.55432364885
3.11028210912,4.83859816366
2.74549810301,4.31344624619
3.82416563983,5.87795927895
3.30751515678,5.12445958574
3.66839717087,5.65016981607
2.92367050712,4.56930187995
3.68187254878,5.66985680511
2.69158618847,4.23630621716
3.5856414036,5.52935018898
3.08988810076,4.80910885325
3.24443938688,5.03291461255
3.14347979351,4.88663029302
2.61922858308,4.13299712395
2.76843631476,4.34630855533
3.37672987794,5.22504013357
2.59877938861,4.1038495455
3.8980133406,5.9861090786
3.18014440518,4.93971915985
3.38715402659,5.24019911767
3.42657763871,5.29755472836
3.737803716,5.7516090172
2.75922426408,4.333108077
3.25636322307,5.05021159303
3.53844845886,5.46051721536
3.096982531,4.81936569343
3.26273970873,5.05946314431
2.93802476579,4.58997116799
3.70892180845,5.70938579015
2.59121649882,4.09307531284
3.05274451918,4.75543577043
3.44422907086,5.32324761319
3.65853252152,5.63576031852
2.70777579897,4.25945664286
3.64420606472,5.61483695559
2.94483034393,4.59977356408
3.84167115999,5.90358728415
3.78856273425,5.82585409822
2.62976771533,4.14802783567
3.12232034271,4.85601159582
3.73481805681,5.74724344424
3.15576745453,4.90441764169
2.67213044973,4.20850228216
3.72505778719,5.73297338285
3.55168486618,5.47981806428
3.56466065025,5.49874270938
3.46622321351,5.35527230552
3.74468864378,5.7616766857
3.64838985403,5.62094681339
3.77520452956,5.80631033301
3.47049484319,5.36149339462
3.06830025837,4.77790837742
3.8104791394,5.85792619061
3.64243465028,5.61225015494
3.67249802326,5.65616060482
3.03929968744,4.73601939616
3.70651516591,5.70586819968
2.78279458446,4.36689096687
2.74489394872,4.31258103344
3.33383451419,5.16269088472
2.91384470147,4.55515790262
3.63402410926,5.59996912073
2.71996334246,4.27689258783
3.01124515409,4.69552478363
3.75677519581,5.77935278425
2.6765326782,4.21479181483
3.23607623676,5.02078530371
2.87366526395,4.49736044852
2.88516774624,4.51389997364
3.13712728081,4.87743641056
2.83285497956,4.43872283404
3.35575596852,5.19454807118
3.82499408995,5.87917200093
3.28152279316,5.08672198352
3.47222741628,5.36401679355
2.56438175077,4.05487112759
2.70114948786,4.24997978155
3.72666843612,5.73532811327
3.83548455149,5.89452948238
3.07299489954,4.78469211251
3.77182409494,5.80136511092
3.22011817629,4.99764657604
3.78216120808,5.81648790525
3.83041288766,5.88710458507
3.45337941637,5.33656959369
3.7210409865,5.72710113805
3.6812095243,5.6688880662
2.52977470994,4.0056608793
3.00204343393,4.68224888769
3.65692499087,5.63341235558
3.5657488284,5.50032994323
3.22734519921,5.00812462121
3.26239285841,5.05895987423
2.73189185545,4.29396476352
3.6316428919,5.59649234837
2.54391252531,4.02575626437
2.94344926068,4.59778418166
3.82790948162,5.88343977976
2.65643255874,4.18608232793
3.75513619408,5.776955645
3.43667382655,5.31224948782
2.5502967134,4.03483442999
3.52414988404,5.43967203099
3.25166414024,5.04339450917
3.23943466719,5.02565588355
3.29320866472,5.10368605415
2.6806611114,4.22069104294
3.28884447939,5.09735023465
3.70049051495,5.69706297213
2.77650500312,4.35787378959
3.72160492263,5.72792554888
3.89464756199,5.9811778159
2.6944210913,4.24035908644
3.82912945345,5.88522571601
2.55762374678,4.04525613043
3.2987622658,5.11174940575
3.04109700943,4.73861463825
3.38039181725,5.23036507129
3.06025782504,4.76628883865
3.63994485246,5.6086144085
3.68083656582,5.66834314397
2.96918341579,4.63486480336
2.68853293966,4.23194163125
3.87567468682,5.95338399726
3.03025074214,4.72295489114
3.22487927565,5.00454924682
2.96616866797,4.63051953549
2.92064756601,4.5649500385
2.68166757065,4.22212932677
3.20195869759,4.97132505179
3.31289415078,5.13227153561
3.02475868458,4.7150270803
3.05275465352,4.75545040832
3.3406380718,5.17257673006
3.11708951411,4.84844456819
3.33214333649,5.16023372791
3.12518144418,4.86015090054
2.54532604217,4.02776605332
3.87702587583,5.95536317846
2.68649254523,4.22902516346
3.24003835439,5.02653141872
3.43701822911,5.31275080203
2.8405134936,4.44972155698
3.64729137278,5.61934259487
3.55787158472,5.4888406675
2.95745180485,4.61795750778
2.89459410224,4.52745819205
2.70209351871,4.25132979276
3.74307900822,5.75932287098
3.75393149047,5.77519372594
3.27956101517,5.08387449792
2.66828714631,4.2030120815
3.37518693002,5.22279659009
2.84143733682,4.45104849514
3.2958981536,5.10759085389
3.07716322361,4.79071594637
2.62337200514,4.13890570286
3.59787503502,5.5472015125
3.28834738547,5.09662859938
3.85288580593,5.92000837995
3.53021492263,5.44851337918
3.1388122701,4.8798749414
3.90225909187,5.99232988397
2.67916442024,4.21855228393
2.86870863043,4.49023491672
2.90029862668,4.53566490957
3.02773191193,4.71931881598
2.93935527508,4.59188742433
2.85452957233,4.46985702473
3.52154978326,5.43588197666
2.72038656483,4.27749819204
3.49471312208,5.39677250363
2.75551143286,4.32778883733
3.21138226277,4.98498294659
3.6489140839,5.62171240588
2.97924557376,4.64937020658
3.73177948584,5.74280068327
3.30309985038,5.11804780084
2.88349896751,4.51150008959
3.41915888811,5.28675853174
3.83540186512,5.89440842611
3.2487039278,5.03910037772
2.73531946806,4.29887162241
2.73222985501,4.29444860831
2.87303516898,4.49645458424
3.48193252246,5.37815308427
2.92946661672,4.57764698012
2.79668551009,4.38681217269
3.87217746026,5.94826151338
2.90665193499,4.5448065089
2.67401761178,4.21119838246
3.59835396354,5.54790043157
2.94922999297,4.60611152534
2.92584542544,4.57243312293
3.65152814951,5.62553010864
2.67838515349,4.21743876204
3.053685472,4.75679488285
2.70996350694,4.26258593617
2.81175869654,4.40843845031
3.82444582989,5.87836943217
3.02662475973,4.71772064928
3.57438777696,5.51293178339
3.64687331509,5.61873207138
2.74172807876,4.30804744905
3.11445748205,4.84463735072
2.66955075572,4.20481708011
3.7865615561,5.8229260543
2.74350181896,4.31058742076
3.3152077697,5.13563186422
3.71458270661,5.71766031107
2.90109420812,4.53680956212
3.35482713051,5.19319798518
3.56729620722,5.50258701982
3.04558202419,4.74509126274
3.47919505175,5.37416550373
2.79772277968,4.38830007919
3.75090544107,5.77076815127
3.69030431368,5.68217715582
2.99140231672,4.66690009419
3.80131128753,5.84450902802
3.33435717527,5.1634502884
3.77153770252,5.80094615874
3.38778383835,5.24111509107
3.61793575411,5.57648114092
2.82955377365,4.43398259453
3.10300762506,4.82807783862
3.37585813554,5.2237725576
3.79001620693,5.82798080838
3.88428567287,5.965997659
2.76561273036,4.3422620701
3.25964024729,5.05496603471
3.48032313035,5.37580871585
2.5596797463,4.04818104848
2.74070775342,4.30658642313
3.40696539836,5.26901685808
3.37879929685,5.22804929606
3.82680277388,5.881819676
3.49174066348,5.39244173175
3.74336691143,5.75974387614
2.77835373998,4.36052408297
3.45514787453,5.33914452619
3.11929321218,4.85163237644
3.6888836114,5.68010114915
2.94565281379,4.60095832591
3.77940624458,5.81245730364
3.16891406254,4.92345363019
3.26238037889,5.05894176685
3.50038539839,5.40503739598
2.6722318139,4.20864709193
3.14564022156,4.88975733559
3.66241609933,5.64143290162
3.5626587263,5.49582274035
3.66904295025,5.65111318922
3.05665392505,4.76108271642
3.66781876207,5.64932486708
2.76165057945,4.33658451087
2.86238392668,4.48114414146
2.69585056418,4.24240285546
2.9244990879,4.57049477104
3.81210370672,5.8603039087
3.67137945661,5.65452649659
3.53397299211,5.45399215148
3.03283678986,4.72668823062
3.87099783129,5.94653372691
2.54593015833,4.02862504189
2.76061697947,4.33510353217
2.58859914907,4.08934730622
3.08891617824,4.80770381727
3.47690062925,5.37082343416
3.09821441206,4.8211468672
3.3857802651,5.23820120854
2.90673276935,4.54492282949
2.89152366643,4.52304149865
3.1856121347,4.94763978143
3.46464093677,5.35296803089
3.73111295633,5.74182616004
3.50344754489,5.40949946554
3.21551170289,4.99096872298
3.64259034514,5.61247751388
2.61435981711,4.12605534537
3.47785105945,5.37220782123
3.40177634164,5.26146785791
3.12430203256,4.85887858175
2.8284533584,4.43240259843
3.83064905371,5.88745032095
2.56207987197,4.05159582775
2.65811663635,4.18848695964
3.02688787794,4.71810045471
2.8119320749,4.40868726259
3.20548990747,4.97644264245
3.24073690341,5.02754454646
2.78655043518,4.37227645291
3.65104654949,5.62482674692
3.33362136706,5.16238119337
3.73974521467,5.754447932
2.86271571564,4.48162099551
2.68437564644,4.22599955848
3.86085146987,5.93167350382
3.51639349962,5.42836634657
3.14540885127,4.88942243898
3.01595368157,4.70231924312
2.74711888807,4.31576746475
3.68974085799,5.68135379915
2.79896387009,4.39008041747
2.84094471762,4.45034092991
3.32886731265,5.15547412562
3.41942494879,5.28714569489
2.82775673363,4.43140239862
3.46276489774,5.35023602763
3.27307266038,5.0744575408
3.390536777,5.2451189762
3.58865971361,5.53375420563
2.5646989772,4.05532252618
2.63283842145,4.15240830584
2.91740756139,4.56028610631
3.09164504296,4.81164881349
3.60897167985,5.56339655351
3.68122085684,5.66890462399
3.2994745318,5.11278361675
3.89662227884,5.98407098529
2.85138159108,4.46533392855
3.62561844199,5.58769669351
3.46754101395,5.35719146857
2.77488956171,4.3555580667
3.83929078546,5.90010210061
2.83918999882,4.44782065221
3.12265917316,4.8565017857
2.88998672326,4.52083081187
3.40879801351,5.27168309567
2.89937829594,4.53434080379
3.14007888294,4.88170805386
2.98035286768,4.65096668756
3.2232089239,5.0021274843
3.90576763019,5.99747077113
2.70074611563,4.24940295226
2.79469579088,4.38395816142
2.81205179708,4.40885907456
3.86120751412,5.93219493055
3.80638974835,5.85194116981
3.53358607086,5.45342805614
2.95165472121,4.60960480714
3.53413089926,5.45422236644
3.80257613282,5.84636003821
3.0349289757,4.72970877963
3.16615500503,4.91945813111
3.16047480825,4.91123316222
2.56139607237,4.05062291902
3.82965448463,5.88599432588
3.8123647048,5.86068591025
3.05487486434,4.75851288492
3.44931715429,5.33065509695
3.33628539628,5.1662519727
3.66123193943,5.63970321473
2.92388360896,4.56960867584
3.21110863087,4.984586325
3.06309930596,4.77039389872
2.9751098589,4.64340779023
2.8564079972,4.47255618721
3.24912057007,5.03970475033
2.65973431732,4.19079692066
3.84094519194,5.90252435997
3.65146609691,5.62543948249
2.57161308346,4.0651623655
3.36748123306,5.21159294908
3.39749119826,5.25523437995
3.57109383528,5.50812663698
3.14896687037,4.89457267616
3.04180404225,4.73963558873
3.8632748191,5.93522254266
3.12365045874,4.85793591116
3.88229713011,5.9630846596
3.41381555524,5.27898345752
2.72853974147,4.28916651751
3.78920383505,5.82679214716
3.22489044547,5.00456544168
2.93053736453,4.57918875939
3.47677121429,5.37063493131
2.59772145719,4.10234221192
2.9889781386,4.66340402468
3.56088302306,5.49323280745
3.22425947081,5.00365061201
2.6662840635,4.20015094782
3.80117566969,5.84431056283
3.16615817896,4.91946272728
3.54279412601,5.4668534722
2.77960606574,4.36231946614
2.58618078883,4.08590305885
2.6950174118,4.24121165535
3.38532260246,5.23753562463
2.72967200264,4.29078718741
3.21301392105,4.98734803489
3.4389921897,5.31562416607
2.97113457036,4.63767725508
2.79662286198,4.3867223089
3.85606633728,5.9246658967
3.11633776815,4.84735714951
3.2363986361,5.02125285059
2.81886612118,4.41863925475
3.85673798965,5.92564947622
2.98007423432,4.65056495361
3.48009100659,5.37547059102
3.80530633697,5.85035559681
2.92840154082,4.57611341181
3.5282623602,5.44566692688
3.3600030963,5.20072165274
3.60895724556,5.5633754856
2.6946803646,4.24072977148
2.71361438901,4.26780866027
3.24175194285,5.02901671561
3.30422627635,5.11968351415
2.56089149381,4.04990502235
3.23291810721,5.01620551224
2.7689422187,4.34703360543
2.91111792456,4.55123345119
3.34845282476,5.18393341125
3.46337975773,5.35113141515
2.54318129293,4.02471661645
3.75875129406,5.78224301607
2.80867371626,4.40401146604
3.64177329746,5.61128439672
2.68828212831,4.23158311939
2.76237611192,4.33762410849
3.46989332641,5.36061733484
3.08716450686,4.80517163596
2.87871890578,4.50462646672
2.81065332984,4.40685218828
3.43786553194,5.31398415301
2.99834473427,4.67691340209
3.07229286075,4.78367762219
2.90959632351,4.54904364851
3.80379989748,5.84815095807
2.85713998795,4.47360804523
3.35224446698,5.18944414822
3.79839335269,5.84023895334
3.32862999163,5.15512934278
3.56143176937,5.49403316798
2.7419957562,4.30843075016
3.15442561922,4.90247499885
3.51444384348,5.42552475188
3.1102824752,4.83859869312
3.03537534185,4.73035323115
3.57691150256,5.5166135139
3.82381077137,5.87743981062
2.62547285921,4.14190189354
2.65652997082,4.18622141511
3.73153045501,5.74243657785
3.57635410334,5.51580034141
3.17395146658,4.93074910086
2.98282413548,4.65452988984
3.88433279946,5.96606669518
3.41871807602,5.28611707973
3.75407701978,5.77540656592
2.98127005096,4.65228910385
2.72488141697,4.28393056088
2.68164443351,4.222096262
2.96040132866,4.62220780074
3.07663271882,4.78994925733
2.8791222397,4.50520641626
2.94237831785,4.59624159126
3.88064201216,5.96066014405
2.90324002008,4.53989700049
3.11766644449,4.84927912438
3.1842255083,4.94563101034
3.68762574367,5.67826311914
2.57977377388,4.07677967555
3.43719154048,5.31300307609
3.06338585103,4.77080788293
3.26320967151,5.06014505264
2.88628937711,4.51551306299
3.73713094042,5.75062528263
3.04850049681,4.7493060831
2.93239371135,4.5818618344
3.85224406059,5.9190686407
3.66163064369,5.64028559361
3.11352534368,4.84328907263
3.61566878304,5.5731719494
3.46969414383,5.3603272437
2.62742348382,4.14468403628
2.79603748423,4.38588263898
3.29133840207,5.10097078665
2.60935749852,4.11892445209
3.18185504494,4.94219711554
3.35491185244,5.19332112937
3.72409420284,5.73156466981
2.82629800384,4.42930805067
2.58628127099,4.08604616
3.90331832091,5.99388189743
3.50876837493,5.41725334355
3.23032300023,5.01244241226
3.55024441781,5.47771746278
2.70439525869,4.2546215757
2.69279531764,4.23803477973
2.93906983965,4.59147632231
3.20019825943,4.96877388471
2.88840534545,4.51855631062
2.57960933319,4.07654554677
2.73552677283,4.29916841076
2.57133142782,4.06476147448
3.60162201944,5.55266976576
2.69339478104,4.23889179477
2.64454258937,4.1691091715
2.57854170593,4.07502550714
3.88626074932,5.96889099997
3.02190739582,4.71091165149
3.54612035073,5.47170360695
3.83679091889,5.89644207489
2.72107267146,4.27847998484
2.70688616409,4.25818417639
2.73671502115,4.30086960787
3.13420672839,4.87320997698
3.07631945344,4.78949652858
2.89196009112,4.52366925433
2.6746414959,4.21208973541
2.55916247018,4.04744513586
3.62412780537,5.58552049319
2.5726176285,4.0665922077
3.50325212801,5.40921470327
3.34400426943,5.17746841029
2.83143865695,4.43668906351
2.88058730334,4.50731307106
3.75694816896,5.77960577096
3.07660840917,4.7899141251
3.55188482861,5.48010967257
3.50408002841,5.41042112922
3.17270292612,4.92894081647
3.52074064004,5.43470255539
2.78385258959,4.36840796908
2.59324149089,4.09595985219
3.33651030083,5.16657876309
3.35832902225,5.19828817901
3.64559508928,5.61686539734
3.29000307194,5.09903219966
2.69952509762,4.24765692314
2.90379069121,4.54068934684
3.45269620236,5.3355748323
2.684998191,4.22688931555
2.68846552404,4.23184526649
2.63295266134,4.15257128248
3.34892550209,5.1846203752
2.67230627067,4.20875346186
2.54333636624,4.02493709326
3.10752798243,4.83461495434
2.99719583375,4.67525617921
3.27209866603,5.07304402441
3.73482135653,5.74724826894
3.89253901495,5.9780886456
3.84718433585,5.91165969501
3.064961604,4.77308449219
2.93600116191,4.5870568172
2.57217869609,4.06596743636
3.81903588169,5.8704503908
3.73150660404,5.74240170565
3.00931859034,4.69274495834
2.99690829537,4.67484142914
3.89681608467,5.984354935
3.42152629577,5.29020357137
3.43595003631,5.31119594443
3.71640016324,5.72031701771
3.03521644328,4.73012381684
2.94083588946,4.59401994802
3.00909202737,4.69241806096
3.46179981276,5.34883064475
2.68071162225,4.22076322445
3.64809072895,5.62050996957
3.87370696366,5.9505017926
3.51723456708,5.42959221699
2.67412493415,4.21135171422
2.63064764418,4.14928303514
3.68320143484,5.67179845506
3.38162489037,5.2321581987
3.71976208283,5.72523154878
3.65355919453,5.6284964392
3.64232833343,5.61209490228
2.60842490012,4.1175951631
3.49746065105,5.40077574574
3.56639187981,5.50126792057
3.4957507243,5.39828430407
3.67262300853,5.65634319675
3.80487223607,5.84972029605
3.79310487803,5.83250025963
3.74716459226,5.76529743174
3.88946250254,5.97358147598
2.65015263131,4.17711671777
3.684200642,5.67325843117
2.54728591742,4.03055286153
2.62811111684,4.14566484277
2.75503690878,4.32710904909
3.14090393977,4.88290214939
3.25505845209,5.04831866345
3.641565897,5.61098153652
2.98327412264,4.65517872884
3.25904724093,5.05410565382
3.83743327449,5.89738252953
3.75875233355,5.78224453645
3.27716889738,5.0804025286
2.87061825643,4.49298002833
2.66569747873,4.19931312852
3.81362990768,5.86253770195
2.96289429853,4.6258004494
2.60746683419,4.11622962172
2.71267418491,4.26646360215
3.8506394331,5.91671893802
2.93378108691,4.58385969368
2.56686461889,4.05840428364
3.24765145485,5.03757370473
2.69085920859,4.2352669661
2.71945827953,4.27616988611
2.81303748673,4.41027365047
3.54711815758,5.47315860785
2.55315251987,4.03889606452
3.0524911322,4.75506978345
3.79562926398,5.83619416141
3.39855875274,5.25678727777
3.24853141712,5.03885013879
3.19443265784,4.96041922679
2.68230365238,4.22303834711
2.68989642465,4.23389066198
3.78779334421,5.82472834856
3.85816940325,5.92774569019
3.38397765408,5.23557968239
2.67332121308,4.21020344957
3.30454907073,5.12015225898
3.25897169397,5.05399604499
2.70170933621,4.25078038743
3.5332440469,5.45292941975
3.31321675326,5.13274007863
3.02535648695,4.71588995924
3.75236702448,5.7729056841
3.55375058433,5.48283057629
3.58111349865,5.52274389648
3.1876785444,4.9506334467
2.55990025083,4.04849475794
3.84684959125,5.91116954527
3.43506619161,5.30990944459
3.15193489259,4.898869198
3.35763314797,5.19727666137
3.60427258539,5.5565381174
2.9727485316,4.64000377321
3.12348205455,4.85769227304
3.39786369764,5.25577622578
2.69944163623,4.2475375778
3.30445029519,5.12000882209
3.67651884527,5.6620348142
2.5825039885,4.08066713994
3.32549920137,5.1505810356
2.79623642355,4.38616799724
2.55014078554,4.03461267679
3.3112227707,5.12984409382
3.40523238432,5.26649560651
2.9719205177,4.63881018269
3.86143575761,5.93252919428
3.11094551255,4.83955766086
2.91897815168,4.56254689352
2.72435493158,4.28317708342
2.58365811878,4.08231059099
2.93066388085,4.57937093429
2.63108873355,4.1499122547
3.01425974555,4.69987478278
3.11869357812,4.8507649469
3.8395714289,5.90051299446
3.77390656321,5.80441151847
3.29744746233,5.10984034668
3.69224819284,5.68501772272
3.545539531,5.47085666659
2.69031690195,4.23449173068
3.73909094225,5.75349122799
3.36560166164,5.20886039542
2.67985956353,4.21954562408
3.05953794718,4.76524888187
3.10415861644,4.82974228134
3.83337268304,5.89143765808
3.39239857796,5.24782689735
3.30172818544,5.11605601678
3.52360857136,5.43888297011
2.98158201171,4.6527389032
2.64294067464,4.16682295819
3.3518772099,5.18891036357
3.57708018364,5.51685959887
2.92385047048,4.56956096731
3.59063268049,5.53663306958
2.83694301461,4.44459352994
3.20699768132,4.9786278914
2.65131414508,4.17877481553
3.08761980473,4.80582979566
2.75289633,4.32404265145
3.74461001019,5.76156169645
2.91373138336,4.55499480631
2.83889612546,4.44739857875
2.68243830106,4.22323077523
2.55020849463,4.03470896928
3.59073919194,5.53678848868
3.8937879682,5.979918441
3.18149689023,4.94167830133
2.72564523928,4.28502372532
2.76585019528,4.34260236774
3.01679707264,4.70353634964
3.28382747174,5.09006732151
3.54168010402,5.46522911701
2.54526285397,4.02767620766
3.34874835154,5.18436291337
3.75961105926,5.7835005279
3.81894531936,5.87031783089
3.34924716273,5.18508786295
3.39726796343,5.25490965933
3.21732106703,4.99359162347
3.07153285269,4.78257938143
3.72369260931,5.73097756518
3.27963922051,5.08398800949
2.94022674215,4.59314258515
3.19963138968,4.96795241626
3.7064901898,5.70583169478
3.39424262528,5.25050908403
3.27835367314,5.08212211651
3.83412710759,5.89254214382
3.83648500742,5.89599420119
2.81116863495,4.40759167289
3.71600538586,5.71973993775
3.44949932198,5.33092031744
3.55482655038,5.48439973475
2.61787220875,4.13106311029
3.71926414204,5.72450363344
3.63299033758,5.59845971471
2.94243514031,4.59632343746
2.7406756217,4.3065404138
3.5152590442,5.42671288403
3.86953809187,5.94439570041
2.97319298496,4.64064446777
2.97535859247,4.64376636892
3.66092548609,5.63925558706
2.7264244507,4.2861389426
3.38578555495,5.23820890165
3.20594550075,4.97710293637
3.81778761361,5.86862326139
2.9170359791,4.55975124603
2.54494938245,4.02723049395
3.74337060825,5.75974928206
3.42894136411,5.30099484717
2.96407449856,4.62750133089
3.61499018853,5.57218139828
3.87048227277,5.94577860307
3.42276263554,5.29200274249
3.57268946629,5.51045428651
3.09896107415,4.82222648848
2.64662421369,4.17208021043
2.75198764789,4.32274101988
2.69765164586,4.24497806809
2.71046348127,4.26330113064
3.72311345902,5.73013088924
3.66773371886,5.64920063515
3.42886956693,5.30089035295
3.07792123593,4.79181144724
3.65478372357,5.63028489881
3.15651506138,4.90550001445
3.60666431705,5.56002884515
3.42308735035,5.2924752868
2.79713801796,4.38746126468
3.29925430815,5.11246385027
3.25082835835,5.04218208496
3.5837272506,5.52655735139
2.57388614978,4.06839786589
2.8558170846,4.47170707222
2.81738845506,4.41651828177
2.75988071221,4.33404861196
2.99647441098,4.67421559285
3.71814440502,5.72286676242
3.04338667502,4.74192096244
3.01353442573,4.69882813018
3.54146232147,5.46491157162
3.29543598599,5.10691983029
3.78716140602,5.82380372287
2.66309176097,4.19559158875
3.3576550997,5.19730857006
3.62836967113,5.59171337351
3.65566216063,5.63156790038
2.70130644116,4.25020422962
3.11948927514,4.85191600328
3.38103865285,5.23130569077
3.3605828982,5.20156448374
2.83318345995,4.43919452807
2.71538916368,4.27034777169
3.53589879291,5.45679984138
3.62738355391,5.59027366498
2.65869099677,4.18930710021
2.65991860074,4.19106007579
3.7884140114,5.82563649031
3.29781568832,5.11037499602
3.62789642307,5.59102243962
3.2920062489,5.10194036269
3.37443854528,5.22170841381
3.22941664437,5.01112817485
2.92807012008,4.57563621875
2.68412739097,4.22564475054
3.43000372163,5.30254102639
3.45656320514,5.34120534835
2.53789126124,4.01719628776
2.92320684114,4.56863436098
2.53409934299,4.01180666576
3.06305472748,4.7703294945
2.69392207055,4.23964564181
2.65286621416,4.18099055023
3.26896080631,5.06849036576
3.84567154816,5.90944461179
2.79419910001,4.38324574565
3.15846312944,4.90832047733
3.85525765646,5.92348166097
3.48879435697,5.38814926852
3.73648504786,5.7496808648
3.52985740733,5.4479921856
3.17171735886,4.92751343512
3.47366264529,5.36610718147
2.58165732101,4.07946155395
3.50259110173,5.40825145971
2.82666689922,4.42983767775
3.88445824975,5.96625046866
2.60875400679,4.11806425351
3.47759600958,5.37183631603
2.7896674134,4.37674633915
3.52651254284,5.44311611133
2.96794185377,4.63307525297
3.32840902996,5.15480832837
3.36793791818,5.21225689983
2.90446280114,4.54165644455
3.89357929715,5.97961272286
3.01485576009,4.70073485903
2.91963099384,4.5634866559
3.8966228604,5.98407183735
3.64733965395,5.619413104
3.65091922025,5.62464078737
2.56089127832,4.04990471575
3.14520311328,4.88912464524
3.5182283691,5.43104072179
3.4717115914,5.363265515
3.64936956447,5.62237760061
3.41081491025,5.27461753922
3.19074273287,4.95507286169
3.21897552074,4.99599004704
3.41719885208,5.28390640352
3.00110024211,4.68088825816
3.77666449823,5.80844618125
3.0399884445,4.73701391324
2.57963716162,4.07658516847
3.69970662252,5.69591734067
3.10314802264,4.82828086451
3.53306862319,5.45267367073
3.35317945393,5.19080310801
2.69348340019,4.23901848947
2.64649512981,4.1718959665
3.39984901012,5.25866416491
3.78998482014,5.82793488305
2.65790596331,4.18818613963
3.44349699406,5.32218187178
3.20126178284,4.97031509547
3.58067228189,5.52210017759
3.61960486868,5.57891768672
3.41464014307,5.28018326699
3.27210579984,5.07305437731
3.32315762425,5.14717944444
3.24535561488,5.03424356721
3.68689725679,5.67719864924
3.80518895246,5.85018380583
2.77848890583,4.36071785865
2.55883134285,4.04697405918
3.12413999721,4.85864415428
2.81012990114,4.40610105773
2.94960860354,4.60665697115
2.87558138044,4.50011527776
2.65704788685,4.18696091544
3.05783950839,4.76279533741
3.80308765053,5.84710861603
2.90574478735,4.54350114162
2.96214879197,4.6247260666
2.64399727859,4.16833090262
3.02355321059,4.71328711538
3.30881963058,5.12635400899
3.08509274885,4.802176876
3.28967998002,5.09856315325
2.75085341761,4.32111635747
2.90325324049,4.53991602286
2.85050098411,4.46406872473
3.65476406488,5.63025618649
3.78810892999,5.82519010338
3.72113057863,5.72723211118
3.83290534582,5.89075347648
3.46972155283,5.36036716233
2.58551376198,4.08495312987
2.57069577121,4.0638567367
3.68121932294,5.66890238284
3.07015847635,4.78059340463
2.65738995215,4.18744933679
3.78506620864,5.82073817068
3.33831206649,5.16919681025
3.28425212565,5.09068374082
3.40003323012,5.25893214603
2.80529438383,4.39916255645
3.55351812461,5.48249156702
3.25768858619,5.05213444729
2.9238440527,4.56955172783
3.17938046282,4.93861257639
3.04510178136,4.74439773054
3.56412150041,5.49795630666
2.61042569838,4.1204470787
3.43227921615,5.30585292698
2.64937056171,4.17600032722
3.19645915595,4.96335561374
3.29530547465,5.10673034127
3.82144469572,5.87397632857
3.73391929821,5.74592933089
3.07090986076,4.78167914881
2.70378135581,4.25374359102
3.38093785615,5.23115911288
3.33651232664,5.16658170662
3.38655916215,5.23933397965
3.68584942394,5.6756675677
2.87133712855,4.49401345471
2.57030580759,4.06330170777
3.13186155163,4.86981638719
3.41629504269,5.28259126616
2.93044341594,4.57905348021
3.34428349799,5.17787419234
2.56683449839,4.0583614197
3.52071688891,5.43466793556
2.77282097306,4.35259293152
2.88144381501,4.50854471265
3.53492483572,5.45537986578
2.91952872713,4.56333944248
2.7776885019,4.35957040013
2.7563490653,4.32898882825
2.74767041662,4.31655736779
3.72956160328,5.73955798269
3.48998891822,5.38988959572
3.24119975786,5.02821584675
3.27840923273,5.08220275687
2.64425273618,4.16869549043
2.89346257519,4.52583049392
2.72557060025,4.28491690249
2.79674187238,4.38689302009
3.45739323314,5.34241395087
2.66759428139,4.20202239473
2.70161976454,4.25065229529
3.41487560614,5.28052587867
3.63785508135,5.60556290457
3.51868301034,5.43170338655
3.45476543847,5.33858768041
3.32925735759,5.15604079091
3.66748816815,5.64884193319
2.77370011292,4.35385307573
3.76679639445,5.79401051233
2.64407513265,4.1684420152
3.65419259502,5.62942153481
2.79562012935,4.38528399141
2.52999897508,4.00597955866
2.69420492291,4.24005003131
2.7389260113,4.3040352238
3.16401783684,4.916363377
3.41215362694,5.27656533498
3.49739050652,5.4006735406
3.22631812801,5.00663543562
3.33821994053,5.16906294494
3.42908253854,5.30120031403
2.78098503771,4.36429649521
3.33901075598,5.17021206116
2.55344380144,4.03931036183
3.87400117685,5.95093273439
3.68554636331,5.67522474307
3.48195588242,5.37818711269
3.50428827052,5.41072458454
2.77328077011,4.35325199252
3.33292891385,5.16137510445
2.7922814854,4.38049536628
3.47102795165,5.36226983056
2.91723242436,4.56003401117
3.08646251494,4.80415687914
3.21191230937,4.98575124029
2.65828969345,4.18873406953
2.77157419741,4.35080588393
2.5839130242,4.08267357936
3.4950585732,5.39727582775
2.76155494806,4.33644748477
3.11685299748,4.84810243919
2.62686425059,4.14388639117
3.76976924975,5.79835919334
3.17933137904,4.93854147831
2.99580586842,4.67325129818
2.97419390681,4.64208735727
3.66358687674,5.64314306933
3.11369493279,4.84353437024
3.64818347177,5.62064541147
2.58655330415,4.08643357738
2.53728900723,4.0163402224
2.88739532106,4.51710364153
3.05495777021,4.75863263902
2.68192568076,4.22249818787
3.58805270715,5.5328685064
3.02440996241,4.71452373413
3.21677497184,4.99279997966
3.03743557845,4.73332783599
3.61863383859,5.57750018585
3.60092477704,5.55165220501
2.58328323804,4.08177676275
3.64833675369,5.62086926523
3.01250039115,4.69733602781
3.13799645498,4.87869427551
3.84013265328,5.90133469491
2.75715480793,4.3301431641
3.50476738085,5.41142275925
3.06805146292,4.77754888998
3.01941884447,4.70732001773
3.19986935214,4.96829725382
2.92838199532,4.57608526929
3.69813050964,5.69361394392
2.57119753348,4.06457089919
3.28235951994,5.0879365104
2.58370724189,4.08238054261
3.40408174841,5.26482166178
3.80030903779,5.84304232863
2.881460608,4.50856886083
3.87530040532,5.95283576659
3.18739895289,4.95022838706
3.07873785925,4.79299167603
3.62390745484,5.58519880451
2.61576631533,4.12806057126
2.91382876327,4.55513496308
3.31066411093,5.12903273706
2.76478924794,4.34108200343
3.66656645893,5.6474955058
3.66879551833,5.65075173252
3.69533469223,5.68952814302
3.57170272583,5.50901485812
2.99769776197,4.67598017589
3.17553758355,4.93304637302
3.7020318315,5.69931558842
3.39267041148,5.24822227666
3.21985014988,4.99725800969
3.00423311658,4.68540780352
2.7962516484,4.38618983581
2.6694205905,4.20463114236
2.67793261958,4.21679213407
3.13675391415,4.87689608342
3.45165864597,5.33406416927
3.75776346402,5.78079821124
2.74341387101,4.31046147707
2.55013307672,4.03460171372
3.6956964808,5.69005685113
3.67463408747,5.65928124111
3.11237915095,4.84163121752
3.7524118085,5.77297118037
3.67697266366,5.66269783973
2.70002883441,4.24837724703
3.35401642953,5.19201963253
2.87600467839,4.50072387966
3.30380828349,5.11907653144
2.88742130495,4.51714101238
2.83487233774,4.44161980909
3.76773309642,5.79538069814
3.61174400054,5.56744304195
3.41493354305,5.28061018027
3.77694673236,5.80885907783
2.52727954051,4.00211545484
3.06274194731,4.76987761098
3.00890858414,4.69215338044
2.56839069662,4.06057608311
3.01938707195,4.70727416306
3.1135493353,4.84332377461
3.32116935843,5.14429122278
3.66294375169,5.64220364585
2.69654657029,4.24339799642
3.55563077015,5.4855726031
3.43490368419,5.3096729054
3.63946598678,5.60791515612
3.17241865219,4.92852910399
3.02486883996,4.71518607966
2.89247632653,4.52441182002
2.57716391389,4.07306396107
2.7865402807,4.37226189164
2.77163509689,4.35089317168
2.90204982534,4.5381845013
2.68472615059,4.2265005059
3.22951300816,5.01126790347
3.24483444067,5.0334876204
2.78275250919,4.36683063901
2.60298264938,4.10983891501
2.80532537557,4.39920702337
3.13478491052,4.87404666292
3.74669696892,5.76461358559
2.88022482233,4.50679184168
3.64558086755,5.61684462864
3.45852336932,5.34405956736
3.45177134821,5.33422826039
2.81828355195,4.41780305087
3.18619762011,4.9484879772
3.33862870165,5.16965690447
2.96694488112,4.63163828793
3.09241943351,4.81276835997
3.18442433013,4.94591903495
3.00229553185,4.68261256452
3.16628337343,4.91964402117
2.73209599738,4.29425699111
3.84274360968,5.90515752584
3.11058336371,4.83903387403
3.61754182436,5.57590609748
3.38397442154,5.23557498139
2.87248025858,4.49565682341
3.00428218747,4.68547859696
2.63099961578,4.14978512627
3.77540765474,5.80660749077
3.20784116984,4.97985040715
3.73004624478,5.74026655449
3.17601937285,4.93374419389
3.50173024553,5.40699704052
3.48212015547,5.37842640943
3.35644339123,5.19554726953
2.71548401172,4.27048347186
3.87769842652,5.95634832249
3.71977140578,5.72524517759
3.68700756887,5.67735983729
2.93962303225,4.59227306783
3.48545321786,5.3832818238
3.32468779313,5.14940229222
3.13618499335,4.87607276364
2.67551972925,4.21334451377
2.85562103393,4.47142535936
3.88256407795,5.96347570522
3.68064673455,5.66806578635
2.94677387898,4.60257325354
3.01749724981,4.70454680193
3.21228189221,4.98628694941
2.78046293075,4.36354794165
3.89973935899,5.98863797505
2.96357090753,4.62677555886
3.0116642948,4.6961295764
2.82486458231,4.42725012699
3.27665730468,5.07966001331
3.68310199115,5.67165315554
3.4393644794,5.31616609437
3.13726563645,4.87763663662
2.7417712672,4.30810929258
3.48865038076,5.38793951537
3.87279545061,5.94916668519
2.56363460909,4.05380800152
3.56688332739,5.50198476946
2.63609659379,4.1570567364
2.83081623894,4.43579532835
3.25963455545,5.05495777649
3.18836403282,4.95162656167
3.28770858812,5.09570126224
3.39013814784,5.24453919629
3.64851889807,5.62113527054
2.99673069765,4.67458526076
3.88810224379,5.97158871441
3.41646163766,5.28283367775
3.64823846944,5.62072573032
2.99114955287,4.66653555653
2.58829572569,4.08891515091
3.88499224133,5.96703272174
3.41357200264,5.27862908167
2.54556282893,4.0281027363
2.67886278738,4.21812126648
2.92395392817,4.56970991253
3.26039419221,5.05605993264
3.1276308612,4.86369480971
2.7496148168,4.31934226299
2.63090069975,4.14964402088
3.27121258594,5.07175811761
2.96256218175,4.62532181851
2.54890298999,4.03285239142
3.09925825121,4.82265619088
3.77320859414,5.80339046219
3.01515036348,4.70115998989
2.6030248996,4.10989912358
3.57405354763,5.51244420435
3.08030245328,4.79525297575
3.6158844511,5.57348676426
2.82195040524,4.42306659398
2.75945437963,4.33343777594
3.74514938629,5.76235045148
3.20214759702,4.97159880397
2.89700263802,4.5309230333
2.89057925199,4.52168307383
3.01016289245,4.69396317956
3.16236251979,4.91396647149
2.66390028859,4.19674630816
3.66213346493,5.64102005862
2.98542695711,4.65828301573
3.59435897321,5.54207053878
3.19632779091,4.96316526259
2.64129644091,4.16447648484
2.83216308273,4.43772929315
3.07757946411,4.79131750653
3.61591634043,5.57353331383
3.01338439778,4.69861163886
3.41701699689,5.28364178352
2.98675606459,4.66019961152
2.83751820524,4.44541959937
3.25423380445,5.04712231025
3.42837601573,5.30017203777
2.99902167628,4.67788987434
3.58417985149,5.52721770973
3.02217115452,4.7112923375
3.73610017354,5.74911810917
2.56997574001,4.06283193447
3.58174043446,5.52365857995
2.58189583461,4.07980117406
3.62708702284,5.58984074043
3.58273423539,5.52510852802
3.19249781243,4.95761576047
3.30077726179,5.11467521843
2.75021786353,4.32020602067
2.71837356204,4.27461778928
3.68140433858,5.66917270661
3.58950135065,5.5349822739
3.12527465448,4.86028575718
3.42133591142,5.28992651985
2.64467551082,4.16929887962
3.47601690435,5.36953622873
3.54557079421,5.47090225381
3.74913180368,5.76817430182
3.34100789428,5.1731141327
2.85648545326,4.47266748918
3.70573919457,5.70473405113
2.71621222495,4.27152534907
3.65865962417,5.63594596724
3.49174931301,5.39245433353
3.05382592587,4.75699775705
2.75857043056,4.33217130767
2.93668925408,4.58804777514
3.56703102139,5.50220020403
3.78338032539,5.81827155931
3.76951056873,5.79798078909
3.38956821461,5.24371027294
3.76909310934,5.79737012304
2.63864997809,4.16070002928
3.38267552279,5.23368605299
2.85330010814,4.46809045165
2.95591225448,4.61573913036
3.16012161479,4.91072176861
2.9508321292,4.60841968208
3.79991294668,5.84246269123
2.65298432786,4.18115917442
3.66006128054,5.63799327705
2.77579159872,4.35685111544
3.04316017718,4.74159388678
3.61208711858,5.56794386965
2.94462537268,4.5994783085
3.07925799795,4.7937434207
3.15921914451,4.90941508735
2.61011014446,4.11999727756
2.5347241196,4.01269463188
3.38336214124,5.23468456504
3.24345605903,5.03148835918
2.59706908651,4.10141274848
2.61109425812,4.12140008358
3.80054731671,5.84339102602
2.6552421013,4.18438260443
3.04187613228,4.7397396872
2.72159939458,4.27923372094
3.82306496142,5.87634807652
3.6022954499,5.55365258519
2.76181597533,4.33682150045
2.84907966651,4.46202672807
3.89578771609,5.98284825422
2.75377405802,4.32529997907
3.72497176053,5.73284761535
3.68711998033,5.67752409323
3.10904649302,4.83681109912
3.32914868334,5.15588290632
3.36400537721,5.20653976201
3.69510252884,5.68918886706
3.89561320087,5.98259257074
2.58112944594,4.07870992235
2.75351419732,4.32492773021
2.99630492698,4.67397113041
2.88188499607,4.50917913116
3.19349638275,4.95906261032
2.55399037123,4.04008777502
2.53758027959,4.01675424474
3.34776555027,5.18293457388
3.32097332013,5.14400645678
2.81192312199,4.40867441439
3.3354739753,5.1650729746
3.44762132318,5.32818615162
3.2441619074,5.03251214368
2.90813818846,4.54694526801
3.08179735182,4.79741362173
3.58361768503,5.5263974926
3.21356260856,4.98814337516
3.19525386238,4.96160913359
3.45439867031,5.33805365122
2.89830359824,4.53279464847
3.17853350371,4.93738576273
3.75319163557,5.7741116774
3.11128144599,4.84004353539
3.03896190731,4.73553167129
3.7490072371,5.76799213216
3.14996939565,4.89602390502
2.87359292364,4.4972564467
3.2471884073,5.0369020376
3.50525573477,5.41213440953
2.89144566069,4.52292929558
3.65955167252,5.63724892051
3.25871850476,5.05362870153
2.84080227633,4.45013633869
3.82070562032,5.87289448455
3.17791563148,4.93649079356
3.55054370417,5.47815390733
2.91250200551,4.55322542165
2.70520969327,4.25578638249
2.73355565892,4.29634654201
3.70561700748,5.70455546532
2.54780425165,4.03128993361
3.59692313673,5.54581238495
3.42538349328,5.2958168458
2.60970471658,4.1194193748
2.73129822654,4.29311499943
3.57696767097,5.51669545663
3.10537175232,4.83149663804
2.75337474409,4.32472796557
3.58271379109,5.52507869972
2.99382159568,4.67038931175
3.46242547087,5.34974174246
3.42682600662,5.29791619151
3.29748747819,5.10989844792
2.53479597471,4.01279675766
2.53429374864,4.01208296312
3.0074846194,4.69009885812
2.72176414382,4.27946947833
3.42970897289,5.30211203958
2.99333197078,4.66968313053
2.58311755632,4.08154083529
3.69745909215,5.69263272167
3.00168487971,4.68173164081
3.67568261795,5.66081310289
3.31393910639,5.13378922387
2.90038664317,4.53579154314
2.90235815816,4.53862813735
3.33250132344,5.16075385019
3.62994832338,5.59401821247
3.02415443458,4.71415490757
3.62709343792,5.58985010621
3.65740533608,5.6341139433
3.46626019085,5.35532615647
3.28523564133,5.09211141238
2.82903861671,4.43324291648
2.68554999185,4.22767797972
2.68776940968,4.23085024461
3.14313067878,4.88612499195
3.8799994225,5.95971885327
3.1057928193,4.83210556849
3.5093974733,5.41817015244
3.58509833067,5.52855781234
2.9954921357,4.67279878092
2.54171189552,4.02262755581
3.25417863944,5.0470422806
3.23341255483,5.01692252084
2.53859647218,4.01819872609
3.72577888998,5.73402761167
3.89300927519,5.97877760338
3.53307629447,5.45268485462
3.23015770401,5.01220272703
3.2285778945,5.00991198926
3.83990750125,5.90100504439
2.93592823385,4.58695179072
3.12331735635,4.85745399743
2.75881653089,4.33252390162
3.34964652549,5.18566828345
3.40735096716,5.26957780788
2.84262957053,4.45276098196
2.64339255064,4.16746785122
3.40915408472,5.27220114688
2.89494586354,4.52796421
2.92512872945,4.57140127114
3.38696007681,5.2399170468
3.62293530839,5.58377958491
2.99012514148,4.66505816759
3.88902300089,5.9729376082
2.60595730585,4.11407817414
2.85837274709,4.47537954883
3.63503397084,5.60144363747
2.71515060026,4.27000645817
3.38581347698,5.23824950915
3.40080760901,5.26005862881
3.34304914382,5.17608041317
2.54352302876,4.02520248413
2.77879182776,4.36115213479
3.42347230672,5.29303550164
3.05886969185,4.76428351638
3.33315655834,5.16170585548
3.32740908951,5.15335562554
2.98368021754,4.65576428574
3.55042045748,5.47797417839
2.84040809936,4.44957017899
3.76458554567,5.79077660052
3.50459907261,5.41117749456
3.15203829185,4.89901888423
2.52634195192,4.00078331377
3.58265014063,5.52498583356
3.86007172146,5.93053157032
3.39103733649,5.24584701287
3.1904451739,4.95464174389
2.98534134328,4.65815956134
3.6412267907,5.61048635246
3.73848560586,5.75260608767
3.37777980673,5.22656683152
2.62420321647,4.14009113017
3.63675475756,5.60395623806
2.85825065706,4.47520409981
2.72033644248,4.27742646971
3.65304778984,5.62774952725
2.54090929057,4.02148653419
2.97776916766,4.64724161507
2.64079565187,4.16376184018
3.48583384808,5.38383632088
3.8353720593,5.89436478919
2.57569526755,4.07097318138
2.568657704,4.06095608125
3.65395585485,5.6290757695
3.3117188577,5.13056458162
3.05193440799,4.75426567013
2.70965939177,4.2621509167
3.16754747531,4.92147459222
2.99372267494,4.67024663864
3.68810117337,5.678957826
3.90721688689,5.99959435677
3.75401295491,5.77531286952
2.77138490691,4.35053457327
3.02804908132,4.71977665579
2.92160892249,4.56633397367
3.19692262347,4.96402719364
2.71681400105,4.2723863478
3.4430237534,5.32149294538
2.92642075868,4.57326146431
3.84925000914,5.91468440131
2.83009553299,4.43476048128
3.33210747531,5.16018162509
3.75401877925,5.77532138774
3.82019396811,5.87214554398
2.74367303771,4.31083261138
3.05615918247,4.76036805588
3.14670952091,4.8913051135
2.5648241523,4.05550064612
3.6162781251,5.57406142044
3.87236315101,5.94853349432
3.00876406997,4.69194486943
3.18039906441,4.94008804204
2.85121355637,4.46509250377
3.8096508092,5.85671386456
2.70813193961,4.25996605015
3.75520556733,5.77705710654
2.71154286908,4.26484519502
2.86508652906,4.48502851004
2.97633964901,4.64518069964
3.10156633231,4.82599365405
2.83689468258,4.44452411774
3.07933760246,4.79385847209
3.16094978964,4.91192090037
2.93338501582,4.58328933278
3.59699607101,5.54591881897
3.52532933552,5.44139131766
3.55413746961,5.48339479585
3.28294662951,5.08878872431
2.91152972568,4.55182610784
3.02920944007,4.7214516851
3.30526445525,5.12119111254
2.93502183833,4.58564647284
3.09058864009,4.81012159027
3.18537750163,4.94729987021
3.18836606407,4.9516295045
2.96501980686,4.62886372851
2.60056876663,4.10639917574
3.25456676021,5.0476053417
2.78306396321,4.36727720618
2.56392424428,4.0542201268
3.53695097505,5.45833388892
3.53149840521,5.45038449209
3.84120390218,5.90290314879
3.26217171536,5.05863900365
2.75555664962,4.32785361398
2.85155330825,4.46558064536
3.05045583302,4.7521301191
3.14850085546,4.89389809621
3.84306386918,5.90562644213
3.82157754392,5.87417079021
2.6935071048,4.23905237892
2.75819363839,4.33163147366
2.63147662103,4.15046558941
2.67920479117,4.21860997219
3.32533986695,5.150349567
3.41603283185,5.28220972574
2.79547271574,4.38507254537
2.76045402777,4.33487005363
3.11958861446,4.85205970913
3.04504826904,4.74432045238
3.50916572102,5.41783240999
3.03031806161,4.72305207369
3.02820829648,4.72000648713
3.02550495542,4.71610426332
2.97583519515,4.64445345414
3.03422634437,4.72869435342
2.80703213588,4.40165594632
2.89814975977,4.53257332657
3.59680192317,5.54563549656
3.44948420902,5.33089831424
3.6422003826,5.61190805822
2.94262851505,4.59660197241
2.78566347094,4.37100458512
3.61760294562,5.57599531972
3.45877203524,5.34442165951
2.68627025076,4.22870743589
3.05293253171,4.75570733332
3.39205394014,5.24732562759
3.264324979,5.06176337083
3.04734483081,4.74763704997
3.28973202274,5.09863870572
3.43168039719,5.30498135503
2.60636046899,4.1146527685
2.89372759635,4.52621172145
3.44111814157,5.31871888123
3.26654889094,5.06499038707
2.62690654969,4.14394672262
2.57852138489,4.07499657556
3.23716495262,5.022364183
3.90055009394,5.98982585078
3.27307997684,5.07446815897
3.88266807932,5.96362805471
2.91601469884,4.55828123
3.27149649317,5.07217013014
3.19996861581,4.96844109989
3.54927024041,5.47629684932
2.54060447619,4.02105320508
3.26434300672,5.06178952945
3.65278224043,5.6273616917
2.83381363689,4.44009946764
3.80569033788,5.85091757981
2.90790406904,4.54660835803
3.00452292626,4.68582590645
2.84319737914,4.45357658527
2.68893905106,4.23252213684
3.44284032475,5.32122591815
3.30670062823,5.12327670966
3.58976078253,5.53536082507
2.91754785451,4.56048804743
3.34582592733,5.18011572738
2.68405098847,4.22553555632
3.75617169948,5.77847012833
3.71953903479,5.72490548512
3.6253676503,5.58733055607
3.08892582953,4.80771776927
3.60908443385,5.56356112639
3.10134665424,4.82567599411
3.8564103993,5.92516974615
2.94281560728,4.59687145944
3.69618988952,5.69077790963
2.57202087596,4.0657427996
3.04127950095,4.73887815308
2.84824784995,4.46083170231
3.26045768926,5.05615206119
3.31103244668,5.1295676801
3.35432894797,5.19247387555
2.85359691617,4.46851691875
3.87354554889,5.9502653648
3.26796033773,5.06703854568
2.64947186435,4.1761449332
3.342127507,5.17474110536
2.85955714208,4.47708161116
2.91664274003,4.55918521858
3.50626926637,5.41361138906
2.88576218741,4.51475487134
3.12535279321,4.86039880851
3.30205281323,5.11652740158
3.5988018256,5.54855401866
3.81070107852,5.85825101803
2.55498268019,4.04149922793
3.06559686494,4.77400232556
3.36904052916,5.21385995105
3.51181949084,5.42169993633
2.77712139572,4.35875741444
3.40500651196,5.26616700483
2.80213506878,4.39462979287
3.07549709804,4.78830808253
3.52896282227,5.44668805287
2.86840178749,4.48979384
2.77983518457,4.36264794742
2.54132410461,4.0220762491
2.74604614483,4.31423111453
3.57619829808,5.51557304315
3.12671677064,4.86237224631
2.65967835105,4.19071700166
3.47336329741,5.36567118203
2.67680469919,4.21518048698
3.03675432763,4.73234421799
3.21608345807,4.99179754336
3.37759448951,5.22629736029
3.09753594506,4.82016586725
2.6539646847,4.18255880118
2.55906888798,4.04731200099
2.63758975645,4.15918721274
2.71474447388,4.26942541797
3.86832601753,5.94262044837
3.74153526459,5.75706545902
3.81406428248,5.86317347369
3.54512654846,5.47025446789
3.25565571442,5.04918515085
3.52277554931,5.43766870336
2.80564408835,4.39966431467
2.68615949841,4.22854913743
3.33918963133,5.17047198325
3.56388075068,5.49760515175
2.66004141892,4.19123546003
3.24470651257,5.03330206591
2.62872417037,4.14653929343
2.62515573181,4.14144959884
3.61550042365,5.57292619261
3.1816166465,4.94185177692
3.76976253795,5.79834937516
2.66080966826,4.19233253658
3.48068132613,5.37633048694
2.70144705804,4.25040531712
3.46258185055,5.34996946764
2.65997808898,4.19114502485
3.86294033651,5.93473268065
3.28213021686,5.08760367011
2.58558681177,4.08505716066
2.88213165482,4.50953382995
3.48092132329,5.37668008401
3.78189444666,5.81609761833
3.33648295626,5.16653903086
2.93619137452,4.58733075063
3.48813391291,5.38718709816
3.13032785554,4.86759714647
3.02849436517,4.72041943717
3.46467083583,5.35301157243
3.62455991924,5.58615133714
3.41495909327,5.28064735735
2.80854186355,4.40382226499
3.68635152468,5.67640122886
3.38849398535,5.2421479131
2.92082612428,4.56520708203
2.97470169505,4.64281937899
3.53720601773,5.45870573669
2.76526547038,4.3417644359
3.45941959651,5.34536460578
2.8845165244,4.51296343294
3.10036191278,4.82425205302
3.50230736996,5.4078380106
2.59466094572,4.09798195402
2.7876321238,4.37382759409
3.01040061924,4.69430619387
3.41797914261,5.28504182448
2.72251882921,4.28054945513
3.62563683209,5.58772354176
2.84882852022,4.46166591675
3.42022754862,5.28831362372
3.57080276621,5.50770204189
3.34930795311,5.18517621338
2.60881703425,4.11815409001
3.39686527689,5.25432390886
2.8704773736,4.49277750238
3.57625031654,5.5156489308
3.78793304587,5.82493275525
3.80286031873,5.84677592794
3.6694962876,5.65177544262
3.04492884521,4.74414799052
3.82207195831,5.87489451103
2.84469435491,4.45572691398
3.48066723714,5.37630996395
3.49354793381,5.39507483881
3.01800394994,4.70527805101
3.84869594866,5.9138730989
3.81696658369,5.86742150952
3.64995012562,5.62322547228
3.53822815919,5.46019601595
3.40903517967,5.27202815049
2.70969448661,4.26220111765
3.64882000499,5.62157501132
2.87915505563,4.50525360223
2.85421996579,4.46941215627
3.6917013766,5.68421865912
3.39752581608,5.25528473565
3.79527608775,5.83567735599
2.99295426444,4.66913837431
3.84526170956,5.90884451708
2.594136808,4.09723527456
2.92906829736,4.57707344785
3.46537144337,5.35403186247
2.75926877147,4.33317184495
3.67872240291,5.66525423595
3.19693388712,4.96404351512
2.60905179561,4.11848871013
3.40381080575,5.26442749937
3.18915099196,4.95276670201
2.77614607881,4.35735926424
2.77983513681,4.36264787895
3.55872754032,5.49008904593
2.68145691572,4.22182828555
3.29815594137,5.11086903312
2.6548459367,4.18381698038
3.38322008096,5.23447797346
3.75999386307,5.78406042986
3.06905228188,4.77899499771
3.64394687605,5.61445845768
3.23496858794,5.01917900301
2.99375939436,4.67029959891
3.4005764395,5.25972234677
2.66974240548,4.20509084851
3.51262979689,5.42288088525
2.96125781,4.62344205998
3.41062874092,5.27434667157
2.76718749178,4.34451881987
3.40177998636,5.26147315999
3.82089965944,5.87317851424
2.77053081089,4.34931041486
2.60221568651,4.10874597306
3.37592989245,5.22387689656
2.54824023547,4.03190991503
2.63169404614,4.15077575716
2.99585480292,4.67332187994
3.80793369819,5.85420077852
2.90758698682,4.54615206372
3.77094609382,5.80008072261
3.71257910214,5.71473157461
3.38829387454,5.24185687506
2.79067903403,4.37819714069
2.88134184594,4.50839808222
2.64828987191,4.17445771279
3.20340914009,4.9734270539
3.14139884874,4.88361843602
2.63648983785,4.15761781427
2.91974247916,4.56364714001
3.24918133449,5.03979289436
3.89975200224,5.98865649965
3.49938912802,5.40358570757
2.53147891286,4.00808261356
3.24478383452,5.03341421819
3.38006105025,5.22988407862
2.90873666899,4.54780652234
2.54146039322,4.02227000416
2.92643523448,4.57328230615
2.63738805062,4.15889940785
3.09947064239,4.82296329916
3.23160717835,5.01430454223
2.91434382571,4.55587628735
3.60025811922,5.55067928946
2.86391173318,4.4833399746
3.67855114932,5.66500402904
3.48984846765,5.38968497496
2.8507709802,4.46445663565
3.13235017897,4.87052344122
3.54398267427,5.46858652516
3.0536523348,4.75674701894
3.22830419143,5.00951512484
2.74462219006,4.31219185183
2.88881882627,4.51915101185
3.06298143978,4.77022361312
3.18893647481,4.95245590934
2.88239588138,4.50991379423
3.04111815311,4.73864516932
3.71612886525,5.71992043784
3.50204997271,5.40746293733
3.62762047324,5.59061955989
2.68491867256,4.22677566464
3.58592604497,5.52976550073
3.36220561886,5.20392340413
3.77875074035,5.81149830061
2.71219845136,4.26578303271
3.67472584176,5.65941528962
3.80972826055,5.85682722013
2.8787580869,4.50468280455
2.88555309277,4.5144541595
3.6451444239,5.61620727031
2.86263768858,4.48150885298
2.6215405544,4.13629391719
3.81902005906,5.87042723054
3.67005516144,5.65259187375
3.64918819166,5.6221127189
3.15766475083,4.90716454993
3.66814122326,5.64979592278
3.6668243203,5.64787218641
3.82236997706,5.87533075125
2.70676595261,4.25801223789
3.01925720586,4.70708673834
3.60931814932,5.56390225245
3.28983461098,5.0987876373
2.88162516136,4.50880548782
3.79391331753,5.83368322591
3.33623454234,5.16617808118
2.70830475753,4.26021324317
3.83018734308,5.88677439946
2.56563987983,4.05666142009
3.58041455354,5.52172416346
3.6649554165,5.6451421465
3.38733791316,5.24046655399
3.87292302357,5.94935354242
3.58855555126,5.533602219
2.78230750545,4.36619259386
3.67321231993,5.65720413053
2.7500052092,4.31990142908
3.02885079758,4.7209339637
3.53347697916,5.45326901116
2.56105376261,4.05013589115
2.88217135998,4.50959092676
3.15702683717,4.90624096504
3.87284506442,5.94923935494
2.58119306637,4.07880050951
2.9941415543,4.67085078967
2.59783805385,4.10250833512
3.36942045253,5.21441231698
3.40849359387,5.27124019533
2.94580514682,4.60117776334
3.35163510252,5.18855847795
3.4479632594,5.32868396784
3.3787166566,5.22792912593
2.53762803258,4.01682212259
3.57938392984,5.52022054422
3.88632344923,5.96898285181
2.8616832569,4.48013713902
2.82882326025,4.43293370445
3.23843110699,5.02420043104
3.01366217116,4.69901246831
2.76046448565,4.33488503773
3.49102157426,5.39139407436
3.74629002375,5.76401847784
2.54004704967,4.02026077212
3.05371605215,4.75683905332
3.68360862791,5.67239341647
2.74015738938,4.30579836499
3.70222150505,5.69959279739
2.99954427403,4.67864372012
3.62629192483,5.58867993557
3.66555358109,5.64601591998
2.58975472929,4.09099320439
3.16437587302,4.91688182602
2.97165976638,4.63843431227
3.08308482502,4.79927452635
3.10092239171,4.82506250445
3.84445705747,5.90766633649
3.71559682967,5.71914271938
3.38940871743,5.24347829825
2.73486823034,4.2982256138
3.45966860686,5.34572720489
2.75345127529,4.32483759525
2.79908494902,4.39025410823
3.30735474997,5.12422663803
2.82341340657,4.42516680341
3.32627268781,5.1517047061
3.6328239819,5.59821682153
2.79180507699,4.37981209254
2.97988971504,4.65029891504
2.94075918156,4.59390946384
3.09680121925,4.81910353947
2.58240577246,4.08052728625
2.59907163717,4.10426594987
3.13533473084,4.87484231649
2.79112621194,4.37883846903
2.54167971667,4.02258180811
3.00119867278,4.68103025076
3.78771741748,5.82461725533
3.86681087569,5.94040134814
3.15159397549,4.89837567081
2.84860909758,4.46135068365
3.4791687555,5.37412719974
2.85565532193,4.47147462901
3.77753768258,5.80972361783
3.25509911243,5.04837765173
3.58743681549,5.53196985075
3.65625376079,5.63243197123
3.66670991139,5.64770505917
2.58349898722,4.08208398753
2.64210108823,4.16562477356
3.74536565845,5.76266671802
3.5707894876,5.50768267186
2.92898165243,4.57694869031
3.17676867824,4.93482949777
3.753814311,5.77502234856
3.40129087864,5.26076164501
3.10175902472,4.82627229337
3.74226380396,5.75813079433
3.14017848136,4.88185220039
2.68509495763,4.22702761867
3.78594206166,5.82201965001
3.79930184148,5.84156840918
3.04918695356,4.75029749785
3.37934469824,5.22884238809
3.55548328624,5.48535751253
3.86631536289,5.9396756212
3.01741018251,4.70442115085
3.24864051209,5.03900838866
3.89540959301,5.98229426408
3.63488138678,5.6012208454
2.80096556507,4.39295198138
3.4925633517,5.39364033986
3.35090087028,5.18749133384
3.60109699662,5.55190354258
2.84857457426,4.46130108597
3.48086940841,5.37660446095
3.81335609724,5.86213694168
3.03868073651,4.73512568837
3.45867132108,5.34427500551
3.15485208396,4.90309240729
3.82167478099,5.87431312489
3.40285297177,5.26303407504
2.75680815293,4.32964653005
2.92416055954,4.57000739535
2.53242776772,4.00943104322
2.79110280076,4.37880489324
2.84104909006,4.45049084264
2.74013677108,4.30576884222
2.86774682996,4.48885237281
3.14051720278,4.88234242658
2.94707936605,4.60301332501
2.77467530429,4.35525093912
2.87891550832,4.5049091586
2.93805381289,4.59001300214
3.38949691457,5.24360657319
3.87741977658,5.9559401585
2.73117983594,4.29294552839
3.70915173857,5.70972186605
2.94764095298,4.60382233208
3.45576440463,5.34004223194
3.4502615593,5.33203007823
2.76297002748,4.33847513325
2.96490869403,4.6287035887
3.17061239528,4.92591316972
3.59440891912,5.54214342275
3.22819097686,5.00935096645
3.21204975245,4.98595046311
3.42928338569,5.30149263007
3.60701643552,5.56054277178
2.97892443211,4.64890719746
3.21278592613,4.98701755153
3.44529174004,5.32479464718
3.36494560802,5.20790663503
3.7278887404,5.73711220301
3.17706510726,4.93525885427
3.34578320292,5.18005363729
2.97551386079,4.64399020763
2.69723542309,4.2443829328
2.59050650167,4.092063996
2.7877994728,4.37406757713
3.63488011892,5.60121899418
3.70154946229,5.69861060629
2.59492239379,4.09835441491
2.73363023817,4.2964533072
3.81667666798,5.86699715919
3.33427970793,5.16333773128
3.22374314949,5.00290202326
2.5582452325,4.04614024717
3.85389042363,5.92147950576
3.21996754009,4.99742819372
3.85355838877,5.92099328393
3.64967986793,5.62283077768
3.23537957755,5.01977501165
3.43061863029,5.30343599119
2.80635427028,4.40068330448
2.77805309531,4.36009307744
3.67087972067,5.65379644321
3.2097607141,4.98263259102
2.961579985,4.62390634747
3.85887081418,5.92877287508
2.67399358566,4.21116405634
2.86425687445,4.48383604065
3.79652982419,5.83751196843
2.59636581074,4.10041078372
3.73793336038,5.75179858463
3.28086783428,5.0857713104
2.5807791044,4.07821108588
3.78974290113,5.82758090641
2.7519422919,4.32267605119
2.56613999536,4.0573730989
3.06406872494,4.77179447203
2.63782230879,4.15951903371
3.70044266202,5.69699303639
3.35842468948,5.19842724116
3.84185350124,5.90385426009
3.44749692575,5.32800504527
2.6063129106,4.11458498709
3.64914818276,5.62205428893
3.33179348072,5.15972542283
3.70257443414,5.7001086072
2.94431384814,4.59902956882
3.08419186048,4.80087467194
3.53379816991,5.45373727649
3.28851269763,5.09686858362
3.06800905453,4.77748761381
3.86558851254,5.93861108567
3.24146675793,5.02860309275
3.24995721646,5.04091838736
2.95754511288,4.61809196057
2.66537867847,4.19885779318
2.70904214786,4.26126799799
3.68487450181,5.67424304245
3.14396760653,4.88733634945
2.98323647842,4.65512444915
3.61218864287,5.56809205872
3.68392996201,5.67286292927
2.59382611389,4.09679267093
2.66370784709,4.19647146494
3.38265574154,5.23365728636
3.20412432216,4.97446352935
2.58066786017,4.07805269133
2.81041397085,4.40650870193
2.63175724882,4.15086591939
3.39008968804,5.24446871497
3.86569679442,5.9387696733
3.27002648121,5.07003684067
3.9031321794,5.99360915604
3.7204919729,5.72629854829
3.36298274178,5.20505311852
2.92466140647,4.57072846095
3.10524276418,4.83131010164
2.56279871308,4.05261862153
3.12230173996,4.85598468312
2.5905219357,4.09208597987
2.99965663117,4.67880579626
3.62297206573,5.58383324594
3.36617987399,5.20970100076
3.6556668507,5.63157475051
3.68356192573,5.67232517842
2.79823827627,4.38903954839
3.12630158593,4.86177153999
2.52704798163,4.0017864475
3.55336745403,5.48227183617
2.77245011761,4.35206136401
3.58000413323,5.52112538161
3.43997997639,5.31706205799
2.97278508364,4.64005646394
3.63552457582,5.60215998623
2.98791181208,4.66186627177
3.58730190035,5.53177299541
3.24477094011,5.03339551536
3.64280928299,5.61279722649
3.79697099709,5.83815755071
3.80563714391,5.85083973059
3.70498786578,5.7036359312
2.5530173447,4.038703803
2.9047139367,4.54201780762
2.8250125897,4.42746261306
3.4256331871,5.2961802312
3.13394577163,4.8728323506
3.11710266585,4.84846359266
3.29724154532,5.10954136509
2.78748644221,4.37361868371
2.96587286523,4.63009320227
2.70029799008,4.24876213413
3.71823504859,5.72299926746
3.76154234037,5.78632531443
3.39926345763,5.25781237926
2.69767357482,4.2450094234
3.67269665357,5.65645078549
3.60047373228,5.55099395254
2.97484365585,4.64302402975
2.9608643933,4.62287511112
2.72484873141,4.28388378268
3.13372646954,4.87251500371
3.33160034658,5.15944481985
2.96744392295,4.63235756648
2.95775066305,4.61838815052
3.11433786378,4.84446432902
3.3437760218,5.17713671657
3.74306885655,5.75930802607
3.00303739944,4.68368279708
3.67298156411,5.65686701508
3.27513622805,5.07745239719
3.25863192766,5.05350309023
3.23339183507,5.01689247454
3.43308477505,5.30702541982
3.21714636665,4.99333836909
3.20727354732,4.9790277173
3.35975955511,5.20036763089
3.17118545203,4.92674309541
2.63199630915,4.15120695446
3.7597952537,5.78376993664
2.95354639014,4.61233027008
3.40997316482,5.27339284607
2.82346481018,4.42524059745
3.14659351938,4.89113720311
2.74098260404,4.30697998293
3.67949809622,5.66638755588
3.42255837066,5.29170548542
2.54942944551,4.0336010602
3.64842912964,5.62100417182
3.58899210055,5.53423920365
3.1240248005,4.85847749197
2.60549149275,4.11341430085
3.0672886218,4.77644666508
3.75009965568,5.7695897259
3.58395583529,5.52689086278
2.91948199897,4.56327217721
3.40189143687,5.26163529016
3.45766147614,5.34280454268
2.70263674252,4.25210664938
3.76241095932,5.7875958224
3.01922531509,4.70704071318
3.14490709863,4.88869618364
2.56910174214,4.06158803381
3.70499132258,5.70364098354
2.68738573444,4.23030183153
2.77505481911,4.35579495656
3.09525447679,4.81686718877
2.58994836219,4.09126900368
2.96808916311,4.63328757726
3.77340138166,5.8036724894
3.33346565101,5.16215494708
3.21761867039,4.99402304622
2.85088108938,4.46461483345
3.3906025167,5.24521459068
3.77442561504,5.80517084339
3.2331642549,5.01656245513
3.51021429164,5.4193605465
2.55234383074,4.03774587008
3.78756071487,5.82438797412
3.11555407247,4.84622353434
3.25936012113,5.05455960409
3.55394057465,5.48310765091
3.58467691748,5.52794294917
2.70983118578,4.26239665773
3.07160878642,4.78268910771
3.8687269183,5.94320762064
3.59594426742,5.54438391848
3.17695840184,4.93510429869
3.42984560888,5.30231090373
3.19836593441,4.966118641
3.14467922678,4.88836635611
2.71618153175,4.27148143486
2.70435081518,4.25455801338
3.46720532803,5.35670259238
2.64234440444,4.16597200956
3.13859437991,4.87955960377
2.7139630833,4.26830751382
3.26650718063,5.06492986187
2.66074986091,4.19224712934
3.09653669186,4.81872106811
3.14664689655,4.89121446566
2.70788000448,4.25960569303
3.12086488727,4.85390601407
3.13280684988,4.87118426054
3.36885393393,5.21358866391
2.75502755108,4.32709564366
2.6787476942,4.21795680558
3.30246171955,5.11712116952
2.55116751636,4.0360728698
2.76072073842,4.33525219947
2.57154150179,4.06506048022
3.03879863614,4.73529592347
3.55457888739,5.48403854775
3.25482503665,5.04798003526
2.66957168965,4.20484698378
2.68956997106,4.23342400533
3.6251131443,5.58695899737
3.90175694622,5.99159413218
3.26729419664,5.06607189742
3.65100352266,5.62476390781
2.82794106024,4.43166704904
3.2246577995,5.00422813447
2.68879188772,4.23231177702
3.03990835961,4.73689827541
3.54174913553,5.46532977101
3.41760042084,5.28449073472
3.85858702059,5.92835727102
2.81294246209,4.41013727757
2.61244221525,4.12332161384
3.72654350283,5.73514546196
3.06757834783,4.77686528629
3.88581087939,5.96823196781
3.20373354581,4.97389719599
2.61010991425,4.11999694942
2.77944020894,4.36208168333
2.64115115777,4.16426915905
2.93412381076,4.58435323695
2.61001126545,4.1198563332
3.77975793129,5.81297182483
3.19949119411,4.96774925603
3.80300122928,5.84698214298
3.53335850024,5.45309628087
3.076927189,4.79037482641
2.52907173229,4.00466197126
3.61502602733,5.57223371227
2.71540762847,4.27037418943
3.73518583005,5.74778118576
3.07728342345,4.79088966129
2.99424975863,4.67100685415
3.85105612957,5.91732911436
3.25874837901,5.05367204495
3.54637251083,5.47207130443
3.2928523062,5.10316868149
3.59731185687,5.54637965102
3.8944802084,5.98093262826
3.50254002682,5.40817703408
2.73385698338,4.29677790974
2.82550582781,4.42817073461
2.93732527594,4.58896376
2.7544140331,4.32621675266
3.28066680999,5.08547952597
3.70385766473,5.70198408402
3.78858018647,5.82587963393
3.68584482128,5.67566084239
2.87636142644,4.50123680426
3.16550166031,4.91851203173
2.96680724345,4.63143990975
3.77426976233,5.80494284472
3.06369488868,4.77125436628
3.84304714419,5.90560195376
3.5030245058,5.40888301238
3.40166061137,5.26129950219
3.07043075227,4.78098683885
3.02551040818,4.71611213402
2.56437890246,4.05486707461
3.22193169482,5.00027574707
3.09361830184,4.81450161881
3.7082731408,5.70843767492
3.33221473835,5.16033746801
3.54524053643,5.47042068134
3.67393193016,5.65825542946
3.27469183643,5.07680744132
3.75896862502,5.78256088787
3.65865742635,5.63594275705
3.71844761332,5.72331000054
3.56656998402,5.50152771125
3.69690949755,5.69182954046
3.13243210499,4.87064199063
3.70436524225,5.70272593162
3.67097039036,5.65392890021
3.09337695355,4.8141526867
3.44473763479,5.32398797719
2.75811311903,4.33151611358
3.25725043873,5.0514987716
3.75185408132,5.77215551159
2.55021579973,4.03471935824
3.79652522523,5.83750523865
3.46319671241,5.35086485515
3.87747671483,5.95602356105
3.35028193536,5.18659177568
3.60287378459,5.55449662755
3.45194050886,5.33447455386
3.37141112181,5.21730658825
3.24417882708,5.03253668469
2.54437288183,4.02641080334
3.56132058641,5.49387100424
2.5971209278,4.10148660838
3.26376798335,5.06095516219
3.60466250351,5.55710719374
2.93484470734,4.58539138674
2.6756091188,4.21347223148
3.53443862094,5.45467099968
3.59458890865,5.54240607436
3.13860152211,4.87956994016
3.36674956524,5.21052922667
2.93214933938,4.58150993964
3.3456680814,5.17988633492
2.89689975292,4.53077502142
3.66781792174,5.64932363952
3.28050813552,5.0852492126
2.69985069088,4.24812250736
3.87401259387,5.95094945723
3.12867832597,4.86521038032
3.57559644982,5.51469503508
2.78076888993,4.36398659901
3.53248490603,5.45182267857
3.39711710305,5.25469021635
3.67924830265,5.66602259582
3.75600145406,5.77822113368
3.63456838595,5.60076382607
3.32823763905,5.15455933156
2.74594795432,4.31409049172
3.16968253668,4.92456652973
3.26915776187,5.06877617924
3.05969393957,4.76547423157
2.91958701338,4.56342334577
2.59744375757,4.10194655731
3.6079642991,5.56192621815
3.07833406437,4.79240808673
3.468077784,5.35797319925
3.53894365111,5.46123921524
3.09927027786,4.82267358084
2.72417351049,4.28291744637
3.39489740669,5.25146149158
2.58194304689,4.07986840011
2.56826500437,4.06039720244
2.87192886611,4.49486413256
2.68071948654,4.22077446276
2.77228528192,4.35182509792
3.81146082859,5.85936298593
3.68654743887,5.67668749676
3.85352387431,5.9209427421
2.68655206522,4.22911023635
2.64413867971,4.16853270919
2.60843131553,4.11760430722
2.72252727692,4.2805615442
3.55626386259,5.48649591078
3.53985172107,5.46256321329
3.23647621086,5.02136535077
2.57422292778,4.06887726252
3.35630052546,5.19533960698
3.67460253839,5.65923514949
3.28865642903,5.09707723962
3.4911725496,5.39161403274
3.52251818962,5.43729356248
3.53827292884,5.46026129052
2.62758471477,4.1449140061
3.14875380882,4.89426425803
2.95617924346,4.6161238352
3.46759688984,5.35727284368
3.17767307216,4.93613945697
3.87179205258,5.94769700931
3.16639411812,4.91980439077
2.66838661334,4.20315416196
3.19410074634,4.95993830033
3.82411216683,5.87788100323
2.98616955319,4.65935384405
3.8332994776,5.89133048507
2.87758901626,4.50300184575
3.50384485526,5.41007843059
3.8723399358,5.94849949101
2.73288039067,4.29537986213
3.37352749688,5.22038373882
3.40712726792,5.26925235566
3.8096836168,5.8567618808
3.41020300603,5.27372725057
2.64617601877,4.17144049679
3.19775324616,4.96523080991
2.90229787013,4.53854139331
3.37342686658,5.22023742252
2.71863315438,4.2749892288
2.88653288073,4.51586326787
2.79534661164,4.38489166586
2.6199917691,4.13408537055
3.28463089959,5.09123356593
2.91723537364,4.5600382564
3.33935419036,5.1707111032
3.47104300251,5.36229175121
3.17735626644,4.93568058041
3.04922643293,4.7503545164
3.55622438035,5.48643832927
2.59174727129,4.09383136061
3.72327038697,5.73036030593
3.37244824848,5.21881452705
3.43379060706,5.30805277316
2.94844492542,4.60498053407
2.63287844988,4.15246541103
3.54444717795,5.46926383867
2.88172217955,4.50894500005
2.60282389332,4.10961268094
2.91221294007,4.55280939221
3.04325819453,4.74173542914
2.55900574922,4.04722217679
3.28676604754,5.09433300428
3.51252194483,5.42272369959
2.92607112255,4.57275807092
3.31878291493,5.14082473687
3.54725554008,5.47335894064
3.50334263827,5.40934659507
2.61382035581,4.12528627021
2.59566800676,4.09941664095
2.9796335148,4.64992952945
3.24031652554,5.02693485743
2.55136353649,4.03635165188
3.49361023831,5.39516561487
2.78738012994,4.37346623034
3.01704374428,4.70389232887
3.89044575062,5.97502194178
3.39444208113,5.25079919992
3.52135802155,5.43560246007
3.89944329267,5.9882041863
3.38190799814,5.23256989784
2.82519330879,4.42772206277
3.78128198001,5.81520155032
3.87335505124,5.94998633926
2.98744564073,4.66119401761
3.00713741079,4.68959791023
2.9460154038,4.60148064234
3.08178081167,4.79738971507
3.21631340148,4.99213087371
3.64872094716,5.62143034567
2.8571260198,4.47358797303
3.48956096142,5.389266112
3.55983965446,5.49171104625
3.0222226991,4.71136673268
2.73978333278,4.30526276688
3.74867220973,5.76750218025
3.62023430764,5.57983654673
3.25227813061,5.04428520511
2.75334127921,4.32468002779
3.61106709891,5.56645501886
3.76743520317,5.79494494502
3.48733245856,5.3860195103
3.76967233006,5.79821741694
3.74657720426,5.76443844403
2.59442599128,4.09764723928
2.72529530652,4.2845229064
3.81051968255,5.85798552901
2.83288188081,4.43876146374
2.61896830186,4.13262598924
3.83391081464,5.89222548754
2.76954535857,4.34789802695
3.61470150931,5.57176001335
3.70248705075,5.69998089517
2.67860398875,4.21775146047
2.98314425987,4.65499147822
3.80412301206,5.84862382511
3.76453650127,5.79070486204
2.5433720252,4.02498779189
2.65273903226,4.18080898068
2.70184861305,4.25097956132
3.22246266894,5.00104555185
3.35730830729,5.19680447977
2.72843529202,4.28901701609
2.74204471124,4.30850085177
3.56123635132,5.49374814498
2.68922027273,4.23292412671
3.81128138238,5.85910034804
3.78945683364,5.82716233296
3.76714734801,5.79452387705
2.68542341625,4.22749706959
3.66920323639,5.65134734117
3.81583897799,5.86577103897
3.50194331795,5.40730752297
2.89476848588,4.52770904691
3.45198923044,5.33454549133
3.30308187636,5.11802170056
2.82028044318,4.42066939434
3.39777205295,5.25564291706
3.68582812545,5.67563644681
2.77843872853,4.36064592366
3.462727764,5.35018195206
3.49167289576,5.3923429989
3.48508408329,5.3827440767
3.02324173826,4.71283754876
3.46786521199,5.35766361694
3.51995429871,5.43355638503
3.22815632482,5.0093007219
2.6107752151,4.1209452977
2.84864827552,4.46140696841
2.95293708434,4.6114523848
3.60296774802,5.55463376182
3.5975593362,5.54674080362
3.10140925728,4.8257665195
3.00930096614,4.69271952912
3.69853877632,5.694210597
3.35886350493,5.19906510767
3.33328776212,5.16189648576
3.84275202442,5.90516984647
3.23881093351,5.02475128587
2.62327903861,4.13877312141
3.78660905188,5.82299554736
2.94921574722,4.60609100229
3.44252409257,5.32076556343
3.38221225536,5.23301235512
3.49461127903,5.39662411829
2.97567621736,4.6442242659
2.75333985693,4.32467799039
3.43066804032,5.30350790511
2.75742105974,4.33052461253
3.57023542847,5.50687444711
2.82501500847,4.42746608557
2.86425668027,4.48383576156
3.14235517137,4.88500255323
3.26514449821,5.06295252102
3.54095487196,5.46417167144
3.15323357205,4.90074925935
3.36237458264,5.20416902776
3.27964954749,5.08400299867
2.9251651828,4.57145375381
3.56642043659,5.50130957471
3.19084544416,4.95522167539
2.7472592242,4.3159684538
2.79584788042,4.38561067317
3.53754107513,5.45919424679
2.65755638348,4.18768697956
3.90691769584,5.99915595127
3.10703956184,4.83390859249
2.5397988771,4.01990797773
3.47399875644,5.36659672907
2.71730553496,4.27308962888
3.56737006439,5.50269475256
3.25166096213,5.04338989883
3.61968080797,5.57902854305
2.79332631815,4.38199391971
2.78528864512,4.37046711183
3.84731895279,5.91185680842
3.70219756715,5.69955781198
3.64231429197,5.61207439781
2.99302375573,4.66923859943
2.93395011198,4.58410309954
3.83012771018,5.88668710012
3.40072447117,5.25993768813
2.96810926483,4.63331655092
3.25238027024,5.04443337682
2.63837986342,4.16031460066
3.83636502938,5.89581854624
3.06794911779,4.77740101092
2.65472907281,4.18365012946
2.93809880708,4.59007780365
3.82164265846,5.87426610423
3.36222491409,5.20395145368
2.82047466957,4.42094819659
2.99726739801,4.67535940514
2.81211260716,4.40894634269
3.24933665362,5.04001819861
2.67013228772,4.20564779427
3.61535935133,5.57272026765
3.64147545317,5.61084946458
3.19563467212,4.96216092522
2.6473420009,4.17310473748
3.89651087357,5.98390776298
3.89192008251,5.97718188051
3.28271245637,5.08844881112
3.39604253624,5.25312715781
3.60433487558,5.55662902826
2.78883124042,4.37554718751
3.10865620342,4.83624663587
3.18217718079,4.94266375707
2.61747852629,4.1305017883
3.17124600238,4.92683078766
3.49586832713,5.39845565459
2.56429983711,4.05475456914
2.72606707388,4.28562745681
3.73499869318,5.74750756231
3.86315803154,5.93505150277
3.1458625539,4.89007915183
3.22460476341,5.00415123908
3.77502662773,5.80605007584
3.55627568073,5.48651314654
3.39370012096,5.24971999662
2.53962356355,4.01965875956
3.68893280417,5.6801730316
3.75859649122,5.78201659948
3.26935367458,5.06906048045
2.61968311819,4.13364525359
3.58820303,5.53308784571
3.89731510893,5.98508607075
3.25705386051,5.05121357262
3.78410236396,5.81932796552
3.18484233595,4.94652458591
3.44911482898,5.33036052964
3.53739280582,5.45897807141
2.84977252855,4.4630221474
3.11125847756,4.84001031508
3.05813106077,4.76321650348
3.77288743996,5.80292065007
3.10642263009,4.83301638688
2.53760696324,4.01679217385
3.66853120844,5.65036562131
3.80599948597,5.85137001816
2.70114463432,4.24997284086
3.51161091304,5.42139595523
2.53585464595,4.01430145358
2.8153627959,4.4136108977
3.80404695387,5.84851251639
3.40015835298,5.25911416021
3.54159487041,5.46510483906
3.8008500245,5.84383401011
3.07003619241,4.78041670718
3.19595229019,4.96262115577
2.67897902182,4.21828735883
3.70394586822,5.70211299706
3.68446617884,5.67364641963
3.41571687907,5.28174998827
2.65075161909,4.17797178328
3.23986073213,5.02627380982
2.61242425823,4.12329601525
3.15912572545,4.90927982792
3.85503227567,5.92315161444
3.29122611135,5.10080776487
2.74922582441,4.31878510912
2.90097880624,4.53664352471
2.59047025687,4.09201236979
3.61386767596,5.5705428772
2.61347999282,4.12480104455
3.71398691276,5.71678941072
2.65689295582,4.18673969757
3.5456574283,5.4710285816
3.45236402318,5.33509118267
3.84520640061,5.90876353272
3.62683165786,5.58946791839
3.89599327877,5.98314942623
3.69353580257,5.68689933304
2.85656739722,4.47278524038
3.01842747715,4.7058892753
3.07918951949,4.79364444981
3.35074371106,5.18726291813
3.33339153136,5.1620472558
2.78498467759,4.3700312488
3.27667921175,5.07969180864
3.0398746413,4.73684958823
2.94946761046,4.60645384865
3.80038274116,5.84315018603
3.38126793118,5.23163910677
3.8907285857,5.97543630041
2.85532995362,4.47100709765
2.66784287154,4.20237747762
3.53670326651,5.45797273561
2.60963065192,4.11931380292
3.15093679736,4.89742432002
2.57854290068,4.07502720814
3.19655371149,4.96349262734
2.60790676957,4.11685666017
3.07840520933,4.79251090944
2.64245471503,4.16612943454
3.28180301714,5.08712873246
3.00503056267,4.68655827115
3.55219711867,5.48056509179
3.75343083183,5.77446150426
3.4910195901,5.39139118361
2.85926264455,4.47665839123
3.30738697505,5.12427343623
3.12732234986,4.8632484332
2.60492270026,4.11260367777
2.84744079906,4.45967228364
2.89660768433,4.53035484992
3.89413713431,5.98042999624
2.55622163025,4.04326157883
3.79484283605,5.83504337871
2.78568347834,4.37103327447
3.80648338399,5.85207820662
2.77391051648,4.35415466978
3.14925340147,4.89498744769
3.81267585449,5.86114131622
3.15589770265,4.90460621148
3.20206097013,4.97147326454
3.81326639536,5.8620056506
3.35227477784,5.18948820327
2.71569999749,4.27079248675
2.74293016356,4.30976880215
2.72711207503,4.28712310298
3.34886885095,5.18453804114
3.50137013453,5.40647230048
3.61869951255,5.57759605546
2.90993705537,4.54953400275
3.85296483524,5.92012410696
3.44187399501,5.31981919218
3.48191793658,5.37813183704
3.37458206584,5.22191709634
2.89661487663,4.53036519676
3.72520239751,5.73318479761
3.04610046659,4.745839969
2.61027476059,4.12023192625
2.65114810511,4.17853778401
2.9939236758,4.67053654201
2.775190443,4.35598936886
2.80828887776,4.40345924704
2.93403032872,4.58421861665
3.66876603265,5.65070865896
3.22018399149,4.99774199074
3.4575319177,5.34261589088
2.55651664952,4.04368124318
3.1537881045,4.90155205638
3.76027577506,5.7844727658
3.61943366133,5.57866775833
3.53457255181,5.4548662607
3.62089470305,5.58080060627
3.12422838206,4.8587720265
3.72632569497,5.73482702959
3.45889775309,5.34460472275
3.61341801873,5.56988652433
2.99953027881,4.67862353192
2.87400310506,4.49784615688
3.00683630168,4.68916347759
2.84201784049,4.45188230482
3.23896081393,5.02496865563
2.76959923134,4.34797523834
3.85694790247,5.92595687788
3.26548047623,5.06344004206
3.54967618899,5.47688882927
2.90527053086,4.54281870896
3.35656131681,5.19571868065
3.10888168451,4.83657274129
3.22062813038,4.99838587847
3.73909251762,5.75349353156
3.8293378987,5.88553086506
2.94595295295,4.60139068059
2.93538309028,4.58616671504
3.88083717862,5.96094603304
2.99477056112,4.67175802018
3.00242256649,4.68279582574
3.25534382326,5.04873266873
2.91305587888,4.55402257773
2.84662205191,4.45849608978
3.81571457429,5.86558895135
2.5396966139,4.01976260457
2.54176787918,4.02270714623
3.88780343101,5.97115096183
2.93423358156,4.58451131455
2.97996129107,4.65040211269
3.7038497656,5.70197253913
2.53219440324,4.0090994012
3.37236650789,5.21869567863
2.7054745659,4.25616521099
3.46657708372,5.3557876561
2.87063818607,4.49300867823
2.55556544761,4.04232817773
2.88411660868,4.51238831121
2.70619452714,4.25719493742
3.48721326834,5.38584587094
3.0084169322,4.69144400782
2.58003477713,4.07715129206
3.12346156466,4.85766262943
3.7303313812,5.74068344134
3.56736153877,5.50268231654
3.16366413108,4.91585120252
2.71330375144,4.26736425679
2.99620618123,4.67382870077
3.65905872632,5.63652890608
3.44425133916,5.32328003111
3.35410729449,5.19215170375
3.74159185933,5.75714821653
2.72763017801,4.2878646511
3.49580284506,5.39836024539
3.3556817652,5.19444021421
2.64379547918,4.16804289788
2.59747810037,4.10199548725
2.70804551782,4.25984243581
2.8281274546,4.43193466975
3.25281787913,5.04506820978
3.45847245146,5.34398542405
3.27278387162,5.07403843121
3.88520693159,5.96734722646
3.08371893625,4.80019108663
3.90224135673,5.99230389809
3.23910201119,5.02517343289
3.6608501794,5.63914558902
3.30939086272,5.12718359612
3.32972600643,5.15672165901
3.82566448055,5.88015335753
3.4239685465,5.29375766917
3.85416640888,5.92188365173
3.55279455019,5.48143634496
3.8841081127,5.96573754981
3.60854396521,5.56277227451
3.00082652565,4.68049340631
2.92443932869,4.57040873603
3.16594513577,4.91915422093
3.30115103863,5.11521796191
3.03252392581,4.72623655296
2.6141376694,4.12573864186
2.83895320222,4.44748055454
3.60945854627,5.56410717338
3.31247344604,5.13166051462
3.86970368336,5.94463823428
3.37496925649,5.22248008404
2.95240847687,4.61069078071
3.56126113577,5.49378429379
3.16395882041,4.91627791952
3.65129901334,5.62519546184
3.65922855949,5.63677696978
2.66679309328,4.20087800923
2.58048231375,4.07778850349
3.66954032436,5.65183977351
3.111080276,4.83975257441
2.59635605584,4.10039688599
2.80506572687,4.39883448089
3.29665410144,5.10868843132
2.57277791288,4.06682035728
3.8734285897,5.95009405237
3.70628540503,5.70553238322
2.80266219579,4.3953860475
3.27677051601,5.07982432531
3.70297383315,5.70069233633
2.84380107369,4.45444375015
2.89642364369,4.53009008977
2.99217534579,4.66801497619
2.95894134411,4.62010390775
2.64436607644,4.16885725015
3.83359250306,5.89175947591
2.61650389824,4.12911217509
3.48760010542,5.38640942628
3.76677474263,5.79397884075
3.63553295266,5.60217221758
3.36467146752,5.20750809724
2.89433571944,4.52708650469
3.16404002822,4.91639551079
2.95898448453,4.62016607358
3.33412615375,5.16311462333
3.36069346217,5.20172520642
3.17549504201,4.93298475644
3.05294815774,4.75572990342
3.11428473811,4.8443874856
2.73641953405,4.30044655732
3.25083586839,5.04219297929
2.56215998306,4.05170981136
3.09462797593,4.81596138786
3.56602714744,5.50073590802
2.74683309719,4.31535815856
3.82448394559,5.87842522754
3.21403426483,4.98882706335
3.79659035594,5.83760054624
3.28760854807,5.09555603591
3.12954344239,4.86646213878
2.57598775745,4.07138956351
3.76662601723,5.7937612903
3.80338001875,5.84753648291
3.35701943485,5.1963845832
2.74809528137,4.31716587161
3.65589914778,5.63191403479
2.82151317487,4.42243894634
2.65058,4.17772679218
3.45342480332,5.3366356776
3.44628043892,5.32623402005
3.01342873762,4.69867562146
3.50948596503,5.41829911553
3.4602993621,5.34664569264
3.48400633753,5.38117405898
3.67142984945,5.65460011468
2.56007533159,4.04874384542
2.67334176888,4.21023281695
3.86670760397,5.94025009625
2.71868365826,4.275061493
3.38330744523,5.23460502314
2.6084859842,4.11768222853
3.3091768911,5.12687284906
3.81627329664,5.86640674613
2.84820587523,4.46077140027
3.39081700305,5.24552654903
2.57173823157,4.0653404949
2.68548680095,4.22758766305
3.23211120778,5.01503542628
3.84123119916,5.90294311554
3.3231175815,5.14712127594
2.85860265057,4.47570993243
3.50766721613,5.4156486053
3.71474678758,5.7179001573
2.99286751349,4.66901325636
3.41294520898,5.2777170862
2.85369663973,4.46866020685
3.89064356453,5.97531174267
2.88830634266,4.5184139179
3.28550560219,5.09250329236
2.79484983947,4.38417911927
3.00428913026,4.68548861317
3.645222597,5.61632142971
3.51417010894,5.42512579495
3.85482389078,5.92284645743
3.45592950743,5.34028263332
3.13714869959,4.87746740744
3.01566154116,4.70189765813
3.00001053351,4.67931630645
3.61819846228,5.57686463402
2.78087973696,4.36414552277
3.04739946681,4.74771595521
3.02313684518,4.71268615108
3.063014831,4.77027185459
3.1595052453,4.9098293282
3.0744088219,4.78673537002
2.5983693958,4.10326538338
2.79060863368,4.37809617557
3.03063601979,4.72351108108
2.70671046678,4.25793287674
2.92296640992,4.5682882263
3.54398523791,5.46859026329
3.16278003623,4.91457102885
3.29721384758,5.10950114939
2.80297337995,4.39583250053
2.71227644014,4.26589460026
3.0566737599,4.76111136822
3.15842421871,4.90826414022
3.02380946255,4.7136569817
3.86982430329,5.94481490077
3.60091606182,5.55163948602
3.06911712242,4.77908868856
3.05989128872,4.76575932726
2.70562148152,4.25637533542
3.58275402463,5.52513740059
2.53000494662,4.00598804423
3.76342827077,5.78908383761
3.00497441879,4.68647727218
3.83903043999,5.89972092656
3.24705107529,5.03670283376
2.8491454253,4.46212120138
2.93168688218,4.58084400926
2.68514356627,4.22709709244
3.69160818658,5.68408248096
3.60360534198,5.55556429895
3.71731973502,5.72166124662
3.77125042341,5.80052591102
3.8002125121,5.84290107324
2.90940828861,4.54877304558
3.08691340559,4.80480865735
3.83970215945,5.90070439931
3.14284073685,4.88570533923
2.81173718369,4.40840757769
3.66794879512,5.64951482088
3.48179889224,5.37795842552
3.74357683099,5.76005084566
3.50914045938,5.41779559521
3.76801994886,5.79580030254
2.89745637525,4.5315757908
3.47971867765,5.37492823795
3.0433038563,4.74180136732
2.71329543393,4.26735235768
3.44504733084,5.32443883377
2.69932668697,4.24737320703
3.89067928065,5.97536406749
3.55391864679,5.48307567211
3.66343376832,5.64291942053
2.64515347003,4.1699810399
3.39669884471,5.25408181672
3.08151280935,4.79700235356
3.58644618604,5.53052442768
2.85127449744,4.46518006104
2.67176444256,4.20797940528
3.10190552444,4.82648413743
2.86961552581,4.49153857176
2.54105981706,4.02170052706
3.28955571795,5.09838275745
3.62362515967,5.58478668466
3.79505072018,5.83534757515
3.14336383624,4.88646245855
3.62680656868,5.58943128932
3.37125675131,5.21708214239
3.62669840503,5.58927337545
3.63709869857,5.60445844978
3.72687811303,5.73563465967
3.34597431362,5.18033137307
2.5820974384,4.08008824063
3.09508265501,4.81661876592
3.34082505513,5.17284844194
3.59142200444,5.53778483914
3.3933782047,5.24925176415
3.0663924216,4.77515177564
2.66405239651,4.19696354865
2.78076247519,4.36397740208
3.56112788208,5.49358993976
3.51592535381,5.42768402301
3.89060272138,5.97525190668
3.18662245328,4.94910344179
2.62347785519,4.1390566583
3.82111819562,5.87349840292
3.3349214778,5.16427020353
3.87777430236,5.95645946501
3.82079468716,5.87302485832
3.74714647031,5.76527093037
3.04927162748,4.75041978924
3.31276982978,5.13209097442
3.58252977673,5.52481022261
3.13721095849,4.87755750748
3.68422596201,5.67329542737
3.89709377978,5.9847617941
3.40874754286,5.27160966572
2.89346493452,4.52583388776
2.93052964023,4.57917763695
3.81358448271,5.862471216
3.23705962851,5.02221143819
3.88558751446,5.96790475304
3.22781928859,5.00881203009
3.58779676995,5.53249506404
3.73657704926,5.74981538786
3.72587683072,5.73417079864
3.05787316008,4.76284394928
3.38047668918,5.23048849028
3.61763872648,5.57604755114
2.87775143058,4.50323537133
3.48056145132,5.37615586922
3.49380507686,5.39544949028
2.58737072877,4.0875977409
3.01166048412,4.69612407782
3.87090839584,5.94640273303
3.05843999985,4.76366278894
2.54255311806,4.02382351737
3.81362003124,5.86252324637
3.15073589756,4.89713349416
3.24520926689,5.03403129325
3.23940795297,5.02561713982
3.63233597957,5.59750430077
3.17571645954,4.93330545514
3.18250828892,4.94314339904
3.28490990924,5.0916385766
3.55325230729,5.48210391195
3.57687767083,5.51656415764
2.84795423711,4.46040989155
3.85319841947,5.92046615797
3.36312403346,5.20525851789
2.9682435925,4.63351016488
2.79109757806,4.37879740297
3.5121862106,5.42223439585
3.66795444015,5.6495230672
3.31950401752,5.14187217543
3.03923411336,4.73592471263
3.00926964704,4.69267434013
3.62572038138,5.58784551791
3.85598677752,5.92454938852
2.93689858792,4.58834925148
2.93063556049,4.57933015484
3.0681085524,4.77763137905
2.52611629096,4.00046269859
2.95341755188,4.61214463927
3.29569216839,5.10729178214
3.45810290722,5.3434473195
3.75062802044,5.77036243449
3.54637538139,5.47207549025
3.54698950253,5.47297100194
3.65996131098,5.63784725656
3.54928700657,5.47632129873
3.46100372667,5.34767137959
3.42569726546,5.29627348622
2.87559749368,4.50013844464
3.38204621365,5.23277089346
2.69480386208,4.24090633792
2.60820608745,4.11728328282
3.42193934943,5.29080465934
3.17918482498,4.93832919454
3.06318250007,4.77051409261
3.17677933996,4.93484494046
2.66000284502,4.19118037646
2.63317911118,4.15289434179
3.10586541844,4.8322105591
3.62344060945,5.58451726258
3.2644070495,5.06188245705
2.59110785403,4.09292055791
3.17619748156,4.93400216734
2.86852231671,4.48996709636
3.13461354071,4.87379867298
3.02099928319,4.70960098082
3.40408322788,5.26482381408
3.47911908148,5.37405484296
3.59639907396,5.54504761623
3.65783580594,5.63474268759
3.83656745043,5.89611490279
3.6067469239,5.56014941188
3.31548553027,5.13603529694
3.53020162384,5.44849399185
2.8810864218,4.50803078687
3.15760185941,4.90707349383
2.9637044989,4.62696808892
2.6874066874,4.23033178084
3.02180385284,4.71076220738
2.86227938026,4.48099388609
3.81839198391,5.86950789371
2.93415093536,4.58439229821
2.73978223282,4.3052611919
2.87508182537,4.4993970456
2.76376408357,4.33961296544
3.05323587032,4.7561454743
3.83845454696,5.89887776094
3.04717436563,4.74739086509
3.16589377952,4.91907985251
2.59003568811,4.09139338624
2.65314550589,4.18138928023
2.99210679843,4.66791611459
3.20165910343,4.97089088353
3.33530983111,5.16483447456
3.52103393114,5.43513005986
3.31515589129,5.13555651377
2.60842757584,4.1175989769
3.57447768973,5.51306294998
3.35855220795,5.19861260275
2.73369499503,4.29654601119
3.6463703449,5.61799754811
3.73478635313,5.74719708867
2.63039695862,4.14892543352
2.7065765052,4.25774127265
3.12971249854,4.86670675314
3.14076022575,4.88269415214
2.53831361345,4.01779664662
2.56479896751,4.05546480894
3.08411736549,4.80076699313
2.73837301695,4.30324344513
2.83556376084,4.44261274895
2.88990495377,4.52071320007
2.71229816514,4.2659256792
2.97286893204,4.64017733379
3.02490704033,4.71524121854
3.07806349148,4.79201704115
3.34455250589,5.17826512344
2.6465386392,4.17195806821
3.39938811571,5.2579937149
2.54895316627,4.03292374609
2.72348420205,4.281930971
2.84129555474,4.45084484781
3.6108307531,5.56611004473
2.74998817677,4.31987703309
3.76790355135,5.79563003744
2.59919754485,4.10444534825
2.7697471124,4.34818718469
3.6619184208,5.64070594558
3.80926410902,5.85614790291
3.40170206487,5.2613598056
3.3875132357,5.24072153599
3.71258542956,5.71474082349
3.72664880833,5.7352994176
3.55364051702,5.48267005871
2.62918908244,4.14720245025
2.729995624,4.29125041613
2.56314096973,4.05310560709
3.47026043654,5.36115199956
3.36976159014,5.21490829599
3.00581088382,4.68768405495
3.37348903211,5.22032781108
2.99829638284,4.67684365697
3.33763313419,5.16821028061
3.25284933973,5.04511384944
3.00178452894,4.68187539338
3.89582879402,5.98290843786
2.81650057984,4.41524391225
3.43565279568,5.31076328706
2.99276838221,4.66887028302
2.9371178541,4.58866503388
3.04165784865,4.73942448476
3.30326835897,5.11829249445
3.12019192154,4.85293246959
3.41734504008,5.28411912429
3.00880218772,4.69199986723
3.81699539694,5.86746368363
2.90286368786,4.53935551277
2.80331703826,4.39632554883
3.48604700432,5.38414684559
3.59762090172,5.54683064787
2.53299366448,4.01023527088
3.10396748982,4.8294658911
3.0287555278,4.72079643697
2.56204653068,4.05154838922
3.47570713076,5.36908502684
2.7204928455,4.27765027422
2.64288140607,4.16673837406
3.76860864669,5.79666144775
3.89931912754,5.9880222632
3.37295235564,5.21954748789
2.59924615937,4.10451461641
2.85653958365,4.47274527302
2.59570783732,4.09947338579
3.09887681735,4.82210465809
2.96627726287,4.63067605146
2.60196423033,4.10838764833
3.30027912088,5.11395189785
3.1148329582,4.84518046077
3.41059814043,5.27430214939
3.40347422816,5.26393785508
2.94138675429,4.59481337807
3.17068909719,4.92602425217
2.87314398812,4.49661102835
3.81755764684,5.86828665488
3.56492898134,5.4991340989
3.68748164569,5.67805256136
3.40228280045,5.26220462022
3.71394402396,5.71672671838
3.40706648296,5.26916392196
2.75817893129,4.33161040277
3.78929269672,5.8269221688
2.65545574082,4.18468763157
3.36502309333,5.20801928136
2.70326194514,4.25300076031
3.88675518022,5.96961531531
3.08426279447,4.80097720367
2.92836272656,4.57605752525
3.03872255773,4.73518607392
2.99978989378,4.67899802933
3.30102613699,5.11503659777
3.74152190911,5.75704592954
3.04388904847,4.74264642439
3.29672942073,5.10879778994
3.32808619282,5.15433931106
3.80409995351,5.84859007965
3.37393497535,5.22097621459
2.74705482141,4.31567570894
2.80932543657,4.4049466583
2.70656695556,4.25772761391
3.27748161894,5.08085640997
3.54485112724,5.46985285912
2.67043410511,4.20607894481
3.660861112,5.63916155791
2.71491214499,4.26966530209
2.56519321124,4.05602580957
3.74319815072,5.75949709464
3.63921567751,5.60754964979
2.74724572498,4.31594912022
3.07609605434,4.78917367592
3.57807525199,5.51831129406
2.69175133448,4.23654230455
3.10487948921,4.83078475392
3.61074935519,5.56599123531
3.87418632874,5.95120393199
3.78857137434,5.8258667402
3.57637178164,5.51582613161
3.72398630273,5.73140692629
3.47971689144,5.37492563609
3.26622940772,5.064526791
2.81895146757,4.41876175984
3.09352280106,4.8143635472
2.87887161454,4.50484604425
2.69664663601,4.24354107109
2.91990193484,4.56387667872
2.9367515457,4.58813748549
3.01094054217,4.6950852524
3.56900684691,5.50508229803
3.80097003128,5.84400962912
3.34880261125,5.18444177165
2.97452278391,4.64256146164
2.67608902094,4.21415791127
3.23875227161,5.02466620941
3.26987573,5.06981807315
3.2783927969,5.08217890155
2.89663916453,4.53040013735
2.52848770797,4.00383211363
3.58735704465,5.53185345668
3.33844956501,5.16939660539
3.39554266285,5.25240005496
2.58243088959,4.08056305148
2.66232052156,4.194490154
3.52882868354,5.44649250602
3.34310112973,5.17615595893
2.79138045822,4.37920310489
3.27925201296,5.08342599664
3.19634377127,4.96318841849
3.4322621787,5.3058281291
3.11628621021,4.84728257037
2.74666304298,4.31511461081
3.73861474102,5.75279491223
3.33428851378,5.16335052584
3.34426823462,5.17785201117
3.79417894992,5.83407192081
3.58966131649,5.53521568859
3.01537311835,4.70148144095
2.59607064019,4.0999902589
3.54909204026,5.47603698774
3.58316114439,5.52573139169
3.82281746329,5.8759857852
2.8804175928,4.50706903521
3.02058433237,4.70900209581
2.87220127614,4.49525575214
3.12330000527,4.85742889496
3.21467386829,4.98975420958
3.49155491436,5.39217110848
2.64691037489,4.17248865687
3.18709311177,4.94978530091
2.63029772322,4.14878387565
3.23859894897,5.02444384839
3.6245480177,5.58613396201
3.05943639584,4.76510217924
3.09227702177,4.81256247198
3.8289074988,5.88490079105
3.30013714691,5.11374574721
3.52882408264,5.44648579886
3.03143424558,4.72466342293
2.93450885757,4.58490773323
3.29788103073,5.11046987097
3.24604820459,5.035248159
3.38594237036,5.23843696132
3.76961795693,5.79813787874
3.38831865376,5.24189291353
3.15184971445,4.8987458899
2.74686575462,4.31540492994
3.71745521145,5.7218592873
3.54423494274,5.46895436844
3.53849527201,5.46058546959
3.23158136757,5.01426711468
2.91982768775,4.56376979886
3.48362746296,5.38062213593
3.3926876683,5.2482473766
3.04479075809,4.74394857733
2.6786299244,4.21778852064
3.48166272436,5.37776007061
3.03852177353,4.73489616271
2.78475193844,4.36969752387
3.25583107984,5.04943956684
2.84917612475,4.46216530625
2.82148307798,4.42239574231
3.18199989364,4.94240694097
3.18875018669,4.95218601606
3.35385518085,5.1917852599
3.4896676434,5.38942153494
2.91186447126,4.55230787248
3.19134765896,4.95594931612
3.34155811767,5.17391368927
2.60891622105,4.11829546683
3.86505826329,5.93783449542
3.13585901023,4.87560101836
2.88327702799,4.51118092504
3.57779452692,5.51790174487
2.59864427712,4.10365703622
2.95343701517,4.61217268203
2.92290350211,4.568197662
2.97533726811,4.64373562726
2.66199509469,4.19402540914
3.37314684952,5.21983027953
3.1046097452,4.8303946682
3.88527224849,5.96744291084
2.71770023036,4.27365436282
3.76096833246,5.78548573485
2.52938062395,4.00510089261
3.70364337294,5.70167088838
3.47340722181,5.36573515767
3.62695999055,5.5896552785
3.61869284877,5.5775863278
2.73252462693,4.29487057732
3.4659518773,5.35487715345
2.94632613117,4.60192825382
2.71570611567,4.27080124019
3.67420219539,5.6586502703
3.68268518792,5.67104415678
3.86319415483,5.93510440671
3.33359081862,5.16233680823
3.85799272488,5.92748695401
3.44619772075,5.32611359593
2.86646011438,4.4870028376
3.89108542466,5.97595907805
3.21704160437,4.9931865009
3.88435831865,5.96610407849
3.38028712953,5.23021283686
3.6067496534,5.56015339566
2.56836949205,4.06054590547
2.54298826454,4.02444217857
3.2401531042,5.02669784302
2.95894360728,4.62010716899
2.76186461197,4.3368911903
3.28175936936,5.08706537696
3.78124812649,5.81515202121
2.95569702687,4.61542901051
3.33876849509,5.1698600355
2.62017613676,4.13434826973
3.06614987997,4.77480134012
3.86007216354,5.93053221774
3.20086282086,4.96973693354
2.76149180837,4.33635701487
3.06015178783,4.76613565306
2.91445200655,4.55603199228
3.40126509527,5.26072413759
3.53988944563,5.46261821743
2.99049827436,4.66559628915
3.01656606155,4.7032029726
3.77644920172,5.8081312126
3.43922454408,5.31596239533
2.80000543209,4.39157458521
2.61580557166,4.12811653999
3.70148450958,5.69851567832
3.49890627404,5.40288213834
2.87721192594,4.50245965483
2.54692523136,4.03003997436
3.2600524823,5.05556414405
3.59885248506,5.54862794877
3.53819679816,5.46015029133
3.21241905456,4.98648576684
3.45209558701,5.33470034419
3.67634280788,5.66177762594
3.46419520044,5.35231891458
3.19517188339,4.96149034697
2.89297481179,4.52512886356
3.90297990582,5.99338603962
2.56683791873,4.05836628712
3.87955752321,5.95907154588
2.61024308441,4.12018677398
2.5530686116,4.03877672051
2.88035998847,4.50698620314
3.11305565091,4.84260970303
3.76483073815,5.79113525043
2.88351754152,4.5115268004
3.39707023751,5.25462204539
3.83533318488,5.89430787548
3.71217494834,5.71414081897
2.55530055635,4.0419513843
2.88333302788,4.51126145661
3.15773955374,4.907272852
3.24678354277,5.03631477211
2.9758800228,4.6445180795
3.88140108376,5.96177207149
3.14907509552,4.89472933847
2.6860613599,4.22840886844
2.79736482542,4.38778660804
3.33036495494,5.15764995347
3.43343580559,5.30753635062
2.73499723239,4.29841029693
2.65279346393,4.18088668923
3.54540725392,5.47066378371
2.82675493778,4.42996407652
3.70414970075,5.70241090729
3.20760874149,4.97951353345
3.73083774006,5.74142377282
3.34642149336,5.18098125053
3.37474699237,5.22215690436
3.77783486695,5.81015839092
3.7302111218,5.74050761456
3.10278107025,4.827750224
2.77146799513,4.35065366367
2.70447796603,4.25473986253
3.28815856295,5.09635448601
2.82811678054,4.43191934414
3.80254463114,5.8463139374
3.10244686298,4.82726693925
2.53489831346,4.01294220956
2.93654767923,4.58784388423
2.70259018879,4.25204007299
2.7545608083,4.32642701291
3.61232628765,5.56829297112
3.16535526629,4.91830004241
3.77361016282,5.80397791435
3.70413692556,5.70239223576
3.1258224217,4.86107827237
2.68269405004,4.22359627177
3.30584782844,5.12203827484
3.63369179243,5.59948390377
3.47341923863,5.36575266011
3.77669311057,5.80848803983
2.59200650007,4.09420061918
3.29157889986,5.10131993847
3.78510172449,5.82079013441
3.32743647437,5.15339540961
3.16399066621,4.91632403314
3.19315479129,4.95856766776
2.78438004256,4.36916426691
3.06715283063,4.77625046324
2.68423781855,4.22580257381
2.88629816469,4.51552570117
3.21691771909,4.99300691155
2.72598743207,4.28551347247
3.61370555133,5.57030622762
3.41901972411,5.28655602537
3.79855586595,5.84047676934
3.73918688132,5.75363151351
3.72855481408,5.73808601771
2.55531723633,4.04197511055
3.76268317919,5.7879939948
3.34675231012,5.18146202341
3.1785782921,4.93745063783
3.63292349103,5.59836211309
2.60216208465,4.1086695902
2.80124577826,4.39335397971
3.8568546121,5.925820261
3.28116252568,5.08619905361
3.08998079402,4.80924285462
3.82849048023,5.88429030954
3.78532266925,5.82111340221
3.66801762148,5.64961536336
2.5670814059,4.05871279082
3.10480716784,4.83068016738
3.35087655274,5.1874559906
3.28439885582,5.09089673264
2.6390608478,4.16128630949
3.80707429075,5.85294300907
2.95636461902,4.61639094472
2.76563876976,4.34229938558
3.45535887351,5.33945175265
2.78552622823,4.37080778822
2.60409843353,4.11142899233
2.55524022566,4.04186556772
2.86469581428,4.48446692895
3.59410247474,5.54169624219
2.97964382185,4.64994438994
3.39802175235,5.25600613673
2.8990875157,4.53392245704
3.43523168028,5.31015032385
3.75814338889,5.78135388892
3.90114480439,5.9906972181
3.04473767074,4.74387191346
3.50560118082,5.41263781172
3.43712692356,5.31290901886
3.26477398827,5.06241489615
3.80419154048,5.84872411434
3.74055157708,5.75562703969
3.75928393666,5.7830220694
2.53718057892,4.01618610073
2.79321154573,4.38182930479
3.49320669154,5.39457765912
3.85715535197,5.92626067297
2.85254465063,4.46700499293
3.54754431148,5.47378003189
3.03901234408,4.73560449731
2.78521553235,4.37036227409
3.13265913594,4.87097051239
3.89895146207,5.9874835721
3.31180196062,5.13068527611
3.82262711592,5.87570715274
3.47066695965,5.3617440697
2.65027160913,4.17728655923
2.61175585399,4.12234318501
3.35891848508,5.19914502773
3.32823679151,5.15455810026
3.4825168268,5.37900424365
2.72519684186,4.28438198619
3.55994174033,5.4918599382
3.88007806406,5.95983405016
2.82283983383,4.42434340099
3.30606126581,5.12234822646
2.5711726485,4.06453547985
3.33935067746,5.1707059986
3.29874600759,5.11172579898
2.67187665265,4.20813970762
3.15078697981,4.89720744154
3.83227041097,5.88982393833
2.72190603921,4.27967253272
2.74547026223,4.31340637489
3.2681521494,5.06731688908
2.94142753364,4.59487211447
2.90124723254,4.53702973076
3.90146358962,5.99116430343
2.95089187125,4.60850575282
3.38738556252,5.24053585321
2.97078996907,4.63718052634
3.24299883509,5.03082519503
3.38427837285,5.23601701002
3.28107117109,5.08606645258
2.69939018053,4.24746399905
3.60907871978,5.56355278627
3.79981787951,5.84232357093
3.47021273306,5.3610825233
2.71134305091,4.26455935092
3.56031378996,5.49240257354
2.9898254251,4.66462592888
2.8315908893,4.4369076577
2.61025582547,4.1202049355
3.39977207294,5.2585522462
3.8479560832,5.91278973363
3.74078486086,5.75596816248
2.76813790972,4.34588089338
3.82081446826,5.8730538134
3.370517345,5.21600709665
2.59508799531,4.09859033397
2.59671563957,4.1009091854
3.73752069537,5.75119518247
3.46763610651,5.3573299571
2.88085243624,4.50769432212
3.79631161611,5.83719265897
2.79096813674,4.3786117616
2.63852406774,4.1605203664
3.64710709845,5.61907348369
3.25275732094,5.04498035856
3.10174926184,4.82625817592
2.93684827261,4.58827678872
3.62706930578,5.58981487423
3.18051932999,4.94026225135
3.32858931296,5.15507024447
3.29033907012,5.09951998574
3.19990697106,4.96835176854
3.50849776289,5.4168589732
3.65184506051,5.62599294984
3.86811807757,5.94231589388
3.26221114037,5.05869620781
3.4016207833,5.26124156338
3.57189470575,5.50929491117
3.78025337332,5.81369666543
3.51511069192,5.42649666361
3.49221214863,5.39312865579
3.3784104669,5.22748388611
2.64482669284,4.16951465068
3.86490383285,5.93760832127
2.86531623246,4.48535866961
3.69837934996,5.69397760617
3.20484632779,4.97550990943
2.60328476011,4.11026943923
3.83161159771,5.88885945014
3.5659622756,5.50064128379
2.89200020313,4.52372695204
3.603484537,5.55538798934
2.81100813324,4.40736134493
3.8745834384,5.95178559263
2.97731126323,4.64658145297
3.5681731772,5.50386623146
3.89087997292,5.97565808606
3.2656034116,5.06361842828
2.58119011455,4.0787963065
3.55119307384,5.47910087974
3.61875749574,5.57768069831
2.86211452808,4.48075695946
3.52707873829,5.4439414813
3.77517300402,5.80626421343
3.23617749332,5.0209321467
2.6109359019,4.12117435105
3.61460286668,5.57161602515
3.11265457745,4.84202959097
2.58407419036,4.08290308372
2.95711048276,4.61746568037
3.68725243999,5.67771764397
3.15641395153,4.90535362826
2.90484263747,4.54220299823
3.6196659973,5.5790069224
3.60977105746,5.56456331076
2.73182728467,4.29387233135
3.72839058461,5.73784590974
3.26219674885,5.05867532627
3.83980794679,5.90085928461
3.33916515819,5.1704364215
2.59782638059,4.1024917034
2.78099259593,4.36430733164
3.84964397288,5.91526127981
2.54932502931,4.0334525694
3.7776734228,5.80992220207
3.2374519766,5.02278043716
3.44524392342,5.32472503514
3.74762104237,5.76596494239
3.44781516605,5.32846836215
3.54435049312,5.46912285781
2.53172210538,4.0084282126
3.05576708799,4.75980167752
2.92848202731,4.57622930018
2.9086673279,4.54770673505
2.88513652122,4.51385506766
3.12096406211,4.85404948639
3.78877079337,5.82615852631
2.8560496923,4.47204131735
3.26926384083,5.06893011693
3.03485131768,4.72959665977
3.11639104283,4.847434212
3.03530941582,4.73025804847
2.915497814,4.55753724899
2.90057219688,4.53605850922
3.5649868777,5.49921854713
2.87156891974,4.49434667444
3.15219997419,4.89925294479
3.76955737371,5.79804925634
3.81834562082,5.86944003064
3.41452740898,5.28001923321
3.45394356664,5.33739100653
3.86796887781,5.94209737235
2.92876949363,4.5766432102
2.81074589696,4.40698502516
2.81117823365,4.40760544754
3.39981281426,5.25861151162
3.26825773103,5.06747010204
2.77144018034,4.35061379668
2.56017274773,4.04888244015
3.46091677164,5.34754475611
2.62812957372,4.14569116913
2.89239073358,4.52428870027
3.57075600984,5.50763383652
2.79974122223,4.39119555974
3.51340659164,5.42401300874
3.77004245304,5.79875884246
3.38069081238,5.23079986457
3.56086956421,5.49321317746
3.02559840044,4.71623914521
2.53169856066,4.00839475323
3.63444462214,5.60058311641
3.42657765687,5.29755475478
3.75064926514,5.77039350398
3.03607367915,4.73136148586
2.79010989776,4.37738091633
3.41030828481,5.27388042502
3.16119655935,4.91227820756
3.40022030359,5.2592042789
3.85135101722,5.91776092566
3.38477488658,5.23673908238
3.36083535265,5.20193146776
2.86385788953,4.48326258642
3.3924153481,5.24785128931
3.85377832903,5.9213153576
2.68987521939,4.23386034948
2.65129290974,4.1787445008
2.56739156368,4.0591541774
3.01008437348,4.69384988554
3.00917659666,4.69254008191
2.55837781325,4.04632885745
3.49381033975,5.39545715819
3.15509846031,4.90344909784
3.52165665972,5.43603776278
3.37785634943,5.22667813312
3.10858386336,4.83614201333
3.23943721827,5.02565958339
2.8395003785,4.44826643671
2.66486740974,4.19812757
2.92822936208,4.57586550133
3.1910221848,4.95547774759
2.65956350899,4.19055300938
3.57438496415,5.51292768001
2.73439518997,4.29754840191
3.77310296675,5.80323594109
2.91510789475,4.5569760235
3.54788907633,5.47428277618
3.75631799832,5.77868410006
3.18706111865,4.94973895116
3.05466521212,4.758210052
3.86819107146,5.94242280262
3.22394459057,5.00319408178
2.68421828964,4.22577466303
3.21401105204,4.98879341515
3.72953121104,5.73951354776
3.82099619073,5.87331981461
3.79332760527,5.83282616878
2.59704889872,4.10138398634
3.29150155114,5.10120764435
2.53551671775,4.01382114718
2.89276164581,4.52482223485
2.70123110991,4.25009650345
3.65469124514,5.63014983034
2.96176550516,4.62417370296
3.87648914689,5.95457699014
3.33981409683,5.17137939493
2.67646319041,4.2146925291
3.55828600859,5.48944508677
2.95920502194,4.62048387156
2.70180747107,4.25092072582
3.89811056472,5.98625152632
3.81810557726,5.86908867212
3.28260368598,5.08829092637
3.1359792494,4.87577502164
3.01463478424,4.7004159793
3.38396412641,5.23556000949
2.92935329976,4.57748381663
3.14730745118,4.89217061494
3.66535203655,5.64572151145
2.7960124534,4.38584673492
2.9440505244,4.59865026352
3.42062175851,5.28888727677
3.38593441341,5.23842538937
2.64179017485,4.16518107422
3.31295375969,5.13235811049
3.3448379013,5.17867987152
2.79698693209,4.3872445412
3.41558318756,5.2815554568
2.92738598914,4.57465119263
2.92845014919,4.57618340047
3.58066190967,5.52208504496
3.85496945888,5.92305962601
2.79833425255,4.38917722568
2.9689685944,4.63455516212
2.6200427937,4.13415812893
3.71090738671,5.71228803255
3.12214208947,4.85575371632
3.67486915548,5.65962466427
2.69742610029,4.24465557117
3.74114421669,5.75649363812
2.65210757123,4.17990749589
3.17658188855,4.93455894747
2.67138163332,4.20743253215
3.40108105933,5.26045641846
2.55296235891,4.03862559625
2.98930621251,4.66387714948
2.73371566787,4.29657560585
3.53183212856,5.45087101369
3.21850100954,4.99530215073
3.72216789063,5.72874855066
3.41882783708,5.28627679915
3.10353069387,4.82883424034
2.98023539647,4.65079731708
2.8448174751,4.45590377399
3.6772987487,5.66317425031
3.17766399591,4.93612631045
3.82129780248,5.87376130834
3.65346721251,5.62836209809
3.45588267887,5.34021444756
3.66554099915,5.64599754075
3.61260661578,5.56870215166
2.9071897104,4.54558037227
3.74530949545,5.76258458773
3.67009222827,5.65264602307
3.10963466441,4.83766176183
3.4048323068,5.26591357007
3.59090551644,5.53703118613
3.1557436447,4.9043831705
3.19468687857,4.96078758468
3.17377873795,4.93049893189
3.21115802352,4.98465791806
3.15781472836,4.90738169242
2.80012801405,4.39175043769
2.91012931748,4.54981069312
3.33122607301,5.15890104378
3.26992032522,5.06988278889
2.63289240646,4.15248532172
3.26257762733,5.05922796831
2.82316813941,4.42481470412
3.69548126211,5.68974233599
3.59449377647,5.54226725164
3.43153455778,5.30476908932
3.89394665129,5.98015092369
3.47015434142,5.36099748069
2.66987040024,4.20527368786
2.8122881962,4.40919833016
3.00727782436,4.68980049652
3.59866337155,5.5483519654
3.28776351509,5.09578099886
3.56512129453,5.49941460918
3.85823215677,5.92783758955
3.34094649177,5.1730249062
3.10206987293,4.82672179231
2.675646853,4.21352614536
3.13600005406,4.87580512901
2.70512471595,4.25566484618
3.11245807016,4.84174536503
3.42675126137,5.29780741058
2.71007960715,4.26275201209
2.91030651954,4.55006571138
3.0492206272,4.75034613141
3.85234439191,5.91921556031
3.45954266074,5.3455438069
3.63522165402,5.60171767937
3.75455222464,5.77610156682
2.71489390662,4.26963920871
3.40262925341,5.26270862052
2.53888482413,4.01860861879
2.5514122845,4.0364209822
2.60300958706,4.10987730247
2.68282184948,4.22377891399
3.81207533848,5.8602623885
2.57443410616,4.06917787382
3.74205475716,5.75782510639
2.96382043234,4.62713517117
2.78855752096,4.37515465446
3.08561018945,4.80292483138
3.18352452509,4.94461553584
3.50620932194,5.41352403375
3.87783211299,5.95654414576
3.70903219847,5.70954714088
3.83798542787,5.89819092759
3.81664157313,5.86694579087
3.03379548425,4.72807230631
2.61293486373,4.12402391455
3.07085926735,4.78160604115
3.41588998244,5.28200186771
2.65069260312,4.17788753615
3.88742348863,5.97059435886
3.71363684954,5.71627770986
3.78552499345,5.82140942677
2.75328762737,4.32460317265
2.90258841817,4.53895944298
2.70245441341,4.25184590153
2.87124497808,4.49388098112
3.29739075146,5.1097580051
2.76377582016,4.33962978344
3.08890535213,4.80768816694
3.65028332935,5.62371209774
3.33436149989,5.16345657192
3.20598160274,4.97715525945
2.93803496137,4.58998585185
2.8351417593,4.44200671798
2.87105770431,4.49361176132
2.68682186029,4.22949586101
3.77524225524,5.80636552294
2.93371499768,4.58376452168
3.74720207125,5.76535224071
3.00225144489,4.68254896444
2.57961390941,4.07655206231
3.09633565955,4.81843040371
3.61593108794,5.5735548411
3.44211965652,5.32017680958
3.63188587894,5.59684712386
2.73661793002,4.3007306015
2.53853971448,4.01811804551
2.96650135347,4.63099903082
3.88868228359,5.97243846131
3.17255556514,4.928727394
2.89808786861,4.53248428625
3.83526477178,5.89420771604
3.759254749,5.78297937882
3.34017014797,5.171896778
3.14503253762,4.88887774793
3.58331862379,5.52596115642
3.57929598673,5.52009224149
2.59573440859,4.09951124074
2.55607717115,4.0430560878
2.5347553115,4.01273896407
2.95014293621,4.60742676743
3.59134478672,5.53767216361
2.72376002711,4.28232570398
3.65070610102,5.62432953552
2.55328691656,4.03908721981
3.52095608776,5.43501659427
3.24358793626,5.03167963693
3.15848207427,4.90834790672
2.73107179882,4.29279087848
3.28159685507,5.08682948519
2.61997178481,4.13405687404
3.41012905729,5.27361965966
3.8849294502,5.96694073771
3.83833294777,5.89869972821
3.20719593597,4.9789152312
3.11838113654,4.8503129741
2.55191100185,4.03713027486
3.3168404379,5.13800325971
3.19358577815,4.9591921387
3.81843445713,5.86957006311
3.44118047071,5.31880961448
2.74639119505,4.31472527916
3.37864043935,5.22781829586
3.65154945105,5.62556121898
3.20656953431,4.97800736183
3.90580049474,5.99751892692
3.7470605904,5.76514534044
2.70052276407,4.24908355902
3.18099574802,4.94095236551
2.84373646665,4.45435094594
3.51685723719,5.4290422501
3.73705660747,5.7505165933
2.78614590457,4.37169636945
3.86243742426,5.93399615097
2.6314377555,4.15041014606
3.56169707567,5.49442012641
2.54416564643,4.02611615272
3.67369991214,5.65791646662
3.15133065599,4.89799447997
2.73280895398,4.29527759822
