V,t
1.63310615793,0.43101854445
5.20246195628,1.75983207252
1.93936500959,0.520902711623
1.34502029943,0.349340551102
0.0815972600274,0.0198479302441
7.8092517253,3.56743374909
6.67365527994,2.61657930063
6.79381576068,2.70159608497
1.10350168724,0.282878348026
1.90065741492,0.509360983837
5.16986518047,1.74383180033
6.52507000087,2.51532648495
1.66599207657,0.440515673262
3.02899660436,0.870012182559
9.15299996987,5.56321545404
1.4070174104,0.366692301708
7.26857761609,3.06927055307
2.32890610315,0.640145779618
1.13579876441,0.291663556402
5.32137227081,1.81909041689
7.57639852683,3.34053205253
9.76074771162,7.59298964185
5.37975857279,1.84871333364
4.05620521562,1.25124769196
6.18201852049,2.2962268922
0.254186431873,0.0623594766923
8.70325470837,4.7046459097
7.88702402291,3.64808866416
9.30933703378,5.94819602009
4.0193751722,1.23651639893
6.99402844738,2.85006176008
0.918596243272,0.233171964053
9.72729417086,7.42582311159
4.33443259934,1.36545283433
9.71338073732,7.35948338355
3.25166256689,0.947823255872
2.02177269317,0.545655122039
8.89894231397,5.04241497861
2.85455250957,0.810712682788
2.51814160691,0.700208778436
5.08031848118,1.70040118638
5.26846017298,1.79254701911
5.13111846732,1.7249460614
0.140179534044,0.0341961945537
9.07127038865,5.38346498884
0.215009091364,0.0526453478127
0.79992966349,0.201788701653
0.167501921302,0.0409166118887
5.13525458368,1.72695522738
4.84540040077,1.58995149486
5.77251199237,2.05773824713
7.49099543579,3.26225181585
8.5243871679,4.4315949491
5.06274510883,1.69196652894
7.83879029602,3.59775916998
4.50159055988,1.43668335037
2.65827379217,0.745642696272
8.77714207613,4.82684008814
5.79359393198,2.06947203001
0.186487283026,0.0455971349064
6.05966741512,2.22254006008
3.47334535689,1.02779341764
2.617045167,0.732188874681
3.85945717465,1.17354773775
8.53046473363,4.44039596728
9.66803880533,7.15483350274
4.70145568644,1.52462598655
0.826626978293,0.208814702282
0.244018808644,0.0598347297985
4.75494754403,1.54870148501
4.44530343055,1.41246880724
5.55464676956,1.93962191175
7.68010744656,3.43903672183
8.29724874276,4.12323641447
7.93386154001,3.69795821166
8.43011761527,4.29893430561
6.58510000672,2.55573752394
9.95308515414,8.86338271026
8.42750007181,4.29535010964
6.41577462206,2.44339965515
0.583345882848,0.145513497292
3.15342637477,0.91319324057
0.993415131897,0.253165022039
5.96173095527,2.16509461331
0.621233585647,0.155266238203
8.93836716738,5.11640689596
6.72651843281,2.6536230182
2.04935981935,0.553996817513
6.75423923582,2.67327163894
1.48812783421,0.389578284788
7.74593877651,3.50365668081
7.74592407953,3.5036420648
8.97437003022,5.18596000354
1.46642652756,0.38343436519
6.46774131426,2.47733882665
9.07462885528,5.39060039822
7.21337110858,3.023608806
6.49192023883,2.49328961973
3.39399798435,0.998872448233
3.66846683936,1.10038003564
4.86168296445,1.59745036825
8.16515055408,3.96008324063
8.52733152737,4.43585482362
0.45657944817,0.113158267286
8.56678426548,4.49365174848
3.20355248422,0.93080319106
8.70416363657,4.70611310337
0.0292823078205,0.00710445255252
6.54272838612,2.52714558932
2.65038809848,0.743063769406
4.94983548016,1.63844694736
9.20375595068,5.68177611165
8.1105660898,3.89567857712
6.02933351723,2.20460486
0.0587622162207,0.0142774560661
5.82921412065,2.08942447834
1.05516681453,0.26978850055
1.76719413446,0.469972008757
2.00842563714,0.541629332418
5.52522615217,1.9240938506
8.36251497434,4.20798676442
9.64320899839,7.04952891132
0.266342622743,0.0653813855537
2.03693448491,0.550236218139
4.73481843724,1.53961438314
8.10922479398,3.89411682729
6.67214321991,2.61552782219
0.458325817178,0.113601147477
1.66924086254,0.441455866699
5.91824279219,2.14000658223
9.14016854896,5.53411876301
5.62128020973,1.97515423646
7.42609518831,3.20437347078
9.82369358538,7.94177353495
1.46305209344,0.382480384739
3.68893600688,1.10811925747
9.8666475022,8.21146438718
7.92333175847,3.68665911701
9.0169016465,5.27071989031
1.37392333145,0.357414833861
0.30592904543,0.0752477662011
9.52007049319,6.58462899095
7.9795225845,3.74755955463
8.56597784781,4.49245679393
7.78007971489,3.53784409247
5.20733932498,1.76223505026
0.398264057538,0.0984146642138
6.13265245386,2.26623196168
8.46683720997,4.34976791586
4.86185329668,1.59752893403
3.49521558823,1.03582442595
2.98582407355,0.855203857405
9.57258703655,6.77235943733
8.55120146871,4.4706623451
8.17024494668,3.96618033977
0.416141609466,0.102925255209
9.84595151102,8.07785972488
7.71221898956,3.47034716982
9.49852157161,6.51152798386
2.75883447556,0.778767170085
5.68299506277,2.00852391375
7.2147710695,3.02475640007
8.84290505407,4.94090322103
0.959813305683,0.244166026838
8.01268113981,3.78421137756
8.47681327159,4.36376034007
4.37472370325,1.38243583304
6.84808754294,2.74097111401
9.65648654879,7.10528324309
3.26763277511,0.953499000386
9.47150829231,6.42283142622
7.93371391625,3.69779944623
9.31295973271,5.9578651011
0.544051017329,0.135438873022
6.52300368418,2.51394713106
3.52846708665,1.04808479722
2.30248756056,0.631875067473
2.92079544091,0.833064322844
4.60709094166,1.48271588758
9.97649363258,9.07398938026
1.81399000441,0.483711780919
7.28434207507,3.08246521312
7.27948358784,3.07839123278
6.77694286972,2.68948079363
9.919630604,8.5903968315
8.94599235913,5.13097595563
4.81309524908,1.57514023848
7.20209305547,3.01438312627
1.65881134893,0.4384388454
2.00382802983,0.540244095933
5.35374920727,1.83547349899
9.91887928687,8.58459817642
4.04872338111,1.24824801747
2.42779676207,0.671352044279
3.37536237695,0.992128647961
5.67759438819,2.00558574314
7.16588096626,2.98499069086
0.0510295913589,0.0123939590023
7.3887523787,3.17167286934
4.78160123264,1.56078549225
4.89721365936,1.61389301519
1.16106759615,0.298558750347
8.90340299095,5.05067684175
2.56404294537,0.714999559243
1.81642942823,0.484430112945
9.60956100798,6.91360421675
4.8643013951,1.59865839492
1.53385572558,0.402574461885
7.95585111346,3.72172161103
2.59451235841,0.724866631674
6.28426299059,2.3595286247
6.29460592468,2.36602303797
2.21185174434,0.603707935152
4.43265998324,1.40706198887
4.16167288513,1.29392309737
1.38016244185,0.359161230692
7.69998356369,3.45837034254
6.31529857443,2.37906737399
2.95930706352,0.846152054487
7.77710879378,3.53485034305
4.86500578101,1.59898346746
7.98959913519,3.75864051579
9.9940034179,9.24410609017
7.43371030169,3.21109516074
6.56381986897,2.54133671991
6.99740242507,2.85264141329
1.89775301872,0.508497120344
9.72599713294,7.41956327186
6.68800769827,2.62658214794
0.144432868363,0.035241180674
6.63457164063,2.58954283488
0.86668949159,0.219395529057
5.83779356707,2.09425428064
6.1939716145,2.30354447839
0.184446021637,0.0450934722362
8.77590671384,4.82474679485
7.72866272759,3.48653497389
8.74253908818,4.76886405794
5.29410670016,1.80537716124
5.55880023843,1.94182194232
3.95277475806,1.21009762902
3.94450538407,1.20683691515
7.61060440705,3.37259116473
2.57069191759,0.717149386603
1.2393827203,0.320051418092
8.56736582532,4.49451386466
5.57300688522,1.94936177386
9.15656052183,5.57135025761
4.03633426741,1.24328884007
0.101123638888,0.0246212152345
5.9616293473,2.16503569968
4.0906765789,1.26511525715
0.177938711878,0.0434885349529
6.25741357829,2.34274857653
9.58914219155,6.83460996333
4.33031388866,1.3637232985
7.40184961465,3.18309293586
1.59531472837,0.420149456964
7.47254911721,3.24566349959
5.60109584508,1.96433708342
8.16202816644,3.95635367994
8.86032010951,4.9720081761
4.9065517263,1.61823256488
0.0784857741331,0.0190881652353
4.28384008338,1.34429104012
3.95360211547,1.21042410197
5.62201596001,1.97554943015
6.31418792812,2.37836549476
8.38216097321,4.23407514287
4.72661143901,1.53591893874
2.20958660732,0.603008072081
7.41218965998,3.19214616356
1.80832386137,0.482044085765
6.70426092209,2.63795866079
8.37083830715,4.21900603857
8.37053028095,4.21859736889
4.95858709307,1.64255421976
2.56775835757,0.716200642306
6.41121715664,2.44044522395
5.81020192251,2.07875494042
4.17787089294,1.30054281665
0.237544861596,0.0582285061984
9.05914444589,5.35787164156
7.6985864955,3.45700647214
7.44926084342,3.22487809926
6.38646378476,2.42445971505
0.828967808461,0.209431694358
5.70633321674,2.02126090883
7.20356124378,3.01558219406
8.97155282239,5.18044662964
7.99679883934,3.76658829529
1.58360914417,0.416792482256
5.1794010116,1.74850183724
7.70395404025,3.46225056902
3.99023608604,1.22492299941
8.43285684463,4.30269067857
7.11289487033,2.94260115861
4.06614659424,1.25523908505
6.57279988164,2.54740352921
2.4981564815,0.693796425796
3.7657864893,1.13739317578
0.46962361702,0.116468187699
1.42717640669,0.372360647284
5.19667301475,1.75698299908
1.98252707788,0.533836296968
8.34701350148,4.18759388493
8.36877444476,4.21626912115
4.36385305304,1.37784231023
0.311237431872,0.0765737982191
5.08588145929,1.70307722461
1.15894868285,0.297979818467
4.49006108299,1.43170412299
5.02730079478,1.6750411382
3.42302605419,1.00941369416
4.32581231905,1.36183436986
2.88481106817,0.820897526824
8.55461855875,4.4756853978
6.34432804967,2.39748349076
7.42435800926,3.20284264936
6.86525762067,2.75355953136
2.37580182738,0.654895427794
8.77209049744,4.81829143543
8.86443735203,4.97941931372
0.159656442034,0.0389850157354
9.6262452833,6.98007163716
4.21109335675,1.31417551839
1.0207563554,0.260511509857
5.2598829028,1.78827084644
1.09427742837,0.280374934887
2.43582854176,0.673903897828
2.20894785595,0.60281075171
3.63319410002,1.08710008964
5.26307695219,1.78986236918
0.583072165785,0.145443178594
9.02787751276,5.29307164533
6.78063482095,2.69212668458
5.20232260245,1.75976344999
2.34157349191,0.64412129214
7.28288276204,3.0812408344
7.50070331978,3.27102662358
5.57691121213,1.9514379204
0.967589977225,0.246245817068
7.59379800036,3.3567877616
8.68079540661,4.66866494881
6.32120044713,2.38280043054
8.75684289725,4.79266552607
1.45960322847,0.381505740965
1.99575518802,0.537813658081
9.14802530031,5.55189429316
1.70310585539,0.451277613526
4.12354205302,1.27840935786
9.04611182797,5.33065584857
3.45839976689,1.02232013427
0.109551386024,0.0266842452023
0.206352301276,0.0505039939673
0.492465761779,0.122274974354
2.27959858655,0.624731562768
5.55808089898,1.94144077923
7.19845849812,3.01141727783
6.7772784802,2.68972119724
2.96285478661,0.847361187495
2.75803379227,0.778501672443
5.89031816648,2.12402977945
7.01898796163,2.86920891376
2.67462807604,0.750999739701
3.21722650581,0.935628830425
5.56091873388,1.94294482952
5.77928653819,2.06150277521
6.96650409926,2.82911697189
5.82841731585,2.08897639359
1.61454305238,0.425673711226
0.876740687596,0.222057225254
7.40162205162,3.18289406407
9.7640118488,7.6099201345
5.90482362302,2.13231609318
6.61419344485,2.57556202634
9.40761855445,6.22487049857
1.5899510652,0.418610680155
3.88416554486,1.18317302832
0.305525959665,0.0751471045434
3.11420045774,0.899499319949
7.23515019703,3.04152222685
8.79989235955,4.86570907792
0.919225916875,0.233339554577
4.30482221933,1.35304553469
2.82455234202,0.800655919309
7.85098619891,3.61038887177
0.398900107982,0.0985750021447
8.61160343072,4.56098656706
8.2766492952,4.09707744891
3.76225830834,1.13604162781
6.79255378353,2.70068789404
3.49068713618,1.03415938922
5.94555073188,2.15573069025
6.8128792988,2.71535589381
1.4093882573,0.367358269454
6.0218313055,2.20018903361
5.41343696518,1.86596266592
2.48045753621,0.688131413054
1.51326678219,0.396714517662
0.856151885742,0.216608087522
2.3806632657,0.65642947604
2.90570617545,0.827955175218
8.57330165596,4.50333043693
7.30103952736,3.09651772693
4.05953772811,1.25258495677
6.71013298503,2.64208169786
4.48736602617,1.43054165016
2.87031829878,0.816014132883
1.72469484821,0.457559350026
7.96358458475,3.73013331035
7.42077765804,3.1996905805
3.83508880063,1.16409132913
7.6842273961,3.44303186301
7.19202588761,3.00617685421
7.24260039651,3.04767986729
8.00361500555,3.77413622026
8.64136068416,4.60672405809
9.4312671045,6.29631687365
9.06057685782,5.36088121409
0.0674356245603,0.0163918100527
0.171978066877,0.0420193353996
0.982039145676,0.250114732585
6.83042551875,2.72808832132
4.84679285733,1.59059189997
0.503092404962,0.12498105188
9.02480702455,5.28679844947
7.83195042021,3.59070404339
5.22689613684,1.77189372696
0.486476344928,0.120751067326
8.71751772132,4.72776991381
8.80547642853,4.87534329688
9.24651778182,5.78625779191
8.51964128355,4.42474400231
2.34777750887,0.646070677054
2.51165860529,0.698126850139
0.977616214282,0.248929805724
5.29371678051,1.80518159931
1.05957106118,0.270978384544
6.97592837021,2.83626852904
8.0235833042,3.79638133977
0.0474798128888,0.0115297898045
4.39462571638,1.39086776782
6.5955141624,2.56281562442
0.574760232798,0.143308767798
5.49327419568,1.90733912511
6.11102498515,2.25320444206
3.7728563395,1.14010365652
7.39015112497,3.17288999471
6.57715739061,2.55035277436
6.35956640378,2.40720559754
1.20089931182,0.309466830358
3.87920723235,1.18123849141
4.47847935013,1.42671236857
8.38749087417,4.241200406
7.6686433579,3.42795365955
0.529081573013,0.131611663301
5.68186617212,2.00790946696
2.00495766108,0.540584376612
9.02787553893,5.29306760757
4.87134407058,1.60191049168
3.70382704035,1.11376464153
7.29107980621,3.08812608746
6.44641706092,2.46335585664
6.51671781632,2.50975575664
5.32611534212,1.82148370982
2.44655878389,0.677317206408
7.13361566268,2.95909192413
2.70675287354,0.761556401289
3.82497915825,1.1601787278
0.725337585313,0.182262918956
1.52517859645,0.400103123893
8.51218351672,4.41401637886
4.47339269997,1.42452318035
5.68890351937,2.01174232758
9.40586565203,6.21965568531
7.32704099115,3.11856017799
7.8422884943,3.60137522553
9.52350815624,6.59649248824
9.07136784556,5.38367175727
1.64346805306,0.434007036668
4.2082636828,1.31301145046
6.8558016408,2.74661888299
8.09213616047,3.87430509627
0.945000625569,0.240209345629
9.34197853361,6.03670774831
6.87647981779,2.76182185002
0.665695906827,0.166760471997
6.49150037666,2.49301176069
6.0529331672,2.21854716157
1.86682363168,0.499316306246
0.761347278572,0.191669902919
4.035761989,1.24306000491
2.71031253765,0.762728926295
9.08301735981,5.40851280148
1.67445787222,0.442966406761
5.63691580706,1.98356616322
4.80199067995,1.570069371
7.90147962306,3.66337337964
6.85733089012,2.7477400301
4.09751805573,1.26787677326
7.75422341498,3.51190941189
7.77045843779,3.52816195118
3.41650694304,1.00704244309
6.25316117319,2.34010133523
3.12098328379,0.901861832696
4.74174506869,1.54273759333
6.78932582636,2.69836638305
3.77919479616,1.14253625134
1.32654416354,0.344192834996
3.69179278899,1.10920130532
7.65447715343,3.41432632745
1.89363279492,0.507272145284
8.25537501769,4.07034795183
8.47746649976,4.36467931656
1.78545030206,0.475323168272
6.59638074796,2.56340552031
5.11055175486,1.71497963347
3.29813276744,0.96437477927
8.86475187922,4.9799863816
3.77494155135,1.14090366311
7.21235924448,3.02277967804
7.73447291014,3.49228007221
3.63305518319,1.08704792867
8.66507899481,4.64379322379
4.2365423543,1.32466931428
8.14411166495,3.9350608809
5.15038190299,1.73431738479
0.223741234777,0.0548072151477
6.2951424966,2.36636042017
7.99737055324,3.76722050483
2.50678730881,0.696563647875
1.33477557201,0.346484904178
10.0124255169,9.43664657751
4.66612157093,1.50885005897
7.60556974741,3.36784640292
9.91592019754,8.5618908643
4.90777139037,1.6187999232
1.84305451242,0.492283898416
2.03046510568,0.548280477258
6.00407365235,2.18976803296
5.36621371026,1.8418096269
6.8531070283,2.74464459868
0.828987330144,0.209436840496
3.51458400078,1.04295850724
5.4743314195,1.89745921726
9.51364491135,6.56260505371
3.52587637115,1.04712737869
6.47951276078,2.48509161978
3.26413919176,0.952256285648
5.96016073111,2.16418433306
1.55089584186,0.407434842491
9.1806364826,5.6270679311
1.81873268049,0.48510853776
0.561393934724,0.139880298864
2.35551550108,0.648504205967
0.811803447241,0.204911099221
7.08829305674,2.92316293065
3.79014958085,1.14674614799
6.0801267484,2.23471046179
4.78402576898,1.56188763251
9.40510022564,6.21738200657
6.69473019747,2.63128126536
0.867866881138,0.219707170535
2.34531280156,0.645296049742
4.58645525017,1.47364456028
6.25722310396,2.34262994048
0.125352718536,0.0305568860854
9.26911291336,5.84329494033
4.52503099851,1.44683747219
0.514151057855,0.127800278258
5.268345445,1.79248977315
3.12409248269,0.902945544049
0.184120056664,0.0450130528125
3.21048648823,0.933249067184
7.48882794806,3.26029688771
9.01088665938,5.25855557634
2.59634639125,0.725461810271
4.43201248883,1.40678541257
6.47454772116,2.48181864009
6.41535654669,2.4431284862
8.81520568221,4.8922191186
5.27739757296,1.79701058816
8.64911280396,4.61877896424
7.62516076465,3.38636062564
5.57218896318,1.94892705949
4.88191857549,1.60680150101
2.04514288058,0.552719897502
1.39718030004,0.363930978497
7.57654132711,3.34066503321
4.26565831866,1.33672986177
1.18114636139,0.304051408781
6.49146925345,2.49299116501
0.668230163443,0.167417225439
4.25757062452,1.33337385521
3.62056181223,1.08236135334
9.91202678807,8.53232696133
3.42928042244,1.0116907802
4.75669756208,1.54949308955
9.33334812811,6.01299647918
1.08905013268,0.278957396095
0.709820920321,0.178220396496
0.26250249977,0.0644263711803
1.8791909399,0.502983236785
5.00143160949,1.66276055209
4.60462518564,1.48163020949
9.80124956548,7.81171436112
2.61531369479,0.731625449774
5.62117515109,1.97509781142
7.38545977225,3.16881014784
0.0829589849696,0.0201805104902
2.61826004695,0.732584275717
0.864539826093,0.218826638273
6.01389345919,2.19552533272
7.69670401034,3.45516990442
5.43916648908,1.87922204679
5.71744928535,2.02735066402
3.74939515841,1.1311203389
9.80969028939,7.85983053606
2.35070115121,0.646989855727
0.638429506302,0.159705350947
9.50245126511,6.52469921852
5.73122050996,2.0349157911
7.91781624066,3.68076110417
8.72809630365,4.7450607956
4.65621196333,1.50444358311
0.0773335882612,0.0188068826251
5.47951611273,1.90015946875
2.85513705626,0.810909042072
0.807188148135,0.203696967076
2.21119081962,0.603503707766
7.63914138372,3.39965780739
4.06716796944,1.25564952394
6.71558244281,2.64591414454
1.73909087879,0.461757010833
0.145393293747,0.0354772049925
6.5831719545,2.55442931353
6.88622102038,2.76901616548
6.18914559704,2.30058743173
1.10206587174,0.282488509562
6.42069490503,2.44659324151
4.27399631636,1.34019449137
2.28897775241,0.627656254575
6.22650228321,2.32356948074
9.0528147084,5.34461606798
8.35831876868,4.2024499021
8.75356421037,4.78718960145
3.97097503841,1.21728935015
3.64806715556,1.09269102903
4.17609825753,1.29981752377
5.96243806413,2.16550464299
6.06930371118,2.22826485289
2.64779788236,0.74221725308
1.29255724907,0.334751397689
7.46969884223,3.24311018206
0.650916466873,0.162933834651
0.563487548381,0.140417000053
8.92650007795,5.09390188219
10.046491634,9.83759226511
8.75922981443,4.79665967041
8.46407545848,4.34590818961
2.27932669025,0.624646829137
9.52506695211,6.60189069848
5.28687822567,1.80175426545
5.6687142558,2.00076216776
8.1652301506,3.96017838864
2.59477347221,0.724951359358
0.805510192071,0.203255699711
5.6152394803,1.97191195614
7.06195086269,2.90251706555
9.89800867212,8.4287087958
7.81574912417,3.57407249952
4.59202559641,1.47608998506
2.7785835389,0.785324747869
8.84309256995,4.94123607395
4.97034229313,1.64808184591
4.17533019652,1.29950332916
1.52510169862,0.400081233578
6.86591406948,2.75404208346
9.98983851289,9.20257195827
1.89415185925,0.507426433915
8.61739487087,4.56982229321
7.6851864081,3.44396274679
0.0511665762118,0.0124273130568
0.079460528626,0.0193261565082
1.05068174203,0.268577366218
9.76905405938,7.63630238344
9.16931526495,5.6007119382
0.777788446739,0.195976796423
2.45711932449,0.680681123959
4.88351073028,1.60753875377
0.880160280848,0.222963432402
5.85159932958,2.10204603133
0.786408923462,0.198237989467
8.89453630122,5.0342812815
5.40960684066,1.8639949057
7.65407333729,3.41393896729
2.90159447439,0.826564796536
9.71664767131,7.37490163721
3.13468883866,0.906642463874
9.65489121863,7.09851761912
0.526408108327,0.130928764517
6.70706312344,2.63992535657
0.115305637617,0.0280938157743
6.22771911808,2.3243216765
4.02426174519,1.23846590665
6.90408489749,2.78226389343
7.64857412583,3.40866986599
7.60233650781,3.3648041124
0.973960450557,0.247950834171
3.7160712606,1.11841622731
9.51358977307,6.56241690856
5.39112691495,1.85452255036
4.53860261773,1.4527355899
8.15957620582,3.953428841
0.58895033268,0.146953734878
0.900678786765,0.228407888601
0.00373015963741,0.000903878779379
0.777223013983,0.195828552651
2.43885645941,0.674866608172
3.43932271936,1.01535135011
1.83127224858,0.488805335485
2.61099796266,0.730221657602
7.00503417743,2.85848636132
9.65937102541,7.11756303193
9.66863528219,7.15741899335
7.01074292801,2.86286755563
0.849098196835,0.214743971175
5.58799295367,1.95734017646
7.29789253326,3.09386313437
6.61968983674,2.57932516746
4.6061790271,1.48231431412
7.99185431855,3.76112728352
5.42172215855,1.87022460393
4.60678746552,1.48258224069
3.88706334644,1.18430433437
7.43159045708,3.20922219158
5.32108134157,1.81894369284
8.93429852809,5.10866801904
6.78695382006,2.69666184596
7.85939139658,3.61913061003
5.29542943838,1.80604068776
7.85394200136,3.61345951331
8.3715222557,4.21991369897
2.88187970358,0.819909016582
4.40061747033,1.39341193149
5.62010083179,1.97452088825
1.98052698965,0.533235475106
2.14399769585,0.582828108855
5.16307918332,1.74051380071
3.58352154312,1.06851842882
9.92234416334,8.61145364097
3.20991581622,0.933047679271
9.98303656177,9.13620048113
4.30108758858,1.35148505218
0.23041065569,0.0564596720905
1.54951103526,0.407039496161
6.35194016015,2.40233527359
8.62453872524,4.58076485966
2.61294795868,0.730855840763
8.0581510621,3.83536845331
6.9368414841,2.8067412702
5.00872071601,1.66621468094
4.13286554762,1.28219372285
7.67692159514,3.43595178621
6.87542178754,2.76104170168
6.72577962581,2.65310147168
0.224979791467,0.0551140044035
7.41113269754,3.19121922269
9.67922639884,7.20378171174
0.996729954437,0.254054544927
1.97193316446,0.530655564352
2.22611746511,0.608120180849
2.55136115224,0.710904283883
7.55339060475,3.31919881522
2.03412565108,0.549386897656
1.73665754061,0.461046987945
8.2485034625,4.06177553708
1.82797476644,0.48783266884
0.398621706688,0.0985048204495
9.55709259827,6.71547927046
5.37623905376,1.84691761518
1.1059256434,0.28353661572
8.9686984718,5.17487303331
6.8298433449,2.72766481673
2.60238785857,0.727423391925
4.24574544445,1.32847512714
2.29176083259,0.628524762176
6.25663083012,2.34226108171
5.40297860164,1.86059327254
4.00014720728,1.22886020346
7.55794501192,3.32340718306
7.44707630375,3.22293724364
3.72459296613,1.12165878246
2.73609890218,0.771239336196
6.82634361774,2.72512044922
9.78371192246,7.71462909748
8.87590918381,5.00018643634
5.99133086654,2.18231686807
3.50592610031,1.03976695619
9.33414534252,6.01517727988
5.19409574149,1.75571562539
1.11336913429,0.285559118182
2.95506295299,0.844706352797
5.92075662425,2.14144990736
7.10209200654,2.93404690862
5.2229119584,1.7699229772
2.425732892,0.670696736036
6.77879682858,2.69080910771
3.01582351162,0.865484389739
6.12953509533,2.26434996536
7.16482388159,2.98413789092
6.57496324616,2.54886729736
2.5595415729,0.713545176961
4.31989574532,1.35935386873
5.02476575646,1.67383501804
4.91179390474,1.62067202001
5.13109697169,1.72493562389
5.12791412751,1.72339063431
3.21944739111,0.936413480146
5.76627736447,2.05427878454
1.37456593336,0.357594648552
7.50784565635,3.27750234581
0.0159396330461,0.0038647391964
3.30323851421,0.966200069292
0.201328932682,0.049262254432
6.98934688503,2.84648679958
7.5771882147,3.34126752713
8.57695389928,4.50877077536
8.34269681381,4.18194480027
4.71523446627,1.53080520617
2.77304661452,0.783484490653
1.14642354108,0.29456044174
5.94222880945,2.15381257092
2.40232177477,0.663275463627
6.76452063046,2.68059887641
6.32657741103,2.3862063681
4.02213574721,1.2376175474
6.92930258061,2.8010863891
7.12357892256,2.95109043624
2.22828149774,0.608790180602
8.54816208403,4.46620304113
5.57842624631,1.95224401596
5.63196699577,1.98090062432
7.31807819677,3.11093993102
2.99906359084,0.859735667912
6.82943143755,2.72736521682
8.65986399852,4.63559511316
3.3931549246,0.998566967985
0.884155538618,0.224022612599
3.65775092232,1.09633804351
8.30257320762,4.13004298052
4.07363954851,1.25825170258
5.26942049509,1.79302624396
1.87650210205,0.502185530026
0.623064637282,0.155738545012
1.43512302713,0.374598656905
7.74141635921,3.49916323686
7.7096800555,3.46785713838
9.64090510452,7.03998082014
8.12121399671,3.90811156618
1.70741137829,0.452529119966
3.64062621821,1.08989232685
3.28337428323,0.959106201235
5.35612041386,1.83667761771
4.88619766924,1.60878344715
6.64467735637,2.59650536495
8.7893866912,4.84768438139
2.53472103803,0.705540998908
4.49332562789,1.43311296593
4.67441931509,1.51254582206
3.92537580311,1.19931027347
1.48349481259,0.388265338703
2.70595257645,0.761292866079
0.807779919795,0.203852609373
5.81961099482,2.08402952375
4.17417124886,1.29902930787
3.3207761768,0.972479981907
1.12188815846,0.287875883419
4.46707054558,1.42180494652
1.89313923769,0.50712544738
10.0561137876,9.9636548169
0.872942743278,0.221051141221
9.57423295923,6.77847896292
9.22672878382,5.73735907244
2.1157825898,0.574197309525
9.49675476767,6.50562886038
2.35893920258,0.649581691436
5.82951209269,2.08959206429
4.80686263678,1.57229285921
1.85787798905,0.496667279928
2.06815287884,0.559695498132
4.75704384556,1.54964975763
9.14609638257,5.54751839804
0.0342224555147,0.00830503578075
5.36513278925,1.84125951701
3.07126286108,0.884595781006
7.12135017144,2.94931712768
2.76161411528,0.779689088167
2.09814710787,0.56881794973
9.49230751343,6.49084186143
9.04873879541,5.33611772851
4.93031346419,1.62930937874
0.121864666094,0.0297015030362
2.68900670503,0.755719207795
1.65517833596,0.437388758285
8.5026947946,4.40043403962
6.45323885756,2.46782055182
8.43062439321,4.2996288341
9.56830217628,6.75649880137
0.154480467847,0.0377114879053
8.25252608093,4.0667902461
0.800681082894,0.201986182738
8.80984059395,4.88289894194
1.24784597255,0.322385245139
2.70244379906,0.760137767475
5.67522763079,2.0042992336
4.32929457235,1.36329545155
1.88831487922,0.505691980526
1.65275715907,0.436689187334
3.8725501078,1.1786435153
4.73435185251,1.53940414189
5.08592226569,1.70309686496
4.24081849748,1.32643692911
1.16696342182,0.300170325721
5.04535747054,1.68364914482
7.36938672525,3.15488283166
4.54108141511,1.45381437151
3.42066702431,1.00855536272
3.35945554649,0.986386795101
2.82769727111,0.801708263039
4.53799512596,1.45247127883
4.99403438425,1.65926009793
9.7958356192,7.7813363443
3.7261715081,1.12225989172
3.04192722715,0.874464685562
9.50737339061,6.54129606478
2.9254502159,0.834642531456
9.26130012358,5.82342436745
1.51510486914,0.397237104462
9.2637334209,5.82959602061
4.79510907885,1.56693210248
4.97644034216,1.650954179
0.725332569753,0.182261611199
7.80847490861,3.56664122023
8.68505611827,4.67545084316
0.635408146434,0.158924814004
5.06347944588,1.69231841378
4.91059288803,1.62011291334
7.2105673005,3.02131202709
3.45706349859,1.02183136172
5.10969374681,1.71456471984
1.17703897188,0.302926819679
0.39598912305,0.0978412751695
2.70240782002,0.760125925867
5.57898124067,1.95253937419
0.242317580934,0.0594125446566
5.16345319267,1.74069655633
5.14609513,1.73222888074
8.1109918744,3.89617454889
2.28313465145,0.625833803957
0.658459966878,0.164886232033
9.96690529476,8.98555072746
2.58510426719,0.721815769563
0.184106942161,0.0450098173635
1.5476848877,0.406518248368
8.66348627432,4.64128655099
8.06051419698,3.83805621229
8.28724457456,4.11049780286
8.82813739569,4.91482891722
0.350634333238,0.0864373335318
3.48704703838,1.03282179524
9.4066805994,6.22207875723
2.27434368066,0.623094438712
5.23948186159,1.77812948253
5.20998008842,1.76353707113
9.42759943198,6.2851005029
9.3203308587,5.97765594545
4.64303447288,1.4985960842
7.12185169328,2.94971605365
3.09628509479,0.893270051896
7.31711476573,3.11012220483
3.04044558924,0.873954096009
7.83864445809,3.59760853302
3.31457089144,0.970256166423
4.43578175682,1.40839588276
8.96280010588,5.16339500716
7.33408701045,3.12456724125
3.44766683141,1.01839701933
6.15654295999,2.28070261001
8.97622251926,5.18959207757
9.78285380231,7.70997480878
4.5241616161,1.44646012295
1.73034283823,0.459205370452
2.40461536703,0.664001547227
9.01011582946,5.25700100306
6.55248334826,2.53369900119
4.10108902088,1.26931939112
2.67556094359,0.751305660737
6.4260383242,2.45006613362
7.174530428,2.99197965252
3.39500572044,0.999237647831
10.0550835291,9.94984681029
9.02414102379,5.28543985984
3.17853939907,0.922000146794
4.44800270198,1.41362464612
0.70034025902,0.175753658564
4.26667203711,1.33715082682
7.60170250187,3.36420798689
5.61422627566,1.97136854687
1.06385503564,0.272136322666
6.11312043605,2.25446366908
7.6668553987,3.42622958008
5.14252205853,1.73048943251
2.3361650416,0.642423133618
5.61748499854,1.97311671314
3.26015678518,0.950840448665
6.52607228877,2.51599583088
5.12583751501,1.72238314082
8.13642006648,3.92597559766
9.46241147515,6.39366228563
8.64734905773,4.61603110528
3.83699803551,1.16483092825
3.84099407842,1.16637962874
4.09414058199,1.26651309455
9.91907840793,8.58613367054
8.54744779349,4.46515621526
1.80109930756,0.479919333835
3.73107144281,1.12412671656
9.93416081425,8.70529168884
1.38815580646,0.361400460745
3.73894820684,1.12713062988
7.09277324412,2.92669146494
8.59537441153,4.5363930531
5.76356744853,2.05277661244
0.206065283876,0.0504330286478
4.60623646827,1.48233960717
4.82642662555,1.58124169244
3.91363330009,1.19470140369
5.53162863516,1.92746478682
1.3446625994,0.349240789296
5.9632357549,2.16596727957
8.59891998394,4.54174525287
9.09187579861,5.42757013201
7.57676609208,3.34087435674
5.88003257447,2.11817080866
9.2763547854,5.86185669128
0.234273897773,0.0574173564619
9.47409145829,6.43117730726
2.30385924482,0.632303815422
7.19957333173,3.01232662038
4.19231521635,1.30646078352
0.128056909063,0.0312202438946
2.10638007383,0.571327803968
5.90624497977,2.13312954101
2.95186401035,0.843617230614
2.18511090423,0.595458339239
9.05524126778,5.3496893389
3.43763098014,1.01473430703
4.00559194597,1.23102579397
5.85045443023,2.10139893721
9.68713187969,7.23896163904
8.04520131244,3.82069126901
3.52891937449,1.0482519815
6.49394586212,2.4946305869
2.80049425444,0.79262043081
2.10693487799,0.571497029695
0.411128665693,0.101659638216
4.01218257481,1.23364968221
5.09603863754,1.70797073478
7.56042660459,3.32570323474
4.75632805258,1.54932592429
4.20998419768,1.31371916876
4.61345401022,1.48551975827
3.39650574495,0.999781350396
3.03571510366,0.872324618937
1.60967203541,0.42427311527
6.69288346758,2.6299894894
7.95730781473,3.723303887
6.58113079125,2.55304510698
1.95047770482,0.52422620983
6.57059119286,2.5459099843
5.05003499496,1.68588390048
7.07405901504,2.91198557759
5.59314841342,1.96009082331
4.48418681204,1.4291710431
3.06768615137,0.883358343383
5.88484035345,2.1209077366
9.43520558526,6.30841815319
9.34454231912,6.04379540044
5.3666380521,1.84202561927
7.46263698947,3.23679536951
6.77100261545,2.6852295369
4.47103676873,1.4235098908
2.36183922252,0.650494733382
7.4928688681,3.26394276777
4.29913544961,1.35066975857
3.83804142042,1.16523520772
0.532619151998,0.132515576885
8.28587638398,4.10876071725
2.65566919933,0.744790597148
8.36285522491,4.20843626458
6.41752527754,2.44453547433
7.69343344997,3.45198234851
8.35815745329,4.20223729408
5.52314040212,1.92299668209
9.73443077549,7.46055162184
4.57726235567,1.4696140728
6.6603413205,2.60733612161
3.49928129298,1.03732027075
1.39759202273,0.364046489393
2.51212582049,0.698276831581
0.0884573761146,0.0215238610674
7.39075629339,3.17341676984
9.44958412873,6.3531052652
9.93617576675,8.72165304923
2.40535373459,0.66423533782
8.4818059281,4.37079278127
1.20528650511,0.310671218665
3.29711912831,0.964012565859
9.4881559615,6.4771171498
9.06661507503,5.37360810912
6.89291214253,2.77396997353
8.34860733414,4.1896829286
3.34086890446,0.979694408367
5.75774322787,2.04955118038
7.15146728316,2.97338766996
0.705665507416,0.177138913189
6.15190338999,2.27788577808
0.831399491276,0.210072795747
8.31924990349,4.15148339319
8.15634819294,3.94958353271
7.63703244472,3.39764739304
5.83744425523,2.0940574517
3.03947558725,0.873619879017
0.0329323926007,0.00799146118807
3.17894387567,0.922142249133
6.94099984242,2.80986595114
5.48655151062,1.90382829575
1.25742057931,0.325028188795
1.09270349094,0.279948029086
4.0829642456,1.26200590672
9.98526557414,9.15775555877
1.2735070056,0.329474982754
3.15777947703,0.914717595354
8.15628982263,3.94951405502
5.52960814032,1.92640049246
0.764593406403,0.192519659535
1.0294511743,0.262852342474
4.11685185882,1.27569739048
2.68590526484,0.754700468761
6.23911200454,2.33137536135
8.92259052676,5.08653220289
9.08182414143,5.40595695821
4.59825558384,1.4788278558
7.43157097198,3.20920498227
9.50682505142,6.53944162273
0.14647846199,0.0357439118598
5.86944845143,2.11215619541
7.43090115709,3.20861347144
2.64474181297,0.741218861117
8.14443121873,3.93543905721
1.40308331394,0.365587613506
2.85159852778,0.809720627147
7.89025543143,3.65149725067
1.12295677806,0.288166649369
10.0536014698,9.93011738279
7.37544030045,3.16011908907
5.46174352704,1.89091549268
8.95365682217,5.14570677401
4.25937408726,1.33412181289
10.0536627971,9.93093067807
8.25813509876,4.07379956829
9.52062187005,6.58652799654
5.77359387247,2.05833905088
2.44244441877,0.676007864604
2.2523477195,0.616253472627
5.60928194293,1.96871847263
6.48077880894,2.48592689657
5.8593288063,2.1064191329
3.44712379574,1.01819869307
6.53907844095,2.52469798882
8.91114221347,5.06507667815
7.31407981388,3.10754800543
9.73786409475,7.47743380149
0.435958691566,0.107934800672
1.03663666214,0.26478849879
0.16231756389,0.0396400286977
9.22612656959,5.7358860036
7.39656471922,3.17847847097
3.29395706801,0.962882976121
7.61795124171,3.37953128796
8.52252975605,4.42891141873
3.1846485119,0.924147292133
8.03917491654,3.81389047342
2.54104622642,0.707578308408
2.47277620931,0.685676821815
1.48261447621,0.388015939834
8.50811366998,4.40818161303
2.79668073648,0.791349088194
9.79689964986,7.7872773975
6.82530279487,2.72436425453
0.911292641213,0.23122890351
4.21340364909,1.31512632888
3.68334003296,1.1060010674
3.52018642248,1.04502591098
1.22171293846,0.315185862842
3.91784565781,1.19635374702
3.4643977469,1.02451522786
1.47402272644,0.385583216696
5.46340971521,1.8917806581
0.46842767289,0.116164536375
8.24637299646,4.05912373824
9.18671336873,5.64133135871
3.54166363048,1.05296742229
6.99836714913,2.85337950892
3.61221170921,1.07923394971
0.40812096147,0.100900593451
1.79021776866,0.476722487626
2.41365080205,0.666863968386
4.15567745707,1.291477388
0.800817937022,0.202022151163
3.41402792127,1.0061413221
6.72427160964,2.65203725697
9.05328696571,5.34560261597
9.58138485056,6.80524632546
6.6974645549,2.63319516722
6.49836053743,2.49755562538
9.30811846856,5.94495208766
4.70552344007,1.52644860731
0.778805353128,0.196243428735
4.8048417925,1.57137033426
0.255756697906,0.0627496223483
4.36333880039,1.37762521719
8.92400516054,5.08919632426
5.68181345114,2.00788077504
8.49571360451,4.39048829461
6.64020378125,2.59342079755
7.15828376177,2.97886817562
7.90805825888,3.67036063994
4.993194371,1.65886290584
0.00407437942858,0.000987305471239
5.85512404995,2.10403925433
9.79685407608,7.7870226428
6.29385736175,2.36555243808
1.85862796173,0.49688925682
0.908128687385,0.230387632963
9.21419433595,5.70687762208
3.36287947408,0.987621600734
6.08580530197,2.23809900732
4.37241224341,1.38145838595
5.01499911585,1.66919372045
4.94088602031,1.63425384217
7.43189883857,3.20949457134
8.38919538059,4.24348339582
8.33261515283,4.16880119987
3.82851165327,1.16154516147
7.08359570628,2.91946874283
6.90385475625,2.7820927717
8.97238456353,5.18207310181
9.42553932399,6.27882250897
9.90299928962,8.46510404352
6.60598208442,2.56995067582
5.00069412114,1.66241134218
0.382491151391,0.0944418830228
7.50829810073,3.27791313211
2.33471116022,0.641966838521
1.70205312233,0.450971706715
9.9337739948,8.70216303268
4.89401983935,1.61241053599
4.55878153249,1.46153119016
5.74723393015,2.04374175805
1.90845132009,0.511680636691
1.97988061046,0.533041335403
9.77309868132,7.65766963349
4.38198747199,1.38550997198
2.57142820627,0.717387567108
5.30641027193,1.81155587656
0.80310927513,0.202624445207
8.85762473025,4.96716838996
3.25477500682,0.94892838569
9.41458157577,6.24569413162
8.36439158174,4.21046693828
2.16019275163,0.587795657054
9.09206811308,5.42798548966
2.42877049683,0.671661279087
0.843464892965,0.213256232914
3.17739461118,0.921597999441
7.29056260744,3.08769109193
0.124343066004,0.0303092563653
0.509091086953,0.126509922179
3.33890868961,0.978989656097
6.06556127359,2.22603995232
6.66580669668,2.61112627809
1.85528831296,0.495900940318
8.1632981042,3.95786989083
2.79105701713,0.78947545235
3.42570789066,1.01038983939
7.1032778924,2.93498451275
3.04146465687,0.874305267214
4.18225294919,1.30233669264
5.80066332834,2.07341917073
0.841134185742,0.212640961099
8.6403362032,4.6051353155
4.53227368148,1.44998333974
5.83434961504,2.09231437694
0.947369866013,0.240841780273
4.46028283191,1.41888985508
6.67162406622,2.61516690823
4.83287626244,1.58419893219
1.1346783414,0.291358265912
9.72240111828,7.40229012113
2.73467869948,0.77076985882
8.64402806434,4.61086535182
9.22346300826,5.72938116732
8.82419021651,4.90790579876
8.06984881554,3.84870168708
0.847004571795,0.214190947057
9.74251053764,7.50046558568
6.07485875982,2.23157104423
7.67487331473,3.43397041157
2.23836537513,0.611914608189
3.5721001349,1.06426548071
1.25058796445,0.323141848121
0.714090916014,0.179332192309
1.72499537713,0.457646907089
2.81616343687,0.797851038384
1.24152872896,0.320642993867
4.145426153,1.28730116037
9.06515152587,5.37051735205
7.50652551578,3.27630414365
2.67600282123,0.751450581576
6.40406253553,2.43581424075
2.72374091964,0.767157123124
10.0009434459,9.31489784045
9.53542940709,6.63807824459
5.15708486,1.73758657485
8.31452684325,4.14539235565
1.60060437507,0.421667934531
2.50116951391,0.694762115799
6.43738137004,2.4574545646
3.34035146701,0.979508355631
4.43308601232,1.40724398339
4.55530823353,1.46001502267
4.09472808801,1.26675025038
1.67346421483,0.442678630944
6.87334289524,2.75950952549
7.06923098343,2.90820574928
4.83825252387,1.58666671235
6.60231488963,2.56744873957
0.553821059383,0.137939949131
7.09601783554,2.92924999752
3.25040526989,0.947376968684
7.1901711217,3.00466789467
9.77693173743,7.67809046363
0.981796699129,0.250049765203
9.98146012753,9.1210682594
5.47616431311,1.89841347482
9.31474841651,5.96265307811
8.08419483002,3.86515187049
10.0416462038,9.77645615948
5.49291747038,1.90715270539
7.40764576036,3.18816368241
0.456039718681,0.113021407566
7.60209306069,3.36457519376
0.395227733944,0.0976493993812
6.91362382126,2.78936697137
5.56488872907,1.94505045503
1.87052502525,0.500413208341
9.33650257883,6.02163679726
7.74132444425,3.49907199509
6.92342535462,2.79668684442
5.71853566929,2.02794662415
2.94803735205,0.842315022078
1.2250659104,0.316108404751
5.76062006939,2.05114384061
0.708766463761,0.177945920124
1.07440445439,0.274990086992
8.87778252227,5.00359425828
3.75279068228,1.13241847813
5.31898663181,1.81788752611
0.305451011404,0.0751283883412
9.28007403568,5.87144380557
8.91873109313,5.07927840614
3.5311600752,1.04908040331
1.53777046016,0.403690225963
9.4767867995,6.43991564576
1.30641330051,0.338596219792
0.41743895379,0.103252900682
5.82666922511,2.08799363474
6.81037082397,2.71354094394
2.30422646111,0.632418608951
7.55530550633,3.32096735487
5.76501778045,2.05358045346
1.41390374278,0.368627158001
6.47320724048,2.48093572804
5.03769974101,1.67999489226
8.61591107016,4.56755552874
5.17056282176,1.74417316231
1.74702161314,0.464072528353
6.00394906509,2.18969507389
2.67975891055,0.752682793063
7.00087117267,2.85529632427
5.86733360236,2.11095614121
0.105603630385,0.0257176597021
8.43786824956,4.30957769698
3.16110481667,0.915882682974
6.58836428393,2.55795395546
2.13009050375,0.578570245866
1.08576398025,0.278066671246
1.17728295895,0.302993608259
1.55835383792,0.409565098354
5.08909238096,1.70462313461
0.716249099405,0.179894316729
6.26760307693,2.34910334155
5.30881046838,1.81276302396
8.00325602796,3.7737381308
9.04372057967,5.32569449839
5.600251478,1.96388559849
2.32457224625,0.638787110283
7.3730348181,3.15803705728
0.536436994324,0.13349147231
9.09159559212,5.42696507107
1.85839641387,0.496820721172
8.53119130837,4.4414502239
5.34462804764,1.83084713694
8.05208410252,3.8284813788
4.18275768414,1.30254339857
9.30020464874,5.9239873655
2.45788414895,0.68092492567
2.10603917186,0.571223828167
6.28286190349,2.35865017656
9.12536239657,5.50096278773
5.15612135364,1.73711638492
1.07242976891,0.274455657368
2.19348362582,0.598038389977
0.627514419479,0.15688670972
3.60477771677,1.07645297457
7.39197152247,3.17447491652
0.886895827006,0.224749350195
2.14318169462,0.582578077846
0.89392598107,0.226614754876
8.84806522331,4.95007919087
7.60288086082,3.36531605585
3.55831587939,1.05914237751
1.48752881509,0.389408490408
9.23358682031,5.75419641599
3.86841030503,1.1770311698
8.41010371724,4.27165998395
1.7287712798,0.458747254085
8.91705174934,5.07612869301
3.52466807183,1.04668096884
0.941456516385,0.239263597526
3.26121965744,0.951218245123
7.37319914146,3.1581792295
1.05059134954,0.268552963002
1.60755639487,0.42366503725
2.74117348968,0.772917572253
0.574883789469,0.143340482319
2.66976668294,0.749406123129
9.63587254901,7.01925118393
4.53788303031,1.45242251067
8.02758977174,3.80086875652
1.41161305913,0.367983375958
8.10435906396,3.88845960824
4.05440894915,1.25052718812
7.29116102558,3.08819440481
3.04337456648,0.874963556904
5.64228137827,1.98645941754
4.44768171145,1.41348716847
5.60966932592,1.96892600084
3.51006351005,1.04129161221
5.38653975959,1.85217687928
4.98073336887,1.65297829801
6.32784248509,2.38700838559
2.55810527058,0.713081290602
7.33137695868,3.12225507296
5.7170382536,2.02712522071
5.53485106157,1.92916314315
8.30475362599,4.13283573142
8.26749955313,4.08554619014
0.574514447216,0.143245680771
1.29374635546,0.335081121164
7.11665039005,2.94558189002
1.6862784862,0.446392369759
1.14365459644,0.293805152618
5.21941464147,1.76819433976
1.44769835422,0.378144381129
5.40098251661,1.85956978847
7.71729704069,3.47533492236
3.74575764707,1.12973043882
4.98209461736,1.65362045798
1.0294310235,0.262846914892
3.78894551431,1.14628307861
7.69448330861,3.45300511627
8.90787986939,5.05899646724
6.222373842,2.32101915133
5.25914805773,1.78790483414
6.62024134138,2.57970307405
8.70754473889,4.71157851477
8.09884985495,3.88206977065
0.805509242292,0.203255449962
1.46848464111,0.384016391062
0.530801510852,0.132051096504
7.96651723185,3.7333306244
8.97875240163,5.19456088436
7.54023819187,3.30708562915
6.75625553443,2.67470688894
0.68545206274,0.171884897212
7.81392572827,3.57220764169
5.41672316366,1.86765222418
4.43018943938,1.4060068652
2.75093192752,0.776148016128
1.02431287148,0.261468733711
0.699234931857,0.175466227178
0.726317395651,0.182518408009
7.20487824839,3.01665828357
4.50941684886,1.44006898734
4.24920998712,1.32990935557
7.71825239842,3.47627441351
6.63495966146,2.58980980901
0.0314860664994,0.00763995094086
8.4777518949,4.36508092391
7.52216030503,3.29053207492
7.34422217668,3.13323353465
8.2985438935,4.12489036141
6.54149536773,2.5263184749
0.344505518695,0.0849003257831
3.03140782257,0.870841850426
3.08719860612,0.890116598753
1.26836236999,0.328051976676
7.64270748296,3.40306101759
1.82319401737,0.486423156046
5.8247822886,2.08693325492
8.00999331242,3.78122013701
5.63555151804,1.9828310411
6.47170111712,2.47994408957
9.00002687882,5.23674338529
5.80182314703,2.07406734624
4.97428142864,1.64993689664
3.44342596169,1.01684859993
1.78364132574,0.474792414435
7.90632887509,3.66852193006
8.01916856293,3.79144601975
6.77993034008,2.69162159016
9.07487465903,5.3911234405
2.7482423886,0.775257248273
7.39817909255,3.17988713816
7.35497890567,3.14246454266
7.5084353255,3.27803773557
1.64972000211,0.435811914917
5.10634794674,1.71294742776
9.77072102047,7.64508645697
7.74929031048,3.50699200107
1.32785262831,0.34455704082
4.212991203,1.31495655824
7.16405947034,2.98352138698
0.695752153764,0.174560776614
1.21544964151,0.313463487929
5.27301739194,1.7948220089
4.75279043007,1.54772608181
5.16064761819,1.73932597086
7.69149725874,3.45009722447
1.75519333607,0.466460669417
9.8954997481,8.41061159049
1.01655931914,0.259382367101
0.955252605876,0.242947125475
1.24464668052,0.321502750035
7.10072364503,2.93296547279
4.70593405531,1.52663266432
3.7459383134,1.12979945339
3.03179257401,0.87097426391
2.39512825783,0.660999585871
3.32519932365,0.974066342212
1.17406641495,0.302113261658
9.84383491796,8.06459280454
2.64673764388,0.741870836642
4.72466682004,1.53504412239
4.19810357302,1.30883629188
6.15292094696,2.27850329587
0.526009036474,0.130826843371
3.40414408079,1.00255180998
2.31789307414,0.636694637682
2.97888408866,0.852831643208
2.98187526422,0.853853803797
1.31166850045,0.340056009569
4.133342857,1.28238761601
8.95220188891,5.14290371154
4.24047721759,1.32629580915
2.83994214369,0.805809851374
6.43751852852,2.45754403921
9.56910388663,6.75945867405
3.0684073579,0.88360781021
2.17785709922,0.593225249279
5.3681569052,1.84279887812
6.81159307542,2.71442511031
3.72859366778,1.12318253415
7.84880848299,3.608128976
4.08648174499,1.26342355949
1.44501861302,0.377388379525
6.82630827979,2.72509477117
5.42019390208,1.86943791156
2.62745411068,0.735578667369
3.13181817092,0.905640384052
6.49050658569,2.4923542074
0.982075655799,0.250124516197
0.533713683343,0.132795315597
2.07757819528,0.562558503629
6.06556754249,2.22604367755
8.33288787014,4.16915583042
6.54041478857,2.52559384407
5.91383736739,2.13747921606
0.818859448595,0.206768448489
1.70861719822,0.452879734464
6.87355471243,2.75966559479
4.03405381527,1.24237708834
7.73935875989,3.49712151032
3.51165832209,1.04187955863
5.95911716448,2.16357954801
4.23616861133,1.32451488124
5.21599340371,1.76650447098
1.64723299372,0.435093781965
4.96254082964,1.64441200391
2.23483844501,0.610821363033
7.18083580748,2.99708697842
7.14967512555,2.9719487679
6.77212038401,2.68602893318
7.81653438616,3.57487604949
8.08003549883,3.86037124129
2.69041258049,0.756181137596
8.79424003426,4.85599504722
0.966153003772,0.245861382071
4.27663526468,1.34129204374
0.786027788533,0.198137972362
4.92813177654,1.62829029501
4.4682286633,1.4223026608
4.51240900583,1.44136461027
6.34276656013,2.3964894052
9.20580194469,5.6866762077
5.34674908824,1.83192218476
0.59975123761,0.149731723557
3.90642358616,1.1918758657
8.40331754685,4.26247965238
8.35124741813,4.19314717328
0.697194990028,0.174935844232
9.4360874356,6.31113581152
2.63082458154,0.736677293499
6.87678543101,2.76204724241
4.51515537253,1.44255440026
6.78083152207,2.69226773253
8.68064288689,4.66842237946
8.46077612245,4.34130501191
7.36674644091,3.15260247941
9.21989347854,5.72069047009
8.30481900215,4.13291951589
7.37790955625,3.16225813791
4.55701433153,1.46075965427
0.166226255094,0.0406024341025
3.31840552601,0.971630166023
1.70108864197,0.450691477786
3.19543553366,0.92794310651
5.66767122082,2.00019621932
1.62522508295,0.4287479576
4.21787312806,1.31696679666
1.22078154329,0.314929658197
6.20573408684,2.3107664982
8.46977994365,4.35388719481
7.85577755099,3.61536829243
0.0722172868534,0.0175582273656
5.9021280598,2.13077414432
8.00061603837,3.77081246559
6.86052554311,2.75008377985
5.11123583507,1.71531048919
9.09349109188,5.43106097865
1.37895853135,0.358824146939
8.16153381155,3.95576370756
5.09090116374,1.70549440403
4.07821795248,1.26009429798
9.30709695779,5.94223599651
4.85808221488,1.5957901036
1.49638219396,0.391919200313
0.0285173613464,0.00691860277478
9.47279407361,6.42698211301
4.36758095935,1.37941662348
9.26140263221,5.82368405398
7.93983458948,3.70439060445
2.43417746722,0.67337910478
9.38110643639,6.14714536576
0.452750962048,0.11218763753
0.28147890782,0.0691492684412
9.70060231727,7.30007965612
9.38501000387,6.1584376486
0.643715413734,0.161071501117
0.533678988322,0.13278644781
1.79536635425,0.478234557739
0.310584900423,0.0764107580112
0.30490080045,0.0749909930854
7.06359046662,2.90379711396
8.38246013779,4.23447453861
4.16173731802,1.29394939452
9.42321335644,6.27175337274
8.5591484005,4.48235988776
5.56547961537,1.94536400504
3.39674294237,0.999867336469
1.56126339787,0.410396663289
6.51715367986,2.51004615917
2.35011235189,0.646804712749
8.58488489407,4.52062593208
4.18151630321,1.30203504224
2.4056302982,0.664322912305
5.96853085242,2.16904046524
6.55189614295,2.53330402494
8.5696115115,4.49784573044
9.55808659165,6.71908934071
4.07633414275,1.25933598618
5.87889934016,2.11752613098
6.05805640592,2.22158426883
1.68509875658,0.446050236688
1.78844199888,0.476201181661
1.56733165134,0.412131893963
5.86533189054,2.1098208203
8.90561391136,5.05478202812
9.14920931653,5.55458415081
4.3976677374,1.39215911688
8.1002746998,3.8837207951
4.25234949459,1.33120974453
0.152554239432,0.0372377139322
4.23225905023,1.32290000098
2.53185051904,0.704616971625
5.86016027913,2.10689001432
3.12145961881,0.902027828576
6.40725900368,2.43788215569
9.34948189243,6.05750833034
1.8605984312,0.49747257098
5.21209615403,1.76458088458
1.25578784816,0.324577295778
9.69885884991,7.29208386275
1.82699151989,0.487542711908
4.08655697106,1.2634538866
6.71192562879,2.64334175929
4.87247364914,1.60243249417
5.32993881269,1.82341466606
3.19561912151,0.928007758999
3.89677466598,1.18809941353
2.64259783714,0.740518682106
4.82155662634,1.57901106975
4.30656344521,1.35377342619
6.91008261035,2.78672766501
7.58597331666,3.34946425646
6.74547849838,2.66704515762
8.33960045406,4.17790061972
2.1576889792,0.587027018674
5.17862180813,1.74811990352
9.87451063491,8.26417304078
9.59905501156,6.87264566626
2.09972707571,0.569299412729
8.8533378302,4.95949028679
4.01403374186,1.2343871759
6.08859132574,2.23976319641
10.0005991497,9.31133781867
2.38409579738,0.65751319809
1.83653091004,0.490357285538
9.90980270164,8.51559552578
6.24743072593,2.33653843325
0.631221859475,0.157843735911
1.20355851827,0.310196775623
6.05292400401,2.21854173287
4.31359203268,1.35671378691
4.26834609382,1.33784616576
2.47891175624,0.687637259179
6.28157313841,2.35784242617
7.60119800495,3.36373373484
0.817199226812,0.206331303665
6.09141652257,2.24145192563
3.90849595672,1.19268771292
7.80811627306,3.56627541619
7.51028060994,3.27971390736
5.81898778518,2.08367981489
5.61027708394,1.96925162301
6.59956306897,2.56557297102
9.83978562768,8.03940763432
8.70209431989,4.70277406837
4.94156394734,1.63457122448
9.78629773748,7.72870712008
0.797220352838,0.201076796219
4.91347996051,1.62145713851
4.18275260047,1.30254131655
2.99827836183,0.859466657506
4.68952755971,1.51928910916
8.79944099962,4.86493197636
3.17760538925,0.921672037817
1.08365495047,0.277495178663
5.93724273874,2.15093633212
3.85916577385,1.17343444336
2.50735120384,0.696744551764
7.13451292747,2.95980849956
9.17913297424,5.62355157314
3.65717593919,1.09612134869
4.26718297302,1.33736302934
4.0393024207,1.24447604494
2.34470990137,0.64510660241
1.60364242071,0.422540474402
9.59376046906,6.85225786991
1.27350212639,0.329473632777
2.87285155335,0.816867029754
9.37208700265,6.12124875896
4.03680856738,1.24347851291
7.98670162512,3.75544911507
8.71822653805,4.72892472834
7.81549908537,3.57381669219
0.786773632899,0.198333699982
6.30809549819,2.37451887712
6.68326304946,2.62327092396
5.95314815897,2.16012312125
9.96457503017,8.96452528535
3.82787743901,1.16129978037
3.65026779674,1.09351934444
6.97169503388,2.83305353419
0.0920751963282,0.0224081530507
8.25792702653,4.07353919636
6.26360067029,2.34660526617
8.48791868243,4.37943017575
9.69842810968,7.29011238902
3.59663500461,1.07341044797
0.968092477978,0.246380265674
0.327724088827,0.080696680542
9.51582095339,6.57004165203
5.22109189337,1.76902321368
9.30331149055,5.93219667824
7.96323609562,3.72975364435
4.22285891689,1.31902148573
6.52495953624,2.51525272573
2.61297816612,0.730865666187
3.54563318915,1.05443801196
9.09417281803,5.43253574755
5.88176701396,2.11915782623
7.12949746428,2.95580569239
0.556430952563,0.13860849412
7.98285507367,3.75121874525
5.72282753452,2.03030242341
1.3153632453,0.341082850485
7.7670024972,3.52469335122
2.49468586596,0.692684544041
2.0145766304,0.543483806816
4.92127262039,1.62508905245
4.77649364825,1.55846529891
1.52744326671,0.400747888532
5.85059433686,2.10147800302
8.97906185786,5.19516935443
2.74247829477,0.773349272819
5.55169088882,1.93805741312
6.97620263795,2.83647696464
4.06232048082,1.25370216743
9.74605041289,7.51815688651
3.91303016451,1.1944649072
4.74516149179,1.54427950361
8.48104105106,4.36971411455
6.32432630974,2.38477988092
2.64863949944,0.742492272816
2.5676741205,0.716173404505
6.73833500486,2.66197963321
5.33814505723,1.82756412305
5.90803604918,2.13415495671
0.271841158653,0.0667494771114
6.7347185845,2.65941913032
6.33003234738,2.38839730306
1.99823412766,0.538559723011
6.05570194154,2.22018805704
1.11468370883,0.285916478161
6.53102737728,2.519307584
0.501880190969,0.12467221208
6.04148250553,2.21177250536
6.78316731025,2.69394326314
9.31390690609,5.96039935873
1.86505752168,0.498793093211
9.96878003879,9.00259641059
0.214142339906,0.0524308638672
4.6736338056,1.51219572506
6.70604466766,2.63921038366
6.52217517257,2.51339427979
0.603533140893,0.150705163362
1.93870137471,0.520704377681
1.88021477377,0.503287048531
4.51165022751,1.44103599042
0.0651517858865,0.0158348941083
5.6574561286,1.99466034596
7.75213161083,3.50982307211
7.05880776063,2.90006507228
8.75999835333,4.79794707353
1.94586059696,0.522844820586
2.84130642129,0.806267255011
0.793719943771,0.200157322077
8.10919220274,3.89407889162
3.24451898853,0.945288655127
7.10253714463,2.93439880932
5.56592615112,1.94560098265
5.25067374057,1.78368783565
6.82168994875,2.7217411809
1.18533086246,0.305197635194
8.98180858993,5.20057668252
9.86138090422,8.17677696848
7.93961930311,3.70415847205
5.57196148463,1.94880617129
3.77254241196,1.13998323829
6.68803446677,2.62660084184
0.862967030894,0.21841049395
1.24649973819,0.322013860593
5.38869346995,1.8532779166
1.91584961771,0.513884555507
0.316734983735,0.077947831116
1.70364558589,0.451434464905
2.08624355208,0.56519358422
6.33208210347,2.38969806324
1.66312905245,0.439687413921
9.07639482244,5.39436062643
1.28610439879,0.332962871348
9.92880205012,8.66229653037
3.26778301455,0.953552456546
4.67041628267,1.51076220927
9.5276566546,6.6108850518
8.11602589979,3.90204592076
3.40234262952,1.00189813649
3.87361731279,1.17905933381
5.13128373075,1.7250263088
4.85073777874,1.59240710797
0.466614931368,0.115704350465
4.85075740265,1.592416141
8.0711506394,3.85018996141
6.08582280087,2.23810945654
4.39909657617,1.39276589624
6.34313668958,2.39672500339
7.93106247495,3.6949496201
0.730969928492,0.183731931797
5.99961193867,2.18715656193
4.93585655294,1.63190048415
3.87783192892,1.18070216966
2.86808539182,0.815262600167
6.8399634165,2.73503701526
1.40163342043,0.365180609661
8.27506515061,4.09507713923
4.98764680085,1.65624138669
0.680003918702,0.170470680081
2.96772672642,0.849022600134
8.99430804889,5.22533356607
3.71390638103,1.11759315349
1.50388023305,0.394047541325
9.8176476558,7.90606212729
2.08622564912,0.565188137156
5.07936076927,1.69994077573
8.95966665258,5.15731893919
5.15376217443,1.73596548438
7.1156436016,2.94478245723
2.15188155732,0.585245102173
6.03456197742,2.20768700275
6.21909658916,2.31899650529
9.16523542809,5.59128221899
7.94813273753,3.71335467051
4.86918209938,1.60091170457
9.27761539122,5.86510200733
7.27992049448,3.07875731786
9.14200659608,5.53826586079
2.53108391527,0.704370258157
1.00125374099,0.255269004585
7.58546421353,3.34898851006
1.51707412458,0.39779710596
7.56106877085,3.32629773444
1.2583219815,0.325277154026
0.277701890845,0.0682085178263
7.78410749922,3.54190860317
1.47161935214,0.384903136617
6.24567648951,2.33544875996
7.64092504566,3.40135941332
7.52211832921,3.29049376674
9.81448204678,7.88756690322
7.18416052183,2.99978421979
3.73563619384,1.12586710459
7.13433272597,2.95966457006
7.04791165922,2.89158353056
8.5409119906,4.4555981484
2.14775819524,0.583980689538
7.72837611667,3.48625191753
9.73803998679,7.47830179181
8.96262568809,5.16305640288
2.95812097947,0.845747945378
0.541633244169,0.134820325592
0.698182018394,0.175192456516
9.84794280367,8.09040635715
3.07285462784,0.885146684564
3.7102165174,1.11619091917
7.82738780835,3.5860089764
3.250462654,0.947397335866
4.69657508081,1.52244092023
2.71314522048,0.76366238555
5.99735313363,2.18583551545
4.28173237169,1.34341333269
5.73825536133,2.03878925803
5.4425928822,1.88099315339
9.4478724894,6.3477432595
7.52400868727,3.29221954102
5.93345283504,2.14875233627
4.53409516526,1.45077513141
8.33410269807,4.17073615959
5.83046243038,2.09012663051
6.14628589337,2.27447949021
2.47794973163,0.687329769492
3.10920001894,0.897759066432
7.44539298608,3.22144273404
6.82329643949,2.7229072163
0.166970408584,0.0407857033048
7.06767320114,2.90698740139
8.15729805669,3.95071442095
9.81099581173,7.8673566763
9.52167505352,6.59015932682
1.75013904271,0.464983308815
1.40331257738,0.365651976831
0.0431434240852,0.0104745339953
2.14154195361,0.582075720838
7.90594016852,3.66810883821
2.19562351682,0.598698227228
8.15370087665,3.94643441002
7.177782973,2.99461288482
6.10823529694,2.25152901563
0.46426825188,0.115108744819
0.210486155629,0.0515263185224
7.42271269755,3.20139365287
6.94307332542,2.81142548298
6.24899002431,2.33750741945
8.78641900699,4.84261632193
1.19534955915,0.3079441291
2.15799874281,0.587122100751
5.47279577863,1.89666000056
8.7855967647,4.84121396815
1.93971934863,0.521008615893
1.07353751512,0.274755444043
2.09528454682,0.567945880509
8.45343840122,4.33109806314
9.41393152756,6.24374268197
8.06441193494,3.84249575476
6.64418907068,2.59616850139
9.08733793714,5.41778945731
3.33442033856,0.977376721457
3.83132863601,1.16263536152
0.266596703789,0.0654445868758
4.38006899284,1.38469767179
4.05076339845,1.24906555732
2.14792997771,0.584033353088
2.69246830179,0.756856742707
2.76488358912,0.780773907271
0.345700736668,0.0851999924267
8.21193301229,4.0166447995
2.16367054014,0.588863705936
5.35124995186,1.83420498825
6.57622456975,2.54972112843
2.85971973577,0.812448981639
4.4997808971,1.43590115108
8.02315473154,3.79590180006
8.40043439379,4.25858958114
9.96278986348,8.94853781484
4.67063956869,1.51086166403
9.2887190831,5.89387233315
2.68393626202,0.754053921723
2.96144977524,0.846882261826
1.45192061122,0.379336020894
5.96855822617,2.1690563624
2.81245210464,0.796611143157
6.7465366373,2.66779637498
6.31128266368,2.37653043491
7.37018918484,3.15557631287
7.45364125371,3.22877445801
4.11013057352,1.2729758017
1.00466703051,0.256185732897
3.56841623958,1.06289527553
9.65287258632,7.08998317345
9.51169052088,6.55594489428
7.74339461799,3.50112782045
4.98270295897,1.65390749286
0.758270766275,0.190864816027
6.06681060408,2.22678246462
6.58922293221,2.55853730337
2.67136055952,0.749928500115
7.57259464369,3.33699236299
7.37601767412,3.16061908693
0.772858012198,0.194684445226
0.180098869746,0.0440211926842
2.33712837184,0.642725517351
0.493667348541,0.122580810785
4.9260579661,1.62732198949
2.27302348469,0.622683311912
9.35822804094,6.08197631246
1.96419457936,0.528334694405
0.848926342684,0.214698571826
0.740672511267,0.186264575303
1.73000577825,0.459107108822
8.62799286373,4.58607307982
8.53859466777,4.45221807981
0.849573877786,0.214869637909
9.88253806567,8.31916361831
3.5439163584,1.0538018762
3.23720954162,0.942697880272
9.2954716846,5.91153327258
1.06348883999,0.27203732058
1.625162005,0.428729792828
4.65900162888,1.50568326416
6.47839780091,2.48435625647
10.0081577364,9.39069319523
2.29425026243,0.629301888871
6.69618940853,2.63230245022
6.72478845143,2.65240194345
3.0669455838,0.883102205629
0.11986306325,0.0292107785487
4.7328809223,1.5387414631
0.018362149912,0.00445263238848
5.37326552413,1.84540148205
3.36418685814,0.988093258052
5.0214742114,1.67226984161
3.27714328391,0.956885173797
2.97664000482,0.8520650592
0.155341530694,0.0379233036652
9.89567549591,8.41187499246
1.30991483425,0.339568780567
8.93770503502,5.11514582163
6.52119257754,2.512738771
3.82400482773,1.15980197131
2.63471864445,0.737947193753
1.13721929731,0.292050674214
4.062205965,1.25365618206
4.37260223004,1.38153871108
5.35221851808,1.83469651236
5.9114335174,2.13610122646
7.98449192766,3.75301804699
2.24899218521,0.615211523837
3.63028865366,1.08600937099
9.37859076053,6.13989513101
1.68771574736,0.446809253245
2.14772511557,0.583970548394
8.93561088046,5.1111615817
8.70418736941,4.70615142459
2.0149646706,0.543600844269
0.609217842337,0.152169091185
9.38262445952,6.15153061459
9.87887550109,8.2939225475
1.41994275992,0.370325186431
5.1993861445,1.75831788004
6.81211829154,2.71480514402
6.10786112625,2.25130438283
0.722458805245,0.18151241892
2.64824968369,0.742364886838
7.60305021244,3.36547534619
4.33726318644,1.36664215858
8.07270935199,3.8519730919
3.66158151826,1.09778216967
2.14005573724,0.581620486057
3.02998898828,0.870353614968
1.22165403797,0.315169659937
7.24097350896,3.04633392885
7.96588836377,3.7326446548
7.95328955501,3.71894167887
8.81729399635,4.89585640408
2.72496723444,0.767561911705
0.0545001014628,0.0132391219512
0.484997228274,0.120374874887
1.1574417056,0.297568162632
8.96550729272,5.16865651169
6.15987492681,2.28272752897
3.89677487461,1.18809949512
3.94162829639,1.2057034489
5.596729269,1.96200315124
3.19053768886,0.926218898029
8.99392451333,5.22457023635
8.1921958862,3.99262452014
6.92837897379,2.8003944832
6.16477877926,2.2857107311
7.33734215945,3.12734732837
7.31341141651,3.10698143977
8.53261998745,4.44352453807
7.58574925242,3.3492548618
2.81661385796,0.798001558855
4.77595361997,1.55822011012
0.226141787448,0.0554018641429
1.22250170608,0.315402854736
9.30002913525,5.9235244099
0.98034908672,0.249661889987
4.2827431173,1.3438341954
7.43397234295,3.2113267831
2.09995568237,0.569369083687
2.47374352127,0.685985795659
1.75354413657,0.465978514757
8.91311979828,5.0687696793
0.4132767425,0.102201883723
7.33167649032,3.12251052216
7.21453307504,3.02456127072
7.27444602921,3.07417414814
5.43526974787,1.87720935209
9.20359412104,5.68138894708
3.4847320978,1.03197151984
6.15210131578,2.2780058799
2.61697242752,0.732165202519
6.36507758574,2.41073114679
1.49145658782,0.390522045143
7.14487718225,2.96810065884
3.42418724794,1.00983630282
9.85501177645,8.13546568468
3.06903878309,0.883826242084
8.47969378114,4.36781526892
8.44206411772,4.31535868885
9.14796409699,5.5517553302
0.137901471563,0.0336366866754
5.17470162823,1.74619928287
9.4093921236,6.23015797362
8.72204668871,4.73515784517
1.05725280589,0.270351996339
2.1563890132,0.586628033266
9.63371441424,7.01041438503
7.36875804684,3.15433966658
6.73400741859,2.65891592043
5.84113373284,2.09613717381
8.0129061836,3.78446198893
1.0479996349,0.267853381159
4.25433989802,1.33203452595
9.57293509592,6.77365226107
9.82304885824,7.93794075715
6.00264535696,2.1889317429
0.640687058149,0.160288726351
7.53314958388,3.30058156537
6.07844401987,2.23370722071
0.951786684647,0.242021217028
3.60946182291,1.07820488406
3.7537439204,1.13278303176
6.35144795386,2.40202126563
3.39327816567,0.99861162168
8.78526296957,4.84064489875
6.70254230869,2.63675324072
5.10435814165,1.71198609592
4.65612899699,1.50440672373
7.36019661778,3.1469545816
0.0968611138215,0.0235784436998
5.60463899348,1.9662325089
0.0321153864249,0.00779289262561
6.23902509969,2.33132147993
5.69529508716,2.01522860579
6.24059442512,2.33229464954
6.13579937287,2.26813325319
0.186230749424,0.0455338319572
1.018128655,0.259804510648
2.13370837083,0.579677198683
1.03654192177,0.264762960814
5.80377948464,2.07516104765
4.10129262038,1.26940166764
1.37143552245,0.356718810942
8.22512936259,4.03283559836
2.94064537719,0.839801473076
9.60449968999,6.89378779911
3.62777143305,1.08506478169
2.41102027816,0.666030278947
1.68730025326,0.446688730282
2.1233175408,0.576499260396
4.37889083656,1.3841989623
5.01834346084,1.67078204091
5.25330523014,1.78499655309
2.44035785971,0.675344109002
2.1880555714,0.596365431383
0.0713719762095,0.0173519861617
7.40009505951,3.18156000796
4.65257185042,1.50282690827
5.99646793051,2.18531800232
8.43038439459,4.29929989682
6.69019135521,2.62810757778
7.59864823723,3.36133821303
9.73798109049,7.4780111171
1.37447951324,0.357570465469
1.15302023952,0.296360759862
8.8920142873,5.02963750258
2.64377943979,0.740904545119
9.35449584225,6.07150568793
3.51291365796,1.04234245114
5.07174906267,1.69628455693
7.4404320144,3.21704343503
9.02878245409,5.2949235263
5.12396279603,1.72147394966
6.74515057288,2.66681239566
9.71640381447,7.373747443
1.19939356079,0.309053600821
1.27908879311,0.331019828736
3.96959665301,1.21674396001
4.06981333006,1.25671287597
4.27167231151,1.33922832754
8.17036635064,3.96632582208
1.85929394242,0.497086390418
0.659144361229,0.165063441998
7.27782921094,3.07700551587
0.10714916178,0.0260960294147
4.6803944939,1.51521054275
1.72991658052,0.459081106049
4.2599472699,1.33435957856
1.53168710119,0.401956583988
0.39913806198,0.0986349891257
7.1710106682,2.98913323052
1.58876079418,0.418269333657
7.04584390596,2.88997725641
5.69707256343,2.01619900079
6.22802002935,2.32450772228
6.35274035968,2.40284585378
7.60678736634,3.36899307923
9.49021228695,6.48390571438
0.69307288441,0.173864446584
2.8613807385,0.813007372364
4.02284688398,1.23790128747
5.98084357024,2.1762013115
9.88431171103,8.3314798489
7.40620302591,3.18690053995
9.8919331729,8.38511050868
0.33157497485,0.0816606743989
7.48656005686,3.2582530501
7.06039107475,2.90129994263
3.47139675534,1.02707912772
10.0490878486,9.87097997886
9.61451186196,6.9331424863
1.39154278301,0.362349885111
4.64576657929,1.49980732187
4.42696859975,1.40463197754
4.87058335636,1.6015590112
7.30101539619,3.09649736069
5.46533538225,1.89278093347
3.04235968251,0.874613734489
2.64521035706,0.741371904426
5.37871502292,1.84818076119
8.08824246925,3.86981298449
4.46219826394,1.41971212096
6.61613734467,2.57689227797
0.504462132952,0.125330068315
4.38075402646,1.38498769025
6.37985326382,2.42020806732
7.13338774444,2.95890993656
8.01858798978,3.79079771623
3.78073779588,1.14312879027
9.49214128309,6.49029085508
9.21940685221,5.71950804042
0.484073554669,0.120139980474
8.36957385755,4.21732887566
0.692372375626,0.173682419731
1.7019711353,0.450947884225
9.25712588921,5.81287274404
9.74278498979,7.50183271828
0.874726956938,0.221523732641
8.68009836022,4.66755655056
9.00409790441,5.24489770822
2.26269951808,0.619470636987
6.88150329654,2.76552930942
1.01459162193,0.258853167801
2.78607139188,0.78781559059
3.70487056596,1.11416073768
9.56095893657,6.72955098765
4.59200010442,1.47607878839
7.39497840417,3.17709506547
1.36484855862,0.354876895672
2.79830246417,0.791889656757
3.19135826381,0.926507684862
2.22953874034,0.609179514879
5.12751728215,1.72319806839
6.91721090276,2.79204333115
1.91252456979,0.512893796808
6.74991625741,2.67019723409
4.21405206225,1.31539325153
3.92746942401,1.20013290858
2.82149601858,0.799633651944
9.52958832257,6.61761526636
5.23514149212,1.77597722096
7.88702819032,3.64809305704
0.880656377519,0.223094927684
5.32978177273,1.82333532702
8.00469217444,3.77533113402
2.16999179794,0.590806178733
8.09879875476,3.88201057923
3.1648212901,0.917185458534
9.22063814689,5.72250099522
2.60586527665,0.72855316557
3.02062843811,0.867134959085
0.592158679166,0.147778595687
8.42494732484,4.29185961944
7.01820267732,2.86860424299
0.239070338431,0.0586068921643
3.10167457861,0.895142360152
1.10043967424,0.282047054421
2.96984642384,0.849745799742
0.799435970914,0.201658962502
7.12870508521,2.95517389033
0.798147891536,0.201320495678
3.52543630354,1.04696478508
6.74572254447,2.66721839603
5.20118523661,1.75920344355
6.90750196712,2.78480604813
6.50463441708,2.50171846158
3.11615395639,0.900179508582
9.28767856063,5.89116206602
0.777451435694,0.195888438628
9.73483439088,7.46253031515
4.28145497225,1.34329783928
7.08067652897,2.91717575107
3.40817567814,1.00401533721
7.30554802162,3.1003257456
7.34031275649,3.129887113
9.76980483005,7.64025473069
2.31765890774,0.636621309286
5.91340628255,2.13723204348
7.53661825014,3.30376206651
1.0970687375,0.281132214338
5.99478092958,2.1843320358
0.309795731881,0.076213592245
0.331807601777,0.08171891999
10.0374713826,9.72496307628
4.67305687258,1.51193862085
1.68881436208,0.447127958189
2.72743810253,0.768377709771
3.3797924714,0.993730137811
2.54125816123,0.707646600456
9.92737696948,8.65098694926
0.817432958194,0.206392841666
9.41905644454,6.25916953467
1.92071483643,0.515334949549
0.26137605486,0.0641463011506
1.29418698977,0.335203314359
2.721003412,0.766253750081
5.66161454598,1.99691243005
8.8537668169,4.96025755948
0.790594430129,0.199336611909
3.68600947122,1.10701127857
4.36139954042,1.37680672455
3.79757667281,1.14960442978
8.00460839435,3.77523817532
2.20919107245,0.602885883273
3.3334889652,0.977042154289
2.92336037575,0.83393384376
9.65251903055,7.08849141428
8.73009042012,4.74833375668
2.95569292241,0.844920890548
6.67530714579,2.61772850886
6.09282068046,2.24229167282
7.03984900765,2.88532616301
9.89127331729,8.38042112651
6.19229245813,2.30251520872
6.44634179338,2.4633066407
9.69650960748,7.28135049028
7.41179596856,3.19180086137
1.85237442494,0.495038942498
6.41261189239,2.44134900447
5.32547878503,1.82116237712
0.789064777247,0.198935048318
4.79664250632,1.56763083674
7.83441486782,3.59324373573
2.70798716323,0.761962903727
8.83432074669,4.92571313339
8.98764797979,5.21211165133
0.0293590440216,0.00712309698602
8.05778250006,3.83494952421
9.76102516915,7.59442427977
3.70252853035,1.11327184798
4.92420124743,1.62645536919
1.53738416674,0.403580103634
2.58263567791,0.721015874725
7.85254186884,3.61200450898
3.50769713302,1.04041947584
0.760467962141,0.191439769541
6.8774918708,2.76256832625
6.37288560385,2.41573459363
6.14098716137,2.2712707724
5.02667695867,1.67474427515
1.56205781077,0.410623758411
5.78678152535,2.06567430957
7.53261145055,3.30008850348
3.24956674816,0.9470793736
5.67028329797,2.00161376976
6.75288128966,2.67230548776
1.97219411143,0.530733862502
9.08214736428,5.40664903333
5.60706513364,1.96753122081
8.90121552009,5.04662186987
4.57519269641,1.46870756385
3.65220557527,1.09424894809
2.98691138464,0.855575725894
5.6514258038,1.9913981159
9.60239237751,6.88558354742
4.90808428181,1.61894549367
2.34797806771,0.646133720881
5.21720372646,1.76710216008
0.718229971967,0.180410370561
7.23976405172,3.04533380715
9.10926610285,5.46541343256
5.22142524124,1.76918798243
2.7879036225,0.788425465174
4.14854773205,1.28857210068
2.51935978599,0.700600175228
2.28065575327,0.625061045198
9.84727628296,8.08619971007
1.69926361683,0.450161304912
3.21671883496,0.935449502652
1.05339816528,0.269310829677
4.78184422701,1.56089593001
5.05838430916,1.68987791752
5.74621647092,2.04318003952
5.43033277734,1.87466171398
3.98771719726,1.22392336296
0.859970934089,0.217617952742
6.26325752394,2.34639121069
4.89214579649,1.61154107151
8.16257774403,3.95700972083
5.00827192781,1.66600187223
4.45166430656,1.41519342107
4.40451365313,1.39506769383
9.70930182714,7.34036654854
5.69137121562,2.01308775105
4.12409879116,1.27863517342
5.06342271523,1.6922912274
10.0514917749,9.90230065357
1.78579967844,0.475425688421
7.04201115332,2.88700264117
1.70341209819,0.451366609696
6.18190606725,2.29615815162
2.73125729344,0.769639206956
2.31027351965,0.634309712016
9.08390668398,5.41041942503
0.63407112169,0.158579485908
5.31947530532,1.81813387837
2.24460753958,0.613850678115
3.78889740977,1.14626457999
7.25357220782,3.05677606054
8.58770104734,4.52484915012
5.56381070795,1.94447851214
1.00738494312,0.256915941843
9.35121609344,6.06234074149
7.07389191247,2.91185465804
0.462614672699,0.114689139321
3.75421566816,1.13296346542
0.0798151399738,0.0194127423379
6.55064156762,2.53246036129
3.13051557,0.90518581142
7.45305723256,3.2282546197
3.60770464412,1.07754753401
3.99176991095,1.22553190459
6.25540799806,2.34149969471
3.23185259216,0.940800868904
4.71604651677,1.5311698583
9.41971318086,6.26115337196
2.84806548316,0.808534621632
1.1780101182,0.303192670186
5.54619204981,1.93514959099
5.2049490331,1.76105711255
6.45255812981,2.46737467151
8.71270037842,4.71993563705
8.36367942414,4.20952544007
5.56420330804,1.94468679041
2.44341841669,0.676317764025
9.14410336543,5.54300518088
6.6543184405,2.60316603973
7.89753448302,3.65919261097
9.70670040199,7.3282507995
6.21308045379,2.31528776956
4.16163506096,1.29390766023
7.44223832367,3.21864433416
5.37270368725,1.84511511861
4.80926696876,1.57339089515
6.16334560104,2.28483850261
0.781694771302,0.197001189054
6.62175090715,2.58073776573
2.75367748853,0.77705766834
6.51741012249,2.51021703491
0.157463227778,0.0384453042904
5.75939873031,2.0504675651
0.0836885610592,0.020358716504
0.817555011621,0.206424977127
0.205116626627,0.0501984867002
3.28205850309,0.958637028367
8.27800384408,4.09878912659
3.65416802673,1.09498806021
1.36251827651,0.354225605287
0.788453890379,0.19877469681
1.02185010695,0.260805849937
6.24142266172,2.3328084093
3.89127149965,1.18594812267
9.36698314949,6.10671344545
5.49296807352,1.90717914904
4.75609710226,1.54922144862
1.26241553195,0.32640809777
1.17500174009,0.302369221691
9.09286336708,5.42970380491
4.34346796304,1.36925120813
0.0526652555891,0.0127922515525
1.86832509117,0.499761202918
6.63649074651,2.59086353827
6.26633323293,2.34831050445
0.830208841861,0.209758866101
1.86100334784,0.497592454636
3.21099369684,0.933428072836
3.83058330196,1.1623468633
5.62163609772,1.97534538678
7.46337130518,3.23745125716
2.25647806125,0.617536613023
1.86402324279,0.498486737585
8.67096473083,4.65307841129
0.300662775142,0.0739329547099
1.1593142842,0.298079698837
3.23676323517,0.942539778131
4.83178243963,1.58369715239
1.96441804941,0.528401684613
2.76817621787,0.781866888821
7.6623276548,3.42186895316
4.56696619076,1.4651076327
7.42701734347,3.20518646806
9.58579065008,6.82188080975
9.66914048873,7.15961097277
9.85159872799,8.11360790343
9.12042474632,5.49000351553
6.59557389229,2.56285627882
0.706915869915,0.177464281612
8.82341113698,4.90654161923
9.61028962017,6.91647000629
7.72360301582,3.4815427537
4.70255782399,1.52511968432
4.27194214772,1.33934048786
1.73449892732,0.460417296966
2.93962632988,0.839455158369
0.197484418952,0.0483123387412
6.07893020944,2.23399704478
7.05183999391,2.89463801096
2.52405905396,0.702110612799
9.37810863974,6.13850806401
2.84861148074,0.808717870182
8.69759789217,4.69553411772
3.85511720209,1.17186092478
3.33277764966,0.976786666492
5.62213225631,1.97561190216
0.101026965874,0.0245975605762
8.05639646811,3.83337471239
8.16433640797,3.95911023689
3.48352565071,1.03152850849
6.90895714772,2.78588943203
2.41927036948,0.668645911577
7.34303182704,3.13221413013
5.85495706285,2.10394478728
2.57127995499,0.717339607766
1.96148598072,0.527522874436
0.212094097701,0.0519240851217
9.12338936611,5.49657777486
1.85420676468,0.495580957498
8.09326345991,3.87560716981
1.83909011071,0.491112914924
3.58619438554,1.06951475895
1.61462601209,0.425697572034
9.53789248716,6.646757961
7.15315391775,2.9747426115
0.869706505637,0.220194176369
0.677215098912,0.169747076243
4.75345319874,1.54802573156
5.06184473791,1.6915351509
8.32668346064,4.16110038222
4.40586781381,1.3956434309
1.78407955612,0.474920980853
6.68401475337,2.62379523308
2.42245855326,0.669657441686
10.0365007401,9.7131425631
3.05394242917,0.878609148804
9.78032373485,7.69630278293
0.336657043184,0.0829334442147
7.08917678446,2.92385854532
9.72841461905,7.4312434278
8.4226178922,4.28867875676
5.99195820548,2.18268317246
9.19868842069,5.6696810318
6.73755431142,2.66142666187
6.26407343641,2.34690020901
5.50231837393,1.9120701735
9.60389923412,6.89144732135
2.99586771419,0.858640979597
2.37589719137,0.654925511203
1.89769627508,0.508480245901
3.66948504001,1.10076443879
10.054030517,9.93581281503
8.31634949265,4.14774114187
3.10094213667,0.89488782663
1.04944607167,0.268243793685
5.12894539958,1.72389112041
5.29992147354,1.80829535746
1.52204114825,0.39921015113
9.81659382245,7.89988973275
2.70571388342,0.761214270666
7.63800416485,3.39857351433
4.53030995088,1.44912999692
1.90837449635,0.511657761519
0.614305936268,0.153480113235
9.84396490182,8.06540550907
2.88583705346,0.821243601066
6.94335732233,2.81163916234
6.16358034223,2.28498134448
6.45623224983,2.46978219122
9.16604571526,5.5931521842
1.3129478385,0.340411514212
1.31665374175,0.341441604527
0.106483053023,0.0259329487324
6.87870288076,2.76346184561
0.185683426528,0.0453987784272
6.89027065571,2.77201315285
9.82026679583,7.92146950015
0.83728131176,0.211624194525
1.57445154752,0.414169392756
3.58290250203,1.06828773179
1.41765794727,0.369682614613
7.55128300547,3.31725376259
6.96125612508,2.82514349262
2.38928250709,0.65915164942
1.21939560715,0.314548469112
0.830309502146,0.20978540491
6.78289052762,2.69374465959
9.52337503674,6.59603203076
2.24848053183,0.615052685456
5.45490364061,1.88736705097
3.59372831544,1.07232526581
7.73223452684,3.49006518711
9.58003899513,6.80018708796
4.99581345551,1.66010152446
5.64923211751,1.99021245871
4.21617380272,1.31626687781
4.47768170094,1.42636894925
2.77484248291,0.784081217551
8.9987546369,5.23420055306
7.27837509967,3.07746267029
5.65168269205,1.99153699753
7.01177665502,2.86366171987
5.32295734712,1.81988996924
0.351071600022,0.0865470293814
1.56405975205,0.411196136264
6.6107495776,2.57320706507
5.21717601798,1.7670884753
7.34991607289,3.13811553708
7.81122168249,3.5694446871
0.037227695713,0.00903567092156
1.81559774318,0.484185185022
5.30929743817,1.81300801074
4.26857481086,1.33794118118
8.48643655253,4.37733314539
3.5426671198,1.05333909944
1.65230493559,0.43655854447
4.40016745417,1.39322075911
1.67763580283,0.443887000038
6.28853067593,2.36220627961
6.7226802917,2.65091475056
1.14498919731,0.294169164964
1.26198294921,0.326288561811
9.90953801898,8.51361185385
3.68318779644,1.10594346804
8.39733742231,4.25441780055
2.4043778128,0.663926334706
8.26010072387,4.07626060952
10.0022815022,9.32878204633
4.55987028372,1.46200664359
6.09808795121,2.24544426394
2.33843620666,0.64313609805
5.3889336997,1.8534007591
5.51936182465,1.92101026926
9.09008214767,5.42369957904
9.8804490492,8.30473542412
0.20207388591,0.0494463621124
6.78328894766,2.69403054829
8.11514785939,3.90102082853
1.21597839869,0.313608847272
3.36099678551,0.986942551662
6.93294710702,2.80381851469
2.21085984045,0.603401440698
0.876545391412,0.222005480902
5.20925575118,1.76317987071
0.6740119199,0.16891622061
9.8102368699,7.86297871278
1.1054070755,0.283395774849
5.42282183597,1.87079083332
5.42442549361,1.87161679636
1.4873830275,0.389367168089
2.89358858467,0.823859824871
1.17932171269,0.303551763325
6.39405616378,2.4293518648
4.29743879403,1.34996138288
5.03944067978,1.68082519202
5.08485978547,1.70258553795
5.44090710229,1.88012161379
2.47657447381,0.686890265209
2.92543384523,0.834636979196
3.38007334651,0.9938317097
2.86926225074,0.815658668898
2.85618243718,0.811260242251
0.356850149099,0.0879971329639
5.3277319534,1.82229995895
8.70147502531,4.701775652
5.3959425293,1.85698743384
8.91169807896,5.06611416274
9.87437010223,8.26322111807
3.12982476831,0.904944774035
6.79072469172,2.69937216481
0.450700132974,0.11166785037
8.7153899193,4.72430649302
3.5744827796,1.06515209583
6.2336366661,2.32798290863
4.17491265777,1.29933254116
8.12883413014,3.91704759115
5.73963656296,2.03955047365
6.01117869219,2.19393234283
5.35559918749,1.83641288445
0.592964519814,0.147985819141
6.42035989488,2.44637566749
6.53039589729,2.51888528597
9.73891177149,7.48260835459
0.0515640001117,0.0125240832163
1.30507209227,0.338223796416
4.68114009584,1.51554325607
4.00844293573,1.23216050118
6.24096299542,2.33252326261
5.38214566782,1.84993201023
7.60848459163,3.37059230311
3.66023889844,1.0972759093
6.88349502819,2.76700079486
1.09737551378,0.281215456543
6.86543446069,2.75368951631
0.930579447483,0.23636329282
5.92170303314,2.14199350885
5.09676072554,1.708318989
4.30341931658,1.35245922905
0.447998752805,0.110983345749
5.35470141556,1.83595696818
2.15685410726,0.586770772507
3.7722383127,1.13986659562
7.717727077,3.4757577726
1.38616647188,0.360842987372
3.68491574796,1.10659732472
4.2088650588,1.31325879812
5.47504558927,1.89783099111
0.496049739338,0.123187305378
9.40228910357,6.20904947621
2.14609917757,0.583472140079
9.52561355406,6.60378640096
1.97849334641,0.532624722543
1.55743404172,0.409302274558
6.67454813797,2.61720039865
1.53848499431,0.40389393417
6.48423701937,2.48820988919
7.70210532964,3.46044312514
5.43816850486,1.87870642525
7.23851659344,3.04430268388
0.0117557386397,0.00284972516891
1.37736575623,0.358378255067
2.62666247809,0.73532070029
4.52993734661,1.44896811415
2.82573000554,0.801049932144
4.5560076871,1.46032027425
1.68905734297,0.447198451767
1.91806971287,0.51454629371
8.91638974734,5.07488816529
4.70347207966,1.52552929577
9.79666257971,7.78595247554
4.08063424069,1.26106729396
8.65873099195,4.63381757353
9.3297712755,6.00323543161
5.16719610578,1.74252623218
4.8695698459,1.60109080606
6.78037724457,2.69194199711
5.48184253671,1.9013720546
2.02865748896,0.547734296886
1.68707939382,0.446624667653
7.21561526211,3.02544866919
5.82266278959,2.08574272482
1.3816337602,0.359573248356
3.18619778557,0.924692104625
3.03951636789,0.873633929196
9.79956199658,7.80220533707
5.19749850386,1.75738907014
6.09066542108,2.24100285108
7.43742926565,3.21438443707
3.61874579354,1.08168085573
6.8652977966,2.75358906179
2.41980426529,0.668815274475
9.43165888588,6.29751801127
1.94731525205,0.523279954833
5.71522694171,2.02613199361
1.87842981492,0.502757405197
4.31742211966,1.35831754525
7.53123788458,3.2988304248
4.99016250386,1.65742984566
8.05760534047,3.83474817946
7.20251851626,3.01473054001
4.09327836811,1.26616508971
8.18817602978,3.98776069118
9.99706144486,9.27505085198
0.805541133087,0.203263835842
8.12638602418,3.91417322062
1.8478153731,0.49369086641
3.50361824093,1.03891690546
3.95397129521,1.21056979314
3.54013966381,1.05240307472
3.52316756041,1.04612671213
9.93137268644,8.68282864698
3.58816266771,1.07024871273
7.93951965789,3.70405103701
0.511818181886,0.127205282231
8.40322637036,4.26235653979
0.505125744126,0.125499178819
8.65135948503,4.62228363308
2.24450753463,0.613819648664
5.34453772423,1.83080136693
3.16839756412,0.918439734669
4.38752972725,1.38785810443
1.32163383116,0.342826540621
7.5570270876,3.32255842717
9.09977085757,5.44467917975
1.48343579071,0.388248617049
6.56979294419,2.54537041898
8.13419407999,3.92335246738
4.13712128606,1.28392302875
2.65679856488,0.745160036005
4.9623400608,1.64431763299
6.15077575272,2.27720163611
0.763493012702,0.192231570855
1.93097275682,0.518395769431
6.12489736591,2.26155273731
2.43907243555,0.674935290917
8.24333667136,4.05534930484
9.09587444012,5.43622067285
3.59109673923,1.07134320343
6.17822952385,2.29391179731
4.66997510566,1.51056571447
9.42796998382,6.28623141393
0.64710947667,0.161949098178
9.64063013903,7.03884372357
9.12792845227,5.50667740391
8.43124432141,4.30047869712
5.15378241264,1.73597535511
1.08446018231,0.277713360152
4.04854517915,1.24817661558
5.96395905784,2.16638684804
1.13525950393,0.29151661516
3.92345050882,1.19855401869
6.02224473122,2.20043217283
6.46730737451,2.47705349204
6.14375260818,2.27294490784
2.85124233195,0.809601030294
7.67713543575,3.4361587331
8.56713651302,4.49417389165
1.27991465997,0.331248481871
2.76115830554,0.779537887092
2.52327474162,0.70185845538
5.05882645245,1.69008960262
4.01448046324,1.23456517982
9.59572135328,6.85978916425
2.19038858289,0.597084341147
9.34048964906,6.03260096243
5.90118800624,2.13023662875
6.09618037713,2.24430207119
3.83993540201,1.16596923553
7.29567507591,3.09199434079
1.13361002037,0.291067207041
6.25225351262,2.3395366567
7.21118538365,3.02181815596
3.67460554697,1.10269849658
0.742987234311,0.186869164438
5.32876656434,1.82282248911
2.27876113886,0.624470590244
3.03397806417,0.871726541708
7.29102644447,3.08808120347
3.84346567968,1.16733800298
5.05860954805,1.68998575297
5.77521815075,2.05924133952
3.85699836304,1.172591933
3.73839321402,1.12691885652
6.25298561328,2.33999210496
2.01691507512,0.544189192681
5.4509809398,1.88533429375
6.48087642725,2.48599131205
8.10461371652,3.88875536446
4.99695721286,1.66064262475
1.91239076264,0.512853934808
7.5801776878,3.34405374498
6.03252335116,2.20648479058
5.78447816942,2.06439156889
2.39430990626,0.660740808821
4.92417902617,1.62644499928
8.99906438996,5.23481941709
6.64953419169,2.59985854097
3.90642191814,1.19187521237
1.82305079005,0.486380940551
8.10106873416,3.8846413513
9.32819326817,5.99894130858
7.73565676593,3.49345229998
9.08399499753,5.41060884059
8.60553052321,4.55175509346
5.5825079347,1.95441704073
5.01600091356,1.66966939478
2.88694602718,0.821617722363
4.53561281111,1.45143503899
1.1634450125,0.299208471575
5.31637498377,1.81657134504
8.87426757278,4.99720399699
2.63062210929,0.736611282663
0.075141335298,0.0182717769577
3.31880539433,0.971773487879
4.05586502687,1.25111122214
6.9643550235,2.82748903968
5.52390047409,1.92339644708
4.87007597022,1.60132460612
2.59573385493,0.725263014684
7.58919252273,3.35247465237
2.78049222149,0.785959435845
0.618845468538,0.154650375371
9.54856580204,6.684724844
0.720957742167,0.181121180725
0.487205497421,0.120936537962
1.11258859135,0.285346956155
4.88589801506,1.60864460488
6.20442326466,2.30996062715
1.53811059566,0.4037871939
1.83454299656,0.489770493133
5.43016623899,1.87457582035
4.59753619274,1.47851155318
1.61452848611,0.425669521709
5.69403919613,2.01454319368
6.60993748209,2.57265206913
2.5115195227,0.698082204781
1.09251062483,0.279895722235
2.2204441712,0.606364547533
3.74120835069,1.12799323906
9.42256393462,6.26978322602
2.84340140451,0.806969807753
5.20793450965,1.76252844472
4.04203792141,1.24557069646
8.77975215903,4.83126863057
4.03974058927,1.24465135216
0.707008984091,0.177488513422
2.34402134094,0.644890256035
5.17968549135,1.74864129226
6.6029495606,2.56788156206
7.03670399759,2.88288961486
9.55462895175,6.70655416719
6.92552423831,2.79825712095
3.34456747811,0.981024694878
5.80364643251,2.07508664884
8.58920222367,4.52710331605
8.86072010094,4.9727272004
4.20157493927,1.31026201246
8.7246368308,4.73939295456
3.43809147127,1.01490225086
8.06066579241,3.83822873183
3.20112187541,0.929946397104
0.951419791311,0.241923223009
8.927547513,5.09588006803
9.12402705305,5.49799417133
6.42608010273,2.45009330624
3.54617118956,1.05463739034
0.720835100692,0.181089218086
0.4918491959,0.122118056244
5.61712183148,1.97292182846
0.633277840171,0.158374619075
2.22052574494,0.606389782191
8.05436960634,3.83107358684
3.27194923377,0.955035283116
2.18687140171,0.596000613102
1.5852595945,0.417265530089
3.63735093101,1.08866141838
9.19945327787,5.67150280386
2.76797095109,0.781798736849
0.472468830405,0.11719073943
6.12883032025,2.26392467981
8.83232132759,4.92218843848
2.54476737519,0.708777652685
2.98008748008,0.853242821962
6.36034234375,2.40770166992
3.7572237659,1.13411430866
6.32320344942,2.38406864862
0.0379810693889,0.0092188651514
9.85729936682,8.15022436113
1.18083655663,0.303966567527
1.77238060014,0.471491067165
3.70098802224,1.11268734139
7.77132384792,3.5290312911
2.22299556634,0.607153937664
3.31540177985,0.970553820014
9.14380789006,5.54233677075
6.38628737604,2.42434616068
7.72418362765,3.4821151108
3.43077568592,1.01223548438
0.0792903586454,0.019284606996
3.70413711711,1.11388233229
5.62012423525,1.97453345478
2.94465196927,0.841163548749
1.73239042456,0.45980237803
7.58971083147,3.35295968317
1.06948539712,0.273659005208
3.12818622421,0.904373140064
1.32890057985,0.34484877241
9.00571936633,5.24815299752
8.34188830743,4.18088816745
2.91649579107,0.831607411368
2.1873117003,0.596136253759
3.23652964805,0.942457034913
1.52795812232,0.400894494264
2.58540748701,0.721914039405
4.6071378049,1.48273652618
6.57017297687,2.54562728226
0.296994926202,0.0730176270172
7.10364892121,2.9352779343
6.39919747266,2.43267015369
6.78072617628,2.69219219151
6.59896861834,2.56516795211
1.4821552696,0.387885856774
0.8589844675,0.217357063486
9.10398745791,5.45386535951
6.04418717044,2.2133710223
3.04938798929,0.877037348392
2.27130902932,0.622149509088
8.56133522991,4.48558850681
9.01218202803,5.26117021033
6.68957995242,2.62768037765
6.71508933695,2.64556711369
1.62022360962,0.427308079002
7.28706292033,3.08474964517
0.109036385154,0.0265581288099
5.29242253412,1.80453258803
1.57806371296,0.415203725317
7.67567913411,3.43474972058
1.79632021069,0.47851479371
5.14950986356,1.73389238711
5.25018787905,1.78344627785
2.83843538113,0.805304774545
8.12741746255,3.91538384726
6.41098797048,2.44029674416
1.63324739357,0.431059254279
8.47887253414,4.36665851384
5.7342414952,2.03657843817
6.84433420536,2.73822780285
6.46551893387,2.47587785928
2.77919937677,0.78552951268
1.14444252558,0.294020053809
7.38525114724,3.16862887228
7.95046376109,3.71587859413
1.26904458771,0.328240631147
7.29085729335,3.0879389313
6.377842146,2.41891603328
0.169083491513,0.04130618457
7.29278987547,3.08956490263
7.58126294592,3.34506599067
7.05152871648,2.89439583967
5.75075495923,2.04568662869
2.53670259952,0.706179069375
6.17037617934,2.28912023456
1.65780119364,0.438146825212
4.66423321177,1.50800976409
2.21446705765,0.604516238395
6.44556020541,2.46279563368
1.24546399588,0.321728169062
5.4919379624,1.90664090004
0.664211709823,0.166375922559
9.16635863605,5.59387471421
1.07441634644,0.274993305808
2.21560052327,0.604866635386
3.53381350737,1.0500617762
4.80425386935,1.57110200896
4.67423297859,1.5124627685
3.48750148698,1.03298874799
2.12747884047,0.577771466399
3.51933621563,1.04471205704
7.42210104231,3.20085519477
2.82427837346,0.800564266166
1.69144230437,0.447890482752
4.46757154013,1.42202024238
3.15540230837,0.913885050311
5.13788744769,1.7282350193
3.81676513239,1.15700429885
1.3194916561,0.3422307185
7.6356082948,3.39629069694
4.46825391748,1.42231351518
8.27615292687,4.09645050789
1.18919154223,0.306255629737
2.40970922721,0.665614873399
1.43951492237,0.375836414699
0.021226996495,0.00514804939895
9.79397115496,7.77096022342
6.59763292347,2.56425814006
6.50735450408,2.50352546291
1.52959642041,0.401361059194
0.268118018881,0.0658230396763
7.64210370425,3.40248448936
0.110623545927,0.0269468224893
4.25777276154,1.33345767713
7.17838832934,2.99510328472
3.01898224001,0.866569339957
1.17770441838,0.30310898204
6.31769148478,2.38058026234
7.85871451095,3.61842548072
4.08815962522,1.26410007864
2.08280677649,0.56414814744
4.31709226743,1.35817938662
4.92196745051,1.62541314925
9.11695542533,5.48233210108
5.00582968925,1.66484411878
0.794402484926,0.20033658265
2.34041471766,0.643757359503
8.50620640914,4.40545196931
0.725105056873,0.182202290196
5.73717991307,2.03819671261
6.88303226599,2.76665882968
7.2037314869,3.01572126893
3.46334889218,1.02413123611
8.95554259077,5.14934459905
6.65242828243,2.60185878822
5.42225280304,1.87049781929
6.55346661706,2.53436052537
0.92814597976,0.235714887203
6.06752526991,2.22720731058
4.35328947639,1.37338667796
7.08124710734,2.91762376948
6.54873991248,2.53118210295
5.65348558365,1.99251191452
4.20734211923,1.3126324566
6.30569662902,2.37300592219
0.75276316579,0.18942419425
3.20944058624,0.932879984948
9.89619069389,8.41558231855
4.32638927378,1.36207638871
3.153104748,0.913080651531
0.215882368881,0.0528614654324
3.60065294328,1.07491128554
4.07193994512,1.25756803912
4.58970316128,1.47507012521
0.225911551839,0.0553448255245
5.0614334764,1.69133813574
1.01723704956,0.259564664404
1.37839484976,0.358666337069
9.77837033099,7.68579824293
3.4711899367,1.02700332723
0.203633237024,0.0498317842555
3.00370526352,0.861326447536
1.99272155869,0.536900958175
5.10086974375,1.71030164937
9.31407204756,5.96084147648
4.99602752628,1.66020279025
9.96597426626,8.97712888596
1.22541123884,0.316203438441
4.79971226493,1.56903021993
5.97317087685,2.17173659044
3.59723184965,1.07363333261
6.30513875816,2.37265420799
6.63322733751,2.58861812172
9.71774726137,7.3801127658
6.40261979984,2.43488144524
1.15843673111,0.297839962696
3.13083695277,0.905297957612
4.26882233593,1.33804401408
4.28451954081,1.34457405053
8.69482198398,4.69107499679
5.64313356009,1.9869192466
2.85976234174,0.81246330321
9.82441337844,7.94605957198
2.69162767068,0.756580450205
7.50424718619,3.27423761835
9.06145601653,5.36273018219
3.34149335608,0.979918958307
8.67867719418,4.66529823671
4.57698174074,1.4694911443
5.97166736028,2.17086263859
9.44683492737,6.34449854971
3.68783277185,1.1077015174
6.27959222627,2.35660137608
3.3218442662,0.972862958969
0.0230735376874,0.00559638481304
1.7092874923,0.453074656322
2.24714872587,0.614639285457
3.14662132028,0.910812144213
1.09238777559,0.279862405101
10.0095618814,9.40571859357
9.38626908274,6.16209091549
0.388511398813,0.0959574748244
1.37481824802,0.35766525552
4.13911046443,1.28473173866
5.61443486687,1.97148041029
5.87982698843,2.11805384183
0.613955943104,0.153389910171
2.76262893918,0.78002575836
0.653130009585,0.163506581209
5.55686021795,1.94079409958
4.05885491539,1.25231090016
2.61251480615,0.730714955681
9.25758969266,5.81404293211
6.16493431673,2.28580540924
7.50318748856,3.27327702139
9.26294645706,5.82759833783
0.817220868863,0.206337001631
0.611566943382,0.152774285448
7.59289078845,3.35593754876
4.16419977526,1.29495461192
3.3652010467,0.988459202704
3.44533353418,1.01754497009
3.98946186111,1.22461570063
9.51385800786,6.5633323248
3.61323869189,1.07961837785
5.27038062003,1.79350546297
6.90127403067,2.78017467873
6.08766061991,2.23920712921
0.905619285019,0.229720605306
2.34902945865,0.646464242175
0.653782749358,0.163675500624
6.49079835278,2.4925472404
2.19056940745,0.597140070335
6.60878656762,2.57186573279
7.64782433216,3.40795231295
6.08410667802,2.23708490754
9.45142941066,6.35889893987
8.55146039241,4.47104260177
3.09472678297,0.892728957138
9.12689701761,5.50437881255
3.17591930099,0.921079840512
3.12483679328,0.90320504376
2.33448380347,0.641895491063
0.218637885177,0.0535435205773
9.94608796775,8.80374922608
8.46529026431,4.34760521963
7.72882876207,3.48669896397
0.66514855721,0.166618648989
0.562956259354,0.140280792273
4.64398635788,1.49901802077
5.13315967183,1.72593739657
5.56766613305,1.94652461131
8.09019756832,3.87206754566
5.4779279502,1.89933202205
6.19958687926,2.30698956266
9.35405180023,6.07026287139
1.14995090648,0.295522939551
4.1809286996,1.30179444974
0.0216414479817,0.00524867009434
1.38383899785,0.360190915786
8.80421860506,4.87316990178
4.6674739763,1.50945203643
7.55172109213,3.31765793671
4.13700594058,1.28387614259
4.39275400154,1.39007355188
7.66317574761,3.42268516012
8.27437155152,4.09420183453
5.48831963337,1.90475119204
5.7219802821,2.02983719041
1.92060904423,0.5153034023
4.81843024303,1.57758013777
6.41894355732,2.44545603072
3.04489306567,0.875487063597
8.2448184974,4.05719063456
6.02506383277,2.20209074617
0.218202775983,0.0534358083428
4.95972680748,1.64308960677
5.45755487594,1.88874187418
9.28444663834,5.88276265159
1.71821080767,0.455671020941
6.71760209394,2.64733601193
6.11545626441,2.25586810071
1.30761846191,0.338930913713
6.58727660895,2.5572152084
4.66322358455,1.50756061005
8.40023534069,4.25832123529
4.72953825756,1.53723619424
0.573244236125,0.142919674838
6.22856472531,2.3248445294
6.49950251599,2.49831282968
7.88587252686,3.64687516242
3.14939908185,0.911783810169
1.86160927679,0.497771862819
6.32496738963,2.38518603956
2.11293068306,0.573326600047
5.54243367329,1.93316409572
5.35879243238,1.83803519194
9.72026978906,7.39210893575
6.2855470431,2.36033396818
3.92368331876,1.19864545408
7.10592521597,2.93707886151
3.18402394498,0.923927692813
5.14723820538,1.73278561206
8.0796091679,3.85988174747
5.5366754113,1.93012516902
6.67715988404,2.6190180983
9.94856006748,8.82465432797
10.0469060557,9.84289174668
4.82065914742,1.57860021311
5.00253518776,1.66328320196
5.51107103398,1.91665733356
8.52902699253,4.43831113092
6.28862807707,2.36226742532
6.77177878698,2.68578460537
3.00367800736,0.861317103414
9.77723380338,7.67970690506
4.48806729009,1.43084407754
3.94419941765,1.20671635107
5.22002258236,1.76849474347
2.84880140458,0.808781615885
9.10089966364,5.4471350364
7.247124797,3.05142678719
9.93617557305,8.72165147117
0.630681598566,0.157704251783
6.97621019403,2.8364827073
3.4541759783,1.02077550985
8.46354215871,4.34516355991
0.0295935287128,0.00718007010683
4.97529959995,1.65041660808
1.82680695096,0.487488286773
2.16410266213,0.588996445208
8.11207129826,3.89743235154
0.932219482802,0.236800381326
9.99097170359,9.21380392001
8.83619786361,4.92902679024
6.7990514651,2.70536755206
7.90213284756,3.66406629915
8.76239858214,4.80197207699
3.03658635532,0.872624652473
0.00520644694081,0.00126169834639
9.51660619841,6.57273070031
1.1618026825,0.298759623033
9.75592633332,7.56819149442
8.105244272,3.88948785012
4.06705764163,1.25560518552
8.53965296291,4.45376114767
3.07226033694,0.884940988756
6.25961331713,2.34411908487
5.18338784469,1.75045694059
1.95608449314,0.525904735623
8.86610944657,4.98243545733
0.848622138746,0.21461821118
1.93912586551,0.520831239187
1.81860137575,0.485069856855
2.01607163154,0.543934746959
9.33620464297,6.02081943672
0.653026871066,0.163479891535
6.0350698295,2.20798658232
9.52233712216,6.59244483412
5.31998697191,1.81839184822
5.60528079746,1.9665760002
8.38719288913,4.24080150503
0.703936468547,0.176689054236
0.0616830014197,0.014989267209
2.12306961368,0.576423483901
10.0435708042,9.80055932352
4.82453990928,1.58037727523
0.18648800645,0.0455973134228
9.30503441652,5.93676095944
2.68888386617,0.755678850602
3.54249082386,1.05327379808
6.38840348773,2.42570864562
5.10088577273,1.71030938669
2.91712022773,0.831818945022
9.05640520819,5.35212650576
4.58359997177,1.4723920049
0.254058765875,0.0623277597099
4.97827454841,1.6518187868
2.49715929349,0.693476905465
8.80027553202,4.86636897294
6.72945963189,2.65570038854
8.49777847073,4.39342585408
4.42231055765,1.40264493453
3.19557178746,0.927991089629
5.44086852566,1.88010167345
7.42708906075,3.20524970715
2.31636701764,0.636216797343
6.10527017437,2.24974946661
8.98844285943,5.21368598966
3.23414759824,0.941613402481
1.49736409142,0.392197811001
5.77524386885,2.0592556286
3.16127726612,0.91594311841
3.12073237625,0.901774399504
5.13205375128,1.72540024397
4.39212095026,1.38980498975
9.17773448114,5.62028528923
5.28175974481,1.79919208944
8.25368688797,4.06823922719
3.48703689022,1.0328180672
2.49089232898,0.691469777604
9.84545847543,8.07476300702
5.01070935026,1.6671578815
8.0344742527,3.80859867933
0.694183227522,0.174152996041
0.732494782207,0.184129789769
7.95544968239,3.72128575196
9.09544155564,5.43528272639
1.04421473161,0.266832076022
1.05073623681,0.268592078262
4.7187392117,1.53237939944
9.26484682126,5.83242510268
0.0549820198151,0.013356504855
8.71191153972,4.71865512997
5.82362515211,2.08628321645
4.53532085114,1.4513080744
6.13144967386,2.26550565612
1.08179426619,0.276991090569
9.63980812649,7.03544746463
4.15899403768,1.29283001967
9.83983372802,8.03970530617
9.79794526218,7.79312950316
0.750578180567,0.18885289985
0.963449967115,0.245138397247
7.88543158441,3.64641063325
4.55534309868,1.46003023743
7.17902740655,2.99562110712
6.70596136123,2.63915191027
0.544275071501,0.135496201398
7.96993151523,3.7370582401
6.80543194307,2.70997140482
7.34892345376,3.13726376404
6.5959424731,2.56310716347
5.61560876652,1.97211004401
6.62889251332,2.58563864776
1.38187543687,0.359640932336
1.29967311253,0.336725186321
1.47374447217,0.38550446986
5.47548460811,1.89805955787
6.12898941644,2.26402067755
7.13772469906,2.96237518875
0.703609338964,0.176603951287
4.76069042889,1.55130017215
6.46598674016,2.47618531829
2.78514745957,0.787508108191
2.26094626878,0.618925463159
0.719153323905,0.180650957452
5.84506321172,2.09835410106
0.819970843983,0.207061127582
2.57240079475,0.717702222797
0.611699181059,0.152808357968
1.25028358752,0.323057849436
1.2035647993,0.310198500001
4.03810183129,1.24399576358
2.06067159889,0.557425356827
8.91872330721,5.07926379393
0.436736491924,0.108131626687
3.79502482547,1.14862199182
4.35944530222,1.37598218321
3.90742662771,1.19226877215
9.59228924166,6.84662220531
7.40932662146,3.18963612097
5.49093919626,1.90611914075
9.04562147029,5.32963764792
0.103214705118,0.02513292778
7.46425417453,3.23824006192
6.68737563567,2.62614078508
2.97032296537,0.849908415488
3.14710327863,0.910980706822
2.89247736649,0.823484607543
0.648371613638,0.162275525978
7.50455422744,3.27451601526
6.47443963612,2.48174743787
3.34762862612,0.982126254704
7.14627269298,2.96921928917
1.56994740938,0.412880250317
3.38592711879,0.995949535947
2.2939268478,0.629200914588
5.69000964778,2.01234531447
1.8751595065,0.50178731358
3.97497686163,1.21887344393
7.56332063828,3.32838357718
6.54457526869,2.52838500271
6.04132446362,2.21167913092
1.02979913521,0.262946067027
3.16138148087,0.9159796415
2.92580770157,0.834763779044
6.312837311,2.37751223208
4.22839148506,1.32130350109
3.3924481023,0.998310881966
2.24434905435,0.613770476333
7.17600169752,2.99317043345
0.886431940553,0.224626310318
4.34045279703,1.36798301681
1.36285694501,0.354320249106
3.69587962397,1.11075007451
8.45421594427,4.33217765754
2.83004119825,0.802492869073
8.70437581715,4.70645573062
4.23602009687,1.32445351677
2.41852867255,0.668410649011
3.49656574571,1.03632107279
2.37910844252,0.655938741568
4.12744357747,1.27999226699
1.51003472544,0.395795877942
9.09098454767,5.42564613015
1.11103209658,0.284923934181
7.83052738333,3.58923874134
1.5956231741,0.420237975724
7.29468284006,3.09115857562
7.67894313439,3.43790884587
2.74923460185,0.77558582933
5.11310336259,1.71621394445
9.26111666363,5.82295967365
4.82872307876,1.58229424112
8.92645740269,5.09382131914
7.42331003003,3.20191961502
4.78264963405,1.56126201212
8.99198073296,5.2207052443
1.16433509862,0.299451765913
7.51809651713,3.28682610215
2.90988191277,0.829368005787
4.34599295306,1.37031372836
0.384776797356,0.095017183292
1.02132503079,0.260664542046
8.48771793343,4.37914603696
4.01915519294,1.2364286738
5.55507931778,1.93985093512
5.30169641834,1.80918681364
3.88231190001,1.18244963305
8.23245268763,4.04186649252
2.08733379197,0.565525317622
5.26288949307,1.78976893433
5.33413172448,1.82553392922
8.2874003153,4.11069561194
4.21851658246,1.31723187447
7.16180745424,2.98170600748
3.33976710035,0.979298254221
8.22680674857,4.03490119757
6.74739949877,2.66840912507
6.35374560813,2.40348741768
5.89486816941,2.12662601336
1.56510954243,0.411496336097
6.24104018078,2.33257114103
3.94637085274,1.2075721177
6.274346382,2.35331782742
2.85066710101,0.809407902048
2.35332077013,0.647813740307
7.80217877204,3.56022705993
8.37851719157,4.22921571367
8.01300483287,3.78457185387
2.14879571009,0.584298778688
4.46396113165,1.42046913419
0.321403721682,0.079115311884
5.71282355148,2.02481471577
8.95482590288,5.14796141225
9.75237998692,7.55010822569
4.95968489669,1.64306991691
1.26640199373,0.327509951336
2.5838894683,0.721422107106
4.02110019396,1.23720442477
5.3418537865,1.82944170754
9.42883379831,6.28886974825
5.79536288843,2.07045912374
2.37823116254,0.655661896627
4.61593601003,1.48661430508
0.17259117582,0.0421704163898
0.951823126632,0.242030950576
4.65264680917,1.5028601889
4.6256938095,1.49092212227
0.893651388548,0.226541867247
9.73036204826,7.44069264365
4.55021880841,1.45779505455
6.82275377391,2.72251327333
6.59145066251,2.56005141719
10.027773618,9.60931913968
5.68483234883,2.00952426038
1.89528613295,0.50776362308
7.3091009972,3.10333082593
8.46914679332,4.35300032466
0.569503263372,0.141959784541
4.25979350158,1.33429579068
4.20714878619,1.31255295556
6.88267186382,2.76639253765
5.28962823637,1.80313194146
2.46210658212,0.68227133447
10.0448140633,9.81625497774
4.9745057718,1.65004258795
4.89996611416,1.61517133642
1.32819286594,0.344651753333
5.46459410978,1.89239583651
4.19997297224,1.30960396874
9.46595370729,6.40497979574
4.1403436439,1.28523322603
6.19568767058,2.30459680778
9.36660646845,6.10564405857
3.89120575539,1.18592243328
7.37979880198,3.16389598607
3.39933387529,1.00080676567
3.40410336977,1.00253703571
8.76548139171,4.80715131491
6.17865282272,2.29417032776
2.67087661798,0.749769881523
4.30804065914,1.3543911192
1.35104664765,0.351021890654
9.33827763047,6.02651208265
3.86798258947,1.17686464543
5.15624417826,1.73717631822
5.00618404061,1.66501206702
2.18219417788,0.594560180964
7.41340530392,3.1932126942
4.09260570639,1.26589362538
3.52220670736,1.04577185865
9.46501514034,6.40197602267
9.3537314228,6.06936656261
6.29338008383,2.36525243383
6.81857930927,2.71948494943
8.04554214259,3.82107645381
9.74188610101,7.49735787422
7.86671432228,3.62677193089
7.96873505432,3.73575134122
4.82143490439,1.5789553427
0.564745742218,0.140739595904
0.856849605891,0.216792553928
0.19043365666,0.0465711566957
4.43799938707,1.40934388365
7.0879687678,2.92290771978
5.12967317554,1.72424437775
5.20020127678,1.75871907181
0.177178827524,0.0433011877429
5.20957430004,1.76333695389
7.92762436002,3.69125912785
2.4583734382,0.681080908088
2.82400004725,0.800471158686
4.04267477515,1.24582561234
2.16694762031,0.589870537049
4.67910299624,1.51463433748
6.79403725857,2.70175552182
6.03640905194,2.20877675688
7.8271862251,3.58580174589
0.753357411561,0.189579590726
10.0190492329,9.50969707174
0.803096464296,0.202621077385
6.21733907174,2.31791248431
0.323979979456,0.0797597751102
6.21097636207,2.31399197849
1.16672117049,0.300104087692
1.5936325281,0.419666749214
5.61032633081,1.96927801017
7.49097585429,3.26223414776
2.02830601911,0.547628112486
1.41811558971,0.369811306866
6.88648227575,2.76920940184
9.11421638615,5.47629220837
8.46573107725,4.34822130294
7.90988744658,3.67230694706
5.44607616055,1.88279496093
5.39669149042,1.85737101149
5.67315578327,2.00317357696
1.53331295938,0.402419804146
5.48357710594,1.90227653791
0.709913139568,0.178244402726
6.16115677154,2.28350697824
6.29812434785,2.36823616557
5.2097384374,1.76341789738
5.81932349889,2.0838681917
9.97536112782,9.06337796936
7.36650758579,3.15239628913
2.04657805723,0.553154405757
3.32075259188,0.972471525902
7.55348243448,3.31928359735
8.11730575951,3.90354088696
7.32002321779,3.11259161779
4.73783064935,1.54097210305
1.44329002153,0.376900835996
6.66222371978,2.60864088372
2.94814814961,0.842352716786
0.8819705725,0.223443301624
9.37028562301,6.11610886289
6.46765703077,2.47728340396
1.98597879189,0.534873526185
0.0588378842672,0.0142958942015
5.18298351573,1.75025859147
1.29804899301,0.336274551918
5.855181311,2.10407164857
3.04991404727,0.877218847446
4.53365736157,1.45058479684
8.97319298468,5.18365499414
5.36648512677,1.84194777725
2.76386085237,0.780434509832
7.46059136184,3.23496913742
9.49506620262,6.50000404429
5.71932798286,2.02838135572
8.1373155254,3.92703160037
3.05759782553,0.879871397541
8.62650358361,4.58378300435
3.53617684574,1.05093618475
7.42633034165,3.20458076311
2.31818840186,0.636787121624
2.10068276548,0.569590685062
5.98665688507,2.17958942271
3.9654397324,1.21509990361
1.78520953889,0.475252521783
9.44429788752,6.33658243464
6.9401716814,2.80924333902
5.73463306836,2.03679402825
7.97456457246,3.74212545059
2.90065413249,0.826246927775
6.82190776982,2.72189924935
7.33913595825,3.12888066956
4.69967979089,1.5238306884
1.31109395242,0.339896369754
5.80427354924,2.07543733348
3.69388018164,1.10999223419
5.78248240229,2.06328066067
4.84655085823,1.59048059022
7.61749726156,3.37910187638
3.73191367663,1.12444774053
3.06772654245,0.883372314077
2.66753438395,0.74867469447
9.91425833549,8.54922869722
5.58174190518,1.95400907392
8.74172875928,4.76752248452
4.88206658008,1.60687002582
8.31721865207,4.14886198149
7.85344678489,3.61294479156
3.30489189925,0.966791437716
7.82064027849,3.57908180716
0.16755359366,0.0409293388676
9.56828693,6.75644254711
5.63396412761,1.98197597894
4.83550932077,1.58540723658
2.11220760301,0.573105886592
0.362999516378,0.0895412233212
7.88024849739,3.64095680434
3.06171473132,0.881293779919
1.69677048604,0.44943722927
1.41841184732,0.369894620133
9.48407349044,6.46369444988
2.13825824547,0.581070017796
2.18329343388,0.594898640732
8.12360357137,3.91091032494
1.39760226794,0.364049363808
2.99423676314,0.858082513625
9.11257386282,5.4726772976
6.59567916997,2.56292793638
8.54703578272,4.46455259518
7.11081458699,2.94095159126
1.87894627849,0.502910641636
7.95026474246,3.71566300575
7.50291130212,3.2730267244
7.28539590877,3.08334976635
1.77022043251,0.470858264949
8.24130802488,4.05283070536
2.65969279861,0.746107050994
6.55720992495,2.53688056553
9.96914377805,9.00591723531
8.50846119518,4.40867930963
9.82062220638,7.92356763307
9.98503434598,9.1555108021
3.36893073726,0.989805432964
6.6252022377,2.58310501075
0.587010639898,0.146455175915
9.04945210608,5.33760289207
5.00800930356,1.66587734818
7.72113621618,3.47911249644
1.36236553088,0.354182920391
0.420463556363,0.104016934844
4.53553686259,1.45140201064
4.60349727884,1.48113374782
5.72686502487,2.03252064043
0.51838975241,0.128881715351
4.14782853405,1.28827922393
7.80322289016,3.56128960419
7.85350657416,3.6130069301
1.72556726917,0.45781353249
0.888006623748,0.225043999452
9.47951713388,6.44879892332
6.59422409317,2.56193771749
0.425204112743,0.105214903605
8.37362529102,4.2227066955
3.07029684813,0.884261507756
7.20311735498,3.01521960944
3.41878281787,1.0078700087
3.06565491036,0.882655867697
2.04161735889,0.551652847825
3.92023599423,1.19729187224
4.94849942404,1.6378205126
1.0797889508,0.276447934322
4.66043500101,1.50632047192
4.43334191727,1.40735330934
0.269355044649,0.0661308132707
5.70657015271,2.02139055452
7.83260633999,3.59137973593
7.57422698422,3.33851071296
5.81896822511,2.08366883972
4.22061580334,1.3180968676
1.83636198391,0.490307416519
2.58879331279,0.723011608667
4.49261891564,1.43280791022
6.99826360572,2.85330027891
10.0545367932,9.942550293
4.1092665239,1.27262614642
7.38389746738,3.16745297317
9.54441008617,6.66987307613
3.52453528175,1.04663191404
3.52785528877,1.04785866936
5.67632477324,2.00489552958
5.32890587613,1.82289285693
7.38965235862,3.17245592242
0.497064120845,0.123445585476
6.51226483105,2.50679081496
8.71114131788,4.71740548064
1.6031080131,0.422386967978
8.69564812706,4.69240124643
3.53539648202,1.0506474249
1.51991202836,0.398604349289
6.79569205288,2.70294698701
2.07917877268,0.563045018482
2.87005590015,0.815925805192
8.69475559236,4.69096844571
4.22574171938,1.32021029178
9.58747233054,6.82825966828
6.56121590604,2.53958027886
1.35130917121,0.351095160127
0.76624681271,0.192952592636
7.4076401483,3.18815876769
0.323506052763,0.0796412075114
9.73493035958,7.4630010266
1.66606724129,0.440537421786
6.07239704359,2.23010536404
0.742402307375,0.186716371786
7.20295725538,3.01508884723
0.531883052188,0.132327463316
7.93833918201,3.70277863058
0.0968871554883,0.0235848131258
3.56294129122,1.06086029474
8.8265077852,4.91196833514
8.55012228133,4.46907807238
8.99635323046,5.22940794831
9.5485998825,6.6848470096
9.21406510731,5.70656530424
9.4835726268,6.46205265724
8.03679404975,3.81120879099
5.78269463479,2.06339877248
7.25523764518,3.0581597133
4.88251591191,1.60707807402
1.83186630685,0.488980606897
1.15787662435,0.297686960893
3.83226747541,1.16299880807
0.32945847131,0.0811308028533
5.03237254943,1.67745593829
8.97291819456,5.18311718056
8.72878157661,4.74618505333
5.21965152873,1.76831138927
0.828191789424,0.209227135565
9.98627152904,9.1675450487
8.41130995706,4.2732953468
3.76576239295,1.13738394264
2.81839742676,0.798597676619
2.66901510795,0.749159840152
7.07627644468,2.9137235176
2.48796428645,0.690532566345
3.70428435716,1.11393821974
2.07367498503,0.561372475524
8.92887643555,5.09839214329
9.69395081026,7.2697122812
6.43762136856,2.45761112849
7.54548499836,3.31191077557
3.53126392743,1.0491188058
2.02172382646,0.545640370756
8.17597958595,3.97306167677
3.28655312819,0.960240060634
2.03354859399,0.549212446148
8.90982195604,5.06261424624
9.10145836654,5.4483514633
1.15633684486,0.297266394984
1.84025190407,0.491456021904
2.82916636876,0.802199999678
3.88210224358,1.18236782673
8.95856825563,5.15519255904
2.69986121869,0.759287918778
6.30176870322,2.37053058922
7.88589154365,3.64689519841
5.2432747325,1.78001178553
8.14596370698,3.93725348389
7.86013656262,3.61990710064
1.78251181762,0.474461074207
1.01599423215,0.259230379096
6.73523496904,2.65978457993
7.68318043739,3.44201601066
7.45264469085,3.22788748118
5.52936645671,1.92627321634
3.81458132007,1.15616101604
6.76269745965,2.67929797858
0.94915354861,0.241318015069
9.99652600205,9.26960465489
3.57192715138,1.06420112348
9.59428283031,6.8542619036
7.32706201123,3.11857807698
0.670759118951,0.168072778446
4.66048943808,1.50634467523
2.67397199934,0.750784610993
2.56004565302,0.713708001614
9.32903637824,6.00123468145
3.8443764434,1.16769124898
3.01067350972,0.863716499807
0.988008750107,0.251714919273
6.66213285863,2.60857788866
0.948429582168,0.24112470844
8.43058345281,4.29957271894
4.51464445575,1.44233301601
6.76708048168,2.68242657415
9.8812443833,8.31021866537
0.450459747975,0.111606931391
3.64185746112,1.0903552068
4.62088639861,1.4887988394
9.50713835017,6.54050100588
6.03137553482,2.20580816024
7.26589102296,3.06702888914
1.32186027646,0.342889532221
6.97877954152,2.83843619293
9.87462109387,8.26492151032
1.02238878862,0.260950827689
9.93650661892,8.72434990283
6.25823486677,2.34326017722
0.693639413596,0.174011668674
1.16721371395,0.300238764183
1.45392858023,0.379902927146
4.6765652537,1.51350250627
8.72078536103,4.7330980783
8.08604429629,3.8672805621
3.50609729121,1.03983002231
8.35232528181,4.1945629077
8.22396069672,4.03139747295
5.59003578243,1.9584297437
6.35474057279,2.40412258172
2.30627576814,0.633059329463
2.24566046455,0.614177402322
6.615038319,2.5761401039
1.22674501337,0.31657052469
9.61091198953,6.91892054387
2.10515850559,0.570955243311
3.77181486139,1.13970418249
9.98648380366,9.16961575231
1.7920814974,0.477269733197
1.49397565637,0.391236484216
6.44962219959,2.46545253909
3.28859624754,0.960969092721
0.814234856018,0.205550961274
6.43924007556,2.45866735591
8.2367391502,4.04716771485
8.11012562037,3.89516560418
5.50306069255,1.91245888446
2.75942143057,0.778961815863
9.41359895861,6.24274490066
0.656352042169,0.164340507419
4.9937686659,1.65913444872
2.37760182665,0.655463314907
1.56628135252,0.4118314718
0.00240959822769,0.000583847464503
8.63994333828,4.60452633897
3.57987003811,1.06715793825
9.8416780519,8.051146038
9.97357939819,9.04677474169
0.467823565233,0.116011167007
8.4941388023,4.38825025488
7.01656612102,2.86734456416
8.9684290456,5.17434757979
1.81585324408,0.484260426444
8.67955214642,4.66668834248
1.57889839936,0.415442796568
5.98602089233,2.17921852847
5.47030901876,1.89536632445
6.85347637969,2.74491512156
5.47919832051,1.89999387411
6.32913540297,2.38782832315
6.90422248199,2.78236620014
0.795176523978,0.200539889632
5.68634550407,2.01034843058
5.31632582673,1.81654657827
5.25435573971,1.78551919538
9.94723084459,8.81339197893
9.51501139806,6.5672724017
4.3248294983,1.36142215419
1.43257394452,0.373880537888
7.79871648053,3.55670692015
8.94028407673,5.12006139325
8.29632386457,4.1220559913
6.38857696782,2.42582037613
0.338763500229,0.0834611836689
1.99103793094,0.536394565556
9.08894734539,5.42125388288
3.96098546872,1.21333945669
9.11391455553,5.47562753608
3.6792564794,1.10445649976
6.72660282614,2.65368260102
9.22531847568,5.73391070821
1.54648680402,0.406176331939
8.02826667102,3.80162771508
1.75553095993,0.466559387601
5.20662222863,1.76188160589
8.57291567788,4.50275618491
4.14795805825,1.28833196711
7.8822790839,3.64309203171
9.24479449308,5.78196101916
3.02433762689,0.868409876386
1.80862667661,0.482133183918
0.930295385632,0.236287594853
5.40889069215,1.86362715122
9.91230063277,8.53439487339
7.48253325903,3.25462821854
0.345741843213,0.0852102993584
3.36894416005,0.989810279235
0.717784679441,0.180294354293
0.161363505389,0.0394051752649
3.8502384373,1.16996606818
7.53047710808,3.29813388762
2.57517723594,0.718600687714
2.9701590397,0.849852476045
5.20441183136,1.76079245605
1.42876256035,0.372807195087
3.95632376769,1.21149836164
0.49527177931,0.122989240732
9.81816572987,7.90910217206
3.93688567611,1.20383616132
2.67197639137,0.750130362256
7.95113891429,3.71661009832
0.909373263585,0.230718521994
3.41054149005,1.00487456273
1.6006931599,0.421693429568
2.62954303537,0.736259508159
8.68873052808,4.68131789593
3.5527144095,1.0570635353
7.41604165081,3.19552723802
9.71423019976,7.36348320213
8.89354751734,5.03245959984
2.75479661031,0.777428548586
6.97637612487,2.83660881876
6.22586552054,2.32317595191
9.52183981263,6.59072789008
8.49251165907,4.38593994904
7.79288178178,3.55078601171
8.29527329861,4.12071583362
1.36084055816,0.353756805735
8.15296068658,3.94555462936
2.86855202511,0.81541963679
0.566760449887,0.14125624624
4.87094195436,1.60172469165
9.42793859973,6.28613561083
5.62699971591,1.97822801455
2.3748952101,0.654609445633
8.64645749389,4.61464323512
5.67130169545,2.0021666643
5.68204220084,2.00800526807
6.36005207993,2.40751608743
6.56515138644,2.54223534396
8.75673349585,4.79248261343
8.53999019084,4.45425305112
7.06630417068,2.90591717079
1.09708285112,0.281136043935
2.98607319048,0.855289052328
5.41303673676,1.86575697201
9.39843100579,6.19765894341
1.17781421335,0.303139039101
8.39976320982,4.25768486609
8.33385450421,4.17041321063
4.84955584695,1.59186311696
3.69582323966,1.11072870023
6.5966447708,2.56358527192
8.99337952279,5.22348597545
9.13538953052,5.52336842324
7.50363025307,3.27367833427
1.42321192753,0.371244883915
3.37287850523,0.991231174414
1.794921057,0.478103743535
1.70439562245,0.451652449911
8.61061467401,4.55948120742
7.54782443943,3.31406523583
1.75308384279,0.465843961469
5.32116408753,1.81898542315
1.3887721027,0.361573191522
4.62255533592,1.48953575086
9.65768269235,7.11036808936
8.54670538629,4.46406865102
8.29149633924,4.11590371455
9.40804175156,6.22613113697
2.73570135604,0.771107910144
7.64521098152,3.4054529556
9.37696270178,6.13521429625
9.36044447075,6.08821544919
8.01388096636,3.78554781066
3.45227007576,1.02007884282
8.32586729149,4.16004265908
6.74088988332,2.66379013592
0.648141351487,0.162215969834
8.32460455679,4.15840709252
8.00117886534,3.77143590728
6.58121600452,2.55310287857
7.67581796602,3.43488400983
2.24041137248,0.612549028364
9.3474712675,6.05191741129
1.95468203171,0.525484768836
5.12367747601,1.7213356059
4.87702514004,1.6045369493
5.1931318934,1.75524181954
9.52033634658,6.58554443928
0.27743798888,0.0681428004657
6.44182300696,2.4603536841
9.50814481435,6.54390731097
9.21551878188,5.71008079133
7.9834472143,3.75186950158
6.17042115622,2.28914764998
8.7148662244,4.72345481635
9.05596744752,5.35120960078
4.25309255179,1.33151761977
4.80878286352,1.57316976974
1.35039600806,0.350840308582
0.515092699749,0.128040482841
0.793985429993,0.200227047047
4.54229767542,1.454343864
2.07180449234,0.560804309154
5.83620214865,2.09335768055
0.534706735575,0.133049145718
6.03865855876,2.21010458851
7.53237416283,3.29987112096
9.85070758474,8.1079324225
5.09005571214,1.70508712184
0.956185678355,0.243196451493
1.25135135008,0.323352531618
7.67518474807,3.43427157016
1.69070668638,0.447677011984
2.00966234186,0.542002077511
5.38604985603,1.851926495
7.79399965802,3.55191931124
0.434888132914,0.107663916335
0.54028571184,0.13447564856
3.69205924712,1.10930225428
5.5325064144,1.92792729877
9.53235866254,6.62729951637
3.33610318038,0.977981344931
6.89787962935,2.7776540869
7.84401308891,3.60315986464
0.437371962256,0.108292447016
2.80716152188,0.794844716779
6.54590369606,2.52927687209
5.25805201776,1.78735901785
8.39759939904,4.25477042527
5.22043158065,1.76869686352
1.4096503916,0.367431913609
5.85636518602,2.10474149592
9.12416509986,5.49830090008
4.21032724612,1.31386030278
4.76349020152,1.55256807237
8.9665163229,5.17062045222
8.7037950505,4.70551802642
1.20280163476,0.3099889912
7.57527258815,3.33948378813
0.993324730527,0.253140767564
8.78669412098,4.8430857124
0.387428983807,0.0956849095588
3.63432819155,1.08752596324
8.91258615376,5.06777259387
0.826305742667,0.208730043508
3.1458529272,0.910543426123
9.53042224485,6.62052642553
6.47381552472,2.48133633753
8.15636571181,3.94960438565
3.35886745251,0.98617476665
8.17346543435,3.97004244594
8.07347327473,3.85284746968
6.71934164036,2.64856133455
1.53241726978,0.40216460423
7.34408641255,3.13311724633
1.43859219627,0.375576313667
5.79531799249,2.07043406654
9.66956220255,7.16144217985
1.28664179933,0.333111772601
7.3691724784,3.15469771347
2.20904365927,0.602840345866
3.49445725746,1.0355455224
1.28467814567,0.332567732938
9.84158263176,8.05055283072
2.75636858885,0.777949600548
9.35534809582,6.07389278168
4.84213046316,1.58844826646
3.91761692478,1.19626399573
3.74618729077,1.12989456595
8.72254321088,4.73596914255
4.70063354978,1.52425777793
6.19561256923,2.30455074437
8.98058182107,5.19816015916
2.64461052359,0.741175978989
8.43044581093,4.29938406866
8.26362452357,4.08067866792
8.16802651904,3.963523427
6.43121119602,2.45343281784
1.08438139031,0.277692010229
9.98485958105,9.15381553546
8.61291857607,4.5629902624
3.54415986081,1.05389209101
2.77709912502,0.784831252792
5.80832204954,2.0777024548
9.3783475632,6.13919535261
5.57936189607,1.95274197262
4.16759301445,1.29634045816
5.90655937217,2.13330950499
0.285617034962,0.0701803712869
8.43894224773,4.3110561502
10.0037391155,9.34399577236
4.14638091394,1.28768981893
7.68779975211,3.44650121442
5.726980493,2.03258410837
8.4644806785,4.34647413505
1.02767313457,0.26237347619
9.80292830495,7.82120993171
6.38056596982,2.42066610376
3.54756511217,1.05515404075
2.84727288507,0.808268632721
7.3133870217,3.106960764
1.70812452881,0.452736475715
0.652268538306,0.163283662765
9.77804259028,7.68404014751
1.3531784518,0.351616932832
7.35512157069,3.14258720332
0.511462591379,0.127114602011
6.19236432453,2.3025592518
5.35838452266,1.83782789693
7.98697055843,3.75574515317
6.96765496792,2.82998919819
2.95802609479,0.845715620192
2.73538689609,0.771003956753
9.99676334456,9.27201728283
9.01361324754,5.26406225985
9.59218756502,6.84623319659
4.94016803658,1.63391775093
5.97044708417,2.17015355269
6.58718955951,2.55715609407
3.51996253354,1.04494325851
7.13897879232,2.9633781194
8.77041880817,4.81546895416
3.81303239804,1.15556307089
6.66771795591,2.61245307534
4.94846427857,1.63780403612
7.21512422697,3.02504597874
2.11795215651,0.574859899954
5.72008122324,2.02879471901
2.09553177624,0.568021185995
5.64524733004,1.98806018438
8.38375890506,4.23620918659
7.77888195743,3.53663669689
1.4042283622,0.365909090545
5.15455336709,1.73635139983
4.16626053143,1.29579616119
0.455094161935,0.112781660039
6.25446875364,2.34091504
2.3877703623,0.658673859952
6.88419798645,2.76752034677
7.08333003522,2.91925997254
9.45836005925,6.38078089836
1.96081985732,0.527323264918
1.06521340033,0.272503595118
4.66494046678,1.50832444989
9.10779159952,5.46218225291
8.59810160121,4.54050884229
2.90885871362,0.829021739318
6.99669008215,2.85209655152
6.32466584038,2.38499498359
0.74134348365,0.186439813336
6.96833586593,2.83050538511
8.6658373919,4.64498770324
8.85315192295,4.95915785238
0.961303782915,0.244564504502
9.57940958996,6.79782461169
9.20235894158,5.67843586691
5.34943690251,1.83328517088
3.93847533323,1.2044618923
9.85598164828,8.14171221738
6.28293316796,2.35869485017
5.47837223999,1.89956347315
9.04798751468,5.33455446926
7.89245743829,3.6538226792
6.6179898303,2.57816063699
1.82931107818,0.48822679814
3.25848041327,0.95024470151
7.39559183339,3.17762993795
5.23085449632,1.77385325699
3.04821357056,0.876632201631
9.34650292124,6.04922923168
2.99752564613,0.859208813163
4.57698077876,1.46949072289
9.57738938279,6.79025691372
3.50531179056,1.03954065987
1.79897990454,0.479296359327
7.86863137475,3.62877622837
2.97695660646,0.852173196671
8.82602576332,4.91112283631
3.07541246166,0.88603219603
6.59318237796,2.56122904495
0.411199802949,0.101677593711
6.51376112899,2.50778670333
6.27919949156,2.3563553998
9.33378086628,6.0141800078
8.8527153757,4.9583774052
3.99873600337,1.2282992195
5.53735960735,1.93048605915
2.8117650981,0.796381693491
8.28207743033,4.10394384702
0.707263783393,0.177554822993
8.97424237393,5.18570991055
4.15922521071,1.2929243286
10.051689648,9.90489643404
1.52694942034,0.400607273347
1.64163460472,0.43347798645
8.64708189129,4.61561513398
0.863016085838,0.218423472295
4.58040989133,1.47099332587
1.85364429701,0.495414564232
8.3459180834,4.18615913471
6.66290061699,2.60911023456
4.54723920977,1.4564962978
4.55324905516,1.45911658562
5.39075652703,1.85433306781
0.683828383663,0.171463341874
2.73802171671,0.771875103906
7.45442278152,3.22947026782
1.98337515333,0.534091100796
0.692828657199,0.17380098275
6.65044032892,2.60048464321
5.64240112758,1.98652402796
2.39359371045,0.66051435735
7.02894103541,2.8768856022
9.48866571869,6.47879828472
8.42282675928,4.2889638004
6.59314506165,2.56120366265
7.52578061613,3.29383828781
1.99007781246,0.536105832485
0.945504976436,0.24034396133
0.647947194318,0.162165753173
1.83554368235,0.49006585827
5.80537091589,2.07605110189
3.07119154834,0.88457110284
5.15911530276,1.7385777203
3.20274387539,0.930518122154
1.53283123866,0.402282548998
1.11448511063,0.285862487015
4.91352759686,1.62147932417
4.6218537675,1.48922594994
7.17762062915,2.99448138636
3.31814636921,0.971537282782
0.616106296841,0.153944168532
0.547668491124,0.136364632161
9.67485354868,7.18453439571
9.5607157849,6.72866367022
5.49586592662,1.90869394871
3.54335610968,1.05359432304
2.08611766394,0.565155282387
8.97474745308,5.18669956476
6.56360024097,2.54118852706
4.94119992931,1.63440079861
5.05797238323,1.68968071585
3.96181195663,1.21366601296
3.91567757969,1.19550315726
0.140468575681,0.034267194197
9.04503107633,5.32841228161
8.47955419152,4.36761861403
9.06597405517,5.3722539146
3.62295245854,1.08325745979
7.35376945549,3.141424924
1.20286388576,0.31000608008
3.42462834579,1.00999685629
4.14550996256,1.28733527464
1.50833914571,0.395314083384
5.47098716869,1.89571904851
7.63300039948,3.39380824416
6.97194267394,2.83324148902
1.72303670634,0.457076317194
2.61194817104,0.730530666779
5.1994001673,1.75832478123
7.53282959504,3.30028836544
4.64898536844,1.50123508202
8.5904215636,4.52893578508
9.26242335289,5.82627134383
2.41957246796,0.668741742101
7.85970393995,3.61945626221
7.62853824269,3.38956647422
5.24231248991,1.7795341144
8.43699335304,4.30837397555
2.2859306236,0.62670569463
6.20366459011,2.30949432658
4.55490333943,1.45983833823
5.66134225766,1.99676490365
8.16506798147,3.95998453892
5.37513204382,1.84635306847
7.27277772176,3.07277913867
7.08052257613,2.91705488108
5.28955016198,1.80309281789
6.00619431483,2.19101023538
4.00107154975,1.22922771827
2.28413449824,0.626145559097
5.88329833945,2.12002958421
2.01757153677,0.544387248714
5.27083548186,1.79373252661
5.38534369211,1.8515656269
8.88917342497,5.02441701718
9.30347713448,5.93263512845
3.46352657321,1.02419628198
6.21203565992,2.31464425553
7.15334551438,2.97489657561
2.47471506618,0.686296160307
1.74231327097,0.462697584332
0.178643706423,0.0436623618971
0.481368612933,0.119452229342
0.600794120913,0.150000117488
1.12010174469,0.287389885416
3.22935561258,0.939917129939
2.03669178339,0.550162819845
2.48539278106,0.689709767798
8.60305148731,4.54799654226
5.50040048091,1.91106616146
6.55537297981,2.53564359199
1.76211786176,0.468486124745
2.78424285018,0.787207093327
6.97221866673,2.83345097991
0.312149840194,0.0768017887102
7.13967376143,2.96393407871
1.07968847846,0.276420723687
7.18123049902,2.99740702652
8.53898605615,4.45278863944
7.60946620621,3.3715177079
2.67062178563,0.749686360743
8.21419331098,4.01941050557
8.29142545785,4.11581349569
9.93110265152,8.68066382698
3.36088783855,0.986903262306
7.80860721889,3.56677618877
0.407403872202,0.100719658187
6.62658368985,2.58405317306
0.333758201473,0.0822073688192
7.75904556181,3.51672565639
4.18207957873,1.30226569558
9.40645741148,6.2214149203
4.67189021157,1.51141879187
5.87802523834,2.11702898376
7.63114583496,3.3920443962
1.53735009615,0.403570391217
6.00301688169,2.18914924952
2.14248512844,0.582364662876
1.19193267427,0.307007093379
1.59801209594,0.42092366328
1.19725025685,0.30846552366
2.80795618476,0.795109959562
1.88253049905,0.503974352494
5.99299499895,2.18328867668
8.93238052177,5.1050281729
2.92033829472,0.832909380853
3.40706956294,1.0036137157
1.48193592117,0.38782372263
7.65345547188,3.41334639765
3.63791807799,1.08887451812
3.83039072972,1.16227232936
8.87530470374,4.99908781445
8.09789356991,3.88096230092
1.70782763502,0.452650148729
7.07626592529,2.91371527001
3.87961270977,1.181396636
2.57380357575,0.718156126381
1.86608665008,0.499097960802
1.70427913691,0.45161859417
6.87384018187,2.75987594743
0.36480862215,0.0899956681447
0.604396063923,0.150927328232
4.48894484037,1.4312225822
6.77376224313,2.68720361134
4.08973728946,1.26473635914
6.85540029817,2.74632472834
0.669322548139,0.167700370923
6.38201595828,2.42159823235
7.95073659687,3.71617417591
4.10718428644,1.27178372905
2.03546797164,0.549792745255
7.88559645905,3.64658431711
3.81345045983,1.15572444507
1.63362483586,0.4311680517
0.759633454457,0.191221383182
8.69037128998,4.68394224278
1.19347507815,0.307430033531
4.66890315242,1.51008834456
3.82507616053,1.16021624001
9.68587174404,7.23332042217
6.01466974031,2.19598103247
3.15748994239,0.914616178001
3.63257640445,1.08686816358
1.65524738189,0.437408711198
6.4507326971,2.46617939874
2.90556422596,0.827907161769
4.32256966944,1.36047459417
7.25783335999,3.06031778443
3.58733984224,1.06994186249
6.34156249278,2.39572313594
4.22348953868,1.31928149199
2.11639153695,0.574383265456
4.75062746539,1.54674841791
9.69139472394,7.25814065437
6.11021827121,2.25271983081
1.00842919845,0.257196554227
5.56959256222,1.94754761236
0.49998281279,0.124188887882
6.48798121682,2.49068405153
2.15938257699,0.587546913771
3.06721130279,0.883194105971
0.362503640959,0.0894166746473
2.20682198249,0.602154148885
0.312985224496,0.0770105509905
2.72606402025,0.767924000618
6.54716259353,2.530122357
9.17654377756,5.61750769824
4.12700074518,1.27981255222
7.70538629572,3.4636517596
8.93563737336,5.1112119459
7.30382158412,3.09886685056
1.7928188288,0.47748626871
0.677802358748,0.169899432647
6.660159435,2.60721008624
9.47201195336,6.42445648928
7.03277314576,2.87984760846
7.3706398549,3.1559658645
1.56798822198,0.412319714588
8.65975595868,4.63542555779
9.2915498796,5.90126077758
2.05947969618,0.55706387416
0.298441364393,0.0733785516476
3.63743108917,1.08869153589
6.89459975958,2.77522097336
1.77312253322,0.471708447215
8.59793438646,4.54025629045
0.118817141286,0.0289543928978
1.8424752607,0.492112767702
4.43204020096,1.40679724913
0.143177383205,0.0349326793397
6.8436394938,2.73772037129
0.809865625748,0.204401250284
3.58321811306,1.06840534735
9.97504939082,9.06046498559
9.79567924133,7.78046440068
2.99143122918,0.857122144073
1.33714733084,0.347145723228
3.51381020721,1.04267309756
0.93831895053,0.238426636549
2.001714447,0.539607543222
5.32689926936,1.82187949186
2.18367094317,0.595014886096
2.58873992157,0.722994297285
1.64455052292,0.434319441452
1.85825953752,0.496780208152
3.04955136298,0.877093713706
2.41648607304,0.667762861931
7.79734543592,3.5553143473
9.83890030574,8.0339351346
2.31810171573,0.636759974897
2.17995709799,0.593871528977
1.76412641626,0.469073945598
5.48876971741,1.9049861745
9.51352572288,6.56219837168
4.3903563603,1.38905654338
4.18690035079,1.30424061095
4.56063257973,1.46233958954
5.64796215995,1.98952632303
5.31529258207,1.81602605628
2.71248587702,0.763445079509
4.86672800973,1.59977845165
0.706325998263,0.177310780322
5.25532916911,1.78600358756
6.90754307488,2.78483664642
1.36390524783,0.35461322921
4.7949740728,1.56687059393
2.42836101038,0.671531231315
8.57176899143,4.50105094671
4.19438083391,1.30730824013
2.84539819758,0.807639617645
7.31091262104,3.10486448616
5.36340142323,1.84037863217
6.8960605595,2.77630434732
4.94981271972,1.63843627438
3.36310471209,0.987702852145
8.19095631141,3.99112367843
3.29784821566,0.964273092309
1.70919891658,0.453048897581
6.506645507,2.50305433693
2.08666051636,0.56532045104
7.56370986774,3.32874428751
9.10713939528,5.46075437451
9.55199140503,6.69703452447
4.95250698853,1.63970000827
4.69157819123,1.52020578508
9.85275704546,8.12100441232
3.95589625014,1.21132958597
1.82215166605,0.486115944917
4.06917288152,1.25645539392
1.99374753911,0.537209597811
1.13880837989,0.292483796085
1.01927212555,0.260112143784
4.47117595218,1.42356974231
3.98049476662,1.22105932816
9.58271294056,6.81024891421
3.14051513454,0.908677526298
9.03561167605,5.30894367009
8.77842411214,4.82901433812
3.57813595432,1.0665121084
0.281169493708,0.0690721885158
6.38989336294,2.42666836942
0.58093747214,0.144894838045
7.81125621189,3.56947994934
3.28560762827,0.959902756957
0.874080225214,0.221352419962
2.58088645463,0.720449231495
2.73636389109,0.771326943598
5.13963987027,1.72908720918
5.35264335848,1.83491213939
0.306343879216,0.0753513659288
8.11335045354,3.898923718
1.75284368204,0.465773760466
7.87549944354,3.63597018357
1.66049775524,0.43892643584
0.364085992713,0.0898141346631
9.24987629318,5.79465320088
1.65390959753,0.437022146448
1.67107782168,0.441987637448
2.37649937444,0.655115483562
2.25430087013,0.616860159681
5.21411927342,1.7655792603
9.46461736037,6.40070407111
7.35223580929,3.1401072592
0.49418895378,0.122713585206
8.81778284565,4.89670861978
3.65528271574,1.09540798022
8.5670282278,4.49401336672
2.04090489285,0.551437265494
5.49420482745,1.9078255264
0.777017814914,0.195774756254
3.24110360746,0.944077763963
5.84446940893,2.09801896325
5.26746281157,1.79204940869
4.6653936818,1.50852612422
5.31165652344,1.81419517166
3.98139648218,1.22141672039
0.992807193626,0.253001918194
5.17332249516,1.74552395516
1.36987091932,0.356281176515
9.28171900153,5.87569587987
5.89217946157,2.12509150699
7.57731865149,3.34138903022
3.06508450853,0.88245863814
2.63981846177,0.739611288514
8.93573899916,5.11140515066
1.16168829676,0.298728364452
0.632867383949,0.158268624424
3.74178528839,1.12821348184
8.30287261292,4.13042628243
9.82521590833,7.95084701477
3.13091767306,0.905326125669
9.86797356128,8.22027518171
1.17027879126,0.301077014686
6.77655625887,2.68920388644
3.7073578318,1.11510509649
8.51193882082,4.4136651808
1.96212724181,0.527715048924
7.5845031975,3.34809070891
9.58327257676,6.8123599508
7.14144983496,2.96535546299
3.00786910294,0.862754334026
2.19790381384,0.599401551984
5.78226537004,2.06315988352
6.31455441336,2.37859707523
6.91084025938,2.78729211375
0.620942506285,0.155191164624
3.65937544819,1.0969503835
3.81644703283,1.15688144633
8.13156611945,3.92025921143
4.23791542625,1.32523675913
5.82625643499,2.08776162514
3.0694075542,0.883953821699
6.74941923618,2.66984400785
6.7474319317,2.66843215985
9.84142291054,8.04956019429
9.57947639498,6.79807525806
3.32198882218,0.972914795903
8.10171829752,3.88539467048
3.90531730416,1.19144259057
2.08045868029,0.563434130535
5.20759721329,1.76236217126
1.38971467437,0.361837391533
7.40720711944,3.18777957559
9.86215949303,8.18187454376
6.5305995453,2.51902146636
5.76335263792,2.05265757661
8.73191709691,4.7513356913
5.50576735585,1.91387672954
5.69726574889,2.01630449128
4.10685412371,1.27165018034
9.28273988781,5.87833843948
0.795299794616,0.200572269098
0.463047749174,0.114799028179
9.05175126449,5.34239596333
6.74724500453,2.66829940183
1.53795027252,0.403741487511
7.66881591027,3.42812011042
8.04805733625,3.82392081798
4.99300199447,1.65877195141
5.58836672794,1.95753949769
1.14963868149,0.295437728927
9.89581318843,8.41286527524
0.332716025501,0.0819463860195
2.27465704364,0.623192034171
3.06721696458,0.883196064169
9.10903154594,5.46489915048
1.89270387418,0.506996053348
1.70787375886,0.452663559833
3.21442409552,0.934639079051
0.705411050654,0.17707270386
0.350806509928,0.0864805264196
0.254959835477,0.0625516275832
2.62209254067,0.733832031801
1.00948364711,0.257479937971
3.74994174657,1.13132925859
3.76507320678,1.1371198777
6.00837830392,2.1922901825
2.69063000358,0.756252584183
6.27465837868,2.35351299504
9.08369253055,5.4099601672
2.70196204019,0.759979213188
8.06800925355,3.84660017932
4.9484924969,1.63781726509
7.63627555604,3.39692626148
5.08924647439,1.70469734768
6.9588846873,2.82335005491
6.28435420468,2.35958582454
5.33986965974,1.82843704507
0.747594106357,0.188072885107
9.94964789789,8.83390957985
6.22921796066,2.32524851104
6.48974127704,2.49184795082
6.63906362153,2.59263526077
9.9949570889,9.25371512115
5.59729833618,1.9623071929
1.64837636554,0.435423909032
1.82387237145,0.486623107081
9.19295145995,5.65605895446
2.22940774087,0.609138945008
5.49262002795,1.90699727678
4.39422793293,1.39069895696
1.0409899514,0.265962244118
5.28512902497,1.80087836424
5.41514428781,1.86684032111
1.10895221911,0.284358780545
5.43338006937,1.87623390719
4.94662622625,1.63694249522
9.2051002625,5.6849946087
9.16228916151,5.58449473596
8.2665036242,4.08429426667
5.01556681568,1.66946326491
6.95114147403,2.81750313708
4.75142124316,1.54710716213
0.860256926723,0.21769359389
3.74606471879,1.12984774143
8.24188727636,4.05354959528
8.41096488219,4.27282740055
5.4173036696,1.86795080374
9.18295576257,5.63250198225
4.8964385129,1.61353313313
8.09144394348,3.87350589793
5.80654198063,2.07670625792
9.19621499109,5.66379884414
3.27210813994,0.95509185801
9.67350015839,7.17860751326
6.1376904207,2.26927647927
5.37085153163,1.84417132481
2.32947549084,0.640324338652
5.33665646893,1.82681090848
1.24780764647,0.322374671387
0.959323057589,0.244034973465
8.25116238221,4.06508908513
7.63227399643,3.39311722393
1.94354097297,0.522151104079
8.04594897332,3.82153630662
7.3773385205,3.16176330129
0.647230183717,0.16198031491
5.88089004719,2.11865872163
5.9758005323,2.17326587559
8.8895556384,5.0251187491
7.34944497637,3.13771124958
2.26493679357,0.620166493038
6.01985151699,2.19902503311
9.54040186986,6.65563218244
3.03961629992,0.873668359183
5.0088876917,1.66629386299
6.86099997842,2.75043203711
8.37931786474,4.2302826938
4.89232866584,1.61162590055
5.18293121734,1.75023293693
3.04392885253,0.875154635712
9.83769064292,8.02647722575
3.36334143322,0.987788248793
1.37437634437,0.357541595867
2.38835970997,0.658860064053
7.77747743705,3.53522162269
5.38545892247,1.85162450902
8.30465636341,4.13271108733
0.503740235297,0.125146117538
8.74717266918,4.77654933913
9.73470963556,7.4619185433
2.88885992725,0.822263524834
8.71682477928,4.72664148194
1.56981191026,0.412841479097
5.25979762654,1.78822836919
1.93662712735,0.520084570253
3.26956700862,0.954187301153
6.13528631811,2.26782317862
8.90152067864,5.04718715261
2.778612634,0.785334421547
1.13928738363,0.292614368637
3.65083950873,1.09373458055
6.59349384996,2.56144091625
2.7887520902,0.788707936139
0.0697286443639,0.0169510906165
5.32998425514,1.82343762476
4.0884630756,1.26422244914
0.926519370872,0.235281566294
7.38841049607,3.17137546941
5.98183639754,2.17677962274
9.25206690746,5.8001445173
3.13376209015,0.906318914419
3.10706005049,0.897014687075
3.23163702872,0.940724563589
1.02616156075,0.261966447873
0.0125281780858,0.00303708795575
2.64539002173,0.741430591857
1.24634041195,0.321969911076
0.656796725801,0.164455622416
2.03089093088,0.54840915996
0.819177815266,0.206852284852
3.67280321978,1.10201757075
3.08081428746,0.887903324901
9.37424561224,6.12742200109
5.11099548892,1.71519424063
8.92612565718,5.09319513364
10.036237927,9.70995168276
8.73373291203,4.75432338022
5.94503942767,2.15543536027
3.62598660449,1.08439524099
3.32419002839,0.973704269439
8.56858471802,4.4963217486
3.68513415857,1.10667998354
4.87621717096,1.60416324145
5.38419246676,1.85097743336
2.39376058225,0.660567118121
3.13667248344,0.907335142242
2.70808675069,0.761995704884
5.81586110639,2.08192604896
8.21879513485,4.02505085269
1.79444805353,0.477964797674
3.68152054714,1.10531274438
2.36260608048,0.65073622704
0.25281487807,0.062018752932
5.10284223465,1.71125396773
7.16840223506,2.98702590116
2.44076983654,0.675475148942
0.819356886439,0.206899441397
2.23547354011,0.611018188373
3.90987938435,1.19322981597
3.43856779305,1.01507598017
4.79182113278,1.56543455275
5.58229101249,1.95430150696
9.65319749147,7.09135483827
7.48754961162,3.25914463594
0.269380904485,0.0661372476384
0.591240051485,0.147542389942
9.03576374812,5.30925677202
7.97230413474,3.73965189949
6.6227018318,2.58138977333
0.92839756983,0.235781916365
6.29830876801,2.36835222238
1.9278822169,0.51747319805
7.70991825063,3.46809063941
4.84330290097,1.58898714505
1.37486466393,0.357678244628
7.10039078723,2.93270248173
5.5750700165,1.95045863838
6.61579743295,2.57665961775
0.539914625047,0.134380738953
1.60360476637,0.422529658036
5.33045916578,1.82367757468
0.085744365838,0.0208609355592
2.9271058081,0.835204104659
5.80630594093,2.07657419081
6.66562094455,2.61099736668
1.62642496114,0.429093515916
4.37394417884,1.38210615249
0.611691567863,0.15280639633
6.94344066914,2.811701876
3.76850537712,1.13843520859
1.16760885744,0.30034681382
1.60303976125,0.422367363596
4.46142471443,1.4193800151
2.94869848692,0.842539956872
4.0196495464,1.23662582047
6.68120554103,2.62183639021
2.52225203734,0.701529693136
3.28918665348,0.961179803075
6.85390283056,2.74522750233
9.41628232203,6.25080705797
5.56554887404,1.9454007593
0.954207333481,0.242667848304
0.873880765933,0.221299587607
3.50449578964,1.03924009748
2.53633193255,0.706059700701
1.53389029192,0.40258431167
7.2352074656,3.04156950148
3.15107064844,0.912368710593
8.21291478006,4.01784571381
0.328736448411,0.0809500686382
6.41796029238,2.44481779112
6.25279439377,2.33987313703
7.18311381464,2.99893474124
5.64944799894,1.99032911452
3.77413576304,1.14059448602
2.23638768517,0.611301522831
0.246060714009,0.0603415540835
9.4078363455,6.22551918425
