Pwr,omega,Ef
1.36724653538,1.9797763523,1.11905050942
1.5775145315,1.98539497535,1.19353734767
1.45758994178,1.87652965693,1.31861593857
2.74395136711,1.84229487634,1.89188755621
0.379982738612,1.54179499068,1.06807141384
1.26017430431,1.5956568231,1.79820432006
1.31849820923,1.5695061017,1.91034864703
1.45676179579,1.80945299722,1.43951643895
0.728360719651,1.79592452831,1.03634745052
1.08835735869,1.96695196861,1.01473256135
0.774152512861,1.8221978433,1.03183494019
1.08432918811,1.91130057228,1.08736143464
2.10176285019,1.88489511664,1.56632207171
0.602622156325,1.62401187448,1.19405152594
1.89373831847,1.7342820166,1.8156984872
0.809826079591,1.72134432387,1.20850493681
0.405919122846,1.242399396,1.78210491267
0.846453917989,1.41166814039,1.94385203629
0.508378963495,1.3458628576,1.67439684902
2.75612769108,1.90338992419,1.75131294557
1.41099234564,1.72903184017,1.5785330257
2.2666237703,1.80378314951,1.80917627435
2.22222551462,1.94684111764,1.48746439872
0.91181463064,1.65669866243,1.40248943876
2.57239214052,1.80943140541,1.91294895115
0.479155005417,1.237528472,1.95277932842
0.142315478597,1.0675280945,1.46111270216
0.943983614151,1.89904941124,1.03068562267
0.673194640936,1.67451485385,1.17543511893
2.79628232754,1.83186887332,1.93619508784
1.58879584058,1.85626144393,1.41351114915
0.831811320155,1.60795284204,1.43538155879
3.28465949328,1.88678720257,1.95330648063
3.00115001326,1.93744261716,1.74943565607
0.440113780208,1.52451231654,1.17929466707
0.518816551612,1.51939680915,1.29019771306
1.09001872426,1.74832022996,1.35151478009
2.64160574516,1.82893397525,1.88917208918
0.867409163216,1.57097742884,1.54615931264
2.85304742316,1.89294384573,1.80601635198
1.6349912831,1.97986377658,1.22359046605
0.89549384939,1.82090158735,1.11165986098
2.42317719294,1.86606060342,1.72347946075
2.35490939902,1.96613429526,1.49417878225
1.7882402985,1.84332700484,1.52521811521
3.41007881046,1.98353644584,1.75893117878
2.15397503809,1.89634963402,1.56234610872
2.5798585392,1.80568313863,1.92527615532
2.49168065114,1.94933985767,1.57006628993
1.76227742945,1.81541302479,1.57083299196
2.38807487061,1.75521751321,1.98186965699
1.08274083241,1.88176049053,1.12879613771
1.93083035241,1.77642887809,1.73189645122
1.42235845599,1.88913962421,1.28146782926
0.463824554867,1.58949136489,1.10068102183
1.38345539634,1.79715957297,1.42593674969
1.56469495333,1.76137240589,1.5909550625
3.2421296747,1.99267693903,1.69544270571
3.92533580595,1.99134291469,1.86868100516
0.935540488082,1.46117622702,1.89208743993
1.37144902596,1.7056024463,1.60702894777
0.116105170711,1.15158324384,1.12267415523
0.748704669858,1.7784262302,1.0755785313
0.420467548836,1.55176692809,1.10715573739
1.09434839857,1.8063588088,1.25280440342
1.08760306821,1.51708993929,1.87447513743
1.82352854882,1.83781483532,1.55138048991
2.07611398455,1.72216286612,1.93282200308
1.70466452051,1.89396077796,1.39417104863
0.919156120249,1.62673631811,1.46897072768
0.787547897334,1.51907609189,1.5903605942
2.3884590677,1.85779682046,1.72962966663
1.05872204758,1.94677168288,1.02679057648
2.60389892353,1.82962373966,1.87393644446
1.06036592657,1.79388256093,1.2538393397
2.99281850041,1.87314727802,1.89779430548
1.13407691887,1.99038512277,1.00563748046
0.306336212931,1.26151765431,1.49761089988
0.940443130809,1.64559831269,1.4467464982
1.30337670735,1.59935523173,1.81906301827
0.494050458662,1.65140252219,1.04007075991
0.625850358286,1.54132725444,1.37168188798
1.60722287533,1.718117952,1.7100499773
0.850787821187,1.83923142537,1.05770464886
0.174999723559,1.24092303753,1.17314818352
2.806139208,1.92371568279,1.7215908232
0.698641880817,1.63780900994,1.26075180939
0.456386655846,1.30123888609,1.70837955716
2.57633168714,1.89348823553,1.71499398472
1.77765567928,1.97732860067,1.27994684506
2.15961542442,1.85520305756,1.65026629365
0.429433041982,1.26774322018,1.75425553764
1.50503564995,1.89114690909,1.31476829822
3.82435272781,1.99668958567,1.83212906139
3.22246559621,1.93168712948,1.82616583528
0.893108131979,1.4476546002,1.88760526334
3.97805678254,1.98060803677,1.90680388959
0.884685612947,1.48413929943,1.77656194955
1.35543636627,1.72875791302,1.54772292159
1.53142453988,1.61628586463,1.92454841351
0.815952196554,1.49978290457,1.66627826145
0.897029794265,1.50406428522,1.73588749075
0.728845082372,1.77548974311,1.06540466017
0.337636474152,1.31714952791,1.43079675106
0.589184262232,1.47916991009,1.46080068625
1.99633754484,1.78846807908,1.73288146094
0.439505184589,1.39311455137,1.44249030154
3.13357220666,1.93318979081,1.79734758606
1.18188671212,1.9865043944,1.03164484748
2.36818196011,1.79604068753,1.86841115446
3.98008209779,1.9788758783,1.91146268626
2.2797125481,1.82754390581,1.75822038936
0.481303961406,1.26364106594,1.87033672097
1.67609093141,1.92125370486,1.33473202677
0.157666953586,1.30215478352,1.00258088343
0.324270145075,1.3729629321,1.27969051369
0.202716037912,1.03994798673,1.84331011729
1.76897089671,1.84587401768,1.511920336
0.882834774584,1.61113977555,1.47202005027
0.693512640233,1.69515975371,1.15935252606
0.878590453865,1.44449362763,1.8813825574
1.38630400539,1.94198317231,1.18213952199
1.60218301877,1.89302342544,1.35325172112
2.05141745022,1.72550586732,1.91253237959
0.939070801013,1.51323302675,1.75185073005
0.872191873253,1.88832927575,1.00453367376
0.947013146252,1.84450779413,1.10821608466
3.729275314,1.98708949303,1.83119431474
0.287843824603,1.35529013306,1.24068025207
0.252085791424,1.31347425373,1.24390939278
3.15654307988,1.95321058297,1.75849302507
2.12208626988,1.88393555726,1.57583433159
4.48186081511,1.99536750317,1.98667977185
1.19664934133,1.72038198283,1.47098386118
3.38968979836,1.971737389,1.77998479396
1.73731546813,1.91292469039,1.37349257539
0.201184654283,1.2044095867,1.3418636414
1.53982462826,1.88314301576,1.34372579498
1.05466089115,1.5335737792,1.80116619908
2.85877563878,1.96571794633,1.64715504311
2.49244370561,1.85031545362,1.78424606428
2.0299334885,1.87554784038,1.55809981594
1.93945068032,1.94996937996,1.38408723378
0.755847443743,1.49736925298,1.60957677217
2.56471552033,1.94736754655,1.59691261714
1.63992520963,1.83384873749,1.47890042509
0.522759037945,1.47691128694,1.38073223799
2.3267197512,1.97183315954,1.47453729273
0.939934615636,1.57496060132,1.60020191533
1.24665576153,1.73703844671,1.46766821679
1.16363324892,1.93272054364,1.09592449968
2.06910873363,1.80941474236,1.71567905031
1.00631815281,1.70242047643,1.38262574048
0.649355121006,1.45230655028,1.59801112226
0.921709819977,1.67607729423,1.37239906757
1.49365756723,1.658243849,1.79114406048
2.62232233894,1.96683317714,1.57533960109
2.54504006561,1.86024795769,1.7797210804
3.00415436243,1.84626342102,1.96928256117
1.11584825583,1.95390149339,1.04461472118
1.20811565272,1.71124630663,1.49664308748
0.961485643263,1.90692597328,1.02969402163
1.808774797,1.81420382728,1.59397082212
0.88099656395,1.72376935094,1.25631750769
2.39510933164,1.8275347594,1.80219249045
2.29974105085,1.77863683556,1.88453296814
2.42711296034,1.79432143362,1.89585412309
1.62006267409,1.7056919065,1.74641036624
1.20070284589,1.81681126104,1.29421686634
2.18253455199,1.94509182545,1.47740725387
2.31779547627,1.88544768845,1.64367508403
1.02205409258,1.75553154983,1.29599634683
2.76183409646,1.89316904003,1.77639527321
0.703058549011,1.58243486832,1.36902758815
0.718680394633,1.54621720294,1.45933535073
1.00242770055,1.5659504929,1.67436799728
1.84725201615,1.91396408172,1.41439336026
1.64697829072,1.88767213433,1.3815662687
2.42024369268,1.79578876749,1.88947098102
1.17255118802,1.56276245604,1.81933286117
1.78445230523,1.84413586819,1.52198627986
2.13741328596,1.79222053968,1.78410676358
1.68805446973,1.87703945282,1.41809855134
0.849787197359,1.76703788802,1.16354711498
1.78607016859,1.90392745187,1.40884314397
0.279791954001,1.30682819438,1.32513447739
1.1952683472,1.8406022801,1.25142455007
0.731306769167,1.42578165801,1.76719565356
1.78474868453,1.89681393263,1.42129811376
0.979662146494,1.6584801388,1.45010437897
1.66222282047,1.77501124175,1.60997980703
2.45862502175,1.98918079222,1.48294377914
0.374505193907,1.31338141644,1.51638956766
1.71674569136,1.89841945997,1.39107288432
1.93884703619,1.9290989154,1.42119898973
1.29689595308,1.75376502072,1.46337727581
1.07782118961,1.90344879924,1.09510184585
1.74578325707,1.9372474699,1.3346193851
0.836795508524,1.60027885532,1.45561289255
2.55429457039,1.99249520398,1.50522940327
2.45137510405,1.79103511086,1.91367577394
1.36619176524,1.74653052202,1.51674612777
2.44226053307,1.79070182944,1.9109645734
2.33593830506,1.98374401495,1.45540439459
2.4580368588,1.92701814796,1.60447648443
0.110659150059,1.05808717104,1.31291776748
0.256506131398,1.08456008253,1.89669390073
1.27795685536,1.53166930609,1.98829719585
3.73123327932,1.96322824435,1.88773240309
2.95387351284,1.92757883663,1.75761411685
1.21458717697,1.96126426478,1.0797165198
1.32375714816,1.69661288896,1.59852945289
0.990155512227,1.69319457009,1.38905634184
0.770961088663,1.53681045744,1.53261407825
0.621500151713,1.67875480138,1.12275712754
1.18143162198,1.69003073808,1.5239608643
0.472340308004,1.2268546672,1.97558962679
3.00042051618,1.98810867832,1.64042294097
2.47268211472,1.79006527367,1.92446397999
0.58016240382,1.65578059473,1.12016159523
1.23045008656,1.95244377571,1.09898044865
0.96336425372,1.91769352225,1.0165372102
2.84617435758,1.9803822782,1.61333661049
1.23481694402,1.60965408778,1.74461031637
0.813150548052,1.55309257866,1.53667697614
0.539089136744,1.65318998269,1.08371803281
0.779787018324,1.41237578496,1.86365320241
1.51723586474,1.8250975243,1.43900108011
0.691656558399,1.77449597624,1.0392531849
2.05946193246,1.92082425474,1.480339203
0.89850961343,1.76954054365,1.19241752725
0.200428165058,1.29621216473,1.14175981786
0.290694238942,1.21680735554,1.57767363489
0.256024349016,1.09229404538,1.86647088963
0.996973924561,1.83560683302,1.15044135435
1.47310806704,1.80355503856,1.45894899499
3.86755667206,1.9670878827,1.91253526936
1.57570303435,1.72027927773,1.68819530792
1.65574850735,1.71195343181,1.75040872469
2.52986926779,1.87019106519,1.75156982633
0.200480193599,1.2562947062,1.22251794049
2.99139226922,1.96378485287,1.68905814692
0.162399149532,1.27415162686,1.06700187574
1.80687871368,1.67165202156,1.93341875977
1.6868202426,1.80614681917,1.55582985843
1.84972534823,1.85349333955,1.5307001134
1.40713243038,1.58982209224,1.91621715351
1.36707670618,1.64423377077,1.74766498552
2.12730796349,1.98739158454,1.38252231267
1.43972128319,1.59999748767,1.9100777522
3.65474056128,1.91839601448,1.97817590242
0.994607131886,1.74670271073,1.29384271557
1.07472737355,1.60307601328,1.64301208723
3.33022028279,1.89405561466,1.94840787822
1.68568487695,1.90283028432,1.37061478341
1.01798009939,1.6956374573,1.40369031591
0.528794422702,1.53958989415,1.26408337133
0.590998676001,1.67894690247,1.09456719601
2.94379897626,1.94552720887,1.71487702128
2.06574337536,1.9666434976,1.39853594845
1.99139068052,1.70976943492,1.92541054048
2.90019070268,1.86680461188,1.88367498365
0.659749386928,1.41197508402,1.71530316477
0.19885332488,1.0301943507,1.86241984197
0.900324027125,1.84659044931,1.07760651119
2.74605521471,1.89006335389,1.77843884429
0.726319171163,1.55353213292,1.45137844582
1.88194245707,1.76527793524,1.73564490442
1.64872623951,1.70778540115,1.75672533822
1.42064179525,1.93198159141,1.21206227472
1.08264163946,1.72329978095,1.39358495065
0.139360374072,1.1053797957,1.34254622741
3.45531657022,1.91227770651,1.93861652064
1.32869713598,1.58492456083,1.87527172813
1.71528277848,1.63669628067,1.97858041884
2.80593592201,1.92952329806,1.70878054896
2.45471884794,1.82369578996,1.83374469973
0.776558989843,1.57050968412,1.46394664312
1.06369875042,1.47203057737,1.98427002972
2.00443344422,1.8738925566,1.55161554702
1.76570354729,1.85939010149,1.48405412829
2.40470699138,1.82217533544,1.81861579633
0.825288514291,1.74278926633,1.18485143991
3.35516320265,1.97545293113,1.76259985501
1.4012387707,1.64764266784,1.76088612022
0.623227717678,1.42032394589,1.64540237032
3.5939030267,1.96613096313,1.84586728708
2.65572788492,1.81383593996,1.93237531776
0.201934390743,1.26674694482,1.20501900222
1.96309527534,1.769482714,1.76267174052
1.79684496219,1.97534415376,1.29006587395
0.724681894141,1.71309399924,1.15620816372
0.441533032614,1.53888316921,1.15629155783
3.70657739239,1.98003193314,1.8419284264
2.15719431178,1.76048872887,1.87027400554
1.72541635941,1.66470837789,1.90774430227
1.84976344979,1.79595791307,1.65147082518
2.57606952986,1.90287872268,1.69425549548
2.04351203397,1.82177738569,1.67736179006
1.59347974296,1.76624729781,1.59501303321
3.36399277874,1.8983338835,1.94747717477
2.56266529516,1.90125326532,1.69338533661
0.520727671548,1.33133706729,1.73556564948
0.500164519836,1.52174749858,1.26236223384
0.862522185213,1.81733625904,1.09615707886
2.03088339531,1.94815891794,1.41960239839
0.891839651048,1.7039260081,1.29891171243
2.79560620025,1.98435182728,1.59095633349
1.44877314555,1.86255265124,1.33874916334
1.69475712335,1.6928814951,1.81806721159
1.93473687746,1.89030336364,1.49231485826
2.33109117751,1.77022072235,1.91888753439
3.01586864519,1.83667265273,1.9981137637
2.33579695278,1.91115732857,1.59621304656
1.29472438906,1.97068132363,1.10155197404
2.072142974,1.76788151963,1.81487116293
1.79791844919,1.89221937548,1.43502269454
0.861053279565,1.47082360797,1.78857495251
3.0355089271,1.94798707677,1.73594092192
3.46694549116,1.91099918811,1.94506938974
1.44958511001,1.87872323126,1.3112513226
1.36944729474,1.96236671596,1.1448829659
0.793647076308,1.79015843444,1.0901477039
0.438152663913,1.30440868101,1.66501277237
3.68049496072,1.95018780255,1.9061478258
1.17722647863,1.58060795751,1.77621746156
3.84472864258,1.97745792183,1.88204517945
2.39388760005,1.94600958927,1.54548242668
1.25514387828,1.67344306543,1.60739900981
2.0945406275,1.87671187833,1.5803099743
1.41926067105,1.62114379451,1.83994316659
0.355959417809,1.40055136893,1.28291246114
0.343089922602,1.33930091573,1.39040891646
1.0541656345,1.83586362749,1.18257954577
0.253898921369,1.1817316549,1.57051169611
1.98967184991,1.87189028092,1.54992027814
1.73425308683,1.70296336078,1.81371214801
0.731171500963,1.60176416269,1.35774803203
1.08887551875,1.84089032828,1.19397942474
1.21734139024,1.88160157679,1.19715098073
0.130186637478,1.2470156812,1.00115121953
0.288408643092,1.16101947394,1.73870672207
3.10688128482,1.98276891088,1.68054147832
0.252999532203,1.23935979358,1.41443140301
2.87197700596,1.88064608094,1.84107414504
0.97778094287,1.88141957289,1.0731637533
1.61264921854,1.73618432978,1.67120298538
0.714823284263,1.78369834442,1.04356675223
1.2686363915,1.99103811408,1.06275193769
1.05168786154,1.57532209755,1.69176973847
2.4084307642,1.81841726655,1.82908473583
4.05028203048,1.99110522912,1.89875652393
1.13786757232,1.69287512769,1.48972424403
1.79731832739,1.6984624422,1.85789008079
0.36435993181,1.31016683298,1.50376490633
0.269965473644,1.22970498178,1.48607295418
0.817271702649,1.71518191679,1.22433873946
0.700118970552,1.33550472356,1.9986502525
0.190986857215,1.13654043624,1.48103536546
0.93317813715,1.71848548768,1.30237003976
0.754346522855,1.39336313266,1.889054076
0.477845427603,1.54140550319,1.19842734792
0.516060464104,1.62647460443,1.10110893582
0.520572510284,1.32403537123,1.75640173424
1.96179938477,1.87797992124,1.52689897534
1.09636643884,1.95210338836,1.03782399684
1.49370174581,1.65120987435,1.80895113263
2.16318994332,1.98033745611,1.40658546655
0.315198093734,1.31726318819,1.38217442089
1.99348588448,1.7489964416,1.82604985128
1.4399567888,1.57398885096,1.98341756797
0.128190160729,1.08981369096,1.32711896419
2.90128911334,1.8365289679,1.96016006397
1.68152314967,1.97423179148,1.24973629465
0.232356722576,1.30122013421,1.21901546487
0.184578498613,1.23094761675,1.22610055422
0.83917875358,1.5303873391,1.61427017464
3.64601814252,1.96318139904,1.86616235329
0.581398680559,1.2812008191,1.99472963745
1.85559201193,1.81737859568,1.6076984057
1.97124287149,1.69356004987,1.95892917303
0.859322720207,1.41175014243,1.95831948078
1.47018384121,1.98478906386,1.15309943523
1.82136370038,1.91421559519,1.40399379417
1.4103941034,1.70346089321,1.63449916409
3.88996605502,1.93744388465,1.99171101445
1.80194932091,1.65640784122,1.97239930924
0.728796169238,1.41618800523,1.79090920165
1.70449998716,1.80395743266,1.56851651143
2.88902891418,1.90205512424,1.7961266482
1.13616136063,1.97119129069,1.0312316446
0.103335150174,1.09020059694,1.19063432085
0.39722499808,1.56947618479,1.04860054216
0.656877163363,1.59779835848,1.29427692238
1.42328288884,1.94903259831,1.18709956093
0.566410618068,1.63727327176,1.13604896421
0.131825764625,1.00434305015,1.59997171573
0.800751504196,1.42614216893,1.84815666281
2.72434562272,1.93767058996,1.6663218717
0.951593992563,1.50649056072,1.78140026106
0.661581872882,1.78644625155,1.00026912828
0.380909618475,1.53068722975,1.08709308407
1.29463278841,1.53657379182,1.98674404877
3.61392483854,1.96467791717,1.85441143987
1.69049796358,1.78601980112,1.59985252529
2.43353844185,1.93015378262,1.59007059744
0.768853033853,1.52601845534,1.555208648
4.24798211469,1.96948283053,1.99832489344
2.53411190462,1.93823888054,1.60592703781
3.42808500711,1.95756129696,1.82247336332
0.44338176732,1.24513214697,1.85366372709
1.62324358526,1.79707440494,1.54475207353
1.36046269684,1.87659828533,1.27381177496
1.28721262029,1.87886787203,1.23540033824
4.4172739771,1.99681316211,1.9687330187
1.32233741352,1.56603286375,1.92284079177
0.737298677441,1.64885536871,1.27513261101
0.959976881838,1.71890415741,1.32018104988
1.63577483797,1.66914988414,1.84603337634
1.87726557846,1.74060967415,1.79229386582
1.32771960329,1.88990540967,1.23687609707
1.25611673561,1.7219437557,1.50387389628
0.350453131106,1.19722190786,1.79405882063
2.66419971672,1.96813075514,1.58526254074
0.269713118555,1.46664663668,1.00743706597
1.99823146986,1.7816912609,1.74948545103
3.06247283268,1.87435704534,1.91673603526
1.49413304732,1.99195208487,1.15201611125
1.08167926937,1.65615469009,1.52871702734
3.21905720089,1.95057698251,1.78177514244
1.65393995873,1.87892098702,1.40027234171
0.559267715586,1.63202138169,1.13728941661
0.209903468157,1.09339554706,1.68639102081
1.00402031351,1.51099079756,1.81750968106
2.60253542809,1.84463091524,1.83685407375
0.155990113736,1.04610380381,1.59689432446
2.31862861091,1.95533260142,1.50307191582
1.03052528376,1.58200107026,1.65851224396
1.49613561535,1.73819473052,1.6053036312
1.0853380218,1.78563807558,1.28255725014
0.32999565312,1.45057360227,1.14223202416
4.13645714003,1.97807939528,1.9506111741
1.76385488906,1.85734019415,1.48725225556
0.519550270621,1.58760410826,1.16810619904
1.11144339055,1.48797186696,1.9797295653
1.25682367898,1.66210990168,1.63414115063
3.03744210846,1.88539851831,1.88174198506
3.95737540123,1.95507420155,1.96431124429
1.6520331259,1.75757828824,1.64314410726
0.69180936483,1.6154980208,1.29497871363
2.90891910928,1.92219503405,1.75625350747
0.424688698325,1.58427965494,1.06118679704
1.82858716146,1.69745652256,1.87658562879
0.231477666855,1.0342043596,1.99295685715
1.28407283545,1.58470924421,1.8440866968
1.04835364514,1.49449240374,1.90385363528
1.17355520114,1.72942943347,1.43882361435
3.24945705886,1.9764238859,1.73248579329
0.301342286933,1.2661956298,1.47343337038
2.40800205886,1.761220426,1.97406066844
0.698524460592,1.74879763203,1.08121931086
3.74400936923,1.98702093725,1.83496663886
0.643231888332,1.4910273481,1.49912370007
3.0905938012,1.91514250139,1.82671547427
2.21327192903,1.79114182469,1.81810522802
1.04292672878,1.84863506507,1.15670985928
0.560256274281,1.56767442047,1.24860666683
1.05863536992,1.77579518311,1.2834891968
0.17145275729,1.22736914118,1.18917862106
1.59339310861,1.82716049775,1.47066677057
2.12429920177,1.98071972113,1.39321195174
0.979052528099,1.52583486689,1.75545030678
1.31728421373,1.6942409969,1.59985103457
0.749152877518,1.44085110251,1.74711664595
1.14158910729,1.67657788618,1.52628473324
1.51148338119,1.62891585369,1.87791521447
1.70986284173,1.69429981979,1.82257381275
2.8958588125,1.82701855803,1.98300033794
3.16847588142,1.87667328367,1.94376989848
0.685706220671,1.65673126657,1.21617339201
1.92516799809,1.79293431605,1.69159910416
3.1867738521,1.96313848096,1.74477429617
1.95002483221,1.9139469219,1.45323810434
2.02722198988,1.86112629097,1.58656401652
1.64589252784,1.8982928677,1.36228685599
0.54141943489,1.62887311674,1.12400322834
1.56203397781,1.83705815511,1.43727266895
1.19573494132,1.57375569543,1.80802368784
1.83693554284,1.85429777486,1.52379546465
0.218838937144,1.21634741135,1.36998679008
1.23257995354,1.79480477972,1.35016759774
0.438240119922,1.62770322343,1.01292685254
1.75770729377,1.73907468418,1.73790276014
2.10776818895,1.76924097297,1.82706219993
1.72216195341,1.93263397963,1.33339125512
1.57245853223,1.73655157272,1.64942226656
0.937052459217,1.47469338418,1.85484952502
2.63253666361,1.84816704356,1.83886971089
1.75957225392,1.7726043403,1.66181474477
1.46925467233,1.87009615123,1.33499789635
0.162649853738,1.24009287533,1.13263943492
2.50840148716,1.86589134602,1.75391200615
2.20063235898,1.88140374087,1.61000740503
0.412807803362,1.22577884064,1.85041149375
3.29636768133,1.88799138084,1.95373738887
1.05453494055,1.52925689737,1.81262540477
0.427767812144,1.42295777604,1.35756031394
1.3723986989,1.7194835061,1.5772434836
2.05219121004,1.71616458795,1.93750192734
1.12121965566,1.86644644986,1.17176526184
0.83917704041,1.40131191604,1.96743194561
1.28553049226,1.57671903011,1.86662788879
1.35841003164,1.90631957089,1.2248733264
1.4109713984,1.81749489774,1.40170178846
0.787408650577,1.47623841829,1.69630515149
3.76459384113,1.94441890146,1.94200746011
1.87005598874,1.66894393844,1.97437647595
0.410604025077,1.42445331046,1.3269340933
0.93132583577,1.50351663909,1.77021661908
1.28736883768,1.76131313246,1.4432091612
0.314510514018,1.50319284293,1.0292113327
1.73754830936,1.73040436433,1.74842418025
1.07908487606,1.55989180699,1.75265797871
3.4351323611,1.92814783406,1.89401397405
3.47931716032,1.99244826026,1.75687093122
1.2213446817,1.84134818207,1.26376355629
1.78668297933,1.69978921348,1.84899713092
0.503842394903,1.42203343472,1.475474225
1.53052300066,1.90285181485,1.30597570914
1.18751240873,1.60950448104,1.71123327221
0.211976958129,1.32899506914,1.11163100542
1.26537053654,1.9809898435,1.07490532628
0.201591082585,1.30383592955,1.13046757224
0.470658493033,1.36149053429,1.57057565533
1.15515968121,1.66531603837,1.55964287013
0.468234187648,1.32094240957,1.67434381187
3.82303714474,1.94820125613,1.94762389786
0.543372673404,1.36118740368,1.68837282726
1.13225272488,1.69513826642,1.48140192535
1.51033214454,1.59658162435,1.9659919857
0.93784993316,1.56416849199,1.62375631766
0.815595240808,1.55151490188,1.54255476287
0.742612849418,1.66351159953,1.25366515474
1.70708760447,1.87975112483,1.42106132516
2.21010966818,1.94170803358,1.49313370133
2.30115071585,1.86936060441,1.67232315779
0.122127958786,1.20490398664,1.04456053624
1.18745247849,1.92153158824,1.12304908385
0.795553865149,1.49357658832,1.66079142592
3.31934267093,1.89199277483,1.95041492425
1.11520673597,1.49851232504,1.95174947927
3.28317528608,1.99994768153,1.69062332002
0.534281078894,1.56909617454,1.21679426161
2.96343793593,1.97810147151,1.65098169458
1.61963991836,1.65675827834,1.8690427218
3.09703985821,1.88618692593,1.89817437799
1.77331256638,1.77201798686,1.66960497303
0.458679041093,1.26993544806,1.8061964209
1.30477321996,1.77967756777,1.41751008718
1.52166523606,1.75227630398,1.58831867957
0.144537249015,1.22794718278,1.09074142436
3.02896984083,1.88822805264,1.8722456806
2.51229337341,1.82221240421,1.85876202314
2.43767008855,1.79300032397,1.90332242043
3.2358184796,1.87295289164,1.97383458808
0.943448237128,1.84756956005,1.10169831275
0.29032679871,1.35781901795,1.2409048376
1.49855495266,1.79508575267,1.48817444949
1.52720518893,1.70729610978,1.69188380686
1.24330427506,1.99836908991,1.04243616325
2.54662586185,1.77866698776,1.98303004287
1.24665495665,1.90253090131,1.17914680884
0.829523510233,1.47004627841,1.75760957949
0.799183611627,1.56054349362,1.50687964787
1.98926148623,1.81657393268,1.66637059348
3.93213133801,1.99114385289,1.87076634196
1.49417453606,1.82669972515,1.42500818623
1.92675692234,1.86893025373,1.53110281225
3.13829272773,1.91632279711,1.83797098122
1.81792357818,1.72070350402,1.81226276613
2.45056720886,1.89762813957,1.66369463804
1.70642040638,1.93242482791,1.32763802893
0.676350628432,1.56137397961,1.38456615463
0.763472642666,1.53087435325,1.53862205432
1.14803628251,1.9067151531,1.1254661233
2.84316630191,1.93951076108,1.69828080743
1.96517724364,1.87447654605,1.53518111332
0.368877358546,1.49800379256,1.12336323652
1.05880318989,1.8586354596,1.15034017538
1.22635979772,1.8242995701,1.2950926418
2.90060403506,1.91488169119,1.77027036239
1.05803760525,1.68072762478,1.46091385994
3.86537045046,1.93379740919,1.99466837294
0.598601546566,1.47418318111,1.48365726841
2.17660583678,1.74619967127,1.91532174052
2.89375278774,1.95162261274,1.68710435991
2.8981949196,1.8948038442,1.81588144974
0.940477298365,1.68297900973,1.37306158641
0.479190916693,1.64393251187,1.03514352698
1.03751998268,1.56249017288,1.71205342935
3.49280499417,1.98247811148,1.78251554492
1.44602197463,1.89121140744,1.28862651584
2.36763610457,1.76070713201,1.95880027749
0.713738858213,1.80625976557,1.0118875335
2.2411918591,1.76454657969,1.89594155889
1.13384556113,1.77110567192,1.33668890036
2.97845655153,1.83579504268,1.98797416619
0.687408593408,1.54380869783,1.43230632074
0.900951504776,1.87960884437,1.03256114847
1.09366319237,1.80425430652,1.25591744559
3.29529110915,1.91832799412,1.87854419705
3.14790741734,1.85551857518,1.99157983155
2.03011018965,1.892448491,1.52442121946
2.65583309278,1.92756986011,1.66660607966
0.945291110337,1.87296458509,1.06682912906
1.20465145055,1.88866634214,1.18004831194
0.583829764048,1.52586742087,1.35552533098
1.39565972346,1.64920428224,1.75351750025
0.733261661905,1.63481928489,1.2970869646
1.00674702127,1.57347602999,1.65967653094
0.203781079272,1.18993190688,1.38619179279
1.6502400235,1.63265873251,1.9518316148
0.708756297704,1.35579636914,1.94523484978
0.591204609949,1.28564635614,1.99632881653
4.42888065655,1.99733113579,1.97003529714
3.20344125794,1.92607597744,1.83388128603
3.13539178668,1.9531064144,1.7528234711
0.957469965488,1.87035554599,1.07732830052
0.536313037565,1.6836896749,1.03584926381
0.910385093154,1.77992611144,1.18365900897
1.41311978621,1.74164580042,1.55283278509
1.28620098401,1.80669166151,1.35758797652
2.10555114553,1.9884867585,1.37353874963
1.06397635991,1.84087600103,1.18027140102
0.674932444202,1.50810914036,1.49661877783
1.18021139897,1.99719594234,1.01713989171
0.419450283002,1.33564285314,1.54665099932
0.890768851953,1.59626927892,1.51050888411
2.77392704216,1.8444592788,1.8968002212
0.940423555774,1.61128852077,1.51894961631
0.135327376904,1.24671241821,1.02126562228
1.47976913111,1.99805108586,1.13770904632
0.694317380262,1.49309062917,1.55266638096
3.30182853049,1.9962550014,1.70330147141
0.310761000675,1.10725537295,1.99757231824
3.63007610488,1.96846800821,1.84965319824
0.946998600009,1.73265248077,1.28683332445
2.55587794923,1.82680226679,1.86349409575
1.54817608684,1.84251163181,1.42067183823
0.250569289526,1.2078695849,1.48827785423
2.08116384505,1.95937703916,1.41673289576
1.05683452243,1.56375923068,1.72471474527
0.657064670658,1.31864997186,1.99100597421
1.13706450304,1.5832889497,1.73888897904
2.38495834477,1.89227582215,1.65265610216
3.80822006368,1.94683438755,1.9472300079
1.08198439428,1.87798050088,1.13394810187
2.04593307067,1.88161756369,1.55195613189
2.73626036595,1.92673360522,1.69346416247
1.38730427515,1.69746673681,1.6345201949
0.668511076014,1.33753715462,1.94649045897
1.89822895354,1.78449617328,1.69875871768
0.973707639609,1.52820589601,1.74449451641
1.0873253389,1.80980029293,1.24308861023
1.11947939843,1.98112574343,1.01086918252
2.05217061781,1.91803779764,1.48300607575
1.1639903145,1.58936832875,1.74395970983
0.208127837057,1.27261154204,1.21110938052
1.50830811266,1.71300254906,1.66825281905
1.89316143572,1.73195833031,1.82117729086
0.192254505448,1.30663720961,1.09880248539
0.56482380505,1.71373102901,1.01985676346
1.6753642699,1.91334730974,1.34804941696
0.161546085484,1.06384677647,1.56815989975
2.54015872702,1.96922535733,1.54577636965
0.919680185142,1.57564730021,1.58128820275
2.58738515029,1.82388292701,1.88218042469
1.14292980156,1.69276591967,1.49325990221
2.20885738973,1.73693718651,1.95388173255
2.31161135999,1.894080085,1.62325623146
3.75887604621,1.93155133723,1.97265183691
0.140260669774,1.06708920499,1.4517931777
0.574187418184,1.44413822264,1.52177282244
2.38139080758,1.83026752736,1.79056379404
0.847870630947,1.45884406162,1.8077190941
1.3139234864,1.81044730242,1.36532105678
1.20566498355,1.54118664229,1.90423969158
1.54128657281,1.94207858359,1.24631662638
1.44866629669,1.95623493446,1.18672683957
3.48511388807,1.97973576708,1.78672207259
0.936458897835,1.69771321584,1.34245892331
1.25592878002,1.65088352365,1.65949799612
1.30371241476,1.69342694227,1.59338051309
0.229882651608,1.41289567125,1.01105413683
2.53706251095,1.79194336279,1.94447674775
0.335255226894,1.41871273751,1.2098597423
1.56239100909,1.7691038305,1.57331926465
2.80579780241,1.84118457031,1.91587936658
3.32832787347,1.91538210856,1.89508805747
0.508164690517,1.36866872497,1.61310376703
1.0860611126,1.52415862713,1.85351259862
0.853474756182,1.67189017365,1.32835000072
1.29268390142,1.84755869089,1.28960289595
0.415718840668,1.47082182329,1.24277689343
2.85069500374,1.99090225034,1.59335646775
1.02941521656,1.94191466873,1.01876192464
2.14114590579,1.89661990717,1.55714313953
0.346691876206,1.49434649021,1.09508332479
0.585287836313,1.48187367148,1.4499892782
2.21065622462,1.78105116029,1.84170577666
0.665795252321,1.61433408381,1.27251106333
1.46482304511,1.95139279452,1.20068943704
1.75020329551,1.97690519259,1.27070445995
0.694466803424,1.64077176195,1.25172683033
2.11994692411,1.9612897831,1.42640825273
1.83784111828,1.69682384733,1.8829723261
1.57512053026,1.86083713777,1.3990320671
0.384253847779,1.19934221345,1.87142640471
1.71350449197,1.75890054906,1.6704511012
1.17310793971,1.86959513092,1.19366958032
1.08107230086,1.58794533274,1.68415390844
0.417609799052,1.57064304148,1.07334422992
0.224992365595,1.17864982862,1.48674259478
2.26927679475,1.91750099629,1.56055482297
3.53664985207,1.9079360415,1.97227911421
1.02244402879,1.75382888563,1.29922991695
0.12626331631,1.11960412218,1.24350032572
3.41731287919,1.95159224576,1.83345548492
0.788733155646,1.80505683451,1.06542127322
1.41113410666,1.76561004603,1.50226883962
2.10234325848,1.71349041055,1.96823923527
0.912965806474,1.68622013956,1.34675917971
2.90160926617,1.94579184965,1.70197056263
1.62150620821,1.88132460173,1.38215896966
1.96748411259,1.8302901918,1.62748544591
3.23717535166,1.95197144884,1.78361773844
0.9619720183,1.9208328115,1.01172111099
3.54629039012,1.93189097844,1.91522621412
0.366065768379,1.37677831726,1.3513383951
3.5403148229,1.91672006403,1.95115350598
1.6249646509,1.77845030905,1.58450931774
0.141418580382,1.01516139016,1.62013116076
2.86919398662,1.85888088116,1.89303863762
1.78843004725,1.64438063133,1.99851664713
3.02155202864,1.94455131557,1.73953683881
0.648408771529,1.58776002549,1.30465334657
2.48771791416,1.81330442327,1.8715696271
3.13365138228,1.89928379896,1.8773188351
0.955886708266,1.87042524703,1.07633960902
1.9145200087,1.96999616625,1.34067240789
1.49809676689,1.67750693053,1.74618016263
1.17039439976,1.55230777616,1.84571069518
3.00905328385,1.90385770931,1.82880473143
1.35555034612,1.57971245181,1.90848097126
0.36681981285,1.54810579977,1.03969577444
2.65303176702,1.80949005344,1.94255014564
2.79857441199,1.9418526476,1.67988739295
2.38198133943,1.85011334466,1.74472160321
0.762403355849,1.41878092526,1.82428689129
0.903783484394,1.68245929812,1.34698103124
2.46085523494,1.98699665762,1.48770226441
0.875451060221,1.59717724043,1.49550948674
0.95492633232,1.91410492048,1.01674843651
0.85699866064,1.63525625481,1.40139639797
1.92467946209,1.92957883182,1.41512818968
2.03204406061,1.91129254362,1.48855331265
0.454721683669,1.40327264821,1.44376410643
0.251757188111,1.40051711079,1.0789748485
0.728552312727,1.45800866845,1.6778550169
2.13992898677,1.72989715415,1.94168344182
0.94332524203,1.71521600736,1.31531200902
1.02751850546,1.83223269697,1.17312803963
2.61437145109,1.86278380706,1.79784300904
0.265123068128,1.24450634299,1.43496012481
2.97085386693,1.88433381278,1.86356959546
0.606601361001,1.34924943447,1.81890999992
1.64101134623,1.92911192994,1.30746984084
0.800341603745,1.56548472811,1.49712233267
0.548969973391,1.37670750783,1.65503923701
0.209103906697,1.04927878732,1.83704918751
1.07661063297,1.67688801277,1.48157115453
1.64466117641,1.96477898736,1.25083250038
1.26666524635,1.54076526888,1.95303204519
1.29592900939,1.82896284394,1.32315768671
0.820297081066,1.53146856074,1.59344861811
1.90771304209,1.90993734672,1.44481080372
1.79519125717,1.72625855277,1.78727205166
2.29646865289,1.89011582387,1.62624170598
2.53938022562,1.95307691436,1.57751107703
4.24729798983,1.97081044528,1.99481107042
0.209535165002,1.00879067272,1.99845351439
2.67780495206,1.88119602601,1.77648097444
2.59654206788,1.79493267652,1.95931284486
0.246668224279,1.34766496261,1.16289577099
1.1358871688,1.65502424755,1.56904225456
0.675772763088,1.71888224514,1.10768552598
1.0975515481,1.81128336395,1.24646728166
1.96374835963,1.85841182936,1.56706995502
0.874805914348,1.42910329243,1.92280710067
1.48974320449,1.78567350893,1.50255156196
2.6066278503,1.93665785882,1.63203159528
2.24110059962,1.73098088188,1.98411879873
0.265418671551,1.33187697145,1.23798207626
2.75338194895,1.86163498684,1.84778738304
0.400495057139,1.18253344043,1.96958672806
0.920230880178,1.87305133893,1.05247431764
1.16754301337,1.80255319225,1.30058136307
0.163239538787,1.06320947566,1.57836366569
2.95659394686,1.85986526026,1.91918730855
1.23978039638,1.84435735945,1.26824891828
2.38280364165,1.80907671026,1.84197288337
1.98900416551,1.87377086668,1.54587660929
3.22507855055,1.88926686513,1.92930924287
0.691160011815,1.57447841779,1.37315522052
2.07500548098,1.9283379507,1.47168696906
0.561229002795,1.65289671133,1.10620354722
3.76983510717,1.9709664805,1.87897445516
0.530371242026,1.60968039884,1.14332783383
2.40295754713,1.80565723021,1.85815986869
1.12442663446,1.48696878791,1.99428764109
1.14159776799,1.72041840357,1.43667773824
3.80750253843,1.9477794415,1.94470630798
1.78374379708,1.69555486876,1.85830696192
2.05100774404,1.98373363472,1.36377376217
3.42692955117,1.98883611192,1.75153806773
1.82372624873,1.91776279407,1.39852181047
3.41583856023,1.89520758851,1.97036159316
2.02386823212,1.80338485869,1.71045691052
1.57881158891,1.93771414684,1.26843673267
1.02957744999,1.52752661721,1.79565561934
2.52593844338,1.92419125616,1.63238348178
1.54790959478,1.76205613929,1.58094057398
0.597286317081,1.28962443078,1.99307554469
2.13248077818,1.97522793734,1.4056037541
3.20132870705,1.91233975583,1.86585760201
0.60261910492,1.40074678107,1.66872052822
1.99893242726,1.99598005586,1.32575533248
0.49363658497,1.57249151387,1.16382822585
1.64928241766,1.77283522346,1.60839202785
1.84054563109,1.88472805298,1.46607599255
0.418506703351,1.51739884743,1.16223881946
1.70697161257,1.75085809895,1.68548387064
3.30192749407,1.91586488481,1.88638768538
0.193614656793,1.06562025601,1.71070809055
1.51641417527,1.78426712544,1.5187957337
1.59375700412,1.87776488346,1.37662379418
0.970628608455,1.46967647334,1.90230489039
3.48696614275,1.97521649705,1.79742379964
2.18632959476,1.80576421705,1.77217311906
1.12783755976,1.79265680865,1.29523073588
1.37947208091,1.5963569813,1.87950030527
2.6401542046,1.81655674638,1.91977432165
3.12827209418,1.88111723165,1.92029398616
0.98528222269,1.52358510798,1.76693035997
2.85355865421,1.99124130283,1.59347659866
2.36977270617,1.89928372694,1.63254847106
1.85415124071,1.67977087254,1.93652979602
0.650498858475,1.70084510732,1.11404654167
1.15280079474,1.61874513006,1.66392893651
1.09883798012,1.7559495267,1.34303837727
2.29720174564,1.8981863819,1.60963372404
1.75429478761,1.95644514696,1.30557543909
1.37746504949,1.72056039742,1.57782453213
1.24990536903,1.59484892568,1.79294765487
2.49447792288,1.79649010322,1.91643789023
2.43964830128,1.97478232502,1.50427923105
2.63985452296,1.90330995556,1.71415002088
1.1375966006,1.68944556416,1.49663394002
0.645723684677,1.57985618287,1.31693046979
0.422276604656,1.58479422977,1.05738126695
2.41392135208,1.83389904057,1.79415403818
1.34198167588,1.9263544636,1.18653711457
0.421143614197,1.54928478605,1.11209489874
2.13939771247,1.86192591405,1.62816996431
1.39691893572,1.59159864531,1.90436163877
1.89739790237,1.97750994537,1.32204999707
0.291127473589,1.32591898454,1.30938969128
0.785315528064,1.39823223715,1.91257130515
1.75021812527,1.79330977402,1.6120992385
1.66207603324,1.83399338985,1.48857150417
1.18753495964,1.69727443577,1.51266562925
0.421390629316,1.44646008671,1.29898488198
0.713919471017,1.80550067978,1.01303611165
1.07955215417,1.96664915665,1.01100697586
1.4575661405,1.80226758773,1.45371779535
3.10432904826,1.88645759867,1.89974099722
0.540993962686,1.69770981031,1.02036345765
0.105055916139,1.13371376672,1.1043039896
0.278421853436,1.40332793258,1.12963213709
1.15480186311,1.74510559528,1.39717195178
0.133300998016,1.14481285389,1.21824485267
0.281236693804,1.19443412952,1.61525648042
1.83449764112,1.79753296657,1.64119550643
1.81814266308,1.76364827875,1.70971969377
2.31624513139,1.93626950139,1.539205386
0.271526401835,1.42139639041,1.08423674037
1.20815831946,1.52404101726,1.95526823452
3.59595361814,1.99495098335,1.78046365865
3.96742062637,1.97098017222,1.92755288246
2.22942974841,1.9593113947,1.46645216992
3.1923041769,1.99260101466,1.68252503494
2.9686505563,1.89949334398,1.82673213156
0.978567083346,1.48858445,1.85589999812
3.1627508654,1.98288273205,1.69534101788
0.72264831058,1.37318444549,1.90967722501
0.249783118125,1.38475763091,1.10206541654
0.863091480312,1.59010696727,1.50012363682
1.04729147225,1.80049297275,1.2351640892
1.04973482785,1.66662234796,1.48405804837
2.17625049772,1.98587441061,1.40101058849
2.9954930008,1.95876847208,1.70099991251
1.200440487,1.7105465152,1.49331610517
0.586680984858,1.45331503945,1.51657601695
0.955089072051,1.86509681194,1.08337985396
0.506346909972,1.44022292633,1.43775284973
1.25272613097,1.8237369344,1.30991306423
0.577947593679,1.67446313034,1.0891905425
0.604071059499,1.61558782492,1.20992304784
1.21644933221,1.62668716171,1.69003556193
1.55523827085,1.87633022912,1.36242175105
1.95236146586,1.96139346589,1.36868772301
2.99666632135,1.86911290882,1.90900405027
0.810653347565,1.68104963623,1.27819558457
0.590327002806,1.72892100146,1.02118244217
2.611881581,1.95356906165,1.59887211318
0.23088379129,1.15914211643,1.56108978894
0.598418548132,1.63191907183,1.17659401322
0.111290168854,1.15691035351,1.08831872032
2.41070656903,1.80966501901,1.85128130931
2.46489847953,1.76038410484,1.99949999625
1.94526003692,1.94828478571,1.38913199664
1.44554265294,1.86932855081,1.32550460696
0.697886139325,1.40366767323,1.7874915125
1.523448341,1.75241653004,1.58894759297
2.50136380318,1.83664192532,1.819784549
2.18701082052,1.80933011211,1.7640813311
3.05687991813,1.90626813245,1.83756910656
0.359074293498,1.36291158361,1.36866602549
3.56891326461,1.91412935739,1.96554479299
1.22312402622,1.90979775282,1.15709138004
1.0717130643,1.75703418721,1.32441658008
2.94654289148,1.85237173191,1.93477262143
3.17877942157,1.88462015586,1.92696612487
0.820278530813,1.40466205254,1.93485614973
2.1690628884,1.83731320808,1.69310703313
0.165703816542,1.07545142698,1.55203835639
1.5788064635,1.75789688069,1.60562428219
2.64792753909,1.99685307067,1.52419638453
1.2058191687,1.8727692249,1.20521202517
1.12047732267,1.61663455774,1.6453810023
0.236584797505,1.2370830751,1.37324381927
0.233928035096,1.37768108367,1.07868718907
0.506294464118,1.46580235813,1.38207005284
2.64868497347,1.92600109674,1.66770647981
0.598484705842,1.56754166745,1.29075222167
2.13058760082,1.98130008008,1.39425142161
0.781813396451,1.78383898757,1.0911657582
2.42042956469,1.82727837966,1.8123060203
1.29145291082,1.77010621757,1.42848610879
2.43331471305,1.85754808858,1.74636264982
2.46736377683,1.90047453664,1.66326877591
2.14954811929,1.78416451136,1.80852137593
1.21612995649,1.52217178983,1.96717523956
1.0373341116,1.75197334547,1.31194431799
3.78165315865,1.96426369638,1.89795225553
3.72842725939,1.92134825352,1.99046938348
2.22169210999,1.81709190533,1.75982699459
1.25291390784,1.98236022757,1.06775430505
1.14815404291,1.66028598849,1.56589239047
2.9207353741,1.90862608402,1.7907416439
1.41424989149,1.71980355922,1.6004104557
0.226400556673,1.27398577152,1.26018789408
1.00702264131,1.79249741088,1.22415331858
1.76187797579,1.68989026816,1.86140940797
0.611351401035,1.59670294361,1.25059051598
1.1048273182,1.90652420119,1.10435462637
2.20836556375,1.83973009114,1.70296149308
0.995898186861,1.72392919228,1.33544156789
2.82221608656,1.84980059861,1.89989628443
2.15737365834,1.93862484193,1.48102290817
0.148671176266,1.01695102917,1.65499091058
1.46512381615,1.74616892636,1.57147367103
2.07583029976,1.96213781772,1.40997159738
0.582651900036,1.355583991,1.76432369654
3.66920737366,1.96046964026,1.87853429386
2.09924505396,1.96611264775,1.41077884185
0.34437691084,1.34269800753,1.38526740076
0.841403883033,1.53347617919,1.60902361391
2.03445572354,1.99310547671,1.34232590403
2.23312884482,1.83183231195,1.73035973606
2.31754991862,1.76549174738,1.92551644787
3.34874704788,1.89384291906,1.95435696423
3.01487585626,1.98537918757,1.650033212
1.90704094028,1.8534012807,1.5544214425
1.6900800086,1.78747226707,1.59655261424
0.72968344845,1.48710316865,1.60620524437
0.818647321749,1.40420999459,1.93431500705
3.12256912627,1.96725705499,1.71812252006
0.648143787926,1.68000393688,1.14458111613
2.55780947324,1.95628394821,1.57678927659
2.46123374932,1.92459823025,1.61050064106
0.586391764775,1.56641248483,1.27975124966
2.22877261022,1.97137685087,1.44399999888
0.997533368008,1.76970582636,1.25612887917
1.30195879099,1.90141580145,1.20675048644
2.49822071157,1.96192873184,1.5471946369
1.80781182404,1.65081462257,1.9911910229
2.88096139784,1.95968698715,1.66622180563
1.65637880464,1.81515043298,1.52343407003
0.0784507126603,1.08261136924,1.0529509346
2.84830969045,1.82397817808,1.97455717059
3.76895873023,1.97350198558,1.87274307851
0.739835988128,1.66617532167,1.24666611998
0.187128175164,1.23704348696,1.22138890492
1.94957598287,1.70277870763,1.92350223473
2.04142883435,1.72034874771,1.92137144515
2.51774501875,1.88449827068,1.71521404184
1.42878923335,1.7799570694,1.48279158629
0.880457610543,1.78009961794,1.16377045309
2.82932529114,1.89613159344,1.79110314884
1.5460294797,1.88535107353,1.34258453247
1.81535559826,1.70869779917,1.841050182
2.73921274037,1.8557210187,1.85731145025
1.54803316749,1.65358653615,1.83541449658
0.583026490763,1.35616056214,1.76323563478
1.84837351247,1.94417553714,1.36119802394
0.859193920558,1.78936149855,1.13547951354
0.954792707667,1.7215005907,1.31194083082
3.28848096776,1.89186015357,1.94165952771
2.98144711622,1.97665527839,1.65901733348
2.31133850678,1.84783115776,1.72379888579
2.57291050109,1.91314105196,1.67100826646
2.4555987649,1.8428279453,1.78847163184
1.54775521458,1.85813652294,1.39172271717
0.728270700149,1.47654014894,1.63061206604
0.855172635252,1.55707052213,1.56671635906
0.874287063133,1.57645358023,1.53996554077
1.48388422316,1.71822353074,1.64288797901
0.55266704232,1.30484530492,1.86860871218
0.674960303992,1.48762051626,1.54359181504
2.58780681212,1.81203144231,1.9120699719
1.94421702645,1.96415420614,1.36105931036
1.54681424263,1.72059328185,1.67192944503
1.52477870097,1.63406137782,1.87244532652
2.16687985644,1.81235649118,1.74891305343
0.0707109088065,1.04835375463,1.07027262253
2.5973976553,1.89920248173,1.70933611519
0.512804784598,1.28655783845,1.85638073232
1.29643695652,1.71471371946,1.54302486534
2.1072397376,1.87467178222,1.58929885309
1.49927430297,1.87419132073,1.3414060181
1.31744198706,1.83606916868,1.32167390469
2.42927917108,1.79014116959,1.90730591793
0.435391006835,1.60673768493,1.04028111851
2.82479673764,1.99199835188,1.58391634564
0.734191513884,1.52130452959,1.53044903923
1.10971050096,1.64779630037,1.56670084603
1.99335087682,1.93606085467,1.4282750624
1.1785901036,1.99740688784,1.01617166714
0.148184708204,1.0555027469,1.52720625302
1.36390843577,1.85944119134,1.30423092649
0.934702098709,1.52198665242,1.72508076784
3.47991400965,1.90762377101,1.95718142417
3.14672108507,1.85487712733,1.99287448684
0.607119777154,1.3591157719,1.79067617047
0.162574512224,1.28304675747,1.05149825077
2.66836576046,1.85498647661,1.83489590476
1.13234127877,1.84626956892,1.2090160979
1.65730864522,1.92384295274,1.32283670723
2.63504478049,1.93412580426,1.64621663274
3.86737947714,1.95702527362,1.93704297892
1.63282436043,1.81069403731,1.52151915374
0.441468839629,1.29203453625,1.70651667565
1.61309339005,1.70580848141,1.74237034936
1.48294044562,1.94658473505,1.21550315547
2.35470965863,1.777050091,1.91098264398
0.262340099726,1.4446578278,1.0277932354
3.65121358545,1.98692028702,1.81231375825
1.36522774789,1.74817105208,1.51284397075
1.15267017967,1.94469803472,1.07421193577
1.84504935451,1.72452013486,1.81622925198
3.30557716934,1.9850289604,1.72851554095
1.20095353422,1.97612786123,1.05363394925
1.95300759918,1.80743785048,1.67122682821
0.724548151971,1.74735439085,1.10333084187
1.31256085678,1.91421687428,1.19186169037
0.372280978618,1.37973722661,1.35629992007
1.35571550411,1.95675190509,1.14727054936
2.92504075156,1.92660876839,1.75118748645
1.52941040162,1.64278116955,1.85231045605
1.17757611783,1.80822203151,1.29636115696
2.05927254176,1.84460509348,1.63398456462
0.619505422694,1.53605060687,1.37539468294
2.3682459432,1.90711923928,1.6156309974
1.10247457006,1.87119477214,1.15477058711
0.921549257816,1.82420566283,1.12280667785
1.46379781375,1.72630068448,1.61380427415
0.743257860319,1.5684190203,1.43658261096
2.22874411494,1.72524631352,1.99418693956
2.22658197859,1.80945520539,1.77967389499
2.71859192581,1.96265566718,1.61250617823
2.31206286098,1.87022156317,1.67440689412
2.14460449769,1.98618508625,1.39024260351
2.71664430127,1.80528866549,1.9766919064
0.94550098958,1.58349125339,1.58519646429
4.31060099695,1.97821298224,1.9909122418
2.99151423396,1.89484494111,1.84478680622
0.620999594186,1.71466360967,1.06800363373
3.43758335554,1.96300449865,1.81244147755
1.3058899096,1.59531017974,1.83144467319
0.406284837315,1.54004634135,1.10727321411
1.31032502401,1.68427032604,1.61780772417
1.25024944309,1.73878875039,1.46628814472
0.42056714129,1.18853948943,1.9964337744
0.801038793105,1.55800904966,1.51423460991
0.941528453224,1.92083229763,1.00091362946
0.474211992245,1.42833865683,1.41737531036
2.02182448665,1.83875259524,1.6315435528
1.14257287768,1.63430244426,1.62031485839
0.908189812761,1.59791866122,1.52159221973
0.225555363097,1.20043390425,1.43099292505
0.267347360339,1.32663283249,1.25329068681
2.34343698446,1.98032906315,1.46403020498
2.09904463986,1.9707962313,1.40237463654
0.446972474162,1.28194805722,1.74676622245
0.991865450066,1.91085731685,1.04056011485
0.0977439674237,1.00492937016,1.37601375376
0.567011479466,1.54538132991,1.29783002193
1.9691553938,1.9344763813,1.42245500874
1.97415120984,1.74305734384,1.83186382248
1.61843971837,1.841984605,1.4535574713
1.58649846001,1.76944733044,1.58467877372
0.834764274443,1.41182116521,1.92991728751
0.821494832772,1.64745923635,1.34862068682
0.113346416371,1.10400013209,1.21400396061
1.19819480181,1.98092965183,1.04606349831
1.85658554913,1.99390649742,1.28101395975
2.03470436255,1.88165958114,1.54760716049
3.48810550545,1.91162144512,1.94943632356
0.788675711648,1.55417452433,1.51097321382
1.85165675177,1.88933379769,1.46175415668
1.10320074777,1.85217650359,1.18416367109
0.390469852705,1.50087446459,1.15078779221
1.1855393622,1.87220076775,1.19591771715
1.65447860256,1.98362372787,1.22503763217
0.543343210524,1.48327758603,1.39409089144
2.19380375384,1.92873461268,1.51246160118
2.76113619756,1.86171284219,1.85019958893
1.71293373369,1.95015227157,1.30044912781
1.04544106663,1.66862772064,1.47687657262
1.6391276075,1.81285684377,1.52008996691
1.50698989696,1.96415081521,1.19828939505
2.02075694756,1.7631046489,1.8037904402
0.951542050914,1.79740014348,1.18220432591
0.372038729527,1.21449556465,1.7921696484
3.04747990781,1.88692583029,1.88112522154
0.985354930187,1.90864152354,1.0400986915
2.44324761831,1.94512627287,1.5630913347
0.230650138821,1.34573439889,1.12806155041
1.07807141674,1.64357600235,1.55341845531
0.359252396799,1.38973365505,1.31120883201
0.967065277187,1.56268498842,1.65243094963
0.583084078977,1.5027206747,1.40236439842
1.36104175612,1.7694296599,1.46780193476
1.57041892711,1.87053366905,1.37940761822
0.588366145528,1.31818591387,1.88550518982
2.39685195391,1.80084489252,1.86770457894
1.61758964805,1.94483634886,1.27231640941
2.00857492067,1.81036056935,1.68827701997
0.753381588207,1.74794535128,1.1241697146
0.661575489847,1.38109506058,1.80411370362
2.48740496741,1.99237989857,1.48560530475
1.04861400931,1.86307314034,1.13818305635
1.0978757034,1.70841067967,1.43229602171
0.777502894205,1.53198156473,1.55014793512
4.19976807526,1.99523267867,1.92346789474
1.63040844588,1.77806914117,1.58797231794
0.740718094241,1.71757158311,1.16177571748
1.36274225112,1.71025299059,1.59170807749
1.61648997514,1.99062270757,1.20026419757
2.46660067369,1.79996361007,1.89690743817
0.621571264759,1.73038054806,1.04577421105
1.3162263649,1.88213820894,1.24395851649
1.69954872371,1.70290526145,1.79561695229
3.43739665668,1.9027641022,1.9573977047
1.15016916908,1.89533293583,1.14316214078
3.8748809095,1.98928224348,1.86145375848
1.61466908078,1.73350500985,1.67835971102
2.79926192955,1.82577134758,1.95285616804
2.72700666432,1.88935982197,1.7738732156
3.30741165905,1.89842591931,1.93080053121
2.04929923302,1.90704697517,1.50304454336
0.441652696693,1.39551916865,1.44048568449
0.358982474246,1.19498505904,1.82309883979
2.78556882205,1.89821718981,1.77242218867
1.25282896282,1.78631018621,1.37673369689
1.8972680176,1.70142364274,1.90106955474
1.3262951578,1.91776041065,1.19264403204
0.640219211347,1.45461648643,1.58108910602
1.8720086009,1.87010643159,1.50688514849
1.30431168751,1.56742863362,1.90580573859
2.09152967052,1.76036401296,1.84189841189
1.37836502207,1.97281884562,1.13350812931
0.756835021741,1.74425590306,1.13239325069
0.9519451194,1.78762254335,1.19797667188
2.54160901669,1.90382817946,1.68082805232
1.49136913974,1.97988298173,1.16858528987
0.615115748518,1.48307724886,1.48376287407
1.27664414755,1.91885411832,1.16846679058
1.15225703594,1.54680642686,1.84622702001
1.37747049049,1.58374532483,1.91264124259
0.840417265126,1.56079640816,1.54469269996
0.723879296059,1.73334493315,1.1240122565
0.53219664261,1.33323795816,1.74907911844
2.94070449561,1.97299507941,1.65527997337
3.07916473371,1.86701810005,1.94038726857
0.146193665756,1.03853051039,1.56990089002
1.32216115241,1.66714282885,1.66432221872
1.71500561962,1.73474355768,1.72680629121
0.234009996718,1.18060439426,1.51084614423
1.02355792203,1.76386913631,1.2824425823
3.57491573441,1.97293682955,1.82520079947
1.57908588445,1.91674706672,1.3030417256
1.20442865503,1.82725933121,1.27845885644
1.03190613176,1.88377661633,1.09910344331
1.92551312023,1.89539528069,1.47899004928
1.06575849244,1.57446956285,1.70516072804
0.277357611328,1.18921137082,1.6193039354
1.98279741763,1.81775184504,1.6610706171
1.12282905248,1.53150789576,1.86416336696
0.338695943453,1.20153754097,1.75006631116
1.89341857086,1.81586134256,1.62726579249
1.01977679884,1.82709114011,1.17664402586
3.36199318199,1.93781624828,1.85074036253
0.37932118091,1.48468780095,1.16232597649
0.763853808099,1.63752546247,1.31880798934
0.627242735081,1.73459727667,1.044516143
3.54673965784,1.90474113828,1.98322930969
1.07147073101,1.48115162793,1.96402377243
2.80102994471,1.8868490324,1.80363780615
2.07424193897,1.87870182615,1.56857701791
2.92875761395,1.95640038146,1.68700776411
0.519487204858,1.26563632238,1.936447463
1.88272695286,1.69381535207,1.91376686715
2.10299899089,1.92212636607,1.49341025065
3.09092895401,1.90493331502,1.85095267988
0.908671963731,1.5431239066,1.64843002571
1.54880810231,1.6416757622,1.86693076188
2.43205002656,1.91936380169,1.61169855454
0.876343421036,1.65622392661,1.375855468
1.14281316498,1.84356716561,1.21890488871
1.52796503601,1.62323393617,1.90343420923
1.68888102474,1.67570635196,1.85869077546
1.44847169266,1.75182050557,1.55060393116
1.59823640437,1.75634873216,1.61885482752
2.62005310768,1.80277943659,1.94771550412
1.43286174276,1.87843383271,1.30415531658
2.34834114899,1.77606932741,1.9109085389
1.94310656471,1.80910974546,1.66329156246
2.12388483003,1.81478038599,1.72592557966
0.715993283151,1.67118595598,1.21786243281
1.13406769384,1.72619541031,1.42066683096
1.71314991909,1.80329426921,1.57387773096
1.96943868018,1.87452733341,1.53674330785
2.08878682281,1.87137300506,1.58912411183
0.163489881132,1.22890262358,1.15809877116
3.5488705154,1.9231237141,1.93753574435
0.215895434894,1.21190479244,1.37155044599
3.14840516575,1.89615052509,1.88935623338
0.869727462287,1.77442217805,1.16549582315
2.67636134503,1.96005695754,1.60521301799
1.83177279315,1.80873079098,1.61575008083
0.478821020376,1.23690951622,1.95421794939
3.12890522779,1.9903937825,1.6703660977
2.11566509701,1.98397422344,1.38468321948
1.96474687756,1.91634753586,1.45422443955
0.360989789831,1.39300437133,1.30753879973
0.284302136991,1.23621818263,1.50765867865
0.547997563281,1.58405457948,1.20583329637
0.464911534543,1.24630284753,1.89426588385
0.736588148236,1.5610119872,1.44567288848
4.24486693979,1.96994280598,1.99642993535
2.17640730992,1.9322170128,1.49976107358
0.41735997953,1.46329298157,1.259663188
0.622346660022,1.59542757464,1.26410537654
1.22993678177,1.78551409489,1.36555008676
0.0995032531979,1.11988861633,1.10329138445
1.8488490262,1.77367682438,1.70100020448
4.44791645311,1.99909826703,1.96988713907
1.82674900958,1.98003952943,1.29306837976
2.94501978156,1.83913610723,1.9681231201
2.05700912593,1.9499176576,1.42551164006
3.13976464996,1.97434376559,1.70747382588
1.24341086427,1.59149251658,1.79695681601
0.138833226397,1.24264839576,1.04176872958
1.48118706437,1.93067839646,1.23968395022
1.94595661406,1.76711721255,1.760552994
0.241813785804,1.25339576838,1.34940219955
1.4585036932,1.75371935359,1.55197356594
1.20010049744,1.50966464986,1.99102676784
1.05363108895,1.61669717835,1.59540308189
0.596281133434,1.4497027902,1.53748130072
2.76400574427,1.92031418142,1.71608109712
0.448553415743,1.39539708288,1.45197766468
3.81570902682,1.99054180538,1.84426016054
3.81230289245,1.98766978231,1.85011406325
2.72968025156,1.81887049195,1.94608753723
0.833056593094,1.56658838552,1.52495643141
3.61815406589,1.99805484585,1.77899900962
1.66037674126,1.95361614537,1.27471861597
0.354324016027,1.19318861377,1.81711684399
0.273133634911,1.42625190536,1.07920250715
0.630348966909,1.59937070443,1.26500904094
2.34680390773,1.79132595066,1.87168743393
0.913727055782,1.86826683226,1.05529562195
1.04500017415,1.4986259314,1.88899243797
3.52726832141,1.90895348143,1.9670852956
2.045876872,1.79821999182,1.73158668606
1.39450495536,1.63156645801,1.7970131465
1.80690946042,1.66107679247,1.96222543607
3.50079794613,1.94842307237,1.86320996462
0.62859735774,1.43961365752,1.60345692929
1.04104953542,1.75133826895,1.31542152179
2.47439943432,1.83574888268,1.81207582394
0.249736070938,1.43946818505,1.01090368906
0.313740217002,1.4752269113,1.07240426251
3.53721464466,1.9995826981,1.75561609325
3.50472043514,1.92843844009,1.91239097468
3.90361227639,1.94336838481,1.9801874374
1.517140293,1.6449047124,1.83934716349
1.26066443341,1.57091954328,1.86414027377
0.928347027117,1.52124584124,1.72110493349
0.775039228893,1.38427950582,1.9427640049
1.02794515891,1.91029523615,1.06008230801
0.742480304467,1.52741689406,1.52512979323
1.51663064499,1.61534668756,1.91779928731
0.619215308349,1.72524072289,1.05113844894
3.5404440646,1.93832121335,1.8979998308
2.82628124835,1.85058192158,1.89932064634
1.63998893007,1.68337280976,1.81216973205
0.154227302044,1.06269053503,1.53576562656
0.963942206409,1.60737305834,1.54646866338
1.70113909808,1.95707743432,1.28461214109
1.78183478228,1.98658253571,1.26658183282
3.7479141616,1.9657878023,1.88582262238
0.893338670801,1.78037212298,1.17182470321
2.40758166797,1.88266642363,1.68125573371
2.1992629981,1.89666046203,1.57805180199
1.04150470292,1.63817967847,1.53852755185
2.07642714331,1.94348927638,1.44399080561
1.64305771721,1.7558565643,1.64248927878
3.15280306905,1.94524760468,1.7753416417
3.14511775131,1.93015074117,1.80766290159
2.09906281487,1.73883455816,1.89979466345
0.302133606214,1.49323266661,1.02401295563
1.76149928574,1.92312675112,1.36503627423
1.54024007805,1.9134914652,1.29230486305
1.47089463232,1.85869742809,1.35573345736
2.25954930722,1.84991606852,1.69973033349
0.890860378175,1.79264194992,1.15116424905
1.02560156281,1.58511232335,1.64710987034
1.27019531761,1.90751422947,1.18261475768
1.06516064536,1.75840131842,1.31792687804
1.85509321853,1.94675402162,1.35920050423
0.154624706424,1.15640976232,1.2840162446
0.404889607101,1.5917120337,1.02508789012
2.0802985591,1.77050408194,1.81203809969
3.1445778542,1.86257481837,1.97227577909
0.621408725993,1.55744145123,1.33479982202
1.21886394996,1.85449209637,1.24092922301
0.97249487126,1.44692435987,1.97193842688
1.58577943142,1.86075358079,1.40391077481
1.53563510823,1.89210453113,1.3264236382
0.1134005692,1.05989381318,1.32428051962
1.50537505628,1.84217190526,1.40152082231
0.11246643413,1.06758180056,1.29874151695
1.61317540752,1.94739375957,1.26644945509
1.43999411445,1.6532505566,1.77104421071
1.37706619367,1.84886183941,1.328758248
3.17678072064,1.89245864513,1.90692275033
2.16199082703,1.91530402548,1.5275196424
0.95655684985,1.50661129984,1.78571587345
2.2975622216,1.81464433837,1.79542988404
0.372541691487,1.51455950606,1.10121938167
0.678825696038,1.58358198622,1.34299436799
1.11575478045,1.83103867302,1.22438426704
1.10212757873,1.97095519506,1.01597221788
3.22469947951,1.87114703094,1.97507236278
0.955803357237,1.91129227596,1.02089777794
1.35938258385,1.6935935083,1.62666987821
0.354290992296,1.27374656864,1.57708242918
2.87305656971,1.87610918683,1.85229369378
0.619827564265,1.63831670165,1.18665907444
2.18436545472,1.84074973749,1.69141638761
1.53877956658,1.89505635773,1.32272719291
0.421793044744,1.31555649745,1.60345126236
3.30428702927,1.9793989683,1.74049179747
2.19847617847,1.74784968212,1.92062047202
3.04674324667,1.90433808533,1.83908425328
0.726268384851,1.56072109276,1.43612097496
0.400071240528,1.23215200922,1.8012903853
2.31674286599,1.75362809078,1.95624415755
3.95252053085,1.95775296321,1.95644131787
2.31773526083,1.82513724906,1.77845843828
0.488202035459,1.64098325974,1.04918936962
0.991090725465,1.79531293271,1.20988121908
2.4094143448,1.87652336658,1.69535219352
1.16477260201,1.68400294389,1.52587556903
3.5593801012,1.93149928629,1.919718341
1.07322476116,1.96402535738,1.01139527131
0.114280416623,1.03216374457,1.40618775883
1.27229098786,1.65666265798,1.65676719898
2.04888140541,1.85815799787,1.60120822056
1.67512764007,1.92208855232,1.3329215569
1.65022741455,1.96209739549,1.25721221759
1.29270879583,1.60269594829,1.80293006512
1.98477922726,1.82431613872,1.64754956766
1.83282176024,1.68898401736,1.90089968034
3.3531072375,1.96457002115,1.78648601695
0.872741672596,1.53511504821,1.63474109226
0.743851552136,1.70977629421,1.17674985403
1.38282112867,1.76070333454,1.49698658124
1.73462450833,1.81931436779,1.55043787149
0.885638164257,1.40891042614,1.99700613485
2.54291358732,1.81378369919,1.89101747555
1.53642627077,1.88973102956,1.33084299002
1.15291984129,1.80858258709,1.28210420937
1.11010113945,1.79335409292,1.28381159323
1.91886263334,1.78495351265,1.70692216263
1.8764403881,1.82025248962,1.61057335215
0.346071956832,1.31171070213,1.4617627981
1.48448136253,1.61213404841,1.90609227348
1.39610769433,1.99932712754,1.10331031838
0.729090821859,1.74276671628,1.11369202272
2.81614179609,1.95464022113,1.65795717185
0.959211517303,1.81563485647,1.15857072917
0.725687861398,1.59277242283,1.37026193287
0.880494403602,1.68503988167,1.32475921003
0.756990744972,1.76801672022,1.09673635789
2.39696791151,1.97089926496,1.49839987294
1.41077653014,1.96512644416,1.15797427021
0.666531255464,1.40929142705,1.7314113096
0.341272699698,1.35214452523,1.35786956487
1.64801059843,1.89912581133,1.3616992357
1.33721030856,1.75147808824,1.49055133642
2.25266144282,1.8438682049,1.71064023775
1.49129940893,1.85853337941,1.36539707717
1.99892423296,1.91078789524,1.47733067992
1.13047676918,1.82333311574,1.24502119624
1.08531721514,1.75622938654,1.33424551804
0.174515626512,1.27707199528,1.10058207225
0.326454741258,1.51785745362,1.02578971461
0.254515334402,1.10402679348,1.81907590183
4.09114988541,1.96468118984,1.97304701835
2.19997183959,1.8182136594,1.74860709064
2.33706558535,1.82824459996,1.77855606359
1.15248404324,1.88827861219,1.15479371567
2.89543980412,1.87530163614,1.86144635211
1.41321836956,1.77180474808,1.49090552236
1.25306317326,1.81123695765,1.3319306606
1.28078227684,1.72857884177,1.50486455273
0.544250184245,1.65179772351,1.09102622859
1.99281568773,1.7314115568,1.86988803065
0.808413078229,1.47762982852,1.71514208743
0.26953056788,1.25916418274,1.4104847448
1.60177574717,1.76622690285,1.59920353665
3.16012303151,1.89491983472,1.89587909856
1.34486815472,1.55524636684,1.96999259785
2.43028556255,1.86445098303,1.72962899166
0.279688497178,1.28048590299,1.38520257016
0.204815808296,1.35066204277,1.0544827167
0.556762781735,1.32809204561,1.80426390775
0.115151657239,1.17161034285,1.07741597483
3.20658738651,1.92574513955,1.83555877201
0.200115785969,1.16630936819,1.43424113768
0.484988054377,1.34125221917,1.64782960202
1.09668320641,1.66273226363,1.52515718425
0.259927148821,1.19578137688,1.54908562966
1.10721078103,1.51585237643,1.8947957252
0.802721428188,1.37730816558,1.99938802771
0.581889868229,1.65324825694,1.12582488813
1.10322350588,1.63000009304,1.6019088924
1.81957584414,1.88444172161,1.45824113489
0.922007591196,1.90552730786,1.01015009459
1.44544579398,1.93712380538,1.21459560599
3.28199561323,1.91180632703,1.89051468937
0.271859696132,1.12473756018,1.80690069859
0.937119382256,1.90422071381,1.02010953344
1.47990980274,1.72302866718,1.62993275807
1.46194725752,1.82702090546,1.40895980717
0.979875111073,1.71757433626,1.33622484728
0.144052285638,1.15265758421,1.24801385276
0.860083283986,1.49117446903,1.73311471031
1.08541612131,1.93207049455,1.05933039844
1.34018530101,1.69534749223,1.61123201245
0.685235950477,1.55837607308,1.39975824946
0.433376963875,1.26552796705,1.76901765307
0.257189950568,1.13502897936,1.72356539931
2.61966722753,1.89770923795,1.71995832668
0.343306534762,1.2535902244,1.60729453058
1.569581465,1.76509425692,1.5854664232
0.317992124269,1.29190055394,1.44866219683
1.13645120521,1.9349440744,1.07997716435
3.49575741946,1.98017784727,1.78845040224
1.07534566208,1.48878152737,1.94492882377
2.70336694407,1.96070357459,1.61196891156
2.27259351647,1.84856332035,1.70765142663
1.36033905247,1.98544392094,1.10827140235
2.11249995564,1.8944622062,1.55100669442
0.860367383091,1.74074686224,1.21313014719
0.150765160817,1.00634302267,1.70388803598
0.98661435938,1.60079181023,1.57939167167
1.94403200623,1.79321806814,1.69922347117
1.20563388492,1.99802631184,1.02696458555
2.81725429268,1.92954513187,1.71217564993
2.50163127914,1.96128804591,1.54950847063
0.322721736604,1.27210198848,1.509424757
1.24027514375,1.66483554785,1.61716743239
1.76783246158,1.81748664579,1.56899592214
0.298418952981,1.11211521196,1.93929652473
0.675623634276,1.69137581151,1.15030578237
1.41877843278,1.94810534178,1.18661852204
2.59442683278,1.8868028138,1.73594975503
3.79602332626,1.93586187137,1.97149067079
3.6495330669,1.99017956887,1.80447636563
1.62544173462,1.77366316509,1.59495086507
0.768348440579,1.69310588904,1.22377204007
0.194335173682,1.13853452057,1.48836503155
3.19684117255,1.88129124797,1.94078756103
3.73343751878,1.9253689045,1.98157435987
0.179704850888,1.09229227955,1.56373076548
1.61461497256,1.75575642063,1.62843106436
1.45004685602,1.67575710663,1.72213796193
2.89271527156,1.96234361069,1.66400258203
0.229520126829,1.07234171002,1.83788601593
1.05435613449,1.91120161185,1.07236407679
1.05776267143,1.51839331104,1.84498844898
1.45547238881,1.88818743062,1.29789684208
2.6712107577,1.8908830416,1.75217736299
1.34139737268,1.62373925761,1.78216397989
0.831875549694,1.6294054449,1.39220019978
1.23147598954,1.6570284849,1.62913966805
1.1915785276,1.63936847118,1.64288128084
3.2758164594,1.88090794549,1.96559075647
0.775820142116,1.83000041404,1.02236930846
0.561593734133,1.50347896716,1.37471068123
3.55546768813,1.94453192505,1.88702513418
0.752382234793,1.57917470451,1.42294460339
1.79673196366,1.77881312755,1.66534153274
1.07791924535,1.5339298729,1.81995814187
0.209162924935,1.36848625299,1.03521468459
0.186095226798,1.26885541611,1.1526120727
1.82254351655,1.99279934317,1.27098380944
3.94776921159,1.98000834027,1.90096893833
0.775184485614,1.50328718792,1.61557794524
3.26635111942,1.96583417848,1.76040239564
1.32166844475,1.77913665153,1.4276924005
1.8544426343,1.87790338912,1.48467996113
0.800320371194,1.52606264954,1.5866107646
1.86378997853,1.78886706532,1.67347385577
0.719171131246,1.69946646081,1.17360505743
0.976981768592,1.85860586096,1.10504173059
1.38389008886,1.66385450456,1.71057749134
1.35477675928,1.79465135218,1.41580293666
0.412663805328,1.52418334079,1.14248531945
3.40854096944,1.9875620193,1.74963720178
3.23214421583,1.97395433411,1.73326351636
1.70918580241,1.93104134615,1.33106470566
0.885349748412,1.64349807567,1.40789372796
0.108601800706,1.0181055111,1.41110859709
2.27966355596,1.81272601616,1.79297221382
0.796835820945,1.66706452289,1.29219232608
1.08895041565,1.63810668425,1.57334345046
1.19684461355,1.96374491038,1.06843666148
2.35888574246,1.75947080337,1.95844065021
1.14379252785,1.57397197393,1.76776165845
1.79329350931,1.75107965349,1.72705799534
0.336522865158,1.46016428203,1.13655964513
1.38061701369,1.83528151205,1.35439391944
0.778237211267,1.5090991025,1.60469466725
3.85521214889,1.9764504757,1.88700841847
0.527580330975,1.66331996596,1.05696616436
0.54726466402,1.60043047502,1.17690201201
3.00507473538,1.93259724394,1.76144314642
1.38972117908,1.88930986977,1.26640138218
1.53016597138,1.99947569784,1.15485236109
1.01832582507,1.5706868611,1.67598201383
0.69689405358,1.49548855403,1.54992259047
2.24934690645,1.98832480723,1.41995571093
2.22304791929,1.75905961834,1.90227075322
2.30585865847,1.88187704409,1.64703935844
0.541782693118,1.32487625196,1.78932943278
3.20189882765,1.88348763642,1.93680049001
0.133486820692,1.00392410703,1.6114370281
1.33529695785,1.76275261029,1.46697934342
0.902268903623,1.54247805086,1.64417736601
3.47137439835,1.9030100316,1.96642491487
3.19963576683,1.8835012969,1.93608164642
0.306694417338,1.29260344267,1.42100485983
3.8157657087,1.9287970524,1.9945348839
0.706971997266,1.67349053263,1.20628329949
2.96538752487,1.97776259355,1.65223138504
0.828418950143,1.5144535075,1.64240493602
0.273904735673,1.23933757022,1.47176576626
0.234670458193,1.420605789,1.00922009578
1.78368025418,1.92449477785,1.37119905788
1.53653312404,1.89985813281,1.31359650768
1.5797908837,1.65295318813,1.85579639122
1.49920252975,1.60341055063,1.93960477261
1.07423155527,1.66088473219,1.51337478653
0.64313647525,1.37213881957,1.80459541551
4.45191244206,1.99549886754,1.97970411125
0.533324564895,1.48601293356,1.37545790946
0.269320122621,1.29020691956,1.33702144176
0.932452394455,1.48034825852,1.83442660197
1.10486753615,1.8024488606,1.26536675713
1.1200421229,1.53714841962,1.84636124025
0.336627778835,1.46439345119,1.12938269703
2.75010210877,1.83496440365,1.91233477473
2.77769489552,1.91608358777,1.7296870645
2.54400208115,1.8544374225,1.79291279406
2.46787205435,1.82773430066,1.82888153205
0.830518866621,1.82862984574,1.05970831125
3.66762766535,1.95973766062,1.87987425347
0.788880439948,1.58360209302,1.44773144398
3.00000707011,1.94479304083,1.73279042554
2.7315057328,1.92317387965,1.69972160685
1.09218719808,1.62016206719,1.61632683603
1.42325752922,1.95858408768,1.17277170752
3.14539711223,1.94676018183,1.76984402821
0.769429523884,1.77049821165,1.1020272676
0.743363311581,1.65790382897,1.26419085953
3.99092347384,1.98761261221,1.89309659211
0.940854505498,1.79884760395,1.17328335941
1.52042109232,1.97897821843,1.18126042829
2.69675177463,1.9946736363,1.54240342622
1.47598988514,1.94044213313,1.22217751863
1.11750290195,1.75535690434,1.35548167013
1.25313133961,1.9528748192,1.1084557787
2.8556437569,1.86866829387,1.8646227123
1.30336727512,1.81376699875,1.35385686923
3.28906573947,1.87485295624,1.98510120983
0.369539276523,1.47467527335,1.16484738044
0.965975372527,1.83116612305,1.13905186053
1.67891300274,1.66103638141,1.89155678778
3.33731447399,1.88656145956,1.96947600041
1.2747852591,1.56408851853,1.89331737014
1.303016622,1.80315062791,1.37287561143
1.82470805582,1.82401677441,1.58034053162
1.9128600772,1.99764684046,1.29418502452
0.218244051914,1.13951626055,1.5743576532
1.35131297574,1.6528871604,1.71651971769
1.57205929993,1.94313921102,1.25699694884
0.828202556315,1.58239784604,1.48596310085
2.0946549483,1.75129774168,1.86598998551
1.92347782444,1.70638316269,1.90112585554
1.93836923414,1.73126904338,1.84452545472
1.1651025094,1.54300154873,1.86692723227
0.155788164946,1.17685231025,1.24121054356
2.09606521411,1.88323555451,1.56756421048
2.36240009297,1.79652262126,1.86493126942
2.09073402757,1.78448257137,1.78284955248
2.13174985268,1.99944117264,1.36315156223
2.02967246441,1.83775070641,1.63686031857
2.32878279784,1.78332011561,1.884539098
2.07746483767,1.88916777729,1.54865330286
2.14784705786,1.97157353065,1.41718966004
0.808380427723,1.53670263687,1.56961716701
0.404152977799,1.53483030199,1.11291524129
0.519279205933,1.25144260427,1.98414502268
1.12493107761,1.99107021656,1.00071114633
1.21344334195,1.67122645253,1.5853639466
0.190417486282,1.23429092637,1.2380427259
0.575968943877,1.61239970714,1.18683718566
2.39653812141,1.98858221817,1.46520364487
2.6748961892,1.8987793263,1.73559645941
1.20687331048,1.99165007847,1.03576150589
2.51340222683,1.85376315819,1.78366901335
1.57774256699,1.88538847162,1.35621889922
4.03630573016,1.99422826257,1.88804656889
0.894922652279,1.52626465333,1.67726153715
1.84810481307,1.66949137178,1.96125492075
2.02886828585,1.75534038282,1.82644223497
2.94386762272,1.95818506733,1.68752710461
0.351611999789,1.17905996264,1.85719948257
3.14493995761,1.88989137844,1.9036498683
3.57983727531,1.96476424767,1.84544322399
0.43737469713,1.31600742087,1.63157281743
0.788900443587,1.67753270844,1.26711093577
1.48565599055,1.69538615234,1.69633485784
1.2709553506,1.77944128595,1.39946250554
0.359445714133,1.43373916827,1.22364672835
2.68719396517,1.80261797478,1.97293687691
1.56932996249,1.77992768645,1.55406885187
0.896664226941,1.74566243183,1.23022090265
0.784936238565,1.6216437688,1.36735510583
2.69833369419,1.99697560162,1.53839848726
1.41607795713,1.76909220479,1.49786393892
0.754272768045,1.40752797304,1.8469870125
0.438954182219,1.59769272899,1.05818284649
2.03947593775,1.81434177639,1.69226386711
0.421598748776,1.48111701544,1.23205214478
1.00509003951,1.84670536534,1.13840782417
0.932593182877,1.50621356635,1.76425903805
0.267205620957,1.10660923685,1.85461074702
0.627388261559,1.68558888203,1.11740625017
3.01138133685,1.9972877929,1.62455173031
1.99099004313,1.99970834567,1.31693661433
0.544714551204,1.63277123251,1.1212024505
1.67471690916,1.76836465494,1.6305135417
2.92756880414,1.99259284606,1.61126665487
0.983553718608,1.77783751007,1.23375410329
0.980487528534,1.66392469381,1.4396944899
0.962132720171,1.91656991061,1.01735301971
0.0877552828199,1.11093709335,1.05402287288
2.41981287855,1.78195449189,1.92453267869
2.95267304563,1.88076818699,1.86646439405
0.311744380742,1.30647395831,1.39958583534
0.601395226312,1.49466730418,1.44160062546
0.947501286657,1.75690009709,1.24552913997
1.3939863158,1.63583556527,1.78584620475
2.03321457568,1.98931013734,1.34834003457
0.662538741768,1.7567043761,1.04180016508
2.22450370675,1.85539438247,1.67445621459
2.11235788948,1.83192194689,1.68272059159
0.330186044072,1.48020894818,1.09183839641
0.22846515824,1.31405575728,1.1830499483
0.377945465704,1.40683986575,1.30883988654
1.27030265865,1.55926919897,1.9033502034
2.56646098214,1.84042388768,1.83417603594
1.52232431432,1.9028392487,1.30249418295
1.96089491383,1.93481712095,1.41885082515
0.763963690341,1.50862596162,1.59103899402
2.36913786794,1.8466360239,1.74795407062
2.57369362605,1.81767925562,1.89264448491
0.151423041433,1.09231127017,1.43536378928
3.81864448566,1.93332485838,1.98377265299
0.922965615165,1.4553345818,1.89628810039
1.43331057495,1.68476060705,1.69087723344
0.652830459005,1.53626614614,1.4114532162
1.79189062954,1.66018952068,1.95648393028
2.29001068356,1.90486739124,1.59333253797
0.874408257564,1.62338832761,1.43960347171
1.71253403108,1.88640398701,1.41110804783
1.68600194264,1.86538145678,1.43888733629
0.898927327423,1.85113061572,1.07038752544
1.20680708699,1.92810548417,1.12267459606
0.659933224662,1.70319603354,1.11846631912
0.366740181561,1.39575964762,1.31214437351
3.68331248561,1.97554833625,1.84656179824
1.45593833907,1.5851866427,1.96226668576
2.52529738187,1.82349203286,1.86042031758
0.100490376345,1.1584973044,1.0311269979
1.22431404045,1.88305714333,1.19831161086
2.04160775626,1.73247823139,1.8898915714
2.05365556222,1.71050063492,1.95331644877
0.606445805433,1.6454360585,1.16204112982
0.685643402929,1.46311683595,1.61497399794
1.71224256887,1.67797182436,1.86560994095
1.80295835264,1.84861407214,1.52090583316
3.53388727798,1.98962451122,1.77689720404
0.177992358018,1.22103014561,1.22530563536
2.23762295357,1.83850354504,1.71696916184
0.963688882919,1.43983375106,1.98468235926
1.21357363067,1.77318957365,1.37902079745
2.45094725306,1.79466609137,1.90426502354
1.01442548595,1.61583266866,1.56737178363
1.46201984816,1.66156271272,1.76385053026
1.00805388855,1.64023045519,1.50923811985
0.555821489713,1.54643008901,1.28297657423
3.33210226322,1.89416059965,1.94869406684
0.74549249861,1.56540301755,1.44508378093
1.76727831503,1.7851336971,1.63771982839
1.82797770141,1.79169764076,1.65106810973
0.422860210521,1.3982801522,1.40333352838
1.06240968488,1.79158881473,1.25889239721
0.165675163835,1.27623880933,1.07387098249
1.05869398968,1.46891754434,1.98903678344
2.14968181194,1.9515844181,1.45418416308
3.41405605569,1.92540956674,1.89482299295
1.50557820402,1.86838005801,1.35442058735
2.11563266252,1.79220098009,1.77503961656
2.27021373154,1.74551652153,1.95788634934
2.08474181454,1.91781420909,1.49515738588
0.368019480114,1.2570912322,1.65407908227
1.26125446387,1.72891328497,1.49266704533
0.715753316511,1.61296109221,1.32197980701
0.135182263812,1.15197364952,1.21052029426
0.317910490753,1.15284084511,1.85337653299
1.07962115886,1.76655389613,1.31234324994
1.52024621272,1.85080774058,1.39257698666
1.67701444096,1.77213695456,1.62337959854
1.49939521005,1.59098249918,1.97473097541
1.41667176402,1.79111882532,1.454620071
0.876915452762,1.84550140391,1.06502437243
3.05966144842,1.99230914501,1.6478039236
2.09099913108,1.73687096858,1.90121170281
2.3510054751,1.94759314672,1.52849384231
1.14104157864,1.94392275303,1.06983550792
0.302498015586,1.36149432138,1.25911242262
0.101688279621,1.07330756626,1.22099253447
2.75157708504,1.87647811931,1.81184292333
1.54655723974,1.67719793194,1.77496117821
3.72108275147,1.93626993209,1.95091676138
2.30904360451,1.93416420933,1.54094717453
0.773340376562,1.76849598675,1.10780249305
2.45743078769,1.94377930252,1.57031318256
2.77402744528,1.89384898584,1.77874909456
0.350576402992,1.23164742652,1.68768716008
0.49643129848,1.52183102238,1.25748580037
0.819581040567,1.81203141866,1.07605339123
0.829797805897,1.44361424602,1.83088783646
0.718799952984,1.77935968263,1.05256184654
1.8696397418,1.79024920438,1.67300784797
2.66972609687,1.90582384182,1.71824948158
1.17104187165,1.96729213632,1.05211939019
0.303604699766,1.30402352321,1.38688323801
1.06876869483,1.736357877,1.36018681656
0.975654152945,1.46854643962,1.91052209401
1.99371040383,1.99111650863,1.33214506478
2.44749736925,1.84434322356,1.78197368164
2.82339413782,1.96114221581,1.64644929675
1.52246416587,1.6875652483,1.73590665501
2.41537673247,1.79825677168,1.88137629031
0.944557456637,1.56942127775,1.61711432456
1.97943243955,1.89023538294,1.50958658695
0.865567357289,1.87513353378,1.01797829891
2.11400763943,1.87628485018,1.58851737139
0.231831779358,1.27823635554,1.26598479126
1.7210049966,1.64666958909,1.95416654359
1.12665495906,1.98916574169,1.0038809958
0.98890572537,1.44359701064,1.99877838476
0.798796995229,1.8022909614,1.07614474061
0.136655231087,1.09856090118,1.34710501645
1.00500708561,1.76468277268,1.26937614235
1.33283924171,1.74135008842,1.50868471383
1.38282401325,1.68876128978,1.65164433898
0.370884565991,1.36396356918,1.38862353954
1.6766674572,1.72161533249,1.7382610459
2.7111569095,1.86905646202,1.81592072502
1.81871861684,1.7363648533,1.77433382992
2.92711860605,1.96185348302,1.67490869641
0.759551059332,1.47455490559,1.67030942732
0.422936206831,1.34199930767,1.53692180912
0.532025959196,1.62251338925,1.12432766934
0.246341693369,1.06827565792,1.91946905683
2.02355462472,1.9172686633,1.47408397975
2.87755781302,1.94184488848,1.70344480019
1.48996699406,1.73816028485,1.60206587946
1.52054600566,1.59129505821,1.98771359951
1.25479984868,1.97166564994,1.08308599111
1.08904860762,1.55315453517,1.77820259568
0.484182223923,1.39096616799,1.51922630305
0.231443372719,1.11771619553,1.68964417635
0.25608258362,1.267625292,1.35494961469
0.61042538635,1.722077744,1.04817336673
0.467404634669,1.55623067858,1.15969694015
2.19544857474,1.71923612166,1.99557165829
1.20120723239,1.71759561768,1.47941659601
2.46206777312,1.8120693825,1.86494497707
0.682065355383,1.48156621594,1.56601505806
1.10895277506,1.97043664961,1.01978180151
1.79366792849,1.71966479152,1.80269322679
0.954519049576,1.78534461508,1.20325299488
2.04904445162,1.82032541567,1.68285601225
3.24824132441,1.90034454838,1.90872241144
3.05810090602,1.86024542195,1.95088637438
0.944220163421,1.90322460257,1.02528173401
1.85365227927,1.85695038254,1.52541658304
0.96637874524,1.52560555787,1.74464597381
1.2598541873,1.97856833955,1.07584209786
2.18690085821,1.90040841671,1.56602039358
0.404404144203,1.42491681349,1.31592282885
2.8476190534,1.82154963606,1.98065915112
1.94675512937,1.81026572485,1.66230215594
0.779515422765,1.62189356051,1.36214088813
0.777001495153,1.44652422632,1.76371936653
0.449756582535,1.48841640099,1.25851546181
1.44335420719,1.95102214322,1.19241987959
0.791020513837,1.41386838227,1.87262050646
0.443681928314,1.35802149879,1.53351440245
3.06818114915,1.97319551932,1.69034842741
2.05089669327,1.89704762754,1.52313201736
3.37708978705,1.93532344573,1.86080179432
0.832366302946,1.77892730662,1.1333197599
1.2199614964,1.55513599316,1.87658437835
1.52272220668,1.75445692599,1.58419220814
3.41991958607,1.97924383509,1.77103062651
2.88765047342,1.936608751,1.71786320723
2.50497944508,1.86947140537,1.74456493663
1.05729165972,1.49299445357,1.9162829841
0.43379825222,1.50650289695,1.20273935991
2.57582411089,1.84855112904,1.81803977154
0.613205675916,1.56602207137,1.30942945615
1.56199693963,1.82887299984,1.45282233443
1.30520567428,1.81328089079,1.35568389078
0.815326842646,1.65540516103,1.32861957624
1.34146824617,1.86704916638,1.28069166794
2.42253802325,1.7930758914,1.89721449712
1.59074770702,1.65717491359,1.85121465415
1.59852406288,1.86154103736,1.40809376523
0.280164767285,1.4633305161,1.03200260181
1.58284551058,1.87529965491,1.37630166714
2.11418402373,1.86703429673,1.60780801039
1.54370550979,1.88965996405,1.3341144987
0.669352476908,1.439892104,1.65390541919
2.05241127104,1.77682720944,1.7846376713
0.616940794486,1.62247092662,1.21080576168
0.0937795828283,1.0816367863,1.15344174808
0.938103913963,1.83425992486,1.11793728709
2.7007814877,1.83035754337,1.90663557
1.88396476994,1.85189676881,1.54803144531
0.344663631792,1.53304698158,1.03046694672
0.358307931502,1.50853789939,1.08975788211
1.24834033954,1.98638786251,1.06040690162
1.54222667716,1.84160049909,1.41963592428
0.901503098686,1.7106025763,1.29399201896
1.56784247076,1.85411182573,1.40810974895
0.621986003658,1.75159280852,1.01641244393
3.00915554884,1.96453179173,1.6924632659
1.65360699085,1.97308606448,1.24111484511
1.24655954991,1.96149892961,1.09350985965
0.13187777754,1.02924849841,1.51963859048
0.561954581646,1.48081620285,1.4230777522
1.3486180413,1.69743451707,1.61164071421
1.91655280347,1.72582917186,1.84778049265
3.58609103299,1.94735289907,1.88834047734
1.59561890792,1.89086717274,1.35424576204
0.289366792066,1.1795234733,1.68338582633
0.192608190123,1.09334904017,1.61556779625
2.01672990727,1.86473837248,1.57501801186
0.266947618921,1.16265953882,1.66770292649
0.96716584251,1.88379551974,1.06404087165
0.328676313913,1.23771130828,1.61681449528
3.27395153904,1.94853117817,1.80158463596
0.530884874068,1.32172998715,1.78051264641
0.406277454691,1.31533917482,1.57425387222
0.235828095794,1.14583695094,1.6172734617
2.48521282195,1.89900414639,1.67244228354
1.94160376142,1.80205166976,1.6783052037
0.814954332621,1.41200912442,1.90631525699
3.20709502737,1.8608760742,1.99620264133
1.56716677043,1.61840435071,1.94100318941
0.840986934772,1.40538151618,1.95689803205
1.44358274641,1.72694622651,1.60121018472
1.17074375044,1.84154217644,1.2369924363
3.0377349149,1.93046284462,1.77582691565
1.46270591367,1.93180023379,1.23016056886
1.12302205487,1.57275061861,1.75475161161
1.42973193345,1.74139086137,1.56247423856
2.67622534836,1.81216733519,1.94411070665
0.540179024927,1.51178900153,1.33154328605
1.40814194468,1.68883007381,1.66653681475
0.951737748067,1.49565631537,1.8108202084
2.94999174769,1.82761728875,1.99986947085
1.09937940026,1.49765083635,1.94036779912
3.94820677945,1.99794617178,1.85862343626
3.73170186792,1.99283825477,1.81858364089
3.20167373977,1.91347137804,1.86324734661
0.594901337686,1.73646783237,1.0146451943
2.2635302326,1.78767363307,1.84716593739
2.15924776618,1.7181807577,1.98191318781
2.97367439586,1.93032088874,1.75732149933
0.107832740963,1.00048288725,1.45885635053
0.930902613087,1.80203248638,1.16212766556
2.6629499466,1.81046118445,1.94367325559
1.3812304017,1.58462017895,1.91282632416
2.08250097435,1.73060114322,1.91361445515
1.20095898304,1.81847872877,1.29150333994
1.46397192912,1.75225959387,1.55795272628
0.672212920737,1.77786611052,1.01992055579
2.4247436826,1.97321597122,1.50264858461
2.34272047094,1.92818364746,1.56405413383
1.50393601339,1.78742962928,1.50615276633
1.76645324669,1.71259328451,1.80639144629
1.76329782984,1.80996542201,1.58266891173
0.242079256979,1.43453031285,1.00295863891
2.0005362762,1.86385547286,1.57048788805
2.20642073736,1.96436743781,1.44954440035
0.455025792929,1.29132865284,1.73459152526
2.37460921941,1.94938236966,1.53265494751
4.0930908383,1.9878643399,1.9165673659
2.15229245119,1.76896715191,1.84693858453
0.482110905745,1.52964503965,1.22490058905
1.45657437655,1.87751843655,1.31646548628
0.432945763535,1.27205912499,1.74842094586
0.553542050598,1.2995497792,1.88680772297
0.671530687525,1.57830510379,1.34601400841
3.5688269175,1.99929840754,1.76407329361
2.17890713414,1.893042329,1.57808822216
0.83945652374,1.49953486248,1.69073873388
1.12470751883,1.91751240632,1.09862312291
0.383551077571,1.32803369078,1.49767815607
0.312749817986,1.47714897311,1.06757893382
3.64243746476,1.96216388633,1.86765279403
0.917456736086,1.65735455929,1.40552791089
1.35038310783,1.78698477851,1.42804205236
0.288095535808,1.44754797294,1.07225736093
0.445334196458,1.46401215356,1.29975968812
0.472344651105,1.40736236126,1.46198457204
1.98264484955,1.8399314729,1.61315817576
1.01050546739,1.71348051406,1.36458723105
0.906783241358,1.43972901853,1.92550637314
2.52821231566,1.99449317786,1.49376677519
0.386524430468,1.33889595245,1.4767809591
2.05367449636,1.78877829106,1.75686236394
1.94167470761,1.81290328405,1.65433869618
2.6465368042,1.83808706587,1.86829588235
1.30842755428,1.81275889696,1.35829500499
0.39300661341,1.40606394321,1.33630224513
2.26262886637,1.76325247454,1.90831118615
0.38081160455,1.45694186742,1.21504385829
0.636972152071,1.32327013026,1.94533664136
3.06025432305,1.99278330866,1.64698097947
0.438944195591,1.51597165387,1.19281888339
1.27263891589,1.82561820227,1.31700926124
0.860372612237,1.43250710016,1.89677825179
2.62048256427,1.89994637982,1.71526899617
0.216041424708,1.12174799127,1.61994686911
2.5790854774,1.92800011112,1.64144517392
0.65425543276,1.50519433991,1.4799754983
1.51720234557,1.64135189342,1.84862898679
1.1226217591,1.94490504863,1.05983847833
0.785671781909,1.84936533554,1.00300436278
0.189675573726,1.30832268492,1.08833025384
4.08623979717,1.98304047242,1.92663802309
1.33719493311,1.54671389857,1.9891472828
0.942172186298,1.70781308744,1.32793921199
2.64380467712,1.81375908572,1.92822887065
1.11417401123,1.54302852778,1.8255954873
0.942395380267,1.52379318831,1.72751241614
1.06929982912,1.50762053257,1.88516367695
1.33985719383,1.79151169061,1.41389300682
1.78485625615,1.74193947097,1.74447056999
3.21218230619,1.94828167028,1.78507511832
0.517521606754,1.69540187383,1.00116870607
0.389596774155,1.3127715099,1.5482168381
1.24401462086,1.87464986163,1.2211631954
3.51300424232,1.97962541599,1.7941069502
1.09583391627,1.8794483549,1.13901084971
1.59471027306,1.83316104861,1.45969059871
0.664762500386,1.55118208001,1.39331352651
1.24641498209,1.62381961772,1.71771306891
0.929316905875,1.56950032676,1.60383038045
1.16606714693,1.68342051997,1.5279580436
0.363957262351,1.19491562643,1.83591770322
1.60635287778,1.92626000118,1.29831782514
0.592165881553,1.60611936893,1.21427634017
0.257961947374,1.20769300669,1.51054995091
2.15265274058,1.87194159419,1.61204308397
3.86296516666,1.99890317671,1.83624164647
1.9059550028,1.93061294332,1.40636705349
1.6910794397,1.66015420312,1.90074576905
0.24264638931,1.26204076473,1.33166472718
3.43169042498,1.95379582662,1.83217065128
3.63610916131,1.96768633386,1.85302192974
0.580653946264,1.41718989904,1.59604481753
0.0811313230079,1.00949392777,1.24171373967
0.145614371775,1.00482719078,1.67985972674
2.77031511753,1.9601189814,1.63301705823
0.179222657607,1.00834385836,1.84998348866
0.568482514182,1.60890812894,1.18500294313
2.77917959772,1.93064187953,1.69818344762
1.06708128891,1.52817701978,1.82630243462
0.269875621666,1.43169606144,1.06366365258
2.39741592922,1.84696206527,1.75760386954
0.403167181247,1.53142811341,1.11717476165
0.965390208629,1.57522345211,1.62110639287
0.641225599326,1.30979650363,1.99613130117
0.517524540011,1.53614782352,1.25692043631
2.43620340446,1.91023108287,1.63210166469
2.31115888648,1.73906000868,1.99285527229
0.468976448291,1.34376289061,1.61374130314
2.16293447092,1.74638572247,1.90881565699
1.94642089977,1.9873505754,1.32250638299
0.188363058196,1.05604269004,1.71997820427
1.2642432282,1.76780325568,1.41774127531
1.35632470857,1.57424856588,1.92423132011
0.804909902528,1.60300006419,1.42204251432
1.38505404064,1.65705653736,1.72767325762
0.742598293633,1.36362555003,1.96598364325
2.98721881176,1.97297762506,1.66835653832
0.891217119469,1.55128083795,1.6130370545
3.12864716232,1.98738731701,1.67663139588
1.15967856238,1.56888922539,1.79321367214
1.17235661822,1.67259891385,1.55531317855
2.3458819503,1.78004398416,1.89975913815
1.88151804058,1.69069503643,1.92142879864
1.59639371368,1.62485871478,1.94109813934
2.45710251226,1.80308626211,1.88540650837
1.34282280642,1.78283309726,1.4319670994
2.63265595626,1.94713699827,1.61840058843
1.47442212632,1.83042711394,1.40862077263
3.39642925433,1.8831593909,1.99561653705
2.11091548998,1.81603605583,1.71779045897
3.09467059677,1.89091363975,1.88587985335
1.53505285054,1.68328042824,1.7534596604
0.811436454271,1.39944071455,1.94039185407
2.28050569042,1.96737870307,1.46807012449
1.78633817819,1.92326643047,1.37438082726
1.45108162805,1.8310100651,1.396354362
3.29898595602,1.90917741051,1.90181863628
0.541717207157,1.5212200811,1.31478627191
0.728792309497,1.35066898046,1.98909122559
1.55626715888,1.93258721232,1.26761869153
1.62250290542,1.8955551857,1.35736012062
2.08193400554,1.72796773331,1.92023953752
1.20565518568,1.83365132333,1.26838553871
0.844840382654,1.50401813244,1.68475049247
0.628199813565,1.39188549486,1.72794676251
0.817139087871,1.454530022,1.78647872479
0.259204529319,1.38842297742,1.11609743116
2.38138525809,1.88590508188,1.66508352197
1.90924374263,1.74746938236,1.79075077165
0.619992389828,1.30680691219,1.97265443785
0.318794366422,1.52626810755,1.00106234648
2.3828568303,1.88891531775,1.65912142366
2.40050458103,1.89260181819,1.65733536135
1.14984542032,1.70129301022,1.48023818742
1.37973128543,1.82120252741,1.37932053338
1.9230852509,1.69386376855,1.9340404741
1.24313938889,1.76962879444,1.40241120662
0.821565662512,1.59875996284,1.44545843809
0.887195507371,1.63018858582,1.43614928413
1.83052403191,1.74073934986,1.76952855697
2.48986844967,1.96114107918,1.54614931916
2.62018230321,1.98787658807,1.53340704199
1.40425076575,1.72418905718,1.58520525991
0.621579486707,1.65095505141,1.16734404253
1.47004657359,1.60040649395,1.92895507983
0.209247364278,1.3281997997,1.10590429214
0.459413522802,1.51610894298,1.22006414325
1.2274728182,1.8101747995,1.32011754814
0.39600804591,1.30836956397,1.57243576146
2.67797599716,1.89351320701,1.74844124483
3.29760221913,1.99472434815,1.70548906955
3.22519844997,1.89165696818,1.92339150518
1.89975185881,1.77481238855,1.72163124778
2.29534296544,1.95224873333,1.50137579512
2.67307807833,1.88743988376,1.76061397209
0.6038767772,1.52027213472,1.39013393593
1.82077261628,1.87294096789,1.4806529192
2.5984003465,1.85805850559,1.80342818624
1.20321525803,1.70712786303,1.50208326619
0.266287718483,1.24391812114,1.4395852654
0.464135294146,1.47387887271,1.30703908149
3.04288307383,1.85808393008,1.95152462068
1.90289076284,1.73291636593,1.82346919231
1.35754644686,1.66664692854,1.68761553699
0.543966975282,1.43249383253,1.50823329034
1.4477394553,1.82691300816,1.40229617169
1.77746791852,1.68422453234,1.88436865969
2.14781833787,1.98566075959,1.39220329595
1.62911435803,1.99564979069,1.19734796454
1.82986191081,1.97362012158,1.30470349126
2.83925518608,1.89960568823,1.78621864943
0.412879000898,1.25789642476,1.7495543125
0.585761590691,1.36557122888,1.7405852347
1.58093166968,1.99938384486,1.17398848755
0.970882849187,1.65919506368,1.44214598636
2.76351255745,1.93205263358,1.69033947816
0.80299661351,1.84821133622,1.01553619552
3.33896575959,1.95282638905,1.80947582713
3.46002701472,1.98933061092,1.75888066247
0.520273781288,1.67015805068,1.03963908817
0.525997868494,1.59739106843,1.15886168454
0.829348952583,1.44823114145,1.81735870085
0.232396731537,1.13258601285,1.64595618143
0.988176160363,1.81030231332,1.18426916609
0.782802951829,1.6593376465,1.29468835096
0.238802535306,1.09166722197,1.80480733569
1.52650574547,1.83454920925,1.42552853773
2.70271588517,1.944206159,1.64592370687
3.73118713268,1.99144564323,1.82164667337
0.749862718321,1.70441675863,1.19023749682
1.32175442768,1.80084489406,1.38695689736
0.32749331634,1.5246899504,1.017012514
1.59129073592,1.81995579532,1.48374129022
2.69896018419,1.91483817958,1.70772477027
3.37361519692,1.93651896289,1.85700813707
4.31148465205,1.98677217209,1.96974141417
1.68465325948,1.82273500056,1.52105233494
2.62222153697,1.9963317441,1.51777386442
1.44634025359,1.65797462852,1.76321064204
1.30195973002,1.82496465078,1.33324354057
0.607488954118,1.70271360794,1.07381819798
1.60904831042,1.92568906723,1.30035661003
1.56149956014,1.68978760929,1.75261555448
1.91808418309,1.82946375982,1.60867447393
1.17314430446,1.94845413166,1.07854143168
2.48755920735,1.87806134206,1.71918980382
3.36398161987,1.98261678618,1.74902903791
1.01328701412,1.68897164361,1.41342498428
1.2086034367,1.81803334174,1.29637053017
1.59838558906,1.73006576005,1.67772070323
1.75657353116,1.68140093715,1.88061937983
0.842881706646,1.62090443683,1.41841947987
0.233144534698,1.04119210319,1.97182299907
0.542467098046,1.26613138313,1.97712965617
1.98113067592,1.81651275081,1.66309621197
4.31456059826,1.97897781539,1.98990443558
2.2412649245,1.9489799158,1.48976316138
0.788461527438,1.84955294178,1.00453673783
3.06277925961,1.97951389796,1.67543644328
0.0822101012359,1.10620521522,1.02951058229
1.78612647915,1.88550296949,1.44279102029
1.48105770998,1.75803797537,1.55482942081
2.43892814694,1.7972383879,1.89309148261
1.47652686147,1.65271192225,1.79472725409
0.927389099346,1.57534925282,1.58858946689
1.51369087981,1.65695123877,1.80638787191
0.807416286105,1.61966666141,1.3907080261
2.31992623794,1.87069076485,1.67622843192
1.23356381547,1.56411071585,1.86239430242
0.587498141714,1.48160448578,1.45331892911
1.22474453381,1.95406448221,1.09417403993
0.507545513434,1.48510523781,1.34365217169
1.44769555223,1.81759407375,1.41963981522
0.30467335711,1.25340022989,1.51465863174
3.36474518209,1.90618639834,1.92808542522
4.10204560247,1.98361123152,1.92897205638
3.09596218042,1.88366790469,1.90404613344
3.80781565686,1.94238126032,1.95820040712
0.342317383509,1.31893047189,1.43641622411
1.36261352983,1.87312301102,1.2805867264
3.64251904577,1.98019418542,1.82556886197
0.445013079678,1.49023142301,1.24842649555
0.772792528866,1.46511062265,1.70930758032
2.93369833121,1.851395672,1.93301777413
1.25132956893,1.58361782744,1.8233010174
1.30084299714,1.71354818255,1.54811808858
2.81078469317,1.84155595487,1.91664665682
0.489500493074,1.42388665744,1.45010578384
1.95376873007,1.99284639546,1.31586683349
2.03397238487,1.82064955831,1.67593731785
1.89052986691,1.93965911581,1.38457975665
0.842554007224,1.53648949058,1.60295619767
1.13318479548,1.5855638092,1.73021457932
1.37604647071,1.93263555484,1.19189029533
1.7642026221,1.91178920095,1.38610090848
0.807396499984,1.78208456784,1.1114814254
0.449847224479,1.48712601289,1.26110509442
1.63458428417,1.90176987789,1.35152575398
0.626151805329,1.69466266513,1.10236773125
1.47345963286,1.96615425999,1.1818806034
2.28339587097,1.91633436238,1.56774738174
3.87794579182,1.97025177685,1.90744997671
2.8039056916,1.82108158498,1.96661360708
0.574255034889,1.66937346097,1.09343919587
0.661714831073,1.71838364986,1.09685224767
0.504154070223,1.65406824674,1.04672301016
1.43206877276,1.58732651448,1.94010263175
3.10786418601,1.89892176026,1.87045176688
1.61034413257,1.88460250083,1.37155479564
0.857253969509,1.61568442353,1.4411480578
1.12100245215,1.95026122946,1.05187999503
0.105737354204,1.14316762647,1.08835450072
2.33948089691,1.83134446703,1.77222242737
2.0311240361,1.69240276338,1.99164536705
0.817502940711,1.69795741342,1.25387691472
1.42473540546,1.75359290922,1.53416442322
1.17732586763,1.84163618302,1.24031180759
1.74499182318,1.86024479302,1.47367977865
0.416583756119,1.30102067733,1.6327829688
2.86055684832,1.83947695228,1.93882682399
2.03852297141,1.91784718191,1.47842808885
2.0544593068,1.90736243948,1.50432486926
2.18239862346,1.91067065382,1.54387468167
0.582613370349,1.30113519865,1.93056247452
1.50861189832,1.92356343284,1.26255058985
0.863962621857,1.72324289503,1.24500855993
0.623359249139,1.73844550091,1.03584039421
0.991889889147,1.62545222261,1.52877216226
0.85875479164,1.46890491262,1.79143299143
3.34261533136,1.87680033398,1.99614097748
2.27842464108,1.93332406816,1.5323397163
3.69671547672,1.93986569992,1.93561871053
1.48106786718,1.60143717408,1.93330773054
3.08678475782,1.94614616533,1.7546474084
0.42205338709,1.2117300317,1.91826732273
3.07350891702,1.933943726,1.77832534317
0.709386408516,1.58784542331,1.36445285193
1.18288660947,1.61573759835,1.69274851457
2.67097220926,1.80082733776,1.9716617152
0.896390356286,1.78860706127,1.16096690334
0.372325131472,1.5264978623,1.08148041202
0.837209109181,1.8489422839,1.03595237047
1.91906103673,1.94512588165,1.38530443231
0.55001080918,1.3510187966,1.72699257768
1.79932835787,1.69959219079,1.85603317087
1.43867122525,1.81820437161,1.41406634832
0.598626885396,1.46576407742,1.50290678325
1.63359155842,1.85538401221,1.43494367637
0.728083011898,1.59476672724,1.36858228938
0.142532733799,1.2439450765,1.0531705386
2.63611248008,1.85065914255,1.83412392957
0.814415031971,1.45405287251,1.78481042335
2.51655626101,1.95247770697,1.57160195463
1.57894664666,1.80939248573,1.49879052373
2.34735449006,1.97162651558,1.48144843998
3.31097813031,1.914899602,1.8913135914
0.740755434959,1.54858071215,1.47643346822
1.2242171214,1.95601718261,1.09122894276
0.626359681827,1.67063483329,1.13995992417
0.508151058266,1.60317898217,1.12959780052
2.74267109898,1.96087929446,1.62328306049
0.421601805265,1.45908786085,1.27424989435
0.997846639981,1.68627141053,1.40787374857
0.969201280638,1.72953645567,1.30737262674
0.42853695525,1.61046731841,1.02656371442
1.12963422182,1.95567232317,1.04868664373
0.394654336434,1.50616103586,1.14778070211
4.09070850617,1.96328194611,1.97644139529
2.63737682929,1.81878146884,1.9131265256
0.209891910308,1.16555954449,1.47088749757
0.567987487805,1.54608441434,1.2976020289
2.56563541929,1.82618856538,1.86855957462
0.406021711032,1.4330441345,1.30192019683
1.21126463834,1.67847599569,1.56802553881
0.567380977251,1.64781266561,1.12023363017
1.56087128682,1.68060545428,1.77472611442
1.32784841005,1.98735850462,1.09231855011
1.81828897234,1.82014589878,1.5856442357
0.766402488611,1.78106625573,1.08437455702
1.03458100043,1.73073333676,1.34854614291
1.86549999974,1.99733138239,1.27857000207
1.52054813352,1.81689760991,1.45626280611
1.81172187594,1.97564759183,1.29489894221
2.08703236418,1.71795687859,1.94908674385
0.937137309668,1.54898787323,1.65965563454
2.53843957876,1.78510031849,1.96286274498
0.656819426911,1.49865428898,1.49753325936
1.54365347803,1.85622164567,1.39335788902
0.808688810083,1.73370852434,1.18744533043
1.19854267441,1.9859237204,1.03964901299
2.51450285174,1.85008511337,1.79266474062
0.344574610423,1.51971321693,1.05095968021
2.59041408012,1.84884379064,1.82248274653
0.386471925452,1.26079903759,1.68421412762
0.646437114088,1.61330922952,1.25571250035
0.857183189709,1.55929548721,1.56345437115
0.861491756177,1.40447271432,1.98346126912
3.22478602652,1.89921102938,1.90460057115
1.06222703075,1.69759594409,1.42999866372
3.42563971132,1.97496992665,1.78210279764
3.34234040062,1.88438861338,1.97651211366
0.426052385837,1.47041352796,1.25891319517
3.26552769179,1.99177220949,1.70348722059
1.72989324324,1.84630561438,1.49428194469
0.774259210963,1.71682453345,1.18900472688
0.9972813606,1.80775763355,1.19373514619
3.64103303023,1.95119272957,1.89348065227
0.130549106748,1.01498239047,1.55720408265
1.09155258955,1.54948336289,1.78987317279
2.50140364698,1.78890166274,1.93861812663
3.60815135555,1.91663619472,1.96997001314
1.94125814175,1.9123693274,1.45290930404
0.348369691858,1.33183058531,1.41841088746
2.61570059104,1.96427661419,1.57845186962
0.879562512534,1.62720213892,1.43603313505
2.72620534383,1.97003413069,1.59974640038
2.91107462141,1.89332271051,1.82339708968
0.878385308552,1.76140015925,1.19198105341
0.399717464776,1.31883960128,1.55241576075
2.56170194149,1.96849988704,1.55374312688
2.29138959888,1.84418385049,1.72456832618
0.497667051262,1.55916060774,1.19152614299
0.65922898164,1.71524918544,1.09950306508
1.05972589341,1.65807936562,1.5090441409
2.95025119357,1.95112277343,1.70457723283
3.8743336601,1.97727150767,1.88972204567
0.993797521554,1.554406155,1.69554337037
2.1192342267,1.74810851982,1.88502821849
3.81422779233,1.96048693196,1.91525581089
2.15703264281,1.97662022618,1.41118825021
2.66899690293,1.83762663178,1.87734239315
1.05788103157,1.59713132136,1.64407016365
2.78009843706,1.97499451885,1.60538242057
1.88479589373,1.84892019577,1.55441701297
0.675366880063,1.37073676449,1.85344673913
1.2388493285,1.57186039876,1.84541181129
2.48945193738,1.8034425258,1.89687892841
0.746674292665,1.78489974336,1.06485040793
2.00268960375,1.86607792602,1.56678912392
1.64488562224,1.9084759262,1.34412161317
1.63019906402,1.98361582288,1.21602779082
2.19670759937,1.90175629886,1.56680299521
1.84212117224,1.96792975016,1.31852203669
2.87156035464,1.84874492104,1.91908421472
2.04285870432,1.75854420573,1.82481636688
1.03441362713,1.87485661106,1.1132467391
0.440280785231,1.3789256177,1.47689983044
1.15380783696,1.8331503225,1.24163168757
0.263407232331,1.34245409009,1.21200437343
1.31906166679,1.60626527917,1.81191393485
1.20627008128,1.62110946217,1.69635536602
1.76991975829,1.84385717158,1.51633023205
2.57586201566,1.85411125253,1.80487411252
0.660298584115,1.50986894467,1.476405046
2.34002134962,1.82005787926,1.79901477761
0.797616818417,1.56338082286,1.49917042834
0.916933251113,1.74247478349,1.24943957141
0.458188221398,1.27021946108,1.8043504398
2.55512603676,1.88250136116,1.73237672213
1.26216704038,1.81114903333,1.33691613326
1.33235363131,1.67408019894,1.6546307624
0.617516217223,1.66535763628,1.14025786394
1.56810900769,1.66147718077,1.8269442329
0.697863067291,1.67801824248,1.19095475888
0.150615169002,1.04264497652,1.58018404997
2.68284407182,1.8465723262,1.86023930701
0.365756960887,1.33490387564,1.44602912804
2.54402629926,1.88785395041,1.71666833967
3.08480518113,1.98813041781,1.66328531452
0.658763251217,1.33188212603,1.95033676886
0.751997729572,1.50069037327,1.59746036394
0.711199158941,1.43088336563,1.72889527695
1.91270490219,1.98810181193,1.3097623781
1.94677549427,1.83227627292,1.61466938779
1.02192501466,1.46567627761,1.96391128815
1.12890253075,1.68470315811,1.50073760653
3.03588955596,1.93770280792,1.75894769249
0.224698060334,1.0259740393,1.99700457134
1.25158359817,1.80198931161,1.34758626736
0.369631494379,1.34486204862,1.43008146427
1.72175024804,1.7679438396,1.65418702539
1.20275618135,1.79081817748,1.3408432261
1.79538766404,1.66270134541,1.9515151267
2.15297237548,1.76289523866,1.8623908195
1.21124248741,1.72270423183,1.47523183457
0.490394218785,1.43795068931,1.41992633668
1.65430519233,1.66703407227,1.86195434604
2.4775449007,1.84418569151,1.79324923907
0.707099187738,1.56828606356,1.40147445892
2.19786653394,1.93926128027,1.49364437044
0.789866422464,1.46602323709,1.7256723906
0.619283306844,1.31841460074,1.93367414326
0.281715606713,1.25309112602,1.45725588222
4.2073370194,1.98025345598,1.96186209744
3.78659619836,1.98384315663,1.85277728787
1.75253771115,1.80542735954,1.58736312259
1.84642449729,1.96643392255,1.32256330452
1.37341071141,1.93686292849,1.1843378255
1.04487632123,1.5570779344,1.7317739699
1.77319937718,1.66575513865,1.93115134698
0.70734153492,1.55977757167,1.4192423135
0.96736062543,1.81236931203,1.16852397863
2.42599302097,1.7961312344,1.89085098185
3.31370526734,1.88830924479,1.95806307151
1.47682128204,1.74525563784,1.57968945798
1.539118441,1.89004825851,1.33146207917
2.11776362439,1.85767836675,1.62892146597
3.30174856909,1.96228687537,1.77788793614
1.60680020574,1.85378023952,1.42611487491
2.30731758774,1.97195913994,1.46814257087
1.87474714791,1.87404471958,1.50028504978
3.72361641953,1.9225201171,1.9861998865
2.82696941743,1.88250914703,1.82218450067
0.623849744081,1.40592330406,1.68399721556
3.93206043567,1.97885519446,1.8999459197
0.636770990052,1.74702914913,1.03479706324
3.32064343491,1.88335799325,1.97271870235
4.00912842893,1.98853890511,1.89519755756
0.703651358765,1.38796109691,1.84026342917
0.705854551945,1.40693492781,1.78839851018
1.85882533445,1.68741829907,1.91849456835
3.30548246256,1.88188916197,1.97196063975
1.74824755726,1.71215919116,1.7981298958
1.6016762447,1.79334837623,1.54209346487
2.07912516619,1.77787512498,1.79369247582
3.09528274858,1.88588618039,1.89837490875
1.7948171967,1.75105504405,1.72784908735
2.18304380301,1.99672561314,1.38416753024
2.60038134336,1.8248442681,1.88450902132
0.625225862343,1.72644917677,1.05448575212
2.40097888735,1.98365400503,1.47569446014
3.11168344784,1.89436711932,1.88263600233
2.06514157794,1.73301695009,1.89935834541
2.78139824305,1.83527253548,1.92240594068
0.209185183476,1.12558566459,1.58244107153
1.01701524065,1.66184241169,1.47054654994
1.68346345528,1.81040876694,1.54551699644
0.305132813711,1.12972288199,1.8962664138
0.908495857437,1.42310599122,1.97795177413
3.43361575892,1.99431985131,1.74119138887
0.181766253627,1.1938840297,1.29985094523
0.844573610823,1.48237666566,1.74047154059
0.255629851278,1.4287164232,1.04003528635
0.553534853459,1.56714271805,1.24205695268
1.41748626865,1.63555701663,1.80154640945
1.07149913882,1.6594219438,1.51454998953
1.31408626563,1.90160998917,1.21205436759
2.16866265703,1.74192132118,1.92295325575
0.44127862812,1.61881965295,1.02936156819
2.36574091018,1.99021500658,1.45276967847
1.47670538858,1.67894415991,1.73020578809
1.15902393819,1.95513214767,1.06296978873
3.95606634207,1.95656495721,1.96027234407
0.260178257972,1.1749103028,1.60974390336
0.396399202117,1.21981592078,1.83250503555
1.04043132965,1.68608539274,1.43797240073
2.74191491642,1.91387057535,1.7234007524
2.16289445986,1.90990456188,1.5384749453
0.452246185223,1.24065362985,1.88680174648
0.679749817098,1.41458248895,1.73397236797
1.04792178977,1.63510044251,1.54999807765
1.96786809592,1.71587130632,1.8980420729
0.838547754708,1.78891909264,1.12241683265
0.629379411121,1.71059790382,1.08120249505
0.605873154234,1.43868282707,1.57648503313
1.58127086204,1.98880765824,1.18983210807
2.72249492332,1.86467015969,1.83013783001
0.682588293517,1.4774462371,1.57646476895
1.16915608549,1.89910982653,1.14695504181
0.116609748693,1.18364823168,1.06062718753
1.6928978673,1.68069382228,1.84803349181
0.687948272169,1.36230837964,1.89630349553
1.15363036102,1.69049493029,1.5049558032
1.58982563274,1.68620535492,1.77724106572
0.485819198447,1.44228556879,1.40380733549
3.16163009696,1.94577077155,1.77664133584
0.0690258842312,1.02547960095,1.10796938451
0.644951513701,1.33652749624,1.91506294314
0.253720982414,1.40127199543,1.081878788
1.56580402266,1.62517522868,1.92154585054
1.48505586183,1.81905993651,1.43505683871
3.17748671012,1.9698021742,1.72759193787
2.35002815048,1.76463422903,1.94120184101
0.249022242958,1.23123092401,1.42343623308
0.247770747693,1.20351890416,1.49152218065
2.75473489685,1.98149899763,1.58497471115
0.261718493525,1.10070650345,1.85652000102
2.27008507,1.98323830293,1.43565783452
1.11412190787,1.90084130975,1.11713803877
2.08187547481,1.90307074176,1.52271997833
2.05388390035,1.83631537544,1.64970362391
4.11518756158,1.99843646588,1.89635141611
0.406223037809,1.58926938132,1.03040056981
2.5403316762,1.95030881962,1.583367932
0.954081998993,1.77792134964,1.21499253223
1.47418902256,1.91544382253,1.26112612191
1.42244032238,1.81760907972,1.4071745065
0.559753099939,1.33864499589,1.77789054828
1.48712164666,1.99085954187,1.1508909049
1.09112141449,1.906440799,1.09760104515
1.85049801266,1.69695914075,1.88909207614
0.934996824186,1.44794502108,1.93049726343
0.536642294456,1.39230142041,1.59601144965
3.02930541727,1.89686924436,1.85155736245
2.00359926895,1.69703239811,1.96548762482
1.67107861182,1.84764377105,1.46608741207
1.06789755938,1.86799920239,1.14125315772
1.40789718003,1.57378809099,1.96178616667
1.42590869804,1.83247139856,1.38152893098
1.52252496997,1.89799302599,1.31074451201
3.00769119336,1.9466198778,1.73097753358
2.15500562731,1.73194485126,1.94307956029
0.9294496793,1.5201818777,1.72486004792
3.71309660054,1.92341489579,1.98111998326
1.63149629864,1.64966056783,1.89467399055
1.40942162079,1.5758644216,1.95693360995
0.114377165404,1.17587940537,1.06541954989
2.97620977463,1.86682817524,1.90814395088
1.82966129106,1.92106429849,1.39487752578
1.80232031191,1.75595733563,1.72001802818
0.401156129319,1.52803561009,1.12000994239
0.617720528723,1.48867777767,1.47432731498
2.24241630142,1.86980819022,1.64988193461
1.92059006288,1.89013257776,1.48717735215
0.479813559766,1.63878926064,1.04336591338
0.509257872408,1.25634894718,1.94826309893
2.72067903443,1.83864518019,1.89289657125
1.73843319814,1.82716040903,1.53614378018
1.67583782831,1.84387994316,1.47543482192
1.13638099417,1.59847112901,1.70069658774
0.445459776839,1.39847057246,1.43991014636
1.35119772748,1.66153256422,1.69575433051
2.96616935926,1.89712642696,1.8315528754
2.6669286107,1.85761109132,1.82812233784
0.535836451378,1.52841638069,1.29370628318
0.517675483811,1.51508708938,1.29709774059
1.84818967819,1.85709886371,1.52287189026
1.2846195266,1.6779288398,1.61603749601
3.63576437768,1.93651932079,1.92780765875
3.29763328461,1.96726787907,1.76560409629
0.548006933684,1.51421926638,1.3362888933
2.47920541194,1.76790453089,1.98508337998
1.70737635082,1.86525494327,1.44821809667
0.538769626003,1.52249333662,1.30871963906
1.30247599962,1.89990581128,1.20934213565
1.55855061589,1.85870129122,1.39553842067
0.971667877111,1.9000418125,1.04435242454
1.2451952666,1.99488820164,1.04780165286
0.349616644893,1.27094649541,1.57417673666
2.9269384655,1.85782859034,1.91462181399
0.889572442272,1.62944493181,1.43959004715
1.73994125028,1.91980203623,1.36245072469
1.04721938831,1.85283768682,1.15273028428
0.768366824877,1.53503577694,1.53405662287
0.865021004377,1.48505539727,1.75426631248
1.11973022495,1.80165365411,1.27519667267
2.9933751038,1.94535052638,1.72964579413
1.18936178391,1.70211471938,1.50375459868
1.36359525237,1.60991528604,1.83264162762
0.673505336993,1.67231853506,1.17931081104
0.808873771027,1.76484193698,1.13855248838
0.967751718429,1.4596539921,1.92888994744
0.591036605638,1.36581969416,1.74770225061
3.52351855028,1.9914603576,1.77019402464
0.625521078117,1.3014656721,1.99927819718
0.30505414145,1.20981702198,1.6364278934
1.66439494169,1.98666313714,1.2240062536
1.09582550865,1.82326505534,1.22590170958
0.514123011132,1.42426760771,1.48524312752
0.715505064943,1.65052465827,1.25319833311
2.82573855062,1.99093412262,1.58630298212
1.09001091128,1.96524271997,1.01770347733
0.217099567573,1.13144195027,1.59430644883
2.16162135634,1.97247743967,1.42010274499
1.04897836982,1.76188415876,1.30174734493
1.2929193375,1.8334266092,1.31387441867
1.66528133005,1.93515900758,1.30696452038
0.683576455412,1.4401341221,1.67075812175
3.60695690999,1.9806264848,1.81564488068
1.14502337013,1.9986276922,1.00006187517
3.09350975291,1.91821907985,1.82037534704
2.88343786914,1.97656400699,1.63170906519
0.83192720122,1.70882478128,1.24609635197
1.15496626993,1.96242234065,1.05133824427
0.55657507961,1.56223114296,1.25442697969
2.67056542819,1.99607796958,1.5321895494
1.44575866521,1.78653731438,1.47849585198
0.508884980678,1.53548580509,1.24760641899
1.36668727806,1.82802467772,1.36048132373
1.84766660067,1.73792800805,1.7846005138
3.71214359979,1.93268621302,1.95751008414
0.717973130949,1.44197203427,1.70740070011
1.19475301071,1.57333572684,1.8083852602
0.456744556397,1.4211551676,1.406756998
1.33204613342,1.89976314993,1.22321796158
2.20571631982,1.87058731191,1.6346673338
2.00578569623,1.9539530559,1.40044929717
3.03312088825,1.87520910072,1.90541822574
1.08232439851,1.59287420617,1.67318382289
0.959018214442,1.52529561088,1.73879042848
2.49554411133,1.87376262715,1.7315867549
0.99426148416,1.78015580732,1.2366042128
0.737242727364,1.81156742756,1.02119848074
1.52252743983,1.90496776969,1.29901480633
1.37222849187,1.73896309039,1.53578805644
3.2549060719,1.91547770815,1.87383899466
2.56937695031,1.96966604869,1.55377453951
2.68902215456,1.87814278902,1.78726272195
2.39722508092,1.93610468133,1.56621034554
1.97633580912,1.75991343174,1.79154610492
1.62013418044,1.96817855811,1.23613819497
1.23545798289,1.96621090524,1.08214964857
1.50014414949,1.6649985439,1.77812981908
0.537411462327,1.31992507831,1.79680479171
3.19387299282,1.94341819377,1.79103563576
2.40233331388,1.83894705662,1.77800359764
0.528997544681,1.50953975951,1.32213682936
2.10795456153,1.76620954378,1.83460957066
1.36243240154,1.58526945276,1.89798158903
0.625147456676,1.53280123534,1.38830767619
3.36091011553,1.92529280603,1.88029802766
0.318386538094,1.19094893014,1.72949384404
1.91824218226,1.70706566831,1.89675490379
0.803031267272,1.37914312905,1.9938878434
0.212256843401,1.10053709366,1.67246005397
1.63061969073,1.88368745035,1.38179935674
1.62937378792,1.70880868676,1.7439295372
1.69634753996,1.80107732489,1.57076327448
0.646227638673,1.51373883973,1.45215211667
1.06498370265,1.56415316058,1.73035568043
2.84988697345,1.91723671395,1.74942924562
1.37641958926,1.67530951386,1.67889309186
0.770279101452,1.79531138546,1.06662309305
2.64250742284,1.9921419702,1.53168085271
2.38326856358,1.75947593527,1.96852279139
1.77651181896,1.95823764446,1.31083097355
3.67458008959,1.94786328782,1.91025544836
0.534775311697,1.28778089163,1.89180073575
1.34321155676,1.71948972266,1.56036825612
0.327795586578,1.48544275166,1.07926620597
2.73984917096,1.98188817634,1.57991086114
0.592793002866,1.40825743611,1.63550036672
3.36939811507,1.95705538391,1.80796670636
0.765723160162,1.7018605217,1.20700209117
0.618415663101,1.48959875696,1.47310133664
1.60391266875,1.90542768146,1.33249234789
1.31867644709,1.54045993512,1.99362447426
2.07686507118,1.78832073994,1.76783398248
0.826394708468,1.83667133895,1.04594419567
0.986554559544,1.88189372436,1.0773053062
2.24350293436,1.79327430466,1.82528021373
0.644736083965,1.77512445827,1.00253794685
1.83926770473,1.70188539299,1.87059477115
1.43593957612,1.88077132228,1.30160241763
2.2726077821,1.9714049642,1.4580792076
3.65847120323,1.91494404269,1.98797274715
0.52218002073,1.25552548781,1.97564105759
0.123673960498,1.17055568392,1.11873793625
1.37506742592,1.98781635527,1.11092985431
0.460325367538,1.44945265905,1.35140208341
0.550445739867,1.57539346595,1.22379885465
0.582446218281,1.69404773865,1.06410319069
1.35606207589,1.65259680484,1.72023521772
1.11576391278,1.55297118523,1.80036537264
0.931940149019,1.61380193012,1.50666036309
1.58095468933,1.61082776103,1.97073188526
1.83032752689,1.82241730608,1.58611801608
1.6106574577,1.87379426157,1.39105842235
0.857527252721,1.87162976209,1.0178639127
2.65422650344,1.94939241562,1.62036091249
2.0669423372,1.76294675176,1.82467543845
2.63538246342,1.88292821739,1.75840026245
1.44691804592,1.94462142596,1.20365432744
0.34928749466,1.20149058536,1.77736924693
0.783429878773,1.70865220498,1.20951722721
1.33454508286,1.86481736827,1.28110160448
1.39825523702,1.80668885659,1.41549522484
1.93494034983,1.89199302233,1.48913687699
2.59532054608,1.97772380275,1.54577724937
0.548613627799,1.28383390936,1.9290086283
1.51910707381,1.69700991269,1.71148287967
1.61263727977,1.86207746443,1.4133069192
2.52151615924,1.82233514992,1.86186886791
0.985534869892,1.50662570379,1.8125232043
3.40968831618,1.93783738728,1.86377168702
0.423993285583,1.2215203092,1.88949610945
0.547204646481,1.54240294067,1.28057105283
1.73020210464,1.73916512701,1.72403955956
1.54184467412,1.99388854734,1.16741829335
0.511414133622,1.67037928816,1.03043098582
3.75886317001,1.99032063216,1.83098042978
2.50006488056,1.8953318038,1.68540099757
1.49499847196,1.65311771665,1.80488895068
1.01581253566,1.48598163337,1.89836145124
0.459812969059,1.24197543553,1.89812945335
0.887718659123,1.5200434337,1.68604143296
2.64812435059,1.95642338251,1.60410159979
1.70130125708,1.87806063174,1.42176600356
3.12544167608,1.96309974107,1.72798772475
0.900783259567,1.51803757901,1.70349257369
0.865430929355,1.63962836537,1.39959231536
2.47437023912,1.9804594208,1.50412632096
0.664719211332,1.57653603371,1.34261373911
2.51963932542,1.98245947494,1.51399887182
2.14916920249,1.91835522058,1.51703171619
2.21539907938,1.85133778854,1.67991380525
1.77442728684,1.89897749597,1.41323172767
1.51200152414,1.93394531686,1.24729508513
4.18451096079,1.97864788465,1.96050133295
1.82643243293,1.77231260978,1.69375668591
1.39261941269,1.76862687899,1.48633521035
3.51556418954,1.96595094529,1.82605483068
1.44903907536,1.89158503242,1.2893472685
0.626190862464,1.3469837329,1.85490390195
1.72249327798,1.71994805477,1.76587991694
0.519851546542,1.43470101821,1.46936084278
1.0938382562,1.83510829937,1.20582386123
2.82871082731,1.8835031043,1.82039928332
2.5909138482,1.9968825614,1.50764215537
3.17036067064,1.96360776302,1.7392407577
0.253967087817,1.19095091787,1.54464552016
2.02442477831,1.95110341844,1.41204551112
1.24900003368,1.67555130352,1.59875754822
4.08200732856,1.99740638339,1.89113639183
2.81006642313,1.93337610966,1.70163788129
0.669676514462,1.78647519683,1.00633087913
1.11122384565,1.53898623219,1.83408893684
2.51333833399,1.9834164359,1.51028122485
1.31309730462,1.56467973449,1.91989912076
1.40518972498,1.84087594559,1.35638634485
1.01052129123,1.83926793178,1.15267185896
3.34084891515,1.97553444298,1.75865480893
0.28539917128,1.39493613623,1.15903812787
2.86713877182,1.85359067216,1.90548517368
1.51238647445,1.87296299774,1.34941137534
1.75990220072,1.79877157743,1.60483316128
3.69519278056,1.92602427178,1.96974555767
2.60367992416,1.79227019144,1.9689814306
1.88844490633,1.92696782181,1.40643378128
2.97483181382,1.96796748604,1.67547812249
1.46905480634,1.86506010873,1.34368845472
0.74258630036,1.47255779833,1.65659108582
0.969827400182,1.60117348763,1.56503921344
1.48603503053,1.83090501425,1.41326736916
2.45000128535,1.77500039438,1.95463326866
3.9670613828,1.99917705124,1.86017809847
2.09945904825,1.74528097597,1.88341718833
1.605409941,1.79632592815,1.53777524757
1.4459912885,1.63863943185,1.81165379393
3.61384914211,1.95261038402,1.88300304455
0.288780359844,1.19069630236,1.64787435548
1.20827304533,1.6127063991,1.71823977621
3.80095807621,1.95459499857,1.92627165173
3.00901472937,1.98319464926,1.65297367942
1.18920328601,1.86328726176,1.21174463254
1.91885926524,1.86736028203,1.53108750509
0.866765330483,1.47649965093,1.77902394968
1.19679121169,1.63339024369,1.66045771689
3.82362383353,1.96200067127,1.91393649421
0.738910412329,1.72343923554,1.15107647879
0.178829354278,1.12166491332,1.47407774665
1.34774752511,1.7034523871,1.59780516628
1.24087505106,1.68183263964,1.57968795944
0.791463864082,1.72677797725,1.18588564585
1.81036037559,1.76398314819,1.70528720903
1.88335738297,1.78967988231,1.68041077514
1.50803051947,1.83042859076,1.42458179252
0.75724518755,1.38320467854,1.92364076362
1.11670955145,1.61478024517,1.64696590374
2.10694686829,1.97915433502,1.39025341798
2.57226238216,1.87866371142,1.74684855343
1.79915358961,1.96370411724,1.31004575632
1.94557257008,1.69689060724,1.93719631283
1.72480193493,1.64086576183,1.97240353791
0.232387727173,1.30008673751,1.22142376972
2.12162163708,1.70739855806,1.99385976938
2.52274136234,1.94450263858,1.58957812954
1.40877407157,1.90713738795,1.24606101354
1.73250463483,1.81182822026,1.56491954242
2.28465227094,1.81755122489,1.78350454162
1.4312097878,1.93345014375,1.21428164262
0.649102320568,1.70497263034,1.10653957532
1.61559029972,1.93442874897,1.28851826734
2.12945590449,1.76879443183,1.8375408814
2.09088666674,1.99395919665,1.35935487177
2.86882810443,1.872722698,1.85909205364
0.383945698949,1.53128101907,1.09045605729
1.82613032271,1.93840201955,1.36297665285
2.51912023878,1.81199264532,1.88662085648
0.284479439188,1.35004596561,1.24399884379
1.3480279042,1.93130798353,1.18169652432
0.690987044903,1.79012174276,1.01725037351
1.89198165239,1.72076878884,1.84864285726
2.4551174529,1.80806280313,1.8722308813
4.17985234405,1.99987433649,1.90774482473
3.82977128098,1.99202677974,1.84420640851
3.25550824739,1.86872830445,1.99073950783
3.57592143571,1.99977532303,1.76476868816
2.95177604424,1.95799292936,1.69020432141
2.0507704018,1.99988604072,1.3362630272
1.22428914955,1.96702999547,1.07613049134
0.238800890758,1.23303294324,1.38950542507
0.475034876111,1.45286360839,1.36561490939
3.66816402371,1.99560441788,1.79677516081
3.14281472954,1.91055835366,1.8529644794
3.6517395708,1.97229439467,1.84620684344
1.09026151517,1.61777750506,1.62039982821
1.013738911,1.52661278494,1.78421158385
2.5365479871,1.87246752899,1.74869566799
0.150206514198,1.11270773406,1.37430037106
3.77146880241,1.98454450297,1.8474387814
0.971420721899,1.60715500248,1.55294108981
1.58188313147,1.94263143555,1.26173436156
1.81557058032,1.94069126676,1.35506842847
2.82685350405,1.992658951,1.58317675583
1.45204415089,1.79310954462,1.46876242628
2.46632277969,1.8838752867,1.69897860304
1.20002614751,1.95688603548,1.07920257877
1.18597355396,1.56049530177,1.83579170136
1.24555606764,1.79006517663,1.36586362797
0.166349424992,1.035221076,1.68597584218
3.1419192316,1.9223352508,1.82490752753
1.74697044991,1.87808246504,1.44068152608
2.11876438074,1.83631273211,1.67556324051
1.5230053532,1.94232912483,1.23850780127
3.08164837547,1.89522726961,1.87144802259
0.262830430196,1.08023922989,1.93630306439
2.90961738561,1.96654644588,1.65999491551
0.295048379344,1.19707286754,1.64658806793
0.201256198635,1.11990898812,1.56902311695
1.57263765378,1.92484015017,1.28695770491
0.255678548739,1.10529679755,1.81876374024
0.992949833038,1.68423553296,1.40838700911
1.56566748026,1.7690819887,1.57501435171
2.21088463695,1.94954315982,1.4785722233
1.37351256085,1.7624273884,1.48847568023
1.98761862901,1.69187847227,1.97162962093
2.30085758751,1.85032161955,1.71428660904
0.491484620453,1.67186557678,1.00806153605
0.661830587113,1.62521463016,1.24919759443
2.46355194934,1.99238268796,1.4784598376
1.95038497833,1.81113450585,1.6619359458
0.433087619566,1.43823025952,1.33380491462
2.1551247105,1.91796579049,1.51989126637
2.91499241716,1.93979371698,1.71897823254
0.59763921491,1.44012785176,1.56222579455
1.45490057718,1.84230168758,1.37758971662
1.95752599823,1.93429478037,1.41857738751
1.83610525055,1.82163881144,1.59025374622
1.60580583081,1.67522252596,1.81362189232
2.49887697428,1.80282084023,1.9020372197
0.658499949586,1.69834272285,1.12475296283
1.78878641038,1.95037633968,1.32855209863
0.645038761117,1.61921362854,1.24382853616
0.450518898047,1.56034380139,1.13171914442
0.784193479772,1.71347258585,1.20212134208
1.75565888314,1.80261421933,1.59472543052
0.690271392638,1.70712666422,1.13771372236
1.93464020125,1.73673437155,1.82908696951
2.30638929422,1.75723049069,1.94239043589
0.712340846652,1.68807958623,1.18655314252
4.29555521839,1.97335840216,1.99965916031
1.403083111,1.97552179122,1.13972697039
1.40715503591,1.7351622613,1.56327107542
1.95119985512,1.9288379552,1.42619511086
0.229264480041,1.36055644708,1.09782332507
1.40341860034,1.97650865295,1.13844328998
1.16754260461,1.60488896758,1.70804122157
1.10990651612,1.79359633935,1.2832844745
0.973883754688,1.75939982663,1.25849679293
0.514260904495,1.26290787625,1.93575552476
0.297276007056,1.37193534639,1.22729980529
1.79068874795,1.93637236423,1.35318553746
2.07868439807,1.95134704561,1.43040046749
3.54787041834,1.92425276284,1.93446321688
2.35817921172,1.96716640222,1.49326313248
0.446604657768,1.25178920043,1.83896392136
1.61184811152,1.80928452781,1.51454245712
2.15311846724,1.90064660792,1.55340056349
1.47349471797,1.65476837584,1.78771125657
0.545906728637,1.38080938053,1.63957927789
0.845953048548,1.74882022827,1.18982426908
0.994870081778,1.68358112838,1.4110292186
0.435612724259,1.31485865801,1.63140458549
2.08284213063,1.71011854272,1.96818065877
2.93091071259,1.83044646397,1.98597324675
0.696542493192,1.75531021743,1.07021374523
2.20374928274,1.83957516727,1.70152682258
0.171051841207,1.0018344272,1.83216885724
0.284945969319,1.22389784813,1.54248077709
1.21112162454,1.60745553781,1.73323795254
1.61950444664,1.99901811747,1.18876995398
1.78536739679,1.82222886272,1.56690611003
0.562336232858,1.42871029192,1.5425685893
3.42323939976,1.91428241237,1.92463429119
3.27025814911,1.89514903269,1.92806256069
0.61394624541,1.51280710385,1.41739158829
0.451392812226,1.29088551906,1.72894937876
0.817902962201,1.84404623137,1.03052898046
3.24707214321,1.9520071709,1.78626101984
0.619563625109,1.68887740207,1.10536619107
2.69429303652,1.8470603971,1.8630124894
3.02283459581,1.85246519365,1.95942050203
2.99526783746,1.98070230526,1.65438552683
3.50758939868,1.92904535276,1.91168900014
0.255907157751,1.43327704582,1.03322122531
2.40161452386,1.95728931003,1.52593827716
3.7337854907,1.99323743812,1.81817824192
0.194903817043,1.20787433853,1.31258240545
0.383633185599,1.51979167067,1.10879610572
4.0826707649,1.98568623577,1.9193851185
2.27889947652,1.81971424454,1.77617050394
0.678764034019,1.6426107194,1.23428553744
4.06071283053,1.96680514562,1.96041359256
2.68995014211,1.82420216577,1.91831458974
0.0920124073628,1.14750619359,1.00705640984
3.38016264966,1.93230237491,1.86884557916
1.83708145414,1.83311673511,1.56678515754
3.93810948069,1.98258380353,1.8924837879
1.66913066273,1.96692696633,1.25668014122
3.16019730876,1.91469510201,1.8482321746
2.03531138278,1.85941723618,1.59327556621
2.68215353074,1.84099789328,1.8736489197
0.123134780289,1.02142872093,1.49225692192
0.430879309023,1.42427144196,1.35968793099
1.6837087065,1.97052215691,1.25642693745
1.04335232574,1.68376634514,1.44463010096
1.07676122966,1.7709126293,1.30294400019
1.44012920441,1.84024615694,1.3742816886
1.95640744008,1.86548756042,1.54977044428
0.597980785052,1.50093872876,1.42397741572
0.731987139247,1.79072106344,1.04615784756
3.89740690846,1.94176612769,1.98265662443
0.371062848429,1.56446242389,1.02091949747
0.717568659466,1.64713229184,1.26101176043
1.45760018855,1.9273410357,1.23503405591
4.07907361356,1.95913008028,1.98404569743
0.967561213649,1.87468567086,1.0769114272
2.21339067815,1.9939153034,1.39868722753
0.669524694876,1.67512273473,1.1712346046
2.73501339163,1.86878315143,1.82454157086
2.12683033345,1.87412854485,1.59779680885
0.853083911055,1.74229788112,1.2054426931
0.339830553156,1.29705288586,1.48460433521
1.24661699043,1.80581638439,1.33808827367
0.414447325794,1.22976696028,1.84108255421
0.394633823422,1.55001011948,1.075377008
3.13060902889,1.98266169442,1.6871746309
2.05260282986,1.89291375799,1.53192156173
2.11263235979,1.9441567381,1.45528751749
1.57820365017,1.93553548647,1.27172370318
3.23629312851,1.91959171294,1.85863693259
3.86010869638,1.98521122233,1.86745289769
1.28072929095,1.54422545276,1.95384582436
1.30663390647,1.84127381427,1.30727230523
1.80251186433,1.85150361687,1.51497632766
0.677681109077,1.65758507013,1.20758842103
0.736066455942,1.55566190767,1.45652731244
0.440292060891,1.26910186495,1.77215714733
1.51103046787,1.87297504622,1.34878517469
1.06424362566,1.92908397235,1.05296017376
0.318998066857,1.45786126576,1.11049486005
2.16911540707,1.88647470328,1.58796978044
1.21195858924,1.66642742186,1.59504628542
2.89467647542,1.94401249996,1.70379226768
2.87275894204,1.96178581108,1.65942575979
3.04360252256,1.9545758627,1.72375491233
3.21103107241,1.99727583816,1.67756534055
1.67850303183,1.65721157306,1.90149354791
1.00579740285,1.5582105204,1.69626424518
0.642122586354,1.553651616,1.36442521008
1.88034100296,1.96353086549,1.33957179253
0.189054225497,1.08557790254,1.62508054417
0.217772965598,1.05507216888,1.85299253806
3.45853951288,1.89377323472,1.98631528415
1.11831811828,1.58169874737,1.72847164687
2.99423687469,1.85199765191,1.9513229346
2.84403949447,1.9396199327,1.69830511795
2.96474700519,1.87310040209,1.88898813225
1.8819978376,1.87110713247,1.50893483207
1.44484231102,1.61984352504,1.85989308746
1.22041266308,1.7029621025,1.52147993478
0.480109563676,1.64148750779,1.03971670277
1.17454497259,1.82003025562,1.27460465825
2.29898464892,1.82822606632,1.76404944833
1.66720522031,1.74115028289,1.68780389562
3.79976381769,1.96517584122,1.90029456208
0.511718137758,1.64097979365,1.07416653992
3.61287033151,1.92515865451,1.94984020056
0.585978444966,1.65197948338,1.13178970337
2.81391197419,1.91029862555,1.75391270883
3.59118865394,1.9138633826,1.97234286494
3.18598685986,1.98581346256,1.69528342473
1.13936858935,1.61578863253,1.66119787852
1.64108400076,1.69784255844,1.77682438786
3.03783545313,1.87168149106,1.91566101739
1.77046573609,1.68917015401,1.86780215296
0.877709905533,1.87794136672,1.0213632757
3.09334318583,1.8821497404,1.90698890153
0.261182451577,1.3582170725,1.17621293798
2.26486752225,1.89680081011,1.60112560256
2.00834565796,1.71540286956,1.91869527688
1.51595410685,1.84747955482,1.39668310882
0.689334131459,1.69113059108,1.16231319404
1.83864662663,1.80146244617,1.63448156822
2.40923639479,1.92195916538,1.59879342362
2.3372173293,1.84305801221,1.74430255347
0.910151146942,1.53848293553,1.66111382091
1.69063826304,1.75842889583,1.66032436296
1.12546889733,1.65392620184,1.56424054181
0.497902705597,1.54441281154,1.21790645268
1.29305334648,1.67109225223,1.63684950496
2.26187557064,1.90912914089,1.57485357698
0.318367148558,1.51996224354,1.00982767404
0.726285128099,1.79167606637,1.04074808101
1.94704490438,1.78824816872,1.71185674867
2.00428879396,1.97857571014,1.35695204885
0.211498907314,1.26317517505,1.24083135078
2.14547287077,1.77845681298,1.82066719198
2.72154398078,1.81970340571,1.94104663505
2.32167362125,1.9112433868,1.59120398054
0.805286283849,1.66096335752,1.31016158402
2.32874218651,1.88012926117,1.65894736081
0.705979230213,1.36776508107,1.90410144072
1.6959637287,1.87359853542,1.42778403372
1.57734356494,1.93109296249,1.2786127337
1.44237489226,1.73232923098,1.5888320104
0.980319476376,1.74938736007,1.27985259708
1.90913242334,1.89465683881,1.47409059371
3.29240038929,1.96604431549,1.76693783375
1.95324021422,1.75159734127,1.80117052969
0.837265458465,1.46987966363,1.76624221651
1.34690529393,1.66958157534,1.67411232032
1.63658691767,1.87263165343,1.40433127815
1.98648266307,1.8001565188,1.70187494746
0.753471125211,1.78164680697,1.07435198697
0.891541068879,1.65621799154,1.38774586902
3.41250837619,1.93238533821,1.87756699563
1.45032695402,1.59928267599,1.91907092954
1.00158485803,1.45352237145,1.98092588066
1.87235177726,1.81517853135,1.61965084396
1.41454911432,1.78911345251,1.45742617834
1.37019374173,1.87764147542,1.27662920171
0.721252830567,1.58838388099,1.37474773215
3.12104612234,1.86314569587,1.96342040634
3.37654906285,1.9931866487,1.72912363424
0.770493635595,1.42713527889,1.81008904058
0.541996508466,1.49369377649,1.37057141302
2.6702918576,1.80608584526,1.95768234582
0.931137927679,1.7228953555,1.29311823562
0.830316300771,1.48974669281,1.70654179335
0.332968104201,1.29907996434,1.46452650536
3.00797504994,1.89801836733,1.84229320852
2.37425641724,1.8109276996,1.8341589698
0.365427511118,1.18871381238,1.86037547669
0.127635282221,1.23449320712,1.01324225224
2.73413481101,1.86022960058,1.84469681533
3.41855897215,1.98500943974,1.75785018949
2.81063351617,1.8319571965,1.94093152714
1.82162355036,1.88568018529,1.45672300643
2.14458809466,1.98454130515,1.39311988747
2.27463309967,1.86359225156,1.67519767804
0.417783162116,1.35048601309,1.50646132405
1.30448323986,1.68794946753,1.60598257463
2.77373594698,1.90893419396,1.74440480381
3.05633883004,1.85122678691,1.97344416401
1.56714495465,1.84356978892,1.42736581579
0.593703074278,1.72302791372,1.03237424389
1.94235623693,1.67746093814,1.98843478967
0.791979111665,1.50528157005,1.62809906062
0.642356868134,1.62525889058,1.23060473217
1.74022370109,1.97723259264,1.26655280002
1.40206976108,1.57294183107,1.96013289972
0.132658798478,1.21239192852,1.07418928046
1.8048180081,1.99907783781,1.25484730984
1.623065492,1.78455641201,1.57068983914
1.3300395577,1.7075841924,1.57827269251
2.43693399779,1.99681501371,1.46227996533
1.76296843705,1.78510431929,1.63578590635
1.92125097516,1.73588909483,1.82484409508
1.89867492057,1.9878043647,1.30543876678
3.5160716728,1.92907679723,1.91392211752
1.2441802627,1.61479036657,1.73840062562
2.98827241901,1.84066747842,1.97854020255
0.212932450284,1.07926733702,1.74617417459
1.41765361702,1.6879687719,1.67415253273
1.71143621414,1.66013150018,1.91221271688
0.836160948544,1.39893047834,1.97132810111
1.69833003439,1.97024224561,1.26231740801
1.23878572379,1.94402717629,1.11456808849
0.895143203835,1.55724871157,1.60249379565
1.21734400627,1.51780244118,1.98102142413
1.98329090289,1.90037639803,1.49139953971
0.236123938139,1.05487014713,1.93026978084
0.372663219954,1.26300473819,1.6475724406
3.50576460528,1.92843109285,1.91269381101
2.38952060128,1.84581661551,1.75734338212
0.455017495079,1.33876129037,1.60264668351
1.36473567991,1.65238182802,1.72624944814
0.827621884436,1.64254495071,1.3630523143
0.835084471044,1.83703710872,1.05092360471
0.677014629146,1.62797872455,1.25849395114
1.08249492965,1.7926069394,1.26901187687
3.02686992826,1.93111319566,1.77117520424
3.24501664915,1.95247026285,1.78464488459
2.85733297315,1.93622090933,1.7096675844
1.02563448406,1.74636301577,1.31447394688
1.29049108742,1.88190637166,1.23210757952
1.56042369986,1.95598776564,1.23203810842
0.716732501662,1.4962706664,1.56997484115
1.48888976199,1.83851525108,1.40053392589
2.70936529663,1.94019851438,1.6563849631
1.28730688193,1.89491314177,1.21005035185
1.35122334326,1.8420563202,1.32802619168
0.602838899132,1.50015861735,1.43142999804
2.2559045904,1.83713720274,1.72706693791
1.60826473139,1.92276808736,1.30491215743
2.33618203735,1.79108852723,1.8680386431
0.591083199952,1.69706482792,1.06750456572
0.52363110914,1.35146607275,1.68383921865
0.99804913614,1.61154480396,1.5642220675
0.680060228248,1.59479073404,1.32263233631
1.81414912249,1.89014856185,1.44534970687
0.385957288524,1.55102648677,1.06190215801
3.13545930585,1.95709350144,1.74398938208
3.17200198984,1.94033260096,1.79192560441
1.97375740175,1.80000384534,1.69675975325
1.17014880991,1.58753895769,1.75319400616
1.60554990751,1.79932962802,1.53170447607
0.813419950097,1.42351710913,1.87038888069
1.7917277836,1.67758231595,1.90945564829
1.25094858019,1.71319676579,1.51887070157
0.452378340429,1.27968872926,1.76407482146
2.77966697399,1.93509647655,1.68869434482
1.98469064469,1.84949127649,1.59388522391
1.4819225344,1.72659622297,1.62310941561
1.17092842577,1.60393608057,1.71285567816
1.30831070378,1.7303792356,1.51722045063
4.09147389269,1.99435831804,1.90059486751
1.44615709991,1.73519996635,1.58470623284
1.97782593473,1.9618872562,1.37672252181
2.86666211544,1.88574736734,1.82725069563
1.76800392828,1.90565573059,1.39858372556
1.41784978446,1.80901565909,1.42098464393
1.03029027173,1.85969741357,1.1331736149
1.3842369746,1.80567791703,1.41027341682
4.27803677749,1.98017184936,1.97848061849
1.13900842596,1.56128090325,1.79700937266
1.71068355923,1.95926322004,1.28464280274
0.960194711418,1.91625565387,1.01673788561
1.51328591615,1.78991600183,1.5058186811
0.927601064823,1.70415376047,1.32428252314
0.413962365609,1.24395902745,1.79478012003
1.33274105289,1.78505932417,1.42233930583
2.62093097521,1.92351242348,1.66424090503
2.28644335863,1.89812379691,1.60598980741
3.7209643903,1.9893484893,1.82395706932
0.936344557374,1.55806320079,1.6370042102
2.17312154905,1.73930339187,1.93178685436
1.30846913981,1.85747607005,1.28073088591
3.21438062003,1.88355472743,1.94040319129
1.49901849283,1.91552275296,1.27157336739
1.95478506276,1.81227847702,1.66128904429
2.52045012733,1.95308205435,1.57160994591
1.78065778361,1.78231004216,1.65012915495
3.0222954978,1.96174195039,1.70216182174
4.06789540066,1.97200204083,1.94928739621
3.90784925128,1.94950301167,1.96585091632
3.43296161495,1.93648993754,1.87333995949
3.5108504248,1.89905251412,1.9876889144
0.274308656394,1.42573650306,1.08239375249
3.27354302232,1.88588366802,1.95228069928
3.18439187182,1.97074492632,1.72740688194
1.01103043455,1.81518098007,1.19016831682
4.22042325268,1.99182783507,1.93646568594
2.93537876552,1.87452476346,1.8761330026
2.43247165012,1.85850189907,1.74388679519
1.42723884102,1.8729848636,1.31083780805
0.648269478538,1.75080668004,1.03877015115
0.964899717171,1.68862357198,1.37992989949
2.83536811596,1.82380189205,1.97052474075
0.24993624946,1.33513431339,1.19489704299
0.503632352988,1.52568595035,1.25932701593
2.78224418037,1.80597098453,1.99860381936
1.77666723934,1.79173216389,1.62765585918
0.59960678428,1.48300632969,1.46509611266
0.437456384639,1.39037379007,1.44542579412
0.242447456609,1.39129747431,1.07447771751
0.916255258139,1.8326344694,1.10720781962
1.99777774823,1.89616015871,1.50500078824
1.60267803824,1.63350495485,1.9211938531
0.55243895767,1.38173368868,1.64691664886
2.29002625806,1.97184986606,1.46283310278
1.37822800258,1.71767820626,1.5845024358
0.491770167845,1.42178406886,1.45826065517
1.08669510599,1.90301603319,1.10021392559
0.969827065169,1.7385440278,1.29185156972
0.669339391675,1.42622589385,1.68949229597
0.0808822481102,1.06611445376,1.10460235597
0.236364479292,1.03801827116,1.99826212125
0.571019139094,1.32982458318,1.8219905894
0.840647223375,1.55981610191,1.54712133343
2.12791022126,1.98678949511,1.38376699434
1.12246562485,1.88443528613,1.14533994863
1.61476184104,1.92877380456,1.29753158537
0.489288532598,1.61092864632,1.0961946498
0.82741121082,1.41614044027,1.90837499046
0.32488214096,1.40194249787,1.22293020186
3.32840580367,1.89219239565,1.95257198419
1.53749364604,1.91103548549,1.29523327889
2.36386264968,1.78747829726,1.88815317467
0.761049994473,1.40549942187,1.86122619407
0.805030669627,1.43339280485,1.83222994968
1.64016374781,1.6935434689,1.78690814089
0.212282370942,1.27752851085,1.21289636935
1.596513498,1.92184311999,1.30167788554
0.797133245021,1.6104383666,1.40015211066
0.888485716194,1.59420590363,1.51306153041
0.550030908242,1.71218099875,1.00855628833
0.993965094553,1.89697357553,1.06045618139
3.63814692917,1.91013644722,1.99472667197
2.89866232659,1.8277143965,1.98214062852
0.138900607332,1.20489681427,1.1139962271
0.790231160721,1.57263788529,1.4722101518
2.26271653081,1.81091038973,1.79059844892
2.00095399931,1.7718569357,1.77391820946
1.21033817664,1.71504288613,1.49023421103
2.29016808728,1.87906487292,1.64742344418
1.71400275023,1.97786571726,1.25597025587
2.11857615779,1.87175333139,1.59962435895
0.299988820452,1.40732196585,1.16518141642
0.565063889788,1.59247767076,1.20965636152
0.410821428871,1.3610476697,1.46840025855
1.54412529859,1.7195636898,1.67283145531
3.09079512097,1.94896267138,1.74950532649
2.65486242016,1.92570221404,1.67028903032
1.88703679221,1.79013282085,1.6810346565
1.23233324683,1.74528305073,1.44296463201
0.599737793221,1.67552324878,1.10789616384
1.10205085562,1.73116012976,1.39101461732
0.469782043059,1.63645390942,1.03581687108
0.233517302181,1.04842762096,1.94467000634
1.45197634789,1.73609665073,1.58595488995
1.32403506201,1.6746800928,1.64807931562
0.499165901247,1.41034326301,1.4958618963
2.41127859971,1.97404702486,1.49689747193
1.52963086554,1.72557248783,1.65133646281
0.464775388405,1.35048037695,1.58894211812
1.4560634486,1.66072910635,1.76231026149
1.66194725641,1.85753447497,1.4432834548
0.696853871166,1.44266400112,1.68029747292
1.24902816795,1.57087577112,1.85563533317
0.473512596402,1.24216444369,1.92556221159
1.40958000371,1.71457256991,1.60925982094
0.520130791832,1.69408598618,1.00551637913
0.958930476434,1.73204085919,1.29599438378
1.72557488168,1.79776132147,1.5912433325
1.34518915316,1.72187279722,1.5564323596
1.84339918609,1.817016343,1.60317579815
1.35078760434,1.6528109406,1.71636985019
1.64293944213,1.80628002714,1.53518836339
1.07458440529,1.67583293081,1.48235197543
0.995885149484,1.52396579376,1.77540593254
0.848719809513,1.83678525705,1.05981944794
0.859271287515,1.48517215385,1.74811672766
0.39302623039,1.38752002143,1.37631568156
1.31958967194,1.95383948049,1.13607561904
0.764318666933,1.42285516107,1.81493948542
1.32436254237,1.93810875908,1.1611503386
1.07363420923,1.81290211728,1.2301697213
0.453162808609,1.35414339119,1.55962257716
0.308827244291,1.37020596597,1.25441140566
0.400748328175,1.3220243947,1.54620978525
1.68766184391,1.89330664851,1.38837350273
0.946867295725,1.69178307722,1.36100803035
0.823503026371,1.41606573321,1.90408637417
1.21796957493,1.98580831397,1.0481932599
1.4139259138,1.65917615826,1.74040630182
2.18677624529,1.91874674621,1.52947867684
2.93398507811,1.91522506391,1.77964286418
0.0760460984437,1.05873103667,1.08698111722
0.603317302857,1.57443123171,1.28301876935
0.482355828726,1.46551131014,1.3496025233
0.659563264923,1.39979496048,1.74842189168
0.114822321886,1.15337587385,1.11273598541
1.2660206975,1.9820563435,1.07373609249
2.71565197668,1.80501456355,1.97705046322
2.03552741081,1.79897125493,1.72547504307
2.11213311537,1.87129287106,1.5981467627
0.693723069104,1.77595356268,1.03877099738
0.576553350981,1.43131457574,1.55560975469
1.02927238108,1.68323670268,1.43590476375
4.10634017235,1.95719168683,1.99556827308
1.11856498056,1.6172782759,1.64246719353
1.5510067242,1.90205255413,1.3160406102
1.42588933694,1.59033007086,1.92753243286
2.07519191457,1.72556111493,1.92343773304
3.8283424346,1.9313787424,1.99123551091
0.969402417388,1.54884870708,1.6883298971
1.21371751564,1.76446741725,1.39537372651
1.64660430901,1.8697524364,1.41390709586
0.502489669739,1.63842933871,1.06827958729
2.29081438246,1.7627219084,1.9215336251
2.04245452091,1.848056033,1.61995552075
2.83210561589,1.91991494101,1.73798235499
2.98680036553,1.84848709439,1.95787425888
0.64842523054,1.69797330947,1.11668496249
1.0321520206,1.92405722241,1.04365556271
0.319209889575,1.11535325842,1.99330498257
1.71938883134,1.73079677418,1.73833330697
0.353943439245,1.3071266266,1.48967684051
3.73535299139,1.9278321506,1.97584402504
0.589605944812,1.30797499177,1.91994508264
1.52976289577,1.96250058943,1.20983682746
1.3785859301,1.89077692109,1.258926852
1.03241509011,1.86193762059,1.13103102066
0.231841574826,1.06148252708,1.88750474291
1.90785614627,1.87077511848,1.51992191375
1.87489342745,1.87407033853,1.5002936348
0.624814042213,1.70735179075,1.08209145785
2.71239557115,1.83940927153,1.88811675699
1.70014960164,1.70303390067,1.79561608388
1.37432630436,1.56105789939,1.97457411941
1.50892253681,1.66987585485,1.771214448
2.5170039299,1.78392903863,1.95762185185
0.50771522804,1.28065629299,1.86577808327
2.4626613817,1.83575329645,1.80776216112
3.13313175988,1.97286896292,1.70885153471
0.272965947761,1.10502906881,1.88021597524
2.84257927084,1.99531050105,1.58229004838
0.495471111662,1.65383494804,1.038010224
2.08651426929,1.92444404405,1.48313573325
0.909310314008,1.60952810738,1.49737821471
0.639051394352,1.39569009991,1.73228087647
1.3339660662,1.70303031822,1.59053947548
1.81878955076,1.68615308638,1.90105331154
1.34748187825,1.6931292403,1.62057397747
0.688359647594,1.33916415527,1.96989859881
1.57589471609,1.68373985277,1.77550024009
1.71089683169,1.73740713288,1.71849687457
1.96098490929,1.77296719325,1.75349510971
2.59782614982,1.97305263324,1.55567622634
3.85063615241,1.96200403995,1.92067697844
1.00201439488,1.7232982362,1.3406918891
2.42931323265,1.76043765561,1.98487096509
1.30437557898,1.94849486576,1.1372080844
2.45788885897,1.99314915748,1.47533658593
1.52390760923,1.79532629352,1.50022920595
2.83667314729,1.995710648,1.57985061846
0.62450897748,1.31938806465,1.93867317314
0.539404026507,1.2942197251,1.87937446533
1.40101651375,1.85244517793,1.33399270133
1.14529259072,1.83122473579,1.24018129041
1.34754802373,1.7891794426,1.42236614436
0.830291977213,1.744506862,1.18567108937
1.12424250018,1.84109826175,1.21288375256
3.81805731854,1.9807260544,1.86778593409
1.98991763668,1.93526377992,1.42849737482
0.974153931469,1.53967547008,1.71550180648
0.253318545722,1.22172724245,1.45995941577
1.4100782157,1.67986818164,1.6885520641
0.594770365587,1.31865919807,1.89424652262
0.384308356353,1.22286150128,1.79462975093
1.54746010548,1.81021085377,1.4821618532
1.21563302984,1.84191172844,1.25987287448
4.48163711076,1.99978734735,1.97562990892
0.338860370697,1.43160615807,1.19204809242
0.630426699513,1.3828569401,1.75616350166
0.533957226761,1.35268317449,1.69698916083
1.03831251473,1.47077244324,1.96422000084
1.58630936045,1.78420250584,1.55353818453
0.944772624929,1.43652544912,1.97523736813
1.96012173908,1.70089700329,1.93370629881
4.12105832377,1.96501264674,1.97941463286
0.842543126334,1.53052486115,1.61717285861
2.3888454731,1.85736584782,1.73074341295
1.5848971702,1.9270392706,1.28833251329
1.52329201197,1.72554602728,1.64797087205
2.6660589522,1.80193247771,1.96695460211
0.129027692965,1.06340545979,1.40270386913
1.16899993531,1.91256448706,1.12718499979
0.412213422351,1.37250517388,1.44388595468
0.225935280327,1.27529516998,1.25607595334
0.661783124154,1.6057976926,1.28426292666
2.09474734499,1.76152187871,1.84043876592
0.231574657176,1.25647597348,1.31349601144
1.48368690989,1.95686027676,1.20003234688
2.84371310504,1.82969887526,1.95813528984
3.21080426967,1.88261739187,1.94168054539
2.10829663265,1.8074150596,1.73645057224
0.82145303377,1.76628441677,1.14514540188
2.70306124882,1.88713689698,1.77115501971
1.55133815848,1.92398661635,1.27961071455
1.50571616739,1.84270357164,1.40070209377
1.61209817137,1.8934242059,1.35672985618
1.28051729227,1.85264657495,1.27499988415
2.96014398517,1.83764850868,1.97703057
1.91602921179,1.89713087598,1.47204151463
1.70092774392,1.7386325443,1.71063022022
1.11135075005,1.61421528916,1.64433569093
1.21404813148,1.97435772906,1.06173417561
1.74386326812,1.66102164397,1.92783769531
3.08755916314,1.90310989792,1.85429320494
1.70606381583,1.63398141206,1.98085443784
0.846538279275,1.77943722836,1.14214641768
0.347600935192,1.20878174926,1.75005722336
0.141451035079,1.23690322227,1.06217054001
2.64008835899,1.81164990758,1.9322649206
0.0803705563125,1.02916649276,1.18652294629
2.52387739746,1.77470834109,1.98466159221
4.35159148147,1.98982929769,1.97127888219
0.472660042391,1.37665738073,1.53583105765
2.60193974486,1.96498376817,1.57288474289
1.34657713643,1.57288085018,1.92112157377
0.740442659969,1.77275878167,1.07779135406
1.46056274718,1.73104545658,1.60161775526
0.742354291753,1.56464870973,1.44362781079
1.99559378178,1.71679462994,1.90894871145
0.331878155847,1.15507708422,1.8857972785
1.22668358337,1.84456496629,1.26118896839
2.08110206334,1.86505193896,1.5993035429
1.32183198609,1.69531048582,1.60024320887
1.67812585548,1.62306132123,1.99526275837
1.68762514043,1.80773018658,1.55293379335
3.24311435336,1.89978504147,1.90859194766
2.18898123702,1.95553044719,1.46007806042
1.85254984303,1.7479252153,1.76287361843
1.56559137827,1.82381303015,1.46423232948
1.06254355236,1.9386603327,1.03932841142
0.787050465578,1.67180185378,1.27576876051
2.34002376623,1.77652021681,1.90636824809
3.03701247363,1.85007058111,1.97017389186
0.885331640294,1.5690108511,1.56653190838
2.38841224256,1.94161402465,1.55238152689
0.227061105956,1.31802979169,1.17162363653
1.13487424246,1.82987234639,1.23672864526
0.21694598998,1.15522169338,1.52428026992
1.13151299192,1.56144182893,1.79066541633
2.79834061601,1.99966764222,1.56135914882
2.65925833673,1.81741210981,1.92452849461
0.182407610326,1.04287202261,1.73817938508
1.15662364755,1.8284192743,1.25091601772
2.08674773297,1.75165114534,1.86157425158
2.80926102921,1.97161609489,1.62068633667
1.8917152524,1.70075471276,1.90003709279
1.67108666077,1.97126934983,1.25052632452
0.971023220615,1.43824367908,1.99714767405
0.311478782529,1.21140735724,1.64888235114
0.884399003866,1.43809035949,1.9064393025
1.72621190558,1.86092491601,1.46442822997
3.46063505155,1.98508366915,1.76846959682
2.29700857964,1.82421664357,1.772640733
0.262612625599,1.23065387887,1.46324800671
1.45245881614,1.73547084025,1.58756979993
1.02608202784,1.93867600702,1.02131988259
0.61835176723,1.72453143159,1.05142372142
1.58683765177,1.84041997757,1.44225535418
2.31874700808,1.9569043872,1.50011373122
0.488458540074,1.3255569603,1.69707743259
0.734857423757,1.41940043083,1.78928618512
2.34337505646,1.93054719392,1.55955166812
1.10007961171,1.58148396194,1.71485260317
2.74219412058,1.93518973953,1.67707331413
1.7477290944,1.66684032191,1.91432579235
1.75612989137,1.64795960579,1.97042391725
0.737495085457,1.46013248731,1.68261874627
0.217142905815,1.36990259071,1.05236805543
1.41077796124,1.84119563385,1.3585105049
3.85872902873,1.9375941724,1.98331766152
0.705181879423,1.62168868553,1.29594605582
0.979848270327,1.76486673273,1.25307652438
1.49686222666,1.89896264691,1.29802634783
1.76454098712,1.75008111927,1.71547375049
4.26704048523,1.98185044882,1.97175659994
0.208091197517,1.25610411244,1.2459185412
2.02743872347,1.93744035387,1.43790185663
3.98249539089,1.98724899836,1.89196282712
0.129098681508,1.24069478885,1.00801838493
1.13912733478,1.62163151058,1.64724365544
0.765548018697,1.48400862153,1.65294433014
2.5628834621,1.78931249828,1.96122106656
1.91713888335,1.87777628462,1.50981793379
3.49348549043,1.92978869437,1.90602899935
2.80037135028,1.87200013431,1.838503297
3.24332040452,1.91137444635,1.88038614487
0.552666709844,1.6488086319,1.10406298779
0.978263028967,1.90653267474,1.03916482261
1.14724927734,1.74799039228,1.38716069596
3.29094210715,1.96906703247,1.75980018616
1.57640346871,1.66634243481,1.81934339297
1.21992202432,1.97165368799,1.06794359358
0.416855406603,1.22080462086,1.87590172614
1.89350151121,1.92273900903,1.4159617301
1.42426136462,1.92375621518,1.22644374775
1.87340458039,1.90008279157,1.45004338683
1.50439596857,1.59647523942,1.96242511899
3.14522003062,1.87664360168,1.93669799561
1.86052348854,1.8135538914,1.61800366246
0.962490292441,1.52355167929,1.74646102682
2.71253993994,1.88577088522,1.77739816618
0.236048160893,1.20568144924,1.45017823074
1.29328704951,1.70748866532,1.55651849357
1.3601609543,1.89222022724,1.2481547925
2.33016587558,1.87903346041,1.66181502779
2.10739352388,1.73096367945,1.92406615954
1.54786877918,1.67211168589,1.78834001536
0.279095541064,1.08802099943,1.96508225093
0.298240603966,1.35603117247,1.261365724
2.07135090968,1.87075758325,1.58374482541
1.25595498568,1.82992899969,1.30093372915
2.04308716729,1.73831754295,1.87561042792
1.28354055349,1.66826096836,1.63727509846
1.98600905437,1.69439776816,1.96397655715
2.13606474453,1.84989517401,1.65267781993
2.77196002238,1.99181842986,1.56938834178
3.40910066871,1.91733126937,1.91315336258
1.57547807943,1.99312282321,1.18121936401
1.75792359476,1.96979226381,1.28500477027
1.43708611597,1.6336056091,1.81897828501
0.85404712549,1.45049130159,1.83779189065
0.70313070158,1.38926369436,1.83575973428
1.08719369984,1.86797875098,1.15154846616
3.67434647573,1.97034956021,1.85647295151
3.69503214688,1.93753829131,1.94093152751
1.29223802877,1.7296313833,1.50941070491
3.48010868764,1.95736977938,1.83669635771
2.03785758164,1.96808179352,1.38653755039
3.67615613208,1.9638892116,1.87217941472
3.98224316115,1.94950366876,1.98447303843
0.490429747118,1.52422186687,1.24542030905
0.913910382736,1.87558999606,1.0453997673
1.83965447457,1.96082596681,1.32955065934
0.510519721533,1.66967274797,1.03054522259
1.15827627747,1.76989469794,1.35321342244
3.02662699821,1.85131719983,1.96359611638
3.05671639806,1.98411574014,1.66409099761
1.11347214104,1.72998751979,1.40044127582
1.25133460892,1.83206390365,1.29489281678
0.638768316415,1.32988291507,1.92686200774
0.774627079614,1.58295390357,1.43594013532
1.09147802822,1.86153658436,1.16354184807
1.42098446238,1.89142678287,1.27706605858
1.91914503627,1.8612801659,1.54338284524
1.40769279699,1.98737593915,1.12465538753
3.5330817425,1.99779761717,1.75852825802
0.942658500585,1.59680352494,1.55268729642
0.222479475934,1.17800254871,1.48016548812
1.42748709692,1.678292147,1.70267112628
1.8559775375,1.71801031605,1.83789688732
2.61184575953,1.99840372316,1.51083009418
1.72247754019,1.96108010575,1.28609660626
0.874097233405,1.46520121688,1.81764196756
0.458274317062,1.6373904933,1.02169697951
0.977446434526,1.63948490197,1.48771544452
0.179354638214,1.28480463086,1.10113491308
3.0398659511,1.92952538487,1.77858028851
3.15423240279,1.88056613818,1.92962389905
1.54926960114,1.6580156831,1.82476715992
0.669964985914,1.42867472896,1.68382374551
1.49041942955,1.61066223392,1.91392501524
0.976984861631,1.7179049767,1.33364847155
1.0263887482,1.72785024398,1.34848931063
0.239692831984,1.37627048197,1.09437639113
0.352700336802,1.37696671124,1.32603796914
2.73839422839,1.84507889699,1.88308196358
1.4140015218,1.69676143147,1.65178047553
1.99690450898,1.8284804599,1.64352284573
1.10506165101,1.90835668609,1.1018705637
2.43287900767,1.75636024022,1.99728895368
1.59984104466,1.86909299188,1.39488155061
1.19447510312,1.61674768824,1.69856976876
0.722055603595,1.56498528283,1.42305451543
2.812448308,1.94921447645,1.66833527705
3.58900032326,1.99766439877,1.77268650173
0.851075422849,1.58607919464,1.49833841386
1.21403656488,1.60214895827,1.74857983483
0.657683862319,1.54511251806,1.39830683247
1.55158701857,1.69604884396,1.73198012612
0.985429594267,1.92594559471,1.01729782669
3.85331410589,1.94881570175,1.95379304416
1.58225084791,1.76453976607,1.59304147236
0.208168632643,1.29446279257,1.16703951306
0.64132893342,1.43184905724,1.63930318973
2.23097488564,1.73487716033,1.96915182082
2.26463636667,1.82090371109,1.76782243471
2.21471787401,1.91984776599,1.5370473703
3.74744312743,1.92029672555,1.99823048993
1.25902628895,1.7144411385,1.52116735705
0.57893439631,1.64788268067,1.1314700842
2.54927930685,1.86616494365,1.76751542436
0.238886292069,1.15690666335,1.59450647309
0.871475579157,1.61773380161,1.44881030908
0.197405321353,1.0962850321,1.62624750339
0.110267544981,1.19642137806,1.00779502686
2.65456065633,1.85159546754,1.83827683709
2.23225970448,1.88600159037,1.61190440999
0.209973586017,1.15424110076,1.50232063964
2.51913465693,1.94894591857,1.57948354684
0.404191175081,1.37071719738,1.43389501324
3.15240203634,1.98922671959,1.67909097752
1.45413024839,1.70449093154,1.65729586377
2.65043936052,1.98189956129,1.55389603053
0.752372077353,1.66909716835,1.25206272157
2.91386480797,1.95508929096,1.6855166793
0.329814085127,1.466726918,1.11390487012
0.911118390165,1.43912653726,1.93191057961
4.21446732563,1.97476734746,1.97717181976
2.16387646149,1.75963600122,1.87532436748
2.12246151567,1.91509249433,1.51390191818
1.8864099846,1.77413953627,1.71712506862
1.27667466651,1.53468552905,1.97843783717
1.09032384923,1.85993635539,1.16535698346
0.57411745419,1.66002427318,1.1076982559
1.20375863547,1.61291889465,1.71450610373
1.33411765114,1.61433677831,1.80130234143
3.04601742189,1.95008237999,1.73431458673
3.6267673568,1.9967289205,1.78408473205
1.92187799654,1.76779996874,1.74802038501
1.89326691866,1.87913178915,1.49775156011
1.70297043443,1.75420998011,1.67589209672
1.55090624037,1.88370408871,1.34757223495
2.99251474725,1.86432673417,1.91960899011
1.70857276639,1.92615896509,1.33916300959
0.589544643974,1.5064723181,1.40218690233
0.764711156193,1.41278326319,1.84436530195
2.0326111497,1.82930499206,1.65635088284
1.91341116767,1.76512468081,1.75045712911
2.97370399724,1.88429656241,1.86455327391
1.25861997311,1.62788636975,1.71615445452
2.7652003733,1.87708754527,1.81488609591
1.80024175204,1.87244785319,1.47322546314
0.927206525798,1.59206634803,1.55045471262
2.41330360473,1.84538224485,1.76707305799
0.595260542826,1.54779843463,1.32504262835
1.13174088536,1.65499551711,1.56623911371
0.972662524832,1.8410313487,1.1282579914
1.53892295795,1.85279325803,1.39747015324
3.31684163796,1.90080415998,1.92762988443
3.17441833481,1.93676979329,1.80077347352
1.14030835774,1.94079043178,1.07376911597
1.31492918855,1.84396973526,1.30678479422
1.46388225501,1.8507986322,1.3665341801
0.939903114589,1.66557182075,1.40634015638
1.30913184319,1.77682873915,1.42530780419
0.389632948616,1.38240701303,1.38161993564
1.21154295284,1.58960197415,1.77862609757
1.09725811984,1.74717101765,1.35810846125
0.725516649527,1.69887638661,1.17973134595
1.43661123638,1.81340634937,1.42205508456
0.437661561022,1.2911396785,1.70171692462
2.02829474719,1.92922881365,1.45337103939
2.1406534951,1.76382534972,1.85472925643
1.59939794356,1.67067295602,1.82151541954
3.60477664696,1.99012603952,1.79349836898
2.89969116027,1.82238728379,1.99647641291
2.65892340363,1.84502587257,1.85568536727
2.14430184151,1.76694278215,1.8485339079
1.20828072807,1.84645809613,1.24859053006
1.47981048981,1.67275182755,1.74702229586
0.223915408555,1.02720723282,1.98846922388
2.09588994252,1.96157764974,1.41777424072
1.36985236621,1.93473029141,1.18602709688
0.318530700738,1.31776844486,1.38829366617
2.04297779261,1.89779961751,1.51871414133
1.20916530659,1.79099533638,1.34409313874
1.11838669006,1.5424806921,1.83052208611
1.88336812035,1.70518536383,1.88430323999
0.978127520578,1.44864346584,1.97239065086
1.83221216481,1.74105621891,1.76958251837
0.80493583215,1.48650959063,1.68851582587
1.29834009234,1.7633585901,1.44535547956
1.40644403127,1.80321665321,1.42619638206
2.628753199,1.97604777889,1.5589977504
2.44738325328,1.92425026191,1.60667850842
0.892140634277,1.68013352427,1.34260828751
4.44337898893,1.98708012705,1.99886751496
0.554906231447,1.39297717911,1.62119680611
1.55927380568,1.84321636222,1.42443698629
0.708004772711,1.36556197769,1.91363648917
3.48420859931,1.9567452327,1.83923539701
1.51296594289,1.9268890221,1.25899933103
1.5784380359,1.82498394596,1.46795730359
2.85450279813,1.8601732546,1.88500368802
0.315227765873,1.26234911198,1.51701300116
1.07962571264,1.6864356387,1.46409589194
0.487298619227,1.40548898208,1.48935190577
2.53538055282,1.96769251431,1.54732051091
4.34936456677,1.99791176668,1.95084668383
0.543638251868,1.52217655114,1.31523991314
1.00176590342,1.92211273471,1.0307427876
2.31753551369,1.82232788601,1.78498913738
1.94174479322,1.97309877445,1.34488428189
2.45664916646,1.78265649525,1.93730454497
0.370289461718,1.54459378247,1.0500174869
1.50497191031,1.72687350967,1.63506422596
0.527425084428,1.66731060393,1.05093002421
1.12644037982,1.68540698349,1.49763707935
0.870947664093,1.51255870315,1.68881521726
3.49743453096,1.95673702314,1.84274213012
0.475334861425,1.35930551646,1.58396602793
1.18906727587,1.80164563688,1.31409969224
0.309602655462,1.18206293313,1.73320924914
1.0408773132,1.53181604114,1.79402498964
1.71316600168,1.76783576253,1.6502980909
1.08490912502,1.92483160997,1.0689351775
1.84522876451,1.78077603973,1.68323500918
0.649145668053,1.54320531503,1.39311155574
0.568825742634,1.72247401865,1.01127919498
3.52648475319,1.99749661566,1.7575501885
1.2349452645,1.91447362206,1.15570448101
0.412359808804,1.53999759897,1.11560105294
0.933853225809,1.47853515986,1.84087458082
0.864538146873,1.738091193,1.2204638659
0.967163069588,1.71585253535,1.33066542113
0.82110288553,1.78203183686,1.12095511263
0.943979819276,1.90664909345,1.02064073754
2.72583566706,1.9552637048,1.6298663628
1.14018581642,1.8702577828,1.17578668707
0.201451645753,1.01018082834,1.95384209326
0.701393463407,1.65779894823,1.2281653058
2.91441909719,1.95413509479,1.68772117023
0.715498153634,1.54554388707,1.45754559465
0.661542547757,1.5592167144,1.37365399739
1.19140513111,1.61509341294,1.70039578068
0.110495290065,1.16687238427,1.06464054453
1.34608080539,1.77570198099,1.44746770975
3.69330311454,1.94361818265,1.92549430938
2.96918088799,1.8377948263,1.97966538478
1.84616069493,1.69211045023,1.8995650246
3.01404510453,1.97913582649,1.66284664211
1.21489121616,1.88923998205,1.18417392744
1.14685507792,1.55071327887,1.83134019971
2.20618272434,1.85935162858,1.65895037503
0.996143732314,1.49203291913,1.86274906024
0.577165638664,1.39536495996,1.64712014946
1.82958743193,1.71681107133,1.82778448909
2.82260742758,1.87805803982,1.83131990095
1.00828928997,1.8817515554,1.08930843082
1.25851719417,1.7227145932,1.50372406735
2.18514901114,1.99007547018,1.39646474485
1.67037964732,1.86634780449,1.43040381491
0.40981250228,1.43754342361,1.29885510964
0.993236408487,1.74175733132,1.30165456569
2.16790532377,1.86090324065,1.6411696438
1.65925781185,1.82841934975,1.49826630362
3.26705091522,1.97577628927,1.73859113703
2.46619379166,1.7651184139,1.98730530335
0.29852065658,1.42326550034,1.13352964084
2.68117258022,1.87182900065,1.79934989181
2.41144901615,1.96077838679,1.52230615747
1.30211258339,1.80219551019,1.37414276186
1.91095787139,1.67060412773,1.99123193818
2.12119841702,1.74784547897,1.88657377022
2.6652557973,1.92763151695,1.66942826049
2.07893505235,1.84681403955,1.63702006822
1.10716927731,1.81931510054,1.23867742131
1.10674076091,1.67565970563,1.50473068506
1.20308267895,1.83621986699,1.26275836298
0.284373102162,1.30147463364,1.34800023673
1.18719773857,1.74839869107,1.41032495927
1.68497586142,1.74065062186,1.69792711731
2.86118599412,1.84767746754,1.91829457686
0.736143642794,1.63803657746,1.29373050641
2.17056604282,1.87581238216,1.61061470499
1.77091945128,1.73356975759,1.75753663932
2.41760281154,1.8684854735,1.71606910713
0.443608656319,1.23476138579,1.88809304763
1.51438812729,1.82361899704,1.44045805497
4.01543706931,1.95809287025,1.97110082483
1.0244346831,1.45882590751,1.98710313007
2.39590150419,1.76134572863,1.96876179694
3.79045112677,1.93867112567,1.9629936783
0.20488134,1.38280372133,1.00123467528
0.887349679924,1.77545018294,1.1756212491
1.07001427656,1.80672034909,1.23820288555
0.588153271277,1.34318211011,1.80891065243
1.05278138547,1.72507150234,1.37090885828
0.912438913451,1.43312711787,1.95144120137
3.23699442701,1.98752389742,1.70512244745
1.18079561775,1.67301285045,1.56000048536
1.98034153998,1.70364585447,1.9363054415
1.38409090286,1.6674082207,1.70222312306
1.03200411987,1.51090398846,1.84290377869
0.759302089521,1.68251114476,1.23454040118
3.84003625387,1.95878023831,1.92588927998
1.0855180287,1.58162552194,1.70311579811
2.79423676576,1.9596790907,1.64096774794
1.13568712569,1.54748632261,1.83107077754
1.84464616262,1.80681425374,1.62554660877
1.12521285559,1.55128075224,1.81246647105
2.50586790709,1.78068788477,1.96177866068
1.54599332466,1.97442429611,1.1980229048
2.80642796252,1.95152413004,1.66166147624
0.633022326591,1.54043127742,1.3813448837
1.37797720988,1.82877689338,1.36473535216
0.529621950827,1.36767055399,1.64946632434
2.34796013718,1.81379918643,1.81704713506
0.703580897327,1.53414777999,1.46989103897
1.92596283135,1.94934565132,1.38036058465
1.03052711456,1.82856612382,1.18053202847
0.79779206915,1.65961981754,1.30650811779
2.99961323076,1.88903000991,1.86121862706
0.284706295924,1.32104925563,1.3053726744
0.260734717685,1.35186810193,1.18741493895
1.82595638212,1.78785847302,1.65863458229
0.821848816169,1.86717046547,1.00226313436
2.85908835123,1.928853784,1.7263667445
1.64939159755,1.94114101525,1.29082554589
1.44252705169,1.8585891476,1.34278632172
2.72746066009,1.8670967733,1.82602496373
1.2719171033,1.99337442245,1.06100238847
2.01900374185,1.81672491997,1.67844632742
1.48880147076,1.61172449802,1.9099818828
0.341587997452,1.21182608692,1.72544978244
1.70443502718,1.93057019962,1.33001432514
0.326905936643,1.35256649342,1.32806660283
2.09877393571,1.77983190029,1.79742873489
0.770971376839,1.80183914185,1.05787044797
1.18363978575,1.51942154645,1.94869158678
2.18700316963,1.94912568634,1.47134600007
0.689787697576,1.44777518283,1.65857798984
2.51881537004,1.99344891883,1.49294716631
2.58340847135,1.84155709131,1.83748650389
0.211739083409,1.35459224885,1.06530852462
3.9179392064,1.97414158871,1.90785474872
0.106389605705,1.10462084059,1.1747495689
0.842519897661,1.87835217026,1.00014571786
2.06973345189,1.81264303911,1.70861074289
0.964941103164,1.58505302009,1.5977944045
1.3628560172,1.58267145936,1.90542835493
0.322441090014,1.29668887253,1.44700929184
3.94016285895,1.95035391099,1.9718270432
1.60968738862,1.86134761799,1.41335847748
0.692601580475,1.54280005995,1.43984626222
2.6580209828,1.87489105325,1.78444877634
2.06506760103,1.77051487389,1.80536628663
2.74102169872,1.86337234065,1.83946327832
0.566268021246,1.49686768967,1.39422893429
2.16009814116,1.7176280799,1.98380482983
0.803761170684,1.52095046209,1.60216360027
1.53892841943,1.68627870378,1.74838321794
0.820206143124,1.85362852476,1.01911039321
2.85299824115,1.96826100407,1.64020061101
3.63067548218,1.94566922762,1.9041190378
0.226402261862,1.32222400089,1.16179366085
2.75529044627,1.85939139148,1.85384665873
0.284681165686,1.35832832018,1.22776376634
1.22348491387,1.52883269862,1.95366632612
0.969290906756,1.52492759392,1.74903544865
0.537874745833,1.66668441868,1.06221881359
3.72545456428,1.91865670165,1.99655393424
1.61737165019,1.67337041664,1.82484435185
0.511095227911,1.39739464624,1.5449854099
0.931634194103,1.55987715429,1.62855111196
1.84002194279,1.83675678574,1.56054921711
3.47262280237,1.90907892162,1.95147360981
0.539241871741,1.59837124928,1.17170706426
1.51961615431,1.79823073882,1.49233123498
0.714888975762,1.62551733483,1.29774730928
1.33072892085,1.8049466178,1.38409114438
1.5477796902,1.94215107965,1.24882372216
1.47970735699,1.8633313688,1.3515932022
0.507098398403,1.46298082746,1.38916271379
2.77075413937,1.99935696541,1.55425023805
1.96239859128,1.7901582674,1.71421520362
0.311860740076,1.14890131172,1.84918216119
3.8034807798,1.9634199629,1.90545778298
1.99765791101,1.80746402934,1.69016421891
3.88777579042,1.96851877103,1.91405824202
2.05523803001,1.92077583598,1.4789121435
1.6413972671,1.81235661768,1.52215045998
0.86049484544,1.60371234567,1.46882193349
4.1395456582,1.98508323647,1.93417725606
0.525422738732,1.44385545354,1.45635649609
3.32843962617,1.98576602737,1.73287255594
2.53115154601,1.93938495064,1.60264423154
2.02662455743,1.77418729621,1.77968317546
0.6911560718,1.51100026776,1.50795154793
1.13025129292,1.62730930744,1.62761806137
2.33487659838,1.93081450211,1.55618930851
2.29004719471,1.75031050008,1.95368958993
0.983098457442,1.66855059521,1.43231884106
1.11080995982,1.50129823138,1.93974398056
2.59088677377,1.80569313484,1.92936118768
0.533362198328,1.67985960725,1.03850632811
0.770529523269,1.4055954336,1.87249747674
0.975515089283,1.91415251227,1.0275880136
2.28764138533,1.87423369326,1.65687506971
1.82519506289,1.70884846284,1.84565051114
0.970639098964,1.85585282906,1.10541650584
2.42024295654,1.83553892032,1.79263079428
3.89508634523,1.94707061996,1.96872114783
1.36541774727,1.93748637424,1.17994739358
0.843604723252,1.80314011722,1.1046680167
2.80707234427,1.89703572928,1.78196482336
0.315355717044,1.25843329537,1.52761278243
1.11358063463,1.7289857308,1.40242452398
0.362934214523,1.47275589366,1.15777583028
0.700461362298,1.66995194259,1.20665646948
1.2974908938,1.95631955029,1.12298018107
1.87237691452,1.68569034569,1.93009382697
3.65259889913,1.93649023846,1.93233734998
1.91526851304,1.91389973761,1.44031624507
0.130850572007,1.21638817185,1.05927913499
1.16773406413,1.78371175944,1.33378266665
0.297612037619,1.38710939499,1.19844342424
3.30236521,1.99793195195,1.69985458842
2.06074415354,1.89563081579,1.52957921598
4.30117658618,1.99994479275,1.93506265684
2.73748305486,1.90291239728,1.74645335113
1.92317927743,1.96915552237,1.34513073662
2.46979883305,1.88846727472,1.69009737943
1.37199413089,1.98062598741,1.11979063659
0.874208438431,1.4771463179,1.78488695728
4.24845203554,1.98709757116,1.95448863327
1.62413903342,1.63099263098,1.94091364116
0.217318678061,1.14851142306,1.54477026161
0.169810917975,1.06839363467,1.59328374954
1.94850358023,1.68502879734,1.97074725397
0.364736478284,1.45230930258,1.19764034868
1.91442503884,1.71217689951,1.88160397196
1.98418536487,1.79813866851,1.70546428925
1.56754163395,1.97869438052,1.19985520931
1.22791055358,1.6385298295,1.66971760794
0.259927452956,1.39283040785,1.10982259554
2.43396792572,1.99925182181,1.4569233844
0.647314352188,1.69965278836,1.11314524418
0.807871834182,1.75449433044,1.15384323739
0.193158065051,1.07160051981,1.6885054616
2.06401611252,1.86946747215,1.58359390131
2.18883747595,1.98709629811,1.40289524621
0.526202581443,1.26421461704,1.95369850838
2.51313192825,1.89639354143,1.68748509735
3.09660739182,1.87298542899,1.93082709664
0.481745976369,1.42260351346,1.44146876645
0.934814804069,1.83580697533,1.11370733055
0.13318953284,1.05211397788,1.45777828618
0.161474603252,1.03713864568,1.65459801126
0.914190394575,1.63863051414,1.44050964838
0.391078687325,1.47475009622,1.19817773898
2.14475924144,1.94198825498,1.47036771715
0.792834277459,1.52926743915,1.57167226168
1.07538600412,1.89983389507,1.09897240051
0.782938134654,1.67024028184,1.27520649063
1.24130584106,1.77785943315,1.38597757607
2.76035877052,1.94167648861,1.66875281944
0.351330354303,1.29473962653,1.51541890338
2.31115361227,1.89099768262,1.6295737611
2.45343261356,1.78348158748,1.93389949358
3.75769391853,1.95300189587,1.91915764195
0.945968647406,1.51088251022,1.7644700313
2.12356435441,1.99442871065,1.36912763807
4.00360232128,1.95977117013,1.96400770411
1.750964239,1.66398880993,1.92375156798
1.51090236024,1.67628167673,1.75662043691
2.20611981046,1.75357396983,1.90910786718
3.21876474918,1.96787459273,1.74302346345
0.621657410035,1.62086837544,1.21820179864
0.857056730092,1.70175674162,1.27714156283
0.584288458423,1.3273092605,1.85072195482
2.06515528339,1.83583804739,1.65526259035
3.33925104705,1.96909753759,1.77260108265
1.00938512072,1.75750519683,1.28451028351
0.182437683115,1.27502424727,1.12922981517
0.273055164346,1.31265351856,1.296387643
3.29876431391,1.93592874848,1.83767563798
0.652141851766,1.32262901296,1.9704601564
1.53789604822,1.80923964538,1.47947877348
1.36780913,1.72196067844,1.56927521804
2.54952260081,1.81127968079,1.89976539771
3.17001410349,1.85834607152,1.99119296995
1.35211596618,1.77265874133,1.45664692593
0.283754153214,1.12328852767,1.85109906726
3.45568906575,1.89922241559,1.97158002788
2.36865714333,1.82645142223,1.79477500508
1.54231579112,1.9384107016,1.25257683399
1.92955256732,1.99701285866,1.3008553074
0.524494966587,1.27693878697,1.90842342816
1.16752484114,1.82221862946,1.26712105836
4.16309820195,1.96691441503,1.98469974217
0.496058838177,1.60518083993,1.11287605228
0.373677153039,1.42008038568,1.27456798919
1.09405365031,1.87275879918,1.14801499323
1.11375862536,1.6582935215,1.54657250538
1.56790166247,1.88522299358,1.35227245218
1.25371109791,1.9890373499,1.0591456781
0.994086653464,1.56687870132,1.66513091554
3.36998133384,1.91142948836,1.91661613229
2.68375748233,1.7942155222,1.99385178423
0.894456986306,1.44830913995,1.88711934564
1.15745602262,1.93725778921,1.08669782364
2.12916586457,1.75744683424,1.86572704167
3.22746408014,1.89096045978,1.92580019412
1.04744534779,1.88272742171,1.10885463682
0.692783472054,1.44382937527,1.67235924032
1.26288043247,1.76498341892,1.42236499028
0.922596014286,1.831582374,1.11257222791
2.11382050578,1.86134503242,1.61963471013
2.41567996545,1.88341325582,1.68245183225
1.72975809115,1.95504733863,1.29871596438
0.227974271423,1.04592834396,1.93118929619
1.6095841022,1.6859268285,1.78894166134
1.54420220454,1.70391786221,1.7092012454
1.1807914112,1.61872979232,1.68404514475
0.690288496409,1.65895470323,1.21643094792
0.928709798032,1.47744846815,1.83883766073
2.56268517069,1.89032146257,1.71746134739
2.22594686803,1.76976474066,1.87626200814
0.501825295494,1.47165304191,1.36369773928
1.88528787412,1.78950868619,1.68165611998
1.25214800674,1.77733073922,1.39300432646
1.30862685162,1.97744951504,1.09801866231
1.78002275776,1.94187467743,1.33971470862
3.20890436872,1.92943640733,1.82757017015
1.17814487939,1.6971162328,1.5070024426
1.78471783781,1.9226479776,1.37484621051
4.08523243914,1.96364099613,1.97421963043
2.94779156579,1.9120843143,1.79103593316
1.73172671055,1.67005394365,1.89700906495
2.81846539439,1.95611645609,1.65553461751
0.787125350132,1.4634293124,1.72953825006
0.758022666929,1.61785525869,1.35098269168
0.449990871513,1.54064253281,1.16428417002
0.690092294647,1.53357235986,1.45697422792
3.20087400878,1.87195155163,1.96570491564
0.1896419605,1.28832768516,1.12552257872
3.20954642134,1.92881261878,1.82921169803
0.0672180056776,1.05320372291,1.03334733674
1.08217123023,1.90189876128,1.09950325597
2.5890623196,1.86850151696,1.77584264231
1.01206959141,1.54492490812,1.73507849919
1.41566581714,1.75928793792,1.51755517752
2.41802310921,1.95243650193,1.54060819527
0.225547358729,1.30170726462,1.20003717015
0.731190495897,1.43233671657,1.74905675471
1.59302545732,1.63603682506,1.90854522607
1.40154705825,1.64607230929,1.76498034181
1.34320944382,1.94697899946,1.15624048211
3.89912863165,1.93515648186,1.99988569284
0.999575456496,1.53071287861,1.76095002421
1.87416734791,1.90037009269,1.44980138113
1.67624973031,1.68310018376,1.83278766181
1.39616854398,1.57152703402,1.96003439427
0.62529244383,1.64453710367,1.18145598885
1.25510727256,1.62247806138,1.72698572362
2.23756850707,1.78577820411,1.84120040215
3.08367866461,1.9119519683,1.83216394321
2.54576351439,1.81242123387,1.89549471411
1.08507459382,1.59992131569,1.6583995691
2.18343118816,1.89638996707,1.57291067831
0.781880492961,1.8067083364,1.05845924381
0.716168870971,1.60497771135,1.33756355541
1.50838525701,1.80584042781,1.47183971745
0.783953263539,1.41608780611,1.85773624442
2.86217307179,1.84969529484,1.91356217729
0.685554108357,1.56471977342,1.38715641531
3.46990794606,1.91257794458,1.94195617397
1.39489356325,1.72607823143,1.57584242054
1.6659388894,1.66423814006,1.87580806532
2.74156864749,1.81760229076,1.95359436226
3.92771876417,1.96525339653,1.93183555393
0.257539772588,1.32124456405,1.24112983333
1.15829624764,1.90750945668,1.12932913454
3.94734007115,1.9741759445,1.91491666141
3.25364849029,1.94713169955,1.79919078598
2.22341421249,1.94542642268,1.49054408243
1.04479258582,1.59693834937,1.63432181541
1.93059235508,1.79836414135,1.68176939432
2.62676127522,1.90390990312,1.70857285995
2.58086565726,1.81292309283,1.90724943307
0.593503875872,1.54045900067,1.33747788834
0.213985427931,1.21015230167,1.36974731454
1.91282599159,1.82165167243,1.62311015605
1.33537149908,1.66580921633,1.67573655816
0.231422458717,1.06793612834,1.86169283776
1.36456453868,1.65834106021,1.71175984701
1.89437117226,1.91628816041,1.42805117222
1.62707775122,1.86191083516,1.41992913175
0.253227145195,1.25699778856,1.37229097681
2.38831040222,1.90051869733,1.63631345078
3.39750978968,1.90517325137,1.93997882914
0.208513143806,1.31680606035,1.12504123109
1.19043534958,1.80106653643,1.31586840899
0.961466155343,1.44991032035,1.95169561593
1.26508463416,1.84382025747,1.28202892
1.12355514665,1.83485477155,1.22250131334
1.56845069735,1.68147215933,1.77688860559
1.15215173603,1.74553162705,1.39476181463
0.915189755654,1.84988400645,1.08178988575
1.53112396634,1.6042880013,1.95767912686
1.39269455097,1.72440934261,1.57819391274
0.773033597064,1.7390511281,1.15256462311
2.98919217636,1.85285323997,1.94749768512
0.50231890425,1.44175798249,1.42861537671
0.610066182698,1.55769039141,1.32207949538
0.495579322414,1.5646195002,1.17957277255
1.84411877116,1.7302761469,1.80156001141
0.256585708593,1.41960014432,1.05695946728
1.7599371486,1.90971958846,1.38811241855
0.902042271908,1.61976506729,1.46973742516
1.22953180196,1.79567888137,1.3469272671
0.288393458057,1.20438386507,1.60665892368
1.65158367707,1.63604148713,1.94329406057
0.860072104523,1.69895006962,1.28434796637
0.162265514477,1.08928231238,1.49467397306
1.21099742764,1.99879703339,1.02825052616
2.48440452265,1.78188232219,1.95023753579
0.739907850504,1.61099794192,1.34787907292
0.685452277003,1.34980412388,1.9317666267
0.235229579773,1.09902381674,1.76581176666
2.20617701952,1.99368253621,1.39681491433
3.106137657,1.8625403638,1.96027195466
1.80673214051,1.67750574453,1.91763840438
0.767032253638,1.57078255687,1.45436117793
2.98103666089,1.95019403271,1.71547219097
2.97617720024,1.99277527805,1.62421532133
1.0668921763,1.78557149438,1.27172490312
0.897790683823,1.46111742177,1.85368814969
0.346065335561,1.13560613019,1.99713430552
2.70270553458,1.86686755407,1.81826198969
1.83116631806,1.83166164912,1.56725979164
2.89004518254,1.89970898692,1.8018841586
1.30238182757,1.57288292557,1.88932679396
3.54948074036,1.94648348805,1.88075669454
0.986070311855,1.50617386927,1.81424549831
3.07685963113,1.8756223555,1.91807764039
0.195812337358,1.10970774932,1.57819071996
2.33093870239,1.76306326611,1.93739727558
1.01684925916,1.6638794187,1.46624013611
3.02270829249,1.90095136272,1.83982699206
1.74035777195,1.72411229787,1.76493208953
2.29035796929,1.83850446792,1.73708150708
0.888554739201,1.63153615208,1.43450471058
2.07849898513,1.98639133262,1.36829283607
3.7955098144,1.98943756786,1.8419303985
3.36379510549,1.89382322518,1.95879296096
1.8814644674,1.72916968942,1.82245865055
2.02794989652,1.90170854925,1.50550986107
3.64650336643,1.92483863552,1.95969773695
1.76008483399,1.9833782258,1.26392139981
0.169593897047,1.13475716336,1.40032390516
2.64363782456,1.83671418181,1.87064453654
3.43402521434,1.92607344187,1.89874212539
1.01435803572,1.75242192795,1.29654672764
1.25851817022,1.99888122568,1.04812035348
0.614590821043,1.63783536878,1.18244006982
3.35353512126,1.88616142699,1.97527913724
0.167363617439,1.25167944368,1.1259649478
3.26655196259,1.90238100938,1.90907686098
0.991866530724,1.94134925662,1.00073018957
0.811199215846,1.38333215332,1.99058530478
1.06717806561,1.94138850168,1.03797550344
0.735671782457,1.54112642564,1.48760949489
0.176030035277,1.1627589866,1.35400190116
2.17900693711,1.96031616681,1.44792755654
0.751618203041,1.70615107771,1.18878854107
1.12161771647,1.66678940105,1.53367072188
1.68437875068,1.75300720392,1.66943161817
0.614531666708,1.57924159502,1.28587490984
0.52258744716,1.32752932487,1.74964053063
0.914026239065,1.60706417106,1.50656248886
1.66007025318,1.81130791457,1.53291305051
0.625474440237,1.6670836868,1.14481651855
3.94849517961,1.97939947408,1.90260497042
2.41817565744,1.88369737458,1.68270111742
2.36888665724,1.7959480491,1.86891976533
0.452289425325,1.37686933338,1.50185922231
0.893793896736,1.62130999547,1.45978610746
2.16874844866,1.76166393488,1.87230657341
0.734336361255,1.7314566888,1.13501822646
3.32311738516,1.93547436678,1.8455166736
0.367239903545,1.38577511601,1.3341164842
0.584739880945,1.29532856007,1.95309949427
2.96920490361,1.90892895428,1.80483592875
4.12002726296,1.9946421806,1.90653469949
1.59912357535,1.61651988183,1.96597060864
3.49308679551,1.93606122129,1.89070800531
0.806358671256,1.7656312956,1.13557342544
3.25697864448,1.99920518023,1.68543567057
2.0049054621,1.96530389907,1.38012725576
0.571988919495,1.33438146172,1.80987433921
0.23180154117,1.24045328472,1.35129187172
3.54942085997,1.97543261672,1.81295405765
3.68990746191,1.98521808154,1.82580281782
3.96596838208,1.94356846743,1.99543180985
0.240833374676,1.22236098209,1.42192975773
1.07327702152,1.60956370099,1.62670665373
1.50407946913,1.85644534441,1.37497955487
0.492005530618,1.29007260161,1.80753934526
2.56138432482,1.85688523795,1.79328228321
2.27149877735,1.8492356681,1.70573763254
0.520712657673,1.33378200102,1.72855355527
0.744651435206,1.69792130435,1.19676369903
2.26076114515,1.78712204306,1.84739675941
1.6737986385,1.80079177996,1.56088125054
1.8282128839,1.92732682802,1.3831873335
1.76167223243,1.66163375924,1.9359961586
0.556612601684,1.61591436991,1.16088131191
1.81456638642,1.94736519182,1.3432266028
0.775998433604,1.74936775614,1.13872299207
3.80133703425,1.93591178078,1.97274435402
1.41444649859,1.89526181802,1.26782734951
2.6716575363,1.86038613438,1.82312616163
1.46781216084,1.66372287948,1.7620051561
0.653661501588,1.69340108576,1.12828959353
1.09609439572,1.73874247275,1.37300553268
1.68370175372,1.9791629852,1.24278218865
0.322661919446,1.40038214529,1.22176372314
3.22999045839,1.96557153825,1.75115903832
0.563878548384,1.39441847375,1.63050434948
2.87034160732,1.90137726775,1.7918730074
2.54077892142,1.77942362297,1.97874502929
0.26554382602,1.29980748715,1.30626718527
0.39124386031,1.54106468693,1.08495128863
0.614592146551,1.71628214098,1.06012421047
1.64000942096,1.63761217342,1.93217454897
1.66696012321,1.73372274878,1.70481437787
1.56210417282,1.78108216425,1.5480914452
3.01045827707,1.8972714948,1.84483057923
0.650360565312,1.56840681313,1.34383416236
1.7484199589,1.90797170531,1.38667694376
1.24102709263,1.74511429136,1.44837703451
1.5808964493,1.86151330779,1.40035906379
0.370127170019,1.25692857259,1.65927577434
0.693647335465,1.76556194157,1.05332162939
1.70302015206,1.70609353191,1.78957642116
0.838111505254,1.84903696548,1.03638202762
1.30418927947,1.66379588535,1.6607256192
3.00323886164,1.86507239131,1.92117786237
2.07116634046,1.9920388227,1.35620086802
1.04349780824,1.85800301077,1.14293902458
0.628391287252,1.76188196689,1.007534195
0.803880492353,1.49818783651,1.65788532913
0.740901445945,1.52574960657,1.52728758874
0.367075959966,1.54131659445,1.05051668951
0.94726669642,1.46652513217,1.88835581122
0.942028426658,1.56575288085,1.62360967394
2.2766473579,1.85731283533,1.68972726096
0.636819783915,1.45885453744,1.56663356878
2.47219350043,1.97014150932,1.52319006246
0.425804974995,1.59550550739,1.04549924236
1.79516112621,1.74596741146,1.73996419889
1.03898618937,1.55096855219,1.74243560523
1.08394726212,1.6836270245,1.47275067058
1.79380041141,1.71191206237,1.82202365521
2.84440971387,1.9274856425,1.72494577101
1.31810664344,1.63468123973,1.73940121886
1.53781573145,1.98693849257,1.17613441653
0.82861092802,1.76338608312,1.15462160572
1.58179671495,1.7023458884,1.73363217142
1.13058205082,1.69505350346,1.48048200002
3.18190091065,1.89917032243,1.89199326425
1.44466237515,1.85948284146,1.34221305464
2.19730888128,1.88263363487,1.60622830961
0.231751371842,1.32653209911,1.16707149413
3.7260324795,1.94054491128,1.94159663386
2.8620131839,1.85918981342,1.88990597891
1.78282569338,1.91437653764,1.38877384767
1.60522330346,1.67080409849,1.82449571757
1.29919478692,1.94839075118,1.1350977638
0.33025866227,1.52439354938,1.02174778452
1.40243096742,1.56101735612,1.99478001909
1.02725163662,1.57488364431,1.67306555341
0.964725875449,1.66094462545,1.43404595587
1.3225400575,1.63772072399,1.73484601167
0.762312625661,1.80759535248,1.04390075574
0.620129032721,1.71712944907,1.06365295546
0.510709021252,1.24760189577,1.98088801947
0.261316479189,1.13068940542,1.75163602049
1.67382072196,1.73349260473,1.70885450989
0.917288533629,1.74418668953,1.24678171353
2.86831549583,1.96114979617,1.65947950066
1.30926307203,1.55291471209,1.9504012187
2.74406706004,1.92924416251,1.69044017046
1.80074264481,1.83299513207,1.55145995745
1.74225914582,1.659976765,1.9297737092
1.64143198751,1.69549511731,1.78278313232
2.29794064577,1.79269248293,1.84872623642
2.87308776502,1.92366276981,1.74212459792
1.60488066069,1.77846621338,1.57465331909
0.759797598319,1.55608203847,1.47890945941
1.66866571642,1.66202184766,1.88317466707
1.74990973946,1.70066508307,1.82766121575
0.763443327003,1.80473954082,1.04864321092
0.390117950621,1.39552651103,1.35382147179
1.8186310221,1.98890317686,1.27585882151
0.20504376874,1.05638146648,1.79330022358
0.545714326536,1.28356128558,1.92479685263
1.89617026359,1.95852080514,1.35377120361
0.519616243855,1.42923593387,1.48160098557
1.22836532598,1.64533149678,1.65406774082
0.38004468768,1.30498485852,1.54918119565
1.21191272268,1.9721258361,1.06379680666
0.405823396091,1.41849645687,1.33156790657
2.89483438881,1.98078022688,1.62625280902
2.15166494235,1.86627100254,1.62361042021
0.689071223147,1.52063017009,1.48416688479
1.89038091637,1.94739228412,1.37095292588
2.02934694444,1.84860174465,1.61359537499
2.35340829355,1.78480787654,1.89071032833
0.390745655397,1.18161931784,1.94870776029
0.817759026629,1.8022852361,1.08885100205
0.922213655826,1.79958635544,1.16046083063
3.41061896612,1.90045646226,1.95556638942
1.06309918888,1.95997686429,1.0117921585
1.121802169,1.74412641401,1.37889467167
1.45346180865,1.95623223786,1.18869349389
1.18543654142,1.9745696322,1.0488677081
0.473646452508,1.63113215707,1.04793855977
0.767072543353,1.7025031261,1.20699575213
3.63994244058,1.99567326262,1.78969506466
1.89624245725,1.68026613277,1.95703929176
1.83203971647,1.76763296488,1.70705927162
0.744572926383,1.36037709274,1.97899228137
0.282013824441,1.3966964622,1.14892217687
3.63073399234,1.94362659906,1.90909404407
0.301706220255,1.10262253927,1.98593241605
1.87668742686,1.87149972656,1.50603533424
1.39779346601,1.67672363336,1.68855047966
1.44246718461,1.57351636547,1.98651007601
1.82278243964,1.77632775556,1.68296926322
1.96666431482,1.90027232755,1.48533422865
0.124552870524,1.06771578151,1.3663829053
2.31481210096,1.90858192708,1.59429750885
0.376112637713,1.16908423998,1.9562416666
0.496755598636,1.38227381336,1.56036014221
0.600264577767,1.43900479544,1.5683865446
1.99442594119,1.70408220521,1.94201142511
1.51366612574,1.92028844846,1.26998242428
0.502018916895,1.26036061549,1.92099854166
2.37803012498,1.84063768995,1.76506395804
2.26097234787,1.89555484308,1.60232334952
1.35739346983,1.96123652888,1.1414674999
1.14383690456,1.55036921166,1.82985389402
1.57117536871,1.85764135049,1.40311972282
1.43211005896,1.99549207421,1.12284260666
1.09544807645,1.80865337264,1.24962264169
0.500004218488,1.40351119983,1.51337360361
1.96537860141,1.9927884895,1.31986680156
1.34117766463,1.92054979175,1.19503414168
0.273376574725,1.36099161944,1.19794822869
0.692428794105,1.53383607955,1.45886861492
2.69839449135,1.82760690593,1.91271346769
2.12622202817,1.91315649339,1.51901460763
0.201869542672,1.17920373725,1.4068511098
0.465116775601,1.36089598378,1.56280859276
2.4685144051,1.83801489602,1.80453664025
2.23200129409,1.88060667016,1.62311846175
1.73066573999,1.89517885152,1.40255525283
0.488096061535,1.42942630477,1.43553386917
1.62130075186,1.85259025261,1.4347664312
0.985385757847,1.79567392217,1.20581386087
3.90637802322,1.97562277972,1.90147604218
0.459135853551,1.29791233669,1.72314119707
4.41545759858,1.98520639916,1.99728660034
0.512814397052,1.32565892489,1.73857943517
1.35336141607,1.81193256853,1.38293463162
1.46298720057,1.61216380042,1.89216208967
2.03089459041,1.94996188086,1.41635436698
0.579742841373,1.658440049,1.11558639807
3.52030399123,1.94372097361,1.87961101384
2.78416605178,1.85712085732,1.86906838304
0.235630087565,1.3687453529,1.09830176902
1.51717973422,1.63816095602,1.85696908491
0.907444150914,1.46155248301,1.86238285339
1.45076251601,1.82015618912,1.41633685909
2.27676984392,1.9440934262,1.51088506017
0.213106793898,1.03595555321,1.90540698403
1.13846182052,1.51833887778,1.91422967889
1.6652354397,1.95855528121,1.2686021149
3.3097994714,1.96362508193,1.77703785256
1.59083729484,1.65230775435,1.86396340602
1.8572201193,1.83660271711,1.56814283187
1.54141387802,1.81830767918,1.4634884862
1.87037178018,1.76682275588,1.72670672004
1.15245732715,1.88191670589,1.1643344114
1.42466545927,1.97040096599,1.15591734685
1.82750152557,1.96253764732,1.32227934507
1.06106455302,1.82212560699,1.2081178539
0.568400106157,1.64866832946,1.119889188
0.692679962068,1.78570168135,1.02452752955
2.10171057434,1.72819734804,1.92873380802
3.44210533956,1.92475673555,1.90418177331
1.27392662004,1.61057121669,1.76969906656
2.52515399626,1.86154058085,1.76976735293
1.25859328583,1.80880726341,1.33917407365
2.51065165019,1.91519136731,1.64632633546
2.38437897131,1.84172201054,1.76490468142
0.193651487312,1.13109847089,1.5067279136
0.645840390795,1.55990926379,1.35587882603
1.07085510119,1.59220665768,1.66589766736
2.41591703985,1.8657028212,1.72169786412
2.50155640615,1.80049735506,1.90894533191
1.85749827554,1.98221396541,1.30033433364
0.688676726862,1.53201396786,1.45884442302
1.77615030009,1.94107162693,1.33962712684
1.93752605766,1.82427227873,1.62791341609
2.77317483631,1.95167391887,1.65147322406
3.08720696601,1.84657466694,1.99550417804
2.2723745183,1.94712592643,1.50360945685
0.509626571154,1.49767654148,1.32105063562
0.424178784838,1.28045350355,1.70598196585
1.35113568127,1.92932389907,1.18606267843
1.32341012694,1.87971165208,1.25127964556
2.00234747668,1.84989468804,1.60011424396
2.61332576576,1.90743110906,1.6964898452
1.86380853691,1.71318318978,1.85400036476
1.57796569131,1.89340327616,1.34232649111
0.824636074221,1.40030109873,1.95344134938
1.43743682809,1.85343933342,1.34946474752
0.925384705492,1.76029314226,1.22528278565
2.58405121467,1.92630497708,1.64659237559
1.47117614044,1.82537161792,1.41647804849
1.85236293775,1.72421938269,1.82057347948
3.66816568466,1.99037217776,1.80863838062
0.414736737032,1.58543196262,1.04693248243
3.0609794882,1.95203405015,1.73426046912
0.363631694732,1.44572972943,1.20804592442
1.13399243958,1.6857952031,1.50184011895
0.862668055273,1.5054554129,1.69876162203
2.79970919379,1.8718054652,1.83875128731
1.71785790464,1.95216533984,1.29898837799
1.38981153264,1.94710801351,1.1759340055
0.402090698064,1.46833943987,1.2268844415
2.59977451873,1.7904748092,1.97222324445
3.1025717853,1.9379072777,1.77769627738
1.62275814406,1.69127858954,1.78297896149
3.94908074816,1.95789571367,1.95523557489
0.60236732695,1.41328766663,1.63562529104
2.01176363778,1.83032623733,1.64561922716
2.10532172563,1.96731373481,1.41067241602
2.14526691706,1.79986108884,1.7692802233
2.15707320138,1.91095685047,1.53432608789
0.873551695308,1.54037733426,1.62282432389
2.33566635321,1.92867061353,1.56072512829
1.22252600361,1.66208037864,1.61175636398
1.82302462963,1.73786993143,1.77280012801
1.07331935368,1.83424551212,1.19581688818
1.18467928777,1.62904745608,1.66223937333
1.44709036228,1.87883135412,1.30993870715
3.89112869204,1.98500559475,1.8754272572
3.21228399998,1.92694115053,1.83437836498
0.258455841434,1.30499812959,1.27752200254
1.41083987206,1.97326891235,1.14613113265
1.72564912,1.90339518551,1.38575799953
2.66994377307,1.93693118378,1.65115792382
0.144479027086,1.0679463865,1.47095309112
2.18371461006,1.8792506035,1.60829181133
0.685529418797,1.53882415698,1.44090940191
2.86528664284,1.92078931596,1.74617531468
2.35912753071,1.91821461013,1.58969350585
1.28511013389,1.7150961386,1.53546393804
2.41584399983,1.77564365473,1.93928547475
3.34974726978,1.89280444099,1.95727313336
3.27446269674,1.95313315404,1.79121426743
0.396256369681,1.3519556242,1.46362294038
2.77139765019,1.98453661364,1.58368402834
2.08513142052,1.71057688557,1.9680223629
4.15578673809,1.98666627314,1.93410636361
0.486771667747,1.24910941296,1.92884159739
0.455371470991,1.64389701333,1.00913887745
0.798625044061,1.46189815979,1.74622423369
1.81527114701,1.8793922192,1.46608068542
1.58637177371,1.99073360935,1.18886412058
0.761495489433,1.44492788494,1.75035216326
4.15615239162,1.99567096749,1.91240014012
1.37990847187,1.58052718951,1.92327822048
0.232419789122,1.24842093358,1.33441408393
0.537774419427,1.5791726157,1.20301242426
1.88206358248,1.82109905946,1.61118146737
1.43978179054,1.73876299525,1.57356443499
0.590829805293,1.36055276131,1.76237312751
2.12241165756,1.84003295382,1.66882741933
1.10570724217,1.91998043004,1.0858610379
1.05230619511,1.68541507224,1.44750032383
1.71916876082,1.87980336105,1.42598429849
1.17738217162,1.88113558233,1.1780503574
2.2444310369,1.78137565501,1.85491528319
2.47387834601,1.98082482105,1.50328365524
1.05270324014,1.76752921836,1.29418021338
0.869147872502,1.86541577628,1.03305911143
1.40181368837,1.9958439392,1.1104110348
1.14842014937,1.60157943002,1.702061218
3.61424580019,1.96271444539,1.85911332975
1.89719792644,1.77579654559,1.7182032825
1.63923647612,1.7502699141,1.65301962989
2.8363327076,1.83144360455,1.9511037759
1.33104578691,1.89551760084,1.22947560739
0.379524354492,1.18416766963,1.91163420751
1.73105585803,1.67502339446,1.88354598136
4.00281882839,1.96558357003,1.94940160609
2.52717845934,1.78314636213,1.96362966749
2.68374713878,1.85017695064,1.85178942442
0.493710015018,1.59274194649,1.13027394157
1.39958612543,1.72624581164,1.57812962585
1.00065190459,1.82366314746,1.17084180338
0.827840372325,1.66298132959,1.32463403644
3.00585630872,1.91211048678,1.80852874045
1.73907865856,1.84771652759,1.49547667821
0.740536805285,1.6267013146,1.31860106529
0.990505951242,1.57401954184,1.64493443152
2.88442187842,1.86022486483,1.89472903406
0.849556432664,1.5041871902,1.68901710942
1.65110703075,1.9447608253,1.28555402031
2.79570171436,1.96739885705,1.62541984233
0.577902480952,1.58133743682,1.24318061955
0.517138334688,1.56242095021,1.20883321587
1.08897398563,1.83630062663,1.20125485734
3.20196706079,1.9100655631,1.87150628012
3.09473267504,1.9333797266,1.78574077746
2.46610929808,1.79011575801,1.92177498214
0.990280955158,1.44781574634,1.98714769858
1.42792609212,1.9480748794,1.19048391293
1.01316768487,1.61187838637,1.57527346282
0.305204720917,1.41753488963,1.15650236978
2.55541945399,1.88861713977,1.71880982698
1.69255679194,1.70078508012,1.79716369381
1.65349015011,1.892425843,1.3758107456
1.41704175658,1.87881231062,1.29629905669
2.35870535108,1.84652155453,1.74436290395
2.22216021214,1.95914239451,1.46437328884
0.28959763025,1.30062662812,1.36226845805
0.602956615994,1.49849371458,1.43516419671
2.86730283786,1.97928273301,1.62156210617
1.32382396589,1.72934677709,1.52833965215
0.13663208405,1.23901072387,1.04007292169
1.99288660149,1.77269751454,1.76834095642
2.33845926188,1.80665036897,1.83063716163
1.02795545639,1.79505726964,1.23259709599
0.444554548169,1.31921706223,1.63614318886
3.73509663057,1.92930467599,1.972058328
0.275194791763,1.19273610986,1.60272071223
1.58889862129,1.85817302078,1.41003202211
0.234874314793,1.17439766861,1.53089969553
3.75347559328,1.92796727871,1.98028889981
3.36256063493,1.9595303692,1.80046811243
1.18297618734,1.52337723562,1.93669618087
1.10884817025,1.91982120603,1.08762424242
0.691006954655,1.42743841095,1.71336864176
2.26982730973,1.82961601607,1.74961955622
0.912124507446,1.70386943861,1.31370285004
2.62918883921,1.8615608893,1.80580824172
1.96455367373,1.68425365914,1.98097676443
0.117780526098,1.21583522921,1.00597321477
0.798489004329,1.54887827348,1.5322190093
3.64213531444,1.99292224075,1.7964369251
0.74807969815,1.46803420087,1.67424267387
1.66745708868,1.70111302223,1.78298205961
2.05026359579,1.70211719849,1.97434636729
0.752559741399,1.82321087963,1.01598314223
1.81002830758,1.74259999142,1.75515414208
1.68946375321,1.84795629941,1.47352689398
2.52716026734,1.99023246953,1.50148163383
0.457465168476,1.55193052385,1.15456167237
0.624452601808,1.68811123003,1.11089744131
1.06034373226,1.94082520524,1.03538969751
0.155286845641,1.07300979229,1.50973563359
0.424298940467,1.48516738831,1.22841296534
2.00987596116,1.83118220138,1.64299371924
1.29747483762,1.73014814149,1.51140052404
0.340663287165,1.17415198261,1.84453576981
0.570890647201,1.57233451051,1.25187477406
0.61016619317,1.7465370134,1.01362499798
0.523365056536,1.28885835051,1.86809365335
0.749369933335,1.73097852177,1.14732518085
0.366043232861,1.40104003821,1.29994912128
2.64719198995,1.95217290338,1.61250173976
1.16508745742,1.76201085874,1.37166646641
0.428678713386,1.52642945955,1.16056000287
0.307441595438,1.16988283017,1.76606779049
1.37848845519,1.94232607252,1.17828754613
2.64685267895,1.86942718938,1.7933907606
1.21361769985,1.94960912051,1.09537801494
1.53476519395,1.85095704583,1.39893766031
1.2108437265,1.67712270792,1.5707076988
0.185134181998,1.12193590444,1.49906379049
1.8771025774,1.86460341501,1.51978458592
0.643621530167,1.67311299341,1.15157445962
1.29583040007,1.93321891888,1.15576660407
2.53963880244,1.96670203321,1.55056236977
0.645065000872,1.76166876259,1.02110707242
0.500076450927,1.34159164463,1.67233411154
0.519465724071,1.44830175816,1.43814620934
1.5344639388,1.66326365629,1.80272446668
0.430665141635,1.23017809454,1.87539996292
2.88670007387,1.82664765716,1.98083064812
2.26065283679,1.87844282137,1.63809484514
3.55789264572,1.92916308868,1.92505832956
1.22069123041,1.93973236866,1.11247061924
2.1213058391,1.97644042623,1.39977055113
1.27874984072,1.63276193797,1.71790073904
0.200292105002,1.28137596428,1.17044060999
0.40575069763,1.3300509003,1.53528147011
1.33446571398,1.79296240517,1.40831748374
1.64806896715,1.87106193505,1.41212825754
2.47645250182,1.81927374196,1.85263538299
1.4195496281,1.61236178553,1.86333286589
3.09561581655,1.8654400518,1.94956684306
1.6317654717,1.61416754222,1.99261501588
1.32614932023,1.84467776636,1.31113033096
0.591679956633,1.29760049074,1.95714035145
3.62841450876,1.98348927416,1.81447468477
1.67423109822,1.93223360408,1.31537772854
0.564597054289,1.70060262206,1.0382324098
3.69926063156,1.92714979038,1.96799263066
2.07302273111,1.84281941312,1.64327499355
1.46798017299,1.81393004909,1.43650011128
1.39689312215,1.66672705683,1.71170580534
2.15809392474,1.99033399138,1.38734129443
2.20977053665,1.78715582307,1.82636183421
3.75383744201,1.97018124496,1.87684656046
1.35607733782,1.95686030767,1.14726575967
0.728432506795,1.47395505563,1.637232892
2.73450055344,1.95002609337,1.64335646931
0.503433609655,1.62121446775,1.09572284662
0.931712036662,1.73226873264,1.27707251379
2.50939492375,1.88588247936,1.70930046298
2.86460649421,1.99367468703,1.59167889565
1.27157055812,1.83871506351,1.29395326344
1.49540464925,1.938159934,1.23377514934
0.653438140315,1.37721487341,1.80418895634
2.04624336013,1.96369744215,1.39712305598
1.11015962069,1.69570394655,1.4657316919
2.02591655763,1.7577812866,1.81910609792
0.377018747372,1.3252676438,1.49168625352
1.21434926582,1.83977252995,1.26274874997
1.78271222916,1.97662815983,1.2829001728
1.16408446516,1.54828037926,1.85165718218
2.31766409241,1.86387289712,1.69035046968
0.744374245679,1.52326226536,1.53653867469
2.11813203092,1.72265378786,1.95097273008
0.862287097111,1.8675759417,1.02608289811
1.58074715254,1.96861399902,1.22034720324
0.766432670146,1.4836228879,1.65486777191
1.2691832895,1.6920056123,1.57523219829
1.33607785872,1.65187195393,1.70925341798
0.49228612041,1.66020486732,1.02546299468
1.21836853844,1.71268174593,1.50002120242
0.702652437273,1.54660709207,1.44214242149
0.966418557801,1.90550080211,1.03422757044
1.2175866963,1.83545058771,1.27163292957
3.01441467009,1.99754332787,1.62484800461
3.55257513009,1.99728291734,1.76451341159
1.81279741093,1.99744150274,1.26020569085
3.54744867834,1.91276788428,1.96305525816
2.56789622877,1.88508613544,1.73089411761
0.768548033677,1.40450543426,1.87331657866
1.23560731102,1.62728795708,1.70183871619
0.337714946369,1.51063664739,1.05465637872
1.33765570262,1.54474578141,1.99526574732
2.06195611998,1.88271389548,1.55580890755
0.804441285543,1.65074581425,1.32838977128
1.66790126807,1.91259083269,1.34635139813
2.4412455775,1.80767177823,1.86790310484
1.68341450788,1.73518870169,1.70979176386
0.580971173393,1.41153555262,1.61075550762
2.8896357644,1.99206660496,1.60185389528
0.735314826596,1.75847164403,1.09491195389
1.30571306025,1.92389955642,1.17407794242
2.5719306091,1.77952130375,1.99057793034
0.12791332335,1.13827398061,1.20810439755
4.244263885,1.9896149059,1.94734274869
0.395432683554,1.25627088928,1.71701342305
2.7828927617,1.89542953131,1.77795612702
1.51605218335,1.82556290872,1.43755670412
1.78960990276,1.98083876085,1.27856648404
2.57599188256,1.81147659773,1.909103338
1.64530321526,1.98321448222,1.22226646183
1.39111574884,1.94000233997,1.18718325875
2.17613863343,1.88838353556,1.5866139611
0.670201012099,1.60853403481,1.28734818861
1.1489710036,1.95466812136,1.05897374568
3.14225449078,1.86908280139,1.95490361627
1.20814769591,1.85721423175,1.2310754574
0.482034647527,1.57835104442,1.14032021617
3.1600236217,1.92064720485,1.83412144032
1.48822389988,1.76338226756,1.54739333404
0.724368702799,1.6581338073,1.2475324532
4.15170540927,1.97076296488,1.97235347111
2.83210016481,1.87369944853,1.84480977497
2.43544703381,1.99254493786,1.46970231853
1.47523395533,1.67000324403,1.75101920007
1.15033912421,1.58751501128,1.7383507292
1.80004075798,1.86531960246,1.48687316251
2.75376900248,1.90116406101,1.75559179695
1.36783921128,1.74754100332,1.51558338643
4.42978349012,1.99021013969,1.98795746161
1.32091256288,1.78262394882,1.42063424665
1.31132259126,1.64809419715,1.70236943675
0.665978287829,1.40112906398,1.7531895931
0.448027483935,1.32419078286,1.62900957949
0.734135952461,1.36969578104,1.93565547204
1.27356285683,1.97150264183,1.09137856801
1.38070500595,1.98380834055,1.11884063547
2.49721162301,1.77982727143,1.96064612831
0.606152791587,1.60014608802,1.23911079257
0.821223301349,1.53460612522,1.58695269349
2.18016819866,1.75145928611,1.90328195225
2.67908186177,1.9501856513,1.62628870011
2.33722966018,1.90505377408,1.6092893501
3.13062377406,1.92346173157,1.81899723717
4.11512031016,1.96791200409,1.97073994222
1.86982465784,1.69559679289,1.90250804109
0.67898743074,1.62579947083,1.26423421585
0.288513371221,1.39596025199,1.16344747698
1.22500997497,1.73820530232,1.45256400326
1.92155954249,1.72292759134,1.85754356583
1.59070801661,1.75771570319,1.61205902976
1.0621780029,1.94343793001,1.03284021239
2.67782490168,1.8045293549,1.96449846221
0.630889640829,1.63154969257,1.20872706105
1.05800325554,1.50504589263,1.88244019241
1.30278132235,1.64297178069,1.70911270058
0.612471920681,1.46869663509,1.51337803586
2.33491016781,1.82669245338,1.7813774354
1.43886950902,1.80059051915,1.44758883733
2.06320696046,1.83861239647,1.6484596888
0.572595150076,1.37877473495,1.68467151543
2.53841431347,1.87533898455,1.74282362856
3.23913254397,1.93907737292,1.8136888098
4.50415322724,1.99927100053,1.98187111166
0.490851137813,1.66466977533,1.0175870194
0.620220858194,1.60279343654,1.24865061844
1.42441195152,1.90170279002,1.26175786978
1.00619786546,1.74274152068,1.30837079647
1.36024800605,1.94790340688,1.16218286407
2.07889553894,1.88352041761,1.56055460797
2.29135078264,1.89115617861,1.62224489396
3.82132949385,1.99424372513,1.83704364589
0.397242237815,1.20457467762,1.88499468617
3.1648087228,1.91025429357,1.86016388425
0.820048150427,1.49489091079,1.68282149357
2.09713454642,1.94164882637,1.45458031307
2.45577734952,1.83981217014,1.79563071824
2.10953761408,1.89224132004,1.55437246568
0.687397591392,1.4441860678,1.66492547402
0.431515572108,1.45859195648,1.29012777913
1.89553565595,1.75200615279,1.77338396379
0.185124803,1.14540279215,1.43407121543
1.59833943408,1.97573379802,1.21612250993
2.30689695339,1.76238954228,1.92913080714
2.824895169,1.8344867973,1.9393827035
1.28824402667,1.89919154163,1.20382523595
1.28832823255,1.84687936505,1.28857478823
2.70392319532,1.85302308485,1.85182838939
4.07664120227,1.99370668839,1.89870170403
1.59635590201,1.74777119748,1.63678529449
3.66605706458,1.93473069061,1.9402474362
0.885314951156,1.73184051752,1.24559549382
2.37022137893,1.88800424826,1.65666839926
1.24553535078,1.97790154593,1.07061169218
1.28832435408,1.63352726589,1.72245120102
2.89760288951,1.98575716939,1.61685309343
1.12191307907,1.48942011611,1.98467508125
3.28769610647,1.95037586224,1.80113159122
0.749366718883,1.73876505799,1.13522559915
2.67811504374,1.80806338426,1.95540871856
2.90094348226,1.9221753217,1.75388852198
0.384677766381,1.25849507706,1.6870000418
0.989324991716,1.72047212747,1.33733547308
0.429228692499,1.46436619779,1.27534790086
0.673234301132,1.73934547095,1.0751658909
3.47627658459,1.99660853002,1.74694200701
0.274821466955,1.446814431,1.04845278373
1.63606048378,1.6221524186,1.97264669492
1.12085481441,1.66878776329,1.52887524385
1.17723082683,1.66049387582,1.58513462415
1.97480053072,1.83186888835,1.62712236304
1.67115966907,1.71504745699,1.75108574996
0.976370344148,1.87897453096,1.07579558822
0.551892107711,1.62219161139,1.1456514089
1.97026516542,1.94313551168,1.4072269631
2.86519604979,1.84546658241,1.92520810373
2.29597245405,1.75588467147,1.94152496554
0.200722897979,1.3000154281,1.13529926903
0.346845835788,1.37745954702,1.31394516006
1.16595244837,1.57605036101,1.77942112723
2.54065876487,1.86131369966,1.77571777558
1.70011182583,1.94263774382,1.30802482472
1.0445873979,1.81355864136,1.21235994853
0.634621017882,1.46390460804,1.55184694091
1.96279411721,1.72714031977,1.86659369844
1.37142381855,1.80041863625,1.41357762479
1.20459666071,1.67915623807,1.56222497102
0.680468312319,1.679814292,1.17308462678
2.00135424218,1.73325103114,1.86919882544
4.1042825896,1.99582698917,1.90005643393
3.29955219207,1.97278153088,1.75384215377
0.694030976682,1.63175436771,1.26740362971
3.21481936561,1.89166281185,1.92027965114
0.769459345596,1.81279646389,1.04157485828
2.02215689915,1.97080496631,1.37643541377
0.444104182238,1.62214099014,1.02777755352
0.798580533974,1.62418970178,1.37420028311
1.16734107955,1.66393708715,1.57087149735
0.478571290716,1.29967326361,1.75402333832
0.468873646301,1.32629972387,1.66066237431
1.26187715562,1.69924208908,1.55506599503
2.7519008152,1.95634420672,1.63539522884
1.00584342087,1.50058112997,1.84781475426
2.27405705925,1.99745705136,1.41142886735
0.993553065987,1.69856896189,1.38114477516
3.56588513352,1.9341585066,1.91495477313
0.365844946345,1.40418579992,1.29313522952
1.02853704962,1.64512574028,1.51399857202
1.05320620682,1.59518110821,1.64504565756
2.64041466088,1.97804280103,1.55852069799
0.438243627902,1.3615813333,1.51530396229
2.24993770122,1.72882801857,1.99387236709
3.06351304996,1.97719286985,1.68055376133
0.968583524058,1.83115894867,1.14059933067
1.22760979764,1.64771426484,1.6480165866
1.77685484012,1.66003814219,1.9486714903
1.68579060433,1.88027874247,1.41120307618
4.1610040336,1.96880530605,1.97945729504
0.773423532392,1.83410403723,1.01528910625
0.851746534353,1.86946213416,1.0172916576
3.87013832582,1.96145505798,1.92687520463
3.85358105076,1.9999447978,1.83161268049
0.797156863972,1.58191935255,1.45885680624
0.422902305818,1.61566109673,1.01225128373
0.653777957257,1.75156646101,1.04210213743
3.29469674402,1.88106987463,1.97083312585
0.534540647703,1.38128115499,1.62119389532
2.67590439349,1.81916781401,1.92606556035
1.39076378534,1.65044886331,1.74737631755
3.49377952357,1.92786934351,1.91079420748
0.423345164809,1.31811174305,1.59957574717
1.0973453808,1.95284653604,1.0373071095
0.276238598302,1.42550542946,1.08658755211
1.04641460181,1.50122451768,1.8828884823
2.29626341075,1.80750307934,1.81199372639
2.35209822494,1.99205073334,1.44523259573
1.12734504116,1.69249585816,1.4835981676
0.355064883334,1.45170809016,1.18275158898
0.651281492269,1.54362527971,1.39453763961
2.65611490547,1.79648987342,1.97755458072
2.32239524275,1.82636916324,1.77735465196
1.02069500648,1.6386903983,1.52198045139
1.89729081129,1.9673094287,1.33917168249
2.38733422484,1.75042664273,1.99444323821
1.89135106158,1.8104221653,1.63813729515
1.53480613432,1.7207882058,1.66498291126
2.03552769492,1.86667971099,1.57834464458
1.14087098255,1.59792413924,1.70539431412
1.79236902339,1.87567170024,1.46385554602
0.560785144817,1.63633762847,1.1318906742
1.61688875768,1.71719996365,1.71734292645
1.40787287753,1.75238814992,1.52754530703
0.451226648713,1.63018985223,1.02420409774
2.35417196902,1.85131559053,1.73178000201
2.73009559855,1.84914727564,1.87023064652
2.37611517101,1.81215789813,1.83188761453
4.02703949188,1.97927823923,1.92172930084
1.98322672147,1.91520642354,1.46318918834
2.61215893142,1.92643450983,1.65524902231
2.32015023076,1.7794904876,1.89071271578
1.82098382305,1.90673546318,1.41741267559
2.41371220639,1.81087030999,1.84947705035
1.56351194137,1.60488244609,1.97659021976
1.02148931401,1.61544278128,1.57369503113
1.8800686384,1.83411732324,1.58292484854
2.23351769874,1.94472927749,1.49525362683
0.348746226933,1.14625798969,1.96516259579
1.31090217426,1.74040473552,1.49814004153
1.03989435105,1.88539034536,1.10104552554
0.646469763288,1.62268287327,1.23906998162
1.23236077858,1.80825331892,1.32611876597
1.44683128844,1.96596720503,1.17142989095
2.97229494538,1.88088937703,1.87236161616
0.973860516017,1.77962845979,1.22471656607
2.00906472285,1.99430861649,1.33190657383
0.217432496368,1.30001968282,1.18160144878
0.437903743535,1.4667702459,1.28343541863
3.2253862058,1.87783647824,1.95818952705
1.13964565817,1.68468293632,1.50790384271
2.75262518557,1.91982400933,1.71362115757
2.86485784594,1.96912283102,1.64181460307
2.85808958618,1.89989772272,1.79145856875
2.87023755697,1.98125667298,1.61835613598
2.45881250499,1.85742831202,1.75576317282
1.34039332382,1.61117953488,1.81369995133
0.311442991506,1.40759507448,1.18670523708
3.44526977037,1.9895157906,1.75471669997
3.35475600302,1.93152069715,1.86366957459
2.37829044641,1.83411628799,1.78035447833
0.426056955322,1.40973892049,1.38330214266
1.44610240906,1.90629694537,1.26382781605
1.8439466489,1.6671107133,1.96557164695
0.692564232306,1.78018705145,1.03202987075
3.69966849381,1.92235536261,1.98022057351
2.31785926468,1.9092949817,1.5938840687
1.73084561263,1.74709904766,1.70589217796
1.03340883691,1.72465933997,1.35900215458
0.453858577936,1.43526727189,1.37172230801
1.23611901782,1.54299998645,1.92298752379
3.44585956788,1.93781677339,1.8736806793
0.552356682635,1.35352830694,1.72360363057
1.77587652631,1.65236716802,1.96922169877
2.38458461418,1.925009129,1.58439091807
3.4539356298,1.92845767185,1.89843805536
0.549199649309,1.57338815356,1.22598146382
2.66802807273,1.81947897881,1.9224379165
1.48301042222,1.76110859259,1.54942179589
0.697815053639,1.66427563694,1.21396524225
1.077519713,1.7014111092,1.4326951136
1.64949752051,1.93975248474,1.2931542477
0.750738899989,1.67428820302,1.24168070882
0.36855101087,1.18768203293,1.87180847071
2.90588018324,1.97245718802,1.64656896852
1.48394282721,1.97726546132,1.16952987438
1.39035968014,1.61412649345,1.83943131672
1.6225708176,1.76449787734,1.61330227155
2.17211485237,1.78389883865,1.81863604849
2.32914148417,1.77551779513,1.90448943832
0.200790955086,1.34817960323,1.04831270684
2.7701730468,1.96634683795,1.62013808064
3.19343672285,1.96796350107,1.73595674969
2.26129760514,1.80537736653,1.80322656159
1.3912633012,1.79162583712,1.44054162694
0.787006761393,1.63052233862,1.35199016308
0.609734705742,1.54149061104,1.35357990687
1.77053263567,1.71206108979,1.8097978078
3.28141366757,1.8832007629,1.96143091194
1.95259454151,1.98988692139,1.32037881241
0.258954543352,1.4487460249,1.01470107715
1.67766232221,1.95959951734,1.27164109577
1.46859289035,1.73838912937,1.59003847542
1.49403453147,1.61061410629,1.91637671727
0.877886414265,1.58696295318,1.51981296944
0.662084540963,1.5952975467,1.30408273607
3.78962787344,1.96472954854,1.89883145753
1.61822455149,1.93633115829,1.28643998243
1.56353316712,1.88814873289,1.34528247846
1.65879457829,1.85348728762,1.44956011497
0.371666152725,1.26800647433,1.63126763536
1.0054154142,1.7746769761,1.25268935822
3.23570004845,1.94263962972,1.80451429335
0.372699718029,1.21273639,1.79939130918
0.725557054314,1.4768371616,1.6268350165
1.99704556211,1.81477248331,1.67361328414
2.95383964786,1.93680035507,1.73701482038
1.16339030677,1.81474449439,1.27743832378
1.36660746562,1.59378396029,1.87766157468
2.52327394583,1.80776838415,1.89878212953
3.91712994101,1.93818411192,1.99676634763
0.936249883071,1.48963393812,1.81244629431
2.86536679473,1.83389944238,1.9547357287
0.486705893357,1.35794745041,1.60634031264
2.89631137993,1.89680120155,1.81061621739
2.7572310634,1.99619286265,1.55662771564
1.34100328253,1.80598805034,1.38750376802
1.92850908827,1.74825755978,1.79784205477
0.153344101864,1.15696643432,1.27736807146
0.0810497233497,1.02605009631,1.1991876144
