C,T,N
8.99698610814,1.73424854183,6.26881295658
4.8968620207,1.96232571786,2.92783940341
2.73141383315,4.83965285084,1.00691432559
4.39884873302,2.02054139525,2.54846080536
6.73957978717,3.48594301295,2.72290819938
15.4647680059,4.48874456824,5.79389825492
13.2746458825,2.34374104281,6.70925951555
11.1447987931,2.06393611412,6.31691099882
3.89313839953,4.15208373082,1.48722436255
6.82559028868,3.45410526437,2.76731077582
11.3931197021,1.88653587531,7.12677075385
9.54041561753,2.37910807175,4.76524140055
11.0944400978,1.93974338236,6.71981691663
12.5500202149,1.60971941319,9.75871480948
4.13495774155,3.1821063808,1.73465228554
9.50980109386,3.96430603536,3.68048799983
5.18438608366,3.77699975662,2.03665764603
18.6721032416,2.339129572,9.45215134375
20.3926987894,3.50308944328,8.22383294839
7.68610085391,1.54117570123,6.41603484379
6.44906332912,1.5699769566,5.21992731825
16.0500304879,2.27484524949,8.3135946892
23.2247435568,3.81164512279,9.09705549142
21.3888183144,3.67488305736,8.47929649254
4.02832430685,1.09258161144,7.36907824206
16.7029637556,4.27230397229,6.3332523649
16.9300660709,4.87621280211,6.23184732702
1.88461017966,1.92252800855,1.15314651124
17.4409592093,4.62720302128,6.48990645964
23.1024854058,3.22697712376,9.63166708673
18.5659056293,3.9318811793,7.20291569875
16.9814868276,2.70613814068,7.75866742958
13.5377869568,3.30690822744,5.58528420548
17.442997381,2.30400404248,8.93945538657
3.40042818625,1.91584438365,2.08900237986
12.1904848133,3.57246303892,4.88084963193
13.3109429438,3.26643634254,5.52035793277
14.5823108552,4.4434845029,5.47621850227
23.4187706246,4.00117593898,9.03910246345
2.21151503543,1.9354727091,1.34284521391
19.799696987,3.10542171445,8.39996194137
11.4322746091,1.68728688933,8.28063443192
12.5843680713,3.2636147479,5.22096165341
8.7874297166,3.70392151552,3.47438854751
18.3559003108,3.91824630785,7.12886819999
7.91661014019,1.76777373226,5.37467028311
9.90161956408,2.90207739407,4.34628188016
3.25653241544,4.96839128833,1.19438614521
17.6875343986,3.08743549761,7.52456483416
15.8296398601,4.22964194997,6.01761198838
7.8756619256,2.1921845632,4.21373271646
14.5316570637,2.72417362782,6.61260575677
16.7682961482,3.559583979,6.72248897681
13.5400810303,2.11815376811,7.48065261271
15.1361013465,2.27642398363,7.8356023834
8.49101852551,2.85619340787,3.7595706414
21.16098034,3.09847913296,8.98697538866
15.3576559058,4.92579977475,5.64193854942
4.61442981346,1.61328185537,3.57570499389
15.6289275287,4.44260122742,5.86953833388
11.2495667238,2.23405350517,5.91842304492
12.6335019139,4.66031543876,4.6937756616
13.6444090069,3.57944116696,5.45914483296
6.60048132881,4.4306637304,2.48042772027
6.70855776649,1.39866028044,6.69417623689
12.5238771958,1.92619349051,7.64633560318
3.79335271074,1.01690173756,8.69202511526
20.8717745029,3.50127170355,8.41866600746
20.5504762977,3.99073049145,7.9380187675
11.4758042934,3.42275100652,4.66912905614
14.9265643159,4.48630219463,5.59296304134
16.8197867999,3.91656772885,6.53313201535
2.99402679629,2.48648899057,1.44692276992
21.1684035661,3.96808631199,8.19031036331
13.1009169162,4.95122603373,4.80813484726
8.36563014452,4.66044066888,3.10809820725
16.4251272001,4.65420426911,6.10421498737
9.74540310623,4.2032560269,3.71075629691
10.0549574364,4.19040851677,3.8317140392
7.87114606381,4.51214113163,2.94541468405
2.00676343656,1.65057384263,1.50147878528
26.0786546263,4.1660400096,9.95339181609
2.62704067928,1.14347180218,4.21813812138
18.7646755945,2.92811748193,8.19767430803
25.6008947818,4.89923426812,9.41484745667
3.81118316255,4.69914734406,1.41348425828
12.2220490764,4.68626901574,4.53552541517
20.9536482754,3.87819082495,8.16322251424
4.84041209403,1.84902267359,3.10229102081
14.4324977693,4.06089328257,5.54714252674
20.32276101,4.94926685718,7.45916888572
5.76107558409,4.4942598846,2.15778400162
12.3633779994,3.74811383922,4.8690456268
10.2673769886,3.87719085699,4.00033075363
20.1485013955,2.92895614703,8.80089458389
5.98953341858,3.21621148465,2.50076693629
3.99642504799,3.13159049454,1.68883371952
6.08437157987,3.18086807525,2.55289608022
3.17749606268,2.77420996644,1.43036786767
7.08907708112,4.37351984405,2.67235291751
6.53383862489,1.42414530412,6.29269858858
12.4701041474,4.4955688455,4.67030599184
16.5922804108,3.84987892594,6.47876786015
9.34943513207,2.21367170409,4.95866744168
21.1478287333,3.53613098177,8.49873943323
21.3559286188,3.44752709481,8.66472627209
17.0167950237,4.01117469101,6.56336264542
10.3744549669,2.12186947401,5.72204183094
1.05280260092,1.18383579522,1.5398733757
4.39101940649,4.92463747555,1.61320113398
3.80291266093,4.19403229262,1.44887226512
21.9226068752,3.86156009523,8.55204211703
5.4832284188,2.85910190946,2.42644706245
8.5270697974,2.5381446602,4.06170020493
22.6201144621,2.99624588634,9.76547424434
13.1420934541,3.33438266886,5.4034712037
21.4384839644,3.47176124745,8.67491428283
10.0359070046,1.41036718643,9.85050076093
12.952006944,3.18226983614,5.43335890442
6.55610904434,3.34067623352,2.6935083632
14.4260072793,2.52102027089,6.90392007424
22.8895184019,4.41507905977,8.60897682653
4.68280248876,3.88130704839,1.8238989266
18.9113004733,4.16199245453,7.21971798387
17.3728516905,3.86290345151,6.77644594106
13.9787926942,2.24030554422,7.33637459975
13.3304582236,4.57184584667,4.97352823653
25.7749723659,4.17052001161,9.83466377533
3.7050483407,3.80078994215,1.45257411435
14.0095748872,3.1887598439,5.87163655308
3.67329410908,3.31876403874,1.51323444211
12.1130047227,2.22908686894,6.38511733594
22.1191576979,2.92697882016,9.66511980236
8.35778087752,2.78040484313,3.75741682097
16.4360170046,2.00543927114,9.59798732825
23.3271313164,4.02441495463,8.98875536358
3.00529852007,3.07477769561,1.28101770295
5.50386987649,1.86540828518,3.48969510527
15.2635892539,2.51114907217,7.32489331166
15.1469094119,3.13009838169,6.40228892009
24.0422649042,3.97198353662,9.29956216246
12.8348545184,4.46619010109,4.814224385
6.29092600894,1.55113474679,5.1947876787
16.2015520201,3.3177552368,6.67516387664
21.7344861504,2.86132297229,9.61386524139
17.569151715,3.27421540155,7.27894305327
5.03814817348,3.14827043558,2.12383981708
2.98807549012,2.42695262047,1.46994527277
25.5451031756,4.74615566693,9.45441254793
13.4396178256,3.83638835312,5.25351324728
19.9672821144,4.36612804059,7.53012059573
17.585429447,4.05688365813,6.76085186727
3.30863204847,3.38320905547,1.35237366533
18.0418246684,4.55847470827,6.73572435371
7.93597826363,3.51803777175,3.195298058
3.31124136904,2.70224975027,1.51420555871
24.0310117947,3.58678810409,9.60778239166
11.3773072615,3.58573583589,4.54921151013
4.59495529338,1.63179576256,3.49824078698
25.9229398894,4.78998698495,9.57616323288
9.29313171442,1.91613178415,5.70810755214
19.618288767,3.91850610708,7.61898903714
24.7269363529,4.59482880697,9.21524296381
5.13525523066,3.16121866738,2.16071676704
20.4978620476,2.59293367507,9.6237187205
11.0543608025,4.55833235323,4.12705754132
2.32366454372,2.07002766639,1.31315564193
7.67860341003,2.29460213705,3.94861309983
16.9230344625,4.73162996709,6.26731771775
7.84184957309,2.86938744875,3.46334637467
17.6167520745,2.43361120467,8.64858634517
23.1539026176,4.72965553384,8.5756187379
23.7996094101,3.9389051678,9.22848926232
2.62069649779,1.72495201245,1.83966688642
8.05936759024,2.85317587053,3.57053514017
5.12200630854,2.98401049576,2.21584133276
15.9873835721,2.74515296522,7.24163054574
4.37768168921,1.53953642621,3.66089760756
4.13191068299,4.7128189038,1.53149765315
24.9095769445,4.23057780992,9.46879194706
9.65055362465,2.0801210499,5.42726868975
2.58447678735,2.65196727012,1.19580493704
9.86573727064,3.36390033669,4.04182214215
2.7202758512,1.79626021287,1.80841684903
3.47765381283,4.4462770297,1.30579952258
19.4771420727,3.89442571594,7.57830755676
11.0870465775,4.50697292745,4.14990642106
17.0018420848,4.826147956,6.27109840395
5.41995260932,1.34696715667,5.84398917688
8.27575873601,3.22758176532,3.44996715633
23.5731977115,3.94992068495,9.13311233226
14.2030558803,1.94630932146,8.56998766407
14.7392126924,3.08435928836,6.27328252064
3.95249357087,3.19372256509,1.6554013393
19.0517617906,3.01276578992,8.20229366519
7.24013763925,3.74946106276,2.85103350948
20.1461516302,2.84984264576,8.93111738146
6.14417401324,1.95832449021,3.68193338361
3.15899609146,4.01817089486,1.21781232633
16.1102261302,2.33920452919,8.15507360725
11.331755811,2.71396511261,5.16824788769
3.01299209905,3.37819638347,1.23226490023
11.8502316351,4.8225675166,4.3715871338
11.6671924275,2.76614997308,5.26100593997
7.5763178402,2.29067300702,3.90158396662
5.49115410755,2.53710724033,2.61634032943
7.95224957406,4.48876055864,2.97931963754
16.326411533,2.4859668591,7.89125028185
17.7214515347,4.15878103653,6.76687188663
3.77094013844,3.01220377656,1.6236419562
2.98497596012,1.40858017897,2.93715010835
12.3614323234,1.64761011754,9.27399966345
20.2497275603,3.3116439496,8.3494429312
5.56312697131,1.9212174169,3.40660874332
3.33508226861,2.1387613998,1.82560806068
5.9529272678,4.69456472403,2.20826566598
9.466848193,2.00333602068,5.5344507386
18.8467634174,4.43323153282,7.08154713744
8.41295055919,4.60889381508,3.1332331976
12.7910913438,3.47779083379,5.17240452359
17.4356653407,3.12271956169,7.37779489658
18.6159895126,3.84417640785,7.27232560209
7.85636270132,3.97855725825,3.03737491619
10.6902164922,4.95727712063,3.92247726317
5.98378408371,4.10341001052,2.29322172953
15.9800327128,2.42395914192,7.86846110823
5.29142213894,1.74124775212,3.66654522453
24.5499217579,4.70190589482,9.103899676
19.4836921095,4.48733246662,7.30012492611
23.5976483752,3.86907671905,9.19994607792
23.2204536035,4.19661716757,8.84532730561
13.1841801326,3.16745164811,5.5424280365
8.27845558871,3.63162205884,3.29530686912
10.899889296,4.38773285655,4.10567695437
7.2949542643,2.022206001,4.2226611946
10.3831230771,2.84190273657,4.61015732519
15.4924592211,2.81504262948,6.91559039817
4.48951148947,4.06172689529,1.72544801999
5.86395561287,1.81211995788,3.85448412892
4.05147544471,3.37033040392,1.65854089595
13.030142887,1.83378747569,8.43735373032
15.4751067794,4.6505454734,5.75212484983
4.57461588595,1.04169388143,9.69227333465
3.2170031579,4.20659451264,1.22468280385
13.3504352241,2.73824686006,6.05630029418
7.2528435366,3.60396984232,2.89481831897
5.82274487569,2.42998025999,2.86174987615
18.7451685042,2.92356993932,8.19587306733
4.54534684711,2.39879731196,2.25589904696
9.11983054284,3.53509769207,3.66540628859
2.48841205476,3.28361612915,1.02970089419
16.4356852071,3.56333811991,6.58662845224
2.86880287839,1.76365096697,1.95374578145
20.0060899441,3.04097524284,8.57352865962
5.16617265952,3.04114287142,2.21388248127
8.59350934535,1.72513748109,6.03153737679
18.0027319463,2.35317570322,9.06982561082
23.5121980279,3.10616651412,9.97385250836
11.3213987189,2.6434157429,5.24906503723
12.7629989553,3.16954695245,5.36376130856
13.2004129201,2.90921911537,5.78666453654
18.7821615508,3.81403736121,7.35544566251
9.76125942278,2.93764557236,4.25710300107
16.0374482001,3.14597803028,6.76287563361
10.0990462913,4.85614053749,3.72041916125
14.5168089851,4.36272427759,5.47566416449
2.48574634131,2.76447127494,1.12128002982
6.39678679685,1.47122340054,5.79488360752
1.88484801293,1.6011663097,1.4779991794
7.17796161813,2.30029829369,3.68357381323
18.1101657751,2.40972951788,8.95710428359
23.9312994965,4.237718609,9.09295118433
16.8419021802,4.88925022181,6.19615218993
4.21630183605,3.603882949,1.6828616128
22.3208496054,4.61841637353,8.30919277654
6.45937702935,4.17152889001,2.46447227266
7.84131800186,4.29486284092,2.969226761
21.2947341301,4.6359423861,7.92067546626
7.76003686418,1.56977536317,6.28236301638
6.82327482933,2.30590903245,3.49451216283
4.78015745632,4.6709484353,1.77512428858
22.9318708732,3.01317468121,9.87211576552
2.98743962757,4.63186315041,1.11140444581
19.3954544539,3.91190706354,7.53627801474
24.8476134639,4.40336382879,9.35137846283
7.86148255744,4.23994798869,2.98664784463
11.1523230179,4.46978179712,4.18233991112
5.42756665974,4.51452157712,2.03077254982
15.7693170659,3.03205501912,6.76764751922
12.7461337916,3.94673965246,4.93949520548
8.25899802829,2.97145839886,3.580638012
3.14025807881,1.27353153825,3.8352938723
4.00311106709,4.10384110046,1.53410546853
4.32839093934,1.40235799367,4.29648862558
5.57869285286,3.60689242816,2.22597831888
6.22464667939,2.21351889673,3.30157352102
8.1043278764,3.69966753872,3.20554060014
5.51298090106,1.14996252325,8.71519710215
7.8871880842,3.8926889666,3.06922154311
18.0216202308,2.43705212192,8.83803581534
22.7644928943,3.22182664508,9.49740460974
17.7609550368,3.19226007722,7.44024648873
15.3291433397,4.05859100588,5.89270804387
15.0881680856,2.78283920476,6.7797571826
3.84551303749,2.89197087822,1.69114475139
6.15946355723,2.05604793952,3.50478654084
15.3735022156,3.62413493012,6.12396376858
13.3524896279,2.1478686495,7.27985108566
4.05306460744,1.03512806537,8.76326718753
15.3014817239,3.65671293821,6.07636591884
22.3556815565,2.824229503,9.96083461581
19.8277686877,3.55452167699,7.95315433828
23.4955661595,3.64982283361,9.33638576645
13.2563030436,4.85516954374,4.88372427513
12.4602566156,3.34988548217,5.11340997771
15.3537223016,3.67464544731,6.08690165965
3.52864870292,4.66599951402,1.31067038997
9.96316073192,2.3574649998,5.01222378444
14.2574887764,2.96531654644,6.18781817396
18.6518032288,3.65143029183,7.41050261898
14.9316137026,1.95591552714,8.96011788584
9.2527560932,1.99582244956,5.43108286385
11.992282372,3.89827018405,4.66464299959
20.3163837598,4.97196749465,7.45034914796
19.4847347475,3.74274600255,7.67725067245
2.60146891326,1.35594035719,2.76596649227
18.9697951681,2.52149782078,9.07726002876
9.29101938725,2.9846466997,4.01897083376
15.9511610309,2.1034467318,8.87249305547
13.482832969,3.67896508139,5.34305925828
5.52991448508,3.06116448746,2.36219226733
3.01076419009,1.00492593948,7.17746831147
24.895106538,3.73421659719,9.81639394453
16.0838915758,3.56534185713,6.44433630845
25.394725956,3.83154702466,9.93067280543
17.3558818847,4.46542779431,6.51027544158
14.94063484,2.825052745,6.65587945489
3.75016741296,2.42838798025,1.84402899049
14.0254556754,4.24181053719,5.32779258034
20.1348424982,3.72542550578,7.9455747785
1.32665880265,1.62598864772,1.01556892424
21.2043707509,4.51146588169,7.93503290508
16.7998073704,3.74661968243,6.61710221043
3.46817186527,4.62291865584,1.29079223463
18.6306161701,3.42098411193,7.58171915144
17.5274216601,4.76958250317,6.48043400133
25.4341273888,4.70001638292,9.43259172205
21.9003653643,3.10345614037,9.29393822298
11.3418514835,3.38304446141,4.63597022662
16.1031002809,2.86731244803,7.11474116948
6.26421668059,4.84500657001,2.30874601192
23.2757135995,3.81667906874,9.11320401096
26.3434924376,4.9488588931,9.66914141231
22.1404864689,4.61278022955,8.24425268141
13.4726530232,4.98622001715,4.93797538835
25.9587635383,4.49340912077,9.72315818906
5.76968965788,1.86281404087,3.66442006776
15.65938383,2.44937465329,7.65092176155
15.2469092886,2.13385030748,8.3643121809
7.41557289705,3.67385405517,2.94008044162
10.3537574344,4.1748384082,3.94947667894
14.5202321964,1.9733651134,8.62818875935
12.1489430557,4.04400622534,4.67494707159
17.440136141,3.58570452228,6.97345285077
24.7501697964,3.88016267272,9.64078495302
24.2300413815,4.10219050618,9.28666608351
5.97167325265,2.94938423175,2.59896596043
9.56366029143,2.57972625608,4.5054261003
7.40702210946,2.60229138804,3.46931929231
25.0423704811,4.18777743788,9.54465874303
12.5007015729,2.81882043602,5.57587402454
3.22778634984,2.54936821224,1.5328373145
6.28320869208,4.97600176783,2.30380197406
22.3469883541,3.76082392332,8.79113258726
2.08098603356,1.86177735963,1.32256145546
6.40870509593,4.58169136839,2.38991248304
12.592966569,2.14505742398,6.87421960333
24.8734325052,4.82555946856,9.17474446896
14.5824773933,3.56327982764,5.84398690054
12.3718262929,2.32261057674,6.29882773881
18.4824803448,3.48232170552,7.47017881983
13.0002024193,4.72553019323,4.8158226405
6.9104633696,3.45624729462,2.80105414096
18.069226037,2.61997000692,8.42589749888
24.6455531531,4.89207794075,9.06609907623
20.936853881,4.04356280254,8.05680977917
21.6130877581,4.84520930841,7.96567509386
16.3725771527,4.08387375544,6.28290212899
12.3622679335,3.71776983302,4.88171533494
12.2816736596,1.73609907111,8.5449144545
3.72534384075,1.14365559119,5.97898543331
11.0394735697,1.68016111118,8.04541715714
8.0841140519,2.26128275948,4.20875527153
11.5709320659,4.56080045537,4.31939138446
12.3880763729,3.33609917276,5.09237414684
14.5726228097,2.33584336517,7.38526707249
14.5323113342,3.35179090926,5.96235364278
19.9637684301,4.12503507902,7.6398981391
14.2992672337,3.2686126689,5.92855078031
6.28674090081,2.49959684231,3.02681548818
18.4792518857,4.97396968703,6.77612722505
20.7688970621,3.96800252721,8.03578633226
11.9887241799,3.39474337679,4.89364088817
11.5797774372,3.00785328237,4.98947378969
4.86355638748,3.18635204996,2.03908448019
6.11812515081,1.37329836779,6.33538485947
16.7329208594,4.41168850699,6.29457360015
21.6841801445,3.46681716422,8.77909853398
11.3377909213,4.87833108061,4.17301125736
6.40686018691,3.26592839178,2.65725086999
14.2889310489,4.09666274052,5.47856605494
15.0162238528,2.01285266472,8.73462628117
8.18366999001,4.72546935174,3.03158427557
3.96717877426,4.59361463613,1.47857578796
15.0626457939,2.50432722268,7.24235261646
3.19701665388,4.24672963636,1.21407496315
4.44314333997,2.23321611252,2.33831453935
13.6541181925,2.47658654215,6.61760131302
9.96850761651,4.29746082703,3.77414293807
6.14325851314,4.75432998586,2.27285185796
8.21840190261,2.07333717943,4.63696589051
5.29532893539,4.16313118446,2.0214359249
20.1596957184,2.67631284886,9.27408315006
20.3813844908,3.08925673887,8.66813798978
14.4788099841,4.35348699883,5.46416506128
22.8485675648,3.95338216022,8.85006809602
6.26518917444,1.64329345386,4.71905045246
22.2385842207,4.22380399156,8.45699610961
17.0566600954,4.82683663394,6.29113799382
16.8914744382,2.00920811237,9.84429686241
21.7134375672,3.66044801512,8.61958897788
24.4154389227,3.36837303254,9.99721867031
20.231944389,4.65933075875,7.51719657241
13.2688627585,3.43795134246,5.38935959761
25.7048484753,4.23155533592,9.77051045374
17.0636047435,4.2208729948,6.49020273679
2.94781641077,4.81532184329,1.08778739749
7.60383380194,2.48308503475,3.67831929806
7.92670463419,1.29271762852,9.35410635242
9.3262199825,3.408188551,3.80089109095
14.3674165231,4.86290041023,5.2914013894
4.32748305591,1.73682289559,3.00909891336
2.59712950394,3.11883189619,1.09959864945
24.8785799105,3.96450749033,9.62837650237
12.9111059515,4.59885623741,4.81078573106
20.2149229718,2.4884687445,9.76369268546
4.66308650946,3.69989810873,1.8443725259
25.6059794671,4.98768360192,9.38454515887
22.4603979562,3.51894539667,9.04246453375
7.52935526689,2.65321507474,3.48269719884
20.9761826832,3.44303809942,8.51493483452
18.015617909,3.0024169147,7.76958478233
18.4929974249,4.9107588244,6.79778290016
15.3900996858,2.12967327596,8.45863965994
22.8772022849,4.64805580519,8.50447916229
5.17181444961,4.66899634332,1.9207388269
5.84825253296,4.45691137451,2.19468734194
6.09519935862,2.5562052296,2.88925047524
16.6364073216,3.55347023662,6.67377925684
22.6856287186,3.07183272812,9.67427346115
8.44262891614,4.24137280328,3.20715237946
19.3831058058,3.13768800522,8.18365994111
19.4612159526,3.44576424818,7.89754409491
5.60528156108,3.47691666418,2.26685491064
13.5723799319,3.52740637019,5.45933384237
13.1148982544,4.14062324999,5.01378072793
18.8525716284,2.60106209134,8.83296312456
3.25555527545,2.90284099761,1.4288133351
13.2806928596,3.88002792623,5.17320363248
9.69629303945,4.38448526153,3.65297033867
5.79356167904,2.42400165479,2.85267336169
21.1052761972,2.87515001827,9.31091066966
12.4583482244,3.83692067813,4.86972548375
22.837594602,4.61847863079,8.50153199801
15.1722941788,2.53990193343,7.22357244298
12.3169436291,3.43018765508,5.00711888978
6.65047969864,3.98078713885,2.57074359757
3.09263235074,2.4486993588,1.51131751357
22.2122623485,3.81553949367,8.69765110496
15.8534963782,2.69869867734,7.25554147401
24.8197026521,3.73978729717,9.78184775779
10.8457603375,1.99617942813,6.36490516016
7.68069204143,2.18632546322,4.11940924902
8.71384692049,1.71277444342,6.17791903996
13.8733082841,2.06259402628,7.86861258574
3.10553315397,3.41297146456,1.26495814168
7.74994692323,1.27066352068,9.51511082845
9.65393635286,4.47482452837,3.61946573545
8.86866280371,4.54216942362,3.31369153283
7.80623175916,4.7920753843,2.88343542932
19.9893567823,2.66569009628,9.21868287013
3.69697043392,4.93187407474,1.35783325105
13.132835259,4.87012039932,4.83530022903
19.5606123415,4.25360717823,7.42510194373
19.7442939099,4.65724173305,7.33671653557
12.0982790742,2.76918569333,5.45188511777
14.6000499774,1.94307205697,8.82604433716
3.0681557352,4.50922743137,1.14828601023
13.2170100059,4.96538707582,4.84810863963
5.88556732846,2.07621631032,3.31613112266
23.7345124128,3.80507304765,9.30183608128
18.0941034287,2.96038312676,7.85966879194
16.071975128,4.07735091933,6.17029116298
13.3641620987,4.15854500152,5.1031344156
3.42840504605,1.79431682001,2.28237845236
7.78014035103,2.27644732949,4.02756012777
12.6892463682,4.61867199814,4.72366065883
11.1716423726,3.36460954025,4.57643894124
21.8734456246,3.23044457379,9.11498499765
4.70003358339,4.32296686985,1.77683224618
5.0442888587,3.77390923377,1.98214613925
15.1883518503,2.28864329332,7.82735642219
22.3158526909,3.4524807494,9.04919060758
18.986095949,2.26184472508,9.88245089587
19.4098233159,4.45544990814,7.28452941858
4.95340963327,1.46414047792,4.52731404834
8.95948001498,2.45564643682,4.36922954291
1.22684100888,1.51707661991,1.05217482515
8.66632599125,4.17625147426,3.30550247307
7.50155320302,3.69048360006,2.96961114642
22.7484926828,3.66192146077,9.0292271888
21.8293599223,3.81378296976,8.54896643394
3.87577483439,1.680188935,2.82454344294
9.38592208572,2.76849051488,4.23022951898
5.13220990194,1.87411004777,3.23581800517
20.8577179316,3.28792275313,8.62610685234
8.21263216469,1.58509064038,6.5446356021
20.0173110034,4.65138725378,7.4401800376
3.18919436249,4.48270710733,1.19520847956
3.30628719023,3.08944904381,1.40611177034
22.0763516133,3.48492669546,8.92021453621
5.60831000352,2.23326227128,2.95145906558
24.8061071251,3.79161939674,9.73282482319
17.232564929,4.47127868889,6.46204600841
3.41044983756,2.39567609883,1.69433112069
14.759187885,2.61494224991,6.89100333475
7.93192380361,1.3788658514,8.14580910372
6.70168243901,3.33601258227,2.75489408114
18.0113403574,4.0558411946,6.92509749
3.13597172863,1.42835312996,3.00309134096
7.5054513993,2.54676210191,3.56674752628
2.92870342115,4.87618116256,1.0780380759
21.701330628,3.57445068513,8.68708127926
21.0420868684,2.65005446166,9.7403777657
14.0623859627,4.5582224263,5.25010815653
4.12634722418,3.48472220354,1.66733702113
8.66150055941,1.90373108651,5.36043358242
10.00045574,1.7435180054,6.91720269622
25.84473709,4.43064275689,9.71233324123
19.0591948084,3.62874044888,7.58877069397
17.1105317624,4.79550484683,6.31930307112
2.18468104803,1.86285389596,1.38748900567
12.9796239124,2.34728599197,6.55223082184
19.5880827713,2.79942151008,8.77163332142
2.74648409057,2.77096509079,1.23719131751
4.42304859612,1.73706807625,3.07495308145
3.54398648997,2.86990612725,1.56504379217
2.46635817584,2.85986467896,1.09125630056
17.8162326438,2.09138192086,9.96599480516
4.62512618403,4.19066798181,1.76250084962
19.075118496,4.62582323478,7.09844989186
1.62518856898,1.74495663988,1.12285965516
11.2124100846,4.74922438381,4.14923229675
6.19219880363,4.8584258355,2.28095097783
11.9234978542,4.27782173474,4.51954267455
2.54244031388,1.04647581763,5.30874810322
11.08879715,2.29553177238,5.70033568832
26.1507813933,4.69743423037,9.6994986253
20.8641757221,3.05134427434,8.9263916713
11.4117494381,3.19989353555,4.77540969074
12.8569814304,4.12813771009,4.91920779216
10.0186487061,1.98208430169,5.92468704726
7.70921016628,4.66264642274,2.86392646784
10.0250000312,3.66148573406,3.97923949818
6.12160178026,4.30600772643,2.31652315924
9.70242010769,4.40530392074,3.6511120295
10.5185649926,2.99100183612,4.54505840095
24.9099748636,4.96336238442,9.13789174269
13.022908819,3.81685832199,5.09881935872
3.09427317379,3.06350813922,1.32127930716
16.4889078644,3.01739645337,7.09348353039
23.5705703154,4.48771356734,8.83121787815
18.6762973362,2.90631243302,8.19149971139
17.3195864667,3.08964586507,7.36552355191
5.55024484371,4.15890839291,2.11932342724
3.15483654645,4.00422325272,1.21742599408
4.22760839522,3.58082904032,1.69123622228
8.26054409488,4.98473345821,3.02781131497
8.8775300407,3.41856320672,3.6137078782
18.1547790809,4.76541905402,6.71359134708
13.3637838067,4.89736459669,4.91495858974
10.5155760401,4.89321829677,3.86807782961
12.4206228484,2.69780863059,5.68559961801
6.68724000103,4.62566138106,2.48855072056
19.921074862,4.83543225614,7.34502692854
4.42807842256,3.485900488,1.78902942748
20.3767624528,3.60068388409,8.13558051108
5.84306871166,3.16400657915,2.45755128247
2.91282324727,1.77619159834,1.96511271407
8.18774306428,4.26405144395,3.10607198625
20.7808092599,4.18303102085,7.9227847764
16.2982169237,4.62946919436,6.06403771312
10.3100557891,4.58297528564,3.84455186728
21.4111548455,3.80958308012,8.38812115842
7.25072599375,3.4594312932,2.93793713631
14.0988311645,2.44030097807,6.90740458252
14.2160565931,2.0682520674,8.04075364658
8.79530816036,3.83220815027,3.43924128683
16.6847367498,3.01676032732,7.17848207888
20.8704524089,2.60417980065,9.7706887589
13.8740515922,2.84001019279,6.1624373789
23.2719257748,4.74848189597,8.61222067738
19.8941228128,3.68751636937,7.8775541163
10.0767754286,1.70138802597,7.21208242993
2.12143223032,1.3794165466,2.17686238396
18.1378800023,4.17537974478,6.9185185123
20.885807752,3.9947744398,8.06517560733
15.3860232557,3.40327965787,6.27412666304
10.9531899648,2.28033341054,5.66200976478
24.3768216175,4.9604599224,8.94330472889
12.2565584855,3.64191546498,4.87402206371
4.64902041673,4.58630878571,1.73330968005
5.57953035395,3.31221520832,2.30040740422
13.725067775,2.95825106245,5.96407765017
19.2737399127,3.36925451785,7.89105075446
25.6318634645,4.29360387955,9.70658706165
8.27765922962,4.34280957637,3.12579631606
3.49184613076,2.45289653856,1.7042552955
4.431557149,4.49288029998,1.65993655803
10.390650369,4.34285016596,3.92369158183
4.99352093598,1.39219197564,5.02925306549
9.83874661306,3.91606511135,3.82170817191
4.95653858084,3.37283139692,2.02843826019
5.77826513512,4.14144145727,2.20889297641
22.0673543583,3.48494876211,8.91655776296
9.97551578059,1.61695729478,7.70257934142
7.82296593352,4.14948655531,2.98896773803
7.86934527893,2.4765694569,3.81397380944
8.68562723861,3.83548806229,3.39544014273
7.26745131581,4.16607805725,2.77374791547
24.3200845539,3.44821136155,9.86661623051
2.79885034339,4.53126034423,1.04633299452
4.7317594127,4.46252787197,1.77517520004
4.47962607298,4.05177935632,1.72283727963
5.39339600969,3.69666316834,2.13385747899
9.64682544324,3.80509589591,3.78069773244
18.1040754219,4.13136593937,6.92532594357
8.78409425852,2.53153346819,4.1916838776
23.4034761368,4.46548774775,8.77872985756
19.1790944778,2.98807161633,8.29137837983
24.4474982432,4.96380298396,8.96808733149
26.2560793129,4.45754863675,9.8528500336
7.96236403508,4.93339741417,2.92426502925
5.98227921024,4.90517015072,2.19949299843
25.1292496982,4.6336959465,9.34792453329
6.05142340605,2.15434520508,3.28997431191
9.05915011391,2.07466293974,5.10805951697
25.8372363595,4.20982849344,9.83401196926
23.3081114742,3.40155028237,9.50651404002
4.16357577441,2.0903751852,2.33011639187
14.3875112257,3.77180316867,5.65457466284
17.0968553532,2.50953405705,8.20838411296
16.9625644868,4.55225454553,6.33473532917
12.5309217793,3.21627671353,5.23189915308
1.97539751402,1.97970783675,1.16970892284
7.59587666553,1.54203061364,6.33477517679
11.5432697951,4.44605534013,4.33435123198
17.3202124014,2.69885236041,7.92652395455
23.6217603195,4.46294632214,8.86178706396
10.6863058987,4.07887400284,4.10221883604
10.8182605922,4.84398293625,3.98735667085
3.01722751784,4.90852195538,1.1091911502
7.98163603422,1.78389024725,5.35415939643
11.2375421185,4.61018870935,4.18493730082
14.093374423,3.30431728343,5.8164085995
24.2660578734,3.52433424299,9.76388404962
26.9684581466,4.73668968153,9.98534243156
9.47948806875,3.71281890196,3.74500456966
13.5958276202,2.93557742915,5.93163287914
16.5413575378,4.20285971779,6.29860727617
17.4624438385,3.55742342048,7.00231824865
5.92081351948,3.68344532097,2.34536598626
15.3932403253,2.12384684583,8.4825701317
5.07599677981,2.29060244882,2.61405835966
15.8882054018,3.23778367897,6.6143004634
1.16603967693,1.03143811898,2.5504106036
3.09545877694,3.26169057801,1.28455859791
14.5507757048,2.38554097564,7.25259135948
12.5072974636,2.50408580196,6.01411193876
18.6220830857,3.06078714133,7.9551984711
3.9802304456,3.72126822142,1.57125428702
18.6947209529,3.66438930314,7.41850815244
12.5260307325,1.79510672459,8.3341415709
6.9105052799,3.14908974397,2.91278725497
2.43673434832,2.01668542711,1.41455469881
9.27763936589,3.14708583798,3.9116803701
9.15183506518,3.90302315524,3.55847583394
19.9632857813,3.14701481802,8.41709831176
14.4488988251,3.40168321149,5.89307871063
1.73678649774,1.84555618601,1.1157110525
14.8557040766,2.89758275945,6.52628833866
22.6528573814,4.72027849342,8.39352450969
19.0805162224,2.56871060141,9.01468974902
21.1915272752,3.35819922719,8.68776801067
2.77999889865,4.50533373065,1.04064662343
19.3376898853,3.13894074354,8.16298013575
8.81454449643,3.43300631717,3.58216865891
10.0925200889,2.06151069715,5.72728330345
25.4382479857,4.87369625634,9.36460394581
15.1558796928,3.15461667283,6.38309483047
6.05867145069,2.33902640938,3.06711609203
23.5250361996,3.94699401516,9.11645698345
24.3326556524,4.09551974482,9.33018260085
9.48266313208,2.57547134761,4.47221472015
3.06052887904,2.8959818173,1.34492667238
20.3725322685,3.88869017206,7.93025770477
11.1240131655,3.66476372767,4.41411735658
8.65231836905,4.58753530749,3.22568149232
9.90725083465,4.3955047199,3.73018634431
16.2247945449,2.27007831274,8.41906913021
14.9599420245,1.87263770683,9.44104700476
21.8786680455,2.95043061628,9.52018481496
3.28372509644,2.14247262806,1.79455139687
17.8990751076,3.41680366814,7.28750993278
16.3949814151,4.55848739274,6.12088903093
16.358383323,4.95329692375,6.00317102895
12.2465567519,2.33617263274,6.20573447977
6.0868680594,2.9125263804,2.66668482439
13.2005765299,3.0553553572,5.64403840558
18.8188898558,4.265927705,7.13826287238
23.7220168049,4.43549848234,8.91231340244
12.7618752799,3.14702971811,5.38076378899
9.64443302871,3.98189189661,3.72775462259
7.54096200841,1.3758403159,7.77917276395
13.7458103471,3.05877013247,5.8739720059
11.3060680413,4.5240676826,4.22822962443
7.11472710639,4.2441071691,2.70226511457
24.1840645553,4.12495954039,9.25500174148
20.220350745,4.90892451874,7.43327352799
24.2724889472,3.85163529528,9.47630361945
19.1659555304,2.9746631214,8.3046981381
5.66115247709,3.78213761853,2.22297680675
11.6882715471,1.7715500139,7.91278893142
2.9058942899,1.49482612754,2.55784758531
3.91372076337,3.03012873341,1.68016094091
18.312873314,3.05753547577,7.82713976431
21.1018900951,4.40660625895,7.94027755854
11.7887545688,2.66052443691,5.44338627621
11.1344763657,2.92776601608,4.8645970852
6.81595916964,2.18891452572,3.65169533584
8.60831758393,2.95263620273,3.7443316689
16.6477182241,4.89911884991,6.12230344573
4.52573303383,1.60419714779,3.53824126601
5.25529732718,4.03300728863,2.02381729644
16.6284192093,3.332785827,6.83824780798
3.8005640571,3.90059951427,1.47803861422
3.27527176604,3.29594129541,1.35316131832
20.2978920968,2.98342705317,8.78198466105
3.47245332188,4.55237928435,1.29679313985
18.0699862415,4.81862871912,6.66716832335
12.1718646405,3.97186852903,4.70812435445
19.5729943544,2.9875665759,8.46239201538
14.0141428721,3.37983830442,5.73044096082
3.05872400989,4.63580283892,1.13771405931
9.71221142292,1.44799735751,9.06206585922
23.6815929156,4.46860683119,8.8816059808
20.8616572855,2.51876720435,9.99010360107
9.84254095525,2.25482355765,5.13680944092
17.7690618866,2.42378167684,8.74984877528
2.58496369907,3.24603135244,1.07493949976
9.15662134483,2.60942861211,4.28109247595
19.1642006227,3.56708185502,7.67717104031
23.1262520336,4.14846826922,8.83657068933
12.4797881489,4.68633142982,4.63115766285
5.34477939853,2.35905955265,2.68739042509
2.90471402467,2.94985871918,1.26407145747
18.7956007306,4.42287944874,7.0662414972
5.04139983961,1.38625051309,5.12144469257
12.1344009599,4.16198327242,4.63252142318
5.54887117015,1.22317757245,7.46711529916
17.951293898,3.41804496647,7.30772943143
13.3585884572,4.520540667,4.99671596445
22.5563217242,4.91652418312,8.28952496201
2.47927069908,3.41764215124,1.00932427669
12.9624121041,3.37980402217,5.30040544051
5.81156897795,1.79538927301,3.86591333609
16.7595825268,4.63268083408,6.23475704848
5.48719622604,1.6328421382,4.17342098438
22.2471814065,3.89771027457,8.65387332567
10.5096545323,3.82586040822,4.11175001191
15.1745322682,3.79836228451,5.95043089868
10.7282665627,3.58331861711,4.29072776447
25.6903184483,4.40957919173,9.66526364832
3.4338658456,3.27161852627,1.42314022314
20.8559389609,2.77273536422,9.39133514071
14.4335314725,3.52828539088,5.80518854691
22.8499374686,3.77358308767,8.97910176309
10.3925542902,3.73948967561,4.09598180407
4.00874863112,2.39105960183,1.99452882632
21.2098550398,3.13774551589,8.95484825999
6.04411320337,2.1679637073,3.26681703966
12.8530642055,3.23732087436,5.35109625017
20.3517807643,2.48047145729,9.85254274314
13.8540830177,4.8087357588,5.1137703923
6.77594620117,2.9300898813,2.95914004808
16.0299800886,4.00473362877,6.18561256895
24.8589783807,4.32244613872,9.39813659685
10.1788303451,1.43019011393,9.72346693638
7.78968374681,4.37007195593,2.93702240051
5.50643971221,3.66252777579,2.18546656839
14.5298957146,3.23676218833,6.04966332674
21.9300609981,4.20680230741,8.34845954122
11.8719733244,3.37019463733,4.86007457174
3.51370857291,4.45341708408,1.31884008559
11.4561292267,2.20320517111,6.10176599848
9.83850263182,1.39753503945,9.83318573902
19.119942401,2.49313432123,9.22246842364
20.1378466202,3.53615208559,8.09283724813
19.7685007557,4.88492640644,7.27410935846
7.23485613538,2.30432047282,3.70740974856
11.3353195722,4.32290195486,4.28529630353
21.6494544073,3.22956575782,9.0227174303
15.0785518316,4.42170171286,5.66916907988
25.5815398758,4.74764716053,9.46728199175
21.8516545337,2.87427693951,9.64178475207
3.00004617482,4.43176935238,1.12733563395
20.7724917885,3.32082307362,8.55514582586
4.80094733462,4.97112111541,1.76064234815
4.72146886633,4.14581794119,1.80439021131
3.09523444127,4.41102041411,1.16440437667
7.88704849597,1.63880980089,5.96536289311
12.300334259,1.86471914487,7.80244658628
19.8847029875,4.52791920168,7.43501866372
13.3909447324,2.03987838887,7.68145985138
20.2786040279,4.27062815043,7.68979353192
11.951117649,2.31798095841,6.09454015846
15.4188739439,4.73995210248,5.70817608165
19.6295628834,4.66627860167,7.29105089558
18.0727619341,3.56584024683,7.24085164754
16.8841446208,4.06926037006,6.48569197993
25.4263084733,4.37461087766,9.58431545862
6.60125980314,4.05365026217,2.53847440886
16.4963171183,4.50558796593,6.17504364431
4.82862164506,1.29653014206,5.6602591447
23.1744712853,3.12732988578,9.79940234376
6.18671391831,3.25430731935,2.56987512299
8.15236296201,1.94852141078,4.91279106183
7.51572116022,1.79746313687,4.99205813542
15.7981986766,3.61016265081,6.30169041469
21.7872658947,3.27864814161,9.02132638606
9.08194761485,2.89756439161,3.98982172133
14.4664442389,3.53675673458,5.81329433271
18.342697391,4.84679664677,6.75990640961
8.52338878397,2.83067236636,3.79282481045
15.6405803635,2.07670829821,8.81035469745
21.5271215939,4.32455527852,8.13751445359
19.8833801158,4.03161851253,7.65784936329
7.40546062685,4.95569635244,2.71739245123
18.2250832969,2.4687411967,8.85329266902
16.2845045584,3.26593770567,6.75400427668
8.69610468997,1.95819934704,5.21156327795
12.3121388408,3.55645499999,4.93756992973
3.02103739321,3.82265641165,1.18224965846
14.7340181629,4.30737868088,5.57517036196
8.10761808058,1.90269872639,5.02083028545
15.9690219783,2.57332598065,7.5355304585
5.26238365515,1.74753247225,3.62853632149
3.05327248973,4.85654332806,1.12478610037
24.0876383335,4.10182509547,9.23231366992
22.1987875336,4.35363841398,8.37753964158
7.20020929484,2.45744264589,3.50941138691
23.6422814287,4.6817225709,8.77531206441
9.35710084276,3.62037621456,3.72871411749
25.486438921,4.99418915264,9.33844881891
12.3388193271,3.01417942413,5.31094880693
15.223882283,3.75965383691,5.98956543466
3.3226238884,2.95673191583,1.44419333165
23.7259326111,3.52696959678,9.54391982361
11.2865822824,3.58048979785,4.51530115352
7.09670972436,3.71362755377,2.8034505943
21.0094272048,4.44885537048,7.88760486515
6.13196776569,4.62955771473,2.28149676281
11.3993619561,4.85742151017,4.1992272059
9.25311550017,4.80810921889,3.41556731045
6.16394694868,4.62349572977,2.29404960177
6.10730758121,3.98280517077,2.36043122985
18.7135889763,2.45883743943,9.11728926305
18.2001244321,3.82898641816,7.11870263731
4.12133382454,2.4469359521,2.01509811986
9.3578947284,4.94979846919,3.43460648938
8.14606385822,2.86961449369,3.59754647122
11.8600658187,4.47049000316,4.44759322191
17.8457232697,4.29277975387,6.75836336947
8.09824412129,4.45574115158,3.03923393403
11.9361064145,2.51878934584,5.71585489737
11.5632392688,3.28700329839,4.78276318915
6.02536750691,1.90627408584,3.72317557597
1.95872954098,1.86539031126,1.24193501556
13.8179524345,2.76915618259,6.22686574396
14.8214566498,4.57937869084,5.52778688314
17.3727115988,3.11080005207,7.36432343417
9.10011658873,3.9349196304,3.52970894939
16.830999566,4.45114964817,6.31812522071
11.9778354179,4.71252327842,4.4396575673
9.21794475281,1.68804410136,6.67241790344
13.1005772348,3.98956189755,5.06078197398
12.2474468265,1.87801107997,7.70267794745
7.40325656271,1.57161789582,5.98201614688
24.1815813229,3.84207590943,9.44813499908
10.7706018574,4.36665104557,4.06172264991
12.7747700444,2.04398294334,7.31284307545
11.2121955345,3.29570227906,4.63240091768
2.0105788959,1.7833801407,1.34922228263
3.50610816363,2.21400093985,1.85929157828
6.10189816807,1.20491192239,8.52773533962
8.00881750851,4.65823868501,2.97583297712
16.2150610875,1.97765852221,9.61241245134
14.4794789558,1.76597784171,9.84361396658
2.19284719223,1.68236805138,1.595065634
24.5537884042,4.29012103877,9.30023146871
15.8803383027,3.51651346996,6.39499910783
21.793384331,4.42923087943,8.19047233096
14.7458305247,4.26805015949,5.59258607709
23.2753747477,4.99422173705,8.528285598
3.06353120246,3.89933509816,1.19152404716
7.27641988036,1.49566111159,6.39853467098
14.9027040021,2.56237967258,7.05262055495
24.5386503483,4.99673013097,8.99031416422
9.06577126332,3.2009214588,3.79315961316
15.760540419,4.61593394145,5.86773198381
11.1981778123,3.31659640652,4.61440467572
10.1581125678,3.58422170578,4.06233057726
10.2750392453,1.47301710858,9.2874897673
12.3704936332,2.39776837424,6.14161449333
18.6729097175,3.28309004058,7.72734430596
4.327038735,3.24797663684,1.7989031367
3.63949646416,4.3866616174,1.37097523292
9.55634002518,2.13787399987,5.23315170753
5.30748419438,3.38503099214,2.1689198247
12.2976118212,2.8020447039,5.50397036484
6.95183083935,4.49541032063,2.60362227714
20.2482122988,2.5668786563,9.57098305104
14.0998897185,3.11108246112,5.97671360469
17.0349222463,4.35262746279,6.4291289002
4.15311272805,4.01346414339,1.60158909013
18.5278781117,2.55490283414,8.78564689674
12.3705258066,2.70710569333,5.65073100271
4.25817359059,3.50248537369,1.71731889355
19.8433301095,4.71803975367,7.35324585619
11.9125944293,2.01319862661,6.92805051162
21.6443432225,3.0506968727,9.26113108948
21.8698398792,2.82325797189,9.74625518308
1.17244535604,1.5101307847,1.01360791031
23.478352738,3.944982652,9.09974356477
4.82946085058,1.52345996293,4.11187488856
17.7586423663,2.23407053162,9.34280052724
13.1757009098,4.89924955056,4.84542200339
18.5339045345,2.75033290777,8.38569775131
18.2288245733,2.17269614092,9.83281404599
13.7665339388,3.88062820841,5.36219788516
19.5441218819,2.78275720265,8.78215739253
13.6540810303,3.20538478263,5.70939499665
7.21470136798,2.91903404364,3.15704812146
6.73617915386,2.69195618844,3.08765022802
6.59682892983,3.22411177115,2.7513576062
15.6088680089,3.52543120286,6.27978615133
10.846360768,2.40636448061,5.37020873685
6.96690409205,3.22102404193,2.90692832473
17.6021546148,2.67921155624,8.09206669002
25.7415367652,4.69824930165,9.54735698928
5.9836119108,4.05264848309,2.30112199248
19.4123883838,2.54967570107,9.21795140055
24.4427909352,3.3801490436,9.99439018915
23.3115030645,4.4392526494,8.75633359587
5.4666736972,1.37774957789,5.62337868953
14.4392798538,2.37233947542,7.22817784566
20.2602823531,2.7347787961,9.19786837782
1.10871606815,1.23096982478,1.46877752811
17.3911955204,4.14125878903,6.64831862696
13.7338515741,4.62890357969,5.11005638053
19.1900894036,2.26645579302,9.97129420573
4.5023219774,4.14176180852,1.72109434585
19.5712094701,3.20179267755,8.18769171374
24.8855714842,3.61915176478,9.91783693025
4.51638678347,1.84984742976,2.893030153
18.7894302624,2.42437243314,9.25060398886
9.8612270748,4.31870609776,3.72891956012
11.6546224255,1.6894598444,8.42599801593
6.3019314324,3.16514353698,2.65011274452
6.18652395796,1.85705981626,3.9439970109
10.922701753,3.83938654345,4.26861167021
5.46980790167,4.30306562936,2.07022749552
7.90931252637,4.8981723615,2.90880902027
8.88313711846,2.32874992172,4.51296070794
11.6692192406,2.31904305402,5.94855914983
6.22036948678,1.82286272397,4.05819600711
19.888347547,4.64632279708,7.39398340801
21.1487821232,3.12976543702,8.93959920135
23.7972999813,3.86394316607,9.281590128
6.74859089457,1.47352038723,6.0961680926
15.938882811,4.94228857169,5.8517085887
5.0523760348,2.50869122049,2.42627459036
20.0046553864,3.82117074999,7.82956284439
3.38691260374,2.27996198089,1.75102986438
18.7453951949,2.41187540335,9.26501661898
22.3135127427,4.42229101587,8.38907260586
16.1379663191,2.29424379787,8.29979961988
4.83312496976,3.36439750969,1.97992953269
10.1307016673,4.76295141824,3.74670683015
22.6151071792,3.95400755218,8.7592305952
20.9409134004,4.6285879509,7.79175711068
11.906619605,2.24169670584,6.24548183836
11.3129343105,4.6429552705,4.20652121844
8.57046469984,3.31667873215,3.53157319441
12.2541965097,4.65361454041,4.55425943083
10.1245005258,2.5594090887,4.79513573935
6.3413027362,4.88241475052,2.33361027023
15.6010309429,2.33599328683,7.90604594738
23.9665736598,3.51230733266,9.65561283381
17.778643269,4.78904560929,6.56785071946
24.6445521561,4.28890821792,9.33527633485
13.5484494383,2.35735603372,6.81614474888
2.08814587529,1.44312421275,1.96079223702
24.97137928,4.26779455759,9.47092943872
16.2605459516,2.17629486733,8.75777871481
11.6802154082,1.71113880219,8.29217492814
3.76329886279,3.07979114892,1.60286513592
14.9487623257,4.49789802973,5.59794595442
17.9183331765,4.32795490464,6.77202705023
16.9806134012,2.52478678651,8.11802772575
18.867034163,2.62142941234,8.79474176159
9.98446837397,3.69187345625,3.95201025436
14.4127909367,2.64404392377,6.68134638984
6.7882930286,4.82585703007,2.50387974773
7.60496288636,2.46181627536,3.70187038132
9.84207480572,1.58207216893,7.86731894598
21.6078153572,4.46216399955,8.10658057826
1.80332414275,1.5395739874,1.50799269681
6.99320158993,3.17181981565,2.93799991954
23.7446308469,4.20178406357,9.04207309597
5.54917862459,2.02406881392,3.20902754763
22.2879963552,3.915065313,8.65809218252
18.046741515,2.67417402275,8.30620945294
1.87648215539,1.90498643256,1.1604242655
14.1583847637,3.50133206908,5.71077190028
5.57663577629,3.19876952901,2.33398792113
5.90101890156,2.80456494016,2.63972586996
14.4952418825,2.74212912706,6.57006659125
18.1590891329,2.15832050343,9.85557793888
25.4629767,4.78174481108,9.4095506506
7.12299756482,4.27656052647,2.70013898864
15.7084692939,2.29465808483,8.07769404207
14.372233049,4.43523165323,5.39969551046
0.611550231405,1.09362389393,1.11556023054
15.201869708,1.83936528936,9.80641926081
25.0402504822,3.65803821949,9.94248518542
8.30395187499,2.44326959905,4.06466727845
10.6954573191,4.61541441027,3.98207299452
3.15699334931,3.36659105171,1.29294795419
23.4459419057,4.0973359723,8.98907790381
17.5905628384,3.99069656137,6.79471175597
15.5083024263,2.02974955051,8.94207153431
7.50856306103,4.54939186233,2.80449867302
15.9664527668,3.31983429237,6.576591601
7.470622806,3.9288196667,2.89901356841
18.9083249966,4.5102951297,7.07623411908
7.08713305919,2.11309330478,3.9245714899
11.5634155072,1.94330920746,6.98937240725
12.4627835951,2.08990509697,6.97625988285
25.1890195742,3.8257973637,9.85489003786
8.00353658417,2.96484266189,3.4738587762
9.08985553196,3.57085592761,3.64000367067
19.1646377046,4.39639669803,7.2153395827
17.991336559,2.4296897541,8.84313392955
13.4287861663,2.62487897851,6.25440105232
20.9979886613,3.88794015777,8.17420609339
3.6208719181,4.31483387647,1.36950101014
3.86653054746,3.24167207325,1.60880724684
11.3314944006,2.41222860028,5.60003236623
14.1387178506,3.49889362123,5.70432754043
19.1356097928,4.15949549334,7.30652657261
21.9285618721,3.40521291069,8.9400428117
16.9014847041,3.34797358616,6.9376052379
13.1206738523,3.38213105416,5.36364136463
21.768558158,3.55739249476,8.7290676188
6.82670594112,4.51772848158,2.55385895181
5.21366008283,2.70670738722,2.38176145414
15.4322522953,4.91313721687,5.67216128773
13.6631442419,2.90200127328,5.99747453971
8.96178713035,1.52395889935,7.62588947726
12.8813845779,4.88162782331,4.74052135428
10.2926964394,3.60244688531,4.10872595089
9.30254776084,2.91244763577,4.07554752197
15.9840669713,2.07052205727,9.03079232767
13.5708003047,4.4751395809,5.08789794825
7.35898973824,4.95515792134,2.70039606554
15.524020467,3.26568695791,6.4388047628
17.8686329342,4.80385977104,6.59695935974
12.4019159622,4.48085284397,4.64828877389
18.3207301072,4.01937934166,7.06214488088
2.41115116969,1.95305288027,1.44924102653
14.183870206,2.57858641058,6.68397782944
5.06088658183,3.56870853366,2.02705552259
15.1965500768,4.95797318245,5.5758020074
19.5633845904,4.86986286352,7.20300082477
14.7368025211,4.51091682604,5.51491343777
3.11904227737,2.45468810201,1.52148535026
11.5751321928,2.68948238586,5.30868983873
9.0162223867,2.77306377569,4.05968327581
20.2115541148,3.65616773703,8.02661499885
13.4641003469,3.64942338337,5.35040473267
13.7989090601,2.66473092008,6.36521699414
6.48081778983,1.85442702726,4.13879040214
24.7647773132,4.90038898764,9.10694372398
17.2428024265,2.65412391531,7.97391064744
11.0946499674,2.26685917797,5.76397837776
24.7230482457,4.48800963037,9.26287713132
8.03626152947,4.68199377243,2.98278462951
4.94417268255,3.56718159372,1.98061358572
6.74916738138,2.60523318384,3.15884313395
9.83659071827,1.81854676346,6.43671444181
7.50458165281,4.12182531156,2.87252424118
11.2958956584,4.72247327495,4.18504173218
18.5761628717,2.99404056943,8.02261554763
2.58986637868,1.94610359241,1.56288612471
21.8842659269,2.720772035,9.96592720812
16.8248717821,4.33236302815,6.35716177612
5.81974901863,3.68918639207,2.30411574179
15.4880606794,4.40321309273,5.82896649593
10.4952822678,2.99600938207,4.53116586225
2.18873958986,2.2344499531,1.15132236274
14.4861967781,3.12003817852,6.1322028865
22.5433985394,4.80698573036,8.32175172678
6.39884199494,3.74731459139,2.52022016192
4.75947671296,3.04953423575,2.03685236391
21.4041026556,4.98159994041,7.84636656308
20.5519711505,3.1710849074,8.6352470113
20.8538342618,3.07467164204,8.88915799173
20.7959845945,2.7381572516,9.43408898434
5.11904135199,1.19911733891,7.24273970273
2.76238490262,3.76539143161,1.08627147863
19.0087577349,3.02465156144,8.16776882091
20.8831629933,2.97727446739,9.04471537472
21.4434980292,3.55745512417,8.59866541088
3.51177784824,4.36965649353,1.32411138804
3.33341990908,3.1801256442,1.39879177509
8.99880432238,3.70817201587,3.55659383129
13.0659411125,3.15442401591,5.50304384363
9.34962976416,1.89904688591,5.80302568225
21.8592893947,3.78540101773,8.58114894363
4.51507979458,4.80365835324,1.66694624495
13.0092599181,2.86468219781,5.75070354786
14.4553058524,2.91965544136,6.32471746106
9.72072698578,3.74152527236,3.83051001175
5.75711987065,3.39180620645,2.350790124
3.91834308227,2.38514473806,1.95328405285
14.1978968692,3.16843315695,5.96774034773
8.54642287901,3.96683069592,3.30702152754
16.5983722093,2.39146890184,8.25733061832
6.13850803742,4.43283719492,2.30655251025
14.119257949,3.00721415512,6.084328199
23.5162885262,3.4627417138,9.52512768573
21.0623504499,4.12715307346,8.05918593083
1.54590030455,1.4496900048,1.43925303547
18.2982313994,2.46997721483,8.88559516375
21.9467813948,2.95670542933,9.53931089021
22.0925813784,4.21742407872,8.40478297207
2.8642647276,4.94439537382,1.05148375626
22.4988658458,3.28077132154,9.31341502855
19.2164164268,4.37324872098,7.24407702252
10.2823128822,2.92401965471,4.49532800152
19.0704979137,3.04562706418,8.16646906861
15.0490361185,4.89141410015,5.53607648566
14.9321224468,4.44750219463,5.60639310711
2.50520874008,2.77800523624,1.12683538533
7.53135213065,1.81455464394,4.94202915891
4.37312296761,4.37115273039,1.64874307296
13.7865195387,3.90038156656,5.36166573741
18.9347728889,3.79506684187,7.42700729241
6.89149372923,1.66774799421,5.07736411191
3.93631042986,2.24235780768,2.06421810712
20.7824297523,2.72513093877,9.45500252506
5.96400703582,4.85455739987,2.19724108404
3.93144556239,4.83384761678,1.44964389118
10.7317216365,2.99679252135,4.63263388501
11.9617808027,3.56417331025,4.79329736101
2.91352419075,3.5898982671,1.16448890426
20.1570088432,3.77775479376,7.91805879497
12.0546570355,3.69258033846,4.77111502672
5.58599359869,3.24995450725,2.32168432052
7.79080485454,4.82022125537,2.87433296627
25.4405209396,4.9749551037,9.32839470291
15.9831164217,4.80727953565,5.89999259073
6.70684283493,2.91505983226,2.93693990142
14.8211408487,4.98062837575,5.4333685366
14.1399040555,3.53212039539,5.68481550128
21.1595668084,3.59008484714,8.45698281986
8.30998576929,2.59642886707,3.89804883681
3.59115091318,4.62534501887,1.33640999207
5.24621045766,2.25239594741,2.74052923096
9.79383961522,1.70056428107,7.01442589224
19.0574113265,3.64210816193,7.57835395642
3.41292961621,2.62517515723,1.58944152539
2.36745506171,2.32627158189,1.2037929827
9.10501516467,3.90134654689,3.54073269359
24.1960377599,3.41137767666,9.85743749059
12.8367664624,1.85472998497,8.19619677823
8.1114903907,1.96763102701,4.83543151792
19.2579463712,3.43973429921,7.82034978024
9.94705063764,2.69847326021,4.55262010159
19.5769299216,4.33581421775,7.39555083639
22.1437766615,2.9927128432,9.56552959671
17.264735005,4.35630531284,6.51451321242
11.102766197,2.24306078824,5.82075425794
9.36377758644,3.01995053247,4.02657696238
13.3397049054,2.71193278219,6.08681992025
19.2919059606,2.74119186325,8.74597169229
4.3139077886,1.05356369542,8.81787166213
9.14324134439,4.48187755003,3.42674259812
7.58376245767,2.67075945677,3.49330400564
13.6375008379,2.06774561949,7.71541841745
6.64270374083,4.10060640439,2.54622495438
20.5757465275,4.2216985326,7.82565971775
13.1194551954,3.06258053925,5.60293263859
6.19659434936,3.38211804652,2.53312911291
3.95650798414,4.33934704848,1.49434409327
20.9564016264,4.68233457298,7.77817702496
4.46499166651,4.9653033645,1.63780112572
15.4564051178,2.79760815544,6.92402500853
8.85217809546,3.2748920436,3.66715668555
21.754387095,3.71809487313,8.5903032529
19.6130697047,2.5624570671,9.28158451246
18.4131685936,3.82232317079,7.20598885268
19.5785520135,3.39180554126,7.99446100502
17.7322798374,4.54794581614,6.62359948312
22.4507326614,3.0577004791,9.59545871088
10.8777885657,3.58651403154,4.34914184609
5.83891792115,2.53387663437,2.78448925876
5.26282206325,3.3467696897,2.16056413039
4.75391259545,3.9237903856,1.84548897999
13.8078079673,3.68280115701,5.46990471268
13.7419413704,2.96599692756,5.96336430713
14.087922858,2.79369712838,6.31606607992
17.7165507817,4.39229954432,6.67164381343
11.0538630718,4.59951251994,4.11863206975
24.9574685154,4.5444315612,9.32407322181
14.7492669443,4.62063427415,5.49000838961
9.75842543331,4.7369774991,3.61310935305
6.10496264047,3.2293084219,2.54441847907
2.31673163442,1.58527834109,1.84584792067
2.29749091167,1.65053752575,1.71906061071
17.6460704076,2.61874739996,8.23107362646
14.2018271379,2.4490739217,6.9394114933
9.8028897056,1.60102787593,7.68796647884
8.08807770022,2.70249598879,3.69840985356
14.5116812063,4.00384532624,5.6000933936
18.5637042133,4.31625379445,7.02066392564
5.00913844931,3.64727015112,1.99095272122
6.94190993048,3.89764737402,2.70032877291
11.3411649235,3.98861220849,4.38142041023
13.1858722158,2.4416165905,6.4575373921
23.2412088247,3.58012953222,9.29819500564
20.9287471027,3.06868792531,8.92945564732
11.3187891253,4.95976457255,4.15271843221
11.346556425,3.4730222637,4.590660912
9.22934045106,2.1230630327,5.08770455702
11.6735496931,4.05074801829,4.48989960309
25.7233505752,3.9124335913,9.99463265012
9.50126247631,1.74185947451,6.58047347303
6.81605911783,2.32557597051,3.46664073116
3.4746618398,3.88081019531,1.35339486503
4.23135143087,1.23331537981,5.5793818479
7.3676298768,3.73743144068,2.90430598887
9.2423691785,1.56744392491,7.50070802923
15.6793233507,3.22922052881,6.5348859942
3.05360520084,1.41486794607,2.97852699673
12.9135299404,2.85087594955,5.7236273665
6.62518335947,4.88335265074,2.43798707335
13.9999067403,3.84030565682,5.47077891298
6.54030945288,1.56297571351,5.33286005973
16.9160155516,3.89759932732,6.58017393739
18.2064531802,2.49053714157,8.78838785542
10.6281198786,1.94914778873,6.40242925749
18.4142094007,4.49329282742,6.89729844415
10.2956682639,1.90863548003,6.35269925577
10.7193256865,2.59194641965,5.03398025105
10.4826886685,3.59847937341,4.18620439747
8.15179879185,2.93073818991,3.55957755697
9.53400383699,4.81084585246,3.5188464036
20.1003318918,4.62113759208,7.48161704778
18.9780182986,2.80264418821,8.4928402537
25.648910594,4.89805471614,9.43294770661
15.0236348687,2.78780016115,6.74379668783
18.3121093884,4.04916768617,7.0440092246
11.7094576498,2.39354848505,5.82130244454
9.01367964286,1.33874450398,9.84663404856
22.5638658877,2.92029027391,9.87136766772
9.18179925144,1.78219210023,6.16694858807
9.99878344749,2.9124232668,4.38059547689
14.9886210137,3.76486746064,5.89434460737
1.28092773728,1.46158817914,1.17452409055
3.62056091063,2.410995151,1.78997846928
8.93054511011,3.79755086568,3.50219842988
3.80241959715,1.95678312272,2.28061853385
8.80892549181,3.90703269788,3.42407785329
6.31489890918,4.48465508802,2.36638493727
20.1662991475,2.86583894356,8.91247461762
4.78473013659,1.22765367613,6.38085031299
3.59936238498,2.16189821567,1.95049437828
25.2179542361,4.54614975653,9.42058742219
7.45989266518,3.01290428817,3.21160987054
20.7940342491,4.84995338885,7.66231600208
26.2645335456,4.87095854662,9.66985418172
22.078960313,3.50416757688,8.90283319802
2.90014079076,2.07688616706,1.63351245518
11.1129573199,3.20822724666,4.64501025892
7.2431524558,4.46930716594,2.71639146604
15.5099367621,2.29384904993,7.9779452827
24.1899742901,4.02281623402,9.3222979183
15.9822620652,3.08676450112,6.79981854772
21.5684092597,4.15317386073,8.23880273061
5.99202034903,1.59592077622,4.72319470307
3.40909631165,2.73890571617,1.5462821571
24.1617977239,4.95188856868,8.86733494471
24.4392316052,4.80853393154,9.02099965267
7.38438299007,4.0086001696,2.84867636617
7.89667224239,3.1175248015,3.3440273283
10.1581780869,2.31519044347,5.18532564105
7.12445809685,4.07346620358,2.73592200171
10.4103453414,2.12211787624,5.74119153836
5.21631980085,3.60964980873,2.08082459889
6.20908053072,3.72628797074,2.45002775318
2.37458902236,2.0150102119,1.37968705595
19.022301649,3.57369355068,7.61524152428
3.92825069099,4.32128489807,1.48520602237
7.70211609043,2.30983875164,3.93908017168
9.75287824701,4.14049948601,3.72852212372
16.2309649003,4.25024940802,6.1624355896
7.47781133224,4.31658123232,2.82800277762
6.60493650414,3.04825733401,2.82720795801
5.01781561293,1.5749015081,4.04072171564
16.878978939,2.32925227982,8.57364523324
9.20304370728,1.35339424681,9.82371289454
4.32254901143,3.78124637221,1.69747355268
7.7003074317,1.41423634478,7.51754526801
4.01530617932,3.39937160754,1.63810996753
21.3561857472,4.98752552471,7.82705006932
6.300454901,4.92320477959,2.31483171929
20.4842193453,3.66942317143,8.124804163
5.2392273194,3.7319950068,2.0662872802
21.0391886521,3.24969454574,8.74473652482
11.9807770005,3.50028869524,4.83297500563
9.54807942666,4.27791668546,3.61913172397
6.87822469342,1.40397409715,6.81195464417
23.8612287016,3.5548050252,9.57074587522
4.71603046814,2.47978111889,2.2835451755
13.2867280224,2.49146921171,6.41188591531
15.8960774557,3.31630266591,6.55049728566
17.3018126052,4.43711587957,6.4996955478
19.5610625866,3.56287605088,7.83949657633
19.7313499711,3.51546004423,7.94668228411
5.27345762838,1.79965815353,3.49718812448
15.7459343897,2.10666036331,8.74531604014
11.2819100695,3.67589736265,4.47213406813
3.41576856289,2.68056926418,1.56980227393
9.05617319185,4.32358761224,3.42353429437
6.89425314957,1.57625803395,5.54398793101
4.59454207307,2.16382054028,2.48773001453
14.6909939337,1.96918550375,8.75000345465
3.32246260357,1.24805285786,4.25645212095
12.4073847255,2.5482907567,5.89382476096
6.56673117285,2.2092758646,3.48897451639
5.93561205969,3.39541735413,2.42264842611
12.3139345422,4.51079881494,4.60823774485
9.49399489115,3.7031596076,3.75401080953
25.6531329413,4.92259456787,9.42536785814
8.1101992688,3.81309910158,3.1763536547
19.378851309,2.59471788432,9.09419915771
17.5096133889,3.07205055881,7.46670996412
4.80128447277,2.36969914482,2.40557869943
1.93669751952,1.26990863622,2.38111165369
16.0594051634,3.59441537773,6.41581194133
22.8070317893,4.26403418202,8.65200033966
20.111436024,3.74035043607,7.925850196
6.34022788924,4.69799828007,2.3515729872
8.23337709843,1.56213059791,6.71936269675
13.6728998217,2.58700489874,6.42917866701
18.7969833684,3.60144644319,7.50427801781
14.7190630845,4.7506400185,5.44655850335
8.73857036432,4.6762937621,3.24429926361
10.0644480102,4.97604253363,3.69022588095
14.948665358,1.82012400396,9.77113391785
4.35886385897,1.41903470148,4.2273747871
3.0213587793,1.65030549894,2.26116104005
24.1672856481,3.35536338075,9.91112076554
11.3501972079,3.87144304878,4.42423392052
25.4258057238,4.51209933779,9.51445946587
5.56066022151,2.93252441612,2.42734901387
11.8093374557,1.77962665952,7.94678298719
20.8098946088,3.48102610277,8.4120486379
21.6984059694,3.44974698287,8.80149567199
14.5605372041,2.86430835519,6.43690249716
5.00563966946,3.30833825992,2.06480372688
6.92990585871,3.54780215013,2.78158424016
8.97298267173,3.98013636876,3.4686729503
8.96613510378,4.58345492517,3.34333509005
16.2403068936,4.87812621157,5.97749091069
25.555235738,4.2247653615,9.71769309317
20.6137019825,3.66396317023,8.18033144354
12.9994720064,2.0174836189,7.54321095285
20.7281260073,3.67567327523,8.21677212531
11.7002659754,4.30204105953,4.42861254864
19.6341997075,4.19838860922,7.47839060907
18.1530478984,2.75457526767,8.20588089213
13.4208120471,2.19346315349,7.17677978974
4.04186656776,1.66731995623,2.97900725002
16.2260403943,3.3251321621,6.6791050748
13.2351521646,4.81432809822,4.88416786298
4.81515596937,3.96476958801,1.86349995924
12.1934071499,3.94509279529,4.72588341415
10.8793432345,3.0426530071,4.66103803201
9.42830541252,3.65259184331,3.7455260283
16.6678292326,4.95093595849,6.11728677723
19.3397674468,4.01746458145,7.45597456047
21.846463682,3.58918480939,8.73230041932
15.1314888682,4.80830156891,5.58538377886
13.9834139792,3.34733868123,5.74025985754
2.36630070312,2.69962971864,1.08273607548
7.97651826558,1.85615615376,5.08817005202
4.04231219575,1.96123278028,2.4183947733
5.3921146318,3.9342685742,2.09157055108
10.575008843,4.6139506278,3.93750163376
2.195067121,1.73400312933,1.52975129817
3.08020308302,2.59156825342,1.44665655464
3.94373747708,3.85107270339,1.53975776283
0.862637884766,1.11845324704,1.47400915195
11.0195319929,4.95146487529,4.04421376432
15.1020192886,4.66479522118,5.60975766957
8.31782238089,2.59335004146,3.9047908248
6.59978788936,1.43975873285,6.22476013806
12.8971271272,2.3445936105,6.51655793974
3.66774873316,3.48668635251,1.48171544889
19.9157256258,4.57767183121,7.42835279325
18.3654677131,3.75582980201,7.22796759018
3.63189035451,2.36678148452,1.82144008542
23.4693546954,4.77647430021,8.67478534773
16.8841968251,2.42202715833,8.31865469641
10.6557116603,3.59413389025,4.25712824671
22.6214925194,3.95011955278,8.76425641532
20.9470955399,3.05344810153,8.95886025071
13.0590464677,2.28927446385,6.72846204616
12.2109112331,3.28141592938,5.05429073044
5.21122317731,4.5896977889,1.94259993657
6.92965098912,3.6663056546,2.74935711665
13.7473558843,3.06096157452,5.87259358857
16.4771188161,3.14439666143,6.94988835531
17.2378845485,4.80526380758,6.36371588293
19.2152224915,3.82803247844,7.51633262427
20.7283464364,4.22440546633,7.88238363086
11.7842861994,2.3187365541,6.00786438241
16.4259434856,2.14951962044,8.94905622905
11.7393753739,1.60486603721,9.17186477945
15.3811288691,3.14755242521,6.48461973567
11.0603701751,1.61573519606,8.55032086764
20.2968115651,3.38320761233,8.29614104275
6.76610255785,4.42181192823,2.54387505936
18.4191200767,3.14714402752,7.76588695285
15.985624073,3.74944204679,6.29485625403
21.2918175356,3.37656226077,8.70969852022
16.64610644,4.12084986193,6.37203180714
4.69284319757,1.55415859641,3.86256797155
7.61031516781,4.61510703385,2.83347137278
7.70091334819,1.92582441701,4.70275178729
10.4387511913,4.73614162717,3.86514546565
3.2908427316,4.30809566588,1.2451623259
12.3869537908,4.42649132101,4.65599542603
19.0865909618,3.00067578039,8.23386378074
11.2924831119,1.85239533526,7.2213228907
17.2535044808,4.94840315568,6.33285458736
10.6968141776,4.93841380675,3.92775587893
3.10596754868,4.48129085567,1.1641029505
2.32681168295,1.77380387831,1.57256244753
24.9378326522,4.22104638553,9.48509181805
24.220486832,4.52457844995,9.05771568433
19.5938224596,4.22607353075,7.45019262648
6.98779018275,2.22239353691,3.69323154588
13.9758810988,2.59020448872,6.5662447009
21.5448711799,2.76986898679,9.70742955044
5.2743202778,1.40881152719,5.18813548303
20.0228270563,3.55689440508,8.02944758251
19.2944051497,3.21758666942,8.05433788149
4.16616017611,2.96323648443,1.80878678872
7.35896856201,3.73632779366,2.90117450382
9.43618552183,3.50261975226,3.80555343475
6.7163202266,2.64432116402,3.11328010345
4.15664277574,3.67463775826,1.64788012732
15.1578617752,1.81444401252,9.94727225808
10.4235065718,2.98447887782,4.50897413632
17.4629335691,4.49960832054,6.53886975798
8.23139367429,2.36051728969,4.13677923059
10.5093395605,2.03913091346,6.03076361248
5.69774529953,4.08316568401,2.18658922799
15.3127506246,3.96874806397,5.92439750091
17.2897865203,2.86779225348,7.63834713813
10.2561172386,3.15386287259,4.31996862881
10.7471464824,2.6413746133,4.98528158065
9.20024808411,4.99414450167,3.37105509768
2.49734878256,1.5016204059,2.18060524118
2.71906784325,1.32182629861,3.05330539736
22.5915373023,3.06788285436,9.64012090538
4.24306872335,3.759994343,1.66931053375
11.0077362358,3.31291378025,4.53802610701
4.75329404253,2.82415146746,2.11791861971
16.498368284,2.53291804769,7.86987722644
16.9933849171,2.3054570753,8.7044996014
21.5508643489,4.47807338093,8.07851470257
16.801158501,3.23317271878,6.9987088825
4.24104715862,4.16420135608,1.6188636628
21.5375133443,3.15510387477,9.07016200036
20.690080308,4.38824457365,7.79314277072
6.70726885916,1.55861827063,5.49433627186
7.08760005855,4.41060693944,2.6663626432
25.6302635548,4.3205029289,9.69081135159
7.87938458129,1.90423206611,4.87489815911
10.3332022627,1.445559696,9.67213480509
7.74802547353,1.46954878685,7.03364531092
11.1305659512,3.85193866542,4.34541496848
10.5726045514,3.77972255873,4.15242285353
22.0219330475,3.96068601939,8.52523366097
21.0472655707,2.73376976176,9.55726299124
10.2144836269,2.90641869521,4.48002636242
5.39911817696,2.82549685839,2.40503126767
17.8236162044,2.38824381007,8.87610430716
12.3605294121,3.70815506694,4.88525457396
5.67554012484,1.80192866351,3.75771769022
10.3421612594,3.0041279228,4.45898168425
21.7721101662,4.2914280967,8.24598220552
23.9788373064,3.67374825199,9.50707438664
9.33004309032,2.0223507974,5.40026051892
2.35197657141,2.96665247421,1.02053261707
8.23134768541,2.29144945633,4.23770648987
8.89835044929,2.63727136094,4.13179723322
14.344739591,3.51701544401,5.77630877045
14.7403252669,2.88934242487,6.48555034446
22.4239374635,4.26223653436,8.50758749118
18.1382095922,3.26174319382,7.52697210385
15.5999405836,4.90025194232,5.73671841375
21.3682287926,3.26002309277,8.86936913051
10.0274434321,4.28182599286,3.7999510554
19.942093035,4.97893895512,7.31115586632
9.97100225101,1.57103689929,8.0616963259
6.74491188983,4.44880485724,2.5322604626
11.659304791,3.82773695306,4.56082902054
7.19802340177,1.36350058486,7.56478366748
15.1227103597,4.64941987883,5.62143186885
14.8682310605,3.39741422082,6.06712371992
19.4194571311,3.93486540822,7.53235554887
18.2547320095,2.49454677853,8.8015803108
23.457819864,3.8065198901,9.19228362336
3.11119902705,3.39721554205,1.26958393532
9.53871764118,2.41713479266,4.70679351893
11.660221334,2.15417839298,6.33976541848
19.5187597156,2.60427530336,9.13766139042
11.9084490453,3.27467814475,4.93340308479
19.6480384181,3.676381607,7.788106639
10.1689901936,4.80651955303,3.75389140675
2.93534528422,4.19734611405,1.11810485674
17.344133622,4.48264602578,6.50004943301
13.9941295379,2.46474868668,6.80601265945
10.3678649869,3.94852056164,4.01730946845
5.98038820263,2.60633215946,2.79825267521
6.7024996093,4.11993533847,2.56583298097
13.0187260747,3.35473880104,5.33944642621
23.6442034835,4.28758165995,8.95704737778
6.41581193678,2.96596323933,2.78418066106
18.8564876181,3.7880856978,7.40067191209
21.9398176105,3.87177923467,8.55177105297
21.337656141,4.72576269858,7.90428548841
4.00418442979,2.52605926965,1.91363369189
15.9139392899,2.53092684034,7.59523852349
5.99690172336,2.58786788495,2.81919672014
6.59874994954,1.92515168109,4.03130140729
11.0125295596,2.46070254049,5.36234574703
18.5404700961,2.50985778008,8.90066997533
14.9465517983,3.13211916935,6.31571088571
6.89292187003,2.18046393049,3.70596309293
16.7807906854,3.58486968713,6.71037170766
2.69013184531,1.64347787716,2.02591009094
19.7935835965,4.5630344967,7.38807059756
5.06139646236,2.25878005108,2.63756526358
8.61715803996,1.71906854561,6.07796609574
5.29673117513,1.1700575795,7.99044037216
9.92502917916,4.03618318831,3.82127737635
19.2943190971,4.77372136319,7.13244278594
24.8496552084,4.57450382307,9.27008352906
20.4844774343,4.4300548129,7.6982144749
10.1185480531,2.80316318899,4.52766463353
10.7549854227,1.76203664299,7.33347878006
9.53348261136,2.03397123152,5.48513676794
15.2591741986,3.22799672373,6.36082923878
4.34978362942,2.86689360575,1.92199415343
20.1518839658,2.43466438896,9.88996497609
5.75959289475,1.77403832988,3.89190643474
9.05099273707,4.964689219,3.3200675162
4.11449608501,1.49261574531,3.63126922171
5.22630755499,3.51335446149,2.10533255747
10.4677425105,3.68222597353,4.14697184285
5.00552647426,3.49853893148,2.01957828479
21.8766674536,4.59622628268,8.15245675495
12.9840412818,3.92548148799,5.03980793511
13.8898979289,3.29434037993,5.73971120279
9.91772060931,2.78656787788,4.45299726905
5.73076798994,1.85484382581,3.65878529085
6.29216373618,4.26952545799,2.38619100363
22.7658476871,4.24350323274,8.64707977337
13.3293563527,4.94150999477,4.89380978588
22.1098932124,3.65125953249,8.78456975228
8.78013700458,2.18854725738,4.70473324353
23.4812900933,4.01763989916,9.0525240795
7.14236386055,3.89591048923,2.77868008008
13.4296827685,2.26048863295,6.99386852215
4.6308864024,4.59612610399,1.72573280319
5.59538176901,4.11389882819,2.14286820474
13.7033498852,1.91834662604,8.40577523457
4.77319756689,3.28229128746,1.97547915297
20.7513472966,4.18745058211,7.90933983703
7.14664864774,3.70042470369,2.82655089302
14.4879128233,3.95714422359,5.61010948275
8.31558709553,1.49024656528,7.35985317864
8.47401928411,4.22050022624,3.22319753226
8.23444554959,3.94128309131,3.19239833486
4.76449949382,1.04579230298,9.96916760553
19.0300841562,4.26829145105,7.21735203651
20.2262950618,4.0192975958,7.79673395917
18.4979655377,4.49480420915,6.92813339025
10.8168247799,4.64425846155,4.02180734014
11.6392719228,2.22081260682,6.15553039527
16.0780157029,2.59797027528,7.53891925096
3.07515646108,3.19098102456,1.28844550335
22.1539935719,4.8902403414,8.15015331715
8.33843315221,2.77718255947,3.75124932175
4.73604262333,1.76250757214,3.22819848018
9.48739232835,3.73730131089,3.73995537206
26.796527978,4.89663466488,9.85556575551
17.9176789122,4.45975294449,6.72300578874
22.7638072129,4.83102998039,8.39468871454
16.3620102579,4.62407366681,6.08931916225
20.0410429218,4.16238042036,7.65082589262
4.39575278213,2.21245070244,2.33252346305
22.4047966575,3.85830752596,8.74242828743
4.32443215837,2.37449980527,2.16323306938
10.748715258,3.82220138859,4.20654932817
18.2142146293,2.78292758619,8.18427231983
19.4021597643,2.9298671229,8.47350377856
24.5559716806,3.65938236271,9.74896582495
14.3091527281,3.17922834468,6.00526481181
2.2793570896,1.20677474768,3.17304938452
15.4845602432,3.57310015489,6.19933987542
9.94600948914,2.40157164915,4.93193216285
24.2167836856,3.3772852069,9.90534346308
23.1568886352,3.80293482846,9.07708528336
7.87507752192,3.92902643822,3.05591613172
10.322491027,3.81562660524,4.04194648505
12.2749737738,3.01757216048,5.28050744321
6.33153701575,4.43881982398,2.37832483489
12.0259311083,1.93118814505,7.3206398853
14.6367540843,4.25924522797,5.55414630798
8.6440391604,3.66972548465,3.42845124701
2.37034917789,2.11544989969,1.31119068498
19.8347284873,2.80659799401,8.86907286705
20.0149069045,4.29454731522,7.57906984862
20.8925024159,4.1882099271,7.96275891256
8.93034151972,1.57869104146,7.16331516032
2.66561140411,3.9538916675,1.03244734685
10.6342166871,3.4199698528,4.32809115935
15.8108792426,4.93347608802,5.80670005486
10.6654516342,2.47064704119,5.17810898413
8.39953455743,2.56436036753,3.9729523588
23.6735357403,3.7417720043,9.32849436406
4.52293521882,1.85539518928,2.88659907115
2.34341777846,1.19177583949,3.36847659794
16.216773586,4.38339171618,6.1098574447
14.6177404135,4.21086068774,5.56335850801
23.9363566621,4.1384846747,9.15206649095
23.3245841767,4.08534848004,8.94980585905
15.6621806351,4.72237217691,5.80274243868
19.8966589463,3.26448597305,8.25371734154
16.7025435204,2.80792187841,7.46651009104
13.6985858289,1.88485254391,8.57801458598
9.57628137341,1.52821519328,8.1097691315
18.7325783986,4.87253090666,6.89636446411
10.461854953,2.86937896527,4.62047706435
22.7991072074,3.70056091939,9.01709907765
5.80978394603,4.30478802414,2.19868184585
24.1632890696,4.22475745204,9.18839270458
21.9510216668,3.79530795682,8.60993059573
11.7304058387,3.24135171239,4.88106102641
10.9532685736,4.50028992758,4.10122973894
22.6127427714,4.32324560955,8.54853602715
16.8882140665,4.19631723869,6.43331937556
16.823684378,3.85172783419,6.56814178741
6.23315941229,4.41288927406,2.34463128321
11.2940651446,4.02760015932,4.35101295198
3.06880556791,2.12532536879,1.68996257439
21.1522159287,3.76465837996,8.31835713965
23.5833319687,3.90858098213,9.16587187916
21.7347246382,4.22721099209,8.26365368607
10.726852476,2.81500453156,4.78833521992
10.5161190593,4.53097068715,3.93144346721
7.82497420832,2.83045801981,3.4821853335
3.49123341822,3.79233770832,1.3697231114
25.2806474376,4.37206181701,9.53075960091
22.3621550261,4.7180563839,8.28662837369
4.8406462821,4.11321473724,1.8539109503
9.82951105452,4.34555864514,3.71122564127
12.0850104499,2.15159261918,6.57811521437
6.74977996647,4.98691540237,2.47385377029
5.90566796678,2.50293861148,2.84065141727
5.22807132972,3.92260566731,2.02974349138
2.38998677928,2.49556362827,1.1520056098
22.5110596893,3.151186492,9.48554661198
8.0928576179,4.54487745722,3.02341270776
9.81201942031,2.69511713547,4.49426115516
7.61030357329,1.91416133214,4.68003117654
15.7863126341,3.06420947283,6.74013533903
21.8084517198,3.37020010808,8.92780243426
16.45030336,3.63612946582,6.54534850703
11.4148836729,2.28126579096,5.89864246811
4.36926978499,4.66754317786,1.62279315965
20.7695225492,3.92189768714,8.06398519752
18.0383287877,4.17928252393,6.87883701761
19.0945843176,3.38690184103,7.801339846
3.09797808479,4.33248411098,1.17054155534
18.8925803436,3.79752996235,7.40891859536
1.95673691964,1.06470287695,3.87083944017
18.7790799477,4.00630488895,7.24560906642
14.9396368371,2.30311698786,7.65893130357
5.33231140788,1.8259994667,3.47128962001
4.73444939191,1.93372540948,2.87773618739
21.8281744831,3.83875662751,8.53092866607
8.32748584825,2.67027283561,3.83632333014
9.11657172576,3.34111427293,3.74524632847
10.6556025641,2.56221115444,5.04292860059
18.2793015913,3.83627053006,7.14540245591
26.3523103397,4.51706050283,9.85868660339
13.0255608435,3.17725786393,5.46809501905
13.5097783531,4.13395749506,5.16699644572
17.4650521995,4.6920157592,6.47948628791
19.5403749975,2.97602327816,8.46495725877
12.0463511462,4.34434773488,4.54852684553
13.2864664793,2.84977327411,5.89018670093
17.9474107005,2.37979505196,8.96234872771
12.7960212448,4.54629469649,4.78013282067
9.29410184128,4.17745026827,3.54467767108
20.7072288563,4.5635403766,7.72890234227
19.4581522057,4.93304619537,7.14631630583
2.61789952761,2.76084240821,1.1818052593
9.6658702746,1.84033225765,6.23118837831
23.1290338353,4.49065905728,8.66447352947
19.2630139679,2.88322214941,8.48521388209
16.9591163762,2.08555311201,9.51276323652
3.81595605438,1.19013668654,5.50472959163
20.7708602013,4.65606420576,7.71859454928
6.74665669082,2.26874909548,3.50259187593
11.3098314038,2.46955913937,5.49271314519
17.3140815714,3.46614160621,7.01033338039
7.51236541333,4.97073827521,2.75503571858
17.2351155845,4.08847341082,6.61183165666
9.5080844864,1.85935338977,6.05241499277
18.5269601119,3.2363943432,7.71426162864
13.4724182787,3.27461908149,5.58136328035
8.41725037614,3.89058516222,3.27603033856
2.58058009855,2.3161585799,1.31682775963
4.15369956776,4.63332221543,1.5451774551
8.66079997618,3.54029147987,3.4790399721
17.4851372437,4.98691769221,6.40845615347
2.37023028263,2.22680579739,1.25054189801
8.20059631201,3.9256499546,3.18305351804
7.45925278654,2.49604198712,3.59496900559
6.04482696924,2.83566535985,2.68723077429
24.3572235525,3.81747686673,9.53601922304
6.92169688252,1.40102656077,6.88365594797
16.8541740893,3.13490866658,7.11884665415
12.1245969924,4.45120719879,4.55139275207
10.1316944031,3.25212451882,4.20978279014
20.5305323781,3.17500131901,8.62142589222
25.5881667869,4.58117197873,9.5424921707
18.515347299,3.70285167479,7.32133905476
20.1858169732,4.06000554353,7.75891208961
2.9615070642,2.70358765979,1.35386373669
6.64955973126,2.3141235924,3.39560405452
16.0923252278,1.98585315093,9.49685271698
7.31867949925,3.29857016207,3.02266134243
20.6050958034,4.39466295906,7.75839759551
17.5097037574,3.52227146336,7.04686921809
19.1175774114,4.78523162428,7.06363080628
15.4057127678,3.17670824534,6.46778107938
20.8788247899,3.48788373211,8.43363954641
14.7969298865,2.18340895034,7.94573691124
7.78420503648,3.41040750434,3.17163111873
16.346959691,2.43976939414,8.01012040575
11.098647433,2.75372671449,5.01793351562
17.5594099607,4.18233733429,6.69490501922
4.52790883336,2.23572702707,2.38058535629
17.2812493032,2.87207647915,7.62833843069
12.4571207331,1.75410403345,8.54586539975
14.7189598758,4.67356688895,5.4652709065
9.36352603972,1.81196002553,6.15550841929
4.47364491946,3.21520213216,1.86810732358
25.0230183668,4.69723862987,9.28128551902
13.8083408513,4.59159657635,5.14689700569
3.11205406924,1.7336485988,2.16941515797
9.26547376242,2.90559579643,4.06441024195
12.4659731628,2.39736765553,6.18981124987
21.3329961108,3.85938239288,8.32348895992
10.2586560688,2.66664729162,4.73001398484
11.50024477,3.19015765127,4.81899049784
4.19232654527,1.11811363924,7.16975300961
12.8833436416,1.8284453271,8.37284248447
7.75459929829,2.64484124781,3.59411193059
16.373148463,4.78272213211,6.05025664161
23.3669896717,4.37046753675,8.81009578396
23.3900582351,3.8369341037,9.14270781496
13.1368200597,4.50057955437,4.91874363872
24.2915564577,3.50826662477,9.79073808055
6.52590020673,1.84406262866,4.1964340612
7.95883894285,2.53845331383,3.79071669513
18.7071043511,3.98535086278,7.22881712266
14.3476717529,4.99673789719,5.25660691233
7.85804260275,2.02228927194,4.54840672572
17.2481823606,3.74785538336,6.79297255384
14.4864659114,2.21171525723,7.6892460558
16.3652578763,4.19221623982,6.23571468942
23.1462344856,3.11906298633,9.79954481393
4.9883584278,4.65138381409,1.85410971049
16.9923258906,2.18357573514,9.12399727533
19.0021743301,2.25762012823,9.90666245428
8.1179298225,2.24597933211,4.2511249746
12.6056593012,4.4204222935,4.73974801167
10.7946113903,3.3631323051,4.42277418014
6.37413487556,2.51396864419,3.05649131418
1.75512869043,1.17908613641,2.5943525617
5.56892814532,4.50347242471,2.08483384814
7.95868516997,2.39334789326,3.95687860157
14.7727745587,4.50471312859,5.53011866462
2.10745450118,2.49179567661,1.01691652375
10.9646143799,1.99281398873,6.44633758713
8.86676368214,2.4126925612,4.38132154519
7.97934683931,4.40190498713,3.00325925302
9.24670063178,4.48031268897,3.46579804869
23.6677636367,3.38776512134,9.66878846449
5.70246791804,4.5475094825,2.13010848331
9.34274574173,2.88027094274,4.11769995362
10.2262914392,4.3104238407,3.86881803735
14.6197341701,2.29689697285,7.5117452616
4.72701458963,2.68821805046,2.16857671002
16.4118991275,3.65132375112,6.52063743541
13.1023443485,4.70727658957,4.85760139583
9.93070632818,2.62339048294,4.62688602369
5.06459247046,4.94606854226,1.85911320783
16.8410050834,3.23617679446,7.01246838382
21.7855706496,4.44066179301,8.18254553323
12.6460664309,4.99266570912,4.63389179264
23.5592841604,4.43428620957,8.85174741178
25.0590960671,3.81764874884,9.81066721897
8.04671101064,3.37099881851,3.29379597604
4.84829011701,2.0509604914,2.76569608623
18.079317802,4.57571785946,6.7440327138
4.90857215403,1.80303606569,3.24734477356
18.4026098321,2.17095057154,9.93390455459
9.54368015675,1.45994811901,8.7691370391
15.7536209846,4.89999290829,5.79329239704
20.9413983306,4.63147047562,7.79088278825
17.4590999032,3.31279912423,7.19775538748
10.6037955051,4.66786180819,3.93830462765
6.71021097834,3.45081154593,2.72153065259
20.8102626339,2.83772204664,9.24745897901
3.13433524437,3.31419133887,1.29194711754
11.1452852363,1.90477010107,6.89320408142
18.8973370616,2.41661335231,9.3262401853
3.70070282013,3.96120759635,1.4325777594
8.63202823015,3.5610927857,3.46008934452
23.6916947083,4.16034204424,9.04567756556
19.3540590967,2.56495444547,9.15297171064
21.0109148096,4.57845895297,7.83654712896
17.0467234108,2.80456140582,7.62558296586
11.2655255732,1.80161846398,7.46044610597
22.0432176061,4.45770574594,8.27186428077
15.3843670036,3.34315158326,6.31858879531
6.60636301237,4.25319762356,2.50780140223
9.26438220718,4.03901453096,3.56620852427
10.2059184591,4.93170121362,3.74848244381
7.91021432452,2.76336084696,3.56901281283
16.8635416064,2.93806244671,7.35402018049
12.615008286,4.94897203998,4.63020486528
10.479239366,4.21244464708,3.98789605456
16.7165259926,3.50032621127,6.74332123994
9.64959520635,4.00527122575,3.72341982164
2.7271908998,1.150554046,4.30521441415
8.61954766512,4.23979805199,3.27467349446
20.3521444776,4.68455498481,7.5531395732
3.8737306676,4.22910693071,1.47264078826
3.60954447109,3.94677013768,1.39879959022
15.0907671858,3.22917078549,6.28962775826
2.90260243056,3.21035248215,1.21287859788
8.41406468045,2.14853695192,4.58605411475
5.14616011221,2.58713712896,2.41971033017
20.0145030757,4.67439200257,7.4312696322
4.52480386234,2.02480197279,2.61565172912
7.61032184055,2.81209897592,3.39914906613
15.7574475332,3.01225647265,6.78457585721
10.5645965387,1.96606424667,6.30331285318
15.112320015,3.73361942908,5.9592566696
17.1982180334,2.34143310919,8.69917029359
12.5028478908,1.77938190506,8.41498768615
9.48922648733,2.76925020069,4.27610128868
15.1024844335,2.7818147509,6.7876409493
20.2423684201,4.09436650733,7.76239533688
3.17780372023,2.31756047301,1.62077921243
15.2102799993,4.60978391003,5.66452105027
8.50209947138,3.4316526069,3.45572324126
10.2048421345,3.68375612312,4.04224930608
24.0323999718,4.10904371475,9.20668950343
23.3868130617,3.31783150602,9.63545466169
13.0148261311,1.9628537038,7.77926303586
16.6703060252,3.60020993935,6.65605976594
14.6358834822,4.42320613569,5.50229132545
17.4009833978,4.16722137328,6.64089804793
18.7557801374,4.17241529296,7.15556356675
19.9086577396,4.45529677426,7.47180276477
20.7960110137,2.60332134864,9.73795007982
25.6924726953,4.12646835899,9.83127533179
13.4822810563,4.399491825,5.07511688139
20.3129013355,4.81578856169,7.49561161061
7.81355297571,2.41743129355,3.85516931853
17.0859947639,3.67162708605,6.77555148495
8.76318263254,2.72181884275,3.98975706404
2.83752020343,3.05138279761,1.21397850726
21.7183005649,3.68681689296,8.60043358599
9.21241742037,4.82652777374,3.39792973804
2.98352956572,3.07909928645,1.27088232399
13.8301869865,3.14746433761,5.8308240509
4.49775513211,3.7386454675,1.77281677157
12.2682937677,3.21924855567,5.12016467379
15.0118542431,2.22757449429,7.91790436607
14.4490099407,4.83748804526,5.32698975987
1.98071074686,1.51558626179,1.70162269448
2.90412644131,2.86539283215,1.28358532461
25.4670715825,4.13492940918,9.73960305761
25.1636644043,4.34619199239,9.50044073444
11.5126637967,4.31646888927,4.35395533002
10.0738571462,4.2435411193,3.82631242464
19.8701846139,3.00748079422,8.56216067159
11.9808494897,2.29189923093,6.16703528407
13.2081425236,4.40988847636,4.96911077389
6.84732087603,2.54894439327,3.25208122641
10.1081334323,1.44465689058,9.47262691786
2.62283429694,1.16780717244,3.97708875854
17.3108284734,3.3935889033,7.06700959437
22.8415197683,3.39460358872,9.32376306128
13.3246603535,4.30159375447,5.04358606491
6.47568795746,2.15401809152,3.52113369743
24.6674399739,3.48801707412,9.96384138253
14.3349212433,3.9034697245,5.57360356818
18.6743469488,2.55125166057,8.86374729632
25.9114871226,4.4760071994,9.71417019071
9.41505200568,3.46507142934,3.81252880603
21.9227768754,4.21145274775,8.34327171113
4.62893538756,4.73299653578,1.714188051
17.646290775,3.91901736123,6.85287172067
6.09774282596,1.75310284409,4.18641993767
3.49969557653,1.41662099003,3.40540234618
11.3083369628,4.19014167387,4.30942079023
3.61664030749,4.81734421845,1.33448041619
11.4509319522,4.1863424414,4.36480846769
12.648425848,3.21944098552,5.27867378043
6.36232300614,4.97461711122,2.33293264864
5.49742210798,3.97667145822,2.12567160076
6.93799431612,4.51013765234,2.59648934858
16.7424342535,2.41432588114,8.26867339864
6.90663006422,4.12213891671,2.64359179458
24.3482580431,4.14518741859,9.30548580833
2.13637909158,2.37360697254,1.06900609443
21.6478077128,2.90482042134,9.49742414786
19.2862612023,2.36239999319,9.6864301912
23.0064452617,4.16168771291,8.78328296306
3.29599479231,3.76577901561,1.29606315629
9.27879797118,4.25425011354,3.52204460286
12.9212524174,3.69272176234,5.11403882706
14.9181317357,2.33446274819,7.56397023708
19.5599423185,2.53627856591,9.32172255351
21.7047804102,4.11432040025,8.31206531463
16.8252360812,3.2692519132,6.97524800067
8.83815122148,1.55728801206,7.25014825414
16.3921410039,1.92857551938,9.9939370878
3.30561172249,1.96242237419,1.97632127919
9.49727794409,1.39438725972,9.53504817228
6.78281054666,3.94035352499,2.62980109448
18.4597253095,4.00907581318,7.12097224266
5.49129530919,4.94312687245,2.01597676124
6.43205627754,1.42003173608,6.22951271849
11.6263964954,1.84366938769,7.47824541564
12.6104779569,4.54275567833,4.71164792701
9.31537522104,3.54676524009,3.73948306988
13.9833450252,2.96039833088,6.07403232685
7.47478042584,3.22945154814,3.11526900795
15.5918474393,2.38306015722,7.77776749721
25.1653894219,4.92207394882,9.24635176118
6.3252153345,3.21783715624,2.640334081
2.9476634908,2.05139008813,1.68112812446
11.9979425945,2.26160124873,6.24562252291
19.7761084077,4.77335562034,7.31065836767
14.5699857522,4.24087047242,5.53495758557
8.43187207692,4.92509881148,3.09769983825
2.6420251604,4.03140312148,1.01756031931
6.12273894985,4.72241105229,2.26843354629
21.1330827024,4.83145168209,7.79318465175
12.4777686591,3.6093331424,4.97761888621
11.2047248999,3.32083459953,4.61465666018
3.92777801229,3.06395323884,1.67707470561
4.54026417188,1.71303406201,3.21825643003
8.6123885448,1.50152484218,7.52090938428
27.1897181151,4.95665365253,9.97674863894
8.91653920757,2.66225451847,4.11546886667
23.1576721067,4.71094335079,8.58413684779
7.12947126197,2.11275862733,3.94862219956
4.07568404792,3.21615171754,1.70170506806
8.38407709846,1.59572382852,6.61002737696
25.1225671098,3.78074949034,9.866100143
9.4993073218,4.09722148354,3.6420235335
7.28760934988,3.18482526324,3.05604513511
5.24989959275,2.29900702787,2.69538851846
5.83320003688,4.51629861393,2.18234775213
4.52491438291,1.91160695768,2.78694999928
5.43049516007,1.18751855575,7.87875132267
10.0915265942,3.73832804314,3.97774623704
9.41476047378,3.44271277356,3.82190610895
10.1744911401,3.65532077883,4.04091831379
22.1032459071,4.27461956726,8.37971922597
15.5230658057,2.58882329227,7.29573947527
9.37715648611,4.92861240763,3.44450534361
6.08176032127,2.24412302743,3.18712433105
13.2542025961,4.75043613963,4.90455337139
8.55099945989,4.48490539234,3.20427852374
2.78254521379,1.12542329935,4.67123591
16.2705447307,4.39669588011,6.1256354124
7.51125057988,4.76337010114,2.77788705389
20.9950353853,4.41697722793,7.89563326242
15.4408913826,4.41679216403,5.80693632234
15.3367652489,2.08082352772,8.62217496608
6.18757291738,4.88372383521,2.27691784224
11.7474801514,3.72717649317,4.63504628709
12.2531029724,2.21563932492,6.49356070276
3.55083342067,3.69112823059,1.40557183314
18.6184330361,2.75122822023,8.42231651663
23.1817107462,4.0666942906,8.90634314103
2.8745448397,2.31605190312,1.46688842114
10.4445736849,2.3550802856,5.25862665923
13.593355093,2.86041932275,6.01382616662
9.12571293658,3.67931292074,3.61627686611
4.38218413983,4.58447473758,1.63396905065
9.38505124769,4.1441553123,3.58704641232
11.488054011,4.52627773084,4.29581137676
16.536838209,2.50152997198,7.95746335046
14.435261007,2.82493840115,6.43088810771
2.45503656992,2.33106947052,1.24624469533
9.70481872345,2.36024743351,4.87770597903
20.2109318317,3.33433142884,8.30993012019
13.7448276218,4.19903672366,5.23499889573
23.2008505049,3.3014259768,9.57862173585
5.47094621896,4.52577561828,2.04584220293
1.79692058865,1.93460930713,1.09165375029
14.7157310071,4.73043154246,5.45014736129
10.3411123728,4.86987573579,3.80747011476
23.2646304375,4.74281963215,8.61164951066
6.95543822476,2.3682815363,3.48650686946
17.3591933876,3.11576320129,7.35309404245
10.893097151,2.81271795313,4.86479101111
17.8402207817,4.29103363122,6.75697271421
20.3757815825,3.89625254528,7.92682455613
19.9776019243,4.11645454692,7.64953910193
4.14196216247,3.47526195918,1.67537057895
2.72400383975,4.58506796502,1.01566026647
5.42985903733,2.73871339707,2.46295382021
16.3567211845,4.60830843227,6.0918996109
16.3514968371,3.51525835909,6.58560713693
9.8373604068,2.54543170021,4.67659548617
4.71378715925,3.6705224817,1.86947210303
18.4328848141,3.13895565934,7.78101952233
10.2341941775,2.77620566115,4.60504819302
17.8448862949,3.05097094134,7.63509399699
16.4074108864,3.68440653043,6.49876519333
21.812660742,3.13970566618,9.20669920224
23.8834643008,3.33389456694,9.82045834851
7.20124575046,4.48611880052,2.69832235286
7.66296748539,2.27804839132,3.96454981767
21.247740983,3.47323730857,8.59634186374
18.2321883957,3.71121552983,7.20392176785
9.34762009362,2.37204561655,4.67979094536
9.4103774252,4.69921389519,3.49009218343
22.0132628982,4.65895291651,8.17918948897
3.40024245269,3.23892261687,1.41531311749
8.97010938261,3.9875137351,3.46569070551
1.60319866107,1.57368683319,1.29264207191
13.1190808331,4.4969368671,4.91301663619
3.09362808625,1.44872182086,2.88382402
13.5585462554,4.89084125193,4.98788528932
17.4375169581,4.92128970433,6.40714789689
14.0507401678,4.32509310444,5.31118701497
3.99637514002,3.64121867518,1.5893298153
10.0329354098,4.87785222698,3.69281454443
12.2028106453,3.41030399414,4.9720268604
23.4485805996,4.09605144453,8.99086793479
15.61514006,4.20675266284,5.94447814973
3.41254600192,3.27444935243,1.41378324657
22.7587525586,3.09821619466,9.66593043299
16.9802032176,2.25444628664,8.86322103297
18.5214047357,4.00734156437,7.14565618611
6.84429053341,2.69021051641,3.13846350195
13.6476974952,2.29569247643,7.01536219483
9.73091251162,2.57273286564,4.592576656
25.0339868867,4.79923811842,9.24415347021
15.5820297524,2.93750370865,6.79584270663
20.0538314324,4.89696169677,7.37555562228
22.1119202072,2.8729125218,9.75915439058
2.92230831691,2.25040722116,1.52772582594
15.8586137726,3.11730262616,6.7159183142
7.68126881938,2.52369219984,3.67334236374
16.3431095648,2.26831365598,8.48606732477
8.85193430541,4.29822692776,3.35125065627
15.44853516,3.2956630351,6.38270770162
9.57375682431,1.80071920635,6.34417887045
26.3083924143,4.2365302946,9.99687778077
11.6592108996,4.91596101722,4.28489455939
12.5670307004,4.96575984586,4.60962524804
7.91378046735,3.89548838427,3.07889517206
21.2425487383,4.87278362669,7.82032565568
6.91578535209,1.78416406803,4.6382423093
4.69064187514,4.14970816561,1.79215603317
10.9811263368,4.60940004712,4.0895997602
3.74139892122,2.19765214236,1.99727065239
16.2689568564,2.23897905887,8.54270470559
17.71943782,2.34320497265,8.95738224692
21.2505675127,3.8845210086,8.27475814014
19.7708071521,3.61402782616,7.88333705247
16.6510158975,4.81276834836,6.14512518986
20.8751519298,4.83902011367,7.69566196391
11.1132494414,3.88495855771,4.32723880648
4.77240615229,4.14350395404,1.82413164916
3.1149399293,3.54337800246,1.25087103529
18.8759211952,3.46315740235,7.64522462795
4.19611507561,3.07750056265,1.78784744775
17.7827528555,2.77598203827,8.00202523085
9.00652633213,4.13796625114,3.44376234392
9.09961535671,1.43842850885,8.5976278974
1.78963517456,1.79843574089,1.18787154723
20.1117019529,4.9473149273,7.38225861064
17.416184908,4.918173886,6.40009226129
8.69244677985,3.76068027706,3.41958399556
6.20910922186,2.60444227134,2.90665732774
3.36953883939,1.53166890121,2.84251197445
11.2151311526,1.99637238831,6.58099008871
16.7397544663,1.98437431184,9.88691372627
25.2541499695,4.5235839963,9.44474617695
5.63717516693,3.03665415085,2.41747615358
15.4611771793,3.57588175368,6.18824612559
8.01214381456,2.40659287197,3.96665516754
26.629847971,4.96245946637,9.76914152523
9.76364994199,2.45355155225,4.76438112855
5.97627909997,4.35882691632,2.25471367501
8.83416366535,3.23894093431,3.67711336783
20.8855484766,3.83524585366,8.16487206369
4.88909250913,2.09665448694,2.72807826272
3.87481444723,1.61828322517,2.98811632196
8.64836837662,3.52884350864,3.47818418657
5.59459613039,4.66398402329,2.07823190768
5.09199718701,4.83399269169,1.87756341212
6.68708252585,2.75899877827,3.01995622897
16.0871919858,4.43110732176,6.04534250333
6.37202311529,2.27615978535,3.29896935311
18.7267193169,4.68029357956,6.9512531534
12.8003803537,1.90637987636,7.90905780041
20.9475687546,2.95035441509,9.11515277354
18.1471729234,4.34850278148,6.85049687792
18.032753678,4.73287670545,6.67792727736
3.02893286205,1.68143051892,2.20501764936
12.3881465357,3.31061672458,5.10858706664
13.8168759704,2.37809431323,6.90353618485
24.8229343566,3.53322391785,9.97868050675
18.0789269603,4.20041047748,6.88513680663
4.45144241754,3.44050144099,1.80750481588
26.3382379153,4.3799838258,9.92510582273
11.901823457,4.80619234466,4.39362873216
5.55308741392,2.88815272113,2.44383002321
3.49163718611,3.06218902806,1.49126758908
2.60626157215,1.36604882941,2.72845932813
17.7165160667,3.32873530748,7.28936691653
11.163476387,4.85666815297,4.11245940531
11.0121133689,1.91684188665,6.76106143769
10.7265977288,4.5436361107,4.00759924543
19.340856218,2.57612217946,9.11998997067
21.6399186922,4.52946520189,8.09067795914
17.5694776199,4.43200467218,6.60204808143
13.8982809036,4.00970464047,5.3611200421
3.43031103113,1.02307140695,7.70493574926
4.97047006083,3.13470022211,2.09948603099
7.38016104724,1.89469368428,4.5930207505
20.3128734403,2.70618298476,9.28064976913
21.7663096147,3.11414009298,9.22213322131
13.5742903974,3.47526621934,5.49062383574
2.61235492392,2.68775028849,1.19857952658
22.9975333584,4.60093585043,8.56821949903
22.999991544,4.64236335759,8.55238948229
14.7695480262,4.05135753119,5.68044630719
12.7491929636,1.77073922569,8.6362690198
23.0313790461,3.36197632986,9.43774203455
8.81131645603,3.56414407746,3.53086098956
18.5847686697,3.96217453553,7.19382575929
12.9760995948,3.35429235589,5.32225167527
10.3811694727,2.49946129165,4.99831232656
3.71221855474,2.19938730758,1.98028554735
13.4454723239,3.21557707914,5.61427974783
11.8250399349,2.71212977716,5.39544942534
16.8813912766,4.48609281955,6.32550228472
8.27947385019,3.88675180278,3.22337784759
2.73792574236,4.59263350595,1.02047876999
4.56775721412,3.483576963,1.84592722655
11.2412303235,2.92137894788,4.91690647842
7.33926478627,4.85843213681,2.70348214351
9.26431149652,2.93100639377,4.04517439296
26.1371031384,4.67168967671,9.70575421193
6.64931529914,1.68963043795,4.80658660639
20.6053696068,3.27701515921,8.53375175052
5.87343202626,3.24060465895,2.44419929754
3.41361600787,3.78404159647,1.34021446318
2.13062779337,1.95319568762,1.28052576036
20.8319000519,2.77523740458,9.37557171208
7.17025783437,1.23627118502,9.39938758789
15.0194444361,4.22100357492,5.71265305627
15.7823619187,2.33962283186,7.98796010944
18.8529370534,2.70102015621,8.62371356248
7.2583118706,2.88232155279,3.1977744949
20.6449925207,3.1398930729,8.71360921923
13.8700109992,2.07292943847,7.82724524642
16.7912106709,3.91299766053,6.52382658089
2.70915443136,2.96018585377,1.17683581858
4.43888730566,4.47122100146,1.66454502097
13.1679330559,4.00300951527,5.08184404123
5.37466308884,4.85451597006,1.98012015314
19.402355337,4.26559835429,7.35972433613
16.9293984163,3.32232933178,6.97105912038
7.65726164651,3.72205766133,3.02260292647
19.0936813366,4.6490308157,7.09765402912
15.3776369217,2.14238175509,8.40419462575
7.24042171512,4.20303604577,2.75697264925
2.64646322211,4.22670342318,1.00623026733
12.7867221347,3.91950089148,4.96549186585
17.2059339781,3.97760898853,6.65250782974
11.8506140352,3.84171234952,4.6303636655
26.8004530758,4.90039625335,9.85553572498
17.3161971184,2.54137771217,8.24099307827
16.3659326119,2.25595160331,8.53768973439
3.35297704127,1.02150077078,7.56935340002
12.7476046265,2.18946462976,6.82805659467
11.8503826484,3.19421422899,4.96289001935
13.8915150266,2.03621965396,7.98340493091
16.9231062443,2.9391064291,7.37862337683
13.9876499718,3.40352935507,5.7037312994
3.62960745383,3.5563782167,1.45560258712
5.62151095906,4.88920795223,2.06816284279
7.13014237277,3.02883186092,3.06161861531
5.65264326843,2.59988356449,2.64921480504
11.6989737109,1.62248095996,8.98561639698
17.2853968723,3.15246454767,7.2822421465
14.4898936114,3.33638870224,5.95615713196
2.13436725411,1.6179736948,1.64643659174
10.3397533856,1.72743323074,7.24377163985
3.02213730064,3.74395561322,1.19063665959
20.0231635163,2.79168067534,8.98076177634
10.0292937911,4.30009898419,3.79657121759
23.8785859727,3.96504374519,9.24099633505
16.8776253476,4.50728175955,6.31723384274
4.01570287606,1.7921716075,2.6775186685
21.2054440702,2.71413299933,9.67112851366
17.0989769937,2.10412504606,9.50794910166
17.0563310701,3.79188013556,6.69200607683
6.54229484226,3.82431437494,2.55990442268
20.2278308468,3.08977160039,8.60214994622
12.0895464542,4.77533617667,4.46877794299
13.9318963606,2.38742540208,6.93987887273
5.0001107716,3.8504754053,1.95229304849
10.5307985023,2.96483278849,4.57080055997
5.12988139644,2.76152353993,2.31545938235
9.08195002457,2.87818535937,4.00433546526
23.4365728824,3.97954907844,9.06023264922
14.7865755337,4.31033463315,5.5940969946
11.071057167,2.80349331254,4.95354226149
21.5742797276,3.60139368703,8.61309661423
3.47311369409,1.49020161298,3.07410507291
13.8734079192,1.82389695553,9.04459390918
4.27358551655,2.37506998671,2.13739694279
6.99364685844,4.55497075532,2.61145452374
21.4978225892,4.98557176903,7.87954045593
25.4899239196,4.94265284441,9.35809022679
17.4753184091,3.59000066247,6.98453351671
13.7178138259,4.75416539791,5.07528397507
11.3717690004,2.87082949103,5.02095118889
8.59879156508,4.16122255393,3.28290092301
14.6768853188,2.35653521575,7.38589108454
24.1800606876,4.13724745708,9.24599531897
25.848743258,4.08485839239,9.91867370016
25.2360183663,4.20726734451,9.60671164987
12.1465686345,2.2987834334,6.236759812
6.05565726156,2.26317815191,3.15044322055
18.2154200011,3.97407038248,7.04465061592
24.1972769353,3.55251130903,9.70781380245
12.7198588464,4.29286281155,4.81712102875
9.30390208884,3.83076612298,3.63854804834
11.9559127587,4.00745005533,4.61261856703
15.4680702764,2.3878795389,7.70395823522
5.71580954413,1.45557341889,5.28132149038
14.8201124522,2.1574642053,8.04637184688
17.1174968542,2.87590070288,7.55056642948
10.5315520497,3.72193771484,4.15723567146
19.9036336553,2.98565260677,8.60814367557
4.00102554539,1.4866940265,3.5563829547
15.7931487222,2.10855089804,8.76388936252
18.9863539229,4.40546168966,7.1446824073
14.3872811646,3.18453405488,6.03352675594
14.2987462019,4.09974940218,5.48119012878
19.4775511471,2.7775485403,8.76178303216
17.6129177535,3.85079822435,6.87678347992
8.51943803697,4.75476771375,3.15191889279
3.78362942498,1.90903175977,2.33403557502
8.59324164299,2.49268976712,4.14546150483
6.76438163668,2.36353825777,3.39608772016
14.3898057816,4.98867956358,5.27363994112
4.52535575127,4.1238733007,1.73193308044
12.0472927319,3.39609173219,4.91677241331
18.3269794579,3.8731583141,7.14276406513
18.8995256522,4.913634388,6.94642986794
14.4231036907,3.85281174058,5.63043707368
12.7575427801,4.80438250437,4.70988123306
22.7154401636,3.39545683511,9.27137264244
8.20864279649,4.37379963329,3.09434489071
6.73615469314,2.07298750978,3.80129865822
13.1251793632,3.70395033159,5.18944164722
6.61775137421,4.43632127704,2.48616667786
17.2997478877,3.89985344905,6.72825952624
23.9312252265,4.53582375344,8.94450111006
15.9352403595,4.40922970893,5.99530208193
10.4794689629,4.13018704392,4.00900704653
2.25343687996,2.10869485256,1.25038785331
7.6328866458,3.76218878793,3.00236359816
16.1702727826,2.6609756169,7.46572625986
10.7485485517,3.47199004426,4.34920677547
20.7906159757,4.52039048988,7.77668909659
1.47723035338,1.51788167124,1.26574883923
21.0216614092,3.18249341757,8.81829537633
9.3167505663,2.07926267347,5.2417003913
14.5063458404,2.43546447845,7.11755361589
21.1775897159,3.5863506643,8.46733141936
4.91487158579,1.39876979676,4.90356990621
25.3369242559,4.11009904573,9.7057620532
20.2016867347,4.49852355023,7.56479565612
16.2106449249,2.24700838586,8.48568123437
4.86940765661,4.81573563735,1.79685160274
17.4099748512,3.03946916979,7.46278782438
4.91478673199,3.6578935791,1.95149241528
21.3792267842,3.7642709099,8.40791341442
15.7121944059,4.06563781092,6.03701699407
15.376832364,2.74637753317,6.96322701963
16.3013118545,3.72204181326,6.43473672066
9.66563185799,3.43208502572,3.92845455959
3.12060773191,4.7722066381,1.15365580788
11.7283549268,3.09763197002,4.98162557415
11.8867172105,1.98762080219,7.00816842623
23.1441043341,4.72338252437,8.5743659022
20.7304548963,4.06756214727,7.96410215218
22.7820958647,3.81054362172,8.92449134085
4.15153671525,1.92124668487,2.54216983009
4.43643106327,4.17155291934,1.69264690819
2.38543264046,2.5565089479,1.13065291211
6.23229729395,1.31665766833,7.05886446241
14.9784839255,4.98173906973,5.4908191675
9.10305025287,1.39638541579,9.11309908732
24.0763843125,3.42328437723,9.79529579279
24.2029135029,4.96476637788,8.87803939542
2.90341944848,3.53518153825,1.16692071349
19.2536986644,3.66089526842,7.64282504143
6.78246824987,1.90500457203,4.19425957414
14.8888009056,2.29373822093,7.65875583261
24.4562412581,3.91744326365,9.49863964975
13.3424471444,4.59906957643,4.97145624421
5.20078947574,2.20961580542,2.76285577322
21.5129617426,3.62136377884,8.57188681672
7.38326517546,4.02283514937,2.8453484146
11.2838671823,1.78883341201,7.54196248815
14.7829407356,4.38070587562,5.57047099373
3.96985497572,3.95143794689,1.53789088047
15.1884145761,4.02784067937,5.85120250907
8.46483587292,4.8300835438,3.12172949072
17.9509650333,4.3291465656,6.78389664851
21.7231356628,3.88381836502,8.45924004809
26.2764983565,4.37745737183,9.90322594864
19.2458360316,2.47117389783,9.34246622683
3.40764626238,4.33890385138,1.28707549068
19.0481990761,4.81030335552,7.03054172599
20.4569619556,4.83534146355,7.54264019185
3.82655717397,2.55132563261,1.81623292441
7.56956138054,3.12635654326,3.20127763413
11.2028617997,4.27065268103,4.24820012705
10.771100365,3.9524362241,4.1723282359
8.18949672562,1.39241305334,8.24546799917
6.86554389715,2.64216472951,3.1841119123
21.3309207191,4.9604099835,7.82584751897
12.9023072906,4.60487224543,4.80612445753
10.4255168033,2.18607566389,5.59213082805
6.23175533165,4.53273661845,2.32953135537
17.2918107044,2.08429609564,9.70518197005
17.2364510085,2.09542815257,9.62334491385
3.30939719233,4.94734596079,1.2147553058
14.6933275124,2.16662861311,7.9462031219
13.7370788383,4.99412606858,5.03339488915
7.28005181732,3.77655199373,2.86003807326
4.12873025783,3.17227400391,1.73445926897
16.7798109069,2.23500937851,8.82459763243
5.71477732735,1.19886173802,8.09004410929
20.3177704414,2.5290511491,9.70204491125
4.56627808694,3.63986408185,1.81621073255
23.9312955406,3.54987724273,9.60369771933
11.8001143542,3.84012789884,4.61122730936
5.2361601987,1.19800034153,7.42617732711
5.07395542653,3.54126230883,2.03800122393
22.2900378939,3.6367234648,8.86839420486
13.2571966492,3.22799362311,5.52630164751
19.7506870597,4.23871280844,7.50402818089
3.52480170304,4.70641403765,1.30684569666
18.6490174472,3.37115735353,7.63354064342
11.8070902489,1.96821958687,7.03613916677
7.35677789688,1.58059694803,5.88957152762
5.09681415461,1.38428197787,5.19266499319
3.47795205719,1.4486130878,3.24254125125
4.04361490476,2.53119041127,1.92975484202
17.1591644426,2.35318168348,8.64481654255
4.70369724891,4.20008962303,1.79138119248
23.3205363876,4.51215872781,8.72663122996
9.14554922639,3.1679206325,3.84439104426
10.1539981905,3.78497018032,3.98623039856
15.4786147742,1.87998341465,9.72260946222
16.2146249576,3.37313016134,6.63551658508
16.0744135567,2.80495500488,7.19005848518
13.3278263289,4.05898078479,5.12323925616
3.16547558099,4.77385009558,1.1701604325
10.0518676458,1.95126462709,6.04793963645
6.68726670594,1.5119933693,5.76884934035
20.9130402668,3.83418041032,8.17633269107
13.8345715248,1.94795013153,8.33975522716
23.8501273329,4.54917833905,8.90827665279
4.88692270064,2.94928589913,2.12690235193
12.9756625842,3.97169405259,5.0191011672
4.15913111876,2.07713065592,2.34236686638
8.00143787685,1.40686945307,7.89212865334
6.20602269401,2.10241388871,3.45362386332
17.8425805896,3.56270567793,7.15090347638
7.24335773261,2.33757274906,3.66867931002
12.4616718999,1.72279294836,8.76308020164
16.4951072709,2.46445169607,8.02306213407
15.3466248007,4.24575579089,5.8282628059
16.7740383589,4.34014473989,6.33514408451
18.6342582062,2.57305201863,8.79384318297
20.3553282529,4.55369445781,7.60123589085
4.74779031014,1.16765605584,7.20171970364
12.0755071095,3.88052405191,4.70356533804
13.056748078,2.10394505424,7.26085882542
7.67241564557,3.1182664784,3.24869933401
6.89198063845,2.63276998521,3.20369201208
8.68083993228,4.93187390025,3.18832227574
3.10414380759,1.21151687147,4.27856818054
4.93272862659,1.60189277256,3.86520941678
4.8044735787,1.07824307042,9.14394992307
20.8647038662,3.86078327842,8.13985984172
5.51013651305,2.87679056965,2.43012372271
2.35118351345,1.66887674836,1.73052490086
5.55214270201,3.12198569545,2.34961266273
9.0301534629,4.41737868904,3.39590926538
14.6457428635,2.59326158626,6.87558024389
20.6030449246,3.23273365163,8.58293537606
14.4363965623,2.56595032486,6.82550577907
10.328256694,1.7179245906,7.29165866744
14.1634393004,4.27202681495,5.3704311111
19.5065192657,4.51140982393,7.29968901427
2.70739297175,1.71697877309,1.91287281198
7.77531534877,3.52683923301,3.12771682592
18.0012591433,2.62866507749,8.37619595658
7.26422854833,2.4862946997,3.51077908982
22.5058121553,4.51419999404,8.42088771506
23.7381305991,4.92026955021,8.72256061174
3.50293918862,2.29628421271,1.8002393821
21.5523887523,3.18480021841,9.03798518791
10.7000547502,1.79535607089,7.11795333097
13.2513072809,2.7382815249,6.01128629488
22.1839844957,3.68130160738,8.78930725083
8.23922006068,2.87244560302,3.63672455982
6.70377435053,4.58324014154,2.49976123728
8.61531346682,3.27519483449,3.56889128172
8.47378417563,3.36929534634,3.46931808438
4.79806822449,2.44116185218,2.35009003352
17.4171687387,3.18365495401,7.30506244081
8.54626421124,1.32122872753,9.60630864587
15.9573724654,3.64237299724,6.34543510941
13.2399012839,4.89337169449,4.87017118084
6.48884247718,4.60131562065,2.41751215821
17.2555394515,4.37212389419,6.50528554506
13.897202201,3.09828108484,5.90225926454
14.3823272051,4.81219099376,5.30798476437
8.86110111055,4.43440289037,3.32929217904
2.38303651911,1.32458656186,2.66379764372
9.95274917842,2.32870494993,5.05644209658
25.9872434744,4.44545054937,9.75819244883
12.6290940902,2.99355504583,5.45466089249
6.79535351441,4.67196970382,2.52335486581
22.4751341969,4.90293147459,8.26412188428
17.7706891018,2.65579747299,8.21474655351
2.54341575775,1.68250861107,1.84984263354
12.1274666072,1.88550207704,7.59107263249
15.3266231958,3.14544870294,6.46362588985
2.81551188308,1.90381511812,1.74237544232
6.40125159435,2.30288407436,3.28193019614
17.3320034266,2.83669487093,7.70338478326
17.607046775,3.56693243525,7.05348253322
14.1095713993,2.79050774213,6.32994061232
4.54127863203,1.6117405728,3.52428984419
14.0481064284,4.52050120697,5.25463730756
2.13738182424,2.16448288623,1.15696425914
19.8352567847,2.73240268881,9.00961277589
4.25436203442,1.54137270739,3.55059518002
11.1573603265,4.45171774712,4.1881937412
23.0295063096,4.94860722437,8.45285471877
19.1861448065,3.43355228717,7.79663184896
3.93621364478,2.56255196939,1.86270599556
15.2959162548,4.79766498643,5.64860870082
25.6610454087,3.89108803619,9.98699615343
15.7203049022,2.82278683812,7.00638631832
9.4794522215,2.20645436207,5.04228800286
21.1772713002,3.78812145739,8.31149281099
9.79049967543,2.88690059362,4.30966250029
6.89796041497,4.01108283687,2.66055470015
17.9815186977,4.19110907226,6.85204242966
19.2441431838,3.35496003426,7.89250172198
17.8731365363,4.30364515226,6.76444389422
23.0215716998,4.57204425124,8.58915181526
21.9633591361,4.61468517197,8.17755808566
13.5555510341,2.49979492894,6.52609103945
6.16331090454,3.83581612473,2.40933568072
3.54332181218,3.05434091673,1.51522727017
18.1201349249,4.49326924002,6.78715697116
3.84990313768,3.30244537922,1.58925191746
10.4005881299,4.33629667961,3.92890831293
10.4276882291,1.52886489059,8.82435268574
9.9492750191,4.24142099899,3.7794800409
13.5690908498,2.08689799536,7.60635878034
15.3060662702,2.27379832527,7.93132422422
5.48952384021,1.40437463109,5.4335632719
22.0915058667,4.98069760585,8.09863287259
10.9627634456,4.09666408149,4.20326881328
19.8285499217,2.50354285947,9.53598678281
5.59226852608,4.9690538933,2.05100350498
19.7616869423,4.21087086255,7.52108578652
7.12802283408,2.58248167713,3.35560473321
14.5276304347,4.45508952737,5.45234010676
17.4871262932,2.06025498867,9.9296874629
13.3377354886,3.35063593319,5.47300810275
25.9051829861,4.5572075088,9.67202894786
3.52527235929,4.54985746496,1.31668255272
9.38504168479,2.50362156085,4.51337300068
14.5347235255,3.33671222156,5.97434683383
6.01184402207,4.86321257692,2.21408465958
22.1554108248,4.51911290953,8.28772190813
11.8034897963,3.47435549713,4.77483333259
13.0989754355,3.11680002008,5.54766557553
12.1012511356,1.9793287407,7.16711221245
8.53265300165,3.23468519328,3.55364645816
4.26246296046,2.85201036817,1.88882288103
11.0738494438,1.68076653432,8.06623415401
14.2937774338,1.78450687372,9.5840598152
6.83801504269,1.49295447884,6.03247852611
4.61383152377,1.86906711923,2.91844427933
11.143835394,4.67783174407,4.13699278882
2.97838880761,1.95337169983,1.7898574426
19.5495533295,4.92728022767,7.18149942743
5.30812067932,1.77618179299,3.58110694836
25.4930650759,4.11689024887,9.76115920934
9.6157226151,4.03200835752,3.70328017419
26.4366537091,4.71066783825,9.79971743737
9.29691591899,2.16528765412,5.0306859685
15.1670347549,2.15887158002,8.22972800573
23.1954519677,3.4598806227,9.39814713774
15.1251522852,1.95725140239,9.06936273882
14.3303520311,3.51425832451,5.77219606284
25.0794050594,4.96710449555,9.19873037973
4.14090028359,4.13939086628,1.58317949421
4.6833396927,2.77306554598,2.10873999316
12.894035896,4.91055920477,4.73971553083
3.50469437182,4.66725237725,1.30169803697
2.56909183905,2.39493515616,1.27664313211
14.0335285231,3.03752111234,6.01736839939
25.0928412488,4.41452899209,9.43794922439
11.4634345186,2.18483261888,6.15204272558
6.30873152869,2.78604516352,2.83289044393
25.7768051334,4.51987915401,9.6420119476
3.33743871419,4.60146058848,1.24340246342
3.22416691877,1.88419073308,2.01980800417
13.3476751368,4.64389242846,4.96288823337
13.655632226,3.21613277229,5.70159968609
8.30322824361,3.52485085023,3.34077199917
7.03149083531,1.70545901164,5.01544582545
24.8682099678,4.01067840751,9.59198784596
18.9385997288,4.57919544431,7.06337281334
21.1567270775,2.66928882029,9.74877933263
10.5924987919,4.45063448083,3.97638613288
17.9248278671,2.79057023517,8.04146530481
12.7891749,2.22925774966,6.74109269902
11.7332715964,2.68289423713,5.38941122067
26.6106688449,4.6226515157,9.90414517453
8.18427496601,3.64694027506,3.25305729908
13.5518560206,1.72584511903,9.50623291068
13.6567760552,4.31608961043,5.16494679948
12.1966650697,3.39226936458,4.97996270551
8.23409075118,2.45343529322,4.01814007661
17.6016452027,2.48980639017,8.49822567226
4.39444409276,3.41239588323,1.79008120359
8.65947591275,2.73664887672,3.92966348301
4.80988755279,4.49009528639,1.80190628275
11.0133389197,3.41044781893,4.48730290319
18.7576223379,3.92346067406,7.28197208873
18.9728615835,4.12474832886,7.26082732479
12.7425160893,4.89925686194,4.68611501773
20.370923758,3.8689927301,7.9420055963
23.7026864447,4.96882686271,8.69320085032
3.76146898019,2.04337814994,2.15388667725
15.9238343331,2.45933677797,7.75696345453
13.476648502,3.28009046184,5.57915560586
5.03390474711,4.29080691679,1.90661376008
9.03858116168,2.54190509346,4.30095867786
16.1404519362,4.64220050445,6.00176215944
10.1927411905,2.75828989914,4.60384621833
2.1263922197,1.91419802193,1.30761684015
3.51011662994,3.96232048049,1.35868752801
20.042209268,4.26541675665,7.60251709264
3.94586191125,1.09952599539,7.08444496362
20.8764075763,4.05886044378,8.02499370026
6.51613318093,4.93222137654,2.39323055581
4.58875792537,4.06759972719,1.76287700981
4.46769717072,2.48305923364,2.16124390708
8.81374253861,1.77033917641,5.97219939437
3.72303657303,1.04703312837,7.76078619662
3.89663469818,2.03038746934,2.2460606733
20.1668700234,3.17880993691,8.46413336669
16.751193789,3.2268073592,6.98390825435
19.2816886695,3.70543000012,7.62258426705
10.4743760725,3.01587488338,4.50718025145
15.8224066558,4.36696128907,5.96671524807
15.31459006,3.97480602098,5.92245955041
21.978564298,4.59259089503,8.19185994984
13.3124919504,2.55243609146,6.31674875602
6.72405482693,4.56042928387,2.51011359613
7.66739221972,3.65303454405,3.04585134191
7.97858582273,3.53637209818,3.20629720965
13.7863192566,2.428806333,6.77812184411
1.95538161521,2.04160054289,1.12069155594
14.575123791,2.52044309251,6.97639986365
9.60299271178,4.16747364461,3.6648195718
18.4388290517,2.57569032285,8.69562641028
13.1837736283,3.6077082799,5.26009402772
3.65227938607,4.30281783675,1.38234442513
20.9879063072,2.81484643311,9.36904248644
6.26316881781,4.51271534151,2.34363490034
12.247129524,4.42752645189,4.60318293064
21.6989758935,4.88851248205,7.98330979544
8.34093759663,2.32828283802,4.23819195951
23.7609886458,4.69229645264,8.81514966443
18.2983777613,3.95284857123,7.08789984189
9.57253734395,2.65749593404,4.42324601183
9.8181302482,4.31862917466,3.7126394222
13.9155892824,4.69516660043,5.16191162094
4.9893171215,1.16363724896,7.63836127907
17.3474605093,2.59314515161,8.1441691056
4.94502504652,4.50199235981,1.85140363272
5.01141477849,1.32505181907,5.59755373415
2.53156797568,1.71229151712,1.79553772999
19.4437420639,4.04299393132,7.48253655302
10.9173601487,1.58016205384,8.74394440825
12.8510634619,4.43342005317,4.82865379199
10.3437158422,4.69083682396,3.83769446008
15.4390904286,3.31487652262,6.36331849672
15.2644763245,2.41016975679,7.54860706926
2.27332053954,1.6147919527,1.75901388787
2.1995922976,2.13991466522,1.20343209994
15.8261709505,2.62126902067,7.37755692225
6.87020123806,4.84617292226,2.5319670694
11.5144343233,3.87442093407,4.48718985562
16.6741975403,3.73615359443,6.57367959138
23.8533653715,4.67871668972,8.85487085274
3.04194522186,4.19601064906,1.15880707381
14.1851905239,3.22431639247,5.91609180845
17.4716488056,3.52370586383,7.03049497925
17.2392009998,4.893456653,6.3412538883
10.2360327635,2.85743859409,4.53112025636
25.7349403889,4.77213658991,9.51396500533
9.31314261503,4.73322882539,3.44880912684
23.5568094512,3.36765308867,9.64647332387
8.24646103198,2.26368711548,4.28938105844
20.3990467438,4.85330474569,7.51573837707
20.772398327,4.29819929608,7.86422759754
2.0346883805,2.38670477525,1.01377361595
11.6301633536,3.84022474543,4.54477828189
17.7947873252,4.47394117472,6.67194985469
3.09390688855,1.16163935102,4.75855825008
24.4213651644,3.70956287408,9.65083425708
5.42652806583,4.01149036037,2.09295965018
23.8098317677,3.46965502841,9.63668756643
15.6678145606,2.52118609798,7.49787282599
13.76599848,3.56262342537,5.51714750756
10.2051239652,1.57854273266,8.18710821721
2.62050148335,3.79746441151,1.02766213169
24.2166496891,3.94994849899,9.38238939797
13.5676434578,4.73957978976,5.02291942136
2.82853223314,4.55487873901,1.05618955996
15.6696490675,2.53517906422,7.46995598505
3.05717345254,3.13691872867,1.29090266342
14.2627599826,3.44862503913,5.78610950947
23.5458634521,4.83380897128,8.68209189471
18.0512991649,3.04862346229,7.72630964858
17.7776807422,2.58694998063,8.3594192026
12.6249342233,3.77647962648,4.95985704635
13.5556707898,4.2877403215,5.13519731724
3.90335520961,1.83706353697,2.5219014353
18.2742617894,3.8506743237,7.13506998247
1.05891766413,1.2961398611,1.24214075048
24.3511427569,4.1340427052,9.31337000649
8.37732166524,2.57309576,3.95336427646
15.7193632962,4.15082506957,6.00547036519
10.6646442395,3.31362800466,4.39618926001
10.7488586326,1.58652704982,8.55325931635
4.04288214465,3.58544358837,1.61659182612
7.97742933717,2.8223921476,3.55574323986
11.4638204978,1.71366613853,8.12163030445
4.62977252741,2.2263767603,2.44309846908
3.23427165799,3.7393402971,1.27472918865
19.3049170196,2.77528975643,8.68824455352
10.4189523988,4.27648278466,3.94956606534
16.8279689485,4.74661760028,6.22801765832
2.94959206867,3.74844835046,1.16159821574
13.3649157523,3.24758421401,5.55655881901
21.1603099526,3.55202688278,8.48982085891
15.6986305925,3.28069869804,6.49851579125
17.1501204415,2.96874029409,7.43882093776
10.4790749087,4.95303219631,3.84563182046
8.55181738047,2.49451055338,4.12333013095
9.66600421647,2.33970909627,4.8921302701
3.17754847151,4.52081745234,1.18853019013
6.25336460282,4.88683293343,2.30084138171
7.00183693064,1.83381255023,4.53379261807
23.5192959182,4.37852991045,8.86355010473
9.35355069388,3.03323338542,4.01345275532
9.81817409171,3.23358835039,4.08963998719
25.8240021746,4.28409794015,9.78482358032
6.11404708765,4.7681816179,2.26069002119
21.5739266017,3.3625097734,8.83994317763
9.29134142646,2.95609904782,4.0389704974
9.60104616277,2.49171651545,4.63292755118
23.5724472708,4.2835503841,8.93198886886
22.6503842263,4.16788724864,8.64390655483
23.5233625803,3.32198311707,9.6866896263
26.4753893647,4.54424629977,9.8912571459
15.529782314,2.87752493415,6.84811420666
7.75818656772,2.93703224704,3.38388838533
20.5178686962,3.73302612235,8.09125741668
10.5288407543,1.49830951327,9.2294787143
7.40732385555,1.25984035208,9.27919789102
25.9864088119,4.30758585566,9.83281748501
5.12783564529,1.45666157787,4.73144954202
18.6923406033,2.92799094404,8.16625951115
12.4151743174,4.44442315017,4.66214337945
19.5798917519,4.87582307489,7.20734412299
2.87521428572,1.34352420405,3.11707889874
13.5929543696,2.02965276293,7.83807304293
14.7194779169,4.12388554974,5.63339801153
21.1571770406,3.63779462567,8.41680807532
5.06608572437,3.1061754386,2.14902593854
13.1785810928,2.49265935554,6.35752822824
12.5274643062,4.14039676207,4.78927759203
13.7854374917,4.31836302733,5.21292173608
8.71572252217,2.03028127808,5.02410641646
4.91279508532,4.58524318838,1.83174797036
1.03411171713,1.13791203663,1.68303731596
3.62840666529,3.12135762397,1.53565046293
12.5487705689,2.92580374284,5.48443440785
5.86798741931,4.11213845972,2.24753177082
11.5772205341,2.82943244341,5.15301923024
21.1151900917,4.86203284743,7.77682501893
2.35540152103,3.08124530583,1.00298659274
15.6588481459,2.04225077731,8.9716413798
6.5468481918,2.87110985866,2.89046048787
17.8141564069,4.8737212376,6.55793399441
14.4580647182,2.19609226732,7.72309013932
21.4507781886,2.93630535065,9.35740021214
7.25201830718,3.36982537696,2.96891718892
24.9502579676,3.81605891877,9.76934597837
9.41211153511,4.32140163165,3.55853836005
24.9866096287,4.14436070269,9.54996694394
22.8008041179,3.50544743594,9.19264596988
21.5767112787,3.09796221715,9.16425812936
10.9034809425,2.64368181292,5.05497591433
8.1692259094,4.07879580251,3.13598839844
6.31216318323,1.19901019249,8.93288887934
12.2966495705,1.94262308819,7.43552540193
11.8934918562,3.00816550932,5.12438015157
0.961637372129,1.22531313732,1.2884905773
10.4176641399,1.73198107728,7.27181866187
25.9041006663,4.28656966039,9.81374144414
6.69385980859,3.90403875055,2.60254459156
4.99407364812,2.63488525933,2.32026243286
26.3240073415,4.28151584843,9.97580050037
8.38884049888,3.57271364322,3.35865518572
10.158635639,1.63296150732,7.72553309935
13.9779735228,3.69228379918,5.5324949116
3.26938324895,2.33474632159,1.65751964062
18.3937869783,3.32515782219,7.57138778497
6.01423506594,1.56763812386,4.87989991073
18.8376037292,3.96787171923,7.28861163376
11.1395989299,2.38002150354,5.56233890134
15.3665855178,4.44656382023,5.76980243605
14.1832045899,2.32394932414,7.21766519195
8.79414801953,2.08969151959,4.92317429024
7.81924754677,2.63337975292,3.63418381518
6.68702549913,4.44569882828,2.51094056193
4.79577554364,4.49229437496,1.79641655291
11.7652153301,4.16985174741,4.48931160686
22.3310044477,2.87944721025,9.84364611491
6.14409967123,2.93973897516,2.67857998363
24.6105228857,4.89278347624,9.05295804702
24.1614387033,4.29950519367,9.14658676569
20.8978640293,2.87937192207,9.21203992498
10.0385693524,2.41712298111,4.95345909743
7.80265334717,4.72824605316,2.89008476136
2.20540692062,1.46507124519,2.01333413365
22.4675368766,3.77266069098,8.82953300095
13.1200951208,3.68182534357,5.19793792143
7.50409214341,3.04406355046,3.21424927196
19.0537210113,3.20968184228,7.96250484229
19.4890782144,3.82471742895,7.62553806987
11.8867477468,1.80777173712,7.83741649253
3.70070573364,3.91370323971,1.43774318336
2.81995709764,3.45513530558,1.14316911201
17.2010925895,2.68348885903,7.89984187109
3.8167858313,1.68269976019,2.77551440352
17.2954614024,2.73181192043,7.8570022792
11.9857074068,2.71470750425,5.46559618794
16.4641400556,4.31416571551,6.22737521204
24.1575126614,3.32188835697,9.94794392281
3.49632081995,1.54787583349,2.89731607761
10.4612794856,2.96742347524,4.53858736815
12.7455363532,4.80766225964,4.7047996636
18.9497103652,3.59821078285,7.56766377694
2.67306401368,1.68638769836,1.93765049686
18.1689000804,3.4161324912,7.39793796401
4.63758424591,3.80211453964,1.81797504425
3.92825903206,1.38007147102,4.02699933543
22.6880689483,3.06263650063,9.68931988704
7.92091898156,2.46718123661,3.84955445355
25.9367865398,4.09308017244,9.94691332414
8.71367095093,3.88460691731,3.39299321632
7.4407194139,3.17317082954,3.12541002268
7.12395524996,4.92314903108,2.61739728963
12.1895245073,4.02789946808,4.69588704979
8.26247160839,2.90287171268,3.62625165017
23.7766937205,3.66593914752,9.43378829382
4.30338691893,3.14793447615,1.81418885455
23.269604087,3.30709982074,9.60010724835
24.0071024064,4.90634934585,8.82623290523
16.9395330144,3.08165883751,7.21279747582
9.67599482054,1.41626074472,9.41996694213
11.401660612,3.73229283689,4.49655699586
10.5667035409,4.72567864052,3.91432645018
3.59576089514,4.62594128467,1.33808797355
4.45950642322,1.34629053743,4.81353303808
6.69704027799,4.84576982537,2.46819057549
5.97317100182,4.22712709045,2.27104193305
23.4636244902,3.68660486365,9.29176183039
20.6421378306,2.71280725157,9.41702259877
3.15259304485,4.99913076302,1.15492308819
1.57512093853,1.45430375237,1.45775959669
7.65195193559,3.94668844704,2.96536393716
23.4218334453,4.41120696627,8.81103198528
22.0621320619,3.18327430508,9.25373776596
22.8775745187,3.79790430561,8.97139192448
4.31115814659,2.79784356934,1.93118150686
9.55552111631,3.04004216952,4.09559634279
22.7127762208,2.94220780093,9.89751208762
9.52942373784,3.01752337645,4.09944646788
23.0071499351,3.10844804417,9.75623944678
6.45992426972,4.66596278637,2.39945839002
6.99514074412,3.86473733554,2.72812052661
24.0054367454,4.75468734294,8.88127283487
13.4017219447,2.4196822255,6.60770031065
14.2648028694,4.73521276874,5.28202914697
12.8680368926,4.16888276282,4.91042519562
21.5252486083,3.95571059506,8.33604760061
23.6281328779,4.60300798824,8.80229056566
10.4369430309,4.01633230092,4.02403364254
9.94060215114,4.29763828277,3.76353865516
26.519531515,4.56019802404,9.8999479451
24.6785070728,4.23920467004,9.37601110034
8.31487757908,1.68956940302,6.01088403788
13.1935907636,2.19408881589,7.05345450687
12.1789920839,3.07507493144,5.19109174594
10.1426476952,4.41098925657,3.81559572754
0.85664576215,1.18474493717,1.25045396861
4.44073403288,3.84742146518,1.73431328399
19.2965940828,2.33701709969,9.77537725035
10.8533434153,3.03254483796,4.65751001102
18.8211597332,3.5428727195,7.55843527065
10.6863313286,4.41368337784,4.01953944124
8.25963951305,1.31012039058,9.45865751713
5.59693558009,2.46193113906,2.72432939482
16.2997829968,2.66159577848,7.5244133073
6.62812817289,1.66423699052,4.8985751542
3.30169865759,1.41748944188,3.20890213183
19.025770117,4.59537292931,7.09034511954
22.029541698,4.83102411964,8.12391302717
5.96923785124,3.42890699759,2.42698451432
9.58375084823,3.78930761892,3.76097851295
5.1210660388,2.22811023018,2.70050207172
21.6864707354,3.69497006941,8.58141818631
25.2603272758,3.79361450302,9.90936878585
4.79328934666,3.17611276422,2.01253713659
17.7559771308,4.68005521185,6.59099056943
18.4908620515,2.60239275279,8.66057345911
17.908954451,3.78213486483,7.03234895813
15.700547832,4.10863266292,6.01496476002
19.3869284269,3.46728711083,7.84862299779
6.69543225327,2.38702803618,3.33561709931
11.8574487383,3.51824630222,4.77411213083
12.1179276485,3.5138848668,4.88123509474
6.32532531747,3.89814680382,2.46038806711
10.6352948585,3.5589010815,4.26403651784
18.2446645823,3.33359586621,7.50216006756
9.98681833255,2.94894541689,4.34675638572
5.53057253491,1.82898105352,3.59297890669
4.14333821997,2.53054218544,1.97769767907
24.5379667851,4.32029862368,9.27792279108
5.56062389626,3.38864588485,2.27139854428
8.9025680577,4.61109429914,3.31523428086
13.4148421471,2.01858015938,7.77978781798
10.2665556191,3.17283306884,4.31258574009
22.773406069,2.98850521005,9.84452293885
16.9149600647,2.37607473687,8.45707899572
1.78990998846,1.00970939053,4.19947878604
23.486535827,3.59609920277,9.38142464657
16.3021408414,3.19288589671,6.82853598886
4.89761605,4.45567524997,1.83805924774
9.62209538711,4.54143521792,3.59533567865
20.7901909495,2.52270796049,9.94500745473
3.48399990755,3.06603305747,1.48710361267
12.9247793871,2.38494936007,6.44337857595
25.2071890427,4.41708155911,9.47965058357
25.8575055434,4.40709904305,9.72947312287
12.7969103133,4.21913388456,4.86787314244
2.75588442644,3.2533515775,1.14490106541
23.2089260652,4.90520323354,8.53316967186
9.86699383394,3.81870277214,3.86260275541
12.0204775341,3.76089359744,4.72873444445
21.8266417524,4.51203125748,8.16766308643
5.36765512676,4.95823775371,1.96943901207
3.85639818097,3.48061939182,1.55895282453
21.4626769778,2.88994202185,9.44223828652
15.2384387379,2.53696811915,7.26085097174
15.8975388638,2.31230536593,8.12332714251
11.4756335019,4.41909246181,4.31516567744
7.51654028993,4.61157773904,2.79902600141
21.0196323843,2.67753495951,9.66692439971
7.12433800988,1.35508460479,7.58487719727
17.585029934,3.98029721023,6.79773939582
20.1168508152,3.81865349571,7.87511597221
10.8574433898,1.57416864668,8.74986851028
13.6589240761,3.0933651319,5.80542848526
4.68382929367,2.73740004786,2.12516881008
16.4664648475,2.63995927918,7.64092649218
21.5943850686,2.73301154575,9.80733524678
10.5070380595,3.24475447917,4.37002458753
25.2226155235,4.48858041373,9.44977013445
6.1580297523,4.28022252439,2.3338384407
2.75236001766,3.52069498466,1.10788485073
3.6260543331,2.61323348336,1.69371240003
10.8428511253,1.80805246824,7.14771061534
9.43602168941,3.84783562092,3.68508184419
13.2142561958,2.10904851371,7.33113654648
15.8314303835,2.12833709326,8.70641814374
14.4791359151,3.71908184122,5.71696956427
10.9050567356,2.07843158915,6.13774447003
6.93582694785,2.93087130495,3.02853696833
14.1442512719,4.25674690538,5.36806495904
7.82012490077,2.26902682504,4.0594709837
6.28795912688,3.52254834224,2.53054749399
7.27725484379,1.62114319065,5.5965828289
10.2568579127,3.29523861115,4.23794692345
10.5206752443,4.85392266304,3.87609519125
11.8720090564,1.53761581325,9.94918732098
14.5815367934,2.56564363666,6.89468507054
5.73079651643,2.08593005828,3.21396136242
20.8033864319,4.34060582927,7.85672439927
21.7816269562,3.26360408728,9.03670312303
19.3330445422,2.78063574301,8.69115873972
2.69306998038,3.16275193974,1.13288957371
20.0239527155,4.05750791335,7.69802737733
3.83962584638,3.36408636759,1.57299321884
5.11876096955,4.54125058347,1.91266373654
3.47756406761,2.01438779238,2.0211981914
18.57732334,2.72803100212,8.44636492942
13.0287695785,4.03093857332,5.01811808056
20.0173171557,3.57493659329,8.0125760022
6.46844936424,4.84428376306,2.38408898916
19.9092342367,2.62750777671,9.26663648395
5.2420576497,2.08785856938,2.93717632181
14.1583499318,2.42486646468,6.96951602948
10.7267521701,3.02224668742,4.61093756801
19.9311053624,2.6117921632,9.31308068384
6.93449790173,3.02853593439,2.97775444497
10.3635550208,2.55194104779,4.91813598061
21.377296465,4.02544011679,8.236816593
6.12052171297,3.98900303698,2.36446738918
21.1369810346,2.87870798692,9.31861510723
11.0648048999,1.57814558564,8.88042009353
11.5691691048,4.30995882165,4.37697459315
4.98585441801,1.97711799684,2.956534935
4.72381792178,4.28153812123,1.79014549211
9.39529195728,4.57966726541,3.50400408145
13.969995235,4.70610109919,5.17954919347
20.3220130476,4.84711941587,7.48925225223
1.43814964238,1.23409508035,1.89338496662
7.50853076889,3.77768514547,2.94951214234
3.60378897236,2.58442320391,1.69567726173
11.4010594117,2.18225680678,6.12515238748
16.1561336875,3.17971855774,6.77993484322
22.8191910994,3.90327340322,8.87253323808
10.6932077618,4.36575892601,4.03273735025
1.76649684908,1.19831033319,2.50366890474
1.21356918932,1.44387052243,1.13844151177
7.39910910473,2.24327951985,3.87874075627
24.5162629572,3.93843184331,9.50671793237
24.2663516623,3.74842575119,9.55651015255
10.4507287391,2.18844767036,5.60013156964
17.6501826314,2.8710306535,7.79274606385
4.72316119583,1.91307386896,2.90646658282
3.01596744686,3.56671511052,1.20824020586
25.8688087159,4.21665600795,9.84185841621
16.0938652948,3.30115417311,6.64468605211
16.6850272296,3.59782569836,6.66350424552
26.3840612078,4.86447414404,9.71641205465
15.0311480674,4.45886602806,5.6401947844
11.9429570829,1.80419890761,7.89450281691
9.24829199314,2.32680586109,4.70165420238
9.96750175923,4.18664365501,3.79928967326
12.5674907193,3.40577918357,5.12329670279
23.5075805882,3.13241757167,9.93276099697
18.9792358137,4.17473340459,7.23974378247
6.50362103214,2.53046148362,3.10437627427
14.3809073553,2.91856475756,6.29341186548
7.02227960627,4.8593668263,2.58661945202
6.52052934721,2.47553302522,3.16120990115
10.0345086524,4.27409811852,3.8043721294
12.9303357144,4.62979690976,4.81088432537
17.3030050729,3.63367520817,6.88624552766
11.9960618496,2.23292984158,6.31393369073
24.6432366922,3.45113498642,9.99445545884
4.10983440127,2.18477762852,2.20566152339
7.88535187358,4.39377596558,2.96920091157
4.12535946988,2.98952579372,1.7830081576
14.0018948707,3.19141197272,5.86623446213
8.36424422851,1.84984097225,5.35784817458
5.03153058432,2.92282628127,2.20021137913
2.67505412769,1.62109662465,2.05734571173
9.51077951184,3.80207157935,3.72832518916
10.8463304603,2.24789121698,5.67573008462
5.83926997063,1.450777453,5.42879291377
18.9673603918,4.68177197631,7.04010453753
8.96858227085,1.37077120867,9.32233915871
3.5274067131,2.63492251427,1.63882942408
17.7065405414,2.15158475832,9.63806053877
20.4261839222,4.46080642638,7.66381439908
22.2240321077,3.80137499517,8.71256298869
2.35325607026,1.74243283979,1.62910652081
2.90898910181,3.8467115128,1.13616102328
17.4301128854,3.92700694319,6.76478028247
19.5188135302,2.57734788083,9.20096762336
4.37338193071,2.15376473405,2.37827332722
16.6305985372,4.37788373693,6.26767999866
2.25373769009,2.7058451728,1.02977788527
21.13566434,3.45717274424,8.56614908792
11.7912305581,2.77848419572,5.30312789178
12.9992617241,1.64829154968,9.74644497728
3.2543253544,3.12233526897,1.37712684832
2.68161408986,1.48174623071,2.39797903592
7.11700229691,4.7051350774,2.63883108731
11.4350353048,3.46935808647,4.62831725925
11.1656177453,2.37595268655,5.58276790542
4.17768686835,2.07180963984,2.35886660144
5.06801316055,2.28027455836,2.61985445457
15.1578612821,2.34357030469,7.66151924356
3.40440631934,2.4508603883,1.66259469161
16.7567123364,3.29970701001,6.91962841676
15.8404616821,3.23753845022,6.59464194492
15.4506559237,3.51211433006,6.22486150686
17.7761210555,3.67644375608,7.04607382413
4.04356505532,1.09018084654,7.44548126874
11.0060693145,1.86427758288,6.98346410643
15.6291496164,4.57338793645,5.83072050002
20.5508802848,4.30202895204,7.77862236656
8.26100593696,3.05420832907,3.53272054545
4.47255493982,2.77761290906,2.01190728442
15.4874781631,4.5598105606,5.7817064441
5.0002811709,3.9389284208,1.9388956816
16.5945057342,3.5405550933,6.66582464199
5.31818588946,2.33504543738,2.69594808878
2.84124783285,2.88551482621,1.2510090908
4.57848848854,2.19063560993,2.45120756574
9.23313243059,3.13025343974,3.90256657836
1.89367571995,1.61089919873,1.47080309424
21.288855427,3.92411249213,8.2642200573
4.95802952597,3.99250162859,1.91488797568
12.2989801138,3.93484853937,4.77049430774
12.7567768218,3.76378929936,5.01712913672
14.5649597622,3.27041235334,6.03728916672
4.61024530482,1.91494637681,2.83377105387
1.76509274378,1.74174678937,1.22259272151
24.0081926457,4.16383930321,9.16445707294
14.0446996967,3.17002068176,5.90200752696
10.7499111192,2.59090526239,5.0496900199
6.75836587955,4.32566143859,2.55458240779
15.1089271833,4.85597483975,5.56606242421
13.3628193538,2.40124474122,6.6269173218
21.6452098883,4.03601424212,8.33381277396
9.57883408875,3.05915392978,4.09305660753
22.357202931,4.38989037698,8.42032033707
14.4638327496,4.19572887253,5.5099901975
12.3319938769,3.13719818362,5.20701510374
7.36098149262,3.43401864308,2.99110813749
7.89762153268,4.59950118841,2.94262872264
10.2938460628,4.87225367912,3.78970301983
1.86402647611,1.06641749745,3.66918280072
5.97852863847,4.32524435269,2.25986727181
17.7689114909,3.87325217311,6.92521076582
14.6198735567,3.0427894061,6.26345623015
8.79816304181,2.90377752247,3.86071188504
20.1302322071,2.50445458228,9.67857815622
7.49404465989,2.13551644219,4.10811489525
2.88448683975,2.83133390605,1.28339998092
5.31183656038,4.37977748911,2.00169586702
17.6641662897,3.53130795237,7.10231340505
21.7158789743,3.96449256279,8.40437401543
3.93426868718,2.42409998063,1.93712293992
10.0092755819,4.61408011928,3.72683346147
3.72613895921,4.75070512918,1.37879538976
17.1025899582,4.3044900583,6.47249656966
18.7125523499,3.01625151814,8.05161080866
17.3878087471,3.57600322177,6.95928423601
20.2745692039,3.78216228811,7.96124154892
24.5736385498,3.7124951609,9.70844313811
18.1634302274,3.1733145034,7.62923604621
13.9296981903,2.60836312731,6.51444323049
13.4591317571,4.86962203895,4.95553727036
22.7658901135,3.41588473814,9.26998533502
4.28880666637,1.0155224808,9.87162892823
6.91506157959,3.39794733085,2.8215813546
12.6557023589,2.41875620944,6.24167899767
12.1830315814,3.99048012134,4.70601727146
10.3670156648,3.89218377059,4.03438170146
7.72261885701,2.69469028991,3.5375853163
9.32405494224,2.33126519052,4.73282785402
8.63323776293,1.65295334335,6.44551032996
6.7943548675,2.26285335461,3.53518230709
3.53603787707,2.34031677848,1.78927632356
12.8649558562,2.43379408925,6.31543440003
10.8037518522,2.77384959149,4.86373904591
6.94483989773,3.0383193568,2.97745964329
14.1940919437,4.62774659944,5.28158872666
17.9650168073,4.86949029859,6.61460088148
12.4225306566,3.38687908296,5.07539947615
9.66312043922,3.96758605629,3.73891621491
25.4311524046,4.18199824556,9.69638568374
5.38612149823,2.44682522569,2.63359549038
7.39795509751,1.34735198288,7.97191037428
14.035230432,1.81084338911,9.2339164596
21.9270274143,2.88232355972,9.66032649908
25.4019962571,3.86995223342,9.90271069245
2.08340517747,1.88530642612,1.30424864132
6.85280850543,3.99983219073,2.64528212042
4.00966763564,2.24061764624,2.10410590335
8.42584948062,3.67364846643,3.3406924197
16.3353427539,4.71816698233,6.0532739185
25.838053056,4.37029486591,9.74185869461
24.5789730299,4.86528457119,9.05135780712
2.70148942713,4.48423834215,1.01235213624
22.7879659182,3.00462334985,9.82412776062
15.5345765549,4.14705182844,5.93632809782
3.97084532599,3.11291041701,1.68271273185
15.1349577011,3.66857391261,6.00356300501
4.57317468625,4.10443595819,1.75250009306
2.37442929959,2.45709394237,1.15742691593
19.9216654463,2.93819673716,8.6874291846
16.1783875615,4.53112411287,6.04823197588
10.9052020896,4.62432015949,4.05845512969
9.67692265324,3.46556389691,3.9183580158
8.96774830265,4.56514728413,3.34691789031
9.62301037502,4.3924988666,3.62376380129
18.8990016133,4.9652851129,6.93233716909
23.1791563418,4.97377345987,8.49959101097
23.2191136074,4.64873515338,8.63131071244
1.73116307661,1.91683597912,1.06287877492
11.6563212244,1.87961428073,7.32342461673
15.0205598317,3.97949693484,5.80674863289
2.8098923164,4.64318819226,1.04479908587
20.6802586372,3.00254810482,8.91856698487
6.99097809216,3.54233816528,2.80767890434
3.64139537214,3.4152349038,1.48284134873
8.1080261059,1.46783830878,7.37621275162
21.380875347,3.50170735125,8.62361114037
9.07957169441,1.6551868804,6.76504273101
10.3300000803,4.01282222592,3.9838013334
20.0754154745,3.4350985494,8.15657603033
12.6107977976,3.72626886652,4.97607608917
15.8117993768,3.65700292446,6.27884661055
7.41648842225,2.22694110561,3.91275648414
8.93166698235,3.19888813506,3.73810654699
19.9523207899,2.3813848457,9.95836315686
24.3459077718,4.37970570523,9.1744721481
19.8425775272,2.99788877403,8.56399866041
8.24716992034,2.91486317257,3.61158173041
20.3375558164,3.06300722788,8.68498528733
7.12808531868,3.8512574682,2.78298462466
16.6791321963,3.66322732095,6.61939463547
18.5600267544,4.60071908987,6.91500388824
25.2619346581,4.3922628299,9.51308026836
21.6826143027,2.86955620151,9.57580024695
12.0897119205,2.98180317748,5.23212378916
7.72592156314,2.52841838328,3.68988673484
3.73672968547,2.08978709948,2.09181609289
24.4020346129,4.31776951072,9.2278720894
15.6539297591,2.50494474965,7.52533851405
24.5524930839,4.20844740797,9.34582397359
9.04680319431,2.72768628431,4.11353236237
3.56660851132,4.19676921568,1.35860905537
18.6684681415,3.37163098178,7.64107019561
8.87054976263,2.58758270766,4.17043000257
4.46845992838,2.16972056777,2.41337798661
3.03064220987,1.76974638245,2.05448081149
7.26439281034,4.4161511447,2.73205254625
9.6200382021,1.67300759216,7.05485456277
21.0089279618,2.71787233548,9.57349163061
9.69293245718,2.5241599679,4.63476271344
22.7536471031,2.95550593537,9.89209763331
20.8896362016,3.71249447344,8.25298448912
7.42048767429,3.19930395897,3.10546380384
14.0184687817,3.53072593422,5.63681300702
16.4516630515,3.92485367899,6.38608576883
16.3353762261,2.25257663924,8.53272736631
23.4749421198,3.26501443461,9.73741917279
3.63910866471,2.91871663962,1.59251270418
17.8720453044,4.41274562418,6.72270345946
9.14792886134,2.80977161149,4.08784792251
1.86379490653,1.32654087157,2.07669920543
4.90720544596,2.61339876962,2.29203716566
5.24629022913,3.62535055001,2.08959018834
25.3870186892,4.80606213714,9.37181986418
21.4271437708,2.96362646968,9.30221247051
11.5106558892,2.25912954648,5.99757060814
6.66044966887,2.11484148437,3.68534200971
13.3815397953,2.38571856993,6.66942070788
9.01863162199,2.91374576381,3.95022382734
4.22039941365,4.57552890284,1.57432783623
24.3732031287,4.45771284432,9.14620346207
19.0765015729,3.37784959689,7.80230095577
10.0416289683,2.99573462791,4.33550912599
2.76483104458,3.42390827394,1.12477059365
12.3639726386,4.14517262034,4.72530242461
8.28162092948,1.46792926145,7.53328120295
4.58462954918,4.15111433023,1.75149209395
2.44204950544,2.76315985801,1.10187644602
9.88695824415,4.0366867025,3.8064845802
2.33932849674,1.97116179067,1.39177644312
13.4964563675,1.83383916942,8.73899593553
14.6515863412,4.63719803386,5.44940570682
6.04978196789,4.72060702849,2.24158270446
11.3689797659,2.69563429122,5.20678968554
25.3982595707,4.88090703118,9.34716892133
18.8980347005,3.38300918246,7.72458462347
5.15448960993,3.57746095723,2.0627272493
5.77716983377,1.57971672248,4.62917265395
4.16138645186,3.73519962851,1.64073433456
3.68343149484,2.25161176027,1.92473795813
2.40847619581,1.61675404948,1.86006552664
16.8755324255,2.337523092,8.54741359707
11.8835804418,4.70992981718,4.40523101422
23.6405043118,3.71705345199,9.33595908951
23.7578145639,3.80367573395,9.31205880991
9.3379414008,1.67452778703,6.83885860174
3.57097069186,2.01187279488,2.07822980922
3.53585751105,3.67923502532,1.40117620234
7.68758982695,4.12122718412,2.94269070531
24.97676637,3.86743663322,9.73889327596
11.2895383662,1.99837086066,6.61754902319
23.1438096237,4.85404321426,8.52674999261
7.39228714845,1.37968915938,7.58238087442
16.7827075945,2.93710230742,7.32002240247
16.4096753324,3.00416127074,7.07492681747
12.149326182,4.21394848725,4.62301959111
9.24687125838,4.90411566397,3.39992119959
24.1961828276,4.63565047189,9.00000574315
9.93963485881,2.43478234071,4.87791065242
8.60221641866,3.34298895705,3.53312879658
18.6159507435,4.45752885853,6.98582447621
4.21469504025,1.98086424504,2.49409673884
15.3547582033,3.13562097704,6.48484340188
6.80006046963,2.90613300578,2.98263252533
20.4643690491,4.08161209511,7.85431796069
16.7464861366,3.34005016692,6.88064590775
16.8236294276,4.46196772994,6.31176764136
8.08556054116,4.71161234402,2.99708392899
23.8996879776,4.75058404591,8.84372633994
4.81695905599,2.28655839953,2.48432663596
9.55952586752,2.2033844341,5.09122520933
9.66028236329,4.23836283305,3.67038258357
24.7306901204,3.93786923125,9.59027522432
15.3237841277,2.58019917111,7.21812633784
12.4996620937,2.82221027095,5.57162035007
4.81091536695,4.07452973787,1.84734473721
18.6775556043,4.76622400359,6.90667308249
23.2515316415,3.22052511957,9.70232062983
7.20746734184,4.67655986478,2.67582639778
6.34461759145,3.69044306721,2.51162880294
22.6677262148,4.67632086789,8.41565536437
3.76491333806,2.38788502735,1.87513264796
5.94429248792,2.24716336637,3.1114346382
11.4108709742,3.64324832651,4.53714475121
19.1219442351,2.72760673798,8.69479720096
9.25549731409,3.9812495866,3.57759209509
17.8240493935,2.44386842795,8.72303720729
7.39578646644,4.73889671303,2.73809905965
21.399863659,3.12861554051,9.0472752709
15.5486862,3.23730363119,6.47337537112
1.32888672765,1.53575491021,1.11595250514
20.3559236583,4.86646714863,7.49583454089
8.04532693188,1.81215625648,5.28820379123
6.24975218039,4.60783900872,2.32771065105
13.9586036491,3.2071584505,5.83529875893
2.57219633189,1.0403999306,5.47142612814
11.4224398446,2.10511924561,6.34856454798
21.114918488,4.52615113581,7.89570484689
13.450079102,2.50419616086,6.46724514023
14.0760376308,3.80487595535,5.51665667304
7.05268059357,2.79033401819,3.16413963721
14.8512667308,1.95600051834,8.91147235938
6.17905823484,1.77188883433,4.18206980871
12.898615225,2.27811719314,6.67311979918
8.98447138962,1.72356627597,6.31395090993
7.06642261645,3.82186784069,2.76554678813
12.4750178971,2.67566322791,5.73976440416
7.16705426699,3.89823029182,2.78778071695
14.89036558,3.79642025714,5.83995531623
8.30756284512,3.5964958663,3.31822963829
8.2173031386,2.55137910048,3.90019594723
18.1124506114,2.18323781546,9.72681872471
14.2354329688,4.1894327015,5.42513144322
12.1948026568,2.66802773509,5.62089447033
4.31447416617,3.87504889849,1.68127229012
23.5770343547,3.35430722795,9.67029294987
15.579492111,3.74577586007,6.13689889963
8.40825653605,4.60775959368,3.13165414781
14.7404774014,1.87923488393,9.26337209401
12.2015804034,4.11674580258,4.67196515925
2.62514856593,1.90366088267,1.62472322383
23.2264809175,4.83902955509,8.56248025426
6.99201811227,3.07791184451,2.97891282964
23.0313885825,3.88964670032,8.96457656671
2.29009583847,2.74094239196,1.03826973102
23.3956864931,4.38379150187,8.81440157836
12.8850286771,3.36618965765,5.27732293931
12.0170757489,3.1407595764,5.07138842252
14.6945832973,1.82421489682,9.57784285294
13.0715033412,3.16183920056,5.49949145662
19.9441031599,4.94287256168,7.32199634409
6.46981062868,3.98962263574,2.49929110032
18.8838649541,2.33937788959,9.55853394388
9.55218105939,1.78874354342,6.38494908027
20.3777236772,4.40536133998,7.66830531137
9.81342553606,4.00181735564,3.78757923364
7.5331558121,2.90871279378,3.30261598323
8.0566119537,2.54364683291,3.83188870148
17.74092652,2.82816655148,7.89847243685
19.947761688,2.90101411308,8.75772219442
13.4980096194,4.07068184308,5.18447244742
8.80407956638,4.20352041212,3.35227323739
13.9375867923,4.03602907659,5.36622735907
9.16044098942,2.35686092867,4.60933031235
19.8989881456,3.8723559862,7.75593419749
19.5606295713,3.28729779167,8.09032096978
8.72921420267,3.4000901148,3.56092787839
13.3005268961,4.02922910453,5.12340670565
8.69132314373,4.89868080647,3.1963445784
5.54208982724,2.86301458314,2.45064814822
5.20003794259,3.95985689646,2.01318729059
19.5954978694,2.99691058266,8.45875126814
13.0040792785,2.51103344844,6.24077203622
9.29078897487,3.71304278262,3.67038238694
11.8161515118,4.66989407431,4.38817131876
6.03909869539,3.51172736179,2.43317142159
14.8015335468,1.82654734463,9.63203548737
6.12590992693,1.46234598751,5.61165895402
2.78925068297,1.68594817701,2.02263546196
7.08767189581,4.80048594633,2.61708515357
6.61924544953,3.41896021534,2.69432271723
15.0313029614,4.29968473671,5.69021057546
22.2800738336,4.82860968475,8.21712488056
12.670214447,2.67849013091,5.82573224743
9.83499843797,4.2250823247,3.73980631396
20.4911359827,4.43153178341,7.70010852334
6.55187712615,3.36693918651,2.68321204498
13.0819302008,3.13649034225,5.52424158725
16.5689585684,2.05516015842,9.4320220048
22.3888738964,4.65367046597,8.32078024854
3.40368681237,3.58754880044,1.36071695389
15.3621976945,4.84364466343,5.66222382882
4.83168149745,2.44488453696,2.36388318701
5.47150083765,4.72820653976,2.0266347955
23.6876300576,3.30837409606,9.77099609774
6.38115570785,2.37108565869,3.19567338582
1.73275222309,1.92011751403,1.06175879478
19.2689585788,3.34823915307,7.90913370645
15.3314250181,3.33061403361,6.30656649923
14.046947329,3.99525466359,5.42412100114
7.61675012544,2.34673463049,3.84572501944
4.72675635806,1.20784690565,6.56522874558
19.6197181197,3.61409565086,7.82304068957
6.18611868847,3.29689777389,2.55545074563
3.62725529585,4.86853887243,1.33558293129
7.55164318591,1.36173867085,7.95781461295
19.4530148687,4.62170864998,7.24048158662
15.3125697147,2.40022234984,7.59631738252
4.67219447654,4.46508002734,1.75259466041
23.1236644617,3.10579489068,9.80958977454
22.4780730328,4.68780878239,8.3408895589
2.14268591051,2.34438817987,1.08271519232
13.909288618,3.53391225134,5.59105555145
14.6119722899,4.74409830588,5.40847404539
6.36975385957,3.10997833443,2.70048514658
25.365545567,4.3032579516,9.60031174659
2.47354192062,2.5403556136,1.17751543437
15.1528757181,3.33643125395,6.22864725248
18.2314914102,3.43576686758,7.40683623349
14.0997469104,2.27342608505,7.30724417219
8.00605115111,2.91549986087,3.50558460929
9.68596119274,2.10345350608,5.38759235661
5.57263549885,4.68271085859,2.06830377288
19.8319993167,4.46170736811,7.44052759758
5.96076988765,4.57147862763,2.22397367544
14.8654030929,2.92580371899,6.49691761533
15.1728122853,3.64919828818,6.02954633967
6.85151987744,1.89781546126,4.25576767887
23.2327972813,4.85406301507,8.55952831832
9.19377990097,4.13920030907,3.5150774342
21.0176529521,4.41705723413,7.90410494916
15.1815726131,2.55706052822,7.19474059055
26.0862614575,4.91657119873,9.58677210012
21.9753351357,3.48201360968,8.88220489676
6.62800963388,4.83909853072,2.44341966805
15.3994436123,4.22762877255,5.8547970915
13.1914903988,3.53143878734,5.30389148077
7.81467350531,2.12003914633,4.31376954701
3.70277194075,4.51278123396,1.38554728929
9.63316764218,3.71627371177,3.80453611615
14.4698909121,3.98748006199,5.5905995728
7.89246187018,4.66777063012,2.9313135122
21.9475200648,4.49522327761,8.21993532822
7.88773699683,2.63745440433,3.66237288692
7.44213847804,3.41007628412,3.03237397368
25.070413581,4.34616969319,9.46524620942
16.443495006,3.15872394142,6.92127668443
19.9592848293,3.11826934967,8.45127407262
21.0525774969,4.15273230553,8.04199278331
10.8023737374,3.67931601731,4.28069163855
7.132535388,1.27329384227,8.71496887371
11.388740359,1.54433156875,9.47405084095
24.3853223548,3.62032479187,9.7173633641
5.79576583829,3.61383862518,2.31102440597
9.09231856036,1.45964463828,8.35763004543
7.60253914336,2.01787855791,4.41062070672
11.9678571149,3.35107993946,4.9106269964
16.3871749554,4.12601560712,6.27077214786
24.6175436127,4.31549989624,9.3105896048
14.1895728614,3.424129959,5.77236376475
9.61769760146,4.30533897634,3.63964975951
7.84847560743,2.23699682415,4.12435668286
13.9945962757,2.20776774893,7.44001385295
5.29908165123,4.48511018747,1.98568064386
5.43250155834,3.2348352335,2.26246158919
13.8979849167,3.73926699312,5.47767268677
6.28856126956,2.06782751441,3.55761272087
8.26850996799,3.0635853744,3.53067661404
11.6203678026,4.82398432623,4.28653692971
6.91919245055,4.57249492578,2.58143491507
19.493762683,3.64001123921,7.7534226477
21.5246595685,3.3233278351,8.86215845757
5.0671274756,3.35671255252,2.0777142593
18.4332161814,4.26810625355,6.99106114139
5.69289571352,4.29911179935,2.15515982761
20.8290560763,4.09391540688,7.98761732512
9.91475316712,1.55698973181,8.13590131496
8.27578673445,1.69612885353,5.94936876034
10.6946574063,3.24016261384,4.45079180279
11.6707452346,2.22924699889,6.15160157973
3.23288404394,1.8443602619,2.07846829339
12.1324856315,4.11523603903,4.64597512332
13.650009604,2.49478306463,6.58095371782
12.9623590596,2.60216531202,6.0715354322
6.86407374518,3.77014912739,2.69809964756
19.3963867534,4.60529191335,7.2250319089
17.4641710569,4.3047088467,6.60925316295
1.79458266459,1.23222730735,2.37142987175
13.6902706707,3.99250078622,5.28745062116
18.2542591722,4.58598098049,6.80590367564
14.4924723004,3.89697960581,5.63771070923
20.9099700496,3.12589830571,8.84373365947
2.72645195776,4.72510855381,1.0100114936
18.1006228651,3.93445048378,7.02103154022
18.3260882165,2.66685730694,8.44929001663
4.93270664759,4.69414733157,1.82984458335
15.0807558934,3.78364692717,5.92103104284
26.1767059015,4.86666486381,9.63919335641
1.35067065681,1.10600041008,2.38372226198
4.17093756217,2.10012288613,2.32358442704
9.16204877528,2.70685646824,4.18536676746
6.29595045236,3.14029624717,2.65716747209
12.8690619639,4.25766066996,4.88383305084
20.8864163218,3.90459362867,8.12020110195
18.4760680812,4.57691357123,6.89162978325
13.4960817082,2.22179341369,7.13473652398
6.94696906924,1.46143302587,6.37115304727
11.0324724724,2.76686632773,4.97404016911
8.06700915074,2.83572105275,3.58615340058
16.4535439485,3.47716678821,6.65386362757
1.76331312557,1.98144574474,1.04312866875
19.3546975267,3.46478857944,7.83773072332
21.4440071707,4.3886485899,8.07693793642
6.26397264367,3.19988098273,2.62125347583
24.1682526198,4.38286037155,9.10593651872
14.0794708408,4.15862131667,5.37625015913
13.314385156,2.84430876768,5.9088644749
21.7218158601,3.98234761385,8.3956097268
22.1724617223,4.76295978893,8.20019051694
1.43314533986,1.27178096626,1.75596034539
5.4080801941,4.74902467202,2.00131604773
15.6506674101,4.77196373125,5.78594724635
19.2730399751,3.5452499101,7.73800894546
6.06286992824,3.3005831776,2.50336312608
21.5792258708,2.97347474538,9.35229132627
12.8859169211,3.34582394093,5.29070963697
7.66991649095,1.57741090006,6.16040226594
11.0018477016,2.6850228857,5.05095859056
13.1677560536,3.77254870403,5.17485541825
5.13401587653,4.66686477049,1.9068873061
18.0212089424,4.92904207868,6.61960901139
10.8924561041,2.55078713981,5.17072944968
1.59585547188,1.77129922681,1.08057402557
5.95835268818,4.63487020712,2.21634822865
4.34776440696,4.74542529881,1.60918782463
5.64319636793,3.98882744098,2.18009595012
14.5371399362,2.28419799184,7.50396515168
19.7083134803,3.94752835885,7.63708807381
16.6972846791,4.38294481483,6.29105081122
4.52538579327,3.79490956107,1.7750685315
4.35829843973,1.88272724698,2.73282349942
11.7171427141,4.08819671649,4.49508030598
19.0025498307,2.28584652643,9.80304353274
15.5531594203,4.46859726658,5.83310012686
1.54473487744,1.09247986236,2.82658934754
21.0588761568,4.25613456372,7.99261700689
2.40323603408,3.09582259195,1.02105848835
4.44242695946,3.08456984424,1.89071776822
20.4068539424,3.14055464799,8.61226134594
14.7706011678,2.63876804289,6.85597955511
11.6146344737,4.75158607434,4.29763646335
8.03499221515,3.54812486037,3.22504612032
14.7395730701,4.26091514955,5.59260164388
11.4096166645,2.8246745961,5.08323570129
23.5895979072,4.3235834029,8.91765376609
11.8280798346,2.88160374696,5.21176962262
20.0716281783,4.49441845031,7.51767363081
8.44627686319,2.36044964431,4.24486726562
9.26194069044,3.98263719388,3.5797186768
12.4120172155,3.23414564082,5.16968503474
18.0971482149,3.84083873483,7.07156107121
12.3704350271,3.07592147489,5.27199451768
7.21506228639,2.04645622295,4.12509309087
4.82902302059,2.76323210164,2.17886856319
2.61296555116,2.10569667265,1.45189186637
18.6121267153,3.75159130301,7.32775020939
7.59020269953,1.65989195257,5.63142996608
6.69192329671,3.26524393267,2.77573002061
16.0126241932,4.94389166358,5.87841690823
9.45558882206,2.0588158664,5.37295897567
13.0993002426,2.89734554541,5.75493246103
2.7975148442,1.47900023064,2.51004357856
9.69785779134,4.42410717524,3.64568733965
7.21412188865,3.42182741261,2.93549984813
5.23553811486,3.69107427026,2.07246029273
17.2644653886,3.36111814475,7.07532149096
13.6399175698,3.666282977,5.41168436006
11.4981215055,3.0958863972,4.88513808414
13.0799420612,3.86675241905,5.10038486554
1.3079776449,1.05390248411,2.67088457047
1.83007973325,1.58380835266,1.46029378778
21.8307890281,3.08655050644,9.28844174071
15.8041483489,2.67221237752,7.27737415381
3.34372140003,2.60365269391,1.56560148316
13.2333647974,2.55557175909,6.27394740732
18.5863796243,2.29562403168,9.5542429599
5.24589758685,2.18044601383,2.82046557898
20.9520443599,4.13230996817,8.01425814077
2.92618900416,1.93125319473,1.78121376132
16.6594500308,2.12222791661,9.18704681757
6.71543785332,1.30271887248,7.7881295559
18.9682167334,4.23219010283,7.20961085762
5.28451062915,4.06997797976,2.02983441649
18.9051039547,2.99968704363,8.15692379047
17.8294393078,4.32198857088,6.74074034205
18.0691011273,2.4094170327,8.93767524503
9.81870234068,4.83227073131,3.62069118207
12.261282948,3.80973372467,4.8034697138
9.2439655864,4.90412661594,3.39885135763
18.6071913613,4.49227040504,6.96994832285
23.5281106512,3.74643631441,9.26739289703
5.04111200244,4.971680226,1.84867815769
4.33878229247,2.59520703004,2.03587024977
11.5576597358,2.97069868097,5.01140946585
7.72709711919,2.51976770313,3.69927717919
21.4654748901,4.3705311563,8.09313576313
13.5395116998,3.13381841037,5.7197243089
6.74683421084,4.09092497218,2.58782856893
4.79778856884,1.24313576281,6.20529859295
12.9751047899,4.88061917493,4.77520511031
17.4520259993,2.46441298148,8.48859545244
17.5959506293,4.0755266061,6.7562129005
8.03656470053,1.64535779681,6.0417918105
18.7265472905,3.24614489524,7.78718887539
6.38610644586,4.69954430466,2.36842458209
6.20982802418,1.68983460458,4.48811198192
12.0585313502,3.54925755365,4.83943129358
3.6981020038,4.53365690549,1.38234699223
11.346180419,2.78434225104,5.09672593577
22.9727020519,3.26045180543,9.53480393704
23.7055509374,3.40726476102,9.66220506064
24.1112380934,4.06571221168,9.26409156543
7.49426598379,2.35511523577,3.77316338651
20.0290097323,2.84238327788,8.89213959946
11.5944201914,4.23770382884,4.40542695475
3.77872644136,3.34544611389,1.55154397657
13.8403495736,2.50540406566,6.65263071959
18.6642015013,4.7681149444,6.90117275807
8.4613160933,4.9729449624,3.10278723976
10.2388679895,3.3833808339,4.1849604705
10.3921903077,4.49577360346,3.89204443859
11.2122492103,2.04879618528,6.40291421587
5.97525576212,3.29509066222,2.46891350522
20.8720019432,3.69768578786,8.25708453083
3.9863605833,3.28970204583,1.64825888472
19.3192916046,4.31285359925,7.30785915949
6.54243477502,4.37393326776,2.46622977718
24.2238937625,4.60362024453,9.02396798939
5.86883997251,3.60602291827,2.34195078034
22.9695298099,3.70455465977,9.08120972097
17.5618192633,3.38670066477,7.17527889654
8.78888494913,4.91235149464,3.23047573541
14.6202783041,4.3962229089,5.50447536712
6.50909337279,2.043690943,3.72664032742
7.27951623455,4.50540024335,2.72495731629
19.5089634982,4.19903244177,7.43039000466
9.22218700173,4.40766444247,3.46995050904
20.8303382979,3.10318157072,8.84021593969
9.70963288018,3.84921359395,3.79151290631
7.32406726964,3.26311209121,3.03878575637
26.2928010077,4.70640192504,9.74825121175
9.91024176847,2.33269412935,5.02788307021
9.7801622089,3.80237330063,3.83382892926
20.3598559533,4.30326406182,7.70576347837
24.1024705701,3.33562652207,9.90839410242
4.21753210923,4.24195691465,1.60208243811
2.35985171943,1.60888192865,1.83648734384
7.51137747567,4.86855656656,2.76574421809
1.99572097185,1.47379157043,1.8021781415
18.1648603513,4.34614105956,6.85809006561
16.3416213754,1.92300135114,9.99620939246
16.080528095,2.03049088004,9.26849192592
18.6613578616,3.49142799813,7.53504869496
2.14396483643,2.49656334752,1.03312512209
24.4450733166,3.4154657623,9.95420703669
8.84974667957,3.94334151709,3.43041044322
19.3916555318,4.54092640914,7.24595552543
19.3114033388,2.28254402084,9.97447090127
5.41473352717,1.2287748553,7.204774119
17.9001040615,4.16938111223,6.83043723394
13.5996492828,3.73853303319,5.36043531344
11.3927007136,4.85980638213,4.19636581984
22.9796079746,3.02957574086,9.86603860607
21.2517030682,3.11204807515,9.00693859327
15.0104209728,3.49537815087,6.05830428972
3.54606076804,2.60215839369,1.66096859345
21.6434493263,4.99197385253,7.93100448316
17.1542457023,4.46439787037,6.43498724489
11.0425036416,2.84608885238,4.89890755225
11.491526938,4.68214566035,4.26523119517
16.6791221155,4.4961101044,6.24649506603
5.7908422212,2.63808626193,2.68834551735
9.42236970567,4.85129084825,3.47182379541
9.42189646018,2.93361549755,4.11205886306
12.7916451166,4.43186409177,4.80672746287
23.7908621186,4.75626748363,8.8012833343
25.5352587325,4.2833559201,9.67584168858
3.98674497636,1.54307364751,3.32105157095
9.68370720712,2.90601261685,4.24754749386
20.4308675129,2.71612472197,9.31371395408
13.5233701558,4.62345055881,5.03303293619
17.3403155092,2.62134122733,8.08324869611
18.7870727313,2.66721681575,8.66109396797
14.7841192505,4.16729897648,5.64217194573
15.3200679744,4.65261461425,5.69395086201
21.728337236,4.10002076759,8.32905015745
20.7466457244,3.75396352091,8.16643817804
13.2377322991,2.32660301102,6.73028506269
6.64147671785,2.26522031743,3.45255739537
12.9620516812,4.81330490067,4.7835904529
13.3744020485,3.46361520446,5.41669679573
9.61315468025,4.98771960224,3.52319902308
11.0846669611,3.70894345284,4.38068325114
5.92034358567,3.95768426927,2.29242386882
11.3102422573,1.70188688104,8.09150859434
7.34062779269,3.9549490827,2.84295464945
12.3682460463,3.15231487026,5.21078696948
5.26311695501,3.93396448168,2.04158022799
23.3058116732,4.40578662059,8.76996607819
9.58765061503,3.6912984111,3.7951432949
12.1609652925,3.207967695,5.08324027137
21.4359036611,4.18467213569,8.17169316353
5.32119766935,3.07739768398,2.26725005669
4.62466843016,3.31510744109,1.90603105241
5.73072941388,4.24142563486,2.17695975725
8.28642902268,4.81079188079,3.05839366685
22.2611711231,3.26145547388,9.23826323851
5.54417573128,4.92621279608,2.03672968784
19.4768516886,3.41976284968,7.92720239984
14.9142814094,2.28339462384,7.70091674204
19.4775623051,3.79467887769,7.64016215157
16.7462600934,4.49830067011,6.27093575417
3.33488302877,1.35859128942,3.53127384617
10.9898871763,3.48888112612,4.4386960765
6.96807768198,4.05066557494,2.68008872749
21.1824010788,2.84936295232,9.39138088354
2.45293929045,2.49507706606,1.18251379279
9.84934071375,1.82772419623,6.40422732735
6.86392366256,3.64859558472,2.72782050957
3.14676806501,1.53108665913,2.65631168489
15.1978209241,2.93907985876,6.62641512939
21.5433821222,3.32452913479,8.86854093691
7.23261356268,4.58194262781,2.69712879604
10.5725602013,2.42535624493,5.20360422717
7.66077384389,2.03548308205,4.40427006498
8.70477058213,3.8126296743,3.40935031789
6.5357451752,3.35091092009,2.68178887017
9.41244891635,2.89425961865,4.1375558927
19.9138527658,3.70024977379,7.87619711336
21.982998126,4.40048615733,8.27458112988
3.501341532,3.90207714644,1.3615144545
5.05964101292,4.80988028667,1.86750718281
11.1058676921,2.11371926864,6.14822374576
5.55081675743,3.48285469765,2.24337821945
16.4485780945,3.63502536984,6.54535390777
6.74697224976,2.21098438919,3.58226823517
13.2506942387,4.36785419918,4.99665956834
15.890577865,3.45866092844,6.43928661325
19.2787100516,4.44966459171,7.2375293692
17.8508980208,3.21065228637,7.45885072037
19.6422939767,3.17244839259,8.25142586511
1.2776235396,1.15639893051,1.98922252629
7.20143974765,3.60963997958,2.8727048853
20.6012419071,3.01429421964,8.86714198209
22.2946563965,3.35014947268,9.14893337636
2.75441577128,3.72880553787,1.08661557454
23.3028309595,4.95739798426,8.55028528342
8.29454599252,1.42588897677,7.96956024597
12.6015892983,1.75181566178,8.66025897267
2.45431357786,2.86846032326,1.084137485
23.3004943343,4.3091477215,8.81571292798
19.2308638406,4.33503032332,7.26514271031
15.8771320844,3.76721528266,6.24249028156
3.49064912516,4.17231216851,1.33173485794
9.69527487697,4.27471045997,3.67562495423
17.1754659526,2.33614302368,8.70346425208
3.41341439941,4.44153965233,1.28200068003
21.7162925415,4.5969292874,8.09241921637
15.9242622204,3.92505143637,6.18126972697
12.3724930454,2.16030445521,6.70924943098
21.5478838261,3.85450733428,8.41063119538
15.7740152982,3.33084118863,6.48844323247
18.4902123397,3.16914339276,7.77112098284
3.1938275851,3.61941612569,1.27282786518
8.5206524157,4.33381628616,3.219202504
16.4919327421,2.18689357402,8.8430794921
16.1118147684,2.58412919361,7.58160697982
9.16597610769,2.20889763687,4.87072539716
14.4655657948,2.57347885709,6.82580044631
8.09316014239,2.62386697348,3.77029773616
26.8352757981,4.71882340202,9.94387093875
15.7119790147,4.11866769293,6.01532345475
20.3644380395,4.87280402988,7.49704793162
19.3399926075,3.58689245195,7.73219666062
9.00725017616,4.06827924449,3.46018074056
8.19511669078,3.50005226806,3.30594552794
15.0942802993,3.70954520591,5.96496668773
16.6204768171,3.18348229846,6.97108591858
14.3147266181,3.24698605243,5.95192372074
16.9536574923,3.41604168517,6.90319250925
3.67721379057,4.32986771777,1.389608199
13.8896071112,2.42440915016,6.83819522911
25.3628929452,3.92263141751,9.84685596321
4.72510863989,2.29226640475,2.43188257469
8.98522019575,3.69509845514,3.55544381613
14.4509023994,3.07297972204,6.16147280373
13.2166344265,3.13162005975,5.58514169401
3.81945286762,1.41958719537,3.70143176436
4.38380099619,3.44441545013,1.77925656515
14.3269484459,3.90813229012,5.56848945417
9.6605401476,3.0819547167,4.11323742354
9.75943433226,1.67308958546,7.15656566167
13.8066562935,2.276915085,7.1460783285
4.7967670802,3.94920786208,1.85854109643
7.52359363221,2.38549415489,3.75006671564
9.80741412985,2.39734906508,4.86976851228
9.4792905862,4.96012701024,3.47778174607
17.4414448776,2.1731723797,9.40619676614
16.9887241285,3.28200051139,7.03137259482
8.62088433443,3.99600314928,3.32870763348
17.7220698736,2.38198325037,8.84350079812
19.0605856624,2.54954855883,9.0512070872
19.6564647114,2.73469351971,8.92391100804
25.0623144078,3.71401638192,9.90015172991
8.01624702028,4.13602395137,3.06550605596
22.8351686954,2.96526100106,9.91066771885
11.8298834075,1.62934625256,9.02715076635
16.2311672213,2.3623818639,8.15207354544
4.97167723443,3.47734600718,2.01052221437
14.5551159951,2.77479021351,6.55126824653
18.7812285891,3.3355162687,7.7209654319
20.0990145107,3.80721220132,7.87563145615
14.2380179554,2.74504622937,6.44938884416
15.74158579,2.6797221817,7.235865982
8.36651481563,3.99447405236,3.23084860037
14.7827980413,3.22465629274,6.16504571787
10.8325545733,3.43400249349,4.40177731376
8.41067584447,3.32031545247,3.4641543435
10.6144706297,2.70181469372,4.85439643219
16.9031952217,4.51802029009,6.32336308762
26.6251887804,4.60429383675,9.9181876008
8.42317288098,3.52757037517,3.38806636505
9.18213235248,2.22226809411,4.85324112711
7.80169348924,4.57319323898,2.91058225618
5.64855277809,4.92449317032,2.07521360187
4.19227902288,4.07863575211,1.60934245121
17.6188777309,2.39995105106,8.7411960228
8.40891323386,1.81123285543,5.53078725863
8.59214439059,2.54597092557,4.08403698716
23.605617943,3.77146081821,9.27774477399
10.5929413713,2.3439971457,5.3534067476
9.28407247897,3.09582233736,3.94450700896
2.62151230326,1.66264615948,1.94020144742
22.1976136836,4.75313229759,8.21298865021
14.3254201967,1.9682641436,8.5366619451
5.63244147125,2.06468669825,3.19131530196
3.31077408147,2.97662388971,1.43409078607
25.5470425841,4.54843486678,9.54244365646
2.22438624553,2.05513014539,1.26626980924
17.4527704341,2.57033556385,8.24213716513
13.1550603297,2.65219919184,6.08634289003
16.1942942862,2.61565691425,7.55970075818
10.6658170097,1.59729047513,8.39582517777
4.27711703837,3.26224436502,1.77479586532
2.84259262245,3.70053119869,1.12425492472
11.6081788202,4.05266374579,4.4641610463
16.2297480671,2.85802304133,7.18350961966
5.12082476431,2.26059667342,2.66669819129
21.5365825878,3.06775019851,9.19014881789
25.2082149039,4.97069871371,9.24470965084
6.06225572067,3.22941800276,2.52658165932
16.8383253474,3.71713755404,6.64963523775
11.1447942387,3.04748017203,4.77106396313
11.6365788486,3.1475662856,4.90592315466
9.79178154062,3.83124847478,3.82919514771
2.64244087285,1.52163400422,2.25447964495
5.01744870115,1.87661433976,3.15839423276
16.1426905253,3.25833618791,6.70188065733
7.0813184611,3.39968460302,2.88883455574
13.4140297213,1.99692502722,7.86895712055
4.88701174344,3.26106415281,2.02818733501
19.1301893728,2.88578588368,8.42264532185
8.55983380263,4.23522200611,3.2528954688
18.1490201198,3.73510586744,7.1557803463
7.61469290948,1.63010706958,5.80645438626
21.5230983287,3.39779287108,8.78231769305
20.9487778663,4.95500281027,7.68724192452
21.3550691103,2.99228920837,9.2254890609
15.6250683476,2.46984236704,7.5878117487
5.04964453425,4.92402403122,1.8552156332
25.2348091608,4.56126289219,9.41985848791
10.7707978892,3.87654338601,4.1966868268
13.0492355128,4.87631727039,4.80331859618
7.64706089788,3.99188311715,2.95357734429
18.7750465412,3.84223513379,7.33561932119
7.40576091424,1.86829424652,4.68679968586
13.5775476175,3.16809945781,5.70726424255
8.86727086308,4.7100880946,3.28706493727
19.8360288108,4.74447090512,7.34198629628
16.318191109,3.45070120586,6.61842139832
25.6738789526,4.79639406528,9.48158242017
8.69152905059,2.91255840336,3.80777646601
9.11936353907,4.84695845196,3.36077260713
23.3330960134,3.89892366963,9.07542141961
5.56783918879,3.23175712083,2.31978847186
8.5827585831,2.82113807073,3.8265151677
14.2298863791,3.69615045102,5.63021316908
2.67702476628,2.72569919157,1.21776378409
11.9289330134,4.96628567419,4.37548125062
13.7828618738,2.6558033764,6.37130934615
6.572186577,4.40337799507,2.47343499094
8.09051501766,3.21615315196,3.3780017148
4.64353051814,3.41736044483,1.89046706272
11.3635755462,4.39160723399,4.27942270436
8.21443939015,3.71396224137,3.24489554237
8.96818008048,4.26195704785,3.40256280834
9.15878611105,1.52471690307,7.78684367128
18.5763418199,2.60385686989,8.69738972813
14.1526387227,4.97797518365,5.18881973368
4.82072847739,1.98436980062,2.84724869774
2.78448659565,1.34823205188,2.99636478022
5.79252956699,4.31586506914,2.19074364121
11.3406401128,1.84967953885,7.26520544652
24.5183416125,4.33355551787,9.26345520482
17.6824836885,2.82454630223,7.87813811891
5.16125010756,2.61034361287,2.41254011007
10.3063527889,2.52214306864,4.93082436829
21.2475196426,3.0034863343,9.16176599102
4.3499532252,4.01446654171,1.67737749187
8.04132832307,3.77894824391,3.1584653083
19.2587446736,3.8510976837,7.51919768905
7.48631200576,4.38031467654,2.82103453338
2.78032891611,3.15419670509,1.17104279503
18.3504155296,2.27379009594,9.50887958186
16.2308689668,1.95018705499,9.77171655167
9.56874597969,2.25031432981,5.00253201588
19.1683516763,2.88091708262,8.44718442108
11.4587014494,2.0992783875,6.38603412573
9.10533409264,3.59174954862,3.63858721242
20.4846176041,2.81264074205,9.14844861664
17.7286515774,3.52436196684,7.13342051661
7.36189889801,1.5131602923,6.34227485505
15.73727019,4.14303168154,6.01535903565
23.5244453542,4.41226582207,8.84912586699
23.5826750035,4.98688309458,8.64326849369
5.10469611572,2.85574860445,2.26040224602
11.3698957358,2.38110426646,5.67532568946
7.73091597873,1.65410056297,5.76584503494
23.2975908759,3.41115810181,9.49165172199
19.1184342292,4.09884702135,7.32918349765
13.2888847844,2.72665585396,6.04376055081
8.60118349535,4.84101989837,3.17058046864
4.11222449404,4.76441137521,1.52075631391
11.6456804506,3.75585086323,4.58329991396
9.20026619422,2.5098139905,4.41679954103
5.43822213465,2.04529139578,3.11103191335
11.985132299,4.2328523287,4.5552324744
16.9943011593,2.77167278633,7.65417195289
9.11190983272,3.64463383188,3.62256370291
9.4939110767,1.79131228132,6.33413442512
23.6235365701,4.72490967135,8.75139327312
7.57978108043,3.88838949438,2.95059233548
20.2143377263,3.93282086008,7.84188883463
3.92929666666,4.46288421251,1.47409435735
6.66864557928,2.30720135454,3.41374242972
6.5815592638,2.50359441261,3.16517080127
17.2727082851,3.06248407046,7.37677705833
7.04834119472,4.2601950487,2.67445119838
8.29982606741,3.82558538106,3.24726027343
4.03619301814,3.19812560931,1.68941827826
20.1003639126,2.74338604401,9.10813605782
2.7843276082,2.7775262658,1.25250798543
5.9526063936,1.19165958887,8.5585588653
5.41065796074,3.31728495954,2.22936385149
22.2954303152,4.90550984377,8.19720741238
22.2401714741,3.4819359282,8.98932489606
12.8978286026,2.40120372611,6.39640173211
18.3969232061,3.00638247437,7.92877606499
5.80525677,3.2935870977,2.39913245347
10.6133026143,4.09506235891,4.06972048646
6.90151467698,1.19886565681,9.76995025828
12.6467289172,3.15417353156,5.32667572514
8.75362403401,1.76957521453,5.9348700293
9.87851556088,1.96567848529,5.89524235351
13.7750969479,4.73680179211,5.10034286359
5.90461330148,2.81563413482,2.63541221795
14.8210045628,4.12748260733,5.67090726229
5.89532406545,4.96161445748,2.16276552337
13.9351468299,4.42762267866,5.23761090789
23.7736037442,3.35265679163,9.75286925161
6.74691557887,4.4441020242,2.5336432993
13.0482892082,3.30592155585,5.38400349883
15.8150607921,4.01175830735,6.09959956441
6.40619405491,2.39259353956,3.18578831699
16.2106387853,2.93973389839,7.06719195969
9.09546674112,1.54128778222,7.5915802617
10.1938128725,1.81914917651,6.6676675871
2.48820517894,1.34004175488,2.71250739612
7.01989363921,4.98298762922,2.57323422705
4.8897681656,4.058520185,1.87969522782
16.4469041713,2.18224168984,8.83605879661
12.0022279626,3.50797561625,4.83766059097
3.04588408882,3.34602246053,1.25055111414
9.10828015682,3.70597613331,3.60057679092
19.3811800005,3.96631595735,7.49979561846
8.2653349702,3.500639175,3.33406252599
11.2198558373,2.65210347469,5.19111689283
12.528556289,3.25729625904,5.20213237676
18.426467585,2.28387641198,9.51273173736
18.7764873157,4.71437629468,6.95904478094
15.7520189836,4.44162106545,5.91607387358
10.5352412568,3.68191926216,4.17383068244
17.4922787946,3.03538288411,7.50302725129
9.21859551464,3.64228846627,3.66579589551
24.9293352434,4.50577423063,9.33167522068
11.2062332272,4.64891452129,4.16569200081
19.7468562714,4.4045244408,7.43124312334
14.1262069889,3.29563248006,5.83639812654
2.85257714084,2.83600457465,1.26802961101
18.3128653449,2.94327202855,7.97866305668
6.44138117806,4.54009192361,2.40700951889
8.97847455919,2.23830218528,4.71576999883
15.1734053639,4.54565297623,5.66841826924
13.5716162974,4.11513295986,5.19710683427
24.0561649899,4.99490584195,8.81414718372
14.0720255128,2.1395853095,7.70015139616
15.252477544,3.95501974599,5.90710687157
3.21413941834,1.8083823709,2.11829614293
7.47411948766,4.56951281852,2.78887456377
16.0165734294,3.28555001003,6.62598090986
22.0018537098,3.16809503578,9.24839123968
15.5716490905,2.22034597161,8.23673237055
3.78813429532,3.40884314764,1.54373326276
10.6225115286,3.81836949072,4.15847790265
11.1314690248,3.7033645954,4.40140094999
9.44150561478,2.80353172794,4.22439606305
7.69088916399,3.0930768667,3.26898972915
25.8159582891,4.10406959842,9.89325436309
24.8068457351,3.9597378974,9.60402016565
16.8090117307,4.9301056108,6.17408463273
10.8532508691,2.89885564119,4.76683759772
14.8423627692,4.49560424103,5.55875470155
23.1475700479,4.04998137822,8.90353162601
21.6107086739,4.24696575888,8.20660248823
21.2909680612,4.53228886256,7.9590878918
3.84170834483,1.032999646,8.36168300214
13.2506977411,3.62803076982,5.27637080826
3.64581377513,3.88142908196,1.41998978905
2.70139552461,3.3097022787,1.11412179325
9.18127964418,4.70495871937,3.4042475308
8.12225063588,4.45645091378,3.04812968831
9.33420769555,1.39160875312,9.40892002211
15.620347837,2.2942398099,8.0335986633
17.7956434555,4.84587745044,6.55854580952
17.998947689,4.89885741786,6.61929537251
11.6820013479,1.92530188746,7.1361182041
21.1195744489,2.64586395227,9.78611222943
2.61574821515,1.38202711237,2.67377758718
19.1356598063,4.76751254432,7.07568013534
13.5307251934,4.07103208635,5.19691323629
12.4936830794,4.24276110853,4.745650068
8.18002561018,4.90667582973,3.00735497292
2.56341853811,1.16466500671,3.91515149223
18.0877483562,4.21987092789,6.88016506396
19.2420838936,3.5805784388,7.69790449881
6.67606125156,4.29693321387,2.52767903392
15.1741587668,4.42705055009,5.70347611137
23.0717619056,3.23222258186,9.61203094084
10.1431512011,2.7105981276,4.62964253477
14.7134049937,2.57843910085,6.93378008563
26.0049221066,4.86147002501,9.57795569355
13.5551065012,3.83689254575,5.29843909866
14.5802739859,2.85953751991,6.45154437531
15.8921926741,3.56664837395,6.36668540096
18.8600509582,2.29477242602,9.69791526829
12.6458954997,3.23837510861,5.26410034727
14.753707613,2.30816190508,7.54997316725
18.1553494153,2.38771686865,9.04284880739
24.3165003615,4.14912500919,9.29096987784
2.04462185959,1.41124428801,2.00439889705
22.6877714195,4.05732810168,8.72221711546
18.4569487997,4.71010877517,6.8419172229
17.6554151434,2.95588957387,7.67513681548
6.74717986831,4.56468312971,2.51822080239
21.5938488662,4.7929438957,7.97595786874
21.4260024729,3.10994671212,9.08369132556
4.6672386966,2.67815649103,2.14615120373
6.31415847772,1.214944224,8.64143425788
15.4451215863,3.96365865947,5.97786610258
24.8405548324,3.79989232835,9.73954085358
6.99009486689,2.66925332431,3.22098314336
8.86140724009,2.03350129319,5.09967759537
23.4430447491,3.94584839831,9.08546662011
16.9483006857,2.20327661281,9.02674502154
6.597764628,3.07895020502,2.81048895496
3.3084471404,3.33497202949,1.36019425093
18.2246764848,4.9214946567,6.69632377683
1.37733249207,1.14598128581,2.19819510232
22.379490089,3.29718945309,9.2444975175
6.38246604176,3.60963748813,2.54601114322
6.46812133902,2.79568243349,2.89867975248
17.4587561067,2.05326896592,9.94787577872
13.0219751313,4.87459583797,4.79361686585
7.78476289753,3.70725816501,3.07702285498
4.9451682347,3.75094462227,1.94706412244
17.3984880234,2.75531275881,7.86354531846
20.7720550773,3.94825432599,8.04885507054
18.4065140373,4.24609357358,6.99018870328
3.97931919564,1.10397604712,7.06048901378
1.84532502264,1.7293208533,1.2908312651
13.0556005375,4.32530405942,4.93496393312
14.1162623438,4.6020979693,5.25902102913
23.0449944627,3.53106029824,9.26604727263
11.1883990529,3.60865967036,4.46355892082
9.73315589994,2.3909658472,4.8428197599
20.1554724777,4.55715913682,7.5253194501
17.4659813433,4.57733070209,6.5147323105
9.80095151215,4.99827927166,3.5906017142
16.3540242358,3.13573213705,6.90675461936
9.93486644618,2.31856468272,5.06529978658
16.7291377547,3.69831620249,6.61776354662
13.1000646465,3.96953522279,5.0680294378
7.92080234261,1.63706289755,6.00063552117
24.076190026,3.43469722553,9.78252159484
13.8547796646,3.85699447948,5.40675348668
26.2108130657,4.49827385469,9.81511987261
13.5420027489,4.48494747131,5.07452427821
12.8229717762,1.89729655883,7.96744907207
8.40995242856,2.82608214045,3.74576664189
18.7029895063,4.2934609839,7.08273585844
16.4500950436,2.2524241606,8.59315125994
3.14155826669,2.97225933271,1.361815279
8.55548989486,2.72789960585,3.88995152655
4.53159859855,2.02860657162,2.61444921044
17.9779557619,3.6967894539,7.11276413047
7.78665466259,4.85235631934,2.86899325691
18.3269382112,2.38385732064,9.13975625898
8.19335393617,3.2682899571,3.39715058386
26.3782140803,4.62826003571,9.81503536645
5.15064723936,1.31320317895,5.86769408575
20.6542508304,4.1407809287,7.8959681067
18.0370988149,4.91005185379,6.63038554137
23.8554495848,3.91749752558,9.26525754918
13.7727935746,2.09300954591,7.69828137904
18.7604920609,2.8955226981,8.24486242507
11.3427472189,3.05527203216,4.84976920642
20.7103990929,4.72667176277,7.67161723824
4.31535458326,1.31468829233,4.90384882875
8.18571936545,2.8129561242,3.65551650197
8.3970290082,2.91122224827,3.67965459622
8.63813826323,1.99074709833,5.0842334537
22.8185157879,3.75473502972,8.98137828832
3.51790242732,3.0348826927,1.50906919351
16.4452846656,4.19207677579,6.26626262855
3.0148753058,4.7288212173,1.11667450068
23.2801889773,3.75431901715,9.16342513671
21.46070893,3.54587432342,8.61579043185
10.314794416,3.71820215277,4.07303407706
17.063530624,2.50746799284,8.19714513095
6.85259585245,4.41609819019,2.57718793312
3.62410537736,1.79696628037,2.40804871476
13.5759565475,4.76432940431,5.02059036354
13.5190546138,2.13487025907,7.4130592073
7.7240341683,1.94059079457,4.67608002249
15.1101931088,3.54484447412,6.06690467306
3.13252308542,1.1649855033,4.78082232062
12.2190413705,1.95507106837,7.33589354069
25.794715762,3.94364966285,9.99852420231
7.25065875948,3.510213158,2.92178181027
20.2113447723,4.38657914277,7.61351996816
23.5850074494,4.33613622747,8.90951340212
15.6629901509,2.57587098909,7.38621188721
22.73532169,3.65653654691,9.02856535485
4.38307487946,4.71533647604,1.62440984559
3.98799132396,2.45920400849,1.94274347864
21.9223584332,2.96972565444,9.50714754307
2.47994820715,1.75674865682,1.69784407181
23.1384994625,3.24366818016,9.62502332235
5.08387899831,3.06540169629,2.17020865548
23.863295265,3.35156276815,9.79096477459
8.55884285457,4.5034841745,3.20416319467
6.74637054377,1.20490589427,9.42854059232
26.788473221,4.62494515542,9.9692434424
9.2781075538,3.45144783794,3.76275240249
8.42545058732,4.4767270437,3.15856837459
6.87372027834,1.76327320439,4.68256456271
22.6482382041,3.41593021309,9.22203076016
9.80479054815,1.85519632845,6.25837224095
20.9489536238,3.83444372271,8.19019705997
23.7392547933,4.11585111611,9.09026227765
25.4799678896,4.54164218544,9.52059725521
16.6941922092,3.53139211421,6.71225252118
5.70821711101,4.68972833279,2.11795172822
5.31369184258,2.3528153376,2.67737824192
7.67233332486,3.63510159292,3.05301588941
18.6541665348,4.58464403894,6.95545424046
23.2280860498,4.52361505742,8.68700923931
19.4682203182,3.69993068151,7.70016688508
18.7318075477,4.62800498171,6.96997749477
18.8027968356,4.67384107487,6.98154573215
14.0390939042,3.64210870935,5.58277383342
6.09994150843,2.28461129921,3.14826712066
10.9575173932,1.82990257349,7.11413738346
16.8312923342,4.15720996228,6.42761926935
1.44431708347,1.33656777788,1.58330711443
20.8728273764,4.40460446452,7.85494041001
7.83942010108,2.45335762195,3.82563444853
4.75420712754,2.581582068,2.23862281527
4.13119577262,4.48936052208,1.547709562
27.0941164683,4.86082335761,9.97938272321
4.79397883423,4.15655969752,1.83082581121
19.1010404422,4.48825780175,7.15641243245
13.6761437223,4.30745332931,5.17486129201
12.0221742668,3.57729886055,4.81112037019
4.74953654033,3.53440213723,1.90905302469
21.3098335409,3.85562326875,8.31696660124
26.3880405716,4.42715966478,9.91835401653
3.07437230004,2.12387262141,1.6941381112
15.268639701,2.9409437289,6.65508598525
20.3921453585,4.34411162898,7.69988032247
2.35202800528,2.37376772189,1.17685067367
1.09542971755,1.03445013768,2.37347626723
23.7866843274,3.52124699877,9.57410268129
12.7330105538,4.04799353282,4.89833210899
10.5433558009,2.64522491984,4.88619579761
10.6602666082,2.95949200426,4.63129825944
4.40550400328,3.1865567104,1.84698918233
7.51188870831,3.015828046,3.23243104833
3.74427583312,1.42042587057,3.62441471133
5.89326780613,2.41930632348,2.90600807367
22.1066303561,4.69809627254,8.19925191194
24.3102390731,4.09701727281,9.32064602877
11.8548600719,2.83178676264,5.27413071807
9.06808982051,3.49736926181,3.65915831459
7.02458389819,3.52735951505,2.82557198949
2.74922783352,4.88034415101,1.01180469062
22.6373075504,3.09333675298,9.62153693102
6.1417236776,2.75826022491,2.77410466206
2.82488756246,1.6227234183,2.16920589958
4.35188095957,1.95378551655,2.61463701213
6.24962321893,4.4129400731,2.35081775533
11.8107998272,2.27443955267,6.11868095083
4.73560032692,3.14936253476,1.99598257801
23.3515482629,3.28938300374,9.65566748929
25.3671839238,4.82934641527,9.35539764774
21.8971079493,4.96272418105,8.03285775487
24.8284288011,4.44904385576,9.32128626879
13.1008400004,1.91386470049,8.05793615347
11.0745324749,4.42222899413,4.16363698615
9.07927348366,2.60084123245,4.25413456815
6.98552402474,3.43671291703,2.83767814349
5.32004280032,3.79894348984,2.08606089871
8.19821251707,1.3830723133,8.36722129782
7.57406100226,4.16357155488,2.89123600833
7.41677366556,3.46179106006,3.00443394957
4.99504623323,1.15361415871,7.8283151473
7.67496920228,3.67710695169,3.04200660147
2.84415606182,3.84992393861,1.11055016594
14.8250880738,4.72511305399,5.49193846076
14.6584430609,3.23359044557,6.10579292968
8.55046484739,2.6419231821,3.96577904198
24.0861624952,3.64958151554,9.57128847597
12.9737166552,1.85389718794,8.28819726171
20.1825866644,2.54639236906,9.59214239198
22.031868166,4.86133964583,8.11467055149
17.2034524077,4.88807264305,6.32946489183
14.5929362224,4.63481341178,5.42819736341
10.3844077868,3.94434825478,4.02498273138
8.09119525965,3.46893125838,3.27505540945
15.3435998536,4.51624855665,5.74044352414
21.2665151565,3.5491151041,8.53498175819
16.3351478372,4.02085415795,6.29609508988
3.5735684182,4.02887638667,1.37658467802
19.5283699078,2.65893077476,9.02052248706
10.6484847023,4.34074727908,4.02153453907
9.05237124682,4.32391539292,3.42203254942
11.3831378189,3.28435596625,4.70987480629
7.89716919405,3.24199021685,3.28575754306
12.1700783746,4.60195426413,4.53400031183
17.0160437382,2.97884186317,7.36784642234
17.1567049265,3.79700276315,6.72847619076
23.0505853205,3.54818236299,9.25187719403
10.9002790035,2.43560166598,5.34800868856
2.11713926283,1.97559336684,1.25648982822
20.1681132023,4.41617963586,7.58497808141
10.362436366,4.65912184234,3.85020934428
9.86032832493,4.34023872934,3.72398497962
15.608129531,4.75536082513,5.77435878993
15.9645589371,4.98359581553,5.85188433551
14.0017440282,2.65932459159,6.46706408302
3.9473142927,1.02275755391,8.87512961123
4.43080783477,3.35754723503,1.81661577905
9.73827778461,3.91942487688,3.78170580443
11.365199238,4.13606231894,4.34617339144
7.63833317879,2.83130297671,3.39855834137
3.40577067484,4.73642597754,1.26103539219
17.2227550198,3.9746212975,6.66047590698
1.98122202212,1.91023489651,1.22127643474
9.04197174553,3.31294476625,3.72760967272
15.6860702095,3.70667487136,6.20043837402
5.33622090104,2.47718865781,2.58579738831
6.93546421623,4.6023214452,2.58378326986
13.2848553463,2.78658029185,5.96480525542
23.6380419494,3.92030325471,9.17884007413
7.99831547923,2.96950459697,3.4687905571
13.1093226516,2.84416865528,5.81801826246
3.06368858827,1.61880857307,2.36141304856
4.23172772237,3.80105216306,1.65902362131
23.808808437,3.85349438355,9.29388111595
9.26257258907,4.84503742221,3.4138187621
6.76747938704,4.72702900205,2.50679342244
13.4964367212,2.95754103478,5.86545640016
11.2808355433,1.56410115877,9.18728294328
1.72847202078,1.83956270472,1.11485371555
12.9350532769,3.12780485789,5.46924423049
6.76928712067,2.23174423409,3.56456220784
20.7818665683,2.5842901333,9.77874934806
1.97701365629,1.54980977339,1.6348746136
24.0442150709,4.68988690934,8.92119566271
3.02315846434,3.26581489631,1.25387626445
10.7069208415,3.28209438852,4.43137674608
14.1932671282,2.13029333173,7.79867540031
8.53074709487,2.18038694956,4.58668396834
2.84304479753,1.64070220608,2.14656420287
18.4807049355,3.03827487065,7.92328545128
16.508021468,3.95167007398,6.39496760715
8.66001471499,2.48859114521,4.18259050667
5.39825156471,3.66139148366,2.14275567389
9.24724207615,3.79017647359,3.62865419905
10.1598956766,3.75716419775,3.99809442899
20.1886724147,3.0230688215,8.6770110988
20.3005722504,4.75256542975,7.51127935573
6.41579590664,1.35020343764,6.88267451318
13.1407892813,3.00466595134,5.66508984397
23.6711712135,4.85095985266,8.72214218389
10.1701789318,4.80154782778,3.75511626486
2.83612326101,3.86942886398,1.10568002444
4.35994172394,1.03389325747,9.46315944862
19.3677889724,4.6586230447,7.19635368638
12.5000702888,1.59254779543,9.88648755366
8.25987077367,3.39235625409,3.37251445855
11.0449665668,4.29951288638,4.1811955341
6.55635825612,2.93286528593,2.86181804867
6.97190843732,3.00309986838,3.00642723773
3.17242372421,2.38473744393,1.58165443777
19.0509747817,4.20056436663,7.2552593521
17.8943990823,4.92991125902,6.57280592005
22.803324133,2.94668459196,9.92909426
18.1685486106,2.49965134607,8.74729749825
7.78937468839,1.83010267579,5.05653618742
24.8122814431,4.43312034751,9.32310657002
11.8963865955,4.43664281838,4.46917564097
18.7615749877,3.68951664449,7.42773114823
10.6647727199,3.82665038482,4.17216616113
14.2100546317,4.58979556536,5.29709056992
13.3927557078,4.5266578127,5.00795472389
17.0515460146,3.66665602186,6.7650240163
14.5520432764,2.89331968376,6.3979559661
23.8702982873,3.19327179105,9.99809727913
5.0071638775,3.3489016338,2.05507387068
11.8159001291,2.23403221052,6.21642416279
23.1164559143,3.79849941922,9.06461451889
17.8910890528,2.64492903825,8.29200979548
9.26146067905,3.44028789293,3.76069945661
6.11299213232,3.26140357208,2.53687533973
5.18815417595,2.43574275302,2.5453565007
3.64372310177,1.51356662829,3.13759612191
8.04531660883,3.52113362377,3.23826576576
23.8154231101,3.78847862125,9.34661111853
21.5626450085,2.64837792632,9.98536707404
13.0407354176,1.95017363382,7.85117248169
2.99523882292,1.84012250914,1.93118038539
18.7409653828,2.99357369126,8.09442771401
10.3909768439,2.5467791175,4.93798696459
23.3584541532,3.54053918664,9.38284140865
14.433367262,4.60369865949,5.37674733907
8.9899219367,2.57707378632,4.23805882467
17.8036738541,3.72719421107,7.02454664349
19.0708666354,2.67730576361,8.77115612452
10.1599552851,3.601236408,4.0562202955
13.1723995664,2.95303178396,5.72915733291
6.36567121087,3.6554783427,2.52816333694
3.84051639154,1.6553116372,2.86118431221
8.81333434453,3.76072699343,3.46712678028
10.2770509517,3.90433185766,3.99558331599
12.3031189854,3.51108911276,4.95729983081
3.01716949148,3.26233524355,1.25196386395
11.5135534575,1.73487443592,8.01828731596
10.1775180196,1.70532954016,7.26023757586
5.02938608862,1.17169664802,7.55891261249
7.51366915739,4.25876137501,2.85126273485
22.331806111,3.13883945927,9.42702082299
19.3584789483,3.28007077225,8.01417662903
11.3661766092,4.02767946252,4.37876912369
5.67566924318,1.46348397871,5.19174282836
11.2438373243,2.2978203993,5.77525237445
4.51084220052,1.04401633713,9.48954415342
7.53947266324,3.49482448631,3.04316163522
4.82522022713,1.89752861416,2.99768018866
13.5999222025,3.66717873211,5.39536476468
21.9230952379,4.71021760044,8.12676438835
19.3239743453,3.30694031795,7.9724589768
19.0608806741,4.82287532915,7.03152779002
15.2645082303,2.16468070299,8.26197505545
3.27505905476,1.53502626931,2.75250344778
11.5773104107,3.74277733739,4.56160529919
8.77281842316,3.35636232502,3.59734034251
24.383023207,4.17369791226,9.30166529039
15.0308674697,3.50612077134,6.05959044984
7.64290167116,1.99084408146,4.4982209678
18.9859291422,3.10611806178,8.05387263349
19.1339004317,3.94416433858,7.41637730494
2.41506871528,2.11872967824,1.3339327896
15.1572642408,4.04533938047,5.83201327151
7.83703533596,4.76802192183,2.89779079869
5.28660643789,4.5042372287,1.97906422824
5.60185523748,4.62775846877,2.08443619158
7.45933909975,2.67775497975,3.43037251811
11.3182942548,4.18900565098,4.31352449813
20.0241371612,4.40261463366,7.53637484574
19.4130035959,4.22137743031,7.38357509964
4.15407597995,2.76082278855,1.87529328099
21.091826889,3.42088987758,8.58340006629
11.0400315892,2.31195975073,5.64192928912
7.92409004773,1.83857524283,5.11440147244
6.31467636208,3.77037058141,2.48209766393
16.1250348344,3.54848909346,6.47194574975
18.1432251419,3.84165625773,7.08909377608
20.1382064748,3.13142343145,8.51033690092
6.09395302656,4.72421277322,2.25758846674
9.14752625375,3.06863776718,3.90291273251
4.78212300051,1.45419830929,4.42640908434
20.4818574935,4.37019987015,7.72242462972
14.4215288001,2.72503401961,6.56124048466
6.61596631163,1.64615873099,4.97014688028
17.6831422436,4.92419446984,6.4966598879
14.9577436641,3.15559653154,6.29875300425
16.6820235997,2.86690593346,7.37109680015
9.76029733746,3.1025942777,4.14255603848
22.2510200882,3.38493653783,9.0930495042
13.2428297063,4.72793566305,4.90518071236
7.99703793172,2.04601498295,4.57318676377
6.30157122583,4.92213305879,2.31533906603
6.14310814532,1.88076442823,3.85676670833
12.387457036,4.56460704955,4.62333431902
23.2263237495,4.06368504197,8.92533502548
14.7192902615,2.93736198271,6.41973550804
9.00433415828,1.98974130068,5.3026599435
8.31510109519,1.89616926121,5.17013436618
10.8949574979,4.72913301815,4.03530913914
17.397813,3.98879664422,6.72118855248
4.25846734149,4.39836440895,1.60310786401
11.2468144731,3.81423320493,4.40439110418
6.97457723903,2.70564697023,3.18696687991
10.1619448315,3.95717698769,3.93496871091
5.11719344712,2.5985301766,2.39909072209
19.3637283741,4.36659815086,7.30231489942
23.0475993609,4.80379763793,8.50901547531
19.4039685929,3.05969198755,8.29065099346
11.9886541189,4.764151323,4.4336164246
14.6200776017,2.7822993703,6.57016403624
22.4666914719,3.50063567901,9.06259484941
6.1673845868,3.94177756543,2.39093367139
20.8466765341,4.83192711348,7.68741618946
19.6472688874,3.11202231692,8.32697648772
13.9538657508,3.04120946504,5.97964668452
16.9300690205,4.79864232488,6.25182459522
4.27916293086,3.08103793785,1.82222910922
23.2609951644,4.12253436745,8.90317944931
10.1229689799,2.06691166656,5.72939924423
9.11598654901,2.55409282629,4.32360114307
6.51316658773,2.38386237446,3.24815070189
2.68178821608,2.98421316471,1.16013367465
7.27628737204,4.45325287045,2.73111508511
4.66979094824,4.72539522635,1.72989761608
22.806278732,3.78493820146,8.95325439032
3.85872796055,1.86345358344,2.44971679028
7.73701139594,2.82559979827,3.44637243499
1.22233202969,1.53678061526,1.02530628116
10.608430376,2.13214158401,5.82412426633
14.3532904044,4.13429799122,5.48948632574
24.466275108,3.49985696145,9.87000753236
14.4206702097,4.3878417312,5.4318220035
23.1108438892,3.85197553303,9.02253382886
5.60721597004,4.60539333274,2.08864252825
2.95350214585,2.1298478263,1.62316405118
4.74765585802,3.5313734049,1.90889902093
3.22300420269,1.20665549245,4.4878076708
14.6367539031,2.94268442475,6.37769661898
7.30147980407,2.36082079093,3.66906804838
6.39420184791,1.41573387535,6.22953546787
23.1525571392,3.94990391939,8.97015219399
21.8606753577,4.3140303681,8.2686185636
5.13050027805,3.18420101237,2.15165495215
12.0250274835,2.66704616169,5.54392291688
2.737311518,4.30086049292,1.0361582871
6.75075925189,2.2627124578,3.51268577602
3.34271665605,1.7332891774,2.33087708909
3.98803320194,1.77963491906,2.68362562358
11.10317779,1.56718079748,9.01334740336
18.0102018451,3.05848182284,7.69661852501
14.7562031348,4.85455742768,5.43643485675
13.8318832302,3.08887255259,5.88300418551
15.7221528589,4.43346966712,5.90742020332
5.84305623787,1.33021396735,6.47154848729
16.6160941208,4.62869560342,6.18253425245
15.6837462592,3.78053222909,6.15941356954
9.33415644205,1.75493154111,6.39936240334
13.7827051494,2.9682503366,5.97871984578
19.326148954,3.83392955558,7.55606398256
17.8458581312,2.10556890444,9.91662064868
9.38937708437,1.83666016636,6.06800075154
14.0689530805,2.84767382413,6.2396331813
13.722714998,4.78172557914,5.07107591441
17.0792852129,2.83052401808,7.6003390569
16.5724206501,3.36613222471,6.78761532775
9.25897371517,2.69864867052,4.23752790939
24.3609147612,3.84325216012,9.51729250965
8.73832535235,2.74142752963,3.9613101725
2.17903224488,1.45094116967,2.02542657835
1.58045923397,1.68476036884,1.14724750944
3.63212125496,2.81282181689,1.6220492211
5.47930170627,1.61118206059,4.25455930451
16.2413952893,3.94815226143,6.29334164931
8.14016056962,2.36287661834,4.08770550185
4.9957144087,1.29004478835,5.92313074514
8.23374766586,1.61385564786,6.3767545504
18.7598592247,3.98080265963,7.25161721863
8.18121661274,3.13015635989,3.45800326406
4.33059945372,3.71648409407,1.71030044362
12.2302498671,2.15271421922,6.65392460632
3.79717550189,3.78309086272,1.49092386823
15.8814985482,4.50394762826,5.94539613014
10.7267510871,2.8773296851,4.73031305825
17.6589627758,4.68403461835,6.55379387295
19.4311622435,4.42096027332,7.30593637049
1.05964436828,1.37766160973,1.09016189886
8.68087313795,3.49961348959,3.50206624856
9.0499787248,2.72490319131,4.11751133623
15.0612570771,2.02635220812,8.69949275321
19.7700405112,3.41098231117,8.05465880366
11.8247533344,1.76084980333,8.07021166796
1.95894249349,1.19017671913,2.82563733596
13.4427336511,1.97902131353,7.96296957062
6.59649062681,1.60340652143,5.16118900815
17.8421255028,2.53163496788,8.51385112403
12.2037164761,3.59085674292,4.8771655034
18.0827805642,4.17650574643,6.89700665588
9.93692713552,4.87827358643,3.65741483662
8.40165709268,3.60105323731,3.35430477979
8.167618435,4.95783494788,2.99681601983
10.3999074557,2.71759111009,4.73939840873
4.26194207004,3.50629655245,1.71814036719
6.07988140908,4.14362189841,2.32386316067
1.08225531662,1.12039030965,1.84015386571
17.9391742409,4.26030574491,6.80686785503
7.15148556473,4.97241444039,2.62252177492
18.9333454253,3.29995935856,7.81821097375
22.1570870853,2.95516467501,9.63332051364
7.54267058531,2.48533871822,3.64635511839
15.9626029629,3.52547618767,6.42207112732
14.5610431602,3.6093645492,5.80865880753
22.5710489316,4.68130548375,8.37786122867
20.8618301104,4.93682600679,7.66071333326
4.50075210026,1.34277217567,4.88518587672
6.96382069009,3.84221022824,2.72084764489
6.94516030662,2.94362211181,3.02572283743
19.0630784049,3.49274215253,7.69616501397
7.49823138976,4.18226040551,2.85887691982
12.7421905135,4.89163089036,4.6874185361
24.5336037072,4.71304726819,9.09331711831
19.0742191687,3.85730463484,7.44342598116
6.83652052045,2.39057441032,3.40200225179
7.27999482038,3.93873806529,2.8229120213
2.78937588915,1.23153564165,3.69107115973
10.9094760782,2.83936660282,4.84627539364
15.8319426263,4.35825293283,5.97322302216
20.181560651,4.4588741603,7.57280042892
4.16211420419,2.89190507993,1.83039920582
7.52208411717,3.81037585077,2.94668736213
12.6495545129,4.62029985289,4.70852267166
16.2316581903,4.19922403724,6.18208664303
13.2992273099,2.69195164963,6.09594906512
3.98388639106,3.09891147455,1.69182735606
14.9756000844,2.43803885276,7.34201629188
3.23583428846,2.1304948709,1.77781086066
23.13357713,4.06074304757,8.89150201524
9.07262666721,2.0525282529,5.17142192281
4.22090062247,1.55958547888,3.45404272352
9.15323275493,2.61970918437,4.2685388818
22.3993965397,4.61640837745,8.33922552426
25.1502924753,3.9949596567,9.71180051139
24.2148890892,4.31990357113,9.15597402219
16.4009267128,3.42957654153,6.66781395462
7.29550256831,2.46994813312,3.54271596267
15.812559262,2.03136835509,9.1099443054
23.5482646583,4.27079046471,8.92958611202
2.89620285158,1.56246938976,2.36278044607
2.89253242214,4.19865110813,1.10170679891
7.71058283535,3.59940091183,3.07889924104
19.4485935053,4.686302848,7.2172394616
6.47637900966,3.20974727244,2.7064390299
18.0262892114,2.36339070932,9.0506234405
26.3280058147,4.52330654367,9.84649270111
3.19381515071,3.26808984012,1.32426293104
8.49754408282,3.49523304884,3.42971795694
5.5629141027,1.72117145668,3.91700231962
4.32093276989,3.35751503072,1.7715742799
21.1817227024,4.12376649109,8.10667432039
18.2936601347,4.47718945704,6.85783980814
21.7149974863,3.41955291837,8.83835448848
7.44299185339,3.80663323162,2.9166156013
11.661761252,3.28902896965,4.82225861886
3.5546341608,2.94774915988,1.5474788502
7.12818003329,2.01557390692,4.14040319688
20.3692679985,4.67685142299,7.56214325171
23.1301403902,3.22553575614,9.64508403026
5.48156913898,3.93474669321,2.1261922745
19.9097304898,3.91612815328,7.73358777475
15.6182864088,3.09710558325,6.63441013075
7.59941806327,4.63302172025,2.82702555991
6.26911939157,3.01522793725,2.69792415642
10.603041833,3.38430703161,4.33333612018
5.41298075795,3.71539936128,2.13797772361
3.41433772349,3.3337236689,1.40394492108
6.79833982194,3.73487704217,2.68049794634
25.2033321739,3.7174021246,9.95282993131
7.2445948523,2.98625949134,3.13289917518
10.0820364132,2.07728062268,5.67765830386
17.6214815393,2.53061979693,8.41090436365
11.6305465927,1.56651766178,9.44803028563
22.3093568247,4.73282532741,8.26166663183
16.4479477132,3.28457242207,6.80529524409
9.85545373472,2.76077256584,4.44913967396
18.8319532853,2.2922357463,9.69239297602
21.1056657486,4.46007129497,7.91905827025
16.5239827148,3.49946239449,6.66626701471
21.4667003753,4.81711597134,7.92093266421
19.1509935738,2.38766391562,9.53892459651
8.42623042344,3.93347142029,3.26868466888
24.610012221,3.81367548152,9.63803110386
17.299112294,3.21382950824,7.22513440237
10.46175665,1.51505069713,8.99319807545
12.3898812897,3.32166765281,5.10223208434
13.3154029822,3.38579609979,5.44088950411
11.2570175217,1.93560442676,6.83480090114
6.46855802901,4.98681009756,2.37079286628
17.036275927,2.48411154581,8.23877207023
17.3201586244,4.75534837199,6.40774181465
7.83889775666,4.3879401775,2.95265517985
3.93913891913,4.2618050553,1.49453843084
25.5854293868,4.41840236361,9.62120954965
7.7374261565,2.5275267287,3.69628757622
18.0550994494,4.39043909745,6.79982808643
16.1817790989,2.02721019632,9.34258375106
6.51184903112,2.58610533587,3.06266704045
7.33942528901,3.39262076528,2.99660260453
27.2488498518,4.98648593644,9.98710502328
20.0949394262,4.51950979077,7.51680646555
13.1014339846,3.43769970488,5.32150676234
10.584746465,4.69603001087,3.92620100236
11.8781167317,3.055738812,5.07829777432
9.05521980668,1.94426150117,5.47030412296
6.27490408975,1.49429699977,5.52682973501
4.68261842025,1.72547726552,3.28569479382
23.0824200549,4.4849905438,8.64953602675
10.6155914853,3.15008136088,4.47383997661
21.6150176114,4.43833705614,8.1194903485
7.65427033063,4.10748561813,2.93261721706
22.6565497753,4.50686602086,8.48044354691
12.2846960123,2.43523665812,6.02791910142
20.0809896532,3.83171782263,7.85261251526
24.1419592229,3.5062189149,9.73256249036
10.5541885523,1.92775971325,6.43777355892
7.91901483236,1.27831010746,9.58809692859
23.5024582102,3.89978060623,9.14068441004
18.3748550978,2.64219103019,8.52186267696
2.61273408668,3.85190846707,1.02002374006
2.99380304859,4.36958743722,1.12881398997
4.16419887065,3.34453625317,1.71000892625
12.7339006331,2.96263107711,5.52915289462
23.031789831,3.64107857558,9.15970042781
11.1509102046,3.04844800549,4.77294208936
5.60389687901,2.61693314126,2.61513797778
15.9999731776,2.39314100184,7.95535492156
16.3909145966,4.25752181946,6.22043466672
6.59203967772,3.85497499153,2.57292663172
17.444636436,3.14759730711,7.35453775507
9.75286478483,1.56329103612,7.94967551315
6.57131940129,2.13224002232,3.60755520057
23.2932047858,3.15748710633,9.80615909114
5.88443213694,4.25710142525,2.23322813601
2.81443331316,3.41984358431,1.1454816506
8.06230525278,4.623616693,3.00054864248
7.72740155357,3.45995299527,3.13090148556
16.4217933174,2.65565209915,7.59146423243
22.175832407,3.22399604378,9.24908109527
5.81814720276,4.51452452946,2.17691142378
14.2882454449,2.69186939174,6.54940764917
17.1075399306,4.38064134332,6.44644369542
19.1022491785,3.54111022319,7.67271610284
16.6219576575,2.88278388479,7.32245246508
16.0847922166,2.04079629367,9.22245257701
1.08724096965,1.0494025996,2.25024111372
19.8721878648,4.80202498546,7.3372233676
6.09746267798,1.82422721833,3.97425640971
10.8061379081,2.75753014736,4.88169838529
14.8329019978,2.44947653611,7.24689382705
22.4424718509,4.19279402117,8.55102692054
14.4175992062,2.00690780096,8.41275775583
17.9915846847,2.22521172644,9.49840828396
3.93174115463,4.18443096792,1.4988625351
20.7687341544,4.54664370549,7.75831710784
10.3200319779,4.6463688339,3.83671804625
17.2310457489,2.46642772413,8.3761235178
19.2051984989,4.89998548394,7.06258982361
15.0833184365,4.40341076899,5.67657971349
10.9419570988,2.96612061231,4.74819934846
6.54359929078,3.21747529785,2.73162932447
23.1378532401,3.63528292949,9.2069783479
3.5911991563,2.7521799402,1.62419763331
13.6217731572,2.03421200322,7.8363927601
6.50678617333,2.40063473257,3.22748650943
16.1196939611,2.75000252016,7.2939039227
13.6747882063,4.09716614172,5.24291766538
8.09286472535,2.1436012697,4.42054265743
22.3741695919,3.28336453878,9.25869572729
24.5146129129,4.31104378163,9.27405276122
3.49484927784,2.14023629258,1.91181609602
23.6025198232,4.70677637911,8.75066288451
12.0391827551,2.48760155473,5.81630844324
21.5356203793,2.6789363026,9.9009947271
2.96654453363,2.23316318312,1.56125011653
2.98812733027,3.08762772864,1.27116026383
3.74097793499,2.03650175156,2.14961855542
20.968576598,4.69036753986,7.77986345821
22.1003600011,3.77436204124,8.68396771789
7.64102081782,3.90265701945,2.97111580836
2.59995142795,1.88177220385,1.63125813312
15.7727162405,4.55678524019,5.88906625934
14.9123904511,4.83612003726,5.49813699212
1.8059810877,1.30714387557,2.07864211223
3.63826042111,4.29301641618,1.37782839674
3.89676566956,1.59982242765,3.05971114759
16.9983354402,4.37455100909,6.40745592323
21.9719516781,2.89206530981,9.66245484653
11.2921924397,1.84543831825,7.25467296806
8.75701409006,3.04074137635,3.75292441464
16.8686301345,4.52470679735,6.30830713501
8.82046275922,4.37791379682,3.32421865651
4.29686231282,2.07024366155,2.42799995343
17.919702981,2.79188565196,8.0369801426
15.4451103303,2.29515512774,7.94083701628
13.8620909548,2.0644523623,7.85509695606
25.2695949131,4.21469688258,9.61505270072
16.2773942854,4.39035382686,6.13034571012
12.7025018646,4.63074067481,4.72590660911
7.23145716297,3.2792970969,2.9940357521
6.62870210477,1.7378026437,4.60567088387
18.352854867,4.75205051942,6.79076946171
20.9227359579,2.59045273738,9.82943816377
8.81065926504,3.62313450045,3.51002496315
4.45293905066,2.31255788861,2.27515970992
3.00436851055,2.85783310384,1.32982357859
19.7028973657,2.90104738142,8.6501655078
1.72348439948,1.44121241994,1.62243900025
25.2077424278,3.7056305091,9.96513614852
5.48976162235,2.66028158916,2.53501048106
20.0299268883,2.9337101695,8.74164165829
14.5355934471,4.83671671907,5.35908149258
18.4331560817,3.75264079838,7.25662327071
15.4033043943,3.23911276651,6.41129057784
15.6732993088,4.3929105609,5.9020046326
12.5337462975,2.23430681965,6.59337934082
3.54572002295,1.87925576242,2.22821056071
19.8251604951,2.50449531397,9.53179057492
13.7969182729,2.37250508122,6.90624000041
12.033584328,4.64460066689,4.47413987776
23.3699406062,3.81989508102,9.14765761225
3.07867064246,4.55409869489,1.14963683743
5.54113425081,3.77921911869,2.17639107193
16.2726579525,4.9207268839,5.97927029541
16.2684341381,4.32299249082,6.15021898466
19.7871747106,3.83190527287,7.73759803063
24.2101609234,3.83107815722,9.46780997058
10.1295337346,1.84921822893,6.49132134087
6.45632387116,4.02663859676,2.48745365622
6.38761059336,2.62999686463,2.97125760599
18.829371851,3.89457812357,7.32618107904
8.34690635804,3.20598393306,3.48993358648
9.76089558834,3.77417886229,3.83544132661
2.21166774721,1.05649738782,4.48157613199
8.31251903586,4.36338018596,3.1353234466
20.1670194877,4.8875666767,7.41996563164
11.4330313695,3.67021842935,4.53443007574
14.8136148235,2.28932901442,7.63232294646
19.6825970841,4.6991237848,7.29985136274
3.31505895161,2.88555904592,1.45961728441
13.4440435545,3.62217213107,5.35638944187
12.3070546046,4.24734273275,4.67346069784
4.33910164387,3.07761914605,1.84873588244
16.7169519769,4.43329932768,6.28126178821
7.29675894325,1.51597172478,6.26584950067
8.49744040866,4.76705302047,3.14211064817
12.5273173865,4.69907005653,4.6461234442
5.93599130381,4.84501019913,2.18777461031
7.76278279996,2.9512635261,3.37736712692
9.29898632461,2.34023686975,4.70552425055
21.790959701,4.68474203935,8.08704771374
6.2348519437,3.58755716575,2.49255062158
14.6635878614,3.58960233775,5.86097330251
15.3078234782,4.79454236857,5.65375288062
19.6272395765,3.6090831946,7.82987002438
18.2381635942,2.18554115516,9.78492456551
18.9347529934,4.75991469383,7.00368888398
3.46644065128,3.32450061787,1.42699877371
8.7128718108,3.09736657001,3.70094751565
20.5723187221,4.45714776907,7.72012601606
19.4211599522,3.64638799939,7.71986002274
11.2218235271,1.80031600054,7.4384422005
19.152691057,3.05103707105,8.19456338159
6.18438481749,4.07360222402,2.37489455754
6.70349465288,2.97719516914,2.90339283311
9.58384517599,2.23525894517,5.03970692578
15.5631641786,2.28431984717,8.03323170211
23.7097129725,4.70167006477,8.79241631481
3.9291794209,3.68716018566,1.55590354386
15.4233459729,4.64889657347,5.73332369138
21.9040730336,3.64986312591,8.70394415745
5.40345869292,4.65587875258,2.00797962675
24.8130317598,3.69098036053,9.82219290832
21.309153302,3.66149995075,8.45826545556
16.309480242,4.00578822296,6.29298739543
1.54468060896,1.64638982412,1.160172491
17.7112578651,3.18746084736,7.42442646621
5.1633556854,2.91070153391,2.26284520589
20.0674091941,2.84594700993,8.90297264294
11.7935233746,3.65650852181,4.68341195832
23.7235611223,3.24758654548,9.86323627344
11.6049111095,2.24728560444,6.07409945113
10.0081656359,3.9671161766,3.87255809435
18.8500016115,4.08027340071,7.23537664327
15.2423372906,2.3458777762,7.69815690129
16.3922847505,2.17670505412,8.82720609933
6.80757886399,2.98973153089,2.94217887625
14.3985290125,3.18773377205,6.0355237289
19.5800364134,3.71691578846,7.73252018162
6.38667899389,4.85099079802,2.35330357081
8.4885638582,3.10304921073,3.60254580724
9.63230362021,4.18437107274,3.67205093389
11.06452246,2.10587178732,6.1474935233
15.3208808339,4.32266773622,5.79210830334
7.33514507218,3.74476927606,2.88963333329
19.525710548,4.42032312789,7.3417375327
16.9862319353,3.32456680849,6.99251336246
26.0317158889,4.72791732296,9.64222729591
5.42474279984,1.74295488725,3.75389022962
18.9923202925,3.00615860191,8.1856881325
19.4138816692,4.0133219014,7.48676469881
24.0068440421,4.47785429689,8.99926062836
1.26513020597,1.17718847307,1.87801608934
3.17682908202,3.9845998301,1.22766073948
11.1765144667,3.03755131924,4.79229982275
10.4298388047,2.91692527158,4.56569549921
6.2024806699,4.5828849394,2.31287428627
20.4567804953,3.4202954215,8.32553191689
24.8052031286,4.73633108026,9.18452015482
2.17367926105,1.37797123543,2.2352538346
20.1484629872,3.10774598814,8.54491403736
25.1826303184,4.04803853633,9.68761461338
21.944718866,2.74328435776,9.94409372744
6.5945410139,3.89181638727,2.5663761417
9.78546757965,3.96098695521,3.78811109456
20.7800248579,2.71851515224,9.46782500227
12.7692019193,4.59581596696,4.75860488834
21.6895760311,2.75895460751,9.79533131035
22.5312369859,3.60195512318,8.99464555714
4.60533544296,2.16438244351,2.49297413779
19.5159962516,3.5735025243,7.81303369345
12.2677027174,4.9911493862,4.49550436169
8.41825625194,4.68605049644,3.12399279858
12.1347349766,2.69581769352,5.55725889265
5.69748312898,2.28927224921,2.93553821744
9.68925801546,3.80711475466,3.79668600079
15.3007515013,1.89250613083,9.53536595901
16.4710372093,2.48708934337,7.95857760677
21.7818041607,3.12727437756,9.21058442068
23.0106026501,3.84414168356,8.98910406812
9.59229273274,4.64665390213,3.56611637954
8.96874751115,4.42807901494,3.37087665045
16.1291441407,2.71208630227,7.35936892266
5.66430639273,2.44557247523,2.77066530504
5.74974836201,3.94571764333,2.2283650244
3.04564893,3.3136664775,1.25547408092
17.2389321528,2.56445152202,8.15376231817
26.571965725,4.87951606402,9.77966765502
6.0721024553,2.63776194053,2.81914048323
16.4735600123,4.12887133791,6.30264176928
20.2196338251,2.65023626114,9.35925584364
13.2322497941,3.89947350255,5.14647075956
21.2158583665,2.67375707886,9.76578280936
20.838331998,4.31260521348,7.88257610165
13.5662161488,2.85794112124,6.00468875363
10.3228185869,2.01425550511,6.00015090516
17.5743307891,2.27913725906,9.08867815704
23.787337137,3.9656344682,9.20527967552
20.4888706455,4.81173734579,7.56182772015
14.4605525809,4.5132480926,5.41089376545
9.13391436663,4.44277948317,3.43026438178
14.7121724319,4.23919442513,5.58954306843
2.0828874241,2.09122780587,1.16520449562
7.56618921111,1.72049770233,5.33048060879
25.8175457598,4.15142381522,9.86302593184
16.1592889411,3.9228826551,6.27354022967
16.5873513785,4.57085253742,6.18895881546
11.1153768434,4.58477473585,4.14448998866
4.64809851569,2.86897666264,2.05298986012
3.63164380461,4.91251453508,1.33485213043
6.82207627276,3.34074073622,2.8027560274
23.3421056628,3.48137873279,9.43529047923
11.5693689435,3.8025484085,4.53513229854
16.769821562,3.40475969172,6.8372383585
4.68561849616,2.56952261538,2.21327306835
13.0099141433,4.55818192571,4.85718373857
20.6686732225,2.73505901118,9.38269524014
13.5151288479,2.06706750997,7.64871316806
9.41760831197,2.88453951763,4.14735830282
3.29297360982,1.96608438357,1.96471377637
20.392317124,2.92789020712,8.90910224613
19.062491234,3.97465678602,7.37192925681
18.7908430403,3.88062609256,7.31921601414
17.3526851269,3.48359617364,7.01257217958
1.21162262769,1.21264001819,1.66613475929
12.4023312883,4.71176353844,4.59715525756
16.3533153975,2.84635139262,7.2546293009
5.0776336568,1.62939831311,3.8744517829
12.200799107,2.24980100822,6.37982285317
19.6080515062,2.68212036051,9.00812836798
10.5034067642,2.80965288833,4.69367046541
11.647058169,3.04153897484,4.99084586408
7.33614463601,4.63679717074,2.72860404344
9.10049883505,2.81315315867,4.06386991874
21.9373171341,3.0220671193,9.43012207519
22.6863884011,4.95872109791,8.32367753259
15.0985779149,3.00340399593,6.51047954688
20.7349245272,4.53395392946,7.75057991557
7.03186226308,3.36679011359,2.87983341736
26.2960863819,4.99614756143,9.63440275059
10.657803511,4.27746798678,4.03987231203
12.1732365209,1.84589971535,7.81828542689
21.1722637513,3.25601654256,8.79267634629
24.2822447924,4.08611902099,9.31677921998
9.64663393906,2.8751941374,4.25572231591
9.68990941635,4.59310525893,3.61153786231
8.92073125073,2.68233127333,4.09806967525
7.07524100519,3.34181657694,2.90638197603
8.71041809308,2.32930317044,4.42436204326
24.550514925,4.92527194432,9.0193032368
18.7160703635,3.17751846386,7.85666481022
15.6617248066,1.90663843292,9.67548628676
22.0419352938,4.21163902703,8.3885234083
4.90923490027,2.29249914047,2.52643339894
8.60573830143,2.100987428,4.79223362731
26.3092278534,4.80857387568,9.71123565127
17.5985921448,3.07400474876,7.50235975819
13.2402929692,3.80537757097,5.18889505293
8.70943186255,1.82971911221,5.65528534161
20.5655394739,3.66867783975,8.15762541749
