x,t,gamma
1.3195551343,1.16409156928,0.353054786674
2.23010922769,0.654601310821,0.173338397457
1.17140966875,1.19215071707,0.430435661772
0.976751257491,1.33344814011,0.450482345731
1.66968583857,1.01102716102,0.256101276159
1.80340327387,0.699710166278,0.444466663817
2.11753622547,0.831534164397,0.122299115079
1.72523105207,1.09995731189,0.163296551668
2.25443908838,0.682863749244,0.136808383823
0.937744512365,1.33048899125,0.483721349889
1.46100604761,1.04209870349,0.361486510881
1.69825322858,1.15798474354,0.140153111097
1.90328598695,0.786795025656,0.287018390017
2.05819650316,0.755975234504,0.2103828444
1.52530822914,1.35652413919,0.101770069822
1.90543423533,0.797255717517,0.276826646838
1.3230159233,1.35348796933,0.208785876178
1.22208054612,1.08366468041,0.49214736328
1.62237188685,1.0552289664,0.251244241053
2.02544603746,0.925593666238,0.114718830656
2.0122427046,0.872802150607,0.15549836199
1.28739642745,1.03641624479,0.488343959609
1.8825975903,1.00975073891,0.138194928799
1.65005143485,1.18556753211,0.147243669141
1.83426652485,0.82130629469,0.303639991329
1.01515960756,1.25701776226,0.489247627418
2.05711328203,0.560675703517,0.396500086772
1.76545451182,1.11583438688,0.132402194045
1.70395216673,1.00877937655,0.237640194525
1.99709962693,0.682399750376,0.314743013657
1.92549510907,0.719824476784,0.331439541554
1.41542352551,1.0467897893,0.387829786952
0.968089467126,1.43387060431,0.371318499453
1.43304517744,1.38399148908,0.129834625288
1.92675987044,0.73646940702,0.315101764732
0.922358341451,1.32649333866,0.499816158201
0.870154656692,1.49195724213,0.395402804109
1.97927003547,0.864871732336,0.179877318
2.20818363208,0.733424348044,0.13200216647
1.8264372332,0.694875852909,0.431645915674
1.68196378475,1.01957532297,0.242579125919
1.35413603414,1.40933306609,0.153660315951
1.55219744075,0.989658317888,0.345959129605
1.71471703938,0.808121983358,0.398402545391
2.02826767679,0.830377665993,0.174897121118
1.09767130741,1.39814404009,0.311366137832
1.75810642989,0.76330194223,0.411306864892
0.963174981598,1.4305645886,0.377616628564
1.37501714966,1.23407442609,0.264604776157
2.20984770805,0.68809469089,0.162271981871
1.49583966773,1.22980647725,0.199268198368
1.99511508592,0.869610884369,0.167444101523
1.64576818406,1.03219661375,0.254503677743
2.28543404825,0.52921516552,0.23741501124
1.43893446562,1.30473141649,0.179110405324
1.35660109839,1.40910393608,0.152523383731
1.55108870342,1.24223112777,0.161624513043
1.9233045627,0.727591042835,0.32573052735
1.68301357146,0.89905646361,0.337163506131
1.28021160109,1.19598364291,0.352823350939
2.05967534244,0.747038317775,0.216278013971
1.60547080612,1.05130699404,0.264090818083
1.77233778798,0.825241110452,0.341917389754
1.16701954252,1.2709114374,0.366921149655
1.88627625988,0.929793879282,0.188725129641
2.23789221653,0.715758171357,0.125236529032
1.36832658384,1.3289975884,0.200748050226
1.80800857134,0.851054831675,0.295865739816
1.25805178212,1.45269324109,0.175457389179
2.19670973415,0.705824194462,0.158157061997
2.03588336592,0.809924031259,0.184675512395
1.72570782183,0.826584259018,0.372970310147
0.928253156243,1.47754322516,0.363996538043
1.4457222456,1.38258359975,0.124378287667
1.39177182454,1.44643294178,0.109981989257
1.69208367678,1.04348536755,0.219604216854
1.20545760341,1.16924248557,0.426221684092
1.78630171013,0.798917024393,0.356263361757
2.07618034712,0.740061144822,0.210917455385
1.48543650592,1.2774307009,0.17274591923
1.95892583709,0.610917874601,0.42010945002
1.18015120606,1.40121936294,0.257258297832
1.50126527374,1.17505495089,0.234392922724
1.60540698812,0.823615990751,0.463483772645
1.83288796682,1.0561893274,0.135026557221
1.05090637854,1.33061628574,0.397983572279
0.997555317663,1.40648622211,0.372859026862
1.69610183671,1.14212551662,0.151320007447
1.61769196812,0.992616857973,0.301844062035
1.93140546654,0.715627007503,0.331137561134
2.22430071668,0.662253254165,0.171566556735
1.92916672504,0.667047075306,0.381418140521
1.40911901468,1.2527301296,0.231416195778
2.14933654672,0.721548522266,0.177397974132
0.924552584585,1.41014602365,0.423731478782
1.57917450354,0.995274249372,0.323949572602
2.15474390142,0.539841191288,0.336528985696
1.75528614969,0.724342508604,0.454966750644
2.07132066026,0.650030969278,0.290425946929
0.983539832724,1.28013934547,0.49302419508
1.66501857065,0.804663318168,0.438337955597
2.28273111631,0.594258211135,0.182785863602
1.29753566549,1.23714315952,0.309230374936
2.0177616037,0.803285994043,0.2005461299
1.62380631139,0.818110253028,0.455337896121
1.84295135114,0.696385357877,0.417053749838
1.50475133876,0.966414548589,0.397907175457
1.06371962367,1.299717863,0.414949391872
1.31095965534,1.31917227769,0.240037752048
1.91445227629,0.747700272719,0.313556002249
1.34513212476,1.31546995775,0.223148882011
2.25889433113,0.566359737699,0.22448864407
1.37760894459,1.40911474464,0.141610733411
1.80473473567,0.871245653794,0.281449454685
0.865464560343,1.43263882211,0.450556947363
1.46306497231,1.15368768202,0.272074170142
0.963801351044,1.45282631192,0.358755198683
1.22078577371,1.15983975954,0.423598144021
1.89440096185,0.633210585757,0.447471122071
1.77729044183,1.03122492901,0.180668625904
1.75547086439,1.15748362863,0.111840518434
1.33637327324,1.28389445672,0.250820161155
2.01793692952,0.712426263947,0.272658835092
2.37379575299,0.520431510553,0.173001101197
0.942619495384,1.35741986786,0.455773791287
2.10191105592,0.624476091113,0.291588014525
1.50303907298,1.33365074685,0.127121676438
1.78191581792,0.997861069491,0.200796812477
2.02918804135,0.596018880826,0.378916968099
1.75883831759,0.858728110225,0.321641857218
2.08830982672,0.517728500694,0.422769714246
1.3890279266,1.34564641243,0.178115371398
0.98302802107,1.29841252448,0.47682323309
1.01894316536,1.36474709019,0.392263891837
1.11402634855,1.49862768837,0.224861145228
1.52114745575,1.09317122381,0.282884761949
1.79114469806,1.02548240079,0.176949241541
1.7362964361,0.791812826827,0.398758867721
2.10397858751,0.744179435889,0.189894371469
1.36795630613,1.10560334549,0.36951747863
1.86787795923,0.742634098009,0.351313500441
1.38990840985,1.30093497815,0.208315198103
1.48852830356,1.13769723894,0.268900689056
2.12903601268,0.821055071093,0.122350278602
2.0812419581,0.546926443281,0.392099809423
1.44460403709,1.21365458918,0.239083055913
1.21484886935,1.47952494616,0.180490923687
1.4595544733,1.18522286794,0.250967360829
2.41121562477,0.506026250252,0.154422275228
1.64782430841,1.21805462819,0.127884494874
2.12976916949,0.567332911274,0.327371791328
2.25496822869,0.726373292512,0.107844750275
2.1455854372,0.765040238529,0.149188676125
1.80657050949,0.902806989277,0.255478475437
2.04053537324,0.779066279461,0.204234626102
1.37096610449,1.44249750588,0.122979518536
1.76376289304,0.909493117149,0.276738721214
1.78637085894,0.722645487522,0.432565161741
1.45735265893,1.16677297399,0.265747420206
1.73469122452,1.10736625407,0.153561693183
1.91844324474,0.686818253995,0.369084396487
1.1437047505,1.43431346221,0.254726452912
1.14166734314,1.25738584969,0.39550755078
1.10691755922,1.3315169502,0.358228739959
2.06124053926,0.76079270839,0.204790701759
1.19087179927,1.30254478216,0.32585069891
1.81763226703,0.816978130053,0.318492264162
2.21574901465,0.623135799823,0.208230971525
1.06009322561,1.40526432353,0.330600024156
1.10408475657,1.47405278094,0.249213275964
1.38110861997,1.13131163008,0.339864316494
1.99838893639,0.584081372718,0.418806677944
1.42382680347,1.36509329369,0.146875559758
1.01603137675,1.43886349686,0.333596638668
1.78767306565,1.08687346397,0.139136368642
1.428584344,1.31410487551,0.178311288459
1.94599226157,0.581802798886,0.467244541919
1.45491676718,0.971928279338,0.427616279526
1.39433516575,1.40783891328,0.133883917124
2.20832059976,0.639459627565,0.200276513734
1.61512251537,0.914138951236,0.369392782422
1.40599578837,1.00044732873,0.435847581353
1.60410629511,1.08003425362,0.243761252576
1.52738403164,0.962888813853,0.385583951928
2.10454626919,0.608163604244,0.305468022533
2.01330920799,0.538956163484,0.463495816601
1.09709906936,1.49301361179,0.239276472259
1.84147048083,0.993529522432,0.170711776657
1.86120202967,0.67185737072,0.429738438428
1.56184029912,0.925621138339,0.395513666483
1.21678566522,1.44052606445,0.20709439571
1.67551329274,1.13245013499,0.168314892319
1.98801800626,0.74667530855,0.26398230658
0.77509876112,1.48890821235,0.475700256369
2.22507019034,0.562398217366,0.254875059173
2.01645316949,0.864236533684,0.158780742837
1.83478698808,0.913896470426,0.230076672816
1.44157149479,1.36666840662,0.136777203864
2.12456670548,0.784122215789,0.149021376048
2.1146734609,0.733910434516,0.190637921788
1.9724643492,0.705131722958,0.311352693898
2.09498922097,0.729066024225,0.207081029545
1.93685307146,0.736611436649,0.307879432237
1.17225634187,1.36529295877,0.289144284099
1.86603136009,0.828958497569,0.27645146876
1.03566539437,1.39117013591,0.358625163859
1.53640277476,1.20634823898,0.193252507238
2.23229675184,0.571045044843,0.241068794137
1.58706221352,1.25080463866,0.137709333577
2.43949414063,0.538007252933,0.107897226244
1.37900033188,1.37778031187,0.161772442706
1.94824728548,0.57996529244,0.467639793643
1.19669823005,1.10967717845,0.486651075166
1.34997163807,1.47373767252,0.113016642039
1.3000990429,1.20864925049,0.32986974995
1.3786178918,1.00875530311,0.44768770977
2.16326027297,0.77772809572,0.130135975103
1.3335090317,1.48211904262,0.115782015236
1.84023013886,0.685298459318,0.431379068005
1.63815839495,1.23264268153,0.123601492971
1.31639040886,1.1051960018,0.404625201202
1.57915784336,1.21294166217,0.166171099623
1.60071116634,1.27317134705,0.116880322253
1.37946018512,1.3548841062,0.176971469257
1.39443769504,1.45638732884,0.102216004385
0.844196136672,1.43214604436,0.468365932623
1.89437442186,0.949555910594,0.170772145724
1.7884707696,0.836615228744,0.320988201676
2.17333321783,0.777079418843,0.124579346008
1.5176999543,0.936349152218,0.416416240399
2.08370572066,0.764573642475,0.187780533985
1.87875803095,0.919983181444,0.199868519518
2.2931769076,0.69802599711,0.102153430335
2.21465042822,0.612545438985,0.217885224635
1.90896679578,0.762125287382,0.30448999251
1.65753817698,0.986192534347,0.282294338404
1.58702942133,1.12949838458,0.218283055649
2.17790057304,0.725894041053,0.156053500181
1.89151220035,0.75163713945,0.326056359059
1.06961120131,1.3934872113,0.333594329999
2.1889181957,0.51402240874,0.33616342417
1.47895290813,1.14458775441,0.26943984807
2.36559605308,0.506901905174,0.191392694203
1.77622460589,0.928501705392,0.254359630751
1.20408368227,1.24088557476,0.366582583885
1.21434658498,1.08758139062,0.494259793598
1.53890544918,0.928716033569,0.408623660633
1.31843161377,1.08888052075,0.417497169966
1.53888105945,1.13365834021,0.242560045467
1.60770580186,1.23509982784,0.137267824646
1.77096839835,0.869098015184,0.304916019189
1.38503980345,0.984876738974,0.46567867224
1.39729254228,1.23763866989,0.249000273889
1.23345338306,1.38485465156,0.237577531645
1.80139942283,0.694172774033,0.452308850579
2.09566234934,0.505683484116,0.432071150402
1.16346678539,1.31184853611,0.336313648894
1.04770887707,1.37392894947,0.364334739917
2.35674977043,0.632513546165,0.103046944775
2.02960299353,0.600857546769,0.373148615624
1.65681736921,1.10846003461,0.194297874022
2.26604679529,0.645020028774,0.155839144784
1.13270546453,1.45998952614,0.24227496235
2.3763963707,0.512146140981,0.177890113988
1.73722653821,1.03978947948,0.196894467142
1.84558908206,0.777719502677,0.334351374017
2.11133498204,0.641747648634,0.268429885484
2.1201425022,0.781950234379,0.153150019453
1.4899639328,1.10087020651,0.295879389539
1.77658842761,0.769864121697,0.391065047973
1.52442990472,1.26221825147,0.162388131871
1.98078311198,0.869015436807,0.176142815108
1.52512037726,1.11509922394,0.264089810412
2.16895722741,0.558612009582,0.304219887352
2.15777766374,0.773428200514,0.136220102438
1.26125596952,1.05952858946,0.485730406405
1.85170756235,0.992523215109,0.165792865359
1.91410638218,0.778132359839,0.287128953822
1.94688508758,0.636350283258,0.400785971633
1.12261426095,1.29938482419,0.373761713774
1.51477366815,0.976960737563,0.381691993772
1.80682726285,0.750208609372,0.388422763419
1.96644179943,0.995645312609,0.103364164623
1.47269399111,1.37433676955,0.116254481718
2.36739603324,0.541987804665,0.160466766429
0.840574464964,1.41728998854,0.484769102039
1.42686538528,1.32056998211,0.174875793077
1.58244430415,0.825267370675,0.479217557354
2.05044232656,0.563937992947,0.398345896406
1.67437123943,0.833806472773,0.402489857582
2.41764257557,0.521943771225,0.136670533797
1.35140500314,1.02546587931,0.451674515112
1.42568636386,0.939379223878,0.480180418261
1.0391019239,1.46787458268,0.295183502258
1.94065289255,0.93005878759,0.157985674162
1.83709642321,0.944191134531,0.20687912711
1.31224983563,1.457723582,0.143025766589
1.66313728301,1.01134608154,0.259749363471
1.73333762807,0.902876524904,0.30125804998
1.18216809497,1.4841889061,0.195575337037
2.02516256476,0.638040736076,0.33711672365
2.13381781242,0.762359150654,0.158223179774
0.978831305768,1.34955654823,0.434812709297
1.17592040777,1.12939566843,0.483817827115
2.21124477178,0.531294130136,0.297554414579
2.05435566711,0.866452287904,0.135813123347
1.67096447452,1.12983712277,0.172432018236
1.1964965081,1.11960567012,0.477513940222
1.66400073752,1.08423970946,0.206911376334
1.68219004233,0.778296958756,0.452933654729
1.43478766196,1.27567605878,0.201108809151
1.37473125604,1.2246848365,0.271712303097
1.2848764344,1.06325494032,0.464729824287
1.678655225,0.885084837157,0.352232286571
1.06266884991,1.39677418025,0.335638905477
1.39611655057,1.21479476323,0.266372331464
1.9021845805,0.933367975574,0.177270886992
1.15354240702,1.38882027921,0.282926143346
2.13713261578,0.669046738622,0.226287627047
1.69997156736,1.18617676394,0.121728356349
1.43732157081,1.06214225088,0.360210646294
2.11280985363,0.721292828196,0.201348082257
2.15084098344,0.691828484646,0.198710096202
1.47216032656,0.903499637006,0.481509881578
1.43855053325,1.08647321364,0.339373005424
2.12565303915,0.548022887812,0.352239070648
1.68149660212,0.874128320054,0.360044386533
1.94439755604,0.859416877867,0.204346095421
1.62969515185,1.04570022493,0.253969978342
0.943546380585,1.33446706255,0.475503617956
1.12187447013,1.28704590462,0.384470298664
0.922609556913,1.34373007895,0.483905455721
1.40526011831,0.944479555821,0.490391488353
1.37998684032,1.09746060264,0.368378229315
1.9168146952,0.656557485633,0.40244477993
2.06730565911,0.848054352202,0.140331056651
2.31388285485,0.666358088719,0.109263414216
0.883791936129,1.40649788475,0.458939767615
1.07103142553,1.33807369416,0.377553655672
1.37657115559,1.36284554758,0.173121002321
1.58734882488,0.817837128581,0.483387309576
1.80625351327,1.10934959901,0.115851350643
1.15457819816,1.35117684268,0.311193580019
1.45912634237,0.9936022733,0.404888685362
0.985431327965,1.44302683993,0.351450417225
1.66032972831,0.768289186845,0.480717338257
2.16279917647,0.534480012081,0.335629407151
1.70996469138,0.965003120753,0.26669716078
1.48969414184,0.972722694025,0.402594486141
1.74546274188,1.07223632456,0.170670705449
1.24790335416,1.36724481515,0.241920254886
2.28339202774,0.594606652539,0.182019939313
0.987472752624,1.29867419331,0.473113542723
1.57254737982,1.24288097732,0.150145292239
1.61627573283,1.21735054948,0.144203561922
1.69026404587,1.10719769229,0.177102446198
1.29128495126,1.06034583799,0.462759737917
1.34004403279,1.27745400118,0.253364395875
1.82468137693,1.00734679397,0.170726969383
2.03054495618,0.721058992948,0.256604563238
1.10667313704,1.33279456486,0.357358745873
1.49173207476,1.09517025851,0.299199049507
1.72295106498,1.10159620271,0.163433172983
1.58085194527,1.22643314809,0.156504116076
1.65514980913,1.06456489177,0.225636519489
0.887052802655,1.4807066965,0.392035738274
1.73809987545,0.77137891461,0.417960987741
1.27948645266,1.1915509161,0.356897007354
2.04158277153,0.721409108162,0.248796040631
1.6969282075,0.944394767053,0.290775072278
0.918616682328,1.33080580887,0.498920380652
1.67582784226,1.06096032421,0.216494645138
1.24811477072,1.35402012563,0.251454577342
1.86374476728,1.04743961609,0.124570749264
1.67547726883,1.20727458325,0.120848885927
1.52445449942,1.25109515434,0.169695116731
1.18520144057,1.47423363609,0.200987371847
1.83185001611,0.806186733629,0.318329137194
1.58993986256,0.880271245416,0.418175107528
1.96139532746,0.929792192277,0.146726079993
1.32659035692,1.45387248858,0.138149890534
2.20770731851,0.588495280831,0.244222428441
0.98509188955,1.48325341856,0.319199246962
0.937951434409,1.32467974338,0.488826120763
1.73785446371,0.712183301508,0.482681164455
1.74061958638,1.08279299118,0.166336192721
1.40443043183,1.41094785461,0.126730393812
2.26359068038,0.616520707622,0.179080040579
1.94960353722,0.842159388586,0.213775384644
1.99460500188,0.87537608301,0.16385588266
1.78993518417,1.14502471848,0.102442148882
1.15873016369,1.12707006429,0.499057523075
1.59808942759,1.05087550981,0.268798281787
1.41767657104,1.17425657935,0.283748295337
2.04598498717,0.910700584523,0.112802532361
1.13427099551,1.27230617214,0.388152789265
1.16544587986,1.17766484779,0.447544622281
1.71301733032,1.1504561134,0.137387080294
1.46516300838,1.30406806889,0.165705291677
1.83166345914,0.825763233251,0.30157713355
1.92637889321,0.796403854576,0.263806893483
2.2519830842,0.629280158598,0.177424475399
2.02000539052,0.747689363685,0.241786548522
1.65237690865,0.805785696518,0.446645026779
0.980518663616,1.41253857026,0.380061586733
1.46005876286,1.08837201707,0.324197397397
2.050722505,0.516109166154,0.460108936608
1.51782015748,1.24332620183,0.178347979198
1.21751090803,1.48919893771,0.172204372723
1.07444627424,1.22656884286,0.471244413811
1.30547020586,1.16990575788,0.357512730699
2.20645142859,0.759648030433,0.116034847984
1.02211941346,1.31447658018,0.432767356779
1.87756226329,0.777483822431,0.312474944864
1.35817097661,1.33850555164,0.199747893388
0.953891434335,1.37012570125,0.435917266073
1.8460622541,0.732406150384,0.377235570623
2.3636310121,0.583290216315,0.131989367221
1.43708273825,1.35521791473,0.146548520869
2.25114579002,0.675772975322,0.143869977779
1.09877489516,1.25086238665,0.431620924237
1.39291191886,1.43058986587,0.119718301055
2.29878455253,0.678348041848,0.111203970975
0.91190460998,1.39642948049,0.445481891808
2.34234695503,0.604838239981,0.131793503788
1.65720405025,1.20789694335,0.129543697901
1.17827087273,1.32552396839,0.315971899544
1.81696323634,0.878178475478,0.268199446824
2.2991433849,0.673107669114,0.114394789824
2.00853777301,0.64498762116,0.342889387345
2.36706458106,0.569889588917,0.139270901318
0.930310493346,1.32028586926,0.499024477414
1.93968878549,0.778511459754,0.269752435999
1.74213457337,0.85062792785,0.339852699406
0.845660294713,1.42762128253,0.471210850719
1.18717865171,1.4469247232,0.219549664999
1.80643030162,0.737182379761,0.401930514157
1.60573609547,1.01712172427,0.289972918028
1.49838988709,1.19989236599,0.218513032876
1.67150014709,0.884475498086,0.357599258217
0.897389995544,1.46526151602,0.397290472962
1.51438626909,1.31083080484,0.136023365174
0.932509174826,1.37693843613,0.446471422236
1.06182093498,1.3652899558,0.361618424328
1.34339497481,1.38800564758,0.173774755374
1.45906213638,1.24804718111,0.206839494156
1.91320188085,1.01643531348,0.118143646296
1.24286990291,1.11140498244,0.45096482416
2.13691223795,0.840588440855,0.105800785137
0.927369136615,1.35248286684,0.472206155526
0.89663487836,1.393911906,0.459807454606
2.2631463578,0.628981283768,0.169793548423
1.97829183425,0.620250870212,0.393377545567
1.89462265225,0.793603920092,0.287035441733
1.52308877931,0.971366679574,0.380996485246
1.70980858427,0.948764713181,0.279342914339
1.84078931457,0.865313098929,0.263395973671
1.6381255597,0.802234564966,0.461135721206
2.17058171565,0.515365036394,0.350931313297
2.0965403299,0.789484500368,0.16225254778
0.904852953711,1.43127137322,0.420669936911
1.93173323081,0.98577126149,0.127327495675
2.13654702055,0.725122692324,0.183030085793
1.79254810108,0.92701443303,0.245622521718
1.72650281506,1.1427572488,0.135370294346
1.23896727743,1.28121101732,0.311842376405
1.35791169824,1.45233268931,0.123114479472
1.137553521,1.47097575092,0.231223759513
1.12884283034,1.19934149896,0.455025465546
1.06308018741,1.38912181889,0.34148735967
1.58303678133,0.929750492594,0.377256813428
1.45540909006,1.12409120406,0.299087797421
1.77727448481,1.01960093459,0.188501060377
0.985023654902,1.37842753534,0.405419656354
1.44430504816,1.40780149636,0.108897469898
2.13493967558,0.761467657514,0.158148551439
2.21096753896,0.629876826952,0.206146169672
1.33151542906,1.23879618553,0.287087043237
1.94512050424,0.986151125703,0.120089210352
1.34638076368,1.44978023963,0.130681103908
2.35201480778,0.577763162974,0.144530753884
1.88678760685,1.0484315873,0.112241539942
1.44358996263,0.952649387865,0.453975993981
1.86534206198,0.997682510764,0.15505871626
1.70401420221,1.21242497947,0.10374683653
1.2152235744,1.08444475194,0.496592598951
1.56490935401,1.02828921612,0.306396131038
1.8616549335,0.652239983919,0.451988097192
1.53721259137,1.2347931305,0.173773672754
1.68123136541,1.07001044956,0.207174887374
1.87476675158,0.941174554758,0.187445936868
1.20429199184,1.48513529529,0.182411962236
1.75212019852,1.12304059714,0.134685747137
1.91388281264,0.623742863274,0.44253334254
1.01688920378,1.36572073963,0.392926180266
2.14418521915,0.553327734346,0.330534746807
1.03117017324,1.37126808536,0.37811572696
1.67886687779,0.843879359816,0.389676716621
2.1890692767,0.760955755633,0.125598565651
1.99965749308,0.776528607781,0.232187871758
1.05395867394,1.43770932872,0.309031974909
1.41756973161,1.11644104969,0.328599887609
2.10205694569,0.803582372547,0.14939787512
1.38750809738,0.95629318938,0.491908224531
0.938871271593,1.41650075826,0.407409956353
2.33603271354,0.602608237197,0.137861021696
1.34188956826,1.37806718108,0.181375910951
1.5570706443,1.0218331197,0.316439353172
1.49828723992,1.36559188647,0.109219911621
1.92458796824,1.02105762473,0.109526470371
1.48535813554,1.12367398404,0.281282223388
1.24522558129,1.17665301634,0.392175457732
1.27187911609,1.12596992544,0.417353467082
1.99094592552,0.935054229501,0.127357614911
2.17441921031,0.60923084697,0.250796942422
1.56149075715,1.2717892321,0.137244607034
1.71311851036,0.772572492272,0.435478805005
1.98233389222,0.712911599002,0.297207516554
1.81565698027,0.946851171796,0.217402638084
1.26704839731,1.09853538325,0.445204887364
1.82347028485,0.895476213443,0.250737358892
1.48192667421,1.02691767036,0.360539017753
1.51964582603,1.07026948049,0.301410565503
1.95975629539,0.904395812146,0.164266844227
1.41507534897,0.944190756604,0.483310308592
1.02665357933,1.48042452375,0.293550000094
1.76240455725,0.769884067042,0.401457005165
1.24710131023,1.44037458568,0.190117410929
1.65129409063,0.881368015823,0.374165158932
1.28371642165,1.28143321651,0.28398171653
1.44312278381,1.41656100555,0.103886879955
1.80415690446,1.05729011102,0.14928341604
1.56467175009,1.02627197181,0.308142275113
1.53951008337,1.21046624949,0.188800054112
1.4990907539,1.22561351555,0.200364742999
1.55397693864,1.19833693425,0.189201713784
1.28148162044,1.2137175154,0.337758181895
1.30204387142,1.21029311395,0.327336846695
2.27830973808,0.645405866691,0.147195414894
1.1793599353,1.27864783026,0.352390209151
1.35622088963,1.04429965563,0.430902937411
1.49729849911,1.1973596206,0.22089071387
1.91077582027,0.613877909682,0.457172751056
1.24362889684,1.09941495776,0.461377629047
1.87025757217,0.654415235392,0.442381706354
2.05553478454,0.913666365582,0.105903637171
2.31344734204,0.530064268262,0.213623765083
2.22434140332,0.685846219586,0.1543653432
2.1968972647,0.685505064943,0.172718313159
2.13927329567,0.751616344633,0.162308922522
1.79165711647,0.889000046728,0.275508435823
1.51259520327,1.12867180016,0.261421207748
2.14818742783,0.764646086621,0.14787076044
1.7774957213,1.10440392891,0.133390703068
1.42583454097,1.08818263493,0.346145727832
1.41274840636,1.22289252408,0.250736120116
1.37547488463,1.37444324996,0.165875360998
1.40362175765,1.31269012991,0.192693744893
1.61730609774,1.10816713957,0.216277038847
2.06844531041,0.642167654629,0.30000837172
1.86358022126,0.723390027753,0.373266908456
1.85006002346,0.873325131944,0.251373027357
2.4696491129,0.50164396186,0.110277734634
1.28192719641,1.32048755878,0.256049264179
1.72266075277,1.09267643252,0.169406909385
1.94857048196,0.718848093772,0.315790168824
1.03562205353,1.28905471569,0.444862636452
1.99761812015,0.676737212847,0.319755327838
1.22584894069,1.49822848792,0.161312746243
2.06873637753,0.693556398771,0.253495946737
1.29005058997,1.22223105404,0.325551466
1.41500544911,1.17391629762,0.285611158245
1.13088615397,1.17701752808,0.473697277751
0.969856524318,1.31341092459,0.47365316363
1.53668421532,1.26383412105,0.154994112768
0.93084429745,1.44245769707,0.391421822312
1.93149795809,0.861772350189,0.210375402596
1.3390646186,1.21557301625,0.300122423425
1.21067113094,1.48232090286,0.180842615711
1.56518799974,1.15334852295,0.213825310213
1.38885065219,1.26601382827,0.233475106444
2.39987194644,0.552585210341,0.127479720465
1.28342849084,1.3147136208,0.259401133945
2.15195383182,0.650879530561,0.230959441801
2.39447255639,0.572200077997,0.117443527464
1.33429586738,1.33988407585,0.212029519178
1.86924605422,1.08178334474,0.101091347064
1.21015199468,1.3645248315,0.266413511387
1.08028134262,1.32907420995,0.378538347478
0.798952235401,1.4748774106,0.467914602183
1.26424771918,1.11669754155,0.430899991898
2.45114650948,0.501407915204,0.125448079922
2.0864227301,0.890016874021,0.103570209703
1.74210696935,1.01417400845,0.211894777357
2.2122194744,0.639181523648,0.197739888101
1.97594471574,0.908839556137,0.152263354146
1.64161894206,0.986888501118,0.291533339597
1.9144308695,1.02137488668,0.114516952648
1.33063973963,1.38328448041,0.183891886778
1.12259153773,1.24611734282,0.418548668123
1.46317454711,1.13365151384,0.287064650875
2.01200008889,0.609612025836,0.377799751702
1.19348167941,1.47709294916,0.194221231255
1.70299127571,0.788286184188,0.426817008422
1.73052111954,0.919080744384,0.28992748891
1.66627388911,0.998080444715,0.26787326541
2.24132413331,0.6594846782,0.162077274801
1.77407360305,0.886335028253,0.288755761143
1.80703878959,0.91589280853,0.24524611456
0.888616979688,1.37466858716,0.483537000501
2.15293907929,0.669638591621,0.214795551482
1.55947520697,0.885654643383,0.434881734879
2.17740394873,0.619375886298,0.239530414022
1.41030224144,1.21541152692,0.2575997886
2.33901718579,0.605589594846,0.133609332319
2.29698524851,0.569318142526,0.192482755983
1.39634771728,0.955070138562,0.486485332472
2.011176142,0.531997957892,0.475070443092
2.0127692396,0.813259627019,0.196353100177
1.29497242818,1.15298341576,0.378449221775
2.10044522339,0.734242054566,0.199586235922
1.87572561364,0.844625975019,0.257699193953
1.58883950281,1.00630496242,0.308950275422
1.56478846841,1.08931331402,0.259852826346
1.22804574677,1.33178567813,0.28003663414
1.26959371264,1.15905744797,0.390460112394
1.46036277831,1.25949350382,0.198265879011
2.01062479188,0.900677331476,0.138299199571
2.3296252415,0.661045913531,0.102481134542
2.21622113068,0.555149146243,0.269019615872
2.00632210714,0.786191545283,0.22047060219
1.90798216691,0.875584615946,0.214424811494
2.10994193079,0.632308164401,0.278132097775
2.31112370937,0.612026352218,0.148656255134
1.67528822758,0.875804179341,0.36276957333
1.99536447921,0.924961793504,0.13128128394
1.3215829325,1.26799754655,0.27121662999
0.977800154943,1.47832603609,0.328171922902
1.20690137241,1.33024488356,0.294252500091
1.87450155126,0.971009482343,0.167510568048
1.61057178559,0.805306096404,0.478963216235
1.04349901273,1.26385485362,0.461224257945
2.07060471921,0.738949153692,0.215411513662
1.22721041599,1.10211146797,0.470957456677
2.04367009713,0.79857979336,0.188027401129
0.969140048749,1.49596709198,0.319966700063
2.12131176532,0.654155620701,0.250132619665
1.21460335601,1.31205035277,0.303370097776
1.69933975926,1.14361793799,0.148698866684
1.34445905399,1.45194346421,0.130228447897
1.642900118,0.867808983941,0.392489999772
1.84228242011,0.777810689014,0.336573729007
1.14502246963,1.17294245437,0.466840566322
2.33793340956,0.561916641336,0.16727963811
1.86503181432,0.82433493796,0.280888395395
1.70231759229,1.21622962466,0.102273074026
1.4365786081,1.29815687612,0.184807157388
2.02183750118,0.784224720012,0.212150079101
0.997196488394,1.35203251606,0.418915733211
1.45529464982,1.39742891179,0.110113565678
1.60819993364,0.822505187792,0.46253251231
1.82439425677,1.0220524323,0.161240284823
1.31730372376,1.06369550752,0.440886512805
1.97331024873,0.710906416811,0.305435549106
1.66220742574,1.21872241864,0.120337057994
1.65651691633,0.924608516887,0.332787764697
1.38319738076,1.35788830336,0.172943052541
2.14116181925,0.819110528659,0.116646156479
1.30918495618,1.02865404768,0.479560506807
1.98533513992,0.872983955554,0.170798936727
2.01234391156,0.919984100814,0.12520437549
1.39103486438,1.17435660284,0.299827627939
1.33489779424,1.16820238112,0.339822797678
1.54756888732,1.00108555793,0.339421125422
1.95478142962,0.894635058883,0.173653976559
1.03035938576,1.3310096357,0.412487734924
2.06399439996,0.608327865039,0.337288734834
1.4995517585,0.995821268335,0.375456531242
1.70972353845,0.926802233343,0.296824495702
1.21523411201,1.40501880842,0.233586926733
2.24259094332,0.508428979881,0.295069017977
1.57889371442,1.20893332648,0.168938396473
1.26175418537,1.35090551923,0.245694507977
2.15492375608,0.585361765444,0.288424438456
0.781741256955,1.45774695634,0.498335424683
2.22194343295,0.640035359769,0.190206336738
2.20870472646,0.731892179814,0.132697301707
1.42956815017,0.991523669106,0.427397855608
2.15155394726,0.701456644751,0.190874465705
0.877506857835,1.40716602061,0.463418706457
1.24630274804,1.44278831873,0.188864871918
1.21418626914,1.18598968177,0.405604440953
1.62806690073,0.814179500981,0.456217879402
1.90854836304,0.881531750088,0.209775475852
1.4789744461,1.34801382873,0.129965889141
1.06071986595,1.241994788,0.467745810232
1.39379558478,0.991056040405,0.453399196549
1.21016509007,1.26829349862,0.340439496539
2.03120761836,0.826167128904,0.176071453726
1.6449064002,1.09537331724,0.209807006347
1.70080158671,0.782027771663,0.434907952308
1.32316428639,0.997640736106,0.499316227709
1.51156204927,1.05147681418,0.321286682199
1.38560200241,1.06641862304,0.391009335008
1.08679296494,1.31256738803,0.387681839479
0.863642479319,1.44124513802,0.444436520772
1.46867618123,1.2594136694,0.193813180458
2.24432364103,0.680277952652,0.145197152841
1.68680852977,0.904178623256,0.330287889773
2.0650040279,0.853138861512,0.138353141864
1.68504878393,1.00408666061,0.25217238147
1.58767685738,1.23280190138,0.148892504669
1.53982095572,1.33074496824,0.110808244476
1.87803631537,0.871936117522,0.235232418965
1.53956682827,1.12333216306,0.249630492422
2.22203856252,0.557201667792,0.262301460278
1.53897120142,0.979843570267,0.36298702778
1.19662281718,1.27289742707,0.345619326919
1.4920068869,1.09646403456,0.298030661528
1.28446266498,1.11588462079,0.417407325601
1.16143846167,1.42023298244,0.254445041223
1.7259763012,0.991763625232,0.237191611042
1.70297658298,1.00693431933,0.239552005768
1.86926730719,0.613160941756,0.493878864253
1.50500677481,1.32065211536,0.134448587472
1.60629163885,1.01390530143,0.292137074039
1.64737905462,1.21465816776,0.130228091333
1.19051276514,1.15687143491,0.447903808839
1.3562467488,1.10138772867,0.380855799568
1.95557000546,0.600571425499,0.435339342038
2.04886107149,0.663865747022,0.294123351434
1.73089233022,1.11037494659,0.153610865549
0.866091546579,1.39209197743,0.486320334743
2.08581376473,0.624937791116,0.303448159722
2.36180522346,0.612759489676,0.112717081474
1.24276757162,1.27530499955,0.314024057626
1.31780026356,1.26326486994,0.277003845685
0.99403317857,1.26458128782,0.49897965881
1.341461716,1.32428831001,0.218986481019
1.91865568381,0.807407200237,0.25991786603
1.71934734485,1.15628120659,0.130551138786
1.19379742755,1.47836716382,0.193132211243
2.1577168335,0.637523219298,0.238195153395
1.32695293407,1.20042613028,0.319359578432
1.53384231645,1.01854466403,0.333840096996
1.51353019698,1.31263715486,0.135296817199
1.22989698066,1.22241293921,0.36447145977
1.35390018996,1.32869945449,0.208931528549
2.09352764926,0.81850120164,0.144513870238
2.03895964387,0.705183109663,0.264287541923
1.21734474751,1.27580766714,0.329834643187
1.53219054618,0.898607981377,0.442030147735
2.00199657288,0.622008447568,0.372255315766
1.54627103105,1.11514325239,0.251706441152
1.26917539022,1.28712292923,0.28855961941
1.35556064935,1.07092790347,0.407592205228
1.9399518546,0.590559430275,0.461280725768
1.66575935439,0.9338372966,0.319079022888
1.46656553597,1.31346735801,0.158763706779
1.14075280406,1.27400239354,0.382266207992
1.93113118674,0.645598093024,0.40314257619
1.65620925729,0.860010984607,0.390451487804
1.22053484903,1.41769242273,0.22132976994
1.00760688572,1.48896510739,0.299457236851
1.72031159702,0.996297481084,0.237193968545
2.08344799234,0.789897765241,0.169898977441
2.35716921959,0.581679084475,0.137860243911
1.37484783646,1.24212810686,0.258794534488
1.3166675446,1.14980207271,0.366665062903
1.75151499453,1.01878583128,0.203384116912
1.23674907886,1.46105882687,0.181334097111
1.99363606944,0.808345700776,0.211739360136
2.11549373003,0.796650999539,0.146056052353
1.96952805631,0.663652230514,0.353826182096
1.67046915695,0.990935815823,0.270782968378
1.59305680194,1.30466459858,0.101164611542
0.873542964252,1.44114267035,0.436617378059
1.5156878792,1.03194750045,0.334476934446
1.76172664809,0.990138855844,0.21767200793
1.92944553249,0.786976131204,0.269519113664
1.58769873977,0.844431011714,0.455275609468
1.62878562802,0.851412832583,0.418178009316
2.30444167082,0.533342093475,0.217979398751
1.75283007549,0.899583800226,0.291527731839
1.64671837932,1.06976887241,0.226731165377
1.1814292111,1.23889411714,0.383545084901
1.49248038638,1.16193456873,0.248828353557
1.74846910958,0.941065146775,0.261632350633
1.40340522122,1.33716608599,0.176174741067
1.87877672029,0.993981326983,0.150234819877
0.882275660125,1.47473974384,0.400770026638
1.92740575511,0.897939983375,0.187123813494
1.47723917104,1.26211825726,0.187368627276
1.25781706049,1.21203624299,0.35447643744
2.0963688779,0.876797611184,0.106150710716
1.49202719141,1.37278645713,0.107741940179
1.23043017546,1.47347963121,0.176112261957
1.89178167304,0.768570203444,0.310606510652
1.88615717646,1.05995239151,0.105654526719
2.29924831058,0.646161703922,0.132496273355
1.87595757376,1.03510109837,0.125884567104
2.25758449159,0.58809507228,0.206598039683
1.8738060431,1.05580558875,0.114354207397
1.54318648605,1.01293941619,0.33245783278
1.8816027984,0.844975177446,0.253721848801
1.42617326745,0.920031185982,0.499407371817
2.08336250588,0.781683580734,0.175718613321
1.59136021792,1.08591250829,0.246862233014
1.22338838558,1.35275194654,0.267176601045
1.56952211338,1.27303783977,0.132419825936
0.981612335687,1.30882935303,0.468571790166
1.49442838795,1.02529113058,0.353720176202
1.23654391148,1.10543183301,0.461025692248
1.88425242319,0.907216208133,0.205698499564
1.77734332259,0.73063620021,0.430926515046
1.90105071904,0.939608449784,0.173703589977
1.3643423966,1.29015010243,0.230228710393
1.28356913945,1.22031256709,0.331187954078
1.52211408714,1.07967009451,0.292620118258
1.63286188341,1.12808195715,0.194034995676
1.7096761448,0.7601181361,0.45131779612
1.51600826189,1.18787167188,0.217101651475
1.3451023702,1.07291357364,0.41306889253
1.88724550527,1.03967045441,0.11730786389
1.00688944398,1.26872065583,0.48504130129
1.32611191473,1.19334029907,0.325448460946
1.5655100024,1.29056782931,0.123359120927
1.77669154845,1.11623109075,0.126471437995
1.37073154424,1.31426287755,0.209659301299
1.83785247757,0.688099303124,0.430145463468
1.41506939868,1.39800278032,0.129797638625
1.78942163949,1.12181548785,0.116672319785
0.758798303421,1.49331328298,0.48594527119
1.96091814911,0.642386509434,0.382902579833
1.82675110473,0.889343352144,0.253424278422
1.83902275068,0.64784100123,0.476091382886
1.91938734049,0.578712375687,0.495062350593
2.3371834911,0.640223362691,0.111079391336
1.47790371201,1.38870219188,0.104585201295
0.817477938319,1.42582605413,0.496594205429
1.7020584136,1.0383916787,0.217546414631
1.01991401177,1.30243150802,0.444922775235
1.31139095724,1.23475747925,0.302472276113
1.70699559061,0.852875392638,0.361764766872
1.92950030295,0.575332777374,0.490517593683
2.08132782866,0.808163341304,0.15861118493
1.83367552282,0.986479915965,0.179698342393
1.27682043747,1.22287871673,0.333472299846
1.79250548341,1.13642003565,0.106330441123
2.05881689915,0.573832415091,0.379498007198
1.04643798684,1.44561119468,0.307792293316
1.89897228158,0.901401465766,0.201219484175
1.89285209119,1.01915282585,0.126984969749
1.04380241413,1.44716778853,0.308312287838
1.43443138873,1.42584343604,0.102215303087
1.68849849353,0.977230054452,0.270351675693
2.3094411585,0.59904627894,0.159552791964
1.83947663838,0.923491047171,0.220290029867
1.06792606577,1.20238170032,0.498445886486
2.01871406072,0.690517332121,0.291536678268
0.931153827559,1.43402612804,0.398316137049
1.72009954338,0.898297223393,0.313552484759
1.17401821251,1.47485537384,0.206968936212
1.9566002121,0.770264510892,0.265369557988
1.1641521723,1.18017362934,0.446250547492
1.53792201114,0.925157549177,0.412618152272
2.07706554087,0.652822582336,0.283582453431
1.32871193265,1.01725864815,0.476025902282
2.24059195061,0.659385142488,0.162645741264
1.6305750253,1.14681354642,0.182684956742
1.42703291463,1.28746137375,0.197248517971
1.33010914463,1.218701643,0.303237549652
1.490169122,1.33357650376,0.13361746964
2.16673593846,0.619069944476,0.247732598036
0.969776676349,1.43152996851,0.372041841947
1.36046706196,1.34206518293,0.196025416832
1.37901706734,1.40274081658,0.145110478649
1.22812380505,1.4573136816,0.188766446884
1.49825057973,0.914889660928,0.450825913776
1.95551111615,0.638443310422,0.391525668733
1.89316545679,0.73580706213,0.339610589782
1.64527714931,0.949706008071,0.319117794963
1.3565406855,1.18782017863,0.310706300834
1.6023373013,1.15672841716,0.191204817846
1.96063573487,0.817910477718,0.225085272451
1.94803912416,0.665183439764,0.368759806767
2.05626161209,0.81337014678,0.169989797326
1.15101903408,1.39268157285,0.281566689903
1.51790362478,1.02053362618,0.342446385688
1.30533297988,1.17159887416,0.356221254766
2.18015798237,0.786278499222,0.114724060397
1.79468024922,1.09111877403,0.132891863954
1.71955442502,1.06282118525,0.190956614593
1.13181299797,1.20482615779,0.447949196057
1.77640343654,1.10560526929,0.1331992502
1.09037266453,1.30714667613,0.389690922662
2.10237262288,0.579046177623,0.337352092598
2.30707398058,0.552777318743,0.198679814244
2.12016040705,0.501215760682,0.415018589317
1.61092867307,1.09145533621,0.231647748818
1.26683779635,1.07686405833,0.465256524251
1.64273531525,0.786280130222,0.474689674605
1.85787587652,0.6441672468,0.464771883155
1.36023268416,1.42602945584,0.13934172678
0.907713872844,1.34910238782,0.491118534912
1.41369382906,1.42298381636,0.114275858036
1.07082980825,1.20778631243,0.491181696045
1.61077200227,1.04928175444,0.262463344468
1.48848175412,1.03920799658,0.345995121164
1.19932650633,1.35319024425,0.281529837909
1.85751342774,0.742022037306,0.359397805263
1.30218609307,1.08355403079,0.433658926677
1.44040555424,1.19116876548,0.257754551338
1.82202256883,0.960705875324,0.203921010019
2.38261686127,0.605695981386,0.103042008257
1.67207725743,1.13186710451,0.170509990111
1.19829222028,1.4839305204,0.186631304623
1.79130672271,0.683863065895,0.472383658867
1.45158625373,1.40947785096,0.104258875405
1.78478624819,0.789806978813,0.365865278268
2.34910299673,0.617434522783,0.118309693685
1.87092675052,0.994556894398,0.154075648403
2.25777536494,0.623303819104,0.177947483168
2.02709597026,0.913387737514,0.121324037718
2.03758763797,0.595021613101,0.373102283993
1.28582866229,1.48499366874,0.138396587999
1.61610235182,1.14451586159,0.192008108745
1.40059415735,1.39242092391,0.140823927693
1.8110140231,0.677538153124,0.463730912914
1.37563268204,1.26774779086,0.239784064241
1.68185564291,0.90984416616,0.328725447592
1.36826586757,1.35733897396,0.181310544066
1.28153332155,1.44950277264,0.16492040801
2.02412404767,0.5617955626,0.423929025343
1.3761474605,1.37047202185,0.168194901518
1.96166576275,0.60874091818,0.420388390887
2.15402527149,0.677136205533,0.208047204944
1.96619762446,0.632571851823,0.389429992645
1.33485718,1.12315225542,0.376793645749
1.7786902565,0.676968336115,0.491001627863
1.91083022153,0.691901942981,0.369661853664
1.35457515841,1.3772223174,0.175122933844
1.99970951239,0.84184796122,0.183861706662
1.57942840097,0.923530729084,0.385299753159
1.41115733208,1.32996646592,0.176902596735
1.99829485906,0.796004820529,0.218086356977
1.52851388084,1.32878197616,0.117582393452
2.16095350405,0.69297164421,0.191059411681
2.41194945256,0.505620374096,0.154150846449
2.23913999518,0.601060999971,0.209458347082
2.35220597558,0.624446022811,0.111446471748
1.97176401986,0.565770920722,0.465301464077
1.84786834195,0.818307053189,0.297173521691
0.953004474833,1.47713497522,0.346520210303
1.02730165129,1.37704633387,0.376072723487
2.01082726738,0.57422697208,0.420114573751
1.34000137592,1.14590843732,0.354560703869
1.14806390414,1.34879751528,0.31723869766
1.25973001367,1.07365267995,0.473490992068
1.61127713127,1.22185519084,0.143873063484
1.04105679608,1.22431901003,0.499066628908
2.08863823681,0.591794941456,0.334919517757
1.37340491943,1.25158917773,0.252737789807
0.924675798113,1.43737372598,0.400340305616
1.48185129248,0.906552671401,0.471173577887
1.2958641317,1.43768077797,0.165333677692
1.46230303539,1.05670975789,0.348459971132
1.19294535901,1.35929600357,0.280851772355
1.76887481873,0.863269840016,0.311170333931
2.08359672735,0.736100073637,0.209126947614
1.1486042626,1.2832834705,0.369252205825
1.57848872926,1.05017552887,0.281075715622
2.04660908248,0.811614439036,0.177002471116
1.30792630322,1.01330503106,0.49539272886
1.1635722976,1.29706109078,0.348046782169
2.23825084076,0.566596705653,0.240480261204
1.28725934836,1.18558742814,0.356655471136
1.70357395518,0.904137530344,0.319384135212
2.20670667065,0.617960844322,0.219142053944
2.10584469376,0.874487792615,0.102392079593
1.69159290703,0.770634121101,0.45391857176
1.51328999002,1.109012968,0.275628827626
1.60927314195,1.21526032917,0.149109138845
1.5096860793,0.917990351139,0.439518429595
1.56516733808,0.891169611601,0.425441541172
1.79017829286,0.961809654283,0.22148089621
1.135388134,1.27523575161,0.384940171102
1.40583949529,1.2602591475,0.227934788607
1.22123563981,1.35000118396,0.270531102868
1.95131608459,0.888221867255,0.180020959187
1.84760298275,0.894287870677,0.236944472218
1.92465020824,0.796836598418,0.264581704628
1.36695500622,0.993865653521,0.470307243771
1.45562374241,1.08043728223,0.333370227528
1.59308982263,1.22766061146,0.149427725354
1.82891172295,0.991494020411,0.178963056142
1.27380207476,1.28146672253,0.290006708603
1.67804514703,0.952049545382,0.296478088435
2.01347970189,0.76132962175,0.235180248888
1.69577710343,1.18437078978,0.124927502524
1.95459644473,1.01148026496,0.10000368914
1.68011204347,0.758647574774,0.475895796553
1.43715138763,0.965360847818,0.446470177968
1.0517026702,1.33751868805,0.391628034978
1.52717029252,1.20989381678,0.195837214362
1.40993793883,1.01513948809,0.419613003728
1.71675816536,1.03611034465,0.210854392173
2.02328279587,0.627014947041,0.349970383461
1.16928205875,1.13571652525,0.482924029745
1.97696045027,0.761671649435,0.258940844142
1.10528132821,1.18329697428,0.487328119235
2.23446166628,0.670514379539,0.158659572569
1.8336926568,1.04879405471,0.139239186287
2.07051104575,0.676117254377,0.267341507525
1.71877182479,0.983144395413,0.247765662739
2.13024885064,0.558979560951,0.336051957164
1.61722812356,1.10906116625,0.215697325535
0.767556494101,1.48157977786,0.488955671063
1.36765746598,1.45394865969,0.117130143321
1.2114441769,1.22840310363,0.371892666015
1.87289917392,0.975039229123,0.165730163693
1.31230452173,1.4498656526,0.148305531711
1.35494201655,1.44313895879,0.130704901557
2.37872166051,0.529042735668,0.16195727417
1.27673516419,1.18226063127,0.366312030169
1.8276300188,1.07825898603,0.124063477453
2.29481682131,0.525552250947,0.233126739107
1.34735103562,1.16635696137,0.333341910802
1.4926245191,1.1242097432,0.276537181653
1.63909964885,0.971738831276,0.305127158438
1.19194606123,1.39475155826,0.254944375026
1.65664968132,0.862449901224,0.387862630913
1.49962015672,0.909635925496,0.454980568488
1.80481951393,0.740660904259,0.399570947895
1.21357190055,1.21474436074,0.3817642233
1.55172270164,1.15182950087,0.22238116975
1.72746175738,0.999090003355,0.231011413276
1.86069244936,0.723354452713,0.375446348959
1.0738834727,1.19785750367,0.498021973115
2.26888411847,0.520154211196,0.260134913275
1.21283492392,1.31583073733,0.301575142214
2.09543767832,0.561420712931,0.362724269851
1.50533735207,0.988599081295,0.377857137859
1.93704492497,0.921157293098,0.165876549477
0.828970891243,1.41277061273,0.498710640103
1.42936777748,1.3640736985,0.144698991151
1.7404167479,0.774871617667,0.412677077941
1.94620555595,0.849590620618,0.210387703836
2.35303614903,0.58623293686,0.13753750686
1.05458595553,1.34955743253,0.379575911321
2.07150020642,0.516623171244,0.439878012806
1.66828506137,1.02130188701,0.249314789207
2.0097148967,0.790101908651,0.215360065561
1.03960384616,1.36667375458,0.375963296515
2.11927627193,0.559013878161,0.34525218955
1.52889703851,1.1909350266,0.20786226272
1.83877457317,1.10524743819,0.102199487922
1.1959072285,1.12404491868,0.473833498867
0.93287969668,1.34212844561,0.477107654713
1.08465640555,1.39287815696,0.32405168412
1.65959994938,0.93104639106,0.325372895834
1.31780154636,1.42029405224,0.165470420417
1.8781011073,0.96342930708,0.170552953431
1.22533508145,1.25885002556,0.338095610679
1.58100572247,1.17436439053,0.190815284495
0.981727172675,1.40908941548,0.382060222814
1.41772543314,1.23335460231,0.240334472177
1.00543523923,1.38417100543,0.38574225104
2.03915802836,0.586287983356,0.381693876101
1.75643195336,0.71443666321,0.465186601931
1.58522080652,1.04959980173,0.277460516037
1.73843218477,1.18001499169,0.106573622793
1.51866348118,1.10197277199,0.277717601403
2.03829411275,0.512159401856,0.477535435574
1.04810041856,1.37138231033,0.366146217469
1.05513128547,1.24414383571,0.470060110771
2.14873677083,0.822378813568,0.11031521654
1.2256246099,1.31682547386,0.292845713848
2.16305650413,0.749788822397,0.148842221918
1.65919797756,1.05859923058,0.227572007863
1.59215949455,1.07273922051,0.256035401863
1.7854036347,1.04582445993,0.166625100735
1.14164018812,1.31630870332,0.347166055484
1.34919060192,1.26889887015,0.254254628431
2.02548833576,0.80685572205,0.193204472839
1.96105623335,0.664309156286,0.359645653724
1.92640727162,0.805347598275,0.256570447699
1.63864195444,0.853733502854,0.408855649558
0.916167145849,1.45179248233,0.394518181742
1.49520424318,1.19635863886,0.222761366109
1.93931975335,0.856390780589,0.20958559502
1.75261260954,1.14239249902,0.122459557155
2.08604212893,0.603140379044,0.32513767158
1.87108598137,0.734798423948,0.356529724765
1.86755204639,0.958910687075,0.179440277604
1.84122632421,0.760698395451,0.353246528715
1.52337308965,1.19258783098,0.209759741104
1.11839265113,1.16063213355,0.498383467231
1.33066882219,1.26553335506,0.267633019229
1.62973452213,0.932744670253,0.343424674887
1.81649446357,0.68064641042,0.455667304744
1.28388476353,1.3308185537,0.247351639617
1.10626440888,1.48636635806,0.238661115983
1.67275072279,0.950894688441,0.300724438385
2.39090018634,0.508053655044,0.169431808261
1.20867679127,1.15058938105,0.440391738192
1.46439681657,0.912667190159,0.478044745263
2.04398635262,0.708741083228,0.257767883241
1.50637913655,1.20100674385,0.213308060108
1.11917005863,1.30727712384,0.369641487025
1.53160965087,1.01620999061,0.337191199254
2.04696359697,0.911201319279,0.111973002391
2.24593611227,0.679809922362,0.144468061749
1.54670721485,1.25983946176,0.152433484806
1.14633972886,1.43832070465,0.250136029436
1.51991944624,0.902129268186,0.44751575596
1.34042033318,1.36259822131,0.19281905921
1.44603736249,1.14680422484,0.287422009243
2.28718584521,0.705460231859,0.101201969087
1.81692783042,0.888207346449,0.260369141823
2.11995550878,0.780306160156,0.154379418983
1.11664807876,1.47718713356,0.239201324836
1.75020038123,0.761615941278,0.41894951154
2.33547470773,0.541888069733,0.185598461238
1.10847792234,1.40058564625,0.302464142675
1.18570467445,1.40505323388,0.251069761697
2.12610548873,0.611719114731,0.285287680672
1.42199550708,1.09461491791,0.343367315009
2.22799104204,0.62639294375,0.196759449004
2.26762559015,0.720717698421,0.103670200381
1.60316843399,0.80552833886,0.484443551497
1.98559071058,0.90945330183,0.146508452638
2.15890771937,0.546800982307,0.325249052614
1.74450219023,0.847867400943,0.340692180451
1.86038251223,0.991996092904,0.161427795482
1.61109339968,0.917433654574,0.36919317251
1.45509682193,1.13145508544,0.293625911011
1.33345539562,1.03586773641,0.454939069865
2.03291956736,0.74592738868,0.234665972058
2.22668331222,0.516916875685,0.29972761539
1.67232375183,0.951182442119,0.300761684236
1.01217544167,1.30409227296,0.449307667227
1.58764991728,1.16079927408,0.196398009492
1.75336924012,1.091974494,0.153686108597
2.1549239531,0.787866382706,0.128504433808
2.03579768022,0.631245035906,0.335791508598
1.77742060006,1.06726265536,0.156946702456
1.37325191398,0.992453593326,0.467038231812
0.825814635715,1.48829190812,0.433673305877
1.3820295388,1.12845875678,0.341575521655
1.37563123985,0.997181082172,0.460775354412
1.4198087651,1.4335116765,0.104472542337
1.63789563027,0.804556458264,0.458861449639
1.1717453082,1.48996166098,0.197383400637
1.2947118799,1.07123107883,0.450199020121
1.07358899803,1.4347238155,0.298515936
1.26622282636,1.09856841114,0.445768258001
1.81329861678,1.12236814693,0.10452639714
1.94140960307,1.00206414408,0.11234744666
1.29640208935,1.09626685137,0.426371975109
1.36243480209,1.08647157616,0.389410285176
1.13761219709,1.18872930975,0.458064366932
1.22181450388,1.26778738391,0.333286100775
1.09858900747,1.26577167942,0.418870479175
1.23651433724,1.17026941579,0.403587147872
1.86895506123,0.791367608589,0.306162641844
1.12495164001,1.18094710342,0.474566680685
1.30076279585,1.15074117929,0.376450133095
1.36028491406,1.083605515,0.39333070265
1.12838125886,1.16874486491,0.483192501073
1.66339207604,1.17107603154,0.149657789719
0.989924218539,1.30708464816,0.463683131782
1.63364358685,1.25121143991,0.114330927603
0.960176335844,1.47121816057,0.34626790786
2.27200667169,0.627113919588,0.164984618586
2.17917347302,0.76249676252,0.130544000547
1.17825217164,1.18211120117,0.43434231395
2.12656895444,0.798480371701,0.138300907832
1.19183127774,1.34723257118,0.290690995693
1.40809098697,1.17520222358,0.288809360969
1.9621402439,0.943345001608,0.137672388558
1.85596847977,0.621001171391,0.495315312156
2.42684609559,0.519186562138,0.131475114535
1.06605401235,1.22817222352,0.476179907505
1.00613539148,1.47861194317,0.308621809104
1.69147744961,1.19576866021,0.120028536176
1.57156885741,1.30744175725,0.109849170115
1.22703671473,1.23236574647,0.358258115602
1.69441112915,1.09740058442,0.181385251838
1.85769805446,0.923766427398,0.209420198332
1.78356661903,1.00380433084,0.195776768818
1.29323794098,1.44103616162,0.164443180315
2.06387948607,0.842509082528,0.14590866623
2.24830923948,0.686694592308,0.138155568594
2.1767841728,0.60162583937,0.255928295387
0.891308995854,1.45224348241,0.413077962894
2.03596370162,0.881783776995,0.136303178108
0.862761179219,1.39559772454,0.485906386085
0.898569386955,1.39445012777,0.457784236829
1.24089556296,1.23561011255,0.346537559406
1.79643417509,0.950045744239,0.22632179863
2.27789518972,0.571853076371,0.204966817177
1.26901218882,1.06511738361,0.47465662188
2.1118091397,0.809762588983,0.139573004851
2.18262358912,0.731115396676,0.149461141255
1.58123672805,0.813670128207,0.492618857425
2.05274966398,0.569432130062,0.389807603247
2.30230878724,0.526959667362,0.22561000213
1.23346846099,1.3634347627,0.253229085651
1.42747686136,1.17226855859,0.279370239929
1.89900099893,0.997666092899,0.137143976192
2.19883261163,0.590367914064,0.249346428266
1.60044120597,1.25636479368,0.127503607425
1.44460719508,0.919651710931,0.485832998
1.89911041123,0.918816830744,0.188962024438
2.15134924047,0.652002013684,0.23044567915
0.850611094234,1.47821547223,0.422530225004
1.95990098599,0.710856709403,0.315072928353
1.6762865476,0.850132079377,0.385612935115
1.56473716632,1.02242931938,0.311157288947
1.69182089619,0.731633519722,0.49726048044
2.27329333226,0.567528748245,0.212249233193
1.75293248838,1.08709007454,0.157052962154
1.19101703186,1.21029417022,0.40097732421
1.74291039082,1.02844416193,0.201524579405
1.19105997092,1.48244354848,0.191772367209
1.74756799935,0.989472939352,0.22630000499
1.26693103634,1.49834400904,0.139231948222
1.72792893624,0.935961445031,0.27817378626
2.01493869942,0.800734582348,0.20416571519
1.14752442062,1.47677419338,0.221039260753
2.1245872264,0.68005451911,0.225974394069
1.53256455006,0.865150942182,0.475338694326
1.45053118926,0.927524985631,0.473490164085
2.23240200366,0.618333936379,0.200103942466
1.99641557809,0.635991056988,0.361686525551
1.87880195718,1.07298722709,0.101570337178
1.12592485665,1.19050708051,0.46514149331
1.59223759942,0.890711131729,0.406630947807
1.14558027848,1.18273176029,0.457572434869
1.18714692414,1.48008168638,0.195682877601
2.25417394885,0.592967325309,0.205052377656
1.82281745559,0.721604700134,0.40570342137
1.11300928264,1.46814280789,0.248173004301
1.79625799225,0.751223456118,0.395218131809
1.34331762993,1.40221923525,0.164161716943
1.65164795278,1.24722743625,0.108001059191
1.77610027274,0.913085242868,0.266277423487
1.30869736026,1.19402807813,0.335978087114
1.16817508674,1.35870080817,0.29674453237
1.41997092193,1.1593790797,0.293636812973
1.70116568831,1.21333829486,0.104574803063
1.6706949394,0.948760912715,0.303737439222
1.91506354118,0.850275975403,0.228858661237
1.48640995839,1.04496235621,0.342584061878
1.58590430845,1.08035457437,0.254092418496
1.61112039404,1.1866161957,0.166696993054
0.964869354788,1.38713665896,0.412961025034
2.15704740405,0.610513466189,0.26277841103
0.969307114377,1.30580670226,0.480940500509
0.97429214474,1.34661214755,0.440824370408
2.01997843699,0.567987612002,0.419852006642
2.11223916305,0.864011495538,0.105218018169
1.59347938427,0.877582303014,0.418224811713
1.36932559846,1.41487661864,0.142060282982
1.67963600468,1.1432047115,0.159163888955
1.89586779307,0.75971334176,0.315685605973
2.28863333589,0.580622057294,0.18945422835
1.24498819375,1.31137382799,0.285048611306
1.56406732066,1.07898560184,0.267948106445
1.95239546397,0.753077614995,0.282670067376
2.41758471195,0.561405325868,0.108012300146
1.32221181419,1.04160166188,0.457737455006
1.71376432266,0.981118646579,0.252243399218
1.94539797669,0.707842319679,0.328370246459
1.72916578801,1.11756552382,0.149910723606
0.892095199738,1.44336072523,0.420119040601
1.27796628478,1.30207272634,0.272012390722
1.25787685499,1.0577361873,0.489980309717
1.9318144728,0.656998048818,0.390095823232
1.4592490638,0.901426680707,0.493394978956
1.79020775651,1.05072544783,0.160868668366
1.95826681268,0.703657547752,0.322986031992
2.09279572253,0.546835052751,0.382087330043
2.01328040875,0.902477529707,0.135689484225
1.19436969678,1.22115363408,0.389505185779
1.51546024469,0.981866653926,0.376929586733
1.84915830517,1.00243522879,0.160689170352
2.05811392621,0.809476623703,0.171577079719
1.41421662383,1.05453219007,0.381968624695
1.87451643997,0.730012176618,0.35867865816
1.75897394185,0.870640260639,0.311436802294
1.23367212924,1.29769888526,0.302454973645
0.846689495978,1.4719220461,0.431148285983
2.15518889265,0.605822959494,0.268552541728
1.61340330501,1.01938591332,0.283542294028
1.28733546515,1.44995847787,0.161491549974
1.4504875837,1.13983625684,0.290026298975
0.997732698439,1.47264740081,0.319047522881
1.56232185518,1.08128020924,0.267268857949
1.59680215582,0.917688761637,0.378676054817
1.64826207224,0.880783166574,0.376783162101
1.55301291288,1.21741481245,0.176959750347
1.42190613355,0.966549949427,0.456374486728
1.89060040602,0.689247103456,0.387818151224
1.32618336552,1.00912420049,0.485768449881
1.35645738681,1.21044972648,0.293390328307
2.22957186909,0.679843499756,0.155201254275
1.23416434383,1.13177514105,0.438885651018
1.02168282345,1.36606111602,0.389198269405
1.69821640655,0.884438504651,0.339703208994
2.14551382501,0.834888117353,0.10447136456
1.9863612608,0.977614734781,0.103872345375
1.70879085608,1.01817915951,0.228058305917
1.02893863131,1.32879701006,0.415412342523
1.66454191988,0.767642339137,0.478133893592
1.85295989932,0.92504908058,0.211268125566
2.23122365175,0.673050734185,0.158985187902
1.70965603094,1.21068229671,0.102068715689
1.19246623768,1.2545447191,0.363197901129
1.39967586302,1.42971425078,0.116900975419
2.12263128384,0.703960578575,0.208209889879
1.73980262651,0.952943814578,0.257837470599
1.92524673873,0.706474484741,0.344407643625
1.23926728531,1.06428827793,0.49772442676
1.14215952672,1.46390338861,0.23369041233
1.86928228855,0.796113477704,0.301836087173
1.80904505273,0.728798338502,0.408644397857
1.68624229755,0.823138570781,0.404302493258
2.09781352149,0.616777505633,0.302192462691
1.20025130928,1.38957858429,0.253784804367
1.75700918361,0.925084009202,0.268720420407
1.23936383978,1.26270525432,0.326020260446
1.62148840648,0.965410998185,0.321417149669
1.22661964998,1.3539017213,0.264372518556
2.22909234295,0.734990057106,0.118143032316
1.81778093096,0.73520205792,0.395451355015
1.28216888293,1.49330298057,0.134671411474
1.11951949513,1.42064719408,0.280012086197
2.09152018441,0.868333292327,0.113963492361
1.4472723669,1.10976311757,0.315259450711
1.13308515741,1.4017567035,0.285892777442
2.09583327429,0.876379241079,0.106695284695
1.10932038905,1.34219772172,0.34798340438
2.34720887787,0.592570405597,0.137135152251
2.21977776967,0.634851452715,0.195840982456
1.73630968809,0.818636007123,0.372961951102
1.23369936387,1.07119990805,0.495290107949
1.71429760207,1.04134837488,0.208588296229
1.91268308916,0.699201844315,0.360895403044
2.32657545082,0.525924776248,0.206640012113
1.53498660814,0.847950637212,0.491508925279
1.33856742118,1.33272663103,0.214667638145
1.50142873959,0.919509111163,0.444020713539
1.13468919191,1.35531132294,0.320806183954
1.05636295444,1.46075555177,0.28947354683
1.262112204,1.0994799006,0.447899641388
1.23547743294,1.38305413614,0.237701422511
1.41024561983,1.39352906153,0.135166353391
1.34798513479,1.17749878991,0.324119618988
1.62501702781,1.13470171559,0.193812275878
1.17027712687,1.24472666462,0.386323567267
2.17625262187,0.509054972857,0.353375150367
1.96833039951,0.948196485718,0.131290223235
1.21445130332,1.11811335928,0.465582012614
2.03819033565,0.771953484123,0.211052352107
1.54415113003,1.24240025181,0.16512216426
1.67979825959,0.856506974582,0.377232983914
1.75090768035,0.85579088185,0.329447436455
1.34760600328,1.22718186427,0.286101112771
0.914172526187,1.40467588816,0.436497064351
1.90429513277,0.842185709906,0.241676335638
1.86100919072,1.04433188723,0.127888739805
2.44149584791,0.527527876063,0.113809894442
1.85778216272,0.700596744238,0.401071264565
1.80608596161,0.961787318242,0.212298612843
0.852756212404,1.41792411121,0.474047122182
1.96380546978,0.950100023057,0.1325233851
1.02233697327,1.38774337584,0.370754134893
2.33310273388,0.548458724214,0.181956369115
1.18485034775,1.11166830934,0.493730096364
0.985225533126,1.28222734356,0.48977827975
1.0661660282,1.29837526261,0.414327365242
0.872590199415,1.49377741473,0.391979791336
1.06689903341,1.26761760451,0.440377515962
1.30275614964,1.41198416614,0.179277254916
1.3771135234,1.13129050042,0.342442013626
1.43060063175,1.20515095856,0.253267140779
1.66726716416,1.12973058813,0.174462847092
1.71751122013,1.18595491857,0.113209771452
1.17459988336,1.22406902664,0.400700149849
1.07139904902,1.20943867838,0.489217268297
2.20735263553,0.717687821831,0.143112999802
1.88090534925,0.640656124262,0.449809941801
1.58717681947,1.23853531168,0.14547186364
1.10323564216,1.32112427438,0.369210822494
1.53249774107,1.04948506233,0.309777593522
1.33416362947,1.39542845202,0.173666911742
1.95304463651,0.754882736631,0.280683519608
1.21783131983,1.39586821754,0.238726007958
1.44522335855,0.944056863797,0.461113697995
1.45813341263,1.04708703661,0.359181059649
1.02655931895,1.25235886578,0.484604066737
1.5420068426,0.84897126763,0.485050850755
1.69456285469,0.881399149563,0.344790898304
1.62638349931,1.00667512214,0.285454733061
1.03164608905,1.47906431893,0.291334541206
1.81891946528,0.96393384411,0.203434114026
1.77841300601,0.991351962053,0.207302288405
1.36722625757,1.47721660121,0.102129300095
1.57302047581,1.25413990399,0.142680119412
1.39572115958,1.04592657178,0.401979470779
1.72876357926,0.95032965896,0.266520019026
1.64079375744,1.20947372986,0.136788047546
1.30711662539,1.16831496621,0.357733763483
2.29568947475,0.664160570988,0.122581725947
0.986530947229,1.48430631633,0.317373473759
0.934907240053,1.37521234298,0.446119379946
1.4739605771,1.35203877695,0.129894622501
1.57319810527,0.957211998345,0.35977269885
1.51972382962,1.32547000176,0.124021191538
2.05472803772,0.767861898879,0.203631627091
1.59273644369,0.915917704152,0.383051878354
2.06083096664,0.636841583021,0.310923025593
1.59355478188,1.23507664275,0.144440730652
1.92627401452,0.938128333709,0.160648032919
1.71246952617,0.837727973694,0.371861266891
0.986027979311,1.2741010484,0.496585785421
1.81662035025,1.06137475165,0.140198607894
1.90960819761,0.636147833142,0.431402693506
2.22403743553,0.731954556801,0.123204495564
1.14669710767,1.40140742296,0.277638475325
0.992203593725,1.42247463076,0.363490237644
1.70312831025,1.11689704514,0.163921408562
2.3070484064,0.553351798597,0.198206745022
2.11799213553,0.781709859968,0.154611190754
2.09211701889,0.614377711819,0.308979793963
1.40515422298,1.36715766285,0.155174200613
1.23551391288,1.19879882848,0.380190931391
1.89977173611,1.03854981558,0.111618931934
2.41500065828,0.574603225862,0.100905291448
1.5981139168,0.877258313475,0.415225400962
1.32238998088,1.43761834813,0.151281671328
2.18513191983,0.729154707997,0.149236771612
1.67041883598,1.16592052455,0.149342461312
2.34399012164,0.529633590072,0.189250369905
1.25590561599,1.29159968964,0.293316925872
1.30638549838,1.41024341726,0.178505720252
1.86042137413,0.788594963515,0.314381705865
1.70556866512,0.885960388203,0.333507874853
2.4122958379,0.568936682105,0.10670856819
1.19579612633,1.39783049897,0.250358290253
1.92886173504,0.798203423898,0.260731748449
2.07874352996,0.896605876819,0.103743436031
2.1010242751,0.559245177914,0.360460788117
1.69985487603,0.852371704634,0.367139819805
1.88765237379,0.626853187994,0.460831618834
1.06974037044,1.28462860801,0.423522365045
1.39396674697,1.37345701963,0.156816306499
2.18556914564,0.699519234966,0.169919408732
1.8556777051,0.756548193211,0.346858601596
2.07547666095,0.560833889508,0.380463095695
1.7917776193,1.13007140309,0.110505557292
1.75423524761,1.06679039194,0.169559231559
2.15221991454,0.802679077804,0.120620849579
1.9285650159,1.00115312382,0.119527580768
1.75971854573,1.09345116709,0.149434583244
2.12919637076,0.52813950849,0.372518003449
1.58386793292,1.26586353013,0.129784727065
1.9557768834,0.677355826389,0.350413803154
1.35593929503,1.18037220465,0.316876038603
2.06582893614,0.619425778174,0.324406817471
1.81588872621,1.07767858002,0.13040021916
1.00506568076,1.49368987559,0.297428122735
1.62130566834,0.879252122168,0.396934525596
1.23546618739,1.3518201511,0.26060336221
1.87936330242,0.850982288658,0.25044084542
1.04695671569,1.48976077136,0.273115136513
0.990054885933,1.481938406,0.316860641498
1.15260417246,1.40938257935,0.2679606694
1.50920283826,1.02694785661,0.342753583488
2.26266218996,0.69395151309,0.124038493221
1.55314622852,0.97138364559,0.360863503201
2.28222910697,0.536236758288,0.233414039699
1.26705050185,1.354429807,0.240037025104
1.04237438648,1.27193100957,0.454891523658
1.20572168609,1.36979687138,0.265167891377
2.4642007437,0.504675540698,0.112453121481
0.898721937301,1.3754940435,0.47457008366
2.05590196178,0.859852607763,0.13918094428
1.10707150387,1.35544706145,0.338878606913
1.7715784132,1.06995973317,0.158288079235
1.87233825662,1.06071593846,0.112132003551
1.73349094918,1.03266525427,0.203869497018
0.996066990481,1.28561097038,0.478180780782
2.2927250587,0.630055555557,0.14836895099
1.35641387291,1.27890686254,0.242812677207
1.24090184095,1.43097407226,0.200222664022
2.05382216829,0.647294283045,0.306098993629
1.4157246057,1.3251310921,0.17773055773
1.0412398693,1.25222532759,0.473386503025
1.08105352674,1.28053777308,0.418836343729
1.51581481638,1.01679025927,0.346908164317
1.96223379917,0.865040860082,0.189753719229
1.08681631593,1.40924898519,0.309765127151
1.7388897046,0.859360329345,0.334373516641
1.90186840406,0.890013805538,0.207631351883
1.91388776209,0.742116832092,0.319018763382
1.90278026685,0.914708893408,0.18969775043
1.45308257811,1.03018852131,0.376863045645
1.83928270502,0.914520446713,0.226941106297
1.35975717883,1.46359522651,0.114769297438
1.74116958697,0.937428767465,0.268882347886
1.51824235974,1.28017937559,0.153855011526
1.46121641495,1.25087034349,0.203713945999
1.91647129519,0.583292519927,0.491521500137
1.04646308564,1.27006883031,0.453461535312
1.62187054405,1.00195157514,0.291899231563
1.716304145,0.967609640741,0.2608835792
2.04496377299,0.527032656673,0.450447126521
1.10265021763,1.32979496807,0.362530806556
1.76810662125,0.894871228371,0.285654214527
1.19659205848,1.40131218582,0.247316411035
1.68769262133,0.831146956836,0.395528308997
1.20632017538,1.40433964022,0.239323294145
1.97667035097,0.551286009937,0.48033751359
1.70829189894,0.900786360372,0.319128846864
1.49405396569,1.13241771255,0.269558776624
1.76182479625,0.780189935269,0.391637913618
1.18466879887,1.40898581512,0.248784601212
0.851352971882,1.45268642857,0.444269474951
1.78123852212,1.09727690924,0.135924298727
1.64785779616,1.09807172434,0.206309280115
1.35256775714,1.10723012115,0.378376015305
1.35057150885,1.21626224797,0.292560046447
1.21122840794,1.47725991462,0.184110321853
1.62441572674,1.04002960063,0.261287782953
1.63596345047,1.00372158901,0.281896435048
2.18085005948,0.709423431484,0.165829993729
1.42151937487,1.15993197195,0.292275708112
0.903246523228,1.46448233812,0.393511201259
2.08788404861,0.758953609297,0.189253306469
2.40588622517,0.514553307474,0.151872161848
1.23116189684,1.20574354363,0.377353981562
1.24173556852,1.44212676821,0.191875653757
2.19066977696,0.797590857526,0.101650318169
1.76344127738,0.754111964904,0.416763259646
1.8782872443,1.03567641884,0.124332171687
1.38447990319,1.31772757351,0.199671480826
1.80740737454,1.08128295416,0.132500655886
1.43775516547,1.14755425847,0.291859057099
2.3483007284,0.596899947346,0.133231931121
1.67022172687,1.10328328042,0.190510317862
0.914167837856,1.38006087211,0.458128631711
2.30021526662,0.574499510701,0.185738934877
1.70242737393,0.744997989176,0.473553212431
1.1857692638,1.25772725595,0.365085322111
1.81663727764,1.07526480043,0.131513939784
2.30159025308,0.516484601193,0.236135189272
1.69227669903,0.780469958204,0.442966297612
2.27384800912,0.587460185057,0.194916532796
1.61167150229,1.27800193701,0.108545083856
1.23387329017,1.35144274228,0.261837178423
1.24415343044,1.14077283868,0.423823199483
1.7976883148,0.806303855294,0.341573487367
1.4245739198,1.24015634629,0.231588637899
1.31950221733,1.17311867754,0.345780122577
1.39083790006,1.2244816737,0.262350342871
2.14331224509,0.712233217654,0.188195564522
1.33164276342,1.36118205812,0.198624686618
2.31032189717,0.527956369315,0.218101284359
1.39496910568,1.0171660109,0.428273834891
1.86935349375,0.970793372651,0.170486322297
2.13466703395,0.561335821454,0.329778403994
1.16623449307,1.35004595784,0.304632051482
1.45901399502,1.05624594804,0.350975001771
1.49260243019,0.924566102937,0.445520774058
1.57291515975,0.822015488292,0.490032618562
1.40248529405,1.27975066445,0.216105087745
1.71898118443,0.781716819378,0.42162994822
1.90842475025,0.596151247512,0.481690349237
1.90668103322,0.830920709917,0.248917952667
1.90335985431,0.923790597057,0.183117207304
1.6249834323,0.913720166352,0.36310370441
1.62813305549,0.829952021732,0.439964215967
1.23182970837,1.07791030974,0.490281411616
1.27882505183,1.33604709792,0.246508631758
1.31774848959,1.02028084932,0.481250535283
1.84170267676,1.06503442875,0.125026212183
2.15805630355,0.752219468577,0.15026647114
1.70590951608,0.748700321619,0.466699170041
1.4421842484,1.38286122468,0.125971161644
1.27615142568,1.45614056809,0.163250395406
1.25216553133,1.1842780738,0.381062071197
1.68241305933,0.748995600705,0.484889855295
2.08180432002,0.678065005582,0.257606292588
1.91377535075,0.837174974807,0.239616117818
2.22541610446,0.502336288966,0.317069164592
1.5517817747,1.1171265581,0.247077858323
2.05147066757,0.634433407717,0.320459006718
0.99361420288,1.35011341817,0.423226630674
2.14853905734,0.656284198909,0.228852479188
2.32117739281,0.57120840875,0.17256612974
1.84841489167,0.69773366026,0.411352288813
1.59079477785,1.0952424056,0.240438559628
1.48171814188,1.0819319758,0.315742169348
1.32127494308,1.04094673931,0.459030396504
1.40061359947,1.2853105522,0.213262560122
1.82441406562,0.730113767572,0.395685994372
2.25140509452,0.507882005156,0.287941237724
1.6391426053,0.967357868399,0.308626555713
1.46025977966,0.941965222726,0.452168502855
1.0095882271,1.4259647205,0.348445480024
1.30924793827,1.2626164664,0.282644758826
1.90757212415,0.593111712014,0.486416572957
1.50906454765,1.31600506978,0.135386188776
1.80018792133,1.09945054604,0.12494280524
2.24195192823,0.536962103553,0.265894778622
1.39665442307,0.953685114589,0.487637090504
1.61587426822,0.873448206406,0.406229412923
1.64968340823,1.03755776711,0.248257176421
1.64359175712,0.821610619484,0.43697294917
1.81645248399,0.935644606795,0.225023728111
2.22308707386,0.70094510726,0.144601212118
1.14103656907,1.40203223526,0.280694570473
1.7296607148,0.808348877866,0.387446859987
1.54850050906,1.10375581606,0.258748013711
1.05498913682,1.40783271837,0.331984850597
1.92188167137,0.7880714178,0.273600977126
1.46067172731,1.34843853855,0.138927857308
1.06801756516,1.29271277429,0.41782981145
1.21092855672,1.10644199797,0.479017073061
2.01114128927,0.907683100603,0.133566898735
1.70355905714,1.00493970886,0.2406680964
1.27981786337,1.31754459942,0.259459364283
1.78388408633,0.73091105193,0.425605977638
1.99216331671,0.799755945379,0.219101577536
1.36482323459,1.33128684285,0.201089593133
1.07494846193,1.20595149445,0.489694821686
1.03892940582,1.44151835111,0.316006908543
1.76307368727,0.951744302229,0.244786557435
1.2092176321,1.43376786892,0.216284795958
1.37911408928,1.41083390552,0.139698171467
2.01734606924,0.784662992027,0.214654549209
1.27407022089,1.2346556661,0.325934759943
1.20267058728,1.22579017691,0.379976362766
1.12881853478,1.22952159078,0.428426756542
1.82533868386,1.03928082119,0.149636720583
1.19230440872,1.15015750808,0.452634265558
1.48247319964,1.37861410835,0.108730806059
1.86819113667,0.785737750912,0.311601044325
1.27204833247,1.41939565112,0.190978362265
1.57261492865,1.21545196039,0.167944542012
2.02617993018,0.880103917003,0.142849872674
2.01090744767,0.830173419165,0.185393129119
1.71649891532,1.04919823765,0.201933503937
1.57968976063,1.08619674101,0.253432229816
1.36396987231,1.22449409481,0.278271802457
1.56152339902,1.1764709514,0.199936011693
1.13687941556,1.19794851121,0.450351169413
1.48996565416,0.931160707253,0.441072138127
1.77535012003,0.842008322295,0.325083153206
1.17113639899,1.19611937127,0.427163189056
1.52068111562,1.00914475696,0.350135427905
1.58127536581,1.26979517928,0.1285997337
0.775062028128,1.47271514195,0.49047424088
1.54046289906,1.10177481049,0.264931005652
1.75608974233,1.17542450433,0.100747430303
1.27518276071,1.14951988574,0.394748672736
1.96738785983,0.774251756351,0.254983231195
1.08893114154,1.46001005964,0.26925429313
1.69142146639,1.14425061378,0.152377687622
2.06142656333,0.505648077009,0.46469425995
2.01081776227,0.606848598292,0.381851536884
1.55228084097,0.938945239518,0.39000971728
0.905813901359,1.49635063524,0.364818694406
1.37193166222,1.09433680749,0.376345541586
0.975635619018,1.2966952625,0.484194193093
1.5173952351,1.18445120481,0.21871522437
2.05264413264,0.577453073832,0.380527723848
1.42949855427,1.09926530455,0.334803451952
2.03846401279,0.80890839753,0.183831387202
1.61218873143,0.785552191741,0.4993747663
2.1438521468,0.664064854357,0.225691570684
1.39329766104,1.30226028677,0.205524034701
1.98658867211,0.585216847407,0.427552659911
1.75096088371,0.770024846247,0.409775679432
2.03894869443,0.68856417749,0.278827961886
1.03536488892,1.46142179005,0.302695423514
1.82530187324,0.986269922909,0.184480215208
1.48910848273,1.28455012365,0.166097766966
2.2832391034,0.589394199823,0.186329454943
1.68380403396,0.743556252934,0.489961482208
2.28820320219,0.682961498053,0.114974842148
1.60255128897,1.01610020313,0.29272142798
1.07374735343,1.24538234769,0.454900903779
1.34515463225,1.43829347835,0.138958580716
2.20917821464,0.693409828204,0.158896518122
1.92181809569,0.795138545073,0.267818333321
1.60057226959,1.12395612843,0.214602960486
1.77376790392,0.941176970536,0.246283596417
1.86864219329,0.936794483819,0.19395087142
1.70558709667,0.976952066918,0.260257270041
1.50252086356,1.04926448012,0.328779139904
1.02122991952,1.36192573368,0.392983113457
1.8623326069,0.857320407769,0.256158581163
1.48652187008,1.19892181508,0.225823204745
1.87902811881,0.754738571087,0.331996395539
1.3158736648,1.17441889639,0.347077418378
2.21806184515,0.588044952599,0.236674973789
0.989928753922,1.46518990979,0.330368613844
1.50590136494,0.913054415669,0.447044668131
1.01221271317,1.35990635415,0.401198129813
1.71906203666,0.797733564404,0.405459929781
1.35960931771,1.27446168555,0.244173068027
1.27760353739,1.3718644752,0.221417490315
1.84554054458,1.04668887353,0.134409710891
0.934858821859,1.40537323085,0.41996756605
0.960080285334,1.32543885258,0.470542779509
2.34228312976,0.54703915087,0.175960999372
1.87080509812,0.67060230887,0.423479467164
1.59888551975,0.910319945427,0.383897859149
1.52397783629,1.33776199032,0.114160431728
1.59392362171,0.86548291335,0.429638494378
1.29752695821,1.48730679084,0.130737681302
1.29059409714,1.49603708337,0.128438757466
1.60517452719,1.23116640668,0.141040782538
1.37151764367,1.04193698332,0.422285959514
1.76218802054,1.16734667522,0.102617730278
2.03772843843,0.77155617125,0.211646478628
0.769820107704,1.49832144084,0.471750039219
1.4218297523,0.938277307916,0.484167593138
1.77722332757,0.990383609469,0.208655424532
2.10320709065,0.84605680283,0.121277747519
1.44345410024,1.26441859055,0.204113767847
1.9181502426,0.765167048357,0.295542878642
1.27167812108,1.24063421503,0.322763618506
1.62371173099,0.786055805441,0.489751623866
1.70485774999,1.00782073069,0.23781044373
1.98582531356,0.669237921691,0.335852444291
1.71362514019,1.11973818163,0.156589464315
1.74605145905,0.818539038254,0.366217628126
1.84287519676,0.916114809178,0.223643379193
1.92282258508,0.893977122583,0.192539606488
1.87881527788,0.88007471215,0.228669186642
1.07415169542,1.26283309661,0.439210363202
1.7771958988,0.801994054127,0.359788061305
2.1969264055,0.521265810201,0.32084706227
2.37853549163,0.594224291298,0.113626416397
2.15394728989,0.667863988421,0.215529789755
1.25218374293,1.49377355654,0.150193902657
1.60845332175,1.15677228072,0.18788188387
2.19610325064,0.636346829222,0.211500238192
1.62928719515,1.0760668291,0.232166781734
1.48341786899,1.36639418792,0.116013687052
1.3484043049,1.45158044971,0.128451074177
2.28195931883,0.709008883177,0.102207948769
1.26044733058,1.35928584868,0.24036660482
0.872188695875,1.42255570486,0.454051047964
2.14694359981,0.814467823688,0.116245399071
1.21797942747,1.3391570944,0.280650444278
1.66517631507,0.862658477556,0.381717068979
1.89652156138,0.614495134804,0.468595865514
2.03462204772,0.633904869186,0.333994559715
2.22966070334,0.619791555321,0.200901187977
1.21517230237,1.10489391603,0.477299429663
1.72710365887,1.01371162363,0.220751442695
1.52450972255,1.32650212238,0.120996537637
1.03308709124,1.44015550112,0.321000697866
1.37600284363,1.22675235409,0.269426192614
1.16282565729,1.36531950324,0.295040206577
1.2048543655,1.29198744786,0.325141889475
1.29424186812,1.41010899468,0.185221267805
2.25113935967,0.721333553078,0.113399682329
1.55316171792,0.944904237355,0.384059234708
1.85868284885,0.936937614343,0.199555306558
1.44321742732,0.97568245162,0.432414627256
2.23625001102,0.555530085443,0.252450049074
1.5743347167,1.19770484658,0.178760481934
1.95367941125,0.756883982957,0.278547468617
1.65139111038,0.884654644093,0.371121776324
2.30980682626,0.565229072594,0.186068282881
1.17613135001,1.20885298421,0.41260548906
0.831715057325,1.48542225168,0.431401941886
1.43752796336,1.20363791458,0.250354088378
1.33521563523,1.25807255399,0.270451922715
1.74712995754,0.991375058048,0.225187517975
1.71356886005,0.996141316316,0.241250154676
2.03568885853,0.545254704856,0.434727852653
1.8618864846,0.874199655747,0.243409919294
1.19019498192,1.1260903673,0.476193851059
2.37738191783,0.535268134846,0.158011946569
2.33269271944,0.607066777967,0.137018051328
1.76637825353,0.73617267255,0.433426672646
0.903669131875,1.41227094105,0.438076586641
1.1430035515,1.26027471898,0.392153946933
2.13366349113,0.771317802972,0.152182498152
2.2052416505,0.659558966225,0.186629768105
1.76266570598,0.958742895245,0.239842088336
2.0415281066,0.680820440919,0.283923171353
2.05397057519,0.654008006786,0.299587475757
1.51450476734,1.04540803895,0.324306062494
1.93617226759,0.714899269598,0.32837893113
2.24155229213,0.591302655328,0.215949003843
1.475220101,1.34516123325,0.133688972051
1.13380569928,1.21016775788,0.441763066902
1.79124179084,0.839682837432,0.31649431424
1.29321716148,1.42958794707,0.172319019659
2.19260728429,0.79219002975,0.103840388511
1.69069379184,1.00935286152,0.244962349627
1.26993635537,1.09898089855,0.442729608939
1.87760123412,0.900655101286,0.214314165189
2.06278589833,0.703440376283,0.249271919865
1.92846113384,0.780731210787,0.275352098483
1.55185758101,0.83574010197,0.491546306054
1.0540183049,1.3872992897,0.34912117664
0.899866292265,1.3669716757,0.481314850371
1.64751085056,0.862082363737,0.394622273166
0.95053785145,1.49936211063,0.330167919333
1.61927205725,1.27215455656,0.108449624098
1.52127040543,1.01207906544,0.347296745583
1.97077597074,0.603460942868,0.418999092275
1.76261956905,0.84754939727,0.328783267286
0.868395743315,1.38997616841,0.486328516866
1.88705807825,0.941042234333,0.180592472543
1.90369476879,1.03527714845,0.111598956329
1.16726678257,1.28191230641,0.357802918268
1.99215116893,0.813773564513,0.208634078036
1.41472140399,1.28814957636,0.203503471917
1.59407866608,1.04943584321,0.272275369107
1.94163020493,0.999497083535,0.113783997213
1.66766355724,1.11544473735,0.183731413534
1.1143655774,1.44527488444,0.264540095625
1.38027708722,1.20531984917,0.28285446219
1.05258986439,1.32453667519,0.401898794198
1.17739643455,1.28742426039,0.346635607243
1.11510948457,1.17087789226,0.491328400331
0.950833372638,1.38694209478,0.423692725107
1.92765691382,0.738688266464,0.312454850037
2.18059388628,0.725986816975,0.154286344143
1.76849571208,1.13658084186,0.118098614098
2.26396453129,0.541430029611,0.243421453822
1.50771427639,0.912471316317,0.446294680894
2.02020143879,0.609293054668,0.371477992242
1.89898051734,0.871032145477,0.223181152519
1.08341250192,1.30517579419,0.396243395062
1.58255432556,1.12827648047,0.221639485817
1.41538981917,1.36344160861,0.152321382698
1.30161912461,1.34632990112,0.225928082304
0.885492067613,1.3743197254,0.486415853774
1.49146722783,1.05866557256,0.328193044906
2.06663197498,0.742569369549,0.215203310698
1.43688746905,1.22614411553,0.234565288336
1.45875336301,1.07208553419,0.338142155836
1.48685425783,0.954029204474,0.421694959186
1.6568986994,0.942353119537,0.317732184849
1.59203636793,1.13975818687,0.208389280371
1.73983723384,1.13494475557,0.133492282214
2.04591923419,0.739104089582,0.231518613299
0.948811812205,1.4931330881,0.336441789541
1.5588627592,1.25693253946,0.1480895696
1.42218332859,1.0860089767,0.350286560978
1.14495073834,1.1843375833,0.45659292092
1.79173298863,0.84082543013,0.315187159467
2.25350576987,0.63222203963,0.174092562676
1.47091687131,1.26552308198,0.188460517117
1.34616220681,1.3489434892,0.199120618259
2.09672606942,0.541387623341,0.385209359162
1.55847357585,1.00622938895,0.328188159601
1.82138063818,0.934678170581,0.222827778583
1.12068256707,1.29050085948,0.382427548333
1.38596905918,1.02475884915,0.427690237852
1.868611302,0.669219008294,0.426781685714
1.92638137345,0.920221660164,0.172498442691
1.3440724847,1.19301832778,0.314425647069
1.10816202986,1.20291912178,0.467200414178
2.04486431044,0.588217282906,0.374738641409
2.29843352573,0.533106728123,0.223091012786
2.25172934733,0.613963827049,0.189641729735
2.12767809219,0.605188850275,0.290374508473
2.30837704656,0.618642754096,0.145755741747
1.80280331483,0.701772776003,0.442636417567
1.56296346704,1.20540078668,0.179674918456
1.28496474689,1.14306709885,0.39357485789
2.10797869188,0.542656406571,0.373809921806
1.77049223695,0.974816074022,0.223559856193
1.47591182851,0.976250357746,0.408939514883
1.45049268892,1.05783420201,0.355197845319
0.848206420215,1.41471779264,0.48071356268
1.84022057142,0.734970469704,0.378994752501
1.13643891712,1.18690085969,0.460579402036
1.34808154668,1.2820705039,0.245342742838
1.43648654512,1.19388193585,0.258056593194
1.50960112772,0.942390424641,0.416495050576
1.76020605537,0.861386072149,0.318465135835
1.47227492433,1.05641931609,0.342266699507
1.57221147488,1.07302115089,0.267577814223
1.30261097653,1.30754476686,0.253339573054
1.34400162653,1.13969040807,0.357039933836
0.899782137791,1.45197548471,0.406791976332
1.59851583056,1.12544562859,0.214710539155
2.37491935203,0.542973458808,0.153838316046
1.67690027366,0.83258307783,0.401859121005
1.7050223158,1.02391301204,0.226120609786
2.41628357214,0.531435832586,0.130544401773
2.24778556347,0.501789121358,0.29776175892
1.47122097524,1.1557318181,0.265744229805
1.86813387582,1.08246986122,0.10123458167
1.67284687775,1.01424824114,0.251841228245
1.55220411909,0.885344869789,0.44046244755
2.15812784389,0.521883208111,0.354297883029
2.0770236133,0.796227909449,0.169386788346
1.14248098302,1.28123650261,0.375102134764
0.939914662293,1.35784905027,0.457510744885
1.50908515473,1.28271199142,0.156924293854
1.95904547967,0.693832157869,0.331782818082
1.50542955217,1.01385994555,0.35613584742
2.28934439592,0.566167535939,0.20101019938
1.07176913366,1.4921128752,0.25560569566
1.88595514528,0.803544862478,0.284427174468
1.29244743619,1.14698277385,0.385186400707
1.57444367991,0.961221452287,0.355497281132
1.19689639265,1.31584623861,0.311616595644
1.99417273347,0.675331006845,0.323661425948
1.64520467438,1.24015079977,0.115484086202
2.05911222694,0.758151610385,0.208143402483
1.9641223954,0.611834734519,0.414699441747
1.07497759204,1.4804313697,0.262475824401
1.28395996239,1.18075263492,0.362774442351
1.39918212495,1.27976990609,0.217934150922
2.12521587764,0.853881070986,0.104215176091
1.61166442265,1.19719411569,0.159525303922
1.01412652681,1.36065830614,0.399175478798
1.33494079528,1.14012859012,0.362613951912
1.66430818465,0.756963778947,0.490253191875
1.76077117806,0.783286315986,0.389363207297
1.05644882514,1.34552998163,0.381601899497
0.862930011956,1.47245370026,0.417780302573
2.0063932574,0.802691850726,0.208020058477
2.07598481153,0.61915030502,0.316765726106
1.77318120697,1.14558788903,0.110315257733
1.55981136822,1.32165529688,0.106742802417
2.01390951268,0.685311017527,0.2997646365
1.47628851741,1.29890988645,0.163305513418
1.09629551188,1.38450974687,0.322971096139
1.28552204331,1.42870987544,0.177100953368
0.952546292413,1.32230277317,0.479312804472
1.32144389519,1.29433590677,0.251938531429
1.51999927854,0.903932025405,0.445692498785
2.18867535526,0.785788251757,0.110070015075
2.00609909751,0.611434837296,0.380582194229
0.962763293885,1.35766038922,0.439986684774
1.26686225743,1.45625435215,0.168188844527
1.06906800148,1.31610666558,0.397231962546
1.07015453585,1.25757058661,0.446790105281
1.16306647978,1.38367789524,0.280898129915
1.35935217166,1.20189903726,0.298138114144
2.17145026781,0.573204837703,0.28730247542
1.63993789981,0.791236657972,0.471487597583
1.75400281523,0.904169341016,0.28709347405
1.15229638773,1.37920107583,0.291041383667
1.40739103799,1.1002695253,0.34816052722
1.64850314077,0.832525333364,0.422429933955
2.05525059447,0.646847702863,0.305453579535
2.18764388072,0.649227678982,0.207017974976
1.11826056253,1.38314308352,0.309706747736
0.954245352074,1.49878929418,0.328035050314
1.83397484427,1.04898775849,0.13897083776
1.30216025125,1.20346695772,0.332657435961
1.39929844734,1.27534340163,0.220976023656
1.31132433582,1.19498611005,0.333537646404
1.64296179493,0.8812957953,0.379970815129
2.26120880534,0.669844822961,0.141379885376
1.53345736262,1.32303233479,0.118768204153
1.02310714673,1.3892829093,0.368945240078
2.19600498834,0.643623200266,0.205642021289
1.34343787711,1.0281071148,0.454964458199
1.29457538394,1.43361210685,0.168818403729
1.88625454974,1.0274676066,0.1252741972
1.84103899212,0.840534159698,0.283139902622
0.849350603163,1.43125873163,0.464907913473
2.18566874663,0.762548501792,0.126607241434
1.99471652984,0.632653327111,0.366578029587
1.75087787909,0.859541427699,0.326222394573
1.11963961656,1.40581089063,0.291290559225
0.999018218031,1.28417758483,0.477173179371
1.82071243272,0.697670300056,0.43306466131
1.01665080115,1.44124010848,0.331267513981
2.23474468744,0.575505908068,0.235089663657
2.25862613449,0.52855115026,0.260371738899
1.0751915519,1.39955991092,0.325044604877
1.97043169851,0.757028551636,0.267145965275
1.85557036523,0.692030227542,0.411936330976
1.43123560098,1.06074800382,0.365377297339
1.70398194162,1.16216651832,0.134624842948
1.38374186054,1.04641318641,0.4097892659
1.56339695184,1.00288979528,0.327779054646
2.02728195822,0.89031239806,0.135690504065
1.36516369766,1.45293751911,0.119049619745
0.830655559303,1.44018750698,0.472408035138
1.42616341185,1.38610373027,0.131937432677
1.55341552158,0.860294098467,0.46466701338
1.79062503134,0.937457862161,0.238983657703
1.794149915,1.05395593704,0.156689584323
1.53589128828,1.14483468313,0.236259169619
1.27144899579,1.4116790509,0.196718947218
1.32853634961,1.07950780795,0.41874911195
2.13024032683,0.57608334727,0.317701807932
1.11382552514,1.34834978453,0.340043017602
2.21624877777,0.646279313161,0.189303800319
1.33406959856,1.293065012,0.245510566833
1.87129446859,0.79173867391,0.304260286217
2.12593157824,0.713387173026,0.198746669201
1.24526110415,1.36286288116,0.246668036458
1.46817295768,0.917194140791,0.470686813957
1.61390902086,0.949734951553,0.339362416696
1.01754590415,1.29432579269,0.453851204563
1.6525909872,1.22323167885,0.122299349996
2.15218356023,0.507487442431,0.377178802706
1.45358510601,0.918852572922,0.479900849719
1.15693972888,1.25167107244,0.389706791069
2.07543236094,0.644145315115,0.292887419865
1.66183099007,1.14282561944,0.168734098572
1.66940738883,0.854166119777,0.38666308092
1.79864464781,1.03489206982,0.166680132731
2.22364837623,0.534339422841,0.283862680563
1.51336035482,1.07351880313,0.302743927124
1.98823387805,0.817718993708,0.208136477346
1.90411090509,0.933298564134,0.176233295672
1.55799266301,0.886631196445,0.435003240852
1.58700643128,1.07653559305,0.256255963054
2.28087483374,0.551750039931,0.220263073803
2.26022646524,0.628606867437,0.172131934034
2.23348613805,0.741354575103,0.11141127119
2.35951452819,0.525849292601,0.179972963949
2.27087275472,0.558365168501,0.222241498917
1.09546982455,1.34520276242,0.354910532231
1.45149213367,0.923539262842,0.476756406508
1.13282781461,1.46016752223,0.242068698908
1.48144939513,1.09431284238,0.306183643457
2.340465472,0.558947110009,0.167715680273
1.24933930493,1.46389923246,0.172422826419
1.26089257118,1.12382517767,0.426952437064
1.20760536678,1.36631322414,0.266623168103
2.28169201985,0.6466194088,0.144032998583
1.16390776295,1.15637808159,0.46789065191
2.3934740848,0.515269997643,0.161336449792
2.09147749789,0.656498850782,0.269674407745
1.94374657824,0.643162042219,0.395737560519
1.42686779144,1.27745718632,0.204218187958
1.81321899373,0.835856842096,0.305203964588
1.78049473111,0.778904892194,0.379370947088
1.44335026953,1.32142872261,0.165606123385
1.63360877292,0.79717573914,0.469972605301
1.17380584961,1.24008082627,0.387778363211
1.17957333237,1.16690314071,0.446873541907
1.75969857785,0.754321515036,0.419362980045
1.37964040706,1.42436710197,0.130500612689
1.11176098678,1.23592738898,0.435194472013
1.04043157744,1.4662420558,0.295586733455
1.69500141041,0.787330654484,0.433769016597
1.62846773404,0.800129401067,0.47075554806
2.23084211155,0.606730286304,0.210841209778
1.43144107766,1.39632570945,0.122652899299
1.48227867679,1.04453676535,0.345598897189
1.64588625776,1.17109120408,0.158682354107
1.47392891422,1.11564263725,0.294290630185
1.23524695276,1.13707720069,0.43339316254
1.66494087542,1.06975217215,0.216455430445
2.00460633624,0.58006187513,0.418351111034
1.69005041728,1.08713663216,0.190626601692
1.47226673505,1.05047387871,0.347165455107
1.77435733246,0.816784354044,0.34816283931
1.61199906537,1.1113285735,0.217033303416
0.985460539206,1.42929101403,0.362673146242
2.0920144129,0.657743859181,0.268167495609
1.54283672862,1.1653472739,0.217886986012
1.61229209234,1.08693918203,0.234093987187
1.99444178317,0.642000700237,0.356917237271
2.05661867158,0.625004722018,0.325936061529
1.14505551504,1.25817946099,0.392485380964
2.19297786606,0.567870115509,0.275292494423
1.61513513539,1.15880044448,0.18294407561
1.36809136694,1.4147524764,0.142780111742
2.05200671588,0.650126032724,0.304746925263
2.0192058536,0.641337306345,0.338369586761
1.44473426959,1.0752140796,0.344583672203
1.80910629327,0.892298853448,0.262034302415
2.02853284792,0.92586231322,0.112910292455
1.91759162091,0.724243214809,0.332966032813
1.29988285193,1.03859009127,0.476955000819
2.36705131242,0.501110899982,0.1953407324
1.71583261498,1.15493903291,0.133157823007
1.41370933572,1.09333100669,0.34975871833
1.49162649067,1.33253170996,0.133555509787
1.57294773288,1.0939693907,0.251669095076
1.91164059546,0.581042688784,0.49888465587
1.75226368052,0.7660973233,0.412805096853
1.5769863004,1.01131572596,0.312367065257
1.03795578238,1.33407443315,0.404374167951
2.0286407866,0.616567113226,0.356780050533
1.99927440714,0.890032106639,0.151499412578
1.31484090979,1.39975800418,0.181136642464
1.05037577616,1.25657382624,0.462515030224
1.30720664612,1.27639827509,0.273571174154
1.9201037036,0.700592753854,0.353978497917
1.2392235286,1.49240109793,0.15811118944
1.88696105594,0.606983052085,0.486438237378
1.58065381477,1.31541002237,0.100532731519
1.78283400294,0.858819050517,0.30578559648
1.47718030522,1.35875633312,0.123976131983
1.31641243614,1.3196223102,0.236567877594
1.45092629284,0.984501660936,0.418834850775
1.10539083958,1.40262241587,0.302873692369
1.71569967267,0.733257705444,0.476260903637
1.15899740908,1.29349095252,0.353961564107
1.94634753625,0.618412756634,0.421774466947
1.79158237005,0.970246671531,0.214646025553
1.59973137259,0.806130918338,0.486453360708
1.63983234667,1.00757117818,0.276587455776
1.32192194926,1.00364217964,0.494329440339
1.83975024499,1.07045040413,0.122697535392
1.46113452094,1.00386960992,0.394365221126
1.18412357316,1.15107757484,0.457786646293
1.87337854428,0.745922046866,0.344238600054
2.16381479371,0.803697380127,0.113292052066
1.25864716764,1.47131333559,0.162221384613
1.56856024088,1.17095802071,0.199863743838
1.22945984396,1.37370694068,0.248065553818
1.87848475564,0.638165892529,0.454802834369
1.30515121253,1.30818646351,0.251381819876
1.49064074969,1.1487355487,0.259513642149
2.2322769993,0.613343595446,0.204284482228
1.65466307711,1.06009537066,0.229090352943
1.18861809948,1.48298404509,0.192770336151
1.69197351642,1.08326488758,0.192195004421
2.20443856985,0.534391427695,0.300044950217
1.55634739105,1.14092205305,0.227459379567
1.73506034683,0.800619643563,0.391038994104
1.85636235324,0.618884068432,0.497707576672
1.86398885772,0.771333257635,0.327351414275
1.83309728994,0.781541709862,0.33956724229
1.59428071855,1.30039620898,0.103195173619
1.27524891857,1.21238493387,0.342841417865
1.9506787936,0.735638167373,0.29908829828
1.29306992038,1.06212138647,0.45980445214
1.87527045398,0.784848992685,0.307563652965
2.06731349406,0.656974069951,0.286936195369
1.85844261849,0.780840317104,0.322624740812
1.55034643894,1.23235158373,0.168489094392
2.32227928168,0.545123520457,0.19327425727
1.51155140077,0.952272991383,0.406029721141
2.15336533067,0.827762393309,0.104410083198
1.58478706401,1.02817482332,0.294210384433
0.905864461239,1.49960793017,0.362069221266
1.13658640088,1.28096801108,0.379361506311
1.10240439002,1.31724710864,0.372963114341
0.863655597334,1.43618361925,0.448885897402
1.28682421978,1.49960793767,0.127979414277
1.8494135875,0.84149330338,0.276961171868
1.27289078067,1.18392130255,0.367494165604
1.76004311534,0.758760278926,0.414515776514
1.49850117591,1.2186140775,0.205485139015
1.72724583526,1.17352592527,0.115995034747
1.40184637753,1.07726493423,0.370880432738
2.20136520796,0.707701176091,0.153838356094
1.40176690104,1.24103862044,0.243967472116
1.23939121862,1.10516770696,0.459187315559
1.67205958616,0.885167930265,0.356606607598
2.23082887261,0.699536647971,0.140606009307
1.68701219281,0.803999510961,0.422698220394
2.05557729515,0.814435649675,0.169662627115
1.82456292814,0.861460954345,0.276716762415
2.09708519801,0.747758651449,0.191650096452
1.84297346151,0.96617173089,0.188274202998
1.63135159186,1.19782355553,0.148980987751
1.44939013581,1.33432551171,0.15393079399
1.34674605927,1.44198734615,0.135675709977
2.10831291672,0.788552086114,0.155793233151
2.36505520557,0.521000505269,0.179605184261
1.91716503873,0.691887793198,0.364892648866
1.2981588478,1.28317347977,0.273954205435
1.35235145486,1.43874054483,0.13495158906
2.05336618254,0.839019561282,0.154289741141
1.10203600868,1.26702539288,0.415322028415
1.30334024589,1.03576511351,0.477089294094
1.60767501847,1.10997779943,0.220396492383
1.66364627992,1.18163275262,0.142811910761
1.70930232849,0.964651565127,0.267367605413
1.88966333893,0.991600545601,0.145937243964
1.0970312864,1.41378337467,0.299607214722
1.0423977515,1.49176618277,0.274495928967
1.56363474007,0.885586946792,0.431939881831
1.44408127036,1.25438698878,0.210702362477
1.60885858698,0.863150045586,0.421123296692
1.6343309594,1.06521443586,0.237059220161
1.41519438282,1.25024331068,0.229742142006
2.38282924482,0.590772185154,0.112947433439
2.41941147571,0.519162255789,0.137403452174
1.29759967614,1.18421678429,0.351015985257
1.37327684209,0.972937626359,0.48603496215
1.15538490192,1.15706621054,0.473614220985
1.72327185825,0.722513680503,0.482480418626
1.16087571795,1.44365137923,0.237443887742
1.42793845076,1.25687893853,0.217919817547
1.21790748565,1.33768534321,0.281803872806
1.97974010816,0.764194833442,0.255031916007
1.97340783149,0.914866488321,0.149751344929
1.31298651868,1.27080314078,0.274272086833
1.86693168347,1.00335642201,0.150555799132
1.76111957484,0.982142213538,0.223726896309
1.17533709573,1.42206889738,0.244714010482
1.71351974565,0.736323240537,0.47452664151
0.997098717548,1.32901690425,0.438876131545
1.06838932618,1.26489051166,0.44166441222
2.15999665355,0.633607274608,0.239922244278
1.86837150022,0.630633033992,0.472503507019
2.05189768085,0.921327338726,0.103243287236
1.35724971508,1.08550382873,0.393753690746
1.52969814642,1.17636266644,0.217514190652
1.41082877305,1.0240386233,0.410985787073
2.00943343163,0.878068367925,0.153618429802
1.33780794571,1.46980312988,0.12176683315
0.768053223474,1.47549316615,0.494092363701
1.40478522126,1.03452118821,0.405824923828
1.07120937933,1.31584529803,0.395930880385
1.10073664935,1.18427404723,0.48990412688
1.96192734221,0.747493253833,0.280972258074
1.90099736017,0.750608224383,0.320336322729
2.08985324731,0.521445129582,0.416467250881
1.78027280997,0.882792717799,0.287680219675
2.16738109291,0.763895464721,0.136733938479
2.28066016401,0.532130096328,0.238580525744
1.90959488292,0.668644256512,0.394981155353
0.980564987672,1.42956855037,0.365928821418
1.46421837438,1.0136601885,0.383686970865
1.29004961473,1.41754381438,0.182361158527
2.11141554694,0.628023485302,0.281023415386
1.85327308491,0.908034032403,0.223373816051
1.26872157466,1.26123407109,0.308613879482
1.66464658469,0.860881150117,0.383734149166
1.33243221251,1.39540048027,0.174616633752
1.62277780156,0.877989200101,0.397082937704
1.9185279837,0.743736680686,0.314286572139
1.95740182685,0.935938834905,0.144962227399
1.36459378952,1.26990405586,0.244583175674
1.6681776602,0.843468634593,0.397637373235
1.77287159906,0.957682419357,0.234596647376
0.966803676664,1.48976024756,0.326578785034
1.54422691739,1.32343765599,0.113224841975
1.90639377035,0.818210997435,0.259146408166
1.87447311656,0.772628054128,0.318919334523
1.37047222785,1.39924935676,0.151871373078
1.64945419841,1.08521771272,0.214327647812
1.21145564297,1.11390681606,0.47167814887
2.05731706185,0.637452381076,0.3130036617
1.57943715727,1.1456167414,0.211297303445
1.01978490119,1.42887653595,0.339052294484
2.079421,0.713292195375,0.229831088508
1.54265210553,1.08379216007,0.277087665011
2.14750785425,0.776303212889,0.140477076791
1.72801591569,1.04119288539,0.201041245694
1.61157477935,0.933039633413,0.355182222849
1.25765359475,1.16976197168,0.389530237825
0.797257176948,1.44319522744,0.498141554992
2.31623221918,0.586429768663,0.164276406932
2.07876718412,0.715282085324,0.228669695343
1.79170800413,0.81485895326,0.337973060647
1.31470289717,1.17201449283,0.349779747857
1.34809257647,1.17323235214,0.327417491909
0.778975946683,1.49979837321,0.462530645293
2.06560820401,0.575190880515,0.372202874826
1.9222626652,1.01040373649,0.117148915168
1.29349624418,1.10883506975,0.41729587109
1.74754282065,0.754821261282,0.428027620584
2.00214275276,0.631490883356,0.361937869798
1.59155576843,0.818150973618,0.479815471379
1.08966047895,1.31041433976,0.387465941649
1.89116342226,0.627497199137,0.457081830441
1.56348883321,1.19866917628,0.183887109955
2.36916200773,0.600590184737,0.115873056396
2.03829831875,0.693865105621,0.274595959674
1.09105491955,1.39605834619,0.317328057005
1.46686260886,1.13836769596,0.281282954676
1.99389796629,0.857254740909,0.176581651222
1.50850476956,0.992800255744,0.372086669353
1.23320318103,1.41768293697,0.214053006903
0.764559135462,1.49838127816,0.476272483684
1.29063553544,1.49645842617,0.128132821866
1.14096973403,1.19482452956,0.450134116157
1.35070787262,1.38872408545,0.169376086096
2.23317319108,0.591260755397,0.222319073183
1.3490316003,1.39736027011,0.164417770644
2.26502338033,0.675199767817,0.135168716231
2.3369602108,0.648164441264,0.106010908946
1.45229199286,1.1836257754,0.256340461562
1.45771654686,1.18360648653,0.253204662407
1.71231295758,1.1761118745,0.121801275162
1.39755814583,1.00891180117,0.434016811314
1.69744032624,1.06409655643,0.202258480775
1.29982889603,1.16463271545,0.36554766226
1.45199158633,1.20599690077,0.24034597758
0.815240379013,1.48113859585,0.448666852783
1.70589444407,0.786407492831,0.426577725408
1.94510197874,0.908740201044,0.169640286924
1.2428399799,1.26232431746,0.324100657663
2.38149924541,0.605187300796,0.10415443239
1.92488034325,0.818300392696,0.247281731419
1.98755666202,0.906256564111,0.147485672747
1.80883630759,1.11799690673,0.1093452742
2.14576681417,0.566995718638,0.314535947006
1.07108376252,1.25537980311,0.448031584058
1.45997750182,1.17693875544,0.25674910443
2.05687266562,0.844429958465,0.14867805205
1.29333871062,1.35050003873,0.227682600867
1.587804634,1.20203000305,0.168803269495
1.66921320874,0.839916375999,0.40029811186
1.63943615353,1.2313371846,0.123780234945
1.96990904682,0.853863542487,0.193099481166
2.1856653951,0.698920255374,0.17029244819
2.20874304328,0.551527913254,0.278729091262
2.00743483377,0.671085139697,0.317902939733
1.27205415423,1.07875136707,0.459693327636
1.88083302858,0.906359640391,0.208312316859
1.06410890522,1.33249207015,0.387037935809
1.68455936232,0.987927662896,0.264581364817
1.80098997702,1.12913254877,0.106529979308
1.56127787442,1.02061219625,0.3147758821
1.93682990449,0.694882110242,0.347185295716
2.151806548,0.77054488136,0.141719453777
1.8303746111,1.06805546304,0.128949218803
1.09789308413,1.27248802235,0.413618004136
1.98718373516,0.645966265717,0.358438981741
0.863760783675,1.49746304367,0.395637689866
2.39965365785,0.531916287899,0.143168478773
1.37677619476,1.10765602634,0.362001055794
1.27304415027,1.38537739421,0.214392892528
2.08409482574,0.842426177897,0.134392684561
1.98977152523,0.915495437531,0.140323299671
1.2984622325,1.24348555302,0.30377155603
1.73917480308,1.09247736231,0.160804282107
1.91708055064,0.644441973004,0.415762366616
0.914010480989,1.40897369906,0.432882494082
1.2661218007,1.27901783786,0.296591131407
0.846501016571,1.40088049861,0.494708509248
1.11514750764,1.27591241228,0.398475728887
1.40181211641,1.19537172176,0.277409401588
1.88206933738,0.978448303207,0.158496881116
2.12535511087,0.56394041203,0.334713281102
1.5200187653,0.936039648107,0.415073455046
1.81061154127,0.750785701516,0.385058986825
1.98532155796,0.803154053418,0.220822992659
1.53951287234,0.870583586762,0.46455949031
1.22073548151,1.14383518572,0.437750992008
1.37109033505,1.02742685736,0.435770860053
1.50071963809,0.936342905025,0.428438219638
2.32839120104,0.510128744872,0.219623934459
1.53321273335,1.32283447784,0.119013420195
1.94254172117,0.77524724888,0.270570004517
1.61516437492,1.27729421702,0.107285614478
1.10361935044,1.31800059794,0.371508324423
0.925326570958,1.38339974086,0.446403654605
2.17500454096,0.770762235787,0.127662447593
1.41417282753,1.27208856104,0.214954382425
1.71967226258,0.806163835792,0.396736097934
1.18067109514,1.4272434814,0.237728206799
2.14412646631,0.634817520837,0.250489827596
1.59031401451,1.2625867725,0.128635180965
1.21133068155,1.49461185732,0.17180901851
1.81744512362,0.983445627373,0.190780950334
1.77302437743,1.11169057233,0.131134837922
1.23745754306,1.33160346472,0.274440165879
1.92287979954,0.641748648406,0.414119168608
2.16214705472,0.752942217565,0.147258363898
2.13324371171,0.55904454627,0.333467479302
1.13645635936,1.21312530842,0.437231999082
1.18982045566,1.2185065257,0.394858830341
1.29605453025,1.13099490142,0.39631948203
2.15208035466,0.601284870775,0.275223613954
1.24027777255,1.0887407284,0.473747413208
1.85574435581,0.840663720062,0.273570033562
1.50061352636,0.944885328577,0.420502375032
1.84603710285,0.658884741303,0.456993047302
1.77749506927,0.845604624271,0.320540727396
1.1041757181,1.42632784753,0.28536273726
2.03033015527,0.608849959468,0.363752229975
0.869099927076,1.42460592128,0.45472795758
1.73164432121,0.755880457168,0.439007884997
1.8471631634,0.850428372971,0.271193004872
1.63069984096,1.26462685722,0.10752260497
2.03733542343,0.922892864268,0.110026105307
1.34045978242,1.40546719516,0.163479208456
1.35662517445,1.46500000726,0.115420757083
2.12967402708,0.828890444209,0.117070941138
1.89201778904,0.613393270264,0.473855659319
1.21315598393,1.28253409249,0.327233614889
1.22610996035,1.31711174862,0.292327287207
2.23363280512,0.64741882896,0.176346398356
1.49875293739,1.07300815514,0.312181617877
1.67772036914,0.922887489514,0.320463284436
1.21862387573,1.45456597946,0.196045911708
1.17338935287,1.15255697834,0.464348847976
1.60665782404,1.06478645461,0.25340560606
1.11808869899,1.26740200527,0.403589574031
1.76751210884,1.02317255415,0.191469765514
1.18795283415,1.46724371295,0.20443393816
1.73849054582,1.14834514092,0.12585851541
0.820737199276,1.447317703,0.474310344656
1.63341375959,1.27384290174,0.100586866313
1.64909899936,1.23434567735,0.117150698803
1.55016954597,1.13708191695,0.23367302625
2.16814846302,0.726660936165,0.161694170301
1.75679100707,1.05892934219,0.173363353146
1.70691489288,0.962856298579,0.270194685839
1.784859908,0.769164542854,0.385719305627
1.709375792,0.955774242997,0.274156246466
1.29625824153,1.15756818179,0.373765485885
2.15802869973,0.799739750308,0.119113762194
2.07374360268,0.535605492766,0.412864228774
0.850861164554,1.49851071366,0.404784363544
1.54177791706,1.10521218483,0.261613465164
2.44157650746,0.521449022452,0.11815862732
1.65161695242,0.870769270166,0.383650425522
1.50283605093,1.37002377491,0.104216454967
1.41744392909,1.22725659259,0.244875325345
1.01770267633,1.38849001875,0.373411738738
1.10059238822,1.18192765178,0.492192328159
1.62460624001,1.0012970307,0.290728336102
1.64959547161,0.97613880175,0.295067144583
1.58219491952,0.810939386951,0.49484966717
1.33305677192,1.35455985395,0.20245246946
1.60227226596,1.20705209574,0.157998062188
1.49141585095,1.37271836355,0.10808343137
2.08747956182,0.710272750538,0.226827157986
1.53423892841,0.994179609148,0.353880121418
1.22083416979,1.37227598554,0.254245394439
1.81682246836,0.909272207167,0.244316076396
1.46735717586,1.32835142124,0.148593201714
1.21966338132,1.08860102783,0.489274364577
2.25328811026,0.717231697063,0.114707908692
1.79584312679,0.746891488801,0.399917085825
2.01519277503,0.516373831374,0.49358539907
2.09145599357,0.58686082525,0.337887334796
0.971177500686,1.4966435251,0.318020230945
1.98769957295,0.816735165283,0.209191003109
1.76221581921,0.952567508071,0.244685014983
2.18650985876,0.714778196365,0.158379349335
2.34983805565,0.521272869187,0.191756817818
1.21787352072,1.42011760189,0.221120291355
1.51427739446,0.873903673328,0.480105299601
2.0564137592,0.55122295711,0.408674817404
1.74190078434,1.12712835825,0.137329020122
1.96977899313,0.997006374912,0.10085520217
1.96744110386,0.806386351113,0.229601788834
1.61348454828,0.837081348677,0.443589136296
1.14143078954,1.15753183892,0.483684087497
2.05732572356,0.889096482151,0.119918962553
1.99508958252,0.588364377046,0.41645526461
1.92262072608,0.694173018135,0.358491332848
1.7186114228,1.15870115251,0.129417524664
1.35945029026,1.36319572434,0.182064945478
1.45100275199,1.3673943644,0.131535975567
1.48803435237,1.03185665746,0.352396110282
1.11263400491,1.4221294139,0.283220574929
1.56725456507,0.972283533282,0.350789552529
1.25775880633,1.16216036048,0.395897646198
0.980498353414,1.32207966006,0.457637805061
1.47278405099,1.05878453901,0.340003062322
1.371181872,1.43324867819,0.12895618328
2.26946608445,0.714005252325,0.10677138866
1.6805933368,0.773243096445,0.459567552874
1.28603001363,1.46651472441,0.150864960669
2.35299456522,0.616273770006,0.116417184072
1.58046637271,0.919737727321,0.388019554752
1.51439514677,1.22936615854,0.189540681985
1.80626803563,0.675110282246,0.47046754387
2.18633392907,0.507826144551,0.345754068438
1.78063387744,1.00812646061,0.194450905569
0.828807320803,1.43402097338,0.479516517508
1.76595218325,0.975899943715,0.225412995676
1.6114035877,1.24887501194,0.126747491994
1.60529379514,1.04918177041,0.26578497224
0.905490294456,1.38892469813,0.457166003759
2.30825038264,0.650084281213,0.123777067971
1.37639941707,1.19553123491,0.292592905084
0.931197626619,1.38300780433,0.442174454076
1.46812271887,1.36470150935,0.124684172557
1.96630165307,0.779517425022,0.251438286744
1.66891622315,0.880250326384,0.363121903453
1.3223887872,1.21825263689,0.308360661716
1.44563244548,0.986955667374,0.42029694069
1.59425425831,0.936445347212,0.363776825381
2.13762893264,0.80035321816,0.13059394924
1.63241148337,1.08613591625,0.223250490252
1.27714870082,1.33492760329,0.248306006125
2.03074475263,0.819065788069,0.181316029853
2.21082283823,0.601887911002,0.22990863913
1.04950418481,1.34770949003,0.384690323402
1.30316445047,1.21799228801,0.320584961693
1.31675060227,1.00724171933,0.494689223637
1.16120484801,1.44524476841,0.236074342655
1.18989710357,1.12370192565,0.478634724325
1.52405438159,0.975053409518,0.377107653043
1.73421202134,1.14937172082,0.127368975852
2.09789473299,0.618074411507,0.300859610396
1.95386351702,0.639509267697,0.391670384094
1.5711037166,0.931477676312,0.383842022667
0.966210172731,1.37242267319,0.424571816883
1.27383467492,1.36914532175,0.225516295083
1.46793727786,1.15435547116,0.268697209446
1.20137497023,1.34272394277,0.288189308095
2.22825074778,0.671005149111,0.162453135241
1.21530788698,1.30209272394,0.310606528881
1.41119741375,0.932755531693,0.497773696483
1.54802198187,1.21745060927,0.1795799344
1.8954194662,0.937563867634,0.178242093188
0.785309203962,1.46856242393,0.485332585203
2.19070480732,0.64527739214,0.208052811671
2.17661780122,0.727468997435,0.155764942096
1.4593189497,1.35830718898,0.133219694519
1.39770879852,1.29482145045,0.208251338857
2.09178047624,0.772084876325,0.177338519445
2.11395778009,0.657320114558,0.252672672412
1.53809460208,0.951520290598,0.38842302829
1.10161756192,1.20486257094,0.47036020654
2.1321650196,0.604866931207,0.287204823149
1.95254202434,0.969915992646,0.126179374974
1.18887461712,1.35181797475,0.289041654568
1.76011671937,0.994267949815,0.215667876499
1.95573276489,0.577626859144,0.464055597447
1.37563496453,1.08067513385,0.385478007739
1.4268504314,0.962671865292,0.456503798919
1.66910878127,0.889499205178,0.354765157598
1.93180132899,0.922072636842,0.168207515524
1.56349702657,1.0041130638,0.326715620524
1.20818303752,1.39645622578,0.24399310528
1.12374175292,1.45716406876,0.249828612386
1.82293210875,0.677477513216,0.454119897121
1.05652728091,1.26170018893,0.45331444156
1.7751769863,1.00942829231,0.1966012486
1.31960317513,1.07952784851,0.424981095303
1.87738704638,0.984678604913,0.156984777902
1.78005320624,0.716050692958,0.444701657504
1.05381102973,1.47139587443,0.282882572339
2.24793258058,0.659644445585,0.157497001959
1.58459677758,1.2524006424,0.137937882617
2.39243986024,0.504076652473,0.17152115945
1.56568906077,1.23076589209,0.161531984612
1.49658422632,1.17616524382,0.236258922299
1.0859894928,1.36770960868,0.343192306059
2.18841520593,0.598858346837,0.249579809686
1.26143374409,1.40664780927,0.205877313222
1.91914130303,1.03975708348,0.101136603976
1.60156496597,0.897092161732,0.394149195268
1.26380944622,1.26837255049,0.30618014746
1.38575740006,1.19018913609,0.290967833046
1.83235194554,0.971205036123,0.190798023567
1.19527495107,1.37327102601,0.268919058365
1.25264386865,1.35651576147,0.246956127178
1.99518778761,0.847134503113,0.182843069181
1.18426559913,1.49844663282,0.184191569527
1.12998128054,1.16694437784,0.483643704743
1.46651468266,1.00954535537,0.385726379581
2.18961930083,0.538916647656,0.307777955055
1.96559277819,0.881988267176,0.176054616629
1.27357595154,1.42382949921,0.187036855411
0.991360822593,1.47758083184,0.319450642665
1.46600235381,0.979388896457,0.412975191611
2.03811087843,0.671372544882,0.295038103369
1.45163292623,1.29677591219,0.177703232864
0.775348555531,1.4898299444,0.474648732803
2.17384289422,0.733050635092,0.153631662917
1.66706186243,1.24576337944,0.101438981355
1.5919112332,1.11017232863,0.229135990679
1.98215423211,0.576248479028,0.442562689433
2.29071813125,0.539834295772,0.223180690399
1.77936189097,0.835940676254,0.327681046112
2.3441943919,0.609277548288,0.127362376772
1.80086020087,0.732512451418,0.410972460718
2.09911204308,0.528900415402,0.39850422726
0.987560568038,1.30258767938,0.469533308881
1.29674229364,1.16017750754,0.371275895274
1.91494857245,0.679602195044,0.379208685069
1.84409220759,0.764328298678,0.347786822253
1.83663569288,0.95515002419,0.199460820034
1.29147295923,1.16153904733,0.373652924166
1.57393897884,0.962354179345,0.354859685114
1.83814161255,0.84694283411,0.279775841257
2.26162300446,0.518206494696,0.268284989097
1.35283113591,1.16606372089,0.330094400389
2.28507741641,0.645504585553,0.142529722862
1.60005425638,1.16704463449,0.185501998101
1.49213337982,1.23068795017,0.200682201404
1.63926801188,0.952327149956,0.320806500394
0.997127915823,1.34371507813,0.426114416615
1.35773469745,1.11315027619,0.369971740981
1.95260557567,0.70200837707,0.328668785917
2.07557940498,0.638038813114,0.298578125255
1.98848800698,0.85447907551,0.181677424494
1.19112993078,1.17691053911,0.429695888914
0.855944724822,1.48465560646,0.412731959894
1.90379589401,0.589418456134,0.49465671156
1.40036423056,0.975322052275,0.463655886808
0.988660641967,1.46637017038,0.330293550316
1.4629429693,0.957276206633,0.435620556699
1.38683774431,1.08640595359,0.373125774694
1.87863136906,1.0125793085,0.138502678999
1.47094662924,1.10784363367,0.302124597705
1.20461552328,1.36181117587,0.271804774116
2.03656221027,0.560815437721,0.414235035468
2.31048691216,0.59212821946,0.164086467997
1.92862109785,0.738764391363,0.311708996833
1.44164718414,1.09762863161,0.328413308482
2.06400956453,0.874785579024,0.125151691155
1.940552713,0.98694225024,0.121987888227
2.25190895597,0.610752532707,0.192090950474
1.63968242638,0.988585506792,0.291396381825
1.11257398822,1.27462992189,0.401368919373
2.18075077107,0.535022434786,0.319566949194
1.58552974788,1.00011587698,0.315995880468
2.04202472236,0.80151229462,0.18693298123
2.2977343646,0.611636487711,0.15844230305
2.07201651178,0.794532567652,0.173604323598
1.60299301221,0.797894449572,0.492914076438
1.12493118371,1.47275099897,0.237490285819
1.38974365555,1.12031863375,0.343209052333
1.04270709329,1.4295756925,0.322940490265
1.2011734055,1.24275149172,0.367004075406
1.08417615717,1.28532974432,0.412489895391
2.42877488275,0.538055950145,0.116047534483
1.69996150495,0.755762148117,0.463567092995
1.05143733499,1.37687663687,0.359346884952
1.11040749867,1.45986689461,0.255985109262
1.41181188943,1.39400854399,0.134056201814
2.19164301326,0.552459557971,0.291862051054
1.58452753769,1.2157310424,0.161553974981
1.01037325419,1.41835382927,0.354084701158
1.32912452128,1.33638940055,0.217391726085
1.18759947769,1.48032589715,0.195250533954
0.77176959235,1.48092395221,0.485859164882
1.86785272078,0.802374153315,0.297427525145
1.8747948039,0.781876994338,0.31049308377
1.43141679282,1.31988747465,0.172921562109
1.8556295809,0.95404002044,0.189450012752
1.27108533956,1.39207055165,0.210753298537
2.06638201439,0.708153509538,0.242878106632
1.80182783638,0.953452896942,0.220711702493
1.43348029514,1.27700955438,0.200906456419
0.830473686552,1.43630035019,0.476059795584
2.20090708547,0.590152470031,0.24794605468
1.88355425188,0.690063644796,0.392374269603
1.82682342628,0.962338642961,0.20004470639
1.48734595749,1.35834432841,0.119190808481
2.05574581308,0.610753638374,0.341314832287
1.23486198782,1.14641447742,0.425423163665
1.98399272034,0.764321393748,0.252121223201
0.822936486465,1.46920651064,0.452891262517
1.93015111533,0.759542975941,0.292243356695
1.54545651156,1.32008440953,0.114721592385
1.43372749794,0.924889078109,0.488720084698
2.11151306191,0.651724381629,0.259357712051
1.78140895679,0.742993679507,0.414763685124
1.14747726455,1.25351724985,0.39471558691
2.23116541496,0.673266236776,0.158868304185
2.27521672452,0.535218040544,0.2401204045
1.8825510543,0.706173318694,0.376457963298
1.28725356441,1.21741412181,0.331127904744
1.90585140136,0.901978163633,0.196802547419
1.54612246199,0.982639690915,0.355870044058
0.970091703981,1.40137990414,0.397006272282
1.53967981732,1.14287246768,0.235504868051
2.11234740752,0.685656335128,0.229845645227
1.79030219783,0.740226926429,0.41092526986
2.07424645923,0.849375913972,0.135529083279
0.962063001958,1.40828333712,0.397099453562
1.07976001364,1.23476086866,0.459868224118
1.11882599508,1.33399789793,0.348196878023
0.91760854635,1.4749252159,0.373989072185
1.8523050639,0.759732678348,0.346265618731
1.73962569391,1.10337586528,0.153548788886
1.03953884172,1.45151771289,0.307715226652
1.41232886767,1.41159681812,0.122334158986
2.1861674081,0.673284543698,0.189115822669
1.15031435598,1.17403124861,0.461923558144
0.825187185143,1.47010778292,0.450232791658
1.81101308286,0.741081357048,0.39451851789
1.59215577565,1.06624584453,0.260837609253
1.16875499307,1.32603603454,0.321688259108
2.06294359092,0.746405808648,0.214642606921
2.25669271051,0.577684567029,0.216206308021
1.63956764589,0.946825711684,0.325164890124
1.40863881891,0.93508820243,0.497340073471
1.0594296227,1.39435658308,0.33976103753
0.829303805208,1.4118272724,0.499290659556
1.78817098364,0.952577134533,0.229328653421
0.820000913731,1.45987049541,0.463656223185
0.975621211281,1.48548909306,0.323914450723
1.71142438482,1.0871515031,0.179056413022
1.89417842175,0.754400366308,0.321663612474
1.87121229463,0.829234907473,0.272882446825
1.94521515883,0.849886518827,0.210770558582
2.31126318653,0.624466717342,0.139551651871
1.62760396213,1.23768518013,0.125694156362
1.58346277687,0.854101902825,0.448606440233
1.96704170532,0.723131011066,0.298807400377
1.22845406315,1.26992267392,0.32733090991
1.35160492271,1.43519129166,0.137696198927
1.6746413388,1.0619865275,0.216442905264
2.31297383031,0.58067096186,0.171195074674
1.17234599156,1.30083270713,0.339249390109
2.07179353187,0.871526050082,0.12287925001
1.30510291208,1.05653621573,0.456248204093
1.70870127579,1.00427776275,0.238150840968
2.38856616618,0.507547930321,0.171781983788
1.41784405271,0.982376707005,0.444260527971
1.08496182653,1.31230426138,0.389186051497
1.98770616901,0.613902145844,0.392845987787
1.54443283162,0.884192048611,0.447271404232
1.51017460139,1.20832174029,0.206167504032
1.15827510507,1.20544771067,0.428224982062
1.89981129991,0.931334853528,0.179987610804
0.999332487794,1.44079018279,0.343553088774
1.68013796928,0.757175177674,0.477512075438
1.07368829923,1.40279451557,0.323483897241
1.09806408961,1.43686349781,0.281165149197
1.21805938566,1.23327207454,0.36347662003
1.46993718013,1.01874286871,0.375450843293
1.91573949276,0.64396056563,0.41739508006
1.30548859907,1.07119581609,0.442493132599
2.05406375191,0.622088027235,0.330896078533
1.65457112568,1.22707821174,0.118942818637
2.00745664111,0.594434345765,0.398823416467
1.50967856565,1.11568044325,0.272781299078
1.55919194034,1.26820920982,0.140688740097
1.14468899458,1.33752080821,0.328283293796
1.53093357867,1.2301413967,0.180187984411
1.20929864203,1.16170613676,0.430105663645
1.4886434763,1.20348700629,0.221430812766
1.76846068522,1.05583479012,0.169138863997
1.04160133418,1.26441503251,0.462164122795
1.26961555871,1.08827852524,0.452697311611
1.33819000942,1.23539990867,0.28560488515
1.65540180511,0.998570187954,0.274057193726
1.98597516945,0.837717462866,0.194993270025
1.18553360419,1.23245123288,0.386107948644
1.41908513521,1.19803296111,0.2652014972
1.51980854914,0.85106951333,0.499881101134
1.50089323388,1.20127155835,0.216161576608
1.60741526549,1.06092110044,0.255808569919
1.8207456331,1.04921299138,0.145729423342
1.12389911459,1.23061871542,0.431022589263
1.68606556533,1.08004422643,0.197616129122
1.30557060455,1.12232981342,0.397250626075
1.70412281714,0.788842406291,0.425405919555
1.68884816362,0.895867341268,0.336047972881
1.29445438732,1.49208526978,0.129106672309
2.37489903145,0.537407425579,0.158254659219
1.68498784535,0.991818945576,0.261384029755
1.98813569621,0.776196778701,0.239891902032
1.5578117855,1.14677303456,0.222519839309
1.6874672759,1.02648955628,0.234366686553
1.02517316416,1.32872663592,0.41823168173
0.962539998236,1.35915663685,0.43885275173
1.72021177205,0.989721807481,0.242062735677
1.71401432779,1.01108136515,0.23014538071
1.70834077333,0.866216328647,0.348889781573
0.873342901496,1.41954756337,0.455784309129
1.52497041607,1.2401015294,0.176710864421
2.14934162193,0.51121603766,0.375126618309
1.54599773827,1.27530800022,0.14282490328
1.22197673622,1.21771359475,0.37362788742
1.3500801243,1.13666477658,0.355554004555
1.89807840897,0.899976592304,0.202752029961
1.80396108914,0.774241078318,0.367000745998
1.3046759185,1.24470785635,0.298998204589
1.90038835131,0.996959980424,0.136855101029
1.34875097124,1.44214458805,0.134539505097
1.80935364798,0.862382836344,0.285682453857
1.30665616993,1.48462703767,0.127822566689
1.30106191072,1.36994144291,0.209508558814
1.29327011983,1.18978050545,0.349332985849
2.41438988406,0.52921825795,0.133691802281
0.945886198963,1.4953171324,0.336730778882
2.24028235636,0.59792713861,0.211252300003
1.93713630932,0.615310321051,0.433138057126
1.17048091473,1.15937541891,0.460299763165
1.37661210254,1.05713055826,0.405236129585
1.51186592163,1.17268344986,0.230080932181
1.17697031747,1.16831887812,0.447500625677
1.53371575876,1.18011011162,0.212684580206
1.89515395147,0.618123047734,0.465236050797
1.41799339409,1.178468019,0.28039281714
2.0591433414,0.874673168389,0.127920775262
1.59939078052,1.23395380815,0.14219579482
1.63006351171,1.10711785185,0.209912231351
2.00612075498,0.721241408768,0.27322991154
1.63889716332,0.767913928623,0.498052741847
1.1708647624,1.2305965009,0.397774665683
1.83483590588,0.951990782308,0.202694763965
1.09602684527,1.24995260394,0.434416041223
1.18694221642,1.21165813269,0.402648891561
1.15506623709,1.486113164,0.20980206711
1.66208811072,1.17726438368,0.146380072565
1.94829208608,0.642194883521,0.393169218385
1.27512076714,1.18686464717,0.36359907099
1.44812915775,1.02096276085,0.388182589554
1.41496635395,1.30597346999,0.191136376417
1.93129079967,0.95546494121,0.146646139215
1.2889280396,1.31837332384,0.253469649029
1.28974500044,1.27440230796,0.28561008719
1.6659636911,1.00785274191,0.260685272144
1.6954297324,0.749682837697,0.473833210633
1.37029583251,0.990407762463,0.471182450338
1.50117081121,1.33502967434,0.127174140307
1.86065545678,0.628582511304,0.481634475673
2.22566650908,0.507942076015,0.310513274497
1.50732033722,0.918118716502,0.441102827654
0.835203937275,1.41822249307,0.488443625052
1.93540452319,0.699649858362,0.343568310772
2.42325121603,0.529822942681,0.126320272393
1.61709906411,0.96611895046,0.323641869267
1.71513827287,0.956403620076,0.270150271682
2.19032495078,0.683777831044,0.178375906308
1.82488886227,0.948231039068,0.211066234912
1.19818686666,1.13689656489,0.460346941308
2.04373276556,0.882049430816,0.131815693492
2.26657413479,0.606452904274,0.184872076911
2.28488783153,0.507901339565,0.258854916286
1.10629100754,1.20749401804,0.464470958142
0.972611773937,1.45228359406,0.352935510852
2.07634868915,0.622529119387,0.313111591608
1.70885127512,1.13896552871,0.146767618479
1.73256513654,0.7052630412,0.495106702321
1.61174607993,1.01108744858,0.290986450132
1.56590884541,1.12919982599,0.230356234958
1.38452553041,1.10842627313,0.356299055154
1.32613691796,1.07900180859,0.420873225294
1.94102711135,0.776540380894,0.270500750999
1.67830800513,0.86465526883,0.370787316142
1.19337674131,1.24224728787,0.372659043013
1.06343167697,1.39496772093,0.33656837099
1.7646078362,1.11622517687,0.132588973791
1.85093543291,1.04879643639,0.130313773916
1.24957007689,1.35124493257,0.252628356882
2.08192133662,0.807345279877,0.158813403319
2.32855742393,0.506401505133,0.222999433276
1.14800607586,1.38008094819,0.293071477879
1.8488259794,0.970329560066,0.182173887852
2.15577342149,0.798084406017,0.121469953923
1.97333809546,0.749581215572,0.271446325785
1.71924578218,1.2051737669,0.10074864216
1.75460375082,1.07384855109,0.164748090843
2.24439326918,0.736940261567,0.107606780226
1.90232750769,1.04147001562,0.108573191141
1.50107984845,0.965286620973,0.401453827506
1.89585009106,1.02024948643,0.124757447898
2.06928294966,0.706837097963,0.241983770338
1.84395408349,0.910546913032,0.227077034765
1.93699331609,0.878804348972,0.194913379522
1.49036886619,1.07178960635,0.318377596153
1.11897851426,1.19273070997,0.468320321951
1.88360897484,0.956119185074,0.17237327663
1.48585714922,1.03601291572,0.35034718036
1.14811318914,1.18034390069,0.4578524283
1.27008993345,1.05634386042,0.482170418095
1.17268703364,1.15087208737,0.466405674303
2.13457968245,0.649162985331,0.244896355578
1.28099985586,1.45766670188,0.15959891579
2.0600721765,0.54322135503,0.415456978472
2.34945623143,0.555447482621,0.16362114275
1.70800090699,0.865216550844,0.350006222517
1.90406549869,0.776014830044,0.29571271765
1.86955250931,0.817892774956,0.283259939579
2.02340729973,0.830144873569,0.177948570347
1.64834382472,0.925182996056,0.337648321612
1.70942848783,1.05172962986,0.204119202473
1.65498825767,1.09039211907,0.207659329203
2.10329785073,0.801267882376,0.150210480377
1.82731107053,1.03341712251,0.152346192068
1.72025674236,0.974435951615,0.253372105493
2.02266905385,0.680582217179,0.297774616648
1.01747345763,1.33144570547,0.421568581311
2.02593899304,0.614132062089,0.361563320223
0.964985320176,1.44506857148,0.364295199817
1.54832772391,1.20310170791,0.189026645264
2.28762445441,0.64687562157,0.139836759499
1.34059551274,1.37217027137,0.186125129317
1.48272013202,1.14902719088,0.263936451218
1.42189205502,1.0983579406,0.340392356735
2.04502021238,0.686422989516,0.276406825139
1.26279773386,1.34259152516,0.251150504974
2.00630523003,0.706959842015,0.285600940654
1.69465574683,0.814465136205,0.406702271522
1.10959215242,1.35400176611,0.338352496666
2.39022927563,0.56632110516,0.12473203035
1.47374860776,1.16206058964,0.259605938131
1.85540874025,0.880401269478,0.242665869894
1.33657527772,1.37473888119,0.186544633167
1.40145843038,1.07712954392,0.371251498803
2.07487107657,0.533297102925,0.414795163161
1.77652475457,0.701458373868,0.463920402259
2.09979466798,0.771608654605,0.172721919501
2.1461360189,0.504020601384,0.387124789045
1.98335754471,0.783321631789,0.237361345587
2.35946040053,0.625374598418,0.10590209967
1.73879356727,1.06379504958,0.1798390366
1.87570298378,0.963801541528,0.171631155653
1.18817121186,1.18247129502,0.426935858431
1.02723280032,1.49119141279,0.28476734738
2.13919682059,0.710843768572,0.191940448548
2.1542932001,0.622740871236,0.253724542423
1.54357992602,1.1719996953,0.212851727407
1.45064025878,1.3684876981,0.131011375894
1.26732525245,1.3899986563,0.214353678387
2.1364489434,0.717744937215,0.188562028539
2.31993844427,0.507269691312,0.229487242436
0.88758874406,1.4250578467,0.439556147664
1.44763896562,1.40597072791,0.108427781885
1.89141489537,0.758626111103,0.319762737959
1.56742735203,0.873121182694,0.441403686338
1.2461470947,1.45145024272,0.182873029172
1.59029283006,1.2185025127,0.156770171382
2.07458138995,0.592547034822,0.345519558157
1.40409235584,1.20231882614,0.270883768643
1.90849972872,1.03651742995,0.108420991488
1.54318176628,1.15679528138,0.223678035571
1.96178909728,0.784170943073,0.250638670818
1.04202023993,1.30103992662,0.429662414637
1.42580160165,1.00156812491,0.420843499504
1.33408837327,1.28710632075,0.249817960339
1.28694678264,1.14798887258,0.388053689238
1.56035847187,1.01780943372,0.317603623179
1.63364214483,1.23327733631,0.125445537951
1.38790660205,1.34181380079,0.181317295775
1.25026342657,1.45446905507,0.178491826811
2.17791328936,0.605649174225,0.251396827194
1.31674574368,1.33314549401,0.226702266898
1.77820676042,0.986300261998,0.210962733866
1.68875339514,0.988453434902,0.261667514463
1.26916335568,1.04328039493,0.4954204217
2.02263904086,0.556823477746,0.431522473208
1.42119996886,1.32172481711,0.17711019019
1.54550104516,1.00516417985,0.337375304735
1.59688429471,0.891626611381,0.402502246233
1.56834920496,0.902895333752,0.412025391042
1.3477740409,0.996373606691,0.482077817674
0.860805388409,1.49725352768,0.398105769359
1.95887326687,0.57466318726,0.46513075398
0.8967921829,1.40971234591,0.445731227621
1.23461048153,1.07441489891,0.491522427358
1.57148863179,1.05877537073,0.278742773047
1.08944390805,1.45920187483,0.269547401747
1.43317055929,1.2864407191,0.19461213684
1.174777888,1.11931466666,0.494150588488
1.12423742335,1.49490342266,0.221516430363
1.40105457142,1.33210280511,0.180855916224
1.40407357433,1.05354776084,0.389646137768
1.23283571373,1.42751524247,0.207242625062
1.10328444885,1.37512734527,0.325769053228
2.18073680065,0.802750193442,0.104178528011
2.13818174942,0.835281149601,0.108330950915
1.12063172726,1.31475582822,0.362539393325
1.96203888607,0.910657599405,0.158834081395
1.79806950957,1.02163949085,0.175735529275
1.09212891764,1.34907629534,0.35404477959
1.08000826756,1.4287060793,0.299029426035
1.08377363115,1.4141566821,0.307915643626
1.37422455688,1.27404432065,0.236081717334
1.64249315724,0.820730537681,0.438680879404
1.70852730732,1.15054811897,0.139610499819
1.31765899758,1.25560776858,0.282822127232
1.79803293568,0.910597318398,0.254734999943
2.19640856661,0.60889041467,0.234579606734
1.29328617648,1.08774661935,0.436202409284
1.4085680987,1.27212093142,0.218053449874
1.31622227767,1.36427842667,0.205011675161
0.882772077411,1.3876425339,0.476613240674
2.25827398621,0.521976322457,0.267287749301
2.12631647506,0.644748541589,0.254751346558
2.16599321016,0.514309433532,0.35630144544
2.27142113052,0.623545616575,0.168096307373
2.02868422513,0.80435600765,0.193052008503
1.74290342233,0.765765767711,0.420138290381
0.976422141478,1.36666778355,0.421846228817
1.68806125903,0.815278685629,0.410686648106
1.46001187304,1.12098392744,0.298668522793
1.64678770905,0.772814127239,0.486323591051
1.88264225239,0.915049224122,0.201089779841
1.83048872982,0.974271333124,0.189745743708
1.19163635247,1.33604010774,0.299367130349
2.03705088621,0.602026158812,0.36576463452
1.07927798039,1.35922218299,0.354576915848
1.91281567291,0.643931665668,0.419799882304
2.10084302671,0.500777713062,0.433882543696
1.59895902963,0.932590104115,0.363999064099
1.20540345673,1.49035568472,0.17809766912
1.72753151238,0.785227799476,0.411736563832
1.79978034962,1.05212801666,0.154890804635
1.98135108838,0.959421944733,0.117443181638
1.39610764449,1.28498033198,0.216000639535
1.60829926063,1.1764753484,0.174845043732
1.09888790567,1.45137158488,0.269575689222
1.63370973297,1.06338724496,0.238732967524
1.37242500502,1.18879007776,0.300162052247
2.15485013367,0.617286372736,0.258236339051
1.89664316995,0.959457462528,0.16296121556
0.940239359508,1.45015167995,0.378022893152
1.48182485339,1.25218714477,0.191624329578
2.29058274843,0.627064230878,0.152036413074
1.92676136048,0.93497646113,0.162454307033
1.60755969193,1.17443354161,0.17658640665
1.78849430222,1.06854825558,0.150306358106
1.57633850579,1.15559107168,0.206128022544
1.19109177639,1.35630345039,0.284260692221
2.34742098611,0.546377532741,0.172495212237
1.50995861228,1.2087949145,0.205960475702
1.61045048999,1.07726625996,0.242105451822
1.63656260273,1.17088767996,0.16366576657
1.24909494446,1.19200511408,0.376694766929
1.56421970138,0.912837873789,0.405632289874
1.47325227675,0.906052997133,0.478098912438
1.82861487163,0.766138086133,0.357094266829
1.1577309559,1.44332740524,0.239561995758
1.36543793158,1.08536538849,0.38833130777
1.8232187193,0.827149958702,0.305989980188
2.33165350559,0.548193621259,0.183310488447
1.46625234982,1.0991192113,0.311824482874
1.33781724314,0.992553077365,0.49328102199
1.95043815574,0.564776506093,0.485870630439
2.10867820927,0.760202800627,0.175303800786
1.88390186883,0.781490974384,0.304631848997
1.75739959094,0.964968004842,0.238368155276
1.53127632411,1.291248413,0.140054524921
1.1607249058,1.38467856505,0.281595238909
1.02760751138,1.35407676997,0.394980194734
1.05798449383,1.49000681756,0.265893322696
2.0267233406,0.664043841477,0.310317676246
1.05674300003,1.32287373337,0.400326067074
1.17065388565,1.11771053484,0.498814379758
1.75266047192,0.891564659871,0.298158927827
1.21559060613,1.48343577554,0.177321277004
2.02614174779,0.808473662683,0.191639508817
1.77491332738,1.15329829788,0.104828825415
0.779368818308,1.47845408695,0.481486437811
2.0014775687,0.642085440553,0.351344273608
1.50112092322,1.01172198164,0.360774155503
1.05065953228,1.3014101507,0.422997652065
1.25886339023,1.12840169336,0.424343792343
1.75943977144,0.911389069547,0.277937340187
1.92188943244,0.754008615085,0.302758032452
1.01295739929,1.32220247688,0.432897009154
1.31234289615,1.20038972677,0.328611107868
1.35074516909,1.07211058916,0.409873512695
1.68829355002,0.737198394914,0.493659231503
1.12651003017,1.20877114929,0.448336883106
1.66987584695,1.21656114236,0.117889499463
0.942003507051,1.41405187477,0.407141926615
1.77950211722,0.940384166403,0.243444930875
1.41682532544,0.957421129738,0.4689399353
1.8397345505,1.0609079935,0.12857456514
2.05762069519,0.856217420269,0.140555203405
1.53276728372,1.31546407894,0.12388576328
1.91011678382,0.928886070239,0.175829582061
1.3030952842,1.47117159182,0.138729354781
1.32380395738,1.38380962222,0.187252650005
1.60007196329,0.919414318238,0.374903815198
2.15057548638,0.510354840313,0.375072413278
1.89016610361,0.780216641293,0.301489708096
0.926661328655,1.39941245921,0.43139588098
1.96309053532,0.672539723143,0.349722674284
1.39022539623,1.30004617194,0.208757851733
2.23773156981,0.501514112369,0.307003828525
1.51883931435,1.07432193089,0.298753892862
2.32475258092,0.531062700287,0.203540516443
1.98099930224,0.797387508899,0.227943717106
1.44950248611,1.36085144836,0.136535412555
1.25279450247,1.25411721888,0.324193589885
2.006549707,0.728524632482,0.266700921608
1.70569512313,1.04476532632,0.211033427449
1.19339432273,1.1864120189,0.419801851161
1.52902118129,1.18130308611,0.214453752671
1.99036167916,0.663580784992,0.3380420328
2.47012713603,0.509784231428,0.104031433641
1.50118816461,1.13807531636,0.261178520847
1.1226666773,1.23057882005,0.431948942604
2.02155316921,0.764193409399,0.227683282068
1.29014123319,1.04123869375,0.481658349116
1.34309135808,1.20371496631,0.306749357634
2.31961741673,0.542283682744,0.197828136414
2.1085603516,0.830054254743,0.128349243121
1.71092796163,1.13053340464,0.151068263946
1.60757373448,1.14730318644,0.194741246115
1.65584511305,0.807907166477,0.441855351698
1.37014595773,1.24069827179,0.262602238443
2.20321741819,0.607814217846,0.230432575727
2.32488277527,0.536956743849,0.198254572415
1.54940692129,1.23977234546,0.16410720108
0.833658845666,1.42968394143,0.479358608257
0.951237318166,1.42944935351,0.387269719754
1.02771160747,1.32565617607,0.418997781826
1.5549712322,1.2337622243,0.165146974951
1.3167225126,1.1138209161,0.396949421665
1.72666935688,1.16695217199,0.120302617514
1.83801992039,0.646631963782,0.478415862251
1.60141504405,1.24763636297,0.132506886783
1.69139032817,0.778935937725,0.445251787858
1.86553947939,0.904172689763,0.218907156591
1.99292748098,0.738272442125,0.267727244448
1.08675607635,1.34611070997,0.360108926025
1.40863987599,1.44889615113,0.100069131648
1.56157939793,1.12512563062,0.235711035741
1.8376617614,0.823783648296,0.299288968691
1.14327119896,1.33138432264,0.334064993049
2.02091688161,0.911679923804,0.12572901668
2.11804818194,0.510291613079,0.405017187494
2.02867414092,0.562621565544,0.418904521675
1.92862200837,0.925307094902,0.167831850251
2.15533103974,0.521008017362,0.357824535991
2.29726738444,0.684038271664,0.108491882648
1.705931301,1.02212930629,0.226873593031
1.61368991755,1.13427644075,0.200266845901
1.60918521799,0.977475395729,0.31938422496
1.76344954963,0.729647691747,0.442744123533
1.21511491757,1.31018788513,0.304481374928
1.21289279231,1.117124908,0.467641282161
2.01588621175,0.608564075227,0.375795521756
0.762576848741,1.4757020995,0.498749777869
1.00919594005,1.49092156161,0.296859167756
1.53918731412,0.992898537202,0.351722030227
1.49662271864,1.0812249017,0.307044719872
1.07465448577,1.44387040723,0.290732942428
1.7611349114,0.837824032135,0.33832619227
1.45923997367,1.11949797737,0.300286399497
1.8256049932,1.08742604694,0.119481108314
1.71670124859,1.07677462759,0.183125902978
1.74011442278,0.795130184098,0.392736539522
1.14477303141,1.16106591706,0.477896588157
1.56273125076,0.882734150921,0.435372910101
1.43080809478,1.17251175849,0.277199988791
1.54966799432,1.24358195851,0.161479301649
1.76259529881,1.13519098083,0.121890725751
1.47943861739,1.1406503296,0.272081107185
1.87637374215,0.917589587865,0.202936961678
1.80281552623,0.740748875267,0.400980801473
1.43260930745,1.30768878162,0.180490206482
0.891869915428,1.46252984033,0.403833362019
1.88082626499,0.764401269743,0.321915144755
2.38259623531,0.542409298402,0.14833140244
1.32374930106,1.4295585047,0.156016032069
1.13417829429,1.31372679149,0.354230826562
1.86261645782,0.932118251749,0.200668062643
1.70253884168,1.04187338381,0.214829808146
1.58301661926,0.941314233345,0.367047834041
1.42833367706,1.36264191625,0.146169677238
1.49753435546,0.895309356379,0.47081282425
2.10822045328,0.530716936442,0.388068629072
1.32372859468,1.30730099965,0.241216108567
2.18252490549,0.520809847313,0.333986619831
1.53882951594,1.09726700235,0.269249769179
1.79793075816,1.08295463196,0.136316893964
2.07434145066,0.560774094253,0.381509103301
1.76061332266,0.843872962498,0.333343544959
1.28899187911,1.08309034688,0.443478840399
2.02854172277,0.603552829816,0.371023792191
1.14428462798,1.18931670748,0.452619105719
1.83426803608,1.00173556914,0.169216080428
2.36516347597,0.511903317353,0.187353448065
1.35279765156,1.21271757525,0.293896549813
1.49641358207,1.22037758081,0.205415865889
1.95102058811,0.616133923445,0.420563381795
1.3558613622,1.13577143459,0.35252360919
1.31721927167,1.23121080454,0.30159398644
1.81204895734,1.05896626437,0.144094070811
0.863494192408,1.44227949018,0.443645804789
1.93577898189,0.607863604262,0.44328095538
1.87618695432,0.866985231404,0.240111534219
0.991974098157,1.48305433416,0.31466414119
2.04107028103,0.616200587195,0.347259468628
1.28147584778,1.17490124999,0.369233426511
2.01680686322,0.776012144023,0.221587119971
1.54421418957,1.06030917916,0.294090924679
1.47182582373,1.32860069029,0.146141734353
1.5151126307,1.15315884773,0.242154384836
1.77229418023,0.95606368863,0.236124450497
2.27838534822,0.602493163967,0.179416816757
1.8330397877,0.734922784802,0.384362351403
2.09488094923,0.572655086579,0.350539285752
1.37278841509,1.13541908266,0.341883967692
2.00679272677,0.584745788037,0.410825584257
1.38437824972,1.44001011547,0.117853939466
1.60376628499,0.876785260948,0.411651395743
1.70454077504,0.896473227988,0.325210459299
1.71261186597,0.914957113474,0.304609429607
1.53919521269,1.05535842368,0.301018065198
0.831992785114,1.44949061297,0.462956764356
2.12208878648,0.618512829524,0.281892302669
2.01683509557,0.641606247702,0.339927375094
1.16025770488,1.46114107415,0.224971055685
1.48553181613,1.27194715402,0.176350183461
1.1234184863,1.36821646546,0.318020380523
1.1696910297,1.24855399257,0.383538037247
1.48834097476,0.953629885906,0.421018182561
1.84992014119,0.780711982913,0.328627068439
1.5878600066,0.834781398509,0.465099907714
1.13675330289,1.34442300791,0.328025771581
1.77300253629,1.00490502457,0.200933631519
1.62021794819,0.849677667549,0.426077632881
2.17049826922,0.650895922428,0.217762921879
1.58245606114,1.18714817511,0.181470884312
1.30749170537,1.38910405968,0.192527857682
2.16414803963,0.600112962034,0.267021374278
1.4403617207,1.06357440921,0.357027908152
1.55380661993,1.26984725424,0.142366951407
1.61684077585,0.851006282096,0.427223415083
1.98643025598,0.954683271103,0.117660529977
1.35350339996,1.11255650904,0.373273340141
1.4974223678,0.936632559231,0.430513246949
2.20442702654,0.760684122648,0.116583889088
2.23222041359,0.632155752574,0.189155917716
2.09995926789,0.737383438558,0.19753524797
1.60992815296,1.19001888517,0.165096714471
1.11012820016,1.36948177945,0.325719471225
1.83805392998,1.07810121847,0.11888499279
1.26738836163,1.10481369596,0.439293262616
1.07058360622,1.40472287174,0.324021207085
1.40270842,1.3147811785,0.191758494904
1.12787637094,1.29222948824,0.376043618444
2.14220020832,0.59367147401,0.290283796747
1.25391324793,1.05947145498,0.491295985308
1.21136155572,1.48636974482,0.177599730649
1.43770914894,1.39637409606,0.119492599638
1.15196800952,1.34362509546,0.31876022367
1.73496405881,0.996268482229,0.228702067526
1.38756970936,1.44223792435,0.114803255142
1.24685968038,1.41005987976,0.211705956919
1.60541788349,1.10012629281,0.228612819859
2.24467275095,0.599838341756,0.206374337432
1.38507607154,1.24085182932,0.25375529491
2.26028822693,0.546939522138,0.241194208341
1.20742931331,1.19314548088,0.40418215197
0.984978277002,1.45372358204,0.343066993221
1.72225115111,1.05962336634,0.191644674621
1.49140645052,1.32014827897,0.14164806838
1.72313452464,0.960742630084,0.261977593841
1.98511487414,0.532663641778,0.498628222637
1.68369205063,1.05164709273,0.218601187437
2.00753114801,0.566869727411,0.432140485533
1.82113723308,1.07266293381,0.130824016015
1.63310071546,0.784828658697,0.48376307186
1.75583463083,1.16223503418,0.108789882159
2.0995500336,0.5891864124,0.328850198582
1.62100245769,1.0344325613,0.267508430187
1.43788648037,1.11118588148,0.319996647007
2.25970276505,0.504057260325,0.284779565808
2.07620041875,0.565635830874,0.374235743877
1.76047480356,0.819245437144,0.355519635244
1.65017674632,0.961290121659,0.306566138157
1.85416777792,0.655904875002,0.453824535284
1.98394155114,0.886458723712,0.162527723867
1.89690525235,0.864138475001,0.229571338331
1.03716214977,1.28323515665,0.448824541954
1.47614419296,0.942251269636,0.440409920744
1.3354632945,1.0306370869,0.45837747011
2.30412508731,0.643395142811,0.131126928422
0.95484267054,1.43493941278,0.38003533547
1.62855692305,1.10599133974,0.211527883516
1.63642350633,1.08771985974,0.219877911851
1.41629495785,1.43450307907,0.105563532376
1.56740215266,1.17349792619,0.198763497861
2.01807644834,0.597243452461,0.386730266319
1.26843058619,1.18875992298,0.366471778993
1.54598166994,1.15521136212,0.223221948394
1.79365412052,0.73843188334,0.410259215105
2.0383718531,0.829495648573,0.169518027202
2.11391693969,0.85050729853,0.112528443114
1.20331136781,1.48796214884,0.180957674241
1.48056981735,1.07575421959,0.321365376754
2.09816839341,0.829015096202,0.134971365361
2.11836062995,0.569045839903,0.334974711457
0.882553677854,1.45298652538,0.419233567201
2.1506208417,0.7140486445,0.18207215083
1.50081036078,1.03091621253,0.344889213554
2.09594142316,0.827082116183,0.137504257998
2.29566782413,0.646345278982,0.134780203602
2.10945189346,0.750352392184,0.181901585901
1.78297924795,0.696472956497,0.464458996483
1.3844061336,0.9777071815,0.473082467924
1.76626699856,0.824505790645,0.346738637669
1.69320557404,1.14886098401,0.148513985673
1.45475598024,1.08331508337,0.331601024225
1.40352615814,1.07665316799,0.370283887115
0.958053784623,1.29596727253,0.498887271939
1.18026726052,1.16894116629,0.444551683247
1.8096260504,0.771684689498,0.365388574138
2.00590247773,0.81689999953,0.197909932312
1.71008979065,0.843447542912,0.368237682811
1.42036908265,1.04809564489,0.38337240375
1.7005817667,1.11443123763,0.166868855831
1.57181144621,0.975482767555,0.345101742764
1.91913466952,0.826781226983,0.24429165513
1.45671244289,1.24637153943,0.209289530519
1.20200539334,1.32337523881,0.3025768548
1.76717068249,0.695965566942,0.477840178951
1.7777140417,0.86752894409,0.301844122637
0.947889691229,1.42043956766,0.397328994139
2.35579065077,0.600550299938,0.125324944129
1.71941085333,0.795399319565,0.40752190017
2.16478308045,0.508906662833,0.363936990228
1.34931079442,1.08382556309,0.400614751424
1.70541352132,1.15192972141,0.140325094364
1.9754633599,0.713749210639,0.30131789181
1.37912472889,1.46592891431,0.103589064244
1.02104725564,1.48048748294,0.297199353159
1.48995417264,1.30708497604,0.150870546532
1.279209079,1.18062447657,0.366019413028
1.93144274795,0.668048071977,0.378594914397
0.990430469733,1.29598789093,0.473223218533
1.60214862557,1.10807899697,0.224836316883
1.50112105564,1.1297040924,0.267401695606
1.67937891251,0.973013072949,0.279155076877
2.08639870939,0.609441664203,0.3184097541
1.304946925,1.39473807453,0.190013817497
1.4925225682,1.10744389375,0.289285634376
1.54712970994,1.22968546235,0.171934311411
1.74619667212,1.07682741514,0.167270512999
1.46693862228,1.13874510486,0.280953191119
1.29389633426,1.13494683974,0.394413763229
1.94331829077,0.822608942701,0.23232516554
1.13337866649,1.33426792241,0.338294284053
1.83722301461,0.871437759413,0.260820841001
1.36753286466,1.19614002352,0.297533487589
1.40368778263,1.20767065142,0.267163662231
2.17617920831,0.548888099285,0.308452750897
1.82446007555,0.713046960965,0.413474540372
0.952930039239,1.40819282075,0.403949367477
1.48167836245,1.00029895993,0.383571050358
1.47542812474,1.14921758993,0.268086038673
1.47793933516,0.889607416287,0.491405280262
1.31664843234,1.43700964057,0.154720938101
2.09847291204,0.630869152344,0.288111557054
1.73468684781,1.05891499416,0.185330297846
1.43324821972,1.23960190602,0.227084911703
1.97327926632,0.554630190684,0.478871462132
1.98564311868,0.865216128786,0.175923822332
0.962896262941,1.41671414373,0.389393074626
1.43934384416,1.22634095046,0.23303244086
1.59515343063,0.877413342647,0.41719034423
2.2788876178,0.566911882123,0.20845165157
1.42405857707,1.14115072628,0.30514106577
1.786915958,0.791487866318,0.36277193442
1.21632394838,1.42513200036,0.218403023244
2.07864364394,0.861048214438,0.125634395445
1.14717169258,1.19426941652,0.446090025784
1.65381080993,0.78756362464,0.464765687429
1.61841940492,1.15631173973,0.182849164652
1.74328902285,0.820739390293,0.366105278814
0.987476831665,1.41131469781,0.376069795438
0.98987929539,1.31803835217,0.453999493289
1.40547490673,1.33214121873,0.17846523317
1.03697862472,1.36976503055,0.375259380929
1.84936386123,0.696662190339,0.411768013133
1.38302863006,1.33024101372,0.191853311107
2.20345234815,0.714459997312,0.147800253123
1.92938339097,0.795592760098,0.262508277052
1.37311467192,1.46027527398,0.110256855433
1.73267799887,0.701245343186,0.499802435442
1.46822772809,1.39620699566,0.104555840498
1.19623016779,1.12628969875,0.471518209967
2.04497720502,0.647981773857,0.312099320851
0.984064678136,1.27558838556,0.496782085549
1.57797797297,0.91735663078,0.391901395711
1.71261406644,0.766401784358,0.442357946491
1.39552290827,1.11044061864,0.347516915141
1.75789373832,1.05044037766,0.17839426334
1.04526696223,1.40534780836,0.340555655248
1.06459463956,1.25776798615,0.450757562468
1.88966674449,0.953212659901,0.17094920569
1.26063845885,1.22227520204,0.344385785728
1.47295561357,1.35822322442,0.126425955333
2.21225358196,0.770355593299,0.105883016831
1.14352413459,1.34458778072,0.323479081386
1.73218684593,1.08675810807,0.168221782096
1.83585739385,0.672159998425,0.449796115191
1.22038449535,1.36477934087,0.260054347684
2.19383569481,0.57808245917,0.264726777541
1.51265476953,0.898619243868,0.456299069876
2.09959333862,0.793554110764,0.157629482649
1.67173646541,0.869230448036,0.3711442808
1.63768414031,1.08540417179,0.220795549548
1.32163005191,1.20757137267,0.317119754511
1.20879957439,1.37656165599,0.25828596218
1.36014929675,1.21977952175,0.284100982559
1.04322052595,1.4389524366,0.31517277169
1.67526872238,0.803341129419,0.432057721267
1.30884673907,1.15185390767,0.370142636819
0.920943821182,1.42610949662,0.41276824716
1.97603264537,0.834468981593,0.203337256338
1.99674023803,0.811456194185,0.207513400246
1.80414296061,0.702113766417,0.44119830011
2.1967219364,0.721726251252,0.147053272895
0.976210750206,1.34585103169,0.440027218745
1.37014664773,1.03759841774,0.427165200135
1.19895999338,1.45315386101,0.208244092244
1.06275160279,1.47306797114,0.275854909413
1.14935797457,1.35051952761,0.315059861788
1.53413277829,1.35034059893,0.10135576007
1.07866459705,1.30633290474,0.398634422389
1.92709665235,0.623744143238,0.431500873017
1.45876402233,0.987424048813,0.41071045655
2.15507141121,0.800589580463,0.120290648224
1.64462661588,0.811970599529,0.446062065392
2.03868634729,0.902183544644,0.121976312118
1.83327007459,0.762299561173,0.357413670711
1.440731834,0.97097258398,0.438594706273
1.45307325125,1.16154693033,0.272146037308
0.967077956165,1.39021345834,0.408692512589
1.68273482309,0.835222639262,0.395159136496
1.99482064817,0.692342463328,0.307081470289
1.85887014116,0.698457444377,0.402499867529
1.09616835097,1.43273209974,0.285538181613
1.45540716735,1.01947884579,0.384561645578
1.98083690174,0.887147498748,0.163833726871
1.12553573681,1.46511700031,0.242801886097
1.43863978911,1.41465072176,0.107304350671
1.72363352265,0.990181101959,0.239718591261
1.54862577906,0.975829103482,0.36003887115
1.89722082924,1.03929134395,0.112465694936
1.466688218,0.90648323744,0.48258962737
1.46976399118,1.20927825893,0.227939367076
1.41389078441,0.956520048872,0.471988835981
1.93348242421,0.576357482061,0.485560492206
1.22932433584,1.27042897817,0.326375438475
1.47508402228,1.38878139913,0.105910273716
1.04542210992,1.2313012033,0.489214118848
1.82579990136,0.769849771265,0.355587554192
1.2333157316,1.29772444936,0.30265800143
1.12130681306,1.27498777903,0.394934521084
1.72709537134,1.09370511951,0.166382428678
2.0107894395,0.640069960371,0.346185264099
1.58018076845,1.28014989501,0.122638850892
1.09501669243,1.45362615185,0.270290102558
1.92225240173,0.810684664999,0.254979688324
1.16655891982,1.43452713395,0.240774476257
1.47136142817,0.941805665293,0.444281007845
2.34849415616,0.517279276356,0.196370256241
1.99401410831,0.670197555027,0.328764876601
1.4500771846,1.18170234243,0.259036494569
1.31914876366,1.26028011856,0.278422991604
1.78459003722,0.978689337862,0.212681185104
1.70411530645,0.830913777776,0.384097395521
1.84654460376,1.07136983298,0.118694084931
1.69972227284,0.962279436322,0.275026460782
1.4686080146,1.36545897032,0.12395633951
0.922678924179,1.47737391942,0.368213916633
2.17409368878,0.793602102012,0.113660176747
1.36955114336,1.01366214833,0.449622928389
1.97001226084,0.633782708434,0.385035716726
1.81615844671,0.690197820864,0.445025048292
1.64000695467,1.18847279606,0.150531184023
1.0038007869,1.41717012404,0.359654028166
1.31880740992,1.18008385142,0.340630578659
1.36635592029,1.1135997804,0.363912467925
1.39511125132,1.1322469714,0.330201712584
1.52394655998,1.33434123699,0.11632847438
2.13245187217,0.694056237142,0.209365028911
1.10476958668,1.47187782918,0.250425983851
1.20026438751,1.49091953532,0.180564787092
1.08619334591,1.36856476448,0.342369704193
2.30158843061,0.605449029883,0.16035314235
2.22449169167,0.727138359021,0.126075300763
2.02756501586,0.645768145269,0.327493433058
1.47687590342,1.3510914536,0.1290413992
1.43293628875,0.957300161946,0.457246829846
1.675712466,1.22753598251,0.108317112263
1.71835140378,0.832017589749,0.373056806634
2.00757242248,0.582581388331,0.412758567391
1.09288324919,1.32192731751,0.375685285645
2.06359518921,0.714839744782,0.239272813551
2.11849701385,0.568707164387,0.335229402811
2.04655366428,0.83777566297,0.159086222669
2.05950700436,0.724578802965,0.23411427221
2.22050428415,0.636671923027,0.193877732452
0.969902718101,1.3100821273,0.476611633983
1.30937855148,1.22430699287,0.311774843506
1.55414498,0.967914214909,0.363190472385
1.49328418801,1.12210399898,0.277724960999
1.66688038522,1.02055709987,0.250689151189
1.31098189079,1.27889837198,0.269457318612
1.33041635364,1.46174434835,0.130908832937
1.07553636164,1.35978135095,0.356678258589
1.25201490144,1.37842030394,0.231426755426
1.74078073825,1.01079509329,0.215021306415
1.87890106557,1.00702815344,0.141860274072
1.50738448183,0.968858601111,0.393906952759
0.936907672817,1.41264625777,0.412178875781
1.57230308876,1.28760153798,0.121862023973
1.98229671348,0.580190197255,0.437484491385
1.55785108804,1.07147362405,0.277299082333
1.40063163073,1.21961482714,0.260177227255
1.40175267809,1.093452594,0.35742669907
2.13463170512,0.775738279632,0.148604434516
2.01945626109,0.834012796894,0.177605259902
2.00177954499,0.696524571274,0.298216104768
2.19074833252,0.743365370889,0.136130643443
2.19604823639,0.791314132069,0.102396247511
1.8487257981,0.770706653127,0.338588183833
1.23670709286,1.15475846733,0.41683296741
1.6671005261,1.14759977764,0.162857011776
1.60579500514,1.25957269405,0.122841652191
2.04242760167,0.925478596569,0.105767531902
1.73120589074,0.853193511131,0.344969682664
2.0604803157,0.689218026905,0.263004723132
1.47008972155,1.02176567258,0.372751804127
1.29930646765,1.28843397693,0.269357884944
1.6491840006,0.954914611231,0.312362425528
1.68455377264,1.05787286061,0.213752257104
1.35121830989,1.29957923344,0.230981449717
1.76251552947,1.09874442383,0.144625348119
1.54810377063,1.06597416243,0.287360764707
2.04377447445,0.564362700312,0.403606255204
1.50108619146,1.02923741665,0.346102360779
2.30288154579,0.567587716076,0.189414423906
1.4199709502,1.08792984445,0.350140305179
1.72068178258,1.07992286602,0.17888007247
2.23583289723,0.572685064792,0.236801157421
1.32861750686,1.16020687008,0.350321014821
1.12681135562,1.33479442504,0.342228887828
2.04194106685,0.658577291431,0.304208489836
1.51527767142,1.05532660165,0.31588287052
1.29010159013,1.1336949739,0.398073407918
1.55375877847,1.09518647819,0.261988174292
1.34859699131,1.12951166387,0.362406154134
1.62229988778,0.835002931125,0.439171983861
1.74034706301,0.840786553264,0.349829452416
1.36195450169,1.43125168236,0.134990392459
1.04704910603,1.36462712334,0.372424964278
1.39328649978,1.07056745921,0.382268057668
2.10948348128,0.585528821414,0.324657743812
1.49269333491,0.871821585832,0.498726502731
1.39114894283,1.16215336188,0.309169286297
1.29167243699,1.15156938337,0.381848733282
1.74260739898,1.06640254876,0.176050186225
1.83243245453,1.04032898382,0.145239581311
1.09026804598,1.28417048795,0.409115538591
2.17761665578,0.803876623149,0.105270915229
1.85564821989,0.789641058625,0.316714421868
1.4260626424,1.12876254159,0.31354392381
2.0048489141,0.696563561582,0.295980932048
0.761506137611,1.49032864738,0.486284632575
1.21624387436,1.39495600538,0.240326522478
1.4256032479,0.992329327485,0.429454958417
1.52242521444,1.05839910485,0.308997276416
2.2160448281,0.600059165837,0.227580346476
1.08481276555,1.23797552325,0.453226751332
0.977061862786,1.3076217127,0.473206317824
1.76960208854,1.12735975156,0.123188714512
1.91977721345,0.889615106013,0.197382105477
2.13231995888,0.554318550076,0.339460124945
1.36568627038,1.09119388061,0.383185462388
1.32882460877,1.20423801903,0.315214061323
1.11522445591,1.37634863378,0.31698423815
2.11137866691,0.868842325777,0.102774302659
0.794521217268,1.47687364033,0.469885841909
1.28582634736,1.12851218978,0.40546745139
1.89522377087,0.933455917574,0.18113887567
1.04674608617,1.23643882439,0.483483323648
1.5972279978,0.866241499952,0.426505145097
1.23713139385,1.31471082508,0.287348269103
1.80802637485,0.759710871464,0.378133715503
1.54765773414,1.19511908383,0.194780553709
1.41998076262,1.25881206026,0.221008243643
1.70252667781,1.11968169596,0.162428949846
1.61430140093,1.15065219541,0.188847029717
1.9793761893,0.866683162597,0.178565182515
2.30099487741,0.651900500598,0.127376713949
1.9364795196,0.715441326091,0.327646137966
1.17865757664,1.22694764306,0.395453879289
0.800107071377,1.44088480675,0.497785809125
1.10370487381,1.30210441825,0.384573775265
2.01754525009,0.703049212743,0.281142618063
1.11800462407,1.21050412669,0.453060078432
1.63489436111,0.893750640568,0.374198365382
1.94741886526,0.571159706272,0.479996676528
1.333115627,1.13493428772,0.368113964268
1.62783557395,1.19697141412,0.15132883558
1.64501364195,1.12417184083,0.190090686408
1.90762890455,0.898580499683,0.198158274283
1.58217511568,0.931731715464,0.376077225334
2.04082055973,0.750850044834,0.225592521565
1.77685197959,1.02665986068,0.183969635951
1.10032430343,1.30958062149,0.380723931361
1.37952260893,1.35220257882,0.178757961489
1.37548637402,1.44973960254,0.115955572297
1.13982310526,1.26350083851,0.391660081079
1.43333364332,1.08956970368,0.340197800924
1.45852232763,1.31755619055,0.160247443475
1.11503316193,1.39023844576,0.3062713269
1.59863325191,1.11346099215,0.223024246815
1.36040435876,1.0518902568,0.421119586525
1.14932517716,1.26733028062,0.381908319182
1.1418954966,1.47833377651,0.223223510213
1.16046503553,1.37281583347,0.290788689938
1.51471925394,0.972956905426,0.385260809184
0.978408728083,1.3325574788,0.449994274695
2.00401906176,0.64985010501,0.341424778209
1.28540167968,1.37763938728,0.212887291745
1.20561592023,1.28989774358,0.326293305204
1.94613468765,0.657022770408,0.378828251225
2.33808375384,0.611706446012,0.129931521498
2.2109440405,0.726758171189,0.134730709714
1.587214751,1.08306331652,0.251344433765
1.46789126659,1.01617653434,0.379034714629
2.3161509192,0.66900356629,0.10608218572
1.43830282586,1.02358524081,0.392549233425
1.91964741026,0.916529934082,0.178809091954
1.49964389816,1.12386593269,0.272620581752
1.85622063262,1.07457882582,0.111880388037
1.31030175907,1.49005828134,0.122307998245
1.24964341455,1.33143519614,0.267206073098
1.81741908978,1.08189429729,0.127014995568
1.08010886284,1.44546707343,0.285995778834
1.21590463803,1.30331356617,0.309285527417
1.63710697719,0.822330213872,0.441051102456
1.59471464968,1.16974981409,0.186550886809
0.877802966261,1.41000660198,0.460651440673
1.83489866338,0.924776902111,0.222054300573
1.59381662603,1.12679069099,0.216388779769
1.44659707827,1.40971080663,0.106553027815
1.28647894822,1.34729846227,0.233921409123
1.27120626033,1.08124141879,0.458010825573
1.59561908515,1.25010022615,0.133855287604
1.70965210988,1.10280871518,0.169672102545
1.91455470709,0.620554758997,0.445809081736
1.92751567194,0.663760160065,0.386200717151
1.72719514086,1.03332478542,0.206934957829
2.25514081234,0.58237399652,0.213332167789
1.52685143253,0.962822880406,0.38600475783
1.37512787727,1.45055965067,0.115598974778
1.15058093154,1.38717705982,0.286028862577
2.06373742832,0.749484121923,0.211764524463
0.995434406478,1.27409465525,0.489139703281
1.32581313576,1.24160870793,0.288424596771
1.05492287273,1.25317633124,0.462110103004
1.48611621245,1.14367269332,0.265894776146
2.30586657674,0.580833648071,0.176364967574
2.17299337661,0.748297553272,0.143734428517
2.38274403735,0.605966242327,0.102774950584
0.884982601641,1.37035322321,0.490436612836
1.94116487601,1.0000163217,0.113709838897
1.58584129094,0.896242216896,0.405943195358
1.73376654121,1.08528856584,0.168344141198
1.23202610902,1.35235160091,0.262272176827
2.01190166881,0.69515074009,0.292216491619
1.30823644097,1.08123540766,0.43145995147
1.21420862989,1.32515236514,0.293588888152
1.86392844322,0.744984002386,0.351913591082
1.30783880728,1.42142212985,0.170040473744
1.52063787422,1.01665755553,0.343894049923
1.78307730867,0.713862603573,0.444747378737
0.901316120607,1.45975737303,0.398986010729
2.01977127192,0.703318458992,0.279336689964
2.11903162498,0.564753530114,0.339102996844
1.07684522848,1.31813200811,0.390032462714
1.30316501624,1.3267243071,0.239099926644
1.65570415186,1.25602988202,0.100686485222
1.30109197015,1.17157959606,0.359014652517
1.74411137715,0.804331998694,0.380979603278
1.69536969305,0.984081461289,0.261002197859
1.44340006466,0.976699329834,0.431337959045
2.20755374856,0.584190127541,0.24827885691
2.04068760777,0.930795499563,0.103503429101
1.48079203944,1.29726728131,0.162042768867
1.39724743872,0.96741495545,0.473627657757
1.40227791213,1.2401814524,0.244290552447
1.71833088858,0.783476949899,0.420317832238
0.904754938998,1.49871955447,0.363626283365
1.6953188746,0.825488831276,0.395516289992
1.65833084659,0.789877509285,0.45883464311
1.4885160879,1.24202856514,0.194910169852
2.23647163226,0.742369458869,0.108969766235
0.937137746276,1.37330512849,0.446058284257
1.25707961007,1.42209019683,0.197418408061
1.61250219119,0.988111629636,0.30868487367
0.895361374786,1.39338662271,0.461293854265
1.38105645505,1.35819818733,0.173874160159
1.73728271287,0.793054227077,0.396820506565
0.928246014073,1.40313421906,0.426953184631
2.1898446663,0.70381149635,0.164032936549
1.10961266357,1.17693042146,0.489912577376
2.42037318773,0.529266123398,0.128979091305
1.30322538708,1.1249488557,0.396604987522
1.82226247217,0.984697126742,0.187237998286
0.859252727746,1.42680864072,0.460764785837
1.56389714551,1.2301087341,0.162891685796
2.17476498667,0.697412826431,0.178560920858
1.98090221493,0.610525446379,0.402299530953
1.83321955923,0.987606951327,0.179193445634
1.5802085487,1.23220742425,0.153100846806
1.42336025906,1.3584456701,0.151496299216
2.21872422136,0.51458636341,0.309226382001
1.25086052199,1.21840649641,0.353881884959
1.89660709805,0.728200256271,0.344359299741
1.66755022829,0.935446640478,0.316599654443
0.91302350742,1.44768783484,0.400370768268
1.66504420837,1.16582098865,0.152170337424
1.88939101241,0.838675613655,0.253753954897
0.913376487065,1.49939327494,0.356739962369
1.4631787405,1.20443958659,0.235089334905
1.89307097706,0.971690836846,0.15691557341
1.51611877182,1.04327116041,0.325007986028
0.869032519482,1.44238311694,0.439122173138
1.27653755462,1.09971905208,0.437348217422
1.88991113744,0.737526671072,0.340321699388
1.12131636752,1.270175592,0.398975031947
1.56102853601,0.998110821223,0.333218709692
1.28521048093,1.31450655387,0.258497897217
1.61332852514,1.07644248343,0.241042752491
1.48116383066,1.31252307624,0.15183945059
1.69431818162,1.14917568489,0.147741934406
1.40347432101,1.02824871567,0.412314118829
0.934539873958,1.37781335344,0.444125114934
1.80622458506,0.815667699739,0.32735509493
1.56133928531,1.17689860647,0.199744665952
1.45749188647,0.926475268484,0.469369657905
1.90331966516,0.64303878125,0.428558734014
2.20931799523,0.650428512788,0.190893028298
1.84452438117,0.711947349736,0.399283205521
0.940934864541,1.32958400986,0.481986454238
1.58021721798,1.02265746373,0.30134911639
2.04175218368,0.893144858293,0.125927946783
1.96059462022,0.635005192356,0.39124318653
1.98567527612,0.87926186596,0.166360140837
2.01694903572,0.52373090508,0.481295770127
1.61180021934,1.19530349132,0.160681715603
2.19786568052,0.750313336016,0.127207975301
2.2245612189,0.52630097766,0.291496742664
1.38515408458,1.11347301619,0.351746042853
2.04331775654,0.876210562494,0.135758896908
1.2700038674,1.36658825906,0.229552153158
1.65703960443,1.06646986232,0.223217306687
1.93767998467,0.755067026184,0.290986254567
1.16457179048,1.16684930918,0.457890773621
1.59873731367,1.12178518864,0.21713628415
1.12008971273,1.27844621247,0.392885330137
1.77547052276,0.799447771979,0.363378677698
2.45241675558,0.506355498921,0.120693989544
0.986928553429,1.3944847523,0.390493067449
1.608741988,1.13749082652,0.200776856176
1.26984464463,1.38057463016,0.219630848744
1.71715451665,0.830736327084,0.375089485888
1.41800390666,1.32119182615,0.179173373682
1.40365532464,1.42386373401,0.118712106903
0.946350685654,1.41783173085,0.40068033206
1.15858481991,1.25974962366,0.381845980078
1.36752023055,1.18626506566,0.305117342984
1.51298189955,1.08030046845,0.297705487547
1.06375426636,1.44547766495,0.296542898233
1.61113232357,0.886758810172,0.397056886126
1.25358059147,1.45754636361,0.174526274918
1.41046027711,1.35449463538,0.160828172746
1.98936737897,0.685464551044,0.31751036829
1.24627991342,1.30703211109,0.287536934806
1.43992912953,1.36907969652,0.136041743685
1.55421157324,0.858153460646,0.466264276042
1.97671076908,0.737386425664,0.279557450227
1.34021494759,1.28224419366,0.249781534237
2.20413241943,0.680887563972,0.17131041287
1.08246969905,1.38143208637,0.334587397918
1.39384389593,1.29328902376,0.211457299499
1.25252303029,1.22647793669,0.346290144573
1.89475829511,1.02516441338,0.122304980902
1.35106662869,1.31452510265,0.220469116575
2.09380274038,0.779494392611,0.170856551016
1.55103404832,0.920275663613,0.407958361753
1.64183510566,0.984320844301,0.293418895268
1.58243689091,0.865426709746,0.438050895647
1.21906998228,1.25634966607,0.344165431324
1.53975708372,0.988738981328,0.354870022116
1.56049129191,1.01728022228,0.317945786522
1.72035960576,0.938026818475,0.28123824962
2.10293101844,0.557841421993,0.36044264237
1.80092416261,0.778192954716,0.365401028076
2.24668627749,0.569572450044,0.231143701047
2.0310312457,0.588294643267,0.386189158279
1.62920299672,0.782929683085,0.488905331888
1.93859670852,0.751513762431,0.293451817692
1.64944371598,0.987702341672,0.286080319923
2.37099966358,0.600003084529,0.114983733047
2.12592751453,0.812082073578,0.12985242449
1.54270465297,0.867492951084,0.465323377026
1.04141811766,1.30246141329,0.428876851589
2.03332147797,0.795051249401,0.196952281538
1.18747218586,1.34113785458,0.298073290091
1.2451285222,1.22808681424,0.349821181094
2.2930059106,0.668826030838,0.121212799409
2.22759450579,0.756569153832,0.105390574724
1.19211851818,1.13194839297,0.469352564426
1.0172894395,1.49806094808,0.285918542876
2.19432908963,0.647461852692,0.20373301532
1.98544220474,0.979217793538,0.103391529906
1.57473233777,0.974741499057,0.343821997347
1.24128141234,1.49239396972,0.157004334953
1.57650265993,1.28204271583,0.123271423788
1.41553651115,1.32220819907,0.179804485446
1.44297209922,1.07615355767,0.344949039361
1.30076095924,1.31800896468,0.246802495989
2.09871704769,0.865963292753,0.111455389862
1.83291508424,0.807368652999,0.316573719817
1.78243743855,1.06366595105,0.156618593145
1.79855658564,1.06988062356,0.144212773357
1.35474488757,1.35842511097,0.187880879349
1.95291237611,0.892728072208,0.176020717809
1.38698465601,1.28980314054,0.217714226225
1.24440059794,1.48144605997,0.162912068462
1.88535998172,0.66269369526,0.420710551168
1.19467590863,1.27195134723,0.347657309902
1.68703881926,1.01491260334,0.243025783761
1.69964791278,1.1146206959,0.167238004256
1.49500860901,1.17058381456,0.241146436791
1.05818533311,1.47965771208,0.273705427399
1.58316889374,0.882590366161,0.420791530656
1.10746716554,1.1808494993,0.487921365654
1.23642127279,1.30795898852,0.292908066537
2.14957360929,0.573991305636,0.304159639245
2.11074983499,0.706654732147,0.214057030561
1.50270595447,1.01735437632,0.354975690082
0.865325171527,1.44971852,0.435657156631
0.977894322946,1.43426548168,0.363965536452
1.21853002662,1.36736672803,0.259251590688
1.78695357488,1.10492476201,0.128263717237
1.85648466221,0.621737774943,0.49392005865
2.2867413039,0.529157228717,0.236389546298
1.19796073026,1.16019279745,0.439557442051
2.09940415297,0.593181328156,0.324785512735
2.10498602624,0.635592457385,0.278791701155
1.32392535388,1.26419726555,0.272639949749
1.708189418,1.13347462941,0.150605116716
2.23303650065,0.732190735742,0.117535528941
2.37704760779,0.560369379892,0.138904807467
1.36487860529,1.00633465617,0.459908537665
2.18942576214,0.758996794471,0.126654684278
1.39075702238,1.38458742756,0.151081447027
1.17021538974,1.36379471138,0.291564217916
0.949381176712,1.31905826574,0.484767484088
1.05155730877,1.38644841314,0.35149459693
1.61979242319,1.17463357202,0.170000342589
1.30062264197,1.47127634095,0.139949556769
1.16627647475,1.48617641414,0.203257197005
0.97401566634,1.35373315466,0.434834103561
0.883002179466,1.39566435457,0.469230430052
1.4289442067,1.28676955831,0.196682618951
1.14027464041,1.37248603536,0.303828908717
2.13867868912,0.621623675429,0.266431431258
1.7470388096,0.952950638735,0.253476803424
1.33318110731,1.48909829572,0.111325879916
1.2490200102,1.0672569237,0.487521181965
1.78811049421,1.14580565237,0.102866500333
1.46521666355,1.06386987412,0.340700234145
2.25537127974,0.657467000014,0.154056521778
1.7602877985,1.11002710326,0.1386627827
1.64867075612,0.915412421439,0.345803336421
2.03288115413,0.800397953101,0.193337811316
1.4370602476,1.08790529179,0.339164005998
1.0807529888,1.38039243386,0.336565680525
0.887677773357,1.48604916655,0.387032617452
1.5918813174,1.02969723056,0.288687155994
2.14632442589,0.718532081998,0.181556594268
0.996287616343,1.29103552662,0.473118314558
1.12134390155,1.30118866264,0.373149494681
1.7104943274,0.809145214607,0.400452902426
1.83095653202,0.682025504392,0.442449667351
1.93120039549,1.02264588725,0.105220486969
1.25646217261,1.47426258776,0.161362220703
1.68045746998,0.756229953455,0.478313938401
1.47935705755,0.909429777693,0.470142789893
1.9576717326,0.574593437952,0.466289664232
1.0920274562,1.22021653858,0.463706408161
1.228448118,1.08604697065,0.485094402377
1.68708627587,0.763882624983,0.464694157423
1.62294515398,0.835454860272,0.438240448578
1.31248136776,1.07811499516,0.431262433619
2.0843872972,0.70063453204,0.23676371357
1.30939138782,1.04960847259,0.459580190333
1.08773691386,1.32347716273,0.377975449909
1.78131919812,0.966138133396,0.223515787736
2.09018266368,0.609314773221,0.31556467569
2.1328611517,0.82355042042,0.118598263521
1.49562506176,1.37742103327,0.103073359643
1.82532256258,0.694391777168,0.433060800788
1.8360178055,1.06209993828,0.129742633363
1.01403759322,1.38818156353,0.37626527548
1.2245372195,1.17095544286,0.411312626257
0.99749999179,1.31108951756,0.45430520234
1.49444380635,1.22867221024,0.200802987534
0.971506242286,1.39461474721,0.4016775502
1.35661148867,0.993292290282,0.478506800073
1.11746560526,1.36861077287,0.321593542039
1.71909001649,0.748328011637,0.456825983356
1.6389349843,0.990906758947,0.290037924698
1.12579530521,1.49251681168,0.22234859742
2.17758116729,0.633059727796,0.227590165593
2.0969556914,0.819773477345,0.141680691446
2.12492034514,0.573518731448,0.324757955426
1.3886672049,1.4312470076,0.121422360047
1.47574541471,1.35925094111,0.124374689828
1.26817076076,1.12230890107,0.423165782816
1.92196304544,0.879274868978,0.203441003132
1.16950811047,1.17791427815,0.444368185672
1.50920133663,1.30879245646,0.13995115918
1.29230862409,1.22219977822,0.324145170552
1.29907688962,1.30230225096,0.259260827968
2.06250336687,0.511136646005,0.455910241055
1.03441912618,1.31845250872,0.420251933479
1.26037396869,1.23009777833,0.338309614209
1.01039848022,1.42722139536,0.34686428423
1.06308019433,1.25985611875,0.450042204522
1.97448492575,0.730804807383,0.286811375638
1.43579944895,1.37860901324,0.131938557773
1.65844778093,0.830490067781,0.417206205931
1.39153957991,1.17000180125,0.302863925785
1.72906431101,1.0538559166,0.191816651619
2.18245000016,0.622405851461,0.233162224427
1.87537162989,0.618092564023,0.482250761647
1.25879345991,1.32978634989,0.2629450431
1.570527425,1.21221644947,0.171166970961
1.81764346965,1.03848327207,0.154214189652
1.68420252084,1.11770622035,0.173393339235
2.11177045411,0.819974739493,0.132963173326
1.42223339414,1.02196825938,0.404961678714
0.986665266744,1.49636170342,0.307672910636
1.15021802179,1.22655869825,0.415694835358
2.04586499817,0.791727936464,0.191616925699
1.4533654964,0.931466148566,0.467480189189
1.68227101302,1.0013499937,0.255854781697
1.60166209095,1.2158221503,0.152648266734
1.09399794299,1.24950890988,0.436285974638
2.12814344442,0.831156904658,0.116524891015
2.00434556022,0.855670021811,0.171567046514
2.17252366565,0.614206451777,0.247748944489
1.89306380901,0.825771085587,0.261641699051
1.75786721298,1.08651650801,0.154835154687
1.49714758556,1.30731521534,0.147036343951
1.68786353812,0.906253086696,0.327837683147
2.10015841176,0.520106300738,0.408759176764
0.803480275624,1.48733823091,0.452944974933
1.45951520399,1.07137696277,0.338231317709
2.25965445992,0.549318888455,0.239472005943
1.24173440572,1.42260628262,0.205688387547
1.65932204101,1.01049137088,0.262662328325
1.73874548998,0.877618080294,0.318780531644
2.23710962004,0.586346227952,0.22361864018
1.00821941443,1.34204222462,0.419314610463
1.28591470439,1.04135859278,0.484694669071
2.02971065576,0.910079329745,0.121956025964
2.31595731768,0.655865450516,0.114796652261
1.75782536529,1.0487126138,0.179581954522
1.86483289983,0.698590582437,0.397774261642
0.858457333018,1.45845793858,0.43349615577
2.13869390126,0.635308169196,0.254049611413
2.0892832481,0.67107859838,0.258358283767
1.52401887706,0.878796706753,0.467776062667
1.75189715704,0.90140784562,0.290645680582
1.76337699762,1.12122675835,0.13010685575
0.816691250812,1.4380170842,0.486150785707
2.00645002493,0.783120106482,0.222737896676
1.27351604212,1.14773100981,0.397412387894
1.1510204083,1.42410502223,0.257892645744
1.99216319714,0.923102798596,0.134188667905
2.38577992866,0.584634619214,0.115067429962
1.37028125744,1.45987083533,0.111935870782
1.33109472715,1.442373253,0.143523255336
1.57330037656,1.28709121991,0.121689313023
1.71269280228,0.908578868918,0.309799804421
1.5543919381,0.989683672462,0.34451031544
2.07573956639,0.521691399277,0.429135444621
1.5079898848,1.03595284959,0.336124561089
1.21146644624,1.18704259961,0.406593444024
2.17596335544,0.58195023747,0.275113230519
0.873211719013,1.43699093274,0.440515989361
2.3448359474,0.57001339561,0.155731677745
1.11511310256,1.47983511551,0.238159472088
2.0282491487,0.67668316374,0.297318912719
1.71296758794,1.17457141459,0.122424374153
1.25442982651,1.45252092811,0.177562229074
1.00284251446,1.46393741036,0.322523133094
2.02103879183,0.94327330476,0.106363320954
1.5239885122,1.20939887111,0.19789797567
1.96472512295,0.750003348236,0.276922088357
2.42734923207,0.501429530392,0.144888169505
1.62570136193,1.275299799,0.103412106543
1.60496288723,1.00017128395,0.303771212222
2.13290697835,0.733863350949,0.1789739701
0.840481726915,1.4494934257,0.455950809685
1.59724994215,1.10595663752,0.229103200887
1.47047258016,1.16503543859,0.259338279289
2.17961135306,0.706584984239,0.168677453698
1.763690539,1.01098421527,0.201955352942
2.18027137409,0.595561894164,0.258852037327
1.16368584346,1.38184216978,0.281905115708
1.15765928176,1.47840608103,0.213896572589
1.98020307109,0.918832305772,0.143443758354
1.95205502161,0.798348824426,0.245642484354
1.36293685202,1.34092174206,0.195462645314
1.31338122511,1.23098536286,0.304137175642
1.15416089004,1.43707324071,0.246333465164
2.07152749762,0.546341192174,0.401376408036
2.35556695007,0.550552223615,0.16281432471
1.60494999652,1.01377528089,0.293062751641
1.31265713805,1.32983492287,0.231401657602
0.882855275581,1.47144517481,0.403139206123
1.65743867134,0.761642248189,0.490421589899
2.26069509609,0.539842080975,0.247612253389
1.66128986472,1.1833572794,0.14291782945
1.10740596145,1.44221608013,0.271197308294
1.99168710862,0.618866580507,0.384033305109
2.11815135818,0.561278681691,0.343678442127
0.76633900795,1.4850093921,0.486891470438
1.31038096588,1.4457034448,0.152137486479
2.04260230576,0.534756834081,0.442241141889
1.08086445445,1.28908781306,0.411663718019
2.20388236787,0.768167820409,0.112176798234
1.225536534,1.19837945613,0.387306217562
1.81845013432,1.10023892277,0.115284407744
1.5428655916,1.26868362659,0.148682534441
1.94752394952,1.01568708327,0.101093123394
2.00148426262,0.77585101185,0.231540665633
1.92832824164,0.954628782363,0.148790452626
1.67211727765,1.07197699628,0.21088773266
1.22274386548,1.08201962456,0.493215772519
1.98275155042,0.602662607318,0.409895286204
1.13635447236,1.15571464363,0.489226736845
1.82563657778,1.08905436545,0.11847345812
1.36694491452,1.13361891221,0.347100881219
1.74160621837,0.899089573986,0.299072301308
1.38946042501,1.42095456074,0.1277560707
1.89393926843,1.02177131998,0.12480939447
1.57983871317,1.14933775075,0.208506600671
2.18367386677,0.701065738681,0.170033442406
2.3755128643,0.507444145085,0.182668868918
1.76336506375,0.735748988165,0.43620153258
1.19113977058,1.29740569674,0.329722082446
1.5679582408,0.972496959513,0.35014671153
1.63962906297,0.9610305638,0.313447961511
2.03674019247,0.756034273864,0.224199107685
1.3351932451,1.444135678,0.140211643979
1.45549952415,1.30737529529,0.168576876491
1.34802699344,1.4039714163,0.160483010619
2.14103771393,0.541305233668,0.346673975268
1.11622927836,1.42680713786,0.27738571335
1.70493991534,0.993340355554,0.248388053696
1.78378687613,0.859226212458,0.30482222103
1.4105794942,1.13523049303,0.318114500502
1.51760101377,0.864832607585,0.487012691159
1.97438856172,0.628086315741,0.387796712185
1.3145157474,1.28704606728,0.261345258729
1.08589483212,1.20709393489,0.480247793162
2.02393357579,0.664314478151,0.312132998038
1.36622297015,1.37782696355,0.168497337224
1.33134207912,1.35569070708,0.202613927755
2.12795595846,0.680008035032,0.223682540991
1.42067601471,1.21944372185,0.248650087963
1.88972443406,0.874054284956,0.226541413984
1.9495897476,0.621853216068,0.415080773745
1.51967061241,1.0335086611,0.330662312967
1.98376511936,0.893780806229,0.157766369026
1.59577655573,1.16425345676,0.189671894986
1.88967822023,1.00355287813,0.138362444615
1.3387987089,1.07550567388,0.415151382457
1.58488018786,1.29240314863,0.112691401709
1.82440357874,1.08699201892,0.120351328785
2.18613224197,0.640175786661,0.215477056796
1.36573444154,0.996390857876,0.468775095515
2.23526459641,0.546296602006,0.262178657783
1.88055420236,0.902920473879,0.210939824984
2.4763571461,0.508429505356,0.100042945098
1.54371935222,0.837852578293,0.495564558823
2.00742837689,0.904256173105,0.137780734331
1.50738144329,1.10972740097,0.278617866212
2.0141849651,0.801594975528,0.203998689718
1.82934549994,0.925057715686,0.225127098676
1.40006884431,1.04690846339,0.398145729644
1.38707594739,1.05357413202,0.401183777984
1.18732291275,1.43246431447,0.229979623828
1.99618768336,0.692274924675,0.306154614788
1.51586128696,0.906747375948,0.445952760934
1.22550691244,1.41138296011,0.223002419865
1.53791749422,0.925713289888,0.412103797387
1.63115440429,1.15911317116,0.174220919049
1.35471259197,1.17628910297,0.320840318452
2.08187501053,0.756607532307,0.194783437536
2.13020867433,0.822368478655,0.120852361757
1.56371986,1.10783272194,0.246924944078
0.97601114908,1.41255000935,0.383314021215
1.77730215325,0.979792530493,0.21607894986
1.24788027194,1.496811456,0.150401288356
1.85288970788,0.699815171915,0.405666249004
1.30757950722,1.34245730713,0.225290314773
1.86647165429,1.02533122279,0.136872691179
1.90195509896,0.728057591109,0.34062819174
2.23334728227,0.697881930371,0.140125649401
1.82195941451,1.01138939397,0.169537257266
1.72324556788,1.00339702176,0.230345435943
0.857742171427,1.42245227087,0.465884458444
1.56422383997,0.938593547614,0.382161126291
1.35222448295,0.986465825217,0.488457920881
1.22019298362,1.25430933203,0.345064625771
1.10967633037,1.17046917349,0.495881721321
1.63474687704,0.894570289617,0.373559689715
1.46213149617,1.10697900044,0.308224843874
2.04645753798,0.828516706789,0.165412527484
1.35420317287,0.974164821476,0.499180759491
1.95808525029,0.734684420818,0.294779451419
1.32159182257,1.26471723071,0.273648536607
2.30662300977,0.609891019613,0.153424692657
1.78951359568,0.806090895461,0.347420528877
1.66083167676,0.905004003874,0.346735738016
1.05769856762,1.31586796359,0.405557876323
1.6986834967,1.15067445189,0.144552611195
1.57541999028,1.12327552678,0.229177284792
1.60429781895,1.12166310063,0.214126021941
1.57952809945,1.11826467959,0.230405664744
0.878363217614,1.46970246813,0.408100729235
2.09681121858,0.759234189249,0.183428403942
1.52474027193,1.28704741268,0.146075993047
2.09231606102,0.877461438632,0.107954920181
2.22033143362,0.609924393183,0.215912673438
1.9337027364,1.01828758745,0.106550635828
1.35731417556,1.36642637853,0.181010215227
1.5300670638,1.04698986926,0.313269292264
1.08769319701,1.33355026492,0.369718794754
0.986638549908,1.43100239068,0.360432893916
1.49156454484,1.22566832309,0.204433738897
1.30868853273,1.36908195842,0.205844990928
1.36111881625,1.15834058735,0.330972211907
1.46344000906,1.39446258912,0.108003189468
1.73538996248,0.95744226265,0.257090875077
1.0749820932,1.47269981692,0.268368162372
1.72734814928,0.724993665704,0.47637397632
1.57417992692,0.845639134976,0.46415459404
1.7622006003,0.693789699495,0.484454957804
1.53583408214,1.24323071425,0.168921534024
1.80003992298,0.940137289641,0.231423072985
2.29586904989,0.509411194105,0.247910253536
1.77816931295,0.736686101086,0.423845525196
1.13099207857,1.47164343432,0.234661822364
1.05925099949,1.29039682697,0.426202604806
1.50699147231,1.35673557541,0.110542984526
1.29297323568,1.47716308385,0.13996615636
1.37747354949,1.46352280568,0.105971828097
2.14849256571,0.774564673804,0.141039968007
1.61821528697,1.20696688244,0.1498499904
2.19959129446,0.670957780902,0.181781392969
1.97207893418,0.942226619753,0.133018147522
1.72066623177,1.12144859977,0.151833170529
1.328421967,1.32537138246,0.225592547246
2.05703536676,0.671491304265,0.281164084767
1.11050835234,1.34394565167,0.345782899749
1.82841888532,1.11723357602,0.100166398444
2.01947469125,0.77381834217,0.221566603011
1.85409011569,0.721337550024,0.382400721259
1.44507514457,1.15952098948,0.278414669495
1.59307305557,1.09359005308,0.240320780136
1.52151628912,1.30267134435,0.13765951398
2.05442526331,0.527008963057,0.441720350045
2.05624077995,0.843738127899,0.149498150686
1.86602936695,0.717292027981,0.377571327543
1.09113311613,1.21232557752,0.471505113141
2.2448310903,0.689807814178,0.138269127748
1.13986843445,1.27445033999,0.382503268509
1.34832114812,1.31428783354,0.222184311221
1.93159876324,0.641642386296,0.40718890458
1.69366040279,0.968694934374,0.273771934446
1.51318588929,0.865466004928,0.489716774764
1.91255457808,0.941288650119,0.166167437814
1.87874292223,0.702856744943,0.38272564065
2.15644975191,0.831164630179,0.100622798848
1.70198859946,1.13620681571,0.152063554115
1.79072071593,0.741522379536,0.409267010438
1.09684242493,1.35377022375,0.347074007043
1.70590540254,1.03428481952,0.218260642608
1.44723864238,1.18138723723,0.260925740714
1.61886852625,0.841250786768,0.435423762532
1.59278334779,0.801367175704,0.497080465235
1.85950412939,0.885648202398,0.236208114049
1.19071858348,1.14458112654,0.458839266007
1.6178126817,1.04488683437,0.261574026062
2.14457518357,0.8412866448,0.101121309301
1.53475142775,0.925059750028,0.414940188118
2.3845620648,0.579608814373,0.119445954884
1.37236309744,1.1141707411,0.359501571257
1.07080850375,1.28832460463,0.419569360342
1.68285327181,1.17522177187,0.137116074675
2.18355988348,0.806419077151,0.100335264176
1.49424470976,1.3680886278,0.109621899216
1.16924740071,1.38145389637,0.278748323031
1.81721315507,0.99455249207,0.183367845609
1.54119932714,1.27544560606,0.145173870149
2.20578602425,0.707437155159,0.151187771993
0.81530686222,1.47064271514,0.457949223079
1.5368417821,1.3020043512,0.130389753119
1.74617626905,1.07079401383,0.171237371434
2.03623552211,0.810510597706,0.184045729365
1.55953768571,1.13941284734,0.22672834445
1.3735095323,1.35206253402,0.182083945287
1.56433404066,1.291744712,0.123201521596
2.30390640068,0.550846044967,0.202837470778
1.87959320483,0.772468137444,0.315531275634
1.47601384999,0.967140458788,0.417191933164
1.66928764544,0.875242913177,0.367373367158
1.08629316667,1.27097452671,0.42326879028
1.48036224713,1.37920488328,0.109390326097
1.57840477742,0.90222356506,0.405574064312
1.94516175544,0.699552077894,0.336475156723
2.07609154277,0.627825495975,0.308082029816
1.02947305064,1.48491339504,0.288194699081
1.10133105379,1.48761584021,0.240732910706
1.3084930932,1.01154393648,0.496693867879
1.28721818241,1.03944378844,0.485560590578
1.13697436454,1.37555153959,0.303567204685
0.83218919267,1.44269201177,0.468879238582
1.22215243081,1.37359653809,0.252486421511
2.13624674138,0.685574069676,0.213502701519
1.67235236587,0.808650418973,0.428824006114
1.27888395086,1.03867797276,0.492551101733
1.30834907169,1.25608090704,0.288111878705
2.01525556252,0.709098075275,0.277428661813
1.92835396945,0.907570944816,0.179954368301
0.982954301755,1.49660668706,0.30999597331
1.62204669651,1.04049380977,0.262344372125
1.54560278814,1.03715338553,0.311388733228
2.01631812013,0.680766182867,0.302224330882
1.03928594746,1.33473894923,0.402852817414
1.50284849729,1.29124119253,0.154571767281
2.10628505701,0.64817326754,0.266340789146
1.73597853794,0.977102833386,0.24206765025
2.00348767614,0.734755172093,0.2635195285
1.6933836111,1.18710150531,0.124429736906
2.05578032807,0.807928715552,0.174057105469
1.95032693225,0.97178681964,0.126191466895
1.87631563252,0.65818858066,0.433098189274
1.01423337398,1.34090767208,0.415852023761
1.40599263129,1.10335522757,0.34654285308
1.24897390215,1.06736126472,0.487456220631
1.37786966057,1.43175733428,0.126540948331
2.03001155088,0.798075235805,0.196792069327
2.10469535718,0.701395950913,0.222314377956
2.12462503498,0.533379498487,0.370262907795
0.901012661621,1.40080334786,0.450227424753
1.68451612106,1.03530488645,0.229729353477
1.949078251,1.01610674697,0.100059738708
1.98524616242,0.748717352443,0.264141272169
1.82943969337,0.759335002968,0.362996778711
1.54580732613,1.27946235744,0.140258846054
1.37410363057,1.42980252902,0.12973985317
2.06565083344,0.814084333515,0.16390023967
2.25438597544,0.734945284163,0.102819482712
1.7134639573,1.12050993255,0.156176929758
1.21820709562,1.32019445376,0.294883069624
1.75570475709,0.739707943173,0.437845138752
1.87362016653,0.938185033753,0.190151931932
1.13593793852,1.36798856938,0.310097670608
1.41881320043,0.927883234707,0.496960793346
2.29351980205,0.532430694227,0.227734149654
0.851903211446,1.46551724429,0.432567459672
2.04215583163,0.633188342358,0.328886326833
1.64800613502,1.1498945301,0.171386205187
2.10044656949,0.685448516722,0.238258814831
2.30903205552,0.667449106238,0.111698501243
1.31693337774,1.10744357492,0.402304594881
1.54704597086,1.16235889223,0.217629052971
1.91639777223,0.864516866214,0.217462385947
2.28337329053,0.633665569197,0.152211539518
2.00210814266,0.596334375963,0.401090229927
2.06582897739,0.719316074821,0.234120727305
1.69510439569,1.14046868907,0.152895665212
1.58002969857,0.977933732135,0.337707353433
2.00295561253,0.772063562483,0.233555946512
1.80506118132,0.954357751343,0.218183045818
1.53476495553,1.18934884153,0.205734626505
1.27989120323,1.09105076046,0.442774736234
1.35248585217,1.24853129536,0.267256555423
2.01137487007,0.627841286501,0.358506930997
1.06572647634,1.42175986266,0.313799158475
1.37901805646,0.991957938612,0.463290529697
1.09374059363,1.32404395009,0.37335040516
1.42698889006,0.949343244317,0.469354114532
1.47717129735,1.14633262942,0.269196837719
1.5670173354,0.850794179264,0.464221582754
1.95307735811,0.958445868707,0.133034908459
2.31642347537,0.647393642771,0.120147717362
1.72554236814,0.873457721286,0.331041861563
2.22408159242,0.571076489588,0.247495997567
1.94343607925,0.743273059229,0.297351758907
1.48485083665,0.929938536626,0.445943927641
1.37662786911,1.32068021536,0.201941584841
1.48909574655,1.00553795373,0.374040658357
1.91746704751,0.718716707642,0.338299905823
2.16861235052,0.583266465589,0.279643152504
1.87384286871,1.0072857091,0.144373689865
1.37424136946,1.26933514135,0.239443347511
0.813834483222,1.44381017578,0.483323875912
1.20216732263,1.25961329668,0.352643147606
1.38477402131,1.20795038502,0.2781877259
1.81620558133,0.889757222477,0.259613035623
2.01919987673,0.845810185967,0.169625044344
1.464691989,1.0869914907,0.322384652699
1.08155578479,1.30261803361,0.399709756828
1.21999839277,1.32794800999,0.28787825414
1.98970720644,0.671853878351,0.330368137418
1.62360582904,1.16640471275,0.173403112676
1.78084025674,0.707604333687,0.453498043412
1.69169140936,1.08696089995,0.189852365159
1.15651733589,1.43707783266,0.244910780542
2.1219501473,0.598351798464,0.301586074658
1.28943839003,1.28905490199,0.27481191685
1.68026095879,1.23592200947,0.101032553879
1.95482671636,0.775458950029,0.262264317915
1.40589660194,1.29263208939,0.205254453012
1.13774566537,1.15795287662,0.486086569337
1.07044650266,1.42636439839,0.30708457572
1.82819436963,0.880060506388,0.259714671434
1.12119064858,1.30555422651,0.369672180494
1.87758712834,0.838904690504,0.261044659908
1.99132295325,0.83402582603,0.194417116373
1.36713138075,1.22773337191,0.273968923068
1.79640575621,0.728070466488,0.419034850823
1.67144472122,1.03797555312,0.235325309278
2.40766421208,0.533723942731,0.135531639828
2.08061983527,0.538024931826,0.403642197537
1.51307096175,1.16656575059,0.233737791725
1.72638594004,0.955174039588,0.264254590577
1.10759118619,1.38096397446,0.318347064532
2.02623020942,0.710373093041,0.26866868316
1.38276918009,1.22028711467,0.270203127876
0.834295171071,1.41411758306,0.492949947968
1.72107720704,1.10022829945,0.165311541696
1.31701111541,1.42694987634,0.16135943985
1.1396250346,1.26642001021,0.389356206394
1.26454388687,1.11082814407,0.43592550173
1.11474593818,1.47608797407,0.241175220953
2.36402898579,0.602641632429,0.11806847845
1.84670074254,0.894120267215,0.237616333687
1.19915787668,1.21819269005,0.388706425078
1.94244062087,0.667788553113,0.370365694137
1.09426644657,1.18725916721,0.492107411271
1.9537045942,0.780939602096,0.258525100228
1.23846623592,1.46645150871,0.176607037762
1.35698102304,1.47916630514,0.105943305681
1.64189045284,1.10470730847,0.205037358222
1.51244872985,0.986320055011,0.375069374251
1.89170048885,0.96403915476,0.162663469276
1.41128725484,1.43170758872,0.109835818024
1.3622958797,0.981022204031,0.48627633576
1.86221886238,0.953176514461,0.18632384275
1.22213924672,1.43241850839,0.209836189058
2.05435237509,0.623228536899,0.329506221767
1.8749229758,0.998110221496,0.149649641304
2.15989915608,0.703961289077,0.183484903706
1.30667855794,1.14834575923,0.374501685991
1.4666141016,0.906311539433,0.482820040845
1.18640321903,1.31247967726,0.320938555373
1.19697056928,1.24611837857,0.367064744428
2.20763361328,0.656460344856,0.187372832842
1.11767803177,1.48109200204,0.23567239446
1.25977983058,1.42838209708,0.191489098938
2.37314163129,0.600208386395,0.113338744189
1.64045434468,0.994036333922,0.28666098923
1.58773186012,1.126664151,0.219871954877
1.86066540059,0.823950172203,0.284049949522
1.84944354148,0.809128642289,0.303942545448
1.31051692528,1.17725749405,0.348254525365
2.07156272525,0.867179666054,0.125729343676
1.84020047441,0.798039218458,0.319828517927
1.55547706677,1.2678029696,0.142829951129
1.90591328076,0.704528640983,0.360628276868
2.00293559013,0.579983406929,0.419884226982
1.7046014098,1.02983098689,0.222150652813
1.50635878779,0.903838679889,0.45575735896
2.12865779035,0.728435540843,0.185678215329
1.23356336928,1.4986115753,0.156859295332
1.56445202868,1.19760149413,0.184087311993
1.05507863458,1.37463675768,0.358656949638
2.04771501908,0.878256769676,0.132006658534
1.53921420635,0.934782243605,0.402818670532
1.49943139977,1.09579244454,0.294019759074
1.27687720916,1.2433170751,0.317383589866
1.4253906715,1.11560653329,0.324333951782
1.45632271347,1.31289051673,0.164482130412
1.79429343772,0.817852500584,0.333531937216
1.87489411813,0.855762929054,0.249522147684
0.97388372508,1.4498843733,0.353997637713
1.79829754546,1.1397127356,0.101528341909
1.387627261,0.961436659834,0.486685615038
1.47848575585,1.28790741868,0.169440079426
2.00634708408,0.834201879445,0.18528077497
2.0144672815,0.913284114443,0.128230875156
1.42112286402,1.07849545686,0.357181074856
1.39662161259,1.13943255421,0.323546182958
1.95550954898,0.761273428637,0.27359940042
2.07410098436,0.508196294637,0.449011103667
1.36067092016,1.17302816349,0.319661609777
1.00387540818,1.27866283562,0.478372194155
1.21509323935,1.3592244817,0.267371995527
1.79412427404,0.882255001589,0.27933095344
1.77197101703,0.696492241071,0.473328780196
1.04712797991,1.45138536938,0.302807595595
1.38155958577,1.39404734484,0.149568973761
1.62816041038,0.968794038999,0.31440729137
1.91185958736,1.0147897048,0.119837385215
1.45866624119,1.22578907414,0.222545697735
2.04960888517,0.585564639796,0.373793443788
0.776573237169,1.46174958866,0.499201156411
1.92515711008,0.842558458963,0.228457948915
1.83089791563,1.00021833906,0.172056699349
1.54771659234,0.83778530347,0.492550093085
1.80173472639,0.960260177914,0.215893757293
1.70641018752,0.832972744694,0.380540314202
1.94369153318,0.813689839348,0.238960557767
1.91259802949,0.966326573967,0.149793983481
1.59167576147,0.892697678728,0.405160856897
1.73857260342,0.731705088841,0.459923133485
1.44485328014,0.965176748116,0.441107542287
1.38238607683,1.44984597865,0.112434835499
1.16738494598,1.39876832115,0.266857235589
1.78178050851,1.13443983688,0.112808556143
1.41793649904,1.3858903669,0.136250710402
1.9732027758,0.86952753145,0.180201287043
1.11329390064,1.27053281632,0.404325383419
1.77255211442,0.850194617992,0.319875980718
1.4928574932,0.993718787064,0.381785429574
1.28579619736,1.42294807636,0.180940798749
1.76792867651,0.817876042525,0.351609929933
1.27190325784,1.07521559909,0.463080524226
1.50013820349,1.10307565473,0.288013680219
2.0348029242,0.721015376954,0.253735886633
1.5531185374,1.03422971754,0.30902510265
1.61393311855,0.785910299492,0.497598574774
2.17307393469,0.692899247383,0.183042371623
1.88021695108,0.94646783336,0.180761385063
1.66139503069,1.02900871208,0.247683979947
1.66785529872,1.19373733247,0.133060792851
1.78124279129,1.10220151169,0.132852450465
1.79611964381,0.70253901519,0.44706951651
2.00037521692,0.589398600499,0.410724661491
2.18069587252,0.688740223186,0.181087745663
1.42455858882,1.14561155557,0.301389498605
1.9546806009,0.944868004422,0.140741066323
0.956933155558,1.37708179901,0.427570745195
1.02710839974,1.4730974432,0.29899020341
1.00889952978,1.2966787527,0.458353685649
1.84022018507,0.700612021418,0.414612063425
2.16048840609,0.506042617446,0.371380249126
1.68711339101,0.794325538194,0.432463584683
1.49864752985,1.18633555015,0.227880810896
1.84605057876,0.728585397925,0.381073982985
1.22059824715,1.47881797154,0.177797193583
2.14303186963,0.54640408617,0.339192063579
1.2578162339,1.17558474541,0.384521097721
1.40978578079,1.03415153805,0.402716590676
0.820424302207,1.48882309028,0.437605520335
1.98028583536,0.545600768332,0.484852592164
1.32175481097,1.3371720541,0.220997649866
2.02961651143,0.879110634759,0.141564215982
2.07504698599,0.61505850346,0.321623672965
1.48359226725,0.907113299461,0.469316303625
2.12760189793,0.509920266752,0.396674814362
1.61310162542,0.848437546813,0.432487703023
2.0173570254,0.513512691048,0.495698424792
1.45862427155,1.16142247624,0.268955653209
2.05287396798,0.515610005009,0.458773563735
2.06890201865,0.899192781549,0.10747150274
1.89537748139,1.04591181137,0.109418285541
2.20265558056,0.579897410739,0.256081129246
1.6394056292,1.20239751978,0.141963992225
1.88696610929,0.876860456064,0.226127750309
0.909428259627,1.36955245471,0.471269416463
1.74103266724,0.788077336867,0.398997871328
1.8905963044,0.895042782548,0.210678623599
1.36487432452,1.15760492783,0.32917695627
2.25301265631,0.702710657554,0.124355100148
1.33767396864,1.39902009906,0.169338815763
2.4000784963,0.519606818093,0.15250149616
1.07830303138,1.24390174229,0.452814479802
2.28327364954,0.647261883575,0.142505952905
2.20606811731,0.744896553533,0.125757032984
1.15328374746,1.46520921016,0.226111584489
1.71175660664,0.980564370063,0.253852691194
1.25250540493,1.18260155304,0.382233440893
1.1203794863,1.30810413871,0.368138531955
1.97096910327,0.541419778759,0.499410292007
1.14260907963,1.2772110969,0.378335255265
1.29618380071,1.26523623305,0.288605533837
1.81592965754,1.09636808479,0.118899074982
1.80379815402,1.02766179385,0.168650204645
1.35153659857,1.35781581019,0.190045600434
1.80986412888,0.713961517859,0.423752905241
1.46687178078,1.29429678392,0.171299981337
2.31908076702,0.604772108076,0.148346720292
1.90036331481,0.640222483548,0.434251194901
1.36520077627,1.36763960028,0.175945619436
1.53385527203,1.27423158641,0.149703958228
1.11593407506,1.46970103153,0.245220622247
1.84678321201,1.09191570366,0.106187057707
1.66126190241,0.921556879436,0.332270054991
1.78341056937,0.746515641465,0.409605900923
2.01931346376,0.643233028062,0.336364607329
1.69425253461,0.84682486681,0.376129451909
1.86792370346,0.612191881419,0.49631187828
1.96058847386,0.72154866175,0.304782962989
2.21559039432,0.587545597038,0.239020648087
1.05655365555,1.31941119785,0.403383186772
2.30918706429,0.635909115058,0.132900605495
1.75896131983,0.873295379516,0.309216740097
1.46393367385,1.30366246104,0.166618039739
2.00395767309,0.695923233018,0.297202775791
2.15513563908,0.602188415629,0.272009874164
1.16367079738,1.30877533906,0.338622022683
1.93745665471,0.684462268576,0.357091939863
1.93752308046,0.710555162553,0.331514041571
1.77510839576,1.02506478662,0.186000788182
2.19419502375,0.763165414128,0.12110571688
1.21822045085,1.2979316338,0.311987241033
2.08054638432,0.835007283646,0.141223226355
1.51509055043,1.03947467367,0.328728839444
0.907658432744,1.3616596415,0.479787832517
1.6597504598,1.06356228361,0.223737875965
1.99222705238,0.717339307193,0.286297151693
1.55452014991,1.16450444539,0.211996341335
1.77851782198,0.842235886162,0.32276891197
1.8598035725,0.931462700284,0.20275052914
1.95643395959,0.986156928343,0.114204776148
1.17232358802,1.47109224709,0.210671469551
1.58134898826,1.03454101175,0.291366413197
1.43669467473,0.998338895578,0.416168606015
2.08771178278,0.640120040117,0.287486539086
1.29391822097,1.15526618411,0.377246751341
1.32683936503,1.21865652889,0.305291873499
1.80647110399,0.798622509836,0.34247772152
1.29013523806,1.41546014736,0.183759009973
2.06604919274,0.718611545583,0.234542910347
1.88374452227,0.798051600212,0.290512408124
1.2213957016,1.41194784403,0.22497532301
1.98415816037,0.541141464202,0.487482128988
2.03913519137,0.508977660556,0.481329539533
1.25889895838,1.13806701295,0.415849869707
1.8393910833,0.759690103504,0.355514929592
1.58144624455,1.00434132314,0.315163834094
1.60567230616,1.03459959524,0.276567176918
1.24472911573,1.36787395778,0.243324465119
1.50258173245,1.24098144478,0.188043819798
2.22579449836,0.541782830798,0.274470541016
1.2696143883,1.09047658309,0.450688023245
1.8107894922,0.726102839851,0.410139500172
1.4315937499,0.95011827753,0.465202971406
1.51485736362,1.2819038932,0.154474403085
1.46468098045,1.25451642015,0.19932209356
1.38850508922,1.10831434138,0.353801566729
0.882340961041,1.44758925431,0.424068354412
1.61311863673,0.859649182725,0.421456675089
2.12355294758,0.727739399589,0.189491809475
1.70067651942,1.17873465721,0.125973765217
1.74547693633,0.720840817573,0.466648769023
1.61488522919,1.10672640971,0.218635965545
1.7715755543,1.16060009054,0.102086878629
2.18696000168,0.744865366579,0.137456443522
1.41372316546,1.08500634313,0.356610238705
1.46431853088,1.15612495837,0.269521510733
2.02591509943,0.882225615329,0.141629536457
1.12666437014,1.33091956122,0.345427627375
1.80161776706,0.754408496069,0.388066096434
1.25023290413,1.17272816523,0.392077246876
1.72029117482,0.762844889514,0.440277412871
1.80570883206,1.03312917267,0.164041820554
1.0285238966,1.47456878199,0.296902284702
2.08839741223,0.886888710457,0.104385369014
1.56916277841,0.86664379011,0.446568074877
2.38862989769,0.501220069744,0.177136901755
2.058134329,0.746323933835,0.21783299517
1.25996253081,1.06935898497,0.477361254521
1.77611291565,1.06263991979,0.160624893141
1.70163691317,1.1611531138,0.136445026101
1.23103019395,1.43993008452,0.199437754611
1.68318366652,1.12511417685,0.169068825097
1.36763786385,0.983790497284,0.479577028548
1.84457221299,0.661741344777,0.454831398823
1.33557870049,1.22036882216,0.2985958663
1.37219249983,1.35562577243,0.180365213625
2.14117603385,0.815913780281,0.118639674066
1.984824519,0.71680892701,0.29195902928
1.30709732049,1.11629808352,0.401396173898
1.5377529013,1.09806747449,0.269290070669
1.86913655295,0.845732099328,0.260989515869
1.51393291921,0.908117987592,0.446017519682
1.66061211638,1.21478756111,0.123561075778
1.58605470173,0.866381456877,0.434471308946
2.10511789063,0.65357123664,0.26236645911
1.22089132374,1.10123305823,0.476461592055
1.06513110712,1.22227061629,0.482264335868
1.74608387783,1.17419735814,0.106347277193
2.13629722751,0.558655777507,0.331333078973
1.72525849256,1.14366575013,0.135432820854
1.452049334,1.00201712583,0.402229548135
1.77896278978,0.887004430388,0.28511135238
1.1080027966,1.38281032276,0.316630104979
1.60160796546,0.970122774449,0.330277206396
1.99564227936,0.833652594881,0.192085186352
1.91030798308,0.895534966821,0.198742460385
1.33188493754,1.03628432229,0.45568757078
1.27571124362,1.3978514668,0.204063448434
1.56250457537,0.872033544545,0.446087502545
1.04636764584,1.2598612877,0.462615017985
1.63585731163,1.11073434354,0.204220886235
1.46934865741,1.07016718407,0.33294152888
1.42677680002,1.06067176183,0.368383158287
1.55707045161,1.17454531965,0.203681377126
1.1664525409,1.12078862149,0.499104241338
1.6304085178,1.01590377584,0.275910811221
1.43987129256,1.16224766864,0.279477880827
1.12736711849,1.18475895844,0.469277480118
0.815358541759,1.47647494078,0.452711278951
1.5532165188,1.14288454856,0.227837152552
2.10218661673,0.519412266453,0.407798054372
1.56307600259,0.945985017964,0.376368281353
1.82885690201,0.801027687707,0.324916369342
1.31742996882,1.17918099841,0.342240381085
1.40848262434,1.3028477863,0.196796932153
1.23773959079,1.35434669825,0.257378618803
1.9695636724,0.718705899746,0.301011288711
1.35777550705,1.4626223247,0.116405609725
1.93002241092,0.889974471762,0.191148035168
1.20823798245,1.40334349739,0.238919766218
1.70376240972,0.946464800931,0.284885835715
1.16924281866,1.23837505149,0.392349810185
2.11214852066,0.726515327274,0.197815318068
1.93457439816,0.798991977888,0.256393107813
2.02453592913,0.710703215973,0.269561143378
1.13933875168,1.36110895393,0.31326242756
1.42069555046,1.35572868134,0.15467295079
2.24328297239,0.608644951834,0.200100137515
1.05754064019,1.34272268375,0.383161957946
1.35161444432,1.48659020829,0.103748848656
2.03502314347,0.78416339464,0.203906594499
1.90324209938,0.663598309027,0.40547135581
2.19451594272,0.640041819446,0.209607394955
1.86258050388,0.948489788801,0.189328601693
1.800424816,0.890943186687,0.268488869474
1.23857659216,1.1744722909,0.398579192257
2.19745862057,0.556699413667,0.282770019796
1.65267807687,0.935128100894,0.326442449683
1.17593488111,1.46758725118,0.211115361739
0.888645823685,1.3644953995,0.492748037143
1.73442317994,1.08787120695,0.16630781274
0.953211507696,1.42646205096,0.388324274723
1.55347878092,0.899573437523,0.425749584502
2.20976567878,0.732593637272,0.131575893437
1.3062760212,1.21337861653,0.322234646485
1.82854301636,1.02118735415,0.159578939485
1.53727162713,1.21092296895,0.189694146638
2.08490444315,0.835521338564,0.138384002557
1.27610844074,1.34532935303,0.24135498164
1.35865035644,1.19810254723,0.301474811685
2.00489325504,0.914693276379,0.132558582295
1.25856653514,1.49509841057,0.145880384393
1.09836251392,1.25510830498,0.428233560231
1.7956005431,0.955965461843,0.222530127218
2.17227656814,0.666008612657,0.204311390738
1.36324144304,1.21333013489,0.287092662319
1.98765351751,0.616690467971,0.389746076675
1.32025566632,1.31916930201,0.23468351621
0.904706155103,1.43833377497,0.414704997222
2.30517682139,0.612862388521,0.152246794515
1.01765229355,1.33984544435,0.414248184603
1.12755774764,1.32106733521,0.352750613611
1.63639625724,0.873053422083,0.392148663314
1.57856966763,0.86378933992,0.442505728711
1.85638159555,0.833471701167,0.279003818811
1.97512146097,0.714647009911,0.300747335454
1.26917060564,1.08289168067,0.457969942496
2.26123100587,0.530298175829,0.256461923011
1.59225074394,0.993107612445,0.317416251489
1.55675544589,1.22772195502,0.168180534534
1.70118861947,0.905275236668,0.319979527068
1.45538654006,1.04366841006,0.363859295888
1.61391638967,0.974080214808,0.319146272226
1.06938910746,1.21809699343,0.482811952511
1.40082097807,1.44470489104,0.106618003547
1.49455167695,1.20336475638,0.218224826994
1.45415142865,1.32099723258,0.160249213569
1.25191152623,1.16388080325,0.398439654218
2.11473977661,0.861036531553,0.105647027042
2.12460451295,0.649743129325,0.251603844181
1.32742578436,1.3561891734,0.204438634831
2.09302926427,0.880591345416,0.105673295047
1.96797288579,0.650184441182,0.369002308229
1.99483716873,0.735160692803,0.269064174019
0.992856716372,1.39884296948,0.382564843747
1.48344575987,1.31406578089,0.149660512195
1.05323641387,1.32525316073,0.400831053628
1.88907651284,1.01989018607,0.128487844299
1.52182537186,1.1683901718,0.227504471031
0.983239735088,1.37999012336,0.405409211055
2.33282171316,0.647860455144,0.108944930734
1.66433857099,1.13958332038,0.169536048366
2.16078210534,0.517802000413,0.356787880631
1.43099259913,1.09918828896,0.333915157436
0.92032038401,1.34130175781,0.487957300297
1.19772599882,1.42508360013,0.229250140233
1.47234333602,1.01395861298,0.377969754624
2.03784019727,0.896654330512,0.125878000502
2.00439591313,0.855338550248,0.171764256426
1.92698474219,0.885362945367,0.196160103799
1.94208020785,0.630450106204,0.411357417633
2.08912302393,0.727330373365,0.212270449402
1.18284665328,1.35473348941,0.29057809226
1.87543659284,0.91667751233,0.204126638913
1.81822380726,0.772818086446,0.358173189114
1.70360366528,0.849700385722,0.366993120785
1.43167346921,1.08155299086,0.3478095062
1.49012569327,1.1634855736,0.24906360893
1.71758551359,1.10861261157,0.161702528314
1.74003575536,0.886876448884,0.31016134092
2.07501350604,0.644087804213,0.293255031464
1.23306880885,1.25341579409,0.337405532936
2.15063562851,0.704738401335,0.189005199058
1.10026913333,1.33013419091,0.36387986318
2.09224884832,0.865901412834,0.115058021227
1.8988832263,0.687245232858,0.38355979186
1.22447946195,1.35754297085,0.262957696622
2.22767709397,0.718648476311,0.129703475213
1.40829062917,0.98759431762,0.446211455058
1.14254772544,1.39333131777,0.286374937556
1.67703578911,0.868968156028,0.367740903346
2.07309976587,0.62570557122,0.312471229
1.64079775439,1.07629855262,0.225460451385
1.88744321382,1.05405633918,0.108532764425
1.30857701984,1.15451722426,0.368114935479
1.63782085422,1.18608955631,0.153183517899
2.15901436307,0.542480165302,0.329921747489
1.81200799999,1.11554661463,0.109249595843
1.38231879612,1.03080944142,0.424762342974
1.95179047296,0.586368351264,0.456281568227
2.32221075679,0.604821044271,0.146080609476
2.3003692828,0.614422984531,0.154492015462
1.39651422604,1.25369616055,0.237897774261
2.07419293345,0.728698207989,0.221053941321
1.62135244046,0.79583372204,0.480875651321
2.35117280355,0.629402197325,0.108847749997
1.57869994942,1.01939453996,0.304866062869
1.50292565589,0.947767575733,0.416197986381
1.67630659197,1.04387606346,0.228302785041
2.16250930159,0.549104502634,0.319698774359
1.57196169661,0.938386168607,0.37708788462
1.16291367059,1.38177041671,0.282439926739
1.71740323927,1.20685727202,0.100627320649
0.987938051095,1.33289921327,0.442421884359
1.26869556251,1.17540043702,0.377348692302
1.55572489773,1.03037542784,0.310460195478
1.69791078695,1.09491307694,0.181159799655
1.3369912224,1.16115829796,0.344138646164
2.15620894348,0.808183391906,0.114863087859
1.4145690835,1.03239881928,0.400985625766
1.90368410453,0.591596581594,0.491860411117
2.04495538643,0.73940937311,0.231912882139
1.02521999036,1.4917967179,0.285610858091
1.77372373757,0.812929066386,0.352116845276
1.91946899884,0.850873811029,0.225708853864
1.52045044318,1.27925447335,0.153321083159
1.14044447156,1.40598381883,0.278062812994
2.20486381961,0.697395603619,0.158864434851
1.96887744445,0.885732346881,0.171617909346
1.5658780439,0.931589035057,0.387318342296
1.39010300562,1.31644567009,0.197477767702
2.01603287026,0.827268065089,0.184371055418
1.28531577702,1.36817601747,0.219652322628
1.72835251799,1.02374006732,0.212968763626
1.48663914016,0.921965109696,0.452384380805
1.63528132494,1.03292731325,0.260151627169
1.32467362901,1.05541710772,0.443184788903
1.0382669687,1.23511469088,0.491278371981
1.78572241498,1.09004249366,0.13815198583
1.85431337524,0.782427428627,0.324048610251
1.55316762839,1.00808618765,0.330055104759
1.61184917381,1.10034567498,0.224823904425
1.8514412376,0.645965892434,0.467971539344
1.51253670409,0.913350485346,0.441942531966
2.06885518411,0.658172459774,0.284697621453
1.23081568177,1.22806377398,0.35925427397
0.958269467276,1.48834818983,0.33367504189
1.3428408872,1.49001606102,0.105873367168
1.82561282255,1.1000560083,0.111821658241
1.31901912913,1.11967271397,0.390380898306
1.3794157079,1.10127293755,0.365571877415
1.20166724108,1.35469404408,0.278955330497
1.12673950513,1.45220295612,0.251708224922
1.29788341879,1.43431507256,0.166556321067
1.3380085875,1.46612831548,0.124103417136
0.899097256344,1.48350120596,0.380574049705
1.25876872597,1.43363061868,0.188370498157
1.05565921917,1.35057999647,0.377976826475
1.86589466801,0.986117893114,0.162278198905
0.91225362111,1.47637546131,0.376741793447
1.91081210102,0.956792545049,0.156937553295
1.64028722944,1.19769294919,0.144503692027
1.43323714023,1.16591675706,0.280691099814
1.71656971742,1.15059500694,0.135499475945
1.96541007302,0.877811103963,0.179023248038
1.23633299804,1.38715591263,0.234224730196
1.7712391274,1.06452397051,0.161986506329
2.17563030603,0.796610586492,0.110896131202
1.11322781589,1.28953252152,0.388406435516
1.52055142657,1.01539331443,0.345000842608
2.23977800515,0.667917768475,0.1569840841
1.32297385131,1.01112526682,0.486220602697
1.78978841056,0.725470261811,0.426883051739
2.25300518583,0.684839912141,0.136384551897
1.5079448505,1.33267607213,0.125298318367
1.73153083578,1.16596648755,0.118496199533
2.36156015124,0.591943499291,0.12729264383
1.38451033072,1.33353597667,0.188792452733
0.856009477558,1.45860142782,0.435328461925
1.7624468889,1.02079763577,0.195898159582
1.32009612041,1.48952588716,0.117664750253
1.1465929809,1.49699228453,0.206824159462
1.81590581175,0.756521616599,0.375521996157
0.939495247638,1.48999313201,0.34562107936
2.32917504305,0.581053413806,0.158880182474
1.7943957724,0.767600895992,0.380318447759
0.92643220371,1.48668395545,0.357752236528
1.83795198353,0.854723256131,0.273610726832
0.933085437299,1.47985194955,0.35857408089
1.44921576307,1.33557905319,0.153196322201
1.41071633241,1.09893798267,0.347102559476
1.34171560465,1.37798213847,0.181528265642
0.997548773856,1.44415511518,0.342067715646
1.29708112002,1.06278901658,0.456269747398
2.13192174166,0.73092728233,0.181746722929
1.26943860169,1.45555072381,0.167279803745
1.19834295489,1.18081390587,0.421166353715
0.83958124196,1.48448363013,0.425883331798
1.29642935201,1.15858104187,0.372809407163
1.28148581412,1.42782454242,0.179915833915
1.92972925472,0.93586601957,0.160222933976
1.66086889987,0.910298215381,0.342135579043
1.15202486487,1.482645816,0.214102963195
1.61997706345,1.15051244504,0.18589041141
1.91239411434,0.871066984302,0.215074783741
2.18441881233,0.675653433234,0.188487500202
1.5052177029,1.35621141783,0.111741396914
1.05263800322,1.43518641183,0.311888192204
1.99854484874,0.867450365152,0.166926443554
1.35047338225,1.20804515264,0.29887919231
1.37664726292,1.02336164624,0.435557844683
1.60892742066,0.980902149051,0.316758576576
1.88980805415,1.02454387601,0.12523842061
2.02559726462,0.611765048179,0.364403635362
2.11632609371,0.853777981376,0.109187217576
1.36158895633,1.04440549284,0.427024557694
1.12222455483,1.17788532989,0.479431567061
1.79806132065,1.0263788671,0.172597762556
1.57410395142,0.835838055875,0.474412381524
1.59097003785,0.994580270035,0.317033815903
1.29132676638,1.48608559306,0.134784376982
1.40901423811,1.41342874549,0.122807350156
2.22093496056,0.675927095543,0.163751214579
2.4306674202,0.509641418586,0.135731268668
0.941518163912,1.32647786119,0.484330790912
0.865192637786,1.43971119259,0.444541142346
1.70119379138,1.09859578775,0.176953109761
1.98998997559,0.861726590842,0.175787772303
0.948567501334,1.48714092435,0.341496965122
1.67699222491,0.967520397323,0.284900462637
1.52718232968,0.936981263881,0.409180702928
1.92959602685,1.03216064839,0.10038432451
1.62147297879,0.986020248667,0.304738420513
1.9037900368,0.623326952391,0.451515203563
1.65915564633,0.855443276303,0.392670374866
1.12196719072,1.45249408902,0.254412636305
2.15727001626,0.74487835509,0.155798303272
2.24899909893,0.515744790796,0.281667449322
1.744659202,0.927967146331,0.274088662437
1.34580810569,0.997121271769,0.482813667274
1.9768195494,0.863257209875,0.182429539564
2.14135522115,0.593424354132,0.291191554638
1.06608428827,1.41872802398,0.315948556032
1.39583312078,0.978328469475,0.464076009737
2.29884919777,0.526680088043,0.2287259816
1.21986311717,1.40108978123,0.233732959045
2.33553132071,0.599264761841,0.140640875162
1.46706621044,1.1803087343,0.250188652712
1.12994591356,1.47772241111,0.230791440037
1.95971568646,0.551302001804,0.495941112305
1.3051753165,1.4282684229,0.166783318556
1.32212888891,1.03483253005,0.464149072007
1.38753822533,1.19140588267,0.288967432876
1.10746399104,1.25654085068,0.420425126932
1.22767555916,1.17575799465,0.405004583735
1.56789654742,0.901817011656,0.413360925406
1.62715622022,0.957447205803,0.324347566111
1.99751152521,0.865750026646,0.168674041822
1.15804558833,1.41134904843,0.263145083026
1.75940013689,0.952805295381,0.246186388665
2.07587492134,0.677586122288,0.262230579339
1.44591472192,1.03854003776,0.374485739498
1.01499162498,1.253006667,0.493057560709
1.5827397896,0.962519381895,0.348925039743
1.29278754957,1.03774506218,0.483035521788
1.81083413164,0.832470241351,0.309663742799
1.49004232823,0.962353453431,0.411779989739
1.91907342076,0.746151546308,0.311724238682
2.10222922449,0.739127772539,0.194765747483
1.4824800435,1.37101877284,0.113539286217
1.6588479791,1.14704845034,0.167541505177
1.40400552136,1.24991447986,0.236325693621
2.25731518397,0.52960829162,0.260416283219
1.62103119501,0.989397560613,0.302322244467
1.56840832409,1.26295373255,0.139386737332
1.47600765563,1.07432023612,0.325381832614
1.12076933062,1.23818387226,0.426706350365
0.804642610167,1.4990664188,0.441563352503
1.02914090055,1.31575288968,0.426457843912
1.41342125139,1.3472213499,0.164126300404
1.98951515816,0.59093761463,0.418107545562
2.13207896205,0.800423949219,0.13379620653
1.66371917615,1.0520264294,0.229677689117
2.24242662123,0.608979591058,0.200452570672
1.30476246683,1.20851890702,0.327009973091
1.72217069054,1.06804827792,0.186006443525
1.4956159185,1.11482839287,0.28181331702
1.54439597284,1.27606291995,0.143152968846
1.63895825367,0.776431764222,0.488454868465
1.6747075233,0.77035720762,0.467237990447
1.15768059381,1.37919489195,0.287666094287
2.0701334517,0.731701092749,0.22137573801
1.1096077524,1.49159136505,0.232740721467
2.12696083732,0.828522953224,0.118838820369
1.21086126145,1.41735799494,0.227184926695
1.6704801599,0.746708157632,0.497013837463
1.87758426357,1.01502576661,0.137515957696
2.13048137963,0.744772446102,0.172649327988
2.16352196983,0.724465628131,0.166195722029
2.05656703924,0.678722745485,0.27500756274
1.81785570735,0.854201671817,0.286900542571
1.51513840755,0.993728616835,0.366868609692
1.88552410422,0.905347566366,0.206284510761
2.15974176252,0.556904976874,0.313650733473
2.00701741133,0.81520464188,0.198458292072
1.44422442662,1.20901886611,0.242621310658
1.29041103949,1.41283898872,0.185426864765
1.60666443757,1.24041171927,0.13443361914
2.18927053572,0.639610770424,0.213700919141
1.39819425638,1.44467591599,0.107935908212
1.27633150904,1.2094002527,0.344532496929
1.2886192834,1.13955374088,0.394078817017
1.9921930663,0.940308148311,0.123431957971
1.41877633842,1.12864381167,0.318175475068
1.53570629957,1.29196842766,0.13735679069
1.48144108152,1.12711221111,0.281035214554
0.965670592049,1.38048583695,0.418049766455
2.21189190394,0.579776513895,0.248977010231
2.00159376681,0.666030524627,0.327159215155
1.04726241343,1.48171744441,0.279125349145
1.78499974878,0.757902288436,0.39682175527
1.95804424896,0.834597363612,0.214201396807
1.82249156206,1.0037049963,0.174335147829
1.7383410116,1.17262850143,0.111082433327
2.36101051271,0.61167471619,0.11400089614
1.35550091605,1.40665978679,0.154739132381
1.22376741015,1.24779397259,0.347950727565
1.9058603922,0.969830262223,0.151183751192
1.16824570264,1.21274673291,0.414816007449
1.52547633199,1.10041020724,0.274828225726
1.35074323173,1.37802573204,0.17663209397
1.57982841764,0.985519818917,0.331539284371
2.07800056498,0.827816519819,0.147412922179
1.99578880755,0.685335872319,0.312930123322
1.0662058208,1.36555463455,0.358384818695
1.64239123088,0.949919368338,0.320790363395
1.61697427616,0.837685865865,0.44039829781
1.27838227372,1.18279215295,0.364784875708
1.490152969,1.26759536081,0.176809376286
1.36001198247,1.16140691898,0.329239083282
1.50476830257,0.888734001913,0.472068668523
1.91180687614,0.745535345343,0.317368065898
1.49189125729,1.09753001797,0.29727823328
1.19238055779,1.32263685719,0.30922302975
1.64229506995,0.792119924948,0.46872293717
1.63809031169,1.06649149401,0.233986469386
2.07177882068,0.764186882881,0.195573900698
1.42374341685,1.28873019201,0.198169993861
2.22189371124,0.759297522715,0.107072361986
0.951266322485,1.4478327518,0.371906999682
1.65235419473,0.95792396573,0.307911517691
2.06395676103,0.623237941941,0.322012744227
0.955894971245,1.47044056557,0.34994195022
1.14795422556,1.3648732002,0.304812839708
1.52850773778,1.09634810854,0.276074483028
1.99568179114,0.712469286277,0.288187026188
1.82756360062,1.03173940099,0.153289004688
2.34251324405,0.574090015703,0.154334637667
1.10500351098,1.49656465101,0.231822911444
