P,V
2.2198032126,4.67863297101
10.8261365205,1.42083100156
5.37040586067,2.40733745706
17.0864507416,1.00806603252
15.7745964312,1.07049009069
12.1796390644,1.3003593776
13.4824632239,1.20467198865
15.1925270381,1.10119291525
6.21977958134,2.15563893993
8.83573291908,1.65539811758
10.1265049357,1.4940471608
16.2346008696,1.0475956757
16.6493020625,1.0279090431
9.49673300623,1.56796863494
10.3798147187,1.46654052061
8.11678342875,1.76451143451
4.76838159415,2.6325304285
10.7034027422,1.43306745925
15.5731662692,1.08088744784
3.22037255973,3.53657644481
8.20562822044,1.75012293699
10.746381969,1.42875460953
16.4396908893,1.03775092205
12.9582203655,1.24114693388
7.49551288574,1.87341789165
15.8839695071,1.06494138918
9.14305578317,1.61337164567
16.2272688813,1.04795166054
7.52164667441,1.86852013565
11.8154113304,1.33039467006
6.035385508,2.20498775402
5.57524636014,2.34050638705
12.1485283352,1.30286316806
9.45389552671,1.5733092682
3.87447030517,3.07739557187
8.90252188803,1.64604869412
6.10094143257,2.18714394148
12.3911841188,1.2836267635
12.2835737578,1.29207534509
12.0293534174,1.31255923854
12.3145932237,1.28962671278
14.3779002073,1.14779679702
9.47247925671,1.570987201
6.22327946307,2.15472708416
5.28531835018,2.43642826402
11.110689043,1.3933747736
7.08148277004,1.95521619357
6.62851458254,2.05488049221
14.0125550567,1.17023283521
3.74198099092,3.1589910374
8.16844877486,1.75611081655
14.0844073805,1.16573984573
12.3464500738,1.28712320154
7.60912834789,1.8523398152
7.04112711587,1.96363857481
10.3227636498,1.4726323923
15.5932263996,1.07984144394
12.6203520673,1.26605599647
16.4197873851,1.03869688844
13.8992653245,1.17739953642
7.52936170471,1.86707995087
2.26707102872,4.60507396957
9.62816122933,1.55184337318
10.3007779992,1.47499577813
8.26798924776,1.74018549114
4.45324752779,2.77144910371
7.31544389134,1.90799631238
3.92689562219,3.04644399042
6.59280873557,2.06324518997
13.2675151491,1.21932178096
14.4360316954,1.14431878188
14.2193478452,1.15740951034
12.3758165104,1.28482540736
7.44255441778,1.88343521725
4.7310557016,2.64813629312
15.3276138015,1.09388550787
6.64243522768,2.0516406991
8.07614091357,1.77118590091
10.2456677508,1.48095898235
9.26349502034,1.59756948758
16.4000053718,1.0396390735
12.3002948825,1.29075405921
2.55720423453,4.20630384031
15.0771933332,1.10752248647
9.60509769763,1.55464511787
3.43381900648,3.36992756604
12.3230793511,1.28895871168
12.43419713,1.2802856358
10.6887575952,1.43454399924
12.5221264335,1.27351815367
13.0155296759,1.23703439803
5.92118826444,2.23689634417
9.49093337607,1.56868921401
5.3848409265,2.4024821905
3.53541126299,3.29683221685
5.7097866103,2.29890507661
3.55882889694,3.28050269185
6.4887569811,2.08808030807
4.77124271405,2.63134303131
12.6684676099,1.26243769528
6.05113594648,2.2006697013
8.14930382322,1.75921284029
12.7618089735,1.25548661412
11.182389879,1.38664982082
8.107994837,1.76594976195
2.46069349694,4.32979108781
16.7537349055,1.02308621036
10.925163462,1.41113387423
12.7607517874,1.25556484327
14.6237730928,1.13325184038
3.72893758283,3.16729818828
16.3492683042,1.04206472587
16.6657272855,1.02714699823
7.12862003976,1.94548432382
2.51597409003,4.25804284968
10.0951431407,1.49753672735
10.4698491298,1.45704514277
8.36726362345,1.72463384465
6.52581286244,2.07915626252
14.3015504096,1.15240242384
12.2511697358,1.2946448695
5.42003208077,2.39074057351
7.43977707109,1.88396401129
8.6045941071,1.6887329574
3.53282287686,3.2986487796
4.85625477547,2.59662216856
9.67667344916,1.545988344
13.9900130586,1.17165073544
5.90850066942,2.24050809819
14.8868331713,1.11815722661
9.18226001538,1.60818801875
14.048622567,1.16797246903
15.2056717861,1.10047686684
2.96701532022,3.76138818549
13.2694786637,1.21918607705
9.54545700342,1.56194519489
5.10287234416,2.50165992984
15.9837778794,1.05993602262
6.77300877593,2.02182084484
10.2938504718,1.47574229692
9.69467504371,1.54382876182
16.8875224652,1.01698416487
3.84554988028,3.094786053
8.71629591225,1.67242994166
7.11070198868,1.94917033202
5.03659852038,2.52637795379
16.2881611436,1.04500372093
6.30431748517,2.13386181972
6.34808328032,2.12278751945
14.7601527615,1.12536741627
8.35691198181,1.7262403399
2.75996967508,3.97169867659
8.12278096697,1.76353145206
5.34527935691,2.41584358301
12.6894983033,1.26086373365
3.5312101892,3.29978176412
2.34812586504,4.48499660872
15.1011357968,1.10620154691
9.86121031391,1.52417817947
4.49915256507,2.75015430648
3.34644893169,3.4358893416
2.57542148948,4.18390617512
16.3943074361,1.03991082637
15.288552773,1.09598685379
14.5301166608,1.13874136279
2.03227163203,4.9997661629
13.4285485449,1.20830792893
10.7845289108,1.42495190474
3.74179382299,3.15910988299
13.2147419629,1.22298231196
4.30479375866,2.84303007163
9.90162166173,1.51949718064
10.8534500078,1.4181408724
8.48647096475,1.70638150916
8.37544649288,1.72336638848
3.2373535226,3.52261520828
14.0394489087,1.16854642123
3.15206356878,3.59406668056
4.13850925584,2.92852541277
3.04534723907,3.68838644816
9.96378863827,1.5123611368
8.15589257745,1.75814383592
11.3372758403,1.37237749098
9.40443495984,1.57952859964
7.3523313479,1.90079208367
12.371735645,1.28514414531
3.78338539164,3.13295400626
5.05768631608,2.51845133152
7.45936030893,1.88024281359
8.02099009318,1.780337663
11.4213184615,1.36477528145
6.33800221923,2.12532650718
11.5549555129,1.35288668376
14.6183925478,1.13356554365
15.9620453505,1.06102123293
16.4267994463,1.03836339267
5.33125796167,2.420620797
5.24289872954,2.45123981233
7.10479252836,1.95038956651
6.19282372628,2.16269223842
4.61937280342,2.69614714359
10.6451541366,1.43896121365
11.2578249269,1.37965570533
5.13488941065,2.489919044
11.5489175808,1.35341862788
9.05292650546,1.62543763919
14.9749057645,1.1132074844
4.46244669513,2.76715097702
6.65474742124,2.04878514363
15.364765195,1.09189558109
2.1750225697,4.75089848344
11.6508160327,1.34450608952
14.6849802473,1.1296974451
13.5701148373,1.19881493147
2.45220552088,4.34105823375
10.3526159587,1.46943744772
11.0244173925,1.40156783342
9.72356907881,1.5403771057
15.8084385766,1.06876602955
6.74386776409,2.02838821958
14.2284994871,1.15684956275
3.78477861859,3.13208656314
7.09662647107,1.95207730716
10.7519925889,1.42819382837
5.40891090682,2.39443671383
12.9094668135,1.24467067448
8.88729508523,1.64816937548
9.32344820911,1.5898368406
10.4851338455,1.45544734914
14.2242842504,1.15710739562
3.9741381312,3.01916605129
4.80256508633,2.61842499463
6.16640285388,2.16965794994
3.69374536248,3.18996776105
2.45628401637,4.3356358253
6.04809847464,2.20150090416
15.8916475702,1.06455438091
9.94689048147,1.51429311359
8.98043970288,1.63529553454
15.6052900401,1.07921353894
13.7695518912,1.18573192294
10.9430520022,1.40939855859
8.81903986423,1.65775425675
16.2092040453,1.0488299535
5.41047712929,2.39391537195
5.83177984303,2.26264106336
9.19907264795,1.60597689668
2.25024719402,4.63094512264
9.44402341055,1.57454606069
11.4317695828,1.36383675702
3.8374678551,3.09968698395
13.1831035453,1.22518916787
14.6920663993,1.12928761723
15.0440871399,1.10935506834
4.27207786668,2.85938978708
15.9622657535,1.06101021414
3.0167743794,3.71463014227
8.29121669673,1.73651760775
12.2044618204,1.29836966615
7.31032731408,1.90900062372
14.4120865584,1.1457484456
10.8125686501,1.42217173828
6.59259642559,2.06329516451
8.82263588552,1.65724603672
8.4864072226,1.70639114887
4.05363237166,2.97452575449
10.2181326181,1.48395952318
9.01320473465,1.63082242722
13.2499657387,1.22053623373
16.7915931623,1.02135085596
5.08515407678,2.50821298573
9.4697378006,1.57132924832
3.13202295728,3.6113494886
9.77727980936,1.53400838614
16.3850050764,1.04035484162
15.4275817319,1.08855006971
6.73449157767,2.03051187172
8.42147809596,1.71627671936
7.32405612067,1.90630863061
7.41646690785,1.88841583181
4.68626210584,2.66715157188
7.4720084565,1.87784850314
4.79390475017,2.6219819146
2.36931680992,4.45479305502
5.80181640042,2.27142424158
10.0348222282,1.50430220728
3.99319400123,3.00832332593
8.25944161529,1.74153980959
14.6752701442,1.13025959231
5.20740851752,2.46379411411
9.18037116424,1.60843687527
16.6298767571,1.02881197802
3.48307352626,3.33402257611
12.6440793234,1.26426868566
7.05585008706,1.96055605514
16.2584297803,1.04644067033
11.6782359227,1.34213109009
6.29170144046,2.13707917732
5.14718390805,2.48544458242
11.1534355122,1.38935638537
6.74978980195,2.02704957576
8.24177935062,1.7443460788
14.9517461469,1.11450412029
9.1364332883,1.61425112602
11.8505872176,1.32742347331
17.1468922338,1.00539232131
7.32060279596,1.90698493808
9.40945147181,1.5788951975
4.75033521007,2.64004875031
15.6602136076,1.07636551757
14.9661612018,1.1136966525
3.5111212308,3.31397153055
14.8245694398,1.12168756207
6.52539541109,2.07925630132
3.46023831011,3.35055737979
7.5367267822,1.86570750297
10.2891862606,1.47624541404
13.9053209881,1.17701386823
15.2842599802,1.09621836473
13.7119972557,1.18947325529
2.72970301544,4.00477495747
13.8562243753,1.1801492
5.82206205317,2.26548095868
2.60034923016,4.15370410421
17.0266345612,1.0107284476
10.4375218706,1.46043798564
10.7072484756,1.43268031479
8.80484623423,1.65976377021
5.42296900383,2.38976669936
5.88431653292,2.24743032711
12.1174367683,1.30537666552
17.0302817757,1.01056564127
8.15678869349,1.75799856084
2.74798056747,3.98472436841
16.1579795642,1.0513297861
13.2046745621,1.22368353244
15.6849317931,1.07508947728
3.57348153515,3.27038057144
16.183681007,1.05007378367
12.2519843079,1.29458013093
4.4429162854,2.7762947538
7.45648320455,1.88078844646
12.9959519504,1.23843572879
13.449459215,1.20689470731
3.92333253063,3.04852465453
8.20389423708,1.75040114386
4.77330383221,2.63048841671
10.602522723,1.44331071299
10.1296849711,1.49369438158
7.56045452483,1.86130188354
7.644286091,1.84592862785
8.65405778773,1.68146819051
8.70776843183,1.67366161314
6.99900970914,1.97251931457
16.2647032625,1.04613708297
4.79226026615,2.62265859916
2.32079401414,4.52466540845
3.57105628076,3.27205092396
5.6321850502,2.32268783978
9.9341938942,1.51574851013
12.8705425271,1.24750077221
11.3756803682,1.36889133865
14.7569219566,1.12555271963
17.0335445403,1.01042004799
16.8177228332,1.02015711205
12.8335744073,1.25020256129
9.66259095104,1.54768268062
11.4146718043,1.36537294319
6.53325855806,2.07737384387
11.3998100118,1.36671151142
15.1796424097,1.10189584816
8.48618538482,1.70642469837
4.08159542857,2.9591856656
7.00436154979,1.97138565461
9.67345948542,1.54637465162
4.07629427202,2.96207962964
12.1471659405,1.3029730703
14.8050409963,1.12280017663
10.5884368669,1.44475457418
4.74199144408,2.6435417973
7.10766135745,1.94979745047
2.86677312098,3.85988720685
11.5838573381,1.35034715174
10.6672328441,1.43672059352
15.89505563,1.06438270461
9.90238793128,1.51940874415
6.07126398297,2.19518008987
4.54820651656,2.72781552711
5.06903255945,2.51421034453
14.0553210295,1.1675537927
13.2038185122,1.22374320174
6.67939130779,2.04309722505
12.3570451906,1.28629307713
14.9977393347,1.11193253803
9.73418229199,1.53911376944
15.9598702137,1.06112999056
10.1374358782,1.49283534212
10.7357776138,1.42981591655
10.0586487608,1.50162137472
2.72287649358,4.01232415194
2.84187917161,3.88528982848
4.71227261326,2.65607132105
7.25622590232,1.91969583544
12.1384946349,1.30367307739
13.8677197999,1.17941335339
9.70535515498,1.54255082756
10.2778809658,1.47746654844
13.4966972708,1.20371630915
12.1314978607,1.30423854389
2.51402245947,4.26052874304
5.25086965248,2.44844063306
14.3744519482,1.14800388099
7.91715230959,1.79787129383
13.0983793138,1.2311448517
15.4211818609,1.08888982437
12.845348173,1.24934060543
3.79810717064,3.12381620292
15.8817175423,1.06505496032
9.29414366421,1.59360556529
12.1472519363,1.30296613251
3.70441296537,3.18305622327
5.70390032718,2.30068918204
3.49970357938,3.32209992311
10.2499315836,1.48049560969
9.0025699933,1.63227116346
3.53448960045,3.29747878429
6.88039449975,1.99804114068
3.97195712127,3.02041284995
9.40768758239,1.57911784482
4.33961744889,2.82585400351
13.8810199026,1.17856331794
10.6385815747,1.43962979242
16.3246855487,1.04324473456
11.1177395964,1.3927101212
13.3626117083,1.21278954889
17.0726831048,1.00867738123
4.06497374076,2.96828177332
14.1293357197,1.16295078868
16.5788750654,1.03119147912
8.07767160579,1.77093345879
8.07819181464,1.77084768491
9.97530746646,1.51104746922
13.8253336651,1.18213188991
14.8783130838,1.11863878417
6.80883771515,2.01381378278
8.54819844531,1.6971056197
17.1462506763,1.00542061475
6.2345928929,2.15178563071
15.4475250654,1.08749290524
6.56251331768,2.07040489766
6.59170942687,2.06350398102
11.7274239851,1.33789501245
9.84572781116,1.52598049269
12.8555667036,1.2485936294
6.85358634032,2.00391642738
3.51280266941,3.31277840103
5.97071850344,2.22292547868
9.95335411537,1.51355344362
14.1283357048,1.16301269839
9.26956483016,1.59678262927
13.1046995288,1.23069824453
12.867783764,1.24770192484
5.49048769154,2.36762967761
8.0803251078,1.77049604116
13.455335856,1.20649823461
10.8071938708,1.42270367351
5.82941122285,2.2633324967
13.0428305564,1.23508641524
14.1475423989,1.16182497593
8.19182586172,1.75234029746
14.3210344059,1.15122300824
4.05446651659,2.97406547419
14.8941646247,1.11774323734
12.7785684841,1.25424796691
7.37789324122,1.89583680855
7.88588663975,1.80322985852
6.87984956907,1.99816016844
5.25770964441,2.44604453597
9.20625990327,1.60503382011
13.6904905347,1.19087836795
8.00354059523,1.78325624355
14.1024640102,1.16461705693
13.6875136724,1.19107316199
5.66323650289,2.31310289617
10.5703159118,1.44661700762
10.3093430958,1.47407400813
13.3675674699,1.21245136789
4.85441358988,2.5973628559
12.3944216896,1.28337457133
12.6140765169,1.26652970181
5.56255187386,2.34452257409
16.7132146746,1.02495121341
11.378961054,1.36859449189
15.8178794317,1.0682862258
15.4285662286,1.08849782693
9.94047028568,1.51502864685
5.45860110839,2.37802438817
12.6411423341,1.26448960244
6.6821157956,2.04247065787
10.8078285168,1.42264083926
6.44157885142,2.09957211084
7.15946394061,1.93917715348
3.04186675895,3.69156010239
5.25881619904,2.44565741532
16.1149104801,1.05344239336
14.7405413836,1.12649332508
16.6986389135,1.025624023
2.52969216814,4.24066428666
15.8288989562,1.06772682506
2.15893327114,4.77750324302
2.2721714339,4.59729706266
10.6002257595,1.44354593228
11.143213026,1.39031489434
17.0338373043,1.01040698647
3.32073625142,3.45587977781
7.71979073968,1.83233306637
14.5654004422,1.13666599974
16.6916667981,1.02594621619
4.56352328747,2.72092664735
9.43427147617,1.5757700227
16.1243245244,1.05297977516
12.5622980471,1.27045397962
10.4981374157,1.45409122533
2.1705300157,4.75829245398
15.7613779406,1.07116525736
12.7445156949,1.25676770184
14.9852689029,1.11262842129
13.7811224649,1.18498308507
12.9179567293,1.24405537693
13.4547810517,1.20653565199
4.17228344767,2.91067768555
7.61983116306,1.85038261719
14.1702251795,1.16042592912
13.9415263628,1.1747141745
11.5320265172,1.35490932872
12.3760631942,1.28480614591
14.8077233631,1.12264719902
5.8581968013,2.25496279269
12.4640986755,1.27797487679
10.1524422273,1.49117544254
3.33474131798,3.44495798752
16.9604748715,1.01369236466
10.0588982689,1.50159336029
8.47810204887,1.70764822548
2.12072407842,4.84209941668
16.3975119468,1.0397579726
13.7508469295,1.18694482711
10.2350057604,1.4821191559
2.62086291537,4.12922794887
12.0220119211,1.3131620469
5.02088447081,2.53232256861
11.4549192279,1.36176323172
8.49836708882,1.70458467786
8.58862112727,1.69109457307
12.5029898881,1.27498389808
11.6427424513,1.34520725767
7.21572315921,1.92779464606
11.3300690558,1.37303399005
4.36359345534,2.81416804333
15.7582416322,1.07132559761
3.05667212021,3.67810375945
8.88659938869,1.64826641925
4.7393508097,2.64464952087
7.67810406105,1.83981031499
4.91102919861,2.57480981259
7.19187346458,1.93260092583
13.4161591339,1.20914707232
9.76037669777,1.53600604091
16.5069843109,1.03456743171
3.7367556823,3.16231285812
3.66462061239,3.20901704572
8.0604556413,1.77377755913
10.0562921636,1.50188603033
7.47562093793,1.87716595906
4.21347030316,2.8892524014
5.00057580635,2.54005378567
15.3964045736,1.09020752754
14.1339608938,1.16266454959
10.1628607335,1.49002554484
6.05798237567,2.19879885711
13.3272469964,1.21520923042
14.0654778722,1.16691962255
8.43255498522,1.71458081066
11.1522093613,1.38947127387
2.20859010447,4.69648727223
4.07468504644,2.96295943001
14.2097019935,1.1580003803
16.473528184,1.03614731275
4.7293619057,2.64884958187
4.03575737394,2.98442920257
15.9815765784,1.06004582653
14.8515956826,1.12015199688
6.12908331934,2.17958661147
4.40763500409,2.7929925992
10.68900955,1.4345185669
13.7073080839,1.18977928672
15.4538567151,1.08715777449
15.658501105,1.07645405374
12.7537163892,1.25608573465
5.97120064821,2.2227904796
4.37394672368,2.80915654823
5.08939040364,2.50664255528
4.88428626874,2.58540587887
14.1437385122,1.16205997999
2.3411668385,4.49501975808
8.82556147696,1.65683283516
9.35012710641,1.58642379224
12.1173367625,1.3053847684
6.71017942595,2.03604264437
9.47773699186,1.57033168643
6.58858388606,2.06424018585
15.9246086979,1.06289670959
11.4097868004,1.36581258746
4.4656195786,2.76567210942
16.2662269252,1.04606338061
11.8489727677,1.3275595024
9.77057596719,1.53479993952
8.83231367519,1.65588009091
12.0621947871,1.30987051397
12.2867602949,1.29182330526
9.70009429525,1.54318001037
11.4868024905,1.35891942194
11.4165696467,1.36520222864
6.48785992211,2.08829745069
5.29436123398,2.43329768416
9.60294184015,1.55490761267
8.29333246844,1.73618439744
3.2455093798,3.51595522529
5.64381913128,2.31908581523
13.9588509965,1.17361744578
4.35574710835,2.81797996321
6.13853315539,2.17706253509
9.23864652146,1.60080015842
5.57277656285,2.34128650711
15.7446867804,1.07201921774
14.0136179778,1.17016607574
8.6695928223,1.67920154045
2.45098934054,4.3426782197
6.31687511339,2.13067054282
13.7964800329,1.18399085581
4.34520039661,2.82312277243
8.00927360299,1.78229611921
8.96986047568,1.63674593134
9.82838659279,1.52800508336
10.3759465715,1.46695170352
9.89227515392,1.52057684317
12.9819740158,1.239438504
9.03287857263,1.62815020417
5.21401016538,2.46144751522
11.7684102386,1.33438897995
6.5883018672,2.06430664402
10.4150233063,1.46281016365
10.7084731639,1.43255707832
17.1294615153,1.00616169649
14.7459026193,1.1261852706
7.75531842808,1.82601615903
7.11688397382,1.94789676906
4.15158148432,2.92158731331
7.81746564281,1.81508729025
7.8218726291,1.81431808083
15.1102663423,1.10569876784
11.9686657584,1.31756173628
5.27505822367,2.43999162851
12.5443282178,1.27182254074
12.998388603,1.23826111704
5.21267951978,2.46192008288
8.12660446282,1.76290736407
14.8777877032,1.11866849463
8.61964435236,1.68651478633
13.3397564236,1.21435204088
10.6453393479,1.43894238393
16.723108275,1.02449511538
9.52778224248,1.56412397556
5.60971869452,2.32968066881
14.040567959,1.16847637238
7.77319530775,1.82285674581
13.6581308748,1.19299984554
5.87403038322,2.25038966445
16.6068571176,1.02988438168
6.35175519277,2.12186447631
11.2640756933,1.37907983581
9.61605058809,1.55331309895
13.4029967048,1.21004006151
11.1542361308,1.38928138056
14.663701717,1.13093017483
4.61364935215,2.69866236391
17.0811280735,1.00830228199
12.001188534,1.31487536452
15.0781320923,1.10747062459
5.01959332298,2.53281245841
14.0929444599,1.16520868296
14.4485053604,1.14357567643
5.49126961468,2.36737610723
10.8144291446,1.42198771538
4.23672718618,2.87731559013
7.74743300572,1.82741382299
16.2004914706,1.04925416286
13.9718757429,1.17279448887
6.90167768833,1.99340519433
12.1440704614,1.30322285802
7.83100969945,1.8127256842
3.19897235638,3.5543558411
2.17155041522,4.75661069969
11.7823781519,1.33319902466
8.84573605513,1.65398995975
12.3356725467,1.2879688993
16.4041058462,1.03944361104
10.1975593448,1.48621068377
14.3844359619,1.14740453329
12.067850473,1.30940877689
6.59369487311,2.06303663711
6.27998886572,2.14007626587
13.3965379715,1.21047880871
12.1263185883,1.30465749139
10.3062806384,1.47440343361
10.0049601036,1.50767792195
10.8947158766,1.41409898327
11.7968929506,1.33196509499
4.8913236463,2.5826076937
11.5397849659,1.35422414129
13.4280094313,1.20834441523
12.2538692429,1.29443035358
2.69869661576,4.03933268993
11.9503761655,1.3190780773
2.99619108316,3.7338070198
13.8605054713,1.17987503297
7.46659897275,1.87887165558
4.98901025951,2.54448125736
14.9987041047,1.11187874354
6.03694677895,2.20455884338
5.78063485831,2.27768128401
10.5988257594,1.44368934234
6.98763841495,1.97493310174
11.9278891679,1.32094799613
8.12747592798,1.76276519164
3.49267363115,3.3271277965
4.9704200276,2.55163569827
12.7186253632,1.25869136374
15.9826724464,1.05999115982
2.84654524716,3.8804987734
9.66113744668,1.54785780543
10.2823965376,1.47697851961
8.64410033508,1.68292479254
5.96948568827,2.2232707501
4.91486584346,2.57329794798
11.3053486116,1.37529145896
2.20906110356,4.69573412003
8.82042288248,1.65755875399
4.62619513689,2.69315613409
3.95331645711,3.03111814184
14.2101012319,1.15797591046
6.83044941256,2.00901959332
7.65589336764,1.84382331422
13.1021305924,1.23087972849
7.59400521201,1.85511358421
16.1920446394,1.04966581515
3.17246297707,3.57667106391
8.91729045095,1.64399789564
6.3196687034,2.12996211723
15.3275546188,1.09388868459
3.98682730694,3.01193585174
14.7035093668,1.12862654348
17.1970889722,1.0031843207
2.19667319599,4.71563713369
4.35056431163,2.82050447946
10.6119905198,1.44234211017
8.20309857348,1.75052883763
12.3704234433,1.28524667461
12.6945576364,1.26048576909
3.83291245105,3.10245735336
14.9730026586,1.11331390093
12.8739246239,1.24725427283
16.8531031171,1.0185459198
6.18800771815,2.16395806727
7.29674604906,1.91167241621
13.242089236,1.22108221956
3.12221714126,3.61987670092
8.13554946325,1.76144932904
3.27076918357,3.49551310044
16.3049888536,1.04419245413
17.1895126123,1.00351685759
6.79960797709,2.01586937784
13.7662354889,1.18594676107
11.7694711131,1.33429851503
6.55132776392,2.07306303481
5.35521014971,2.41247333484
12.5937736218,1.2680650841
12.6935254364,1.2605628596
12.9532481526,1.24150524424
11.8280389009,1.32932627757
8.22207033793,1.74749001121
13.5130148069,1.20262291363
11.4797457033,1.35954765554
7.72050584427,1.8322054169
9.37470412837,1.58329470312
11.6824486426,1.34176706708
12.8333388274,1.2502198222
9.96754433852,1.5119325248
9.08726521533,1.62081584566
2.0900137905,4.89551492693
6.34674248542,2.12312480087
17.1772524694,1.00405551655
7.83457798648,1.8121046914
16.3999137889,1.03964344008
8.63871970614,1.68371310907
10.1235312508,1.49437722408
11.6874978732,1.34133106372
13.2922531998,1.21761463274
5.14412902952,2.48655462593
16.173255381,1.05058285145
14.6025812801,1.13448856389
4.77688948549,2.62900321414
16.7530052762,1.02311972273
13.2067886032,1.22353620632
12.6055130504,1.26717677542
9.78783953214,1.53276347805
11.9883640742,1.31593313628
9.84595521883,1.52595398431
3.87249183714,3.07857801467
4.5175333489,2.74173405947
12.8099504593,1.25193625349
10.4150426045,1.46280812507
2.4041799285,4.40611904029
4.99000003685,2.5441016517
2.29524883752,4.56248829428
3.56954550114,3.27309245269
8.38276951684,1.72223395326
5.04546691112,2.52303737103
4.19497790385,2.89882650098
3.30436669162,3.46874824997
13.321134211,1.21562861271
10.0719570983,1.50012883012
12.1837969992,1.30002559587
14.7287790109,1.12716987465
14.2132427137,1.15778340698
6.05904184589,2.19850967894
15.0235393807,1.11049604031
13.2686494024,1.21924338529
8.62746033761,1.68536550732
14.83535259,1.12107430212
7.6085375497,1.85244799352
8.51530753046,1.70203352832
5.10103804124,2.50233649121
4.99489448276,2.54222644035
14.3461599983,1.14970623655
7.54716990517,1.86376549895
12.8510638631,1.24892265942
3.37374522446,3.41496011919
4.90041114116,2.57900476416
10.6294134871,1.44056360485
14.2112861672,1.15790329133
10.2209736719,1.48364927448
12.750064485,1.25635631524
9.52871530589,1.56400877913
10.4600649877,1.45807007896
8.72753093762,1.67081042395
4.87643896929,2.58853444528
14.8645445373,1.11941800814
9.25914643395,1.59813377116
12.2801282853,1.2923479944
9.33178387507,1.58876861725
2.68671370569,4.0528751207
5.72071049965,2.29560262091
14.6546252976,1.13145695338
11.6540491642,1.34422553968
13.9815848685,1.17218190042
9.04168792883,1.62695696536
7.52617450579,1.86767460001
10.1599672275,1.49034469587
3.65686616415,3.21413369429
12.1871552705,1.29975615345
10.9164480083,1.41198114005
12.0708373526,1.30916507738
17.0601095869,1.0092364605
13.716331477,1.18919055218
9.46527855955,1.57188599184
6.7546532761,2.0259517524
7.30204489401,1.91062895805
14.2360017333,1.1563910047
5.36726613568,2.40839653947
15.1182450278,1.10525985227
16.8739160153,1.01760088131
10.9740792237,1.40640045426
6.63028865768,2.05446694382
10.5924181326,1.44434613618
3.70186797132,3.18470195462
6.08751505434,2.19077107342
3.1814814329,3.56904289484
10.8930934528,1.41425738891
12.3069553607,1.29022863122
3.47071919395,3.34294458724
5.62588131495,2.3246449881
4.31315075023,2.83888600311
8.88818555619,1.64804518175
15.011303674,1.111176762
10.4176595014,1.46253174728
14.7627713224,1.12521728041
13.62259661,1.19533961641
2.41860364877,4.38634131759
11.7605226115,1.33506203701
14.4677968935,1.14242861457
9.92752695874,1.5165140397
6.27796030296,2.14059634272
12.1611492703,1.30184608273
2.49036948888,4.2909279086
16.263268048,1.04620651801
6.59136545177,2.06358497261
6.36493334671,2.11855944431
13.3912170292,1.21084054335
2.32171245766,4.5233191217
7.27314979589,1.9163352007
10.3638100668,1.46824355556
17.2143833234,1.00242620861
5.7259077723,2.29403528342
9.81845743417,1.5291671348
4.69203783719,2.66468186593
2.99110506223,3.73858113237
11.8473518092,1.32769611258
9.84988785664,1.52549573546
15.1394527377,1.1040951653
10.7338149517,1.43001254552
11.3142212202,1.37448021885
2.70617462875,4.0309347127
7.06952053319,1.95770397363
2.45218234753,4.34108908814
11.604203786,1.34856600825
10.206900992,1.48518752037
16.3093653564,1.0439817025
14.6592230075,1.13119003941
11.0355034395,1.40050872953
15.068535166,1.10800107507
15.6248814548,1.07819562806
9.24489836369,1.59998589452
3.87901103009,3.07468577759
3.68760516743,3.19396187322
11.9748231754,1.31705215449
16.6919481745,1.02593320875
12.5376783211,1.27232986021
2.14255685226,4.80494191237
4.34159394735,2.82488637804
2.88010359372,3.84644262232
13.4669268364,1.20571712767
3.6684641013,3.2064880064
4.66784602323,2.67506203929
8.72260731673,1.6715197091
8.56416117664,1.69472594594
10.3126624441,1.47371714275
2.72250008011,4.01274137818
7.3808393358,1.89526762917
12.0306046323,1.3124565659
7.94565792014,1.79301798174
10.4413448214,1.460035796
16.939056803,1.01465622699
8.75413912469,1.66698941034
7.35006852209,1.90123219603
8.79808316733,1.66072327317
8.56442100725,1.69468727549
15.9976112597,1.05924660056
12.2865067856,1.29184335244
7.28004935276,1.91496906082
8.73063771208,1.67036323004
14.7693961899,1.12483765018
16.1574508551,1.0513556603
3.53573312565,3.29660649238
3.01350442787,3.71766132738
6.14556600555,2.17518845655
8.48590971998,1.7064663905
12.9616471237,1.24090013313
6.63249750793,2.05395231744
2.72038639155,4.01508612279
9.88910513798,1.52094343379
10.6463502854,1.43883961595
16.2556513509,1.04657519013
10.5932798525,1.44425776775
6.49939703804,2.08550877545
4.99366364585,2.54269770838
17.0076845557,1.01157533266
7.60758909371,1.85262169169
11.4822231565,1.35932702212
17.213777152,1.00245275807
4.24313521277,2.87404676228
15.5629181203,1.08142273301
17.2264387778,1.00189853673
14.1334107425,1.16269858831
5.22326267699,2.45816739663
6.03046086945,2.20634191994
3.85129216683,3.0913148892
3.5952970974,3.25544427171
2.15908294982,4.77725413878
15.5970753063,1.0796410183
9.07045382886,1.62307473146
12.5031144826,1.27497434217
16.1592681695,1.05126672998
15.9323490718,1.06250830431
4.86252357272,2.59410399027
7.89402151226,1.80183205926
17.1844304672,1.0037400639
9.6756339893,1.54611325897
15.075585184,1.10761134206
2.60761793783,4.14499276804
2.40791177158,4.40098205547
12.4090084293,1.28223975999
10.7766441422,1.42573596967
3.85704220304,3.08784811539
3.24169345117,3.51906761581
10.6571665489,1.43774114563
12.0553277867,1.31043165438
5.65388205145,2.31598071409
11.4899332911,1.35864091754
11.5456141709,1.35370986582
8.75730887506,1.66653558106
8.58686241619,1.69135507002
16.7536824117,1.02308862134
11.6290194153,1.346401022
15.539396193,1.0826536779
2.3472511469,4.48625361203
12.7081195605,1.25947390726
15.9066329618,1.0637999939
2.71708538313,4.01875437029
16.1990730414,1.04932326306
16.8470955755,1.01881908096
9.39329641738,1.58093710926
5.86227991449,2.25378141835
4.56182937823,2.72168650761
16.3100090163,1.04395071525
5.42271081438,2.38985227709
7.89632826005,1.80143615448
9.64320119083,1.55002265317
14.4172482874,1.14543990867
10.3388843518,1.47090506602
10.2313253658,1.48252012604
14.4288588121,1.14474660854
4.36830621745,2.81188425238
15.3365838149,1.09340427686
9.80411006979,1.53084990945
10.9237280729,1.41127333296
6.238767237,2.15070267605
4.61768092389,2.69689008603
9.40592052003,1.57934096599
5.39311743911,2.39970863976
9.96017718059,1.51277355445
10.208896144,1.48496920977
8.26542947655,1.74059081333
5.13824021949,2.48869769054
9.51180811184,1.56609921963
16.1435858509,1.05203472198
4.66724530565,2.67532099318
7.93759401209,1.79438782996
17.1904107776,1.00347742246
16.4104447986,1.03914161263
3.42740235954,3.37467160992
16.3260971696,1.04317689042
5.0122218253,2.53561360054
15.6366980771,1.07758275244
5.99202496162,2.21697790302
16.3505180526,1.04200481914
6.20863558436,2.15854838436
2.63417536061,4.11352286321
6.36610335915,2.11826658898
5.14757856739,2.48530126024
15.5300633504,1.08314298747
5.40001041314,2.3974044137
13.3517676546,1.21353031383
7.2428496368,1.92236173802
10.1107041635,1.49580291182
7.01752438109,1.96860386813
6.66189693343,2.04713120843
6.72205611817,2.0333364363
12.5557990561,1.270948539
17.1009719064,1.00742215814
7.24380207603,1.92217163078
13.328592606,1.2151169569
6.74849391244,2.02734232848
4.77259067336,2.63078404516
13.3702804341,1.21226632833
13.3599569128,1.21297080245
3.47237942581,3.34174237189
10.6635506555,1.43709370938
5.96967206933,2.22321854281
2.40137767596,4.40998561162
16.5366325528,1.03317205
5.28572730671,2.43628648369
13.8111778072,1.18304306544
14.0959601693,1.16502118531
9.54748071313,1.56169618167
10.3627507697,1.46835643664
14.031549304,1.16904118876
10.4934235504,1.4545824874
16.273728856,1.04570067475
4.96722810893,2.55286882464
11.3952365096,1.36712405192
8.47282850608,1.70844755299
13.3007625173,1.21702869931
3.25044231076,3.51194126171
12.7449477221,1.25673566013
11.6312424486,1.34620747325
10.302484598,1.47481200799
5.58916984617,2.33611976214
15.4656861811,1.08653229152
9.55850044185,1.56034184838
16.7363614324,1.02388488107
12.911394726,1.24453088888
12.3021099087,1.29061082706
13.7980249299,1.18389114948
8.27500422695,1.7390758434
16.6440930472,1.02815098948
6.82437895764,2.01036353429
14.7726113814,1.12465351494
15.8413853151,1.06709378523
16.3364069204,1.0426817033
8.22502375742,1.74701804839
16.52632884,1.0336564925
2.50575307886,4.27109951155
2.46219623849,4.32780340439
2.63589198825,4.11150782515
8.63940861254,1.6836121293
2.8219818806,3.90587575205
2.63410848417,4.11360141171
6.59498268301,2.06273363801
10.3673387058,1.46786768168
6.7909313947,2.0178062403
12.7661735085,1.25516376952
9.88523276102,1.52139152714
13.962702652,1.17337394232
11.859525298,1.32667096239
10.9358058409,1.41010088849
14.6780810556,1.13009679314
15.262825912,1.09737601389
3.19087970022,3.56113367551
11.68935024,1.34117119374
5.24187734305,2.45159903551
16.3992957,1.03967291101
14.5995065746,1.13466826051
7.07669153944,1.95621173868
6.41153698492,2.10696696385
6.37574684605,2.11585640115
13.8058620072,1.18338565231
14.9924715401,1.11222637126
13.3592299482,1.21302044625
8.54115574778,1.69815799993
5.10318434162,2.50154489559
6.71436836958,2.03508719958
10.4417632291,1.4599917935
12.7707997708,1.25482177604
9.47983283905,1.57007056169
14.6907770665,1.12936216007
7.71456196248,1.83326705716
6.62843043438,2.05490011251
11.9036789058,1.32296813114
10.065755813,1.50082388086
11.5044325986,1.35735284477
17.2403400597,1.00129087489
3.23034835543,3.52835906369
13.8566114945,1.18012440227
15.8190324751,1.06822766014
5.14333381945,2.48684376889
5.22580734469,2.45726706784
7.46714598397,1.87876813458
7.38420610303,1.89461766389
12.3434726794,1.28735670425
12.4168932807,1.2816273112
14.3548808119,1.14918086955
8.50345872393,1.70381696597
8.95805557288,1.63836790881
11.9070709121,1.32268466433
2.34598263769,4.48807796697
13.8062076626,1.18336336887
12.2036252209,1.29843660976
10.5274754758,1.45104238454
2.2210156708,4.67671187397
9.40928213607,1.57891656877
12.2561994308,1.29424525212
5.77485971354,2.27939424063
9.03866424691,1.62736629736
14.6460698921,1.13195401689
7.86788665361,1.80633175933
6.5057747605,2.08397091409
15.7721194816,1.07061653145
4.72863526275,2.64915572185
12.2955226281,1.29113083673
11.1251153524,1.39201560204
6.57200725845,2.06815497623
2.64542214749,4.10036266695
2.77919526051,3.95101651809
5.09089566786,2.50608509664
8.86961365558,1.6506399222
7.9077122009,1.79948530409
9.84479738324,1.52608896169
9.63040234077,1.55157175101
11.6876717321,1.34131605681
6.06541664519,2.19677157143
14.7763917561,1.12443710124
7.04236468055,1.96337903368
11.7304902233,1.33763197861
12.9195035601,1.24394334832
4.64964328122,2.68293478797
7.20210602686,1.930535406
9.9066771429,1.51891394018
3.01695580608,3.71446213162
4.59831997055,2.70542600499
7.47894041992,1.87653928374
15.8658781318,1.06585457174
15.2827182028,1.09630154082
11.1135390176,1.39310601885
10.7452232722,1.42887048512
3.00266401537,3.72775154645
8.51056214023,1.70274726427
3.22757192485,3.53064162872
6.48837681282,2.0881723254
7.59191095487,1.85549845977
12.925232833,1.24352861266
10.8518151837,1.41830155383
4.22844723176,2.88155216598
9.90917580013,1.51862586776
15.8417594346,1.06707483142
10.5920186188,1.44438711016
5.04892015964,2.52173936825
12.5427073217,1.27194615519
11.9942670529,1.31544600772
12.1158345121,1.30550650093
7.07459178556,1.956648408
2.23878503386,4.64876621867
16.4060886575,1.03934912458
15.4582331811,1.08692627112
12.3668143731,1.28552876874
4.55960817874,2.72268365122
14.2788940439,1.15377741613
8.3625387322,1.72536667924
9.41473084688,1.57822924403
13.1389860461,1.22828200781
7.70201584788,1.83551263819
16.7450917452,1.023483361
5.68980362763,2.30497496978
8.34720593711,1.72774981391
7.09256152758,1.9529187088
5.16458414865,2.47914384571
10.9742913771,1.4063800054
8.04262812084,1.77673392837
15.6046197132,1.07924840672
8.41242205323,1.71766613628
7.8998178524,1.80083762429
5.69831701426,2.30238444227
8.8498504708,1.65341157623
12.712627502,1.25913798637
4.21431444184,2.88881712119
16.272522887,1.04575896157
9.71777285566,1.54106807554
5.08815167996,2.50710152019
4.27198796451,2.85943504537
5.78728475372,2.27571257932
8.00610629815,1.78282640852
10.4630724732,1.45775485156
10.7337772612,1.43001632215
2.4529407571,4.34007956129
6.96866829895,1.9789752476
6.20153584442,2.1604067414
3.05397565863,3.68054601393
5.41813843207,2.3913689917
5.88317194469,2.2477591782
11.8543517081,1.32710641381
15.7339197267,1.07257092853
2.03266981747,4.99902950719
17.0752820203,1.00856191086
9.06651482659,1.62360506217
5.84635026566,2.2583985518
3.48257148246,3.33438405931
10.0005686738,1.50817583324
10.7449555331,1.42889726352
4.21357257928,2.88919965457
16.7994356374,1.02099222785
12.227692067,1.29651401727
2.95189780857,3.77586715884
4.46919453887,2.76400803976
2.44842342726,4.34610071212
13.3035926236,1.21683396975
9.23213606533,1.601649132
6.39443573367,2.11120364082
14.4555310664,1.14315762205
17.1457419964,1.00544304945
5.67666122448,2.30898741661
13.1072767237,1.23051623977
5.49250036045,2.36697711599
4.21047060973,2.89080043064
4.62057794958,2.69561822743
14.5947551485,1.13494608104
9.9796592415,1.51055186146
15.1090584687,1.10576524959
9.6661937997,1.54724879196
6.07174071378,2.1950504555
15.5174188227,1.08380674714
2.68995086308,4.04920624263
15.8829844765,1.06499106279
10.840510239,1.41941384111
2.50480887547,4.27231037773
5.31452768353,2.42634983591
3.69688486662,3.18793004842
12.6796745754,1.26159838362
15.0053186908,1.11151008492
3.53127924225,3.29973323272
5.90377979887,2.24185545064
7.49833616009,1.8728873385
5.96248922388,2.22523260112
8.54054061041,1.69824999123
3.07572414777,3.66095480153
12.6879883698,1.26097658652
17.0587092669,1.00929877016
8.54143243663,1.69811662602
2.98951966542,3.74007221126
3.87753038452,3.07556877997
9.78215436335,1.53343342205
9.12622016694,1.61560964034
14.785632394,1.12390851403
2.09581538772,4.88531897305
13.4371130305,1.20772864292
6.97061144245,1.97856031729
10.4135107231,1.4629699678
13.9677834411,1.17305291242
10.6553651293,1.4379239573
4.96098404039,2.55528509985
14.6213767188,1.13339153179
11.785874773,1.33290152704
11.9367646867,1.32020921014
12.9330094006,1.24296619067
14.1810490096,1.15975971028
5.47712466872,2.37197298363
2.21720410356,4.68275736852
3.8857297635,3.07068638105
2.48997717987,4.29143637404
16.243374319,1.04717007466
6.99923067665,1.9724724778
7.96956108579,1.78897172848
16.3480821556,1.04212159138
5.67590224169,2.3092196353
13.0877623975,1.23189592837
4.68100130975,2.66940573695
12.1171881397,1.30539681064
4.79092820006,2.62320702599
7.26846884995,1.91726334028
13.7138535547,1.18935215752
11.0138075673,1.40258319054
16.1778452952,1.05035866195
4.68366119263,2.66826546618
8.12943791099,1.76244520786
8.38547222465,1.72181644329
8.5176279404,1.701684778
12.1282199516,1.30450365511
16.4612904567,1.03672661361
4.1705274452,2.91159938935
12.0414331823,1.31156877381
12.1608138784,1.30187308709
14.3852197611,1.1473575121
15.9664750557,1.06079982632
3.2057471515,3.54870481349
9.35102214735,1.58630958491
4.41435528224,2.78979401695
14.4982001465,1.14062628677
9.89479030916,1.5202861291
16.0261269615,1.05782873784
15.3988963708,1.09007484103
8.82872620526,1.65638612878
2.26652187268,4.6059131304
9.54533714337,1.56195994632
10.3645343006,1.46816639122
16.9687435517,1.0133208254
10.8032464089,1.42309464423
9.06002054742,1.62448030664
14.1054816547,1.16442966081
9.61504015312,1.55343587012
16.7004703398,1.0255394288
3.43360108417,3.37008842853
3.18444731884,3.56654250298
11.4253173522,1.36441599816
6.7115943929,2.03571979154
2.60464921803,4.14854554712
2.16675579074,4.76452493593
12.0127809016,1.31392091949
10.3989027231,1.46451539611
12.2655105455,1.29350622687
3.65296036506,3.21671807881
14.3889357336,1.1471346469
6.53082200521,2.07795673621
3.45936218459,3.35119558377
9.58829605978,1.55669360374
3.76521188155,3.14432058687
4.07588224828,2.96230483446
16.0786656836,1.05522793917
13.7725056815,1.18554065133
10.762719953,1.42712305493
7.17302475922,1.93641918895
6.00546979269,2.21324388755
8.55810492135,1.69562787784
3.70800088249,3.1807394434
12.6779659197,1.26172626421
2.55521011261,4.20877254714
6.67895486636,2.04319763778
15.3486830854,1.09275594545
5.12059510601,2.4951449729
4.25890444645,2.86603935587
11.7590831366,1.33518495382
2.62683708773,4.12216279267
15.4762654303,1.08597362338
8.27502078599,1.73907322599
3.34801762699,3.4346784618
9.97423289468,1.51116990659
13.6347130625,1.19454060235
16.5673677467,1.03173013122
10.1152636425,1.49529577815
14.2464918278,1.15575053056
3.28821924148,3.4815520205
9.02244712251,1.6295657971
14.2976241353,1.15264043204
3.05578312219,3.67890853055
10.5397277851,1.4497735148
6.3407565347,2.12463211083
12.1116260397,1.30584766882
9.07292556965,1.62274215267
12.5257755419,1.27323909936
9.79730503002,1.53164956887
15.547250862,1.08224226603
10.5339195678,1.45037470118
7.80499568012,1.81726795969
13.1248579648,1.22927630115
17.0293401003,1.01060767044
13.6465623517,1.19376040856
8.42288380594,1.71606128399
15.1190523867,1.10521546126
3.14821846907,3.59736770656
14.0694372182,1.16667262729
9.93187284245,1.51601492228
12.242393762,1.29534282356
6.95353038667,1.98221468567
11.097956372,1.39457695084
9.34998570059,1.58644183739
3.98058320714,3.01548864751
3.8022295127,3.1212685789
9.40954784424,1.57888303498
12.7789212647,1.2542219245
7.23861988643,1.92320652735
8.33880674061,1.72905853251
13.2748695993,1.21881367546
4.14756856824,2.92371309713
2.88286593599,3.84367026197
7.57528328282,1.85856085258
4.37345949912,2.80939192294
7.66090530853,1.84291598237
13.1260817206,1.2291901026
11.4881610594,1.35879855237
13.0330078926,1.23578646223
5.53226717741,2.35416899465
11.6131083088,1.34778821986
14.6821599674,1.1298606525
6.8265326481,2.00988648805
14.5149988506,1.13963328447
4.45342390514,2.77136654867
6.22965938593,2.15306717499
15.7699313641,1.07072825716
14.6248051595,1.13319169064
11.8872030955,1.32434701504
3.0073686602,3.72336465217
15.8436981906,1.06697662184
12.2046250193,1.29835660811
4.77376024859,2.63029925731
6.51289589031,2.08225691306
5.07982897235,2.51019028693
2.3542087469,4.47627791296
4.01939518298,2.99356210905
3.99799653667,3.00560498986
14.2294757519,1.15678986677
9.54379143094,1.56215020949
3.38739936534,3.40460186229
5.82926017008,2.26337660781
16.3193116119,1.04350310628
3.34383284018,3.43791092296
7.80373205142,1.81748927587
13.0383627005,1.23540471828
2.29765572867,4.55889315724
3.47624800518,3.33894494056
14.2203860213,1.15734595729
10.0139698573,1.5066575713
6.27856218101,2.14044200431
6.86333360617,2.00177556094
13.6635581751,1.19264342099
8.81638536627,1.65812964577
15.973573431,1.06044525793
16.1032332756,1.05401688453
16.4628873691,1.0366509773
4.32163565159,2.8346928749
7.6550438069,1.84397721679
5.95806772156,2.22647449843
5.79361631313,2.27384179812
11.0993588349,1.39444441646
9.55152837814,1.56119840236
11.7536899338,1.33564571411
2.83057993468,3.89694901719
5.69373327848,2.30377837804
7.48858937823,1.87472044898
5.11778593527,2.49617499857
12.9422057673,1.24230184924
12.5246689328,1.27332370883
13.173231603,1.22587966025
10.629489187,1.44055588868
12.8301491465,1.25045358442
3.62469113857,3.23556858676
7.07084409499,1.95742835038
8.77388009133,1.66416767322
5.20160058037,2.46586289753
14.0539741864,1.16763794682
4.13814498881,2.92871929777
3.62539031439,3.23509925666
7.82371899263,1.81399603633
13.1100285065,1.2303219746
3.75636762071,3.14988705119
9.6411967469,1.55026502136
9.91446915783,1.51801601205
10.470065638,1.45702248147
6.20315215888,2.15998334344
16.414883222,1.03893028027
6.76332010242,2.02399883425
14.3741462466,1.14802224399
14.0791619135,1.16606648976
11.1220441352,1.39230469728
3.01327428403,3.71787488358
14.0339947071,1.16888797629
14.7387799853,1.12659457717
8.92518433497,1.64290417046
7.13145023513,1.94490359491
3.15738682378,3.58950828301
3.34743511144,3.43512799095
9.39484488672,1.58074112452
10.3897547546,1.46548512807
5.22240043892,2.45847263939
9.59588210442,1.55576792139
14.8367167878,1.12099677303
4.95752212914,2.55662705758
9.82559638364,1.52833142548
14.7501418787,1.12594182334
11.4267444791,1.36428783022
7.75179678168,1.82664005089
8.40586958904,1.71867307861
10.2430509589,1.48124352994
4.83418309766,2.60553388651
14.1946637629,1.15892297109
8.13752737429,1.76112730869
9.24036654576,1.60057603961
3.8464811514,3.09422249065
13.4509931851,1.20679118741
2.50993575296,4.26574516287
11.9480311365,1.31927279148
6.50286261954,2.08467279132
12.1932033047,1.29927123268
6.01835250813,2.2096797032
11.3253479331,1.37346445557
2.30718124874,4.54472952182
6.595406107,2.06263403641
15.7811524292,1.07015559472
5.00805986624,2.53719832014
3.97653284596,3.017798466
3.69701679445,3.18784448632
9.62615171337,1.55208702025
4.07697033829,2.96171019029
12.0366645778,1.31195956132
7.99516777909,1.78466063171
2.19274408376,4.72199097347
16.8936228887,1.01670794392
7.1970930308,1.93154667413
7.39768972281,1.89201980281
7.98205786956,1.78686476521
10.7584254776,1.4275514921
10.2103639815,1.48480864594
15.5283305361,1.08323389353
2.65545915137,4.08870058073
5.10497672449,2.50088427819
16.2415613361,1.04725798965
13.3080664753,1.21652628794
2.33431648007,4.50493750793
2.63947549688,4.10730877715
10.1585413221,1.49050203049
15.301553294,1.09528642802
6.68186410089,2.04252852288
15.0268293473,1.11031317189
8.52660641289,1.70033690853
6.07831649453,2.19326416306
7.80035485209,1.81808107821
13.6246576553,1.19520361383
3.50974241511,3.31495066963
3.74459364665,3.15733317213
13.2475171811,1.22070590267
5.0642043228,2.51601300286
15.5180389127,1.08377417414
13.0532835916,1.23434245644
3.45574049475,3.35383677169
5.6189329204,2.32680674331
8.19916129838,1.75116103915
9.25385274159,1.59882132109
15.5424858804,1.08249180278
5.69274421714,2.30407941421
4.58796711219,2.71001629428
6.87613891076,1.99897111711
5.95378630225,2.22767858949
5.54486537046,2.35014494743
14.7727325392,1.12464657756
2.96394693446,3.76431650035
6.10361178428,2.1864242137
11.2028051169,1.38474883709
4.36366787667,2.81413194539
15.5108304306,1.08415297273
11.0433995327,1.39975551345
2.77773971649,3.95257355972
2.77741933411,3.95291647489
8.65309589934,1.68160876989
13.7774761266,1.18521895413
15.4827114358,1.08563355118
12.2279163216,1.29649613376
6.47719199933,2.09088377293
7.35116764255,1.90101839098
9.37446876827,1.58332460045
10.1298763796,1.49367315375
16.2168332369,1.04845882127
5.73272323598,2.29198372292
10.599886864,1.44358064426
7.2521297678,1.92051128379
10.0854161614,1.49862289169
15.3498759402,1.09269207561
15.7005799187,1.07428348536
16.6179125578,1.02936902294
12.0714367537,1.30911618497
14.134562061,1.16262735708
8.88682775363,1.64823456281
3.22520027628,3.53259413976
8.4875681028,1.70621560897
15.4824930905,1.08564506638
11.1308040533,1.39148049094
11.7185911355,1.33865340261
11.8245861267,1.32961821104
6.37989349135,2.11482199659
15.832665886,1.06753575518
3.33491735425,3.4448212179
10.9692907519,1.40686218595
5.8002367004,2.27188950434
9.1648531584,1.61048477703
6.53772579996,2.07630614201
5.28063058144,2.43805483132
14.3528059732,1.14930581312
15.1603352119,1.10295112948
7.39243311286,1.89303159551
13.5324589717,1.20132302779
4.08657347591,2.95647408008
3.51593989926,3.31055493187
15.1509311574,1.10346598393
9.64461221367,1.54985209168
8.87285670328,1.65018613978
5.63491200248,2.32184237974
6.57459320211,2.06754313293
9.85716891057,1.52464815956
6.36596281543,2.11830176223
10.1776430082,1.48839755468
12.4731850425,1.27727461532
11.9445093468,1.31956534116
6.96524625313,1.97970646926
9.99480581046,1.50882982261
10.1316000804,1.49348202132
13.454910135,1.20652694604
3.15851355017,3.58854517351
7.61318870768,1.85159673946
11.4823908201,1.3593120936
15.3785343497,1.0911602085
11.8748863938,1.32538000649
12.8970313294,1.24557320376
3.30020769898,3.47203553711
13.0587056761,1.23395696925
3.49293569246,3.32694005009
7.27334941921,1.91629564258
6.20202311988,2.16027907791
6.46019297205,2.09502046077
12.6295708771,1.2653608693
16.5181735521,1.03404029936
2.73136393841,4.00294320596
14.6894932371,1.12943639611
10.6469940218,1.43877418511
6.25706789434,2.14596986051
11.0593531357,1.39823655913
4.19901176232,2.89673174567
5.4194847061,2.3909221834
10.7983570317,1.42357925277
2.70792726564,4.02897234066
7.34602662504,1.90201892308
8.93046464357,1.64217351086
4.93588329471,2.56505238011
10.4454236088,1.45960697571
16.1209252403,1.05314676574
9.44297028925,1.57467813092
12.8049172695,1.25230634862
12.5792790733,1.26916387302
7.33763249455,1.90365520761
15.3756330815,1.09131506129
6.95318369782,1.98228902009
15.3572947607,1.09229503975
14.8046989763,1.12281968581
8.67157345094,1.67891306686
11.4967899355,1.35803144014
10.1983187451,1.48612744756
6.58367507598,2.06539766648
9.56546116398,1.55948777909
3.92705368454,3.04635176667
12.778218217,1.25427382502
3.94485225913,3.03600836089
8.01328833078,1.78162447705
8.61726139408,1.68686554485
11.5058326035,1.35722862332
14.535780074,1.13840765083
16.4535006763,1.0370957539
4.65948725584,2.67867054382
9.48485328032,1.56944546856
9.65712101562,1.54834196343
7.08077568434,1.95536304102
15.6667111464,1.07602974986
13.0286367722,1.23609828294
3.81596507497,3.11281475935
4.09036536238,2.95441248675
16.4130345329,1.03901829211
16.8267052696,1.0197474963
6.66006999627,2.04755354774
13.4247484177,1.20856516991
15.666831613,1.07602352692
13.2014892236,1.2239055946
7.03312196039,1.96531934261
8.78063377189,1.66320486691
11.3773019728,1.36874459203
10.9674406165,1.40704068112
13.9548125596,1.1738728841
2.60302997439,4.15048634898
14.8357496421,1.12105173586
16.7658726366,1.02252909088
15.5946957859,1.07976491777
11.2287587659,1.38234088421
3.98558209492,3.0126435795
8.0571563927,1.77432381504
11.0416084895,1.39992628006
8.36701265796,1.72467275138
10.415831661,1.46272477779
6.99747822826,1.97284400186
5.76058895976,2.28363996725
15.81993444,1.06818185253
6.60431591195,2.06054078702
5.43565429366,2.38557089165
9.83168478801,1.5276195366
10.9568013631,1.40806814735
7.11162200187,1.94898067543
8.16308598723,1.75697845457
15.1487008094,1.10358817347
10.4647454389,1.45757956958
15.0652661307,1.1081818995
15.0898530669,1.10682357356
16.728436749,1.02424966692
11.9171941282,1.32183951718
3.97671409888,3.01769501394
15.2531780806,1.09789802119
3.43458748881,3.36936044248
2.05661207575,4.95519527083
5.54126017142,2.35129486345
15.647040192,1.0770470185
6.80944184921,2.0136794037
12.1530292643,1.30250023865
6.8140060132,2.01266485966
12.2734748852,1.29287487498
8.862236212,1.65167329234
11.5090998802,1.35693882315
16.2418494394,1.04724401782
13.2878019848,1.21792139578
16.0275811196,1.05775655239
7.2744134484,1.91608482262
16.9903444728,1.01235171936
13.4428247234,1.207342674
10.9865407355,1.40520049744
2.36040767976,4.46743339368
4.9890363889,2.54447123435
3.64656082762,3.22096299872
6.06145682724,2.19785085044
9.99720205099,1.50855780884
8.84248837478,1.65444683504
12.7672238254,1.25508610647
9.10271097066,1.61874689923
3.4454873676,3.36134043566
15.3714346643,1.09153923899
3.48095134494,3.33555121902
9.74730755059,1.53755474751
10.0695257766,1.50040124745
4.6167637772,2.6972930252
9.2364822466,1.60108226688
5.30217742496,2.43059931525
12.1908876851,1.2994568452
4.21277805343,2.88960947409
13.7843839647,1.18477220251
6.7397304826,2.02932465185
11.1508579356,1.38959792607
14.8018132465,1.12298432228
8.7321834505,1.67014083793
9.89335655494,1.52045183363
15.4045823878,1.08977220531
9.2673924224,1.59706414506
6.54587715177,2.07436120286
14.3686954912,1.14834977696
16.7583634793,1.02287367633
14.1606765586,1.1610143981
10.7410353059,1.42928948578
15.4226193898,1.0888134877
10.9207280355,1.41156491261
13.2258561871,1.22220926378
11.5612798385,1.35233003023
11.5425340826,1.35398154667
6.58989682615,2.06393085514
10.4864818492,1.45530663087
15.8481514802,1.06675111582
4.6953469573,2.66326928305
6.02174583543,2.20874311479
6.59878877969,2.06183873581
10.6102180446,1.442523328
5.31034105746,2.42778843088
5.88793250917,2.24639215865
13.0209809586,1.23664486427
4.0708485402,2.96505939349
16.6803719706,1.02646866989
7.86032857191,1.80763793757
14.1637725754,1.1608235185
12.1777606293,1.30051023605
12.9069030086,1.2448566229
11.7582659716,1.3352547433
11.9848772989,1.3162210712
3.11144916903,3.62929483186
16.5425334836,1.03289484815
9.41128156004,1.57866427151
8.44860054504,1.71213109242
8.83758289032,1.65513748363
9.74436435962,1.53790402054
2.44042492634,4.35680980052
12.5519837115,1.2712390876
14.8629567972,1.11950794682
12.2929314259,1.29133552386
8.41972836154,1.71654496703
10.7626364427,1.42713138347
14.5331656665,1.13856167433
14.437002645,1.14426089821
13.3284111456,1.21512939937
7.06603865949,1.95842948344
14.7361529251,1.12674563031
14.5471228989,1.1377399688
14.3835812839,1.14745581171
14.934250232,1.11548599859
14.3842659811,1.14741473126
14.39776303,1.14660563447
6.37879496776,2.11509591491
11.0812558217,1.39615743078
16.8197528924,1.02006450407
16.706476164,1.02526213174
7.45126265742,1.88177944765
6.24913066542,2.14801956082
15.273927067,1.09677608769
16.8337350214,1.01942719374
9.4385995443,1.57522653486
8.71930690927,1.67199555081
6.6259185211,2.05548600057
4.35839952448,2.81669001857
12.9578583886,1.24117301073
15.7340634086,1.07256356182
12.1507594768,1.30268323201
14.4027684905,1.14630591385
11.7278354531,1.33785970812
7.7031414896,1.83531090222
8.18976746184,1.75267154212
14.7691842141,1.12484979258
10.657521444,1.43770513654
7.13750561902,1.94366244351
14.6519743036,1.13161092004
16.8782391451,1.01740483973
7.73797124533,1.82909418066
3.46530988959,3.34686859924
4.79229981424,2.62264232085
3.89159814453,3.06720306583
6.96302074411,1.98018235321
11.6148396335,1.34763711419
8.73660944822,1.6695044317
15.273400983,1.09680450096
12.4108899612,1.28209355175
4.4569785933,2.76970396444
6.76412970518,2.0238166283
10.2388590612,1.48169961866
5.54415068382,2.3503728001
9.88404763292,1.52152872609
2.18435158008,4.73562968702
7.3164382362,1.90780127945
12.859952832,1.24827332182
3.57461657941,3.26959951125
5.06727002762,2.51486805021
15.029528756,1.11016318123
5.70189884711,2.30129655661
6.27210583979,2.14209894498
14.7602448555,1.12536213525
14.4083987735,1.14596899767
2.94718111358,3.78041125343
7.19193155123,1.93258918607
14.9800476501,1.11292008252
7.53694064856,1.86566768508
6.90656959969,1.992343167
6.91829947426,1.98980198801
8.95027371239,1.63943917539
13.6365455007,1.19441987132
14.0176951506,1.16991008076
11.770111498,1.33424391383
14.853576137,1.12003966481
10.7795922256,1.42544269331
6.77284220195,2.02185824413
5.02987463795,2.5289176112
5.3752096381,2.40571915962
13.1315136909,1.22880765697
13.6597387714,1.19289422503
11.3247510501,1.37351890094
10.5077636726,1.45308921104
5.19133658765,2.46952883885
7.14163916682,1.94281626333
16.1971917745,1.04941492721
12.3400137276,1.28762809714
5.99342523666,2.21658832183
14.9433181333,1.11497685261
2.27210544308,4.59739748766
12.3329156774,1.28818543502
16.8758742185,1.01751207149
7.07499933673,1.95656363502
6.34051696517,2.12469248823
6.18776077685,2.16402301929
14.4848652509,1.1414159734
12.8272351706,1.25066723006
2.28797455851,4.57339404003
6.06578964804,2.19666997024
12.4796708624,1.27677531735
3.03458828717,3.69821754082
14.1894621918,1.1592424846
9.13498520186,1.61444358359
4.97865726998,2.5484598249
12.6278276699,1.26549224442
11.4767817397,1.35981172555
14.1558137428,1.16131435433
14.6597339923,1.13116038391
4.28557089081,2.85261603306
12.2667594393,1.29340717664
7.74426765673,1.82797557151
8.36971793342,1.72425346519
13.2137887116,1.22304866825
4.84716292041,2.6002845075
8.05629508,1.77446648693
13.8925438968,1.17782795012
3.93793991192,3.04001565098
5.72905137932,2.29308847753
11.1243055739,1.39209181333
15.9560395877,1.06132158641
3.61918431988,3.23927065665
9.90498158212,1.51910949541
10.6066413794,1.44288916775
10.2721773337,1.47808351633
6.13080182573,2.17912708675
14.2156407312,1.15763651161
4.37032617239,2.81090670923
7.16370042404,1.93831456589
6.70581807436,2.03703852431
2.04251364054,4.98089815561
14.5216130294,1.13924286048
12.8212062655,1.25110952484
7.43775313841,1.88434957668
8.52859114108,1.700039292
15.5823743627,1.08040701337
10.6271660659,1.44079273057
9.5871138139,1.55683798213
11.5110645448,1.35676463116
13.0355420122,1.23560577075
15.4520908197,1.08725121817
16.9679748519,1.01335535226
12.7427623403,1.25689776059
3.02369778395,3.70823123172
13.8425778056,1.18102413578
11.3111876308,1.37475746048
3.27580845674,3.49146800318
12.9199871343,1.24390833048
9.53458792024,1.56328419689
9.76064976447,1.53597372099
10.9772832235,1.40609170346
4.55782365477,2.72348537869
16.8813121464,1.0172655414
2.64101428517,4.1055087352
8.55438753865,1.69618204565
6.43960591881,2.10005589657
4.93256389378,2.56635055379
13.8391833647,1.18124200162
14.6958324251,1.12906994991
7.56482360683,1.86049329965
4.19674048615,2.89791077
15.692883149,1.07467974882
4.0196463311,2.99342143321
6.59513072194,2.06269881369
12.7362204527,1.25738329566
12.9157864241,1.24421260005
11.9951344485,1.31537446345
6.87096616943,2.00010287816
14.4778453881,1.14183219856
14.7944640581,1.12340386181
5.95612819971,2.22701977473
10.7704102084,1.42635658669
12.4984527051,1.27533199565
14.0178335924,1.16990139065
14.14321151,1.16209254692
13.8280345234,1.1819582284
12.5804939005,1.26907169539
17.2319208037,1.00165880029
13.4004098492,1.21021574431
2.84989662908,3.87706610798
8.61537559883,1.68714324416
6.65727385189,2.04820033524
7.26626856272,1.91769997593
17.2457956017,1.00105263321
11.4049710922,1.36624631814
8.76727678287,1.66511029876
16.1633404987,1.05106751406
13.7249767148,1.18862712671
2.48147292649,4.30249320996
2.49600159333,4.28364366602
2.93912357763,3.78820348436
8.88823764783,1.64803791722
7.98151776525,1.78695570752
15.3141085208,1.09461098227
8.97030273441,1.63668523828
8.45774399022,1.71073878114
10.1315395805,1.49348872889
11.0139589529,1.40256869093
15.2325454764,1.09901631643
10.1810683318,1.48802091065
13.5610356902,1.19941853823
6.90228354584,1.99327359194
9.15683061015,1.61154589195
3.16577639122,3.58235141748
5.33554335814,2.41915839039
16.32420254,1.04326795088
4.45170767298,2.77217009034
8.07009657253,1.7721835547
12.5935373176,1.26808297985
13.6406539646,1.19414928658
16.245505064,1.04706677276
11.5720800107,1.35138065482
2.14285444322,4.80444002246
14.8745930876,1.11884919088
5.29609038899,2.43270013018
4.4899952108,2.75437182777
9.75741697851,1.53635645215
14.9629215575,1.11387800434
12.7572193655,1.2558263161
8.37562189042,1.72333924466
10.6488273516,1.43858787925
11.0597133227,1.39820230978
13.5896779203,1.19751672554
11.7190655113,1.33861264717
10.0385517099,1.50388185028
17.2197406998,1.00219163428
2.96495591685,3.76335299178
11.6483375433,1.34472124886
11.3017607443,1.37561982157
11.2846852001,1.3771850867
12.6462050256,1.26410884899
11.3985308485,1.3668268657
4.48538614432,2.75650029122
3.44450879729,3.36205863951
10.6691382275,1.43652760976
2.75546922265,3.97657659828
9.18990897305,1.60718118337
13.7051495268,1.18992022322
11.3154244333,1.37437029253
16.0598102344,1.05615961616
6.47298959096,2.09190465149
8.80732679688,1.6594121666
11.4504856623,1.36215977973
3.70937643886,3.17985226426
10.1904187249,1.48699388317
15.8210528484,1.06812505887
10.1909325061,1.48693749838
9.75682780792,1.53642622829
9.87843960548,1.52217834277
10.3205562778,1.4728692792
3.13632937086,3.60761936418
10.9796757839,1.40586124929
12.843742649,1.2494580641
4.3191925754,2.83589873188
11.9086410369,1.32255349836
15.134907611,1.10434453424
12.6180834418,1.26622719437
13.1790400734,1.22547327742
10.738828542,1.42951038484
11.8964213168,1.32357511671
15.2052432159,1.10050019571
12.2286689715,1.29643611678
14.9135701257,1.11664917732
5.33313645345,2.41997950163
6.6598938458,2.04759427978
8.46445851087,1.70971801083
9.22071584612,1.60314088298
16.230987187,1.04777109306
9.59863192654,1.55543269262
5.65666549418,2.31512354006
3.88783939774,3.06943309758
5.03386486616,2.52740975708
3.06258051522,3.6727655491
8.07218841898,1.77183813512
5.16582994985,2.47869415995
17.0426587069,1.01001360827
17.0165585375,1.01117854433
4.1704724497,2.91162826678
13.6052051556,1.19648866695
9.49176885308,1.56858536203
3.86664846186,3.08207652963
10.2496902241,1.48052183045
13.9601008145,1.1735384188
2.32939807929,4.51208973328
12.6245253102,1.26574121069
13.6245195288,1.19521272728
2.40398853299,4.40638287813
15.4415172866,1.08781111627
11.1656861595,1.38820973202
2.46617980485,4.32254459265
4.5314297219,2.73540786447
3.9144701669,3.05371421183
4.9566140962,2.55697931471
3.9437640146,3.03663843185
14.6972031237,1.12899075105
10.4265552189,1.46159315462
12.4726954879,1.27731232117
2.19169479241,4.72369117807
5.1116343292,2.49843404315
9.82885801031,1.52794996252
10.4905487298,1.45488228071
7.99050856993,1.78544324611
6.53895071549,2.07601360195
8.59617698871,1.68997647565
6.67295537705,2.04457911537
3.21313360997,3.54256737751
8.44885101469,1.71209291717
13.1504562587,1.22747614431
12.705372338,1.25967872603
8.92507878278,1.64291878391
10.5784861833,1.44577659242
2.98366696448,3.74558874459
11.3838840857,1.36814932177
2.63186665743,4.11623653123
16.9377025078,1.01471724517
12.7755770247,1.25446884833
11.9219804513,1.32144036387
9.66258588608,1.54768329079
12.5100978071,1.2744390156
8.63833658999,1.68376927227
16.1501296232,1.05171410255
3.91722863772,3.052096722
8.00366704042,1.78323505439
13.2806059747,1.21841770204
3.69289319084,3.19052139153
7.9474534566,1.79271329831
7.71543003131,1.83311192151
6.13805048264,2.17719129326
16.414026603,1.03897105977
4.93401258387,2.56578380213
16.3673672338,1.04119793549
13.0934902139,1.23149059066
3.92253526607,3.04899066981
11.6253046865,1.34672459017
9.38775947199,1.58163836579
16.5165507388,1.03411671234
8.07196763597,1.77187458487
3.92018313966,3.05036649702
16.4933606175,1.03521009847
15.666166079,1.07605790746
9.65847835343,1.54817830459
16.4719539978,1.0362217882
2.8910103277,3.83552335592
4.53786545698,2.73248955869
10.918100288,1.41182042399
4.8590886001,2.59548311513
12.9404192309,1.24243084309
14.1087065307,1.16422947322
8.1932844016,1.75210567257
15.2403689087,1.09859197112
4.04075554418,2.98165229041
8.04093186271,1.77701582014
6.0747773676,2.19422513597
3.38050412415,3.40982354402
3.51001927172,3.31475401124
8.73571703387,1.66963270488
16.7606970194,1.02276656424
12.1204187773,1.30513510487
8.72135432528,1.67170032406
15.4527449311,1.08721660319
5.32122372799,2.42405308564
5.08451441848,2.50845030991
6.82276621143,2.01072093318
4.88676581154,2.58441916345
4.91157497406,2.5745946186
13.5232212912,1.20194017904
10.823980366,1.42104386956
2.12366666905,4.83705236673
4.64031693381,2.68698942272
5.69466624341,2.30349449964
3.77045786053,3.1410296467
3.88883888838,3.0688397399
5.9715308513,2.22269803474
7.31292252258,1.90849106734
8.78524005637,1.66254893783
5.45465125698,2.37931940941
9.2631565917,1.59761338628
11.1054313131,1.39387089857
2.08845978391,4.89825442413
14.0438743681,1.16826945926
15.9003280809,1.06411723922
3.09309642184,3.64547924467
12.8822679734,1.24664666444
7.56934615399,1.85965717544
15.1330632233,1.10444576422
4.35741056568,2.81717081622
9.80115823713,1.53119665949
12.9359860743,1.24275106651
16.6083607503,1.02981425325
5.0447966905,2.52328947312
14.856849996,1.11985402792
8.59815310197,1.68968433938
16.0210998137,1.0580783775
3.90218942447,3.0609396009
5.95711152733,2.22674328357
9.19368544442,1.60668462616
15.5103211353,1.08417974736
13.889323413,1.17803334764
2.47108265031,4.31609261176
12.7699115134,1.25488742306
11.8026227205,1.33147872875
8.87735636394,1.64955700728
6.32932668994,2.12751717318
11.7115450893,1.33925909602
16.8300300848,1.0195959757
10.8115938576,1.42226817788
11.0794305157,1.39633042419
12.9240995006,1.24361062777
3.48911463975,3.32967998108
3.28095459176,3.48734836303
10.7953730696,1.42387519586
9.06100649996,1.62434735746
8.49223397602,1.70551049347
9.21818824355,1.60347148532
11.8659371213,1.3261317528
14.9378509258,1.11528376144
14.8891387835,1.11802699582
3.23414173589,3.52524599235
15.8765136453,1.06531751135
16.6316008509,1.02873176327
15.9133638532,1.06346155589
11.0990712642,1.39447158983
6.58947204285,2.06403092293
10.8968961638,1.41388617561
8.2918572597,1.73641671054
8.17226145453,1.75549457513
15.1954727595,1.10103235536
2.30070688632,4.55434516231
13.0112108561,1.23734321209
14.4940545534,1.1408716506
4.46700735882,2.7650258495
2.42252918462,4.38099437637
4.68037685469,2.66967360047
2.04782346458,4.97118141168
2.90692465708,3.81971960274
17.0492071387,1.00972182069
11.8554568425,1.32701336875
4.64212202528,2.68620354435
8.10210959322,1.76691445996
4.14120737338,2.92709024146
8.72920117962,1.67056997208
17.2123363564,1.00251586946
7.5877730834,1.85625945108
8.02658300886,1.77940455213
16.169771312,1.05075310154
4.14736734998,2.92381978445
16.9072834139,1.01609004268
14.6546833432,1.13145358271
2.72955263957,4.00494089614
3.13956766478,3.60482032839
15.4456924385,1.08758995008
8.54309758796,1.69786768175
2.34827453431,4.48478304689
7.11522075802,1.94823922079
4.72490305195,2.6507294294
7.17805346089,1.93539878515
11.898737636,1.3233813218
9.45522964999,1.57314230092
6.09665257418,2.1883010539
15.8183056652,1.06826457558
16.6312628124,1.02874748962
6.70785835135,2.03657250206
11.8171076569,1.3302510311
2.19793783278,4.71359630031
13.9905304463,1.17161814668
13.1897687421,1.22472348321
9.42553774371,1.57686807368
10.272728,1.478023924
9.87612341097,1.52244683222
15.3988636991,1.09007658054
14.0349865258,1.16882584894
10.3988191315,1.46452425048
3.05421374803,3.68033021819
7.2292520639,1.92508060369
3.88946222159,3.06846982712
11.803850407,1.33137457152
12.5006392145,1.27516421665
6.08196722249,2.19227391399
9.88471623414,1.52145132046
4.62562126801,2.69340742874
10.9910735109,1.40476461399
9.71752078174,1.54109814175
15.5326218426,1.08300879759
5.97572561275,2.22152443322
2.74962114174,3.98293607314
2.48424348101,4.29888378037
14.4803526855,1.14168349406
17.0866487054,1.00805724828
4.13242982637,2.93176517377
9.29518715938,1.5934710087
13.6948803004,1.19059125449
16.6230320719,1.02913057589
3.36058556787,3.42501299993
14.3929774854,1.14689235757
2.86933378428,3.85729613261
7.27740642359,1.91549210322
7.29698852557,1.91162463831
12.3124273795,1.2897973304
15.6133260615,1.07879574077
3.37902448237,3.41094649131
5.72898858431,2.29310738151
12.1164780328,1.30545435099
2.87505682431,3.85151974485
5.1007265297,2.50245143098
8.26174450814,1.74117468914
16.2887034117,1.04497755519
16.8294149364,1.01962400568
12.7396289231,1.25713026647
10.5032279746,1.45356113949
8.86200777781,1.65170531354
15.7535037904,1.07156792052
3.14021690845,3.60425975999
10.2712362308,1.47818537411
11.8412363979,1.32821179852
9.2473816326,1.59966273172
15.6696106488,1.0758799935
4.11258015583,2.9424015707
8.69325324018,1.67576299055
13.8193260296,1.18251838594
3.88066450985,3.07370040099
5.02862752044,2.52938931028
4.80734181922,2.61646792906
10.8385350228,1.41960839013
16.4169618263,1.03883134343
12.6487452505,1.26391790509
6.82696498485,2.00979075648
14.3853598831,1.14734910647
6.7851426861,2.01910085949
7.67578987374,1.84022748977
6.39897671845,2.1100767194
13.0775647012,1.23261835383
4.02155338067,2.99235373793
12.8056053792,1.25225573623
13.3287419307,1.21510671815
10.6966626719,1.43374656067
13.2839216671,1.2181889614
15.3573232298,1.0922935168
10.3265272657,1.47222869973
11.9394903848,1.31998251991
5.60269301933,2.33187754688
16.3199674334,1.04347156727
3.00068031071,3.72960488369
6.92443882454,1.98847495656
7.652575479,1.84442453771
8.89591154557,1.64696855464
4.67177838353,2.67336834106
2.92855142098,3.79848449361
9.29101055515,1.59400973246
8.00009372651,1.78383408144
13.8989793973,1.17741775359
14.4866748173,1.14130873699
10.1669192482,1.4895781626
4.23218583551,2.8796374492
14.9982533565,1.11190387599
13.6310252817,1.19478365967
15.4024809293,1.0898840317
3.12294357412,3.61924338059
11.2918633364,1.37652658271
3.08218708593,3.65517964038
10.9226505933,1.41137803922
2.74399175232,3.98908015881
9.41766561778,1.57785932764
7.62220204672,1.84994971094
5.11262301097,2.49807064991
6.34668086248,2.12314030532
7.84620453473,1.81008474407
12.5598995606,1.27063644714
5.79407097867,2.27370759627
10.2513694137,1.48033942942
12.038371506,1.31181964725
14.184932265,1.15952090868
15.5348154278,1.08289377748
13.2114170882,1.22321379452
7.7315671847,1.83023355172
3.95277209708,3.03143209559
4.24829522016,2.87142084733
8.02799179745,1.77916969225
9.46294942168,1.57217697125
13.871380783,1.17917923039
11.8179884021,1.33017646694
5.40872775471,2.39449769617
13.5775016289,1.19832435897
14.3655854464,1.14853675544
16.4991035059,1.03493907741
11.2026128003,1.3847667165
7.65642901159,1.84372629478
4.85121282677,2.59865165763
16.0779207557,1.05526471089
6.89382513743,1.99511273312
13.2153516077,1.22293987867
5.59551296005,2.33412769242
4.82844574233,2.6078621009
6.17081099446,2.16849213744
8.25608700926,1.74207199699
15.3055288859,1.09507244421
12.2604628233,1.29390674366
11.2506516606,1.3803172535
12.2134681964,1.29764949633
7.44920796173,1.88216981823
6.00698445087,2.21282414136
8.65374080537,1.68151451426
3.60143106696,3.25127313626
13.136211073,1.22847715449
7.67784201066,1.83985754333
9.7495263144,1.53729156551
8.65914141267,1.68072567639
5.247394788,2.44965999843
11.9448481932,1.31953718714
4.654651633,2.68076327972
16.4012377199,1.03958032062
7.93185464327,1.79536428567
6.22224174601,2.15499735623
15.0908939013,1.10676615734
8.88620580375,1.64832132691
2.64226590331,4.10404597345
16.8591532106,1.01827099618
9.1484968752,1.61264989274
4.80569918127,2.61714054642
7.94342396313,1.79339722892
6.34306526739,2.12405045834
8.47266829504,1.70847185033
7.31025105287,1.90901560202
2.16533531893,4.76687552952
12.0633790769,1.30977379572
6.85917520582,2.00268825021
5.32723206375,2.42199652641
10.0953902694,1.49750915559
13.1836738473,1.22514930582
17.0087548415,1.01152745701
12.4779291249,1.27690935689
4.1487550141,2.92308421962
12.8848112343,1.24646158736
4.87970691207,2.58723050862
2.15909852191,4.77722822452
8.74165373631,1.66877981105
16.3105394518,1.04392518049
12.8974186898,1.24554506732
15.2261767244,1.09936204151
3.16680418525,3.58147692451
3.56874323833,3.27364584525
15.5353589101,1.08286528451
13.0673153406,1.23334543452
17.1748046938,1.00416314216
5.97415978333,2.22196234879
3.0558407577,3.6788563432
12.6532672,1.26357816491
2.56183903207,4.20057900762
14.2035599692,1.15837698483
7.64256933433,1.84624048661
2.98885434694,3.7406983616
13.45038016,1.2068325549
4.9624877783,2.55470270951
4.86836121484,2.5917641166
7.59696815993,1.85456938112
14.3688018121,1.14834338612
11.4566988173,1.36160413689
10.2460087626,1.48092191041
11.5973983624,1.3491611508
11.2412050709,1.38118958521
6.0116518638,2.21153186057
8.53690102863,1.69879451356
7.11792376334,1.94768275038
16.7629065227,1.02266516966
16.5397223017,1.03302688449
8.24847230019,1.74328143052
5.67972967504,2.30804914646
8.94986316994,1.63949573681
11.8929880192,1.32386248531
4.54933200209,2.72730794491
13.1885225201,1.22481052304
14.1887462099,1.15928648082
16.7358321038,1.02390923748
14.6691198268,1.13061599001
4.77130021558,2.63131918031
9.31061893439,1.59148419773
16.9789590255,1.01286224805
5.95368539935,2.22770698536
13.1035138751,1.23078199796
3.38458285994,3.40673251554
10.663380725,1.43711093387
3.42027909401,3.37995634072
4.80851706674,2.61598694294
7.93982328157,1.79400889127
12.4430487851,1.27960057576
16.9088339982,1.01601996098
7.61379987231,1.85148495195
7.61692557414,1.85091347872
4.672136919,2.67321404129
13.5624956384,1.19932142908
8.09067683609,1.76879200951
5.78999496815,2.27491135549
11.98073989,1.31656292533
12.7583477658,1.25574277717
15.1945044346,1.10108512899
8.90593106362,1.64557475876
4.76774375417,2.63279530951
13.9636748847,1.17331249591
12.7639646905,1.25532713159
12.0525136714,1.31066177304
12.7318690185,1.25770649862
8.06487497987,1.77304646369
13.3431047064,1.21412284377
2.62743629631,4.1214557119
15.619150735,1.07849314751
4.82842431753,2.60787080415
8.05817885626,1.77415448406
11.8958660122,1.32362158612
7.21565193862,1.92780895725
11.9124262643,1.32223741045
12.396103677,1.28324359764
8.37927349579,1.72277436298
2.82573003414,3.90197846544
8.38813687154,1.72140504366
16.2154043178,1.04852830967
8.22593281297,1.7468728391
9.21666647969,1.60367060379
12.225592969,1.29668144082
4.22026518362,2.88575294923
13.5312004678,1.20140706252
9.56760722322,1.5592246807
3.45546773286,3.354035885
15.5277291625,1.08326544665
3.56089643147,3.27907000633
9.70181983612,1.54297357506
12.4658778239,1.27783769227
10.6949453418,1.43391971156
5.22491338268,2.45758327297
14.652008518,1.1316089326
2.15245824462,4.78830841891
13.9073466591,1.17688492462
5.97852889629,2.22074094077
3.50256383519,3.32005930723
3.80817840906,3.11760065621
9.190839481,1.6070588004
15.2042021709,1.10055686895
9.14415473451,1.61322581074
5.07363120426,2.51249620106
16.4811921648,1.03578490447
8.53033110688,1.69977847822
4.87695309204,2.5883292045
9.38858380597,1.58153391763
6.33414917375,2.12629879435
3.52000840571,3.30767660488
14.711196178,1.12818297324
11.6218089167,1.3470292516
14.6177598396,1.13360244589
12.8837160808,1.24654127555
15.0292458093,1.11017890074
9.46041500872,1.57249373829
6.04844201181,2.20140685868
14.3773789016,1.14782809826
9.81143495617,1.52999024898
6.95593160689,1.98170001224
4.07372621933,2.96348393218
6.71013018379,2.03605388209
12.2297198858,1.29635232675
7.44653231024,1.88267844676
9.16275732604,1.6107618285
6.6055406304,2.06025344121
11.4580835795,1.36148036946
12.7004617271,1.26004502928
4.02022067866,2.99309978123
9.11763095412,1.61675421172
14.1099609208,1.16415162727
12.0967337011,1.30705661467
13.0672554046,1.23334968926
2.84546625837,3.88160543901
2.87941805507,3.84713136889
16.2403101379,1.04731867266
9.37636967539,1.58308316956
13.107050809,1.23053219165
3.65460598531,3.2156286168
2.85245268421,3.87445280954
4.71821103129,2.65355661805
4.08455483561,2.95757295299
6.87472221712,1.9992809318
16.1440136543,1.05201375432
12.0190997047,1.31340134694
5.12185015761,2.49468510884
12.8688636843,1.24762317446
15.720892078,1.07323935873
6.01761283679,2.20988398189
14.3564600296,1.14908579271
13.19311181,1.22449006463
5.82014599413,2.26604188199
5.32929874842,2.42129007169
7.7020209605,1.8355117218
2.98154203765,3.74759631398
4.75310472523,2.63889169142
5.07959203088,2.51027835169
11.2012816667,1.38489048495
4.53501855079,2.73377960292
10.3022281853,1.47483961564
15.281184664,1.09638428704
5.66393484328,2.31288839174
2.05193099517,4.96369504185
5.58265098896,2.338171156
6.89994014183,1.99378273082
3.39243247784,3.40080209113
11.4320447198,1.36381206966
12.1725642117,1.3009277765
7.04477298297,1.96287419531
16.9871132795,1.01249654662
8.37554670517,1.72335087991
4.85071824591,2.59885093575
13.6582235359,1.19299375816
12.2127035614,1.29771060209
12.3007653577,1.29071692827
9.67558814814,1.54611876838
14.1745914203,1.16015707486
2.24513763923,4.6388696452
10.2733816992,1.47795318886
15.043631442,1.10938034263
4.16450933266,2.91476338679
16.0136342431,1.05844935847
6.7741451187,2.02156575548
5.29860780308,2.43183078385
14.7697595051,1.12481683946
16.8018607752,1.02088138823
15.2004607844,1.1007606017
12.9758763688,1.23987654126
8.89651913463,1.64688395577
2.66974440842,4.07223496293
8.84318782075,1.65434841395
2.90690849198,3.8197355786
13.1063762741,1.23057982353
10.3191269099,1.47302272097
3.61453754963,3.24240222802
5.07360948476,2.5125042906
2.51300846686,4.26182165337
16.2828734953,1.04525894267
8.83324818386,1.65574833101
7.16428513913,1.93819558263
13.8312904598,1.18174895511
13.1458276467,1.22780118875
5.354869553,2.41258874298
5.92284665333,2.23642525556
3.09381586917,3.64484163121
6.8165789836,2.01209345222
7.09132677431,1.9531744574
12.0965921122,1.30706812123
11.9103530638,1.32241051263
3.15205337684,3.59407542104
2.60842171741,4.14403207353
9.45175282237,1.57357751687
3.73977287311,3.16039378462
16.5041924318,1.03469905653
6.14232077584,2.17605276187
15.6036839655,1.07929708504
9.23212552532,1.60165050728
9.68853239219,1.54456488192
7.59021559895,1.85581016288
13.8529730863,1.18035751601
15.2907378726,1.09586905478
8.61952682786,1.68653208132
16.4685898161,1.03638099093
2.11576925031,4.85062558354
16.2970372696,1.04457561845
3.54542119954,3.28982898925
8.42192057027,1.71620890013
6.57601404015,2.06720713713
11.7549894223,1.33553466036
11.5028561924,1.35749274989
16.1841317253,1.05005178872
7.99927001658,1.7839722339
2.47650795115,4.30897918854
7.77743375689,1.82210954331
11.9368488877,1.32020220597
2.43575919699,4.3630851301
6.87953492627,1.99822890256
7.38809445851,1.89386765015
3.16166653361,3.58585324496
11.2663632414,1.3788692289
6.45368121356,2.0966101438
7.39990477847,1.89159382587
6.04723454383,2.20173745207
12.8232649094,1.25095845687
4.06344819978,2.96911988106
3.79178872941,3.12773044278
11.8019005358,1.33154000795
12.2729530387,1.292916221
7.0725132145,1.95708089581
12.8857103391,1.24639617341
15.211630018,1.10015265457
11.6061901337,1.34839241501
6.20953608964,2.15831294314
6.54810740482,2.07382979637
14.9281172431,1.11583066181
4.55922501401,2.72285574808
7.9043548481,1.80006013721
11.6730703983,1.3425777595
10.5557263984,1.44812055692
10.9236708765,1.41127889068
8.93286804189,1.64184119264
7.09416324441,1.95258706898
10.5202225883,1.45179472565
7.21566266405,1.92780680205
11.7396322487,1.33684845465
7.23232856646,1.92446466606
16.0915417174,1.05459281359
7.59235119258,1.85541753892
13.1842730816,1.22510742475
12.4959480921,1.27552424712
16.3222557921,1.04336153556
16.0939365619,1.05447478326
12.0096253836,1.31418056575
9.03903592107,1.62731596891
9.26036406858,1.59797572101
3.56526691024,3.2760463011
16.6998987999,1.02556582667
3.72773192807,3.1680686226
12.1902299259,1.2995095803
8.01152825683,1.78191885527
5.61457081807,2.32816625697
3.82440797127,3.10764482266
13.2996085541,1.21710812025
6.83648543261,2.00768534926
9.83163446901,1.527625417
4.62954792899,2.69168905223
6.23262613835,2.1522963084
7.14018674981,1.94311349038
11.4986582989,1.35786547436
9.08998197822,1.62045149106
7.94020556511,1.79394392816
8.66589775797,1.67974002606
4.52550820193,2.73809941984
6.35080462035,2.12210334093
4.5059261563,2.74704431844
3.59565022036,3.25520380783
4.52004435162,2.74058842649
13.5571498696,1.19967709474
4.17003674274,2.91185707452
6.88093788311,1.99792246734
5.73023736913,2.29273151217
14.6256973986,1.13313969618
5.53699436473,2.3526571815
5.50283885173,2.36363169013
2.32093476596,4.52445902893
2.58424769838,4.17315411094
7.42154757227,1.88744342876
14.4153069338,1.14555592833
13.9519122371,1.17405641459
10.1156825917,1.49524920011
4.44575963788,2.77495917194
11.6723626588,1.34263898561
10.4510436919,1.45901659285
3.2649172648,3.50022424478
12.0262720305,1.3128121719
3.24783408195,3.51406226658
5.57450050578,2.34074191177
2.76155235977,3.96998655718
8.32358936145,1.73143551701
9.35072979111,1.58634688749
7.85370748516,1.80878399511
9.12520575985,1.61574471872
16.0598595194,1.05615717841
11.1701554658,1.38779195619
5.60835606492,2.33010637636
7.11494622991,1.94829575889
3.42281332035,3.37807399702
5.23156567275,2.45523254703
6.79779232595,2.01627432496
4.78846068053,2.62422363813
5.48819246999,2.36837436214
6.81136464526,2.01325185026
16.4112612549,1.03910273013
9.5872190787,1.55682512571
4.90134012542,2.57863710817
9.75270925446,1.5369141995
11.0562014235,1.39853633157
7.39572509824,1.89239780644
15.0579221219,1.10858837907
9.62909237836,1.55173050469
11.0458920821,1.39951794263
10.1956675454,1.48641808705
9.5943727822,1.5559519933
17.2004638327,1.00303627604
5.53714336282,2.35260956683
14.0139034724,1.17014814603
13.4872944425,1.20434742062
3.14228623496,3.60247442136
9.50389439003,1.56707992697
9.84328155294,1.52626571519
9.88687000079,1.52120203589
17.1401729579,1.00568874132
15.2854629134,1.09615347888
2.82393566318,3.90384310069
7.32096846402,1.90691329831
9.57629164583,1.55816105971
6.0620631173,2.19768552131
6.43126772539,2.10210338878
7.64025796606,1.84666055394
8.75779505625,1.66646599749
13.5006476928,1.20345138925
10.5616659601,1.44750800522
14.0401650377,1.1685015928
13.7268569403,1.18850467141
14.5576148401,1.13712318461
5.55476160486,2.34699516222
16.3172835884,1.0436006497
2.83855604108,3.88871038007
3.50513206487,3.31822952018
16.3456300138,1.04223917315
4.08628245051,2.95663244483
2.57297297078,4.18690040208
5.48082021599,2.37076998528
4.29759829765,2.84660946949
17.1286435403,1.00619783482
10.9211290377,1.41152593028
14.4040092128,1.14623164919
4.10157799609,2.94833588371
9.20905504151,1.60466740402
8.60475658221,1.68870897481
12.2665183977,1.29342629236
13.2369387746,1.22143954861
15.0273765027,1.11028276579
8.48787067643,1.70616986288
9.46766453774,1.57158804142
9.40306761465,1.57970134806
5.21056313508,2.4626721348
11.0161997794,1.40235410694
9.25542779469,1.59861667966
14.903965752,1.117190349
5.45401684701,2.37952756391
15.4026756717,1.08987366761
9.53427711589,1.56332252534
5.70668796689,2.2998438593
11.4471560852,1.36245776147
2.19282835172,4.72185449289
4.05555912728,2.97346282369
3.30834817959,3.46560804808
9.55172680911,1.56117400895
7.34947541234,1.90134759324
14.0642368716,1.16699706477
11.1470683319,1.38995322162
15.3789617836,1.0911373989
7.11531021422,1.94822079843
7.2277178056,1.92538794474
13.2707012666,1.21910159736
16.4876505321,1.03547973547
15.1314479351,1.10453443775
11.9785011036,1.31674799171
17.0388294971,1.01018432273
17.2482001678,1.00094766855
3.90999825646,3.05634066203
17.0945828154,1.00770533498
2.15369321369,4.78624317661
2.2399058088,4.6470166174
6.42594037734,2.10341398716
9.0012964285,1.63244485812
10.4900903358,1.45493009645
6.78774480051,2.01851866872
16.7586900037,1.02285868692
13.3007221397,1.21703147807
5.52324670112,2.35706014442
8.25207980666,1.74270821159
12.882229458,1.24664946776
9.17552309426,1.6090760203
3.69481905432,3.18927053405
5.59107345109,2.33552151472
7.05747923172,1.96021565673
6.27068241296,2.14246465212
9.25895263764,1.59815892947
12.4998913637,1.27522159624
4.28366247061,2.85357182615
2.61019535865,4.14191401361
3.73649948611,3.16247593585
15.4991149393,1.08476926863
5.37269844914,2.40656481318
12.854011141,1.24870727411
9.76563256249,1.53538423981
13.1512664224,1.22741927116
6.6305343873,2.05440967794
5.16162572086,2.48021248498
3.38889436765,3.40347217122
2.17675355612,4.7480567146
2.19486231677,4.71856306394
6.35344718664,2.12143945851
10.4423899564,1.45992588854
9.61525392788,1.5534098939
7.49480426461,1.87355111156
5.63205226778,2.32272902574
7.00134026984,1.97202545417
9.78855266172,1.53267949052
16.4241108588,1.03849123322
7.79589766364,1.81886281964
6.68076206666,2.04278192726
9.56622794475,1.55939376292
16.2098971136,1.04879622563
4.83742833801,2.60421911298
10.6546184202,1.43799975072
15.6641292926,1.07616314087
2.98533301489,3.74401645957
2.65356922165,4.09089060031
5.32335990108,2.42332144112
2.31616466144,4.5314655129
4.00903036737,2.99938122829
12.494943844,1.27560135111
12.4758285061,1.27707105861
7.12860035213,1.94548836495
16.5002465399,1.03488515453
10.3381233734,1.47098649838
3.32182558233,3.45502737462
7.38916943006,1.89366042398
5.7816712705,2.27737419272
11.8022381331,1.33151136114
9.47773529333,1.57033189809
16.2154364362,1.04852674763
15.8758064891,1.06535320097
4.13823523484,2.92867126057
13.9222640776,1.1759363723
3.18824449478,3.56334724134
13.7724422852,1.18554475577
7.23934701024,1.92306124057
10.4185003878,1.46244296475
9.20381216732,1.60535485518
10.6387481625,1.43961283772
14.8654934973,1.11936426165
6.27994527854,2.14008743753
10.4983757384,1.45406639846
16.9986768302,1.01197847232
16.7607714109,1.02276315002
2.60297412057,4.1505533323
12.4518503973,1.27892023482
7.70978339955,1.83412159893
4.26286277018,2.86403752266
5.36082501797,2.41057263891
2.35797965526,4.47089279922
14.0306059782,1.1691003037
13.2274966056,1.2220952611
13.2567766029,1.22006457443
16.7963679158,1.02113247658
15.700770593,1.07427367293
3.95997084694,3.02728640738
14.5901836383,1.13521353133
5.895973902,2.24408742611
13.0846617346,1.23211548124
3.99952934899,3.00473858992
3.0050429537,3.72553177702
12.1772571876,1.30055067474
7.46052935369,1.88002121364
10.0366974884,1.50409080892
2.94838099606,3.77925407095
6.20827248606,2.15864333499
6.21172488053,2.15774092312
10.3711799523,1.46745876329
2.06897440585,4.93291019686
17.1453632998,1.00545975215
14.928950773,1.11578380433
11.2565604352,1.37977226833
16.5917292897,1.03059055307
17.1817588816,1.00385744553
5.63673058871,2.32127894644
14.6513099189,1.13164951438
11.9374831389,1.32014944927
14.4150322364,1.14557234708
7.71419567026,1.83333252771
13.3211046572,1.21563064114
9.69582717272,1.54369078455
9.22069171975,1.60314403788
16.5651031188,1.03183621457
7.47783238059,1.87674841306
3.75621540376,3.14998305558
11.6441145674,1.34508803311
7.05943675253,1.95980682848
9.6902932545,1.54435378097
9.40796956554,1.57908224653
10.8393959274,1.41952358765
3.07576969027,3.66091403122
10.2870287659,1.47647827294
5.98577205845,2.21871951927
9.80700355624,1.53051019079
12.2410782323,1.29544752333
8.34248586694,1.72848498626
16.979530024,1.01283662993
12.8603718418,1.24824273263
16.596910881,1.0303485479
12.1998338047,1.29874009485
3.87402210691,3.07766334744
2.76912808713,3.96181502465
8.7492519708,1.66768969345
15.0157484258,1.11092937015
15.7707203218,1.0706879697
16.7148025996,1.02487797771
12.334775977,1.28803931022
9.96276995669,1.51247744067
2.08505572754,4.9042678003
16.4961341346,1.03507918872
14.2243313038,1.15710451676
4.20702311119,2.89258194362
3.52194920159,3.30630561178
5.02690058975,2.53004282832
7.98018582195,1.78718002511
14.585833422,1.13546817149
17.0780758469,1.00843781489
13.8593993793,1.17994585434
13.6875881222,1.19106828939
16.8919574334,1.01678333669
13.7548338647,1.18668605603
8.08176364345,1.77025901034
4.82853958988,2.60782397865
5.68337664992,2.30693512972
6.94874743826,1.98324078311
13.5286161607,1.20157966874
2.84496913405,3.88211556238
5.62678350257,2.3243646464
10.4310782548,1.46111646415
13.7202524978,1.18893493523
3.65048276461,3.21835996567
13.3612227422,1.21288437132
7.52815023621,1.86730592769
2.91760988224,3.80919341499
15.8188504432,1.06823690545
3.51373642904,3.31211624798
16.8318327485,1.01951384548
16.6449037671,1.02811332475
5.68412900911,2.30670546748
9.44493220531,1.57443211096
3.84379262547,3.09585011419
11.4806150954,1.35947022099
7.70619777865,1.8347634187
11.820441855,1.32996880819
3.23724255848,3.52270602305
9.31749738539,1.59060046848
4.89644040417,2.58057760558
15.8060451106,1.06888775022
10.3781764032,1.46671464029
16.5612859669,1.03201508128
11.1515206734,1.38953581259
2.09699700779,4.88324840698
13.3088449924,1.21647276522
2.34658152022,4.48721644588
4.40690483795,2.79334064361
8.37680475231,1.7231562157
6.01229422816,2.21135414481
10.5771573819,1.4459131989
15.4979314525,1.0848315716
10.9723354728,1.40656855577
11.5850591953,1.35024178793
4.71661500586,2.65423193136
4.71234077346,2.6560424262
5.99313246314,2.21666976339
13.3582665537,1.21308624295
6.50230674097,2.08480683044
6.77597482959,2.02115517445
11.5385368703,1.35433431237
11.64459056,1.34504667938
13.057672607,1.23403039445
4.48017688232,2.75891054241
13.0267173865,1.23623526324
12.7013445617,1.25997915662
11.7106167943,1.33933894187
5.82887514576,2.26348905341
4.71524331531,2.65481264368
2.22935370269,4.66355015666
16.4999798084,1.03489773706
12.143318245,1.30328357451
13.6404578131,1.19416220193
4.74067594327,2.64409350352
13.5192871759,1.20220323386
13.5230534362,1.20195139993
6.71821276326,2.03421126088
3.43503103336,3.36903321724
9.20958948289,1.60459736602
2.26400642965,4.60976151596
10.6013903014,1.44342666685
9.46926399556,1.57138838184
9.67089224502,1.54668338686
7.20727624397,1.92949371289
15.9407060906,1.06208932732
7.9583402153,1.79086851063
5.58285730278,2.33810616759
14.9570971444,1.11420422189
10.8022734621,1.42319104681
4.16861417763,2.912604414
5.52227976287,2.35737054845
5.89018384195,2.2457463516
7.03755172976,1.96438885131
13.288382886,1.21788135177
14.4886617185,1.1411910186
12.0530399696,1.3106187289
13.5479554891,1.20028939203
10.6285669935,1.44064989533
11.5907898897,1.34973965563
12.0819176974,1.30826195422
14.1316191854,1.16280945085
14.5820961146,1.13568704128
2.84469671211,3.88239517399
6.7085789203,2.03640797534
4.39488622154,2.79908404892
16.8963102313,1.01658631924
9.34733008723,1.5867808157
8.18083284152,1.75411102379
5.5543812643,2.34711603576
8.19612720115,1.75164858196
15.5429750609,1.08246617877
14.584480366,1.13554739983
14.9572030174,1.1141982901
9.33561933133,1.58827766138
14.9001236018,1.1174070114
13.4877503064,1.20431680557
12.3807884257,1.28443732228
12.5560877846,1.27092655786
10.5627013499,1.44740128642
7.94163332027,1.79370135193
4.40476785125,2.79435985055
9.56849636699,1.55911570547
7.00973785664,1.97024833915
13.8358904111,1.18145344318
6.65176000741,2.04947716076
12.1039969331,1.30646666684
2.87238361411,3.85421536382
8.12517759948,1.76314020286
15.2934286864,1.09572403318
14.6874234517,1.12955610315
11.5183795661,1.3561165212
15.73699976,1.07241303809
6.51218648773,2.0824275135
10.4020713041,1.46417985857
13.9643768695,1.1732681342
4.40521683857,2.79414564023
15.2215550801,1.09961308425
14.946113793,1.11481999062
2.13000589182,4.82622102772
12.0713534488,1.30912297979
11.2721290314,1.37833872416
9.46141980659,1.57236813448
14.7387667275,1.12659533936
9.35421893356,1.58590183095
12.993490421,1.23861218147
12.1643508896,1.30158836735
13.1185270482,1.22972246136
3.12472836013,3.61768846002
12.3329638094,1.28818165381
10.1728647796,1.48892333353
16.654525659,1.02766655261
16.3811543798,1.04053877029
2.78313501704,3.94680919394
8.818523232,1.6578273014
14.4098011625,1.14588511459
9.51466322614,1.56574575066
15.2658099405,1.09721467655
15.381389005,1.09100789359
3.5164564291,3.3101891816
13.1979427442,1.22415294376
5.83633269359,2.26131340356
8.39385892853,1.72052237832
6.68779472616,2.04116607715
4.43400196844,2.78049171939
4.42018872196,2.78702444344
12.7450338773,1.25672927057
10.5124445493,1.45260255119
11.0306026785,1.40097669302
13.8022048219,1.18362148083
5.6062519552,2.33076409038
12.5877825853,1.2685189781
9.95615524776,1.51323315562
14.2704483577,1.15429095496
10.5734301456,1.4462965353
7.64003872818,1.84670040972
4.29882288517,2.84599955454
13.0352594364,1.23562591632
15.8671966476,1.06578795653
15.033812944,1.10992523035
15.0710469609,1.10786218356
5.70420240062,2.30059754644
7.91509426287,1.79822287818
2.82918589396,3.89839311951
3.87434163304,3.07747244135
15.6960327621,1.07451755177
8.38145115305,1.72243769758
6.26963873234,2.14273288721
9.88747304321,1.52113225468
7.72054023867,1.83219927787
2.59398061525,4.16137184751
14.7594149951,1.12540972473
11.4713135642,1.36029921834
16.2996733629,1.04444855629
6.84368276273,2.00609709651
15.1367272077,1.1042446861
7.9398686265,1.79400118532
3.29722158248,3.47440025767
5.18890547225,2.47039900961
15.7671319862,1.07087123355
13.6394684481,1.19422735041
12.316149267,1.2895041656
2.53390275642,4.23536323535
15.4545095564,1.08712323364
14.0260128399,1.16938823921
15.9004515619,1.06411102386
14.9063848232,1.11705398554
3.87632606074,3.07628743003
11.941830435,1.31978797549
9.81213077232,1.52990864536
11.2988141796,1.37588962862
3.69579809134,3.18863508274
6.90497798521,1.99268855966
8.40284544157,1.71913827494
12.2304259424,1.29629603952
2.08958317544,4.89627368377
15.339202229,1.0932638949
7.6003088537,1.85395624351
4.04913569869,2.97700987544
16.9001185627,1.01641401849
10.1321000353,1.49342659453
11.7087605468,1.33949863738
14.0160578749,1.17001286533
7.55719447306,1.86190575331
10.5468954908,1.44903241268
10.8945885795,1.41411141045
13.2331445084,1.22170294333
10.5147969665,1.45235811918
16.2142148492,1.04858616176
7.72578140591,1.83126434459
10.5364380559,1.4501139508
3.70280618221,3.18409502588
13.1183418447,1.22973551893
6.88281737379,1.99751211866
8.65927652369,1.6807059525
16.9055076715,1.01617031468
5.95834277179,2.22639719611
8.85462239102,1.65274135389
8.98834976695,1.63421303067
2.07936549201,4.91435828937
9.59610085054,1.55574124805
16.4350219429,1.0379726458
8.33855416463,1.72909792334
16.6610327142,1.02736466756
16.5672438225,1.03173593562
7.73764431878,1.8291523054
15.1127467744,1.10556227327
17.2494733409,1.00089210208
6.63244245299,2.0539651407
5.08607355724,2.50787193437
15.9406797899,1.0620906453
7.60269188791,1.85351915939
4.6173969278,2.69701484187
2.55626536109,4.2074657377
5.13518774877,2.48981024459
10.3411898838,1.47065841491
6.42895991665,2.10267090677
13.7983026508,1.18387322768
4.97703684699,2.5490838522
8.01534258861,1.78128103884
4.50282529097,2.74846701473
10.0608915908,1.50136959653
3.88583025612,3.07062665373
2.98567900186,3.74369013753
14.8670126482,1.11927823363
9.36269246334,1.58482220225
13.4391105268,1.20759362898
5.06225034496,2.51674339133
11.953943811,1.31878197427
6.25945342792,2.14535471332
10.7748533198,1.42591418994
7.73343009473,1.82990194373
8.58834508975,1.69113545304
12.923223301,1.24367404376
6.98510412021,1.97547199517
7.99072105795,1.78540753678
4.2996727313,2.84557646123
6.4709439449,2.09240201453
12.7624463527,1.25543945513
15.5226770815,1.08353060594
16.3702447614,1.04106028021
16.9835403104,1.01265674903
16.4268018297,1.03836327935
13.4583929223,1.20629210691
2.24053626977,4.6460331015
6.29276398883,2.13680776925
8.1767058295,1.75477686866
15.3432812515,1.09304528846
14.1380838997,1.16240952661
4.58664086267,2.71060564338
11.285046119,1.3771519594
4.730129665,2.64852620879
12.8721360991,1.24738461281
12.0149058911,1.31374613578
15.751117832,1.07169000172
15.096638144,1.10644940876
11.2792033774,1.37768846964
13.9828998443,1.17209899052
5.19306517078,2.46891056013
11.9140797825,1.32209938755
4.11060422445,2.94346529248
11.085366307,1.39576804223
2.95412202391,3.77372874661
15.3698647733,1.09162309209
16.1536566204,1.05154138777
12.2935339672,1.29128792051
15.1078999082,1.10582902587
4.82571892139,2.60897034288
12.9677341182,1.24046201957
4.74616747088,2.64179219411
8.11074366666,1.76549959923
9.92329622076,1.51700030071
5.94487866034,2.2301886111
13.5466592302,1.2003757746
7.23508784426,1.92391262946
7.87114972045,1.80576851943
7.76034408782,1.82512667661
2.81763187791,3.91041022094
6.1132123674,2.18384116305
3.25226787437,3.5104584913
15.1874205721,1.10147137827
11.5657512243,1.35193679032
16.8165888864,1.02020884938
15.8111955692,1.0686258616
7.21573201848,1.92779286587
7.16887511853,1.93726216161
5.56206753894,2.3446761224
11.0323660461,1.40080827077
8.99875512931,1.63279158098
8.11747354453,1.76439860676
7.68457022394,1.83864583724
2.96170047378,3.76646378088
4.97525882658,2.54976898023
15.1441639727,1.10383682123
13.8341895802,1.18156268859
13.6183991437,1.19561670694
9.11173906495,1.61754043932
8.44384351868,1.71285650964
9.43188270625,1.57607017448
6.94179425459,1.98473467543
7.9541088232,1.7915850047
8.69265421479,1.67584984409
2.04086375341,4.98392639472
11.9511779539,1.31901151796
8.78975433934,1.66190669404
5.54106671964,2.35135660398
3.79511769054,3.12566674638
4.83109537858,2.60678627851
11.295145761,1.37622570574
7.32079208618,1.90694785255
8.46284077753,1.70996381585
16.1527144949,1.05158751658
11.0189195759,1.40209375899
5.49536309131,2.36604966276
8.48613709316,1.70643200193
3.38155857976,3.40902380946
4.65426928694,2.68092891198
8.02256178919,1.78007532924
9.34946470826,1.58650832665
15.0331516321,1.10996195295
8.09860775069,1.76748905819
4.43629405452,2.77941116705
4.74733129754,2.64130507363
3.45770463828,3.35240378018
7.02322828552,1.96740126231
9.5640419555,1.55966182527
4.29279492788,2.84900476637
12.2207445462,1.29706834244
6.68896804924,2.04089677982
4.31669491813,2.8371327651
9.36991834899,1.58390288983
9.64336279181,1.55000311697
8.64631551961,1.6826004954
9.57801555633,1.55795012551
6.155250701,2.17261386917
9.68016536268,1.54556888248
5.99318534695,2.21665505205
3.78203635349,3.13379447031
17.1526458744,1.00513866188
9.8348884688,1.52724525513
4.74702279093,2.64143417891
13.2921025317,1.21762501335
5.6704728842,2.31088239185
9.32421586563,1.58973839475
3.22041372605,3.53654244317
15.903590411,1.06395305969
8.70858060336,1.67354421564
9.9021230276,1.51943931579
5.11841945212,2.49594262337
16.0797954612,1.05517217589
17.0138856946,1.01129801879
9.36496995019,1.58453231514
7.25289850037,1.9203581849
2.96591271926,3.76243984205
9.96955988484,1.51170262115
15.9830000294,1.05997481982
13.9350721183,1.1751233685
12.0731858736,1.30897353573
16.8657233951,1.01797263472
15.4279269972,1.08853174738
5.03504888654,2.52696273437
14.8632377512,1.11949203075
13.4367938509,1.20775022003
9.75410889025,1.53674832846
14.0328257301,1.16896121066
3.27795756067,3.48974620105
11.6895694802,1.34115227499
5.20648171608,2.46412396903
6.96854651941,1.97900125861
12.3272263821,1.28863256361
6.36333019541,2.11896086793
10.7265830316,1.43073761826
15.758562997,1.07130916562
7.52398217085,1.86808388938
14.4696102018,1.14232093423
14.2253388779,1.15704287479
5.34229450876,2.41685870666
17.155537071,1.00501125463
14.5896362049,1.13524556806
9.52408901129,1.5645801376
11.5341824034,1.35471885061
13.1172816986,1.22981026959
14.278683039,1.15379023977
4.7875322259,2.62460639692
2.77690608472,3.95346596608
8.28350131446,1.73773395719
9.73812828719,1.53864467597
8.88966351979,1.64783909871
6.0570838052,2.19904418779
16.1914617527,1.04969423574
9.73884819336,1.53855913062
13.3561846817,1.2132284564
10.8032854666,1.42309077459
3.35234436333,3.43134378934
4.55654085759,2.7240620368
13.457394161,1.20635944099
17.1004640065,1.00744466246
12.8984711874,1.24546862524
10.95314173,1.40842197382
15.3724174929,1.09148675049
10.3791812922,1.46660783528
11.676910085,1.34224570392
4.12875567534,2.93372720041
16.8579241871,1.01832683051
2.83407395111,3.89333499626
7.25495502832,1.91994875159
10.0483341294,1.50278055407
3.4912626976,3.3281390442
2.8770724541,3.8494901208
10.8381457771,1.41964673623
11.3480921473,1.37139355499
13.046682997,1.23481210952
7.19197852151,1.93257969313
2.15691046082,4.78087269565
10.9465946903,1.40905548214
4.77644387606,2.62918768237
13.3786889788,1.21169323554
12.8646862486,1.24792786735
12.4958846902,1.27552911466
12.5113099587,1.274346148
11.3349378014,1.37259039353
13.7349625921,1.18797710284
13.9321798807,1.17530684184
12.196449487,1.29901113323
4.60555178811,2.7022302623
2.44711702759,4.34784564273
8.99314527997,1.63355757002
15.9872355829,1.0597636011
7.7926565236,1.81943177161
3.69344334191,3.1901639492
8.8219399025,1.65734437058
4.8138249611,2.6138171779
5.36963026799,2.4075989767
7.371181789,1.89713493537
8.44572192065,1.71256997938
8.07802607647,1.77087501136
17.01598809,1.01120404023
9.99018512472,1.50935467122
3.19993767525,3.5535493637
11.4081592268,1.36595914032
11.2608333801,1.37937847317
2.92392267268,3.80300626562
7.37050701677,1.89726556416
5.55825289558,2.3458862951
15.0534293451,1.10883721864
10.8112583718,1.42230137218
16.5699526629,1.03160907544
12.2159451457,1.29745159708
13.3219703265,1.2155712291
12.659536846,1.26310746972
8.17160854645,1.75560006857
8.20992573538,1.7494338712
3.57901482859,3.2665770353
14.9648474426,1.11377018705
16.8532222657,1.01854050387
9.76805080473,1.53509834381
2.03315994944,4.99812309456
16.3316216391,1.04291147679
6.18265612667,2.16536669394
4.34430538083,2.82356020871
9.31329427493,1.59114033958
8.85664769131,1.65245708911
8.09517873973,1.76805212788
5.45277471897,2.37993523796
14.4393947359,1.14411832154
5.65721452978,2.31495454927
10.6990787574,1.43350303976
11.6359852231,1.3457947594
6.82437973277,2.01036336255
5.96401796734,2.22480358791
2.03601365392,4.99285326553
4.24029094076,2.87549659864
2.33375471324,4.50575308027
2.99572861428,3.73424054005
11.2514810602,1.38024072506
7.79363902122,1.81925925951
14.3253704699,1.15096091769
6.02412595382,2.20808673262
10.6965599872,1.43375691255
15.5761193039,1.08073331834
6.16672875918,2.16957170841
16.3639026972,1.0413637284
6.51798239933,2.08103463856
15.3303509666,1.09373860977
13.9946551229,1.17135842066
3.33094847931,3.44790787127
14.3080824509,1.15200670929
8.30964587252,1.73362021183
9.65518773039,1.5485751358
8.22621556062,1.74682767973
5.12116357945,2.49493665381
14.5488969023,1.13763562666
17.1772717812,1.00405466754
14.8332304798,1.12119492916
5.15930079322,2.48105304555
9.28761342909,1.59444822741
5.15343222309,2.48317773907
17.1900773323,1.0034920624
14.8827896829,1.1183857054
16.9183443721,1.01559036716
9.48318788554,1.56965276193
4.69423036921,2.66374573231
14.4794321575,1.14173808412
15.1504275717,1.1034935701
11.4890009819,1.35872383841
10.7889042064,1.42451725654
3.52479412748,3.30429832494
4.92189920724,2.57053175051
14.815107369,1.12222633369
4.74468423739,2.64241330597
3.63440169366,3.22906442283
7.88442963657,1.80348047934
13.7821046208,1.18491957148
14.2771344927,1.15388436151
7.33107809499,1.9049351518
12.5676643321,1.27004595453
14.6644686331,1.13088569062
4.90835837947,2.57586349535
16.4775210396,1.03595846489
15.5262422429,1.08334347217
14.7262293762,1.1273166497
12.9398937188,1.24246879274
15.9102263714,1.06361928136
15.5123098462,1.08407520575
2.88652631504,3.84000377001
6.26706669663,2.14339425709
8.1572168094,1.75792916611
6.05775758584,2.19886022399
14.8680578184,1.11921905561
10.5583086792,1.44785417007
15.4103806666,1.08946379599
3.13512450625,3.60866208793
11.4258300054,1.36436995438
7.13736065296,1.94369213516
12.095188914,1.3071821683
5.64171372956,2.3197367035
8.05758390382,1.77425301002
11.4549196285,1.3617631959
14.0242972321,1.16949582993
4.2355227544,2.87793095566
11.0104858762,1.40290142773
5.50764135139,2.36208139555
13.7074258748,1.18977159704
12.1179871207,1.30533207584
4.50190583984,2.74888919464
2.05333471829,4.96114263804
14.7984326015,1.12317726617
16.3919579383,1.04002292967
14.3224796255,1.15113563745
2.37778535577,4.44285478324
14.2811837096,1.15363828499
13.0145235035,1.23710632761
14.9913313576,1.11228999351
2.5660866651,4.19534830821
17.0894583993,1.00793259304
13.431375256,1.20811666385
17.2005654241,1.00303182033
4.22052215147,2.88562080117
3.72818349503,3.16778001234
15.2277614683,1.09927599066
12.0682262248,1.3093781135
2.72004286448,4.01546750381
10.0437713815,1.50329399036
16.7832686906,1.02173184649
8.86782121967,1.65089085299
14.1383433946,1.16239348026
3.68334782951,3.1967380602
3.25000174812,3.51229931676
14.3993888073,1.14650826497
12.8897110644,1.24610519943
12.2366052208,1.29580366681
3.10331356129,3.63644854292
5.80005105479,2.27194419638
6.49321173097,2.08700276737
3.36812680691,3.41924370294
5.32579402073,2.42248837596
7.56617297355,1.86024373836
5.82988430184,2.26319435899
14.327471818,1.15083395308
3.07350889215,3.66293920848
4.68772550179,2.66652531867
2.94509034456,3.7824295922
11.3189230645,1.37405077166
17.1922250286,1.00339777639
12.0810108858,1.30833581098
9.37783010863,1.58289774073
11.9025558954,1.32306201126
11.4578156283,1.36150431638
10.3898355562,1.46547655613
12.9845766722,1.23925164647
6.14828740855,2.17446427875
16.9105751218,1.0159412809
6.09446203045,2.18889260199
5.75811533812,2.284377775
2.05782854667,4.95299198456
17.1809421555,1.00389333647
4.49454750509,2.75227333613
4.5028408881,2.74845985437
4.49038077136,2.7541939497
14.7159984139,1.12790606451
10.4918908964,1.45474229839
14.3727066257,1.14810872889
14.937887786,1.11528169159
6.8082795956,2.01393794531
12.9062251707,1.24490579614
8.67738295554,1.67806759263
10.5206176782,1.45175371962
9.33821833935,1.58794517735
7.4555182459,1.88097153014
4.03535856251,2.98465103612
14.1006093592,1.16473226587
15.6888762057,1.07488617866
12.0387706336,1.31178693645
3.97594045869,3.01813663504
14.7005740461,1.12879603445
10.8324845866,1.42020471496
10.1875238997,1.48731166816
7.97481966902,1.78808442406
3.34687571089,3.43555981121
7.39271158306,1.89297796393
2.10171138449,4.87500765881
2.91793898289,3.80887028489
3.31831430622,3.45777671052
2.20614893299,4.70039534693
7.54510292022,1.86414950181
13.7687344449,1.18578486909
13.2160084846,1.22289416172
3.73666548131,3.16237027193
5.16673245465,2.47836850951
2.11799424294,4.84679253865
9.13395272304,1.61458083757
8.12347270018,1.76341850616
6.45312559397,2.09674591457
11.5995675711,1.34897138443
15.0609703616,1.10841962154
3.68251181719,3.19728387982
9.76275597141,1.53572448555
10.3936922887,1.46506754578
16.7657081705,1.02253663511
13.0189005183,1.23679349313
10.3395582222,1.47083296385
7.00996704062,1.97019989105
13.8531993656,1.1803430151
5.46851186252,2.37478220724
8.10013856351,1.76723782192
10.6868654309,1.43473502794
5.37059899228,2.40727234592
7.65714390411,1.84359682715
17.1613381346,1.00475573081
8.11101415673,1.7654553168
2.98507831836,3.74425672221
12.7379828019,1.25725245213
11.8874099279,1.32432968419
14.1472135992,1.1618452848
12.0634376339,1.30976901393
4.98286810818,2.54683988747
12.6467416189,1.26406850869
13.6534323779,1.19330860818
5.26801886379,2.44244344565
13.8496889791,1.18056802173
8.57281683022,1.69343883509
8.26132898702,1.74124055625
16.7874165537,1.02154196765
13.7268882635,1.18850263164
14.4786063432,1.14178706255
4.88514184171,2.58506531089
16.999271194,1.0119518601
4.15027448219,2.92227928318
2.27922978146,4.58658507274
16.8651336003,1.01799940983
2.21185480351,4.69127262467
2.3835578327,4.43475981994
2.97078122993,3.75780143276
14.6442569497,1.132059413
5.54119754666,2.35131484986
14.9589901208,1.11409817442
13.6325281022,1.19468459662
8.06589827737,1.77287727867
3.02194983476,3.70984433814
10.486067573,1.45534987384
4.85373310452,2.59763673177
10.2566313778,1.47976819043
14.2837694615,1.15348120922
17.1033925011,1.00731492113
2.77580538676,3.95464498723
10.4494953844,1.45917918514
8.73343569719,1.66996072231
12.1629522322,1.30170093811
15.3264454006,1.09394822757
8.94012938585,1.64083811657
4.793927727,2.6219724628
12.2121270943,1.29775667486
16.1734135457,1.0505751242
9.65959605726,1.54804356948
14.1526709884,1.16150830695
16.6451331167,1.02810267012
12.701496883,1.25996779198
7.96393720438,1.78992180719
6.93143925065,1.98696431529
11.1949023343,1.38548399144
2.5744825408,4.18505380011
16.174323307,1.05053067978
13.8420946018,1.1810551436
13.1558645119,1.2270966034
5.70644515511,2.29991746068
4.77367906143,2.63033290258
9.59455929163,1.55592924448
3.17160330243,3.57740019472
9.29929366653,1.59294173984
12.3520102231,1.28668740985
11.8317908279,1.32900921985
11.0447844994,1.39962349738
11.6405116831,1.34540114393
5.90786865418,2.24068836811
9.94348375813,1.5146833031
8.020014731,1.78050050722
7.92149952233,1.79712916822
8.33678911071,1.72937325309
3.48668385797,3.33142573958
15.6827681586,1.07520103102
10.8795821779,1.41557817211
5.33369597712,2.41978856321
5.3215343782,2.42394665521
12.2689846195,1.29323074057
6.89433220107,1.99500236912
7.60630910733,1.85285616577
6.90572488459,1.99252645935
6.43521895286,2.10113256229
10.4628276773,1.45778050372
4.90835871111,2.57586336445
11.7082689035,1.33954094156
6.254029803,2.14675387509
5.63467348068,2.32191630206
7.66144249743,1.84281879461
9.06704836439,1.62353320524
12.2432497221,1.29527471039
8.80512142369,1.65972475533
16.4824687683,1.03572456614
12.5129189663,1.27422290009
6.35463469627,2.12114128226
7.46751140879,1.87869898593
2.94734718349,3.7802510442
6.91203649199,1.99115787048
15.5685444295,1.08112878108
16.7034671007,1.02540104244
11.7070745698,1.33964372274
11.0004625996,1.403862736
13.4745820027,1.20520189769
17.0856776362,1.00810033921
4.25644046799,2.86728710456
7.73635714793,1.82938119517
11.7062146869,1.33971773334
13.5306544065,1.20144352922
15.0511556991,1.10896319773
11.3949169511,1.36715288768
10.1439407463,1.49211528988
3.8616902408,3.08505236276
6.05000761305,2.2009783839
10.6849132479,1.43493217811
9.21681051271,1.60365175501
3.83778153464,3.09949643175
3.16114184573,3.58630088241
6.7178110913,2.03430274008
11.474713796,1.35999603674
7.41106945717,1.88945014491
16.7822438966,1.02177877167
10.1893255707,1.48711386768
6.91593867116,1.99031282919
13.3331332142,1.21480571074
16.0106414755,1.05859816092
13.8376130727,1.18134281956
9.18798177627,1.60743472266
13.052894818,1.23437010737
6.001645054,2.21430463555
16.815580008,1.02025488549
6.6795841525,2.04305286064
4.3918517087,2.80053852256
2.87638879705,3.85017824512
2.71685684183,4.01900862595
7.76559460696,1.82419847411
13.0154416377,1.23704069134
14.162671363,1.16089140348
7.76213186517,1.82481050446
3.99875587815,3.00517571037
2.30918391588,4.54176475345
12.3355424925,1.28797911238
9.69323587952,1.54400115437
6.35360407198,2.12140005998
3.58487694094,3.26255869563
15.0156296736,1.11093597814
14.3956052863,1.14673489374
7.06191190902,1.95929017628
12.6863840285,1.26109652124
11.209060244,1.38416759939
11.4880851095,1.35880530884
7.83912226131,1.81131456344
3.43930956939,3.36588052198
4.21346316453,2.88925608308
5.44876374485,2.38125277609
6.40032470256,2.10974246423
9.00444596599,1.63201538803
14.9526860498,1.11445142951
3.15377400894,3.59260053048
6.12588334379,2.18044287952
2.49387443992,4.28639141752
5.89168169151,2.24531692485
2.66271643524,4.08031627449
4.28853486075,2.85113306716
6.4857835514,2.08880026005
14.1331392549,1.16271538653
14.5012551723,1.14044554864
9.87113680303,1.5230252462
16.1809620115,1.05020649277
9.25582203596,1.59856546674
12.6932607387,1.26058263049
16.6625849583,1.02729268404
2.45965211141,4.33116978152
16.8650184576,1.01800463719
10.5729132112,1.44634971933
11.7313196138,1.33756085097
11.0922796231,1.39511371017
9.77682338754,1.53406224778
13.0397021701,1.23530927052
14.9457659542,1.11483950475
2.56934979218,4.19134025984
12.3738441551,1.28497943612
15.6614016949,1.07630410357
15.1326864715,1.10446644506
5.33554157508,2.41915899844
2.94366320301,3.78380873576
4.35580586061,2.81795137542
10.3834093809,1.46615864969
3.14875522751,3.59690647419
14.0278506594,1.16927300981
4.91040352763,2.57505656018
11.6637952428,1.34338066375
13.95574197,1.17381408577
6.34962968196,2.12239867194
6.35464244776,2.12113933623
14.9011369513,1.11734985818
4.52933820888,2.73635783219
12.9812009482,1.23949401898
4.17269758093,2.91046041121
15.377222956,1.09123019671
16.0237476762,1.05794687202
11.9184294638,1.32173647002
2.0379567958,4.98927233853
7.92636441778,1.7962995131
8.26090888014,1.74130715618
3.55363086316,3.28411108851
7.50998790527,1.87070142619
2.88024796273,3.84629761436
13.7301887404,1.18828775012
16.2462748768,1.04702945685
15.709414238,1.07382907517
7.0655280407,1.95853593254
11.4738361824,1.36007427407
10.2803047094,1.47720455114
11.7096520075,1.33942193826
3.54466717176,3.29035532097
11.8231795992,1.32973717633
8.63097928192,1.68484866966
3.95110495417,3.03239407369
10.8707322041,1.4164448526
2.93176233959,3.7953551327
5.67830767046,2.30848385626
16.4592082422,1.03682525513
7.77601666774,1.82235928465
15.9098175051,1.06363983964
9.85652438468,1.52472314354
2.5488099951,4.21671869581
5.56309467483,2.34435051817
2.60956307453,4.14266878998
15.9918795526,1.05953212813
16.02724078,1.05777344606
13.6648449506,1.19255895157
8.57444677366,1.69319671437
16.2417721667,1.04724776519
5.37714188325,2.40506893893
4.74741130612,2.64127159366
13.8028181162,1.18358192576
4.15491056205,2.91982651323
9.55236602997,1.56109543462
16.6607709909,1.02737680584
7.44058526546,1.88381009912
5.00143388435,2.53972601494
12.3225543996,1.28900001081
2.17482232631,4.75122747972
15.4075202007,1.0896159182
4.1332571964,2.93132377299
17.0244120516,1.01082768714
15.4808007936,1.08573432515
14.1654776418,1.16071842677
3.08830812064,3.6497295276
6.70293521843,2.03769742475
15.1989968637,1.10084034168
11.059508511,1.39822178462
15.617049365,1.07860229141
3.64226352999,3.22382080053
13.0769128199,1.23266456799
7.39738530323,1.89207836315
13.246985898,1.22074272435
4.07439919034,2.96311577775
7.14903350148,1.94130470477
15.6223725748,1.07832585703
9.10089089167,1.61899037755
8.52414514502,1.70070615238
13.0907844751,1.23168202769
3.85973246605,3.08622922749
12.1023129635,1.30660339013
3.07704508594,3.65977270786
9.19800624213,1.60611693524
9.62968986766,1.55165809057
10.6417378597,1.43930863628
14.4134875584,1.14566468315
8.94343586452,1.64038183519
7.36975696805,1.89741079028
4.08565443008,2.95697425658
8.24374912948,1.74403258858
8.76737791428,1.66509585282
11.9245256975,1.32122821851
6.80909749465,2.0137559968
15.8060893074,1.06888550227
14.921523649,1.11620148709
9.30958531453,1.59161709396
7.12349223161,1.94653753048
6.95382058111,1.98215246935
2.21189526824,4.69120807567
6.38532649553,2.11346848385
8.89002048343,1.64778933371
13.332112185,1.21487568328
7.04438538902,1.96295542394
16.7977612445,1.02106877144
9.38113028259,1.58247890932
14.1250655684,1.16321520218
16.9131068641,1.01582689867
16.4808757216,1.03579986234
8.16249431086,1.75707424225
5.59860440955,2.33315824893
11.5882219779,1.34996460623
11.0904236172,1.39528930738
5.8476581328,2.25801864238
15.4346362122,1.08817584934
10.5030359492,1.45358112715
16.7298329059,1.02418537761
15.9969583381,1.0592791171
2.73012331282,4.00431124732
16.1969889768,1.04942480958
11.8051624088,1.33126328195
10.203944101,1.48551120249
15.0396719657,1.10960000287
11.3348797708,1.37259567878
4.94176791224,2.5627547398
17.1139356513,1.00684814921
3.59027559856,3.25886821357
16.7668685527,1.02248340989
11.048250564,1.39929323657
10.9856552503,1.40528568478
3.09182422128,3.64660737443
13.4190867412,1.20894866096
7.080714192,1.95537581296
2.49378522141,4.2865067553
9.18451081763,1.60789159219
9.46371844596,1.5720808831
9.61749835509,1.55313722989
8.24667600807,1.74356701828
10.926045756,1.41104816874
9.9862704113,1.50979966367
13.4732262796,1.20529310709
3.51532784443,3.31098844445
14.9795994745,1.11294512609
7.51171570883,1.87037778941
6.04960343987,2.20108897968
9.00892010211,1.63140574835
16.5209012852,1.03391188893
4.65388783358,2.68109418129
14.9182565083,1.11638533825
5.68588187403,2.30617060129
12.2862671841,1.29186230047
6.09286649025,2.18932370617
3.10899260645,3.63145145201
9.12093772917,1.61631333775
9.10616706884,1.6182847996
10.9066248831,1.41293750912
11.4983175363,1.3578957406
16.7192358484,1.02467357912
6.74065283064,2.02911580037
5.9443075504,2.23034976494
14.5277121488,1.1388831156
16.2471723674,1.04698595579
11.791319891,1.33243855626
10.0567052613,1.5018396299
12.5183138348,1.27380986265
10.3720585703,1.46736526764
6.58684332901,2.0646504303
3.07607812507,3.66063794373
11.6270630729,1.34657140489
7.09547695124,1.95231516033
3.11884084736,3.62282362091
7.57970657052,1.8577450468
3.84132650915,3.09734484675
9.69516609004,1.54376995133
6.70881751355,2.03635350443
8.16234514741,1.75709839254
6.03286711517,2.20568001398
17.1038498931,1.00729466076
7.52517567052,1.86786104773
11.3477663801,1.37142316533
15.6987115123,1.07437964783
12.7796591296,1.25416745908
16.8175038854,1.02016710126
7.82709426568,1.81340766205
11.1764755078,1.38720167943
10.0012426744,1.50809938847
9.15252355584,1.61211624351
9.44592741518,1.57430734806
13.4792351968,1.20488896561
13.5613011694,1.1994008784
15.2402337532,1.09859929875
7.02548496874,1.96692593768
8.88018205503,1.649162211
15.4444015801,1.08765831826
17.039952766,1.01013423801
8.11295805446,1.76513715386
3.9282981192,3.04562591054
3.93122586146,3.04391979953
7.9648784321,1.7897627176
13.2839564865,1.21818655983
13.1659069287,1.22639257032
14.6245319213,1.13320761448
4.005142801,3.0015706279
15.3416796092,1.09313111289
15.465064288,1.08656515324
5.51690790826,2.35909674308
8.02265143391,1.78006036924
8.60187374996,1.68913462112
12.0936630208,1.3073062139
9.01906314877,1.63002563319
9.1784279189,1.60869299188
8.17721349726,1.75469493068
12.645836816,1.26413653219
11.1729710923,1.38752891116
4.70612673756,2.65867972836
5.6530642986,2.31623268539
3.74634030026,3.15622595994
7.17611261915,1.93579246444
12.4317270285,1.28047695797
7.91676561159,1.79793734278
6.55145832609,2.07303196213
16.7820531321,1.02178750731
7.59533660416,1.85486900209
12.4976292316,1.27539519716
6.28963970115,2.13760603915
12.4919728513,1.27582952109
14.7099150483,1.12825687309
13.6471178454,1.19372386226
16.3151197803,1.04370474748
13.4747108189,1.20519323212
17.0029343316,1.01178788172
7.92047107999,1.79730467222
10.1377554379,1.49279994976
14.7377472755,1.12665395124
15.1446463164,1.1038103795
4.91960647064,2.57143271459
6.72472034083,2.03273051998
6.7779024077,2.02072284241
12.4992539621,1.27527050625
3.93186242275,3.04354914474
15.5454376921,1.08233720391
3.39669803157,3.39758951634
8.77352826472,1.66421786529
4.43188932163,2.78148854624
7.4297879568,1.8858687553
8.04941762431,1.77560666045
3.01026107017,3.72067355871
14.8093008757,1.12255725483
11.5689609773,1.35165467
16.7772902778,1.02200566803
3.22523884017,3.53256237109
4.91117846024,2.57475095601
2.21419851479,4.68753736319
4.37194259046,2.81012502497
3.63230396635,3.23046690795
16.2132969325,1.04863081149
16.3839541804,1.04040503019
15.9131563172,1.06347198732
10.2707469011,1.47823834188
3.49048282366,3.32869830467
9.21905043789,1.60335869521
4.92350562467,2.56990092349
3.07376487815,3.66270977037
8.97333985368,1.63626858299
11.2175829776,1.38337656568
3.63348921911,3.2296743049
15.6777513277,1.07545979507
7.37083124137,1.89720279508
16.6597768863,1.02742291372
4.34035956055,2.82549060072
8.89446278842,1.6471703161
13.3364512886,1.21457838331
8.09816266921,1.76756212036
4.24084151369,2.87521581717
17.1739893682,1.00419899697
3.54143590144,3.29261305818
12.4214642931,1.28127257382
3.77726404637,3.13677188521
6.88156093238,1.99778641541
15.1474719477,1.1036555101
3.14013800675,3.60432787426
3.28381457416,3.48506374949
8.59749944587,1.6897809588
12.6451153043,1.26419078188
7.13666434082,1.94383476707
3.8676828375,3.08145655913
2.09295438672,4.89034081928
8.09296664068,1.76841559319
12.2939011901,1.29125891032
8.73283196673,1.67004755361
16.8724955132,1.01766531623
9.84482319826,1.52608595194
2.55435680365,4.20982996832
3.62016593161,3.23861002576
10.5884532257,1.44475289538
11.9505137017,1.31906665937
11.0508980781,1.39904109287
3.70873682216,3.18026471988
5.50986561104,2.36136418469
15.8036253765,1.06901083959
6.58070016506,2.06609987646
14.4041819941,1.14622130809
13.5583017703,1.1996004355
5.75467246201,2.28540560739
2.21213791232,4.69082105523
14.1983193578,1.15869854397
5.58652078256,2.33695287979
9.00787320755,1.63154834923
5.21671394479,2.46048794115
3.60378561796,3.24967533202
16.2329918721,1.04767377209
5.7565254833,2.28485227463
8.60028224583,1.68936971166
11.1569583118,1.38902642745
5.94197581889,2.2310080065
14.0394381321,1.16854709586
4.852142647,2.5982771078
7.41941221989,1.88785197789
7.88729861718,1.80298706003
17.0666394799,1.00894601987
2.96019615685,3.76790327894
7.55675473631,1.86198724208
7.47250092809,1.87775542127
7.58473671679,1.85681832857
10.122324846,1.49451117707
5.15744448912,2.48172465535
6.40092949692,2.10959253545
14.090392751,1.16536738693
13.6767502007,1.19177810066
10.3579628171,1.4688669039
7.14950059089,1.94120931378
10.3063179766,1.47439941614
12.5163872964,1.27395732487
8.84594659134,1.65396035221
11.3827352052,1.36825318027
15.4566111805,1.08701205723
6.42841141146,2.10280584331
3.82974170935,3.10438904781
15.4245481425,1.08871108531
6.10825587052,2.18517382741
4.53155446217,2.73535123157
11.1264072793,1.39189403408
6.63534109541,2.0532902495
14.9086145397,1.11692833037
11.5988756477,1.34903190841
6.84459316889,2.00589640341
11.4935605729,1.35831841424
17.0717438322,1.00871912088
13.4844371678,1.20453935172
15.4540742313,1.08714626575
12.4936392837,1.27570152864
11.0260086957,1.40141569382
10.6896628824,1.4344526244
11.9062816997,1.32275060545
10.841650401,1.41930156905
2.85956101811,3.86720680615
16.6752390519,1.02670630315
15.7264048274,1.07295638896
12.0295744106,1.31254110284
12.4791208033,1.27681764491
13.9479511702,1.1743071763
3.5340906379,3.2977587573
7.38014184811,1.89540234638
10.516831459,1.45214679894
13.3508382627,1.21359385029
9.87032503059,1.52311945497
7.47681739116,1.87694002796
4.15104841349,2.92186949243
11.3551712564,1.37075047296
16.9585557387,1.01377864304
15.941331857,1.06205797017
4.61143168003,2.6996384093
2.49716399271,4.28214386901
6.41827091512,2.10530412343
10.9989709122,1.40400593135
8.53906720827,1.69847037976
9.18499106455,1.60782836102
11.7560940368,1.33544027738
6.54601680531,2.07432791804
11.885450845,1.32449386038
11.021392731,1.4018571181
5.67203021652,2.31040516906
9.35927864651,1.58525695721
3.96872266342,3.02226407399
3.55300017313,3.2845495332
5.4367999716,2.38519278993
17.1529370189,1.00512583022
16.4467888164,1.03741405963
4.6867790833,2.66693029474
3.54187082517,3.29230896025
14.5114469956,1.13984307324
11.6726744564,1.34261201139
5.33430289756,2.41958149023
15.1508313544,1.10347145096
16.8664015385,1.01794185086
15.8106865434,1.0686517377
4.58249725799,2.71244887354
5.23008478889,2.45575539503
9.52773715471,1.56412954262
12.7858597184,1.25370998087
14.8499996553,1.1202425432
2.75090739457,3.98153531012
15.750312506,1.07173121477
4.47993190212,2.75902401214
6.35890272473,2.12007041253
4.77395698989,2.63021772866
7.53644037574,1.86576082956
15.3666074961,1.09179712197
8.95671238277,1.63855269861
12.9274435449,1.24336866781
15.2307249557,1.09911511679
7.70464773475,1.83504103582
13.1398133732,1.228223841
4.88218273517,2.58624365261
2.49194027061,4.28889344861
2.64026958256,4.10637964301
9.50263818649,1.5672357335
8.23301859334,1.74574194482
15.2844286652,1.09620926537
4.37699882792,2.80768314302
13.2237336692,1.22235680724
15.9607660983,1.06108519286
15.4817837703,1.08568247679
12.1649908406,1.30153686854
6.45700429024,2.09579854675
7.56808933171,1.85988944771
9.16329894991,1.61069021973
14.7764081213,1.1244361646
8.92824225215,1.64248094069
15.6375008803,1.07754114405
16.5937962325,1.03049400105
15.5204856473,1.08364567074
7.57278898906,1.85902125393
8.59756751752,1.68977089627
4.36144883094,2.81520875353
11.7835756813,1.3330971197
2.3373639699,4.50051915212
8.15443643662,1.75837995985
13.9687595334,1.17299126141
9.60833540237,1.55425109241
5.9693074188,2.22332068792
5.02603398809,2.53037092246
13.9543734186,1.17390066836
11.4281826363,1.36415870004
14.2907199632,1.15305923634
10.3257307093,1.47231411837
8.98121578352,1.63518925286
15.3286440407,1.09383021163
5.92928961483,2.23459723297
6.4742110314,2.09160781091
3.85790632351,3.08732790816
8.50439748933,1.70367550775
2.8470224923,3.88000952098
5.65914261067,2.31436132186
15.7255653185,1.07299946978
6.2874920347,2.13815518089
12.7184781456,1.25870232168
14.2707142013,1.15427478226
4.75033374969,2.64004936074
10.7032577572,1.43308205945
3.3812039086,3.40929275521
10.0639460953,1.50102685857
13.6052962346,1.19648264268
16.9385492315,1.01467909477
8.97781299286,1.63565537323
13.0579765536,1.23400879045
4.30573412099,2.84256306075
5.04922876409,2.52162344611
6.87058614131,2.00018608462
12.2611097801,1.29385539405
10.7011062731,1.43329875774
8.69816235212,1.67505160639
5.78669005915,2.27588847753
6.45179763374,2.09707049687
8.28536259158,1.73744034054
2.31639653549,4.53112434428
10.0709963406,1.5002364644
13.4006423499,1.21019995191
6.08206288757,2.19224797913
16.2130290376,1.04864384339
6.48040633316,2.09010370733
8.90177059041,1.64615318047
13.9541492875,1.17391484963
14.0553526371,1.16755181795
10.3395271559,1.47083628767
15.5453905994,1.08233966995
4.86617974662,2.59263792834
5.33963663762,2.41776346475
15.4532386062,1.08719048006
8.70530750431,1.67401745163
4.79409096938,2.62190531337
5.59335589992,2.33480467803
14.7286016787,1.1271800817
4.9894540458,2.54431103732
11.3930408379,1.36732220968
9.28566752789,1.59469952747
14.0888660583,1.16546236392
9.61979717762,1.55285807322
15.5644644786,1.08134192348
4.91620004605,2.57277267786
16.2633905635,1.04620059034
11.1770503904,1.38714801578
2.08120351856,4.9110936337
11.5194012819,1.3560260547
10.9232099035,1.41132368486
6.86536058303,2.00133102948
3.92719174497,3.04627121866
13.8494240046,1.18058500995
9.52279051914,1.5647405919
2.17004876658,4.75908609743
2.74958755144,3.98297266923
9.90200199584,1.51945328413
4.59851375937,2.70534025483
12.5913122647,1.26825151608
16.9700636328,1.01326153914
2.39606889521,4.41733242957
15.7179899922,1.07338839284
14.7489811226,1.1260084697
8.09806563162,1.76757805047
13.192253379,1.22454999183
8.63763782111,1.68387172006
3.55857151626,3.28068114431
14.9293401703,1.11576191565
11.936279927,1.32024953602
5.35526296677,2.4124554394
8.94085349901,1.64073816645
3.47376872631,3.34073711844
17.1232686557,1.00643537372
3.50837881828,3.31591966441
8.15060857479,1.75900102828
7.56324826287,1.86078475345
2.21831511942,4.68099331634
6.11295907837,2.18390921953
7.64471612511,1.84585052889
2.353382202,4.47746029524
7.74654996448,1.8275704942
4.28419380694,2.85330564232
14.2040329641,1.15834797251
16.266605135,1.04604508778
11.2355618287,1.38171131537
11.4848406293,1.35909400963
2.87065266632,3.85596316744
13.1839178655,1.22513225075
9.2168471418,1.60364696165
16.8296003006,1.01961555915
2.48989889887,4.29153784959
11.8156965938,1.33037051243
4.31690666357,2.83702809817
15.7982419425,1.0692848078
12.8392073623,1.24979000059
15.4665378524,1.08648729175
15.1245981947,1.10491064827
16.6374082529,1.02846167673
14.6377032863,1.13244060353
12.729240546,1.25790182231
8.48724997323,1.70626371003
9.74948275149,1.53729673178
10.7564463263,1.42774904246
15.2525480405,1.09793213037
6.38137713114,2.11445218018
7.98398667767,1.7865400821
4.90228784986,2.57826216134
5.0321515901,2.52805692466
13.4142568236,1.20927603737
9.54430408606,1.56208710031
13.9202298706,1.17606561634
7.51925236159,1.86896761465
9.35223625026,1.58615469585
16.2998599429,1.04443956432
6.71660686681,2.03457705488
10.7648571668,1.426909948
2.63138857246,4.11679899744
8.47641826831,1.70790334672
9.18056826703,1.60841090275
15.0347200839,1.10987486154
13.8337729263,1.18158945411
11.0784020874,1.3964279155
16.6634200457,1.0272539627
13.934101853,1.17518491127
8.64605139746,1.68263915454
11.7587307823,1.33521504538
3.41111495056,3.38678362406
12.7389237318,1.2571826069
8.16419283759,1.756799297
3.70566266234,3.18224882636
5.07551234884,2.51179578929
2.39667665393,4.41648990753
8.40623465689,1.71861694106
17.0641540331,1.00905654616
5.2453988561,2.4503610312
11.1512085994,1.38956506016
7.33240403593,1.9046760601
10.5424980202,1.44948698276
9.74070397106,1.53833866248
12.023829027,1.31301278475
2.67813757369,4.06263254987
3.69618782113,3.18838220777
3.43060018074,3.3723054093
15.620044835,1.07844671629
11.1796798824,1.3869026219
10.466531327,1.45739251054
2.05450693433,4.95901352723
9.0678976762,1.62341883513
3.73520184166,3.16330223243
2.56080164319,4.20185879784
7.13586479941,1.94399857444
2.47341430966,4.3130320896
13.6838637981,1.19131209659
5.21103944543,2.46250283247
8.35419611834,1.72666239856
16.2091970922,1.04883029188
6.45022701642,2.09745454097
12.0010553357,1.31488634065
6.69463285402,2.03959777558
5.07255635231,2.51289660797
15.2295795402,1.09917728954
9.6597311052,1.5480272918
5.49531593466,2.36606493348
7.1097786286,1.94936072178
6.53264710033,2.07752008605
16.5389131029,1.03306489844
10.6384645173,1.43964170637
16.3025772244,1.04430862911
4.5800472217,2.71354011565
9.26519591932,1.59734890087
16.3077521889,1.04405937346
3.5899166478,3.25911328784
7.09644605946,1.95211463261
12.3824142724,1.28431047533
14.8291376887,1.12142766096
2.92865562091,3.79838284599
15.2065835861,1.10042723756
15.944831063,1.06188266473
9.65547475912,1.54854051227
11.9721923776,1.31726982054
14.4402134669,1.14406953193
16.2995172101,1.04445608199
4.30397542663,2.84343662426
12.7287256372,1.25794009383
14.9291951889,1.11577006518
11.2011383497,1.38490381206
12.311070104,1.28990427861
4.89521261736,2.58106439442
6.22876154789,2.15330059167
7.20686387676,1.92957674841
15.277025021,1.09660880506
8.24401501217,1.74399028341
9.04438579485,1.62659194322
13.8678114341,1.17940749198
16.7668534108,1.02248410439
5.9911464542,2.21722240071
8.42977435865,1.71500616681
4.27318926627,2.85883042728
5.23939193098,2.45247367123
15.5012515709,1.08465680982
5.81149965716,2.26857711345
12.9223333584,1.24373846213
15.8066487339,1.06885704967
11.0624014244,1.39794676608
4.14011247187,2.92767243928
3.97362919201,3.01945688481
6.22914030045,2.15320211776
11.2987692041,1.37589374783
8.69532886017,1.67546212459
3.10267608552,3.63701046929
9.15229397588,1.6121466583
6.76818850885,2.02290374591
4.12949975599,2.93332960829
9.47676116891,1.57045330019
9.65970441648,1.54803050863
6.57628625841,2.06714277824
4.13815952455,2.9287115604
5.7991886698,2.27219829914
10.5690455754,1.44674777994
4.75099679579,2.639772243
14.1145134446,1.16386920496
4.48698063811,2.7557635218
12.4923431314,1.27580107868
2.69882298748,4.039190433
7.81823515054,1.81495292318
12.7072399006,1.25953948172
4.40857750352,2.79254349233
12.5480099492,1.2715418647
15.60602505,1.07917530962
8.34486783527,1.72811389282
2.23555233824,4.65382127114
6.05900613203,2.19851942545
2.47424549654,4.31194230052
13.6250544564,1.19517743418
8.9130536059,1.64458562519
4.83768996613,2.60411318453
14.533760487,1.1385266272
14.573301895,1.13620244948
4.14528257435,2.92492568099
14.1431610957,1.16209566246
13.0155367776,1.23703389038
7.75073412131,1.82682840844
7.3904746928,1.89340887475
4.01461228358,2.99624410176
11.8413928662,1.32819859841
15.6588878618,1.07643405698
3.92953883201,3.04490262627
8.83204682434,1.6559177197
15.3588536834,1.09221165301
2.5663544203,4.19501909238
7.45251608495,1.88154140222
4.44537858665,2.77513807278
14.4490523906,1.14354311341
3.47473480595,3.34003850921
15.8028991186,1.06904779002
16.8936019306,1.01670889258
13.0243471073,1.23640447115
8.77755424784,1.6636437236
4.15103340389,2.92187743863
11.217649483,1.38337039715
10.028863467,1.50497439901
5.16233421926,2.47995646443
10.8253780834,1.42090587037
2.08164445126,4.91031121151
2.98591184224,3.74347056845
14.4220990219,1.14515013746
6.28213509749,2.13952634174
4.49981861224,2.74984813778
16.4596740057,1.03680318845
11.040892243,1.399994584
12.6831298074,1.2613398766
13.5460189097,1.20041845085
8.99036953338,1.63393689014
2.62872683443,4.11993380449
3.18040252109,3.56995348542
10.6776668416,1.43566454205
14.6194829724,1.13350195201
14.1916488094,1.15910814367
5.05190901919,2.52061717456
5.49690325616,2.365551038
10.9190822405,1.41172493034
13.4877894238,1.20431417859
15.9416628385,1.06204138557
9.63026023363,1.55158897107
7.37661044203,1.89608476717
5.65038045779,2.31706009673
12.265204277,1.29353051983
6.52064722231,2.08039495564
11.4147836021,1.36536288538
11.5851175326,1.35023667414
5.88130768481,2.24829503785
6.23989140286,2.15041124943
9.22434533225,1.60266643539
12.4538598446,1.27876502808
16.8495483525,1.01870753329
10.1671257821,1.48955540412
14.3332445393,1.15048532994
9.11017754444,1.61774896164
5.2174036673,2.46024329742
7.60583662853,1.85294273419
7.29420339363,1.91217359207
3.6555664377,3.21499315862
6.67069322963,2.04510057584
12.3443483201,1.28728802172
2.30310113505,4.55078373603
7.47811398345,1.8766952587
9.45149909195,1.57360928885
11.5113255264,1.35674149582
5.42036076617,2.39063153656
5.74759569145,2.28752168568
10.3207725223,1.47284606873
9.00741018562,1.6316114282
14.2784634185,1.15380358737
11.9793391701,1.31667870694
14.2639283525,1.15468776739
2.95860370788,3.76942850877
12.4316818823,1.2804804554
9.42844658938,1.57650216031
14.1832634034,1.15962352164
12.7223654267,1.25841305171
16.4288633286,1.0382652813
8.29509297527,1.73590725086
8.16378727579,1.75686493731
2.97343654533,3.75527722479
4.65419451452,2.68096130617
9.16332560691,1.61068669556
6.61744647689,2.05746492496
9.64229780486,1.55013187554
5.54634846102,2.34967228036
2.40261120315,4.40828260701
17.1485060563,1.00532115804
9.83108425864,1.52768971937
5.54367517784,2.35052442696
14.7293572473,1.12713659346
11.5009941421,1.35765804904
8.32146003886,1.73176872873
2.31174129177,4.53798533198
11.2665961192,1.37884779282
10.9709184086,1.40670519842
9.72936937298,1.53968637261
10.8365469153,1.41980427163
5.22233539695,2.45849566862
7.44726027151,1.8825400331
7.05544977425,1.96063971878
10.1131590991,1.4955298088
5.78724349051,2.27572478309
5.69081747757,2.30466611053
13.8206679469,1.18243202932
5.29581784389,2.43279429245
11.3431000429,1.37184747163
4.50960472526,2.74535879112
12.1467855601,1.30300375884
3.55458756596,3.28344626566
15.6729056594,1.07570986846
11.1496070057,1.38971518402
11.135755993,1.39101507367
4.80688889774,2.61665334837
4.28847333912,2.85116383009
10.4561658709,1.45847899853
13.6075120432,1.19633610326
2.75548186985,3.97656287076
7.01203815304,1.96976219626
13.8816013531,1.17852618887
13.7147002959,1.18929692893
8.29465953809,1.73597547485
14.8337521543,1.12116527283
16.5201493118,1.03394728503
13.9054323043,1.17700678157
17.1105292473,1.00699890422
12.0230650951,1.31307553143
13.3475971918,1.21381548181
13.2108904476,1.22325046937
12.5633281739,1.27037563032
13.8312750819,1.18174994332
16.4620177384,1.03669216498
8.18455040522,1.75351174224
6.59292514182,2.06321779091
7.37808956308,1.89579886719
4.39026270361,2.8013008519
14.8793322146,1.11858115719
15.7128820255,1.0736508252
12.3229467005,1.28896914731
5.86036922824,2.25433406105
13.6181318532,1.19563435686
6.57196678095,2.0681645567
6.08888263584,2.19040098074
7.69727262537,1.83636327982
15.2406780849,1.09857520915
13.4388260398,1.20761285576
6.98310263183,1.97589783461
6.25357925046,2.1468702022
15.6252419706,1.0781769177
13.3535380776,1.213409303
2.72981527344,4.00465109202
9.22776547011,1.6022196531
12.6354645901,1.26491693054
3.37102178869,3.41703495399
8.38952926302,1.72119016091
2.4558883817,4.33616113524
6.40809142296,2.10781897629
3.72440609154,3.17019615501
9.816649284,1.52937897192
6.49398325724,2.08681627771
15.1085178878,1.10579500635
6.3059132789,2.13345566224
4.14037798933,2.92753122949
6.68548827086,2.04169568873
3.10026210149,3.63914019865
2.05736573357,4.953829968
11.8897810601,1.3241310406
11.3956914519,1.36708300207
15.8890104713,1.06468726539
5.43409355798,2.38608619729
5.92035878633,2.2371320558
14.881290077,1.11847046883
15.6692527758,1.07589847464
11.9265427305,1.32106015588
8.80191185837,1.66017992303
11.3355654426,1.37253323276
9.50582673772,1.56684032894
15.962067023,1.06102014943
14.1444576124,1.16201554551
6.01501356227,2.21060218542
6.57659167807,2.06707057531
11.7878090178,1.3327370251
14.0213626036,1.16967992243
13.9219793747,1.17595445901
6.19471975418,2.16219436373
13.1389689758,1.22828320804
12.9600234071,1.24101706161
4.0182051232,2.99422890782
7.3272130956,1.90569084967
12.9860853265,1.23914336279
6.22642602458,2.1539080488
7.63690415225,1.84727047107
9.57453592248,1.55837595485
4.28990404739,2.85044862693
10.2540810692,1.48004498787
16.7661382546,1.02251690696
6.24266638441,2.14969226214
11.6028045023,1.34868832735
15.0178890626,1.11081026953
13.0662946258,1.23341789785
3.23621600912,3.52354642577
4.0056747246,3.00127083932
6.05171714668,2.20051073944
2.93791167437,3.7893787231
7.53144426323,1.86669163734
16.6333930401,1.02864839578
12.1914097878,1.29941498976
2.8573981873,3.86940818217
2.16833977713,4.76190694084
14.7717679545,1.12470181152
7.23106834652,1.92471691551
4.81102598679,2.614960822
12.9439037355,1.24217927922
9.64950527606,1.54926096707
16.7289377586,1.02422659568
8.92870302188,1.64241719007
14.158636654,1.16114020488
7.97533248492,1.78799794918
4.36928767919,2.81140918189
17.2022556275,1.00295769625
10.3088028972,1.4741321043
5.85313909514,2.2564281496
2.56702481264,4.19419508186
5.2127563678,2.4618927852
16.4691185132,1.0363559677
5.34583769326,2.41565380742
5.07312275121,2.51268559291
3.62706401282,3.23397641058
9.35962501528,1.58521283393
15.538295746,1.08271134621
5.55083918697,2.34824241698
9.91610509611,1.51782764852
13.1239506164,1.22934022178
11.6860320379,1.34145760526
14.9942054978,1.11212963256
8.68702995296,1.67666582549
2.06154532905,4.94627422025
7.59920482815,1.85415881971
17.1549002258,1.00503931545
12.7203499569,1.25856301249
14.0349519918,1.16882801202
13.1587780396,1.22689225086
16.076013347,1.05535887951
3.79767341159,3.12408454949
4.7336216445,2.64705657908
17.1246082639,1.00637615854
14.2728533497,1.15414466552
17.2467578087,1.00101062766
13.9571464149,1.17372524781
8.53026047098,1.69978906443
13.4136713451,1.20931573569
9.55880325984,1.56030467043
4.20856896668,2.89178279846
14.9216278001,1.11619562738
13.6686900327,1.19230662702
5.61620414028,2.32765699128
9.52448375524,1.5645313668
9.96559332913,1.51215514464
13.5906108775,1.19745489632
13.5468967449,1.20035994556
2.4943060958,4.28583349378
17.0778555572,1.00844759841
2.80804749586,3.92044445603
3.5498476665,3.28674314667
13.6592634836,1.19292544376
12.0018301308,1.31482249712
6.26085050822,2.14499464498
14.3069713313,1.15207399916
3.31794640091,3.45806507612
6.07656728093,2.19373900139
5.80813390367,2.26956578908
16.6346888211,1.02858812957
10.6209854226,1.44142328829
8.94155801797,1.64064093454
9.00044123711,1.63256151725
9.2453982706,1.59992082638
9.54538692786,1.5619538192
13.8301510381,1.18182218092
5.62843855731,2.32385056687
3.2469799724,3.51475747504
9.29299340352,1.59375391975
9.74385632164,1.5379643289
8.72685700308,1.67090746794
7.98766617365,1.7859210805
4.46557064048,2.7656949053
3.22053868835,3.53643923425
5.82145677074,2.26565811922
6.08788837182,2.19067003239
10.5972518388,1.4438506077
7.72025629395,1.83224996043
10.9385236535,1.40983737058
5.26092676446,2.44491944386
12.3548761785,1.28646291708
17.1392733227,1.00572844407
3.29092062066,3.47940235437
14.377800818,1.1478027646
7.33119034962,1.90491321382
11.0634575253,1.39784639789
15.8883191856,1.06472210594
17.0610735936,1.00919357056
3.0125614487,3.71853652262
12.3723017008,1.28509992225
5.45528900279,2.37911020315
8.71937027345,1.6719864122
3.36339060033,3.42286441018
5.92183418145,2.23671283491
6.32789483508,2.12787923808
4.51475649562,2.74300228535
7.73521019981,1.82958520621
7.00590707717,1.97105855383
8.09004940329,1.7688951845
3.05480390171,3.67979545101
2.66534840694,4.07728545542
11.7183622237,1.33867307034
9.44406072867,1.57454138116
9.45765709429,1.57283860895
2.95354558261,3.77428267978
12.1098500206,1.30599170754
2.15194554857,4.78916641198
8.31846839849,1.73223713461
4.07215159195,2.96434576179
6.5163957837,2.08141571866
2.89317376501,3.83336600659
13.9890479695,1.17171152927
14.3311189168,1.15061367079
8.9358796135,1.64142500329
6.32286521963,2.12915218652
6.16340555925,2.17045147305
10.3627567474,1.46835579958
3.91907656588,3.05101426463
10.5396743679,1.44977904116
12.9995034791,1.23818124359
15.0108661543,1.11120112099
12.7225375442,1.25840024725
15.1714150001,1.10234524931
5.66789155345,2.31167391066
11.2693787465,1.37859171589
15.9393831567,1.06215562663
11.1672793722,1.38806077021
11.4651315601,1.3608508402
12.9008665173,1.24529469503
12.6710436029,1.26224465899
5.63311587165,2.32239916873
7.42797976338,1.88621402488
15.7955374917,1.06942250169
10.9186386325,1.4117680688
3.68693482526,3.19439862714
11.3528757957,1.37095892075
10.9752801253,1.40628471187
3.82392729114,3.10793862614
10.3928383011,1.4651580891
2.9872449715,3.74221400144
2.63538804695,4.11209913076
10.0010527463,1.5081209291
3.26199752508,3.5025803463
5.60578462173,2.33091023071
12.3768051665,1.28474821561
13.2937054646,1.21751458638
8.14244276998,1.76032763501
6.82189735449,2.01091354096
13.1794358745,1.22544559708
2.11929255059,4.84455917263
13.0524777233,1.2343997742
3.67553282765,3.20184884099
6.31310737218,2.131626873
7.46895010078,1.87842680253
3.75153640863,3.15293746259
16.4150530304,1.03892219695
8.18274742856,1.75380232749
9.22906521159,1.60204994027
12.3679488154,1.28544008229
3.07609490742,3.66062292284
10.2859858685,1.47659086377
16.6758772091,1.02667675209
3.51697408154,3.30982273084
8.27312478073,1.73937297744
13.8128272988,1.18293680777
7.27995310571,1.91498810252
16.8851862571,1.01708999228
7.43860444344,1.88418737806
7.77978491761,1.82169536127
12.069911011,1.30924064629
16.879745517,1.01733655074
13.9653523085,1.17320649812
8.07204200604,1.77186230669
10.75966797,1.42742750438
14.4500780885,1.1434820626
12.7405809656,1.2570596124
8.14926744994,1.75921874594
12.5026496591,1.27500999314
5.50612947732,2.36256918798
15.1515598539,1.10343154651
13.9257752689,1.17571336541
9.52830932757,1.56405889897
13.3059576723,1.21667129483
4.31485084866,2.8380446792
10.4717188513,1.45684947137
3.75449667888,3.15106754171
13.2713236964,1.21905859381
14.3790835899,1.14772574946
8.54955810109,1.69690262322
13.4727429993,1.20532562477
12.0349252805,1.31210216439
9.71498476759,1.5414007018
5.17673598332,2.47476560329
2.66054971541,4.08281527974
9.82102340757,1.52886663084
17.1575888523,1.00492086097
4.959413104,2.55589384626
2.33338461958,4.50629056973
9.32135188755,1.59010574954
16.8189846294,1.02009954867
4.33682207262,2.82722384239
12.5367135394,1.27240350241
8.40539887799,1.71874546753
15.2406712161,1.09857558153
7.40257343849,1.89108091299
