I,x
6.95295225916,1.3532236884
3.16615871395,4.89544694701
3.97062466118,3.87596242798
6.1331118596,1.91818060881
2.00342390406,6.95626760734
6.08764397847,1.95168753139
7.63863481957,0.929710986488
4.00398422241,3.83828863383
4.26981961622,3.5488323491
7.12322172983,1.24428071295
5.6695081538,2.27211101124
4.13879091323,3.68917938663
9.15926749155,0.11221484977
1.59573833915,7.98078098159
7.71356534784,0.885755052924
6.85393676986,1.41781002306
6.47909478871,1.67106597816
4.81488491711,3.0078469379
1.11335917324,9.6016349005
6.99330262648,1.32716713342
9.37478368055,0.00748873165678
9.14290355393,0.1202669878
9.03044260177,0.175998174488
1.1265377502,9.54864764997
6.86554157405,1.41019228191
8.95381142149,0.214372575036
8.89040601409,0.246373056175
4.81600117099,3.00680312507
1.61735203072,7.92019970099
1.90012231975,7.19465042981
3.58231437165,4.33937934844
8.47904533993,0.459699049231
7.48976721493,1.01833410966
5.42511612382,2.47052422346
7.84266511425,0.811014389573
1.63155227816,7.88083675023
1.11818150683,9.58217327966
4.69955844939,3.1170142872
2.95373948539,5.20816288509
5.69030666496,2.25562227501
2.64181124638,5.71072323572
1.67828067204,7.75368289703
5.35374722609,2.53015469715
1.88390558825,7.23324600733
6.27401568087,1.81589934489
7.53314070929,0.99233266353
1.90712317136,7.17809019958
4.50199631994,3.31040478004
2.27706328062,6.37976146511
2.18983794824,6.55564183963
5.89936962364,2.09315017704
1.97312856615,7.02488012817
2.50559766735,5.94909731483
3.27008135235,4.75002111242
1.84444801608,7.32855971612
3.99253848411,3.85117910592
3.00990640784,5.12334107986
3.64332074914,4.2633405194
1.96007583691,7.05476712632
8.68310440778,0.35261357406
7.04390063136,1.29470473717
3.08003988309,5.01962239838
5.46526251735,2.43732473328
9.34680993446,0.0209452908955
5.09340459789,2.75462722226
7.58796320578,0.959681166123
5.57569024236,2.34724814164
1.65430381594,7.81847833825
3.22666458024,4.81020690772
3.09908980436,4.99185768848
4.80463843303,3.01743978164
5.21399604038,2.64925817843
7.41881599409,1.06119415908
4.85043200266,2.97472499926
5.58545743099,2.33936704375
4.24195807474,3.57831131937
5.68136574943,2.26270309625
3.14353295936,4.92774100982
4.98976788173,2.84719452956
2.1411436587,6.65690136438
8.373282284,0.516219509358
7.12737371501,1.24165680446
8.41694854188,0.492797929982
7.73057033989,0.87583899877
3.41862553531,4.54998390266
4.21701262224,3.60486966474
3.30558272858,4.70139879221
5.94035217568,2.06197670863
3.15576481843,4.91025354856
8.49533744695,0.451055158156
4.67674075286,3.13893057976
8.86016158628,0.26171779276
3.34853237907,4.64326866871
8.02474718327,0.707665449603
1.19661250813,9.27691491417
3.33403314629,4.66280884006
1.54124792734,8.13723151475
4.47188090392,3.34062768905
1.03601256856,9.92585742276
4.94030991827,2.89204975657
7.50907070776,1.00674354976
7.9423525273,0.75413866824
3.62161532667,4.29024741711
8.98206430388,0.200186363734
4.42255503819,3.39057207137
3.10604588732,4.9817619163
1.49220421675,8.28284778644
6.6516979063,1.55267772949
4.7516980572,3.06733120786
2.26038333891,6.41286778031
5.42007289799,2.47471213221
7.05276698955,1.28904032614
1.39257665685,8.59399456172
2.61713167132,5.75298701199
4.33320647056,3.48247611837
5.9588554924,2.04797252559
4.05519093931,3.78106597001
7.20853437993,1.19067080727
5.66935007477,2.27223656531
2.57635285039,5.82370186415
7.2490329849,1.16544344379
3.21558776639,4.82569163078
7.41389402472,1.06418259746
9.32453475206,0.0316894335992
8.99517941297,0.193616221556
8.65010657901,0.36975838717
1.5788367737,8.0287290722
6.09644268626,1.94518396047
4.05726148136,3.77876739971
6.50960799188,1.64990924004
4.44905374382,3.36367224607
3.39081304086,4.58676773205
2.8864366973,5.31195209909
3.24840465411,4.77996953033
8.49029976804,0.453726162176
9.01511481247,0.183647712624
8.61071582118,0.390310642922
8.95975654516,0.211383721024
8.06639271061,0.684357266859
7.28275911315,1.14454211098
4.7000725202,3.11652175115
1.15046020997,9.45402718877
3.42615171935,4.54008147727
1.33202496624,8.79417455376
6.70028947458,1.51990272124
6.43754063753,1.70003890712
5.1375603048,2.71575862807
4.21515435597,3.60685436371
6.25546758422,1.82923125561
1.49634988179,8.27035500174
5.64165012458,2.29429144718
4.49712291633,3.31528184238
8.73264650669,0.326994746032
8.32701448567,0.54117014682
8.16988080843,0.62695410477
6.88691122292,1.39619823058
4.63273109093,3.18150533056
1.7602462793,7.53896541948
6.77329940597,1.47110171364
1.76767896349,7.51999168413
8.17110727221,0.626278173868
6.03040372369,1.99422758373
8.24906808962,0.583519153573
3.31307405238,4.69120549274
7.30944621934,1.1280716056
7.42427463675,1.0578821903
6.79395842449,1.45738835507
8.77981776967,0.302736623699
9.00545961469,0.188472947689
4.83350528533,2.9904665352
6.96617492625,1.34466843099
1.54540089469,8.12511444949
1.37633241217,8.64682956042
3.20880563077,4.83519900074
5.58247422067,2.34177271915
2.75211951227,5.52652344423
3.32070556596,4.68084511183
5.88386706386,2.10499872016
5.59233882177,2.33382275326
5.26582766518,2.60471612065
9.27749728026,0.0544619172167
4.88445096522,2.94325345977
6.60464923167,1.58464100209
6.50497341317,1.65311629178
5.19312459262,2.66731945564
2.87663122473,5.32727500376
5.96791859477,2.04112900047
8.22850152513,0.59475988863
4.47945836185,3.33300406432
3.65112301823,4.25370766936
8.02146894073,0.709505350114
7.33454503176,1.1126361296
8.25478900621,0.580397346439
1.75755280962,7.54586093964
6.57525268784,1.60472779973
4.91744214786,2.91294139981
8.47163668464,0.463635258037
5.67400991247,2.26853696345
5.00416309957,2.83422249535
9.03640246172,0.173027331908
4.48185059577,3.33059993352
7.28977533626,1.14020606156
3.45950492809,4.49645787302
5.8667801165,2.11809442538
6.77495500566,1.47000119378
2.1346811086,6.67051299781
8.72534355426,0.330762045504
7.55669605797,0.978274414316
8.08851271398,0.672026021764
1.6127547901,7.93301729565
5.76687251649,2.1954370669
1.3773229295,8.64359005724
3.96057379868,3.88737518671
8.50043871061,0.44835205468
5.32409852461,2.5551609743
5.43212426335,2.46471110415
8.37126728375,0.517303255403
9.23440311129,0.0754268840352
5.60413495484,2.32433453982
8.56158427296,0.416077357986
8.75693020318,0.31449038034
6.19166457192,1.87539505828
7.85315363505,0.804996333596
7.50716888032,1.00788415618
6.69486343355,1.52355077568
5.33526425899,2.54572727351
2.63686584314,5.71916051898
2.99691264604,5.14282233429
6.29251934979,1.8026385821
6.73585238748,1.49606582811
3.67081690632,4.22948442886
3.78307060087,4.09384794143
4.14127768924,3.68647462725
8.75373838012,0.316131960041
7.52592115743,0.996650222177
3.45202171449,4.50620867226
4.99118852901,2.84591267132
3.91902019579,3.93486875062
1.27497854277,8.99127246701
1.19443490832,9.285116841
8.29303084678,0.559584826594
9.01387761712,0.184265718653
4.03744452952,3.80081506112
9.2046051727,0.0899806346559
5.46709895003,2.43581191445
7.98176132203,0.731850998951
1.83608238771,7.3490295725
3.49269199742,4.45346702363
6.79658999468,1.45564452617
2.24680971123,6.4399894845
8.91791919488,0.232459313759
6.00983486033,2.00961272585
4.97556892271,2.86002642192
4.79261230569,3.02872487285
5.52014531812,2.39233125335
3.44426208337,4.51634199847
6.95566904913,1.35146455863
4.01257427825,3.82863848354
8.35786849775,0.524516288534
8.04361327933,0.697091516346
3.8250105898,4.04420203302
1.6320836655,7.87937040782
5.90015628705,2.09254976377
3.84294797493,4.02313486993
7.06094629831,1.28382115847
8.75438046686,0.315801681695
1.81700197966,7.39606854154
5.33246051091,2.54809424533
2.86912727312,5.33903666843
7.72841349043,0.877095505399
2.47910303218,5.99696570656
1.96802851393,7.03653418175
2.27303711568,6.38773033226
4.90969647664,2.92003975874
5.09357547865,2.75447615387
5.48750802665,2.41903342159
6.39092764662,1.73276242355
2.94656351814,5.21911586363
8.85766829849,0.262985117099
9.13113001295,0.126069267109
5.29151916791,2.5828001119
2.57506153335,5.82595938774
8.96812794485,0.207178440678
4.81917786306,3.00383391288
3.61530386463,4.29810162244
8.45274618961,0.473687352638
8.9126578365,0.235116722683
7.67257564075,0.90974736071
8.00053578443,0.721271760655
2.25994050185,6.41375004785
3.31437393714,4.68943911159
6.6214273978,1.57321643958
8.22130359617,0.598700582662
1.09675963664,9.66927658269
5.4003231222,2.49114999631
6.77114139782,1.47253660128
1.70864815706,7.67293331503
8.27233585034,0.570835808276
8.31949904655,0.545236049619
5.78009643147,2.18512328058
3.25920265209,4.76502617264
3.76587223631,4.1143655932
1.97402144199,7.02284292972
2.28727023302,6.35962212054
8.01211789799,0.714757719875
4.82661518111,2.99688999798
6.48132466277,1.66951649389
1.16738116155,9.38828038008
7.99266878855,0.725701716065
2.19861788017,6.53762386849
7.37809266947,1.08597974668
8.00704301131,0.717610790286
4.81091839303,3.01155800687
3.28505582979,4.72944816405
5.83674694101,2.14120503135
8.31907472541,0.54546571972
6.55095170418,1.62140069709
5.12763297727,2.72446808838
8.71796253009,0.33457282431
4.55339134967,3.25929022002
8.13032010743,0.648811467685
5.96315320301,2.04472603878
2.98739054199,5.15715231448
8.97132033522,0.20557581239
3.72622628428,4.16202244119
2.02335971798,6.91168092934
1.02655336627,9.96715985305
6.43096620391,1.70463994824
7.70225958509,0.892359843706
7.59745300607,0.954053137218
5.2794238534,2.59310467334
8.10792223222,0.66123353754
5.88969293555,2.10054237276
4.28696195867,3.53079028627
6.85843527874,1.41485553731
5.21901653298,2.64492444171
1.76891528999,7.51684340052
7.51731282815,1.0018037378
5.24553639551,2.62210119584
5.5433023502,2.37348092432
3.55372998844,4.37545378001
4.5189284527,3.2935008766
8.01982364252,0.710429050567
8.0772016847,0.678327365706
5.55753119156,2.36193735608
7.14482888029,1.23064244947
2.64720239226,5.70154345228
8.90588367763,0.238540528573
2.80320714724,5.44370170816
2.20205198176,6.5305960534
3.53698705111,4.39671891743
2.2274020914,6.47905417165
4.72557517246,3.09215480543
9.36569630867,0.0118557349022
2.77366022263,5.49141637779
6.38243738098,1.73874849517
7.16385191415,1.21866935715
1.88780818643,7.22392761149
4.95558798212,2.87814576968
6.38512834368,1.73685036728
1.60432679311,7.95661062228
8.84574404694,0.269051084882
8.12479651918,0.651871719146
4.74104596594,3.07743697253
4.0230366945,3.81691277145
2.40969439374,6.12483508532
4.08686135086,3.7460353439
9.02944671275,0.176494791679
6.94829654533,1.35623987612
3.32900202482,4.66960899282
5.73902450695,2.21723425209
1.88561019568,7.22917347322
6.40999802205,1.71934577393
9.30688384973,0.0402213581835
7.56269780313,0.974699471639
1.74905047721,7.56769719606
6.2883357308,1.80563338243
6.38422917057,1.73748452918
5.83014781359,2.14629901059
8.42651740049,0.487681646367
1.94715690598,7.08454438864
8.39561020172,0.504228106621
4.39119995691,3.4226107561
1.34980573553,8.73446395286
1.42919260771,8.4771256271
3.71701600855,4.17316632529
4.34395162071,3.47132390448
7.37243176147,1.08943599188
8.01532643418,0.712954832656
8.16785392106,0.628071388999
5.92478854446,2.0737898167
5.95487908346,2.05097838752
7.78065050709,0.846762160059
5.73025643,2.22411909658
6.74172021343,1.4921448767
6.83889734679,1.42770156266
2.00391590738,6.9551619062
5.09153681542,2.7562787796
6.91028507792,1.38094134788
1.12189774001,9.56723275455
5.97144685325,2.03846763174
6.20504802175,1.86567234227
3.47878927323,4.47142681583
3.84831413831,4.01685150565
1.36995105397,8.66775595606
6.72400888922,1.5039902104
1.19693282006,9.27570971909
9.11139633744,0.135811288061
6.21883331515,1.85567959768
1.55881510799,8.08619722432
1.02843903971,9.95889600594
8.67875374439,0.354870333035
5.65877386258,2.28064467134
8.99604408927,0.193183390169
8.43203839932,0.484732317564
3.39269899244,4.58426391934
6.6059271818,1.58376980175
1.43067792299,8.472448295
3.11209106576,4.97300653896
2.10025325477,6.74372777144
7.30268930238,1.13223608588
7.20765122419,1.19122251976
5.96798501065,2.04107888839
3.38376184813,4.59614133565
4.472117582,3.34038937359
7.74808250266,0.865649972074
3.52627814034,4.41037310958
5.46826939721,2.43484798712
1.93349869583,7.11624125812
6.49263983275,1.66166206925
4.6801983786,3.13560268114
4.33337568769,3.48230027648
5.17432077162,2.68365376283
5.53521435783,2.38005576271
5.72933776165,2.22484106036
7.86793611633,0.796528141364
5.16897782433,2.68830584905
3.3297202205,4.66863763827
8.65104029295,0.369272355193
7.74951465903,0.864817725607
5.12735757815,2.72470994233
6.05671461386,1.97462382526
3.45033944623,4.50840361639
1.53599032169,8.15261848798
4.27596153061,3.54235976122
5.18130028335,2.67758395632
3.8179915197,4.05247272052
8.26184819545,0.576548247177
3.16148626198,4.9020970552
3.20686525801,4.83792276173
7.05264155705,1.28912041098
5.40045641645,2.49103885329
7.5101870658,1.00607415714
9.2434707663,0.0710074270192
1.60119497912,7.96540941844
5.7364417497,2.21926118392
1.26303531584,9.03365206087
5.35555301719,2.52863613593
6.70972684448,1.5135647884
4.65204895023,3.16276773351
2.6810016438,5.64441427746
4.35284744427,3.46211192917
8.61540511472,0.387859064287
1.21676001168,9.20172962806
4.55201718197,3.26064936628
6.70743503734,1.51510309641
4.15335075295,3.67336631578
2.49285953963,5.97204804201
5.88968783908,2.10054626925
5.7263796143,2.22716659821
6.43010397686,1.70524371671
4.78969998212,3.03146200148
1.61589742643,7.92425134769
1.7454227726,7.57704643464
4.12685920753,3.70217963669
8.21143534791,0.604108823863
7.61122289908,0.945899241199
6.46198496199,1.68297294764
4.69423650221,3.12211646302
3.67392930582,4.22566811171
7.81554400393,0.826613207906
8.32487460375,0.542327463443
6.43934996261,1.69877349646
5.73810508953,2.21795570058
2.5591267128,5.85391073031
7.26192492956,1.15744236856
6.26616033591,1.82154075374
7.93133888226,0.760387216112
4.03800005457,3.80019553005
1.68070780007,7.74717545755
2.57591296176,5.82447076506
9.1654058292,0.109198092009
7.39951954339,1.07292162406
4.92779139474,2.90347447836
3.92563882996,3.92727038306
3.40618921006,4.56639462036
2.58609965905,5.80669858142
3.06832841199,5.03677689551
2.77991020418,5.48128117307
2.64432783237,5.7064357853
4.33841619375,3.47706558328
7.37986715628,1.0848968866
7.61342283556,0.944597907013
6.5434123755,1.62658600084
9.26759042311,0.0592728904447
1.9720420581,7.02736036446
7.68267088733,0.903826483018
7.20799532521,1.19100754983
1.23089131066,9.14973442854
9.2251102498,0.0799606087131
4.13007184785,3.69867559424
2.94656553947,5.21911277464
2.21181474218,6.51067648088
2.42506908129,6.09619604772
4.69611879033,3.1203112437
1.89477219558,7.20734711438
8.40501251088,0.499188053857
3.0469253293,5.06829713512
4.88988608649,2.93824564955
2.25774006926,6.41813655127
1.6743933376,7.76412496852
7.34384954932,1.10692737664
7.7154566259,0.884651119508
2.84628521929,5.37502947999
2.64263827608,5.70931379361
3.24430672232,4.78565366783
7.46808695577,1.03138744119
7.40312928684,1.07072547002
5.59760574096,2.32958383891
1.65343587995,7.82084143918
7.70020552993,0.89356085685
8.53341432689,0.43091767672
4.32608496043,3.48988266443
4.10608692439,3.72490211885
9.29501513142,0.0459674490502
9.20628406399,0.0891593878367
3.83084729753,4.03733609218
6.53401358353,1.63305855558
2.38988367707,6.16200790307
4.93858497204,2.8936222654
9.21264009877,0.0860516246934
7.2002445249,1.19585219027
4.46859371827,3.34393892071
1.82206393087,7.38354133601
4.85826917874,2.96745516594
7.88964983491,0.784118172705
7.93869548543,0.756212515042
2.66898395661,5.66464423181
4.72078317866,3.09672334886
3.91977784383,3.93399830044
7.94508353105,0.752590584764
1.8135316484,7.40467702187
9.37794287979,0.005971546839
4.73271797944,3.08535365916
8.91015949834,0.236379133644
6.68764836838,1.52840621527
3.84641492451,4.01907433654
5.20659273061,2.65565640517
2.2735941474,6.38662697518
1.32914166105,8.80393218958
7.64996542449,0.923036600169
5.82589655343,2.14958368555
4.23373181857,3.58705215991
2.46743062242,6.01821704327
8.63080525994,0.379817192553
7.13663021734,1.23581251907
2.56332711788,5.84652592398
2.08095383601,6.7852969579
8.23280848915,0.592403576877
7.71743772366,0.883495048749
7.55101659253,0.981660006596
6.69423078031,1.52397631572
5.22785345806,2.63730644158
3.54593140101,4.38534624163
2.97311359775,5.17872374714
1.24862350378,9.08532802649
7.81337722996,0.82786177102
7.91353032928,0.770509209434
4.23379035515,3.58698990166
6.36872943608,1.74843012513
1.88929004685,7.22039435692
5.52383657583,2.38932119727
8.331741913,0.538614456749
5.74829361489,2.20996741748
3.15012783491,4.91830411053
6.97080321684,1.34167769618
6.4836232686,1.6679198075
7.20302695075,1.19411243425
5.4789895617,2.4260289314
3.51788641298,4.42110183098
7.60460360263,0.949817040652
6.39843198338,1.72747809935
2.65608378888,5.68646132862
6.71920574664,1.50720793043
9.2888676337,0.0489465678669
2.66239625098,5.67577232207
8.16621250358,0.628976393267
8.34979572211,0.528867729216
5.28362028342,2.58952686721
3.38847996526,4.58986707984
5.19343501044,2.66705030166
7.75176951208,0.86350771003
7.7251593721,0.878991907084
1.22740744307,9.16249744002
2.97937821542,5.16924563562
7.1028774186,1.25715974861
2.34991258551,6.2379569834
4.43831330509,3.37455590707
7.96834509932,0.739426173869
7.11247578882,1.25107887751
5.14438096972,2.70978445845
2.67269248484,5.6583917855
4.1777722312,3.64696682581
5.0519353911,2.79143905423
9.36948999754,0.0100321348781
5.9506101679,2.05420759704
4.66642917372,3.1488699072
8.32870660637,0.540255204345
6.03879998033,1.98796241103
9.15856468014,0.112560383634
5.18719578821,2.67246323466
8.80951962419,0.287529033904
5.5645877399,2.3562234811
3.45285668295,4.50511964205
1.21306739871,9.21541588178
5.69618105719,2.25097606232
6.87541631668,1.40372033805
2.05722897145,6.83692964384
7.14355297065,1.23144664705
6.05411805565,1.97655468157
4.01352151188,3.82757561718
2.52850460556,5.90811713151
2.21174888596,6.51081055669
3.07031126218,5.03386789588
6.73778551556,1.49477371168
7.48753289422,1.01967761029
2.32282038442,6.29017304153
7.73569456619,0.872855205282
1.2708968937,9.00571105663
2.5302414573,5.90502508671
2.82091982301,5.41533843278
6.08794612672,1.95146404249
5.6435607019,2.29276675969
5.98964236057,2.02476766024
7.1771632315,1.21031011017
6.36803374368,1.74892203335
1.45241795894,8.40453805065
7.20105049351,1.19534817642
4.40532364324,3.40815092386
6.0393204771,1.9875743102
8.27362583057,0.57013367924
5.18178726272,2.67716075474
5.24955765014,2.61865054394
4.24421700455,3.57591405104
3.30319564051,4.70465171056
3.18961368334,4.8622120456
5.02757960551,2.81320057499
7.50201325859,1.01097765479
2.24827133207,6.43706113367
7.23763098794,1.17253168542
6.70333006678,1.51785975127
1.33950789398,8.76894915408
5.2841733999,2.58905550131
1.31818072652,8.8412201924
8.98030188454,0.201069996064
2.06102038513,6.82863849815
4.35957226904,3.45516059513
4.1544142278,3.67221347611
4.49434979053,3.31805941003
2.94837750583,5.21634458129
3.75587046636,4.12634084168
8.63646402393,0.376865821425
8.45021450855,0.475036228875
8.55209690321,0.421069975818
6.38001030676,1.74046117025
1.51547456806,8.21316812323
3.98387309882,3.86096287926
4.90943912876,2.92027579202
7.03968277797,1.29740188165
6.30726032152,1.79210225487
3.45660275285,4.50023696796
1.59030860012,7.99612902774
6.30483305732,1.79383548315
1.04447019754,9.88924632181
4.52742909715,3.28503827063
6.70753855778,1.51503360004
2.1224210275,6.69644919882
9.2002161644,0.092128270751
6.05408986366,1.97657565028
2.98634630521,5.15872658295
4.75359612293,3.06553286879
7.04581282581,1.29348249916
5.19342182528,2.66706173378
7.25545419186,1.16145649914
6.0682147884,1.96608198918
3.86569925093,3.99655488453
9.05527376587,0.163633362224
6.83403466455,1.4309044388
8.82225731746,0.281022934886
4.52924317416,3.28323436853
6.99215999116,1.32790292819
2.07387477725,6.80064131556
4.26962880924,3.549033578
2.67794517948,5.64955076005
3.84346739585,4.02252628461
1.27006030136,9.00867617775
6.35348322668,1.75922270638
2.26497791369,6.40372416157
2.37989875877,6.18086055587
3.37846642793,4.60319372983
5.38540423428,2.50360698815
1.8618026042,7.28638923155
6.07957653483,1.95765885371
7.61104842507,0.946002464366
4.62771793729,3.18638067048
1.12737138613,9.54531671672
2.36946773946,6.20064016261
8.84891968559,0.267434812101
9.2739071261,0.0562047759962
6.03657451491,1.98962217425
5.17076353521,2.68675050181
3.33260926881,4.66473233636
4.67600294178,3.13964102733
1.47919812343,8.32226755478
5.34584904103,2.53680261866
6.27660901263,1.81403846376
3.98178142755,3.86332769802
2.99247690574,5.14949208374
4.21138588386,3.61088192284
7.45702912785,1.03805977981
4.21865278788,3.60311863204
2.15155493885,6.63505895827
5.42974818534,2.46668117522
3.19706244785,4.85170851179
7.35517087178,1.09999096685
5.73576663284,2.2197911619
1.84251873286,7.33327223057
3.61179419916,4.30247510803
7.35592378008,1.09953004958
2.0570611582,6.83729697454
5.46277951744,2.4393709906
5.42650623955,2.46937055192
7.16119379371,1.22034046521
8.93225014546,0.22522897508
1.49644049569,8.27008232731
6.14364333025,1.91045502298
6.24138896064,1.83937703667
7.93087849181,0.760648605711
8.99689455362,0.192757713449
3.23862883571,4.79354119759
6.77214657586,1.47186818846
7.62723427392,0.936436571623
2.51112874462,5.93916808933
4.64498774948,3.16960779469
5.89921871659,2.09326536454
8.9368853565,0.22289287271
2.10590667954,6.73162312841
3.05251499006,5.0600439521
8.2650298149,0.574814509824
2.80191727324,5.44577417661
3.4515654934,4.50680382226
4.41655748378,3.39668277879
9.04948227807,0.166514230315
2.97870996096,5.1702557274
1.01971881278,9.99723960506
2.54667094386,5.87588091433
3.22668806256,4.81017413734
6.03148733513,1.99341851751
2.07736445761,6.79307065319
3.24253231314,4.78811713373
8.62041367615,0.385242044613
3.66494863111,4.23668871598
8.84461775976,0.269624459305
1.88640476119,7.22727640828
5.34038117678,2.54141068927
1.06376798098,9.80680863937
2.62124642792,5.7459128779
4.01679925968,3.82389967599
4.67373939754,3.14182132225
8.22956340553,0.594178826296
2.7194603802,5.58027894863
5.864399381,2.1199220852
1.34271571969,8.75817850493
2.78692102574,5.46993924268
7.13112933154,1.23928470329
7.47274444152,1.02858005167
8.23258835208,0.592523982529
1.5107025911,8.2273694931
8.63020448028,0.380130647347
6.80059849544,1.45298956145
7.26018038611,1.15852424609
3.83056549814,4.03766734308
5.12407808782,2.72759097092
9.32192012221,0.0329522488922
5.68778741667,2.25761628508
1.68530480346,7.73487602018
6.51020142424,1.64949875959
1.24750297664,9.08937082142
4.71458132459,3.1026429005
1.7722344038,7.50840220663
4.0203887521,3.81987755778
1.40799456424,8.54441426883
7.03766421899,1.29869323925
5.34773270831,2.53521623987
2.47304777547,6.00797767108
8.40153782306,0.501049982819
4.48089640838,3.33155871233
7.93570854027,0.757907070214
3.02264446554,5.10432466017
6.22998552819,1.84761172724
7.66124785459,0.916400407087
1.40508356344,8.55373363927
6.64935974021,1.55426085401
7.12550540612,1.24283732071
4.23847560113,3.58200956444
5.78591645465,2.18059151987
6.29526614556,1.8006733994
5.80121608668,2.16870017012
1.15758606936,9.42622237404
6.39035305452,1.73316728942
5.27656988531,2.59553954396
1.93727725744,7.10744992977
7.76935103792,0.853306314969
1.40529576231,8.55305364692
8.31834546976,0.545860467508
4.17527494301,3.64965928811
2.59335199922,5.79408842262
7.72677577719,0.878049815283
7.76845611117,0.85382502381
4.64043172948,3.17402665241
6.8015200137,1.45237943018
6.13525901925,1.9166044378
6.6314606173,1.56639845903
3.09393774138,4.99934979841
1.1282679128,9.54173724059
1.44073126857,8.44091689969
1.18851335168,9.30749622138
4.44247963837,3.37033089275
5.63452754112,2.29997999723
7.5246189762,0.997429415521
2.35350312215,6.23108199498
3.69672762573,4.1978117803
4.45570028874,3.35695022318
5.12237286621,2.72908973493
6.88500391777,1.39744547548
3.54406939644,4.38771140071
3.61595332184,4.29729278243
8.38970998323,0.507393767375
3.92656853581,3.92620408236
4.2051389135,3.61756632555
2.86744107117,5.34168384748
4.69147680453,3.1247644761
3.88392865834,3.9753703761
2.9155026035,5.26683509956
6.71312959888,1.51128175872
2.85215395801,5.36575445901
6.67717449917,1.53546402454
7.52630009194,0.996423502377
3.79428756004,4.08051630288
2.92941013863,5.24540625065
5.02806413521,2.81276662826
1.77203497827,7.5089089405
2.12880294789,6.68292960599
6.94497848093,1.35839070606
7.36253373995,1.09548557189
3.93031648311,3.92190803559
4.34537109867,3.46985271498
5.87418324101,2.11241587781
3.36874952904,4.6161634099
3.45379499535,4.50389613692
6.35015923928,1.76157914974
1.39172788577,8.59673992452
4.24642153855,3.57357573963
2.37494788275,6.19023772142
1.74566913171,7.57641090875
1.95651450015,7.06295612693
6.10581423123,1.9382672913
8.46355772443,0.467931524457
6.11271506858,1.93318091142
3.3789039089,4.60261067777
6.64370236484,1.55809365154
6.12912622302,1.92110781866
2.8015265666,5.44640212168
8.82271375546,0.280789972
7.1630099602,1.21919860994
5.01950880053,2.82043497657
1.66426052799,7.79145786834
4.54958330425,3.26305764576
1.39336745374,8.59143822268
7.57261476366,0.968798641108
7.68687305059,0.901364200728
1.76043941004,7.5384713932
1.46530669568,8.36475530417
1.15164088393,9.4494083636
4.11667044167,3.71331064453
2.61224836146,5.76139689769
9.18850433768,0.0978641377762
2.72358377319,5.57345652248
5.56376360733,2.35689042935
6.06666900213,1.96722919071
7.43065222197,1.05401574679
8.77372601397,0.305862009094
3.56998824469,4.35489989728
6.12866862619,1.92144401776
6.73936955419,1.49371520541
5.08530398964,2.76179444548
1.85761088372,7.2965387147
6.61261931079,1.57921041402
6.32423080226,1.7800028036
3.66135323119,4.24110837047
2.02965842742,6.89768507977
5.32739885045,2.55237053834
7.45255205121,1.04076408056
4.97147179358,2.86373589027
1.88901549482,7.22104877226
6.09456706004,1.94656954335
6.95063357136,1.35472558954
7.92280711685,0.765233646552
1.88560878188,7.22917684945
8.30979061023,0.550493818929
8.55632818949,0.418842626794
6.04290274002,1.984904155
6.06473785183,1.96866279998
5.27785396,2.59444386923
1.54538676982,8.12515560625
8.35612305084,0.525456774585
3.83984286558,4.02677472259
7.58245016097,0.962953970265
6.96332907239,1.3465083675
5.47114593497,2.43247987714
7.08202985365,1.27039569613
4.65319085131,3.16166256932
6.76736220147,1.47505054003
5.42517255869,2.47047738182
2.699426482,5.61357427276
4.13529089925,3.69298895598
6.91163360608,1.38006269451
1.25970437818,9.04554311088
5.63598482722,2.29881553059
7.69625123977,0.895873846269
9.14823950239,0.117639766346
1.93544398766,7.11171313327
2.90342594918,5.28552599567
3.36238467726,4.62467922187
5.59234202342,2.33382017531
2.64817431239,5.69989050267
1.33229381195,8.79326580713
4.90325128372,2.92595486277
8.90549004874,0.238739557153
9.21390546177,0.0854331853708
7.45404459845,1.03986235272
7.19297313173,1.20040192066
5.25638812324,2.612795346
7.6004650715,0.95226826883
4.7608755478,3.05864256508
9.12734617609,0.127935620026
6.98786958823,1.33066678725
6.96706984639,1.34408999154
8.78421766066,0.30048060076
2.53901046723,5.8894463223
1.02985223055,9.95271271134
5.42241134984,2.47276979099
8.84140664019,0.271259588799
2.52199499319,5.91972485133
4.65424920286,3.16063850887
9.33722498537,0.0255653237906
6.05613373804,1.97505570508
1.25584617992,9.05935578357
6.44699202512,1.69343268959
4.82240743783,3.00081727763
2.03671935274,6.88204711536
1.08083539417,9.73513560755
3.99424919075,3.84925011894
8.90967380001,0.236624598242
1.54982609809,8.11223886602
2.26629829904,6.40109990638
4.42330946504,3.38980399794
1.94477661242,7.09005235213
8.4262787501,0.487809177457
3.51558107878,4.42405365399
4.85383112817,2.97157049917
7.32275713012,1.11987896216
5.27564467094,2.59632917579
1.58838465358,8.00157995422
2.01133327713,6.9385253355
8.08612873611,0.673353396202
7.11155216115,1.25166366789
6.98123715874,1.33494271076
1.83421949027,7.35360059213
4.89099083653,2.93722843602
4.9978538753,2.83990335847
3.52120772383,4.41685251846
4.92936129517,2.90204015682
8.78361012872,0.300792042589
5.4434574594,2.45532628404
1.17029866034,9.37704075639
9.11678824208,0.133147346541
6.24529675207,1.8365585882
9.26954218558,0.0583246678522
5.84540450068,2.13453084036
6.57239377718,1.6066860963
4.65783460563,3.15717100476
3.32349226374,4.67706788356
8.27681070966,0.568400636033
3.90410831683,3.95203511477
4.92881929402,2.90253529832
8.35624297088,0.525392152682
2.17015436363,6.596299961
4.00529998641,3.83680915011
3.87213234116,3.98906756514
1.27326851038,8.99731597025
5.44946440172,2.45035996053
8.17238953285,0.625571600569
7.79429473478,0.838872679135
3.08553766984,5.01159194381
8.94479137954,0.218911106529
9.02443516689,0.178994716872
6.14791132257,1.90732791613
9.27918497429,0.0536428505085
5.03478637275,2.80675047643
7.49462309238,1.01541564428
8.04874523594,0.694219484966
1.70340455242,7.68677345361
1.91223617079,7.16603397378
4.8041230554,3.01792282269
3.80745781132,4.06491334031
7.9415842011,0.754574293833
6.89362848776,1.39180835544
5.21050956349,2.65227019412
8.80528852154,0.289692258153
5.67418132049,2.2684009348
3.23771788614,4.79480794534
6.42640782641,1.70783283795
4.45289595419,3.35978518002
5.23305990031,2.63282417816
8.91736352621,0.232739897047
4.65471300085,3.16018981153
6.71792460748,1.50806657943
9.29121889123,0.047806899853
2.08583158746,6.7747544334
3.19954891329,4.84820778374
2.33907105021,6.25877976454
8.32822365355,0.540516321631
9.32624857629,0.0308618819802
4.97628100129,2.85938203014
4.46373898005,3.3488336295
9.00112432291,0.190641215388
5.08632471647,2.76089070253
5.31108779393,2.56617846494
7.28130748867,1.14543974131
8.10284003956,0.664056945216
1.23964929808,9.1178087579
6.28689647232,1.80666412135
3.67276215363,4.22709885455
4.75216383073,3.06688984013
5.38732181252,2.50200391488
5.80607105483,2.16493329197
1.05144594671,9.85927233954
1.06539840273,9.79991233638
8.83179322165,0.276158376219
4.67793115793,3.13778456002
3.87863491466,3.98151200676
2.66572281028,5.67014959122
3.05079345234,5.06258420599
5.60652781739,2.3224122788
5.29974666413,2.57580417636
8.47551191794,0.461575922505
4.43629193503,3.37660717638
5.81876446671,2.15509957697
5.55225696258,2.36621277944
8.58533916047,0.403600853213
3.04292268932,5.07421637619
5.67090056562,2.27100524102
2.90749458508,5.27922034583
6.31161204252,1.78899650552
7.48545837764,1.0209253794
2.44951762742,6.05102660115
7.10469877449,1.25600523059
1.5774824511,8.03259333915
6.70433867022,1.5171822766
1.36939900759,8.66957086118
2.01582891836,6.92847180513
2.64012134007,5.71360458349
7.49971904605,1.01235492176
2.21555037263,6.50307768882
6.23165248139,1.8464070404
8.31843914798,0.545809757331
3.2187720004,4.82123480599
3.89685598998,3.96040761355
4.72646642979,3.09130561835
8.30167835597,0.554891861604
7.53140013226,0.993373214214
3.98846320638,3.85577770699
3.84876294366,4.01632638623
5.5493068426,2.3686059928
1.30277940999,8.89414122619
9.07981753987,0.151444932668
6.57773053077,1.60303121559
1.62993944111,7.88529023667
2.59010748193,5.79972553029
6.34706632201,1.76377289082
1.37356842867,8.65588155838
8.57450077836,0.409289083531
2.71158062862,5.59334533927
5.44843937751,2.45120702613
5.1853721744,2.67404656844
8.19644086778,0.61233892273
3.15762816185,4.9075955424
2.86388651072,5.34726927754
6.8695880225,1.40753909923
6.13996216264,1.91315391578
9.29843655041,0.0443102596865
7.88528708145,0.786608858482
1.09693858355,9.66854194496
1.77808025673,7.49357336177
7.37200770409,1.08969500529
2.22878659757,6.47625611033
6.83125343719,1.43273735916
9.07156734073,0.15553829874
2.93936330599,5.2301326909
3.28596465814,4.72820257456
3.14590820419,4.92433988764
8.88054420133,0.251370777503
4.4698720498,3.34265094874
5.27515114678,2.59675043469
9.23804177369,0.0736529262608
2.9331269476,5.23969658622
2.01016861638,6.94113351252
8.69804829895,0.344870540929
1.89466286501,7.20760694663
1.27190504223,9.00214048376
8.97492519384,0.203766804227
1.63266562493,7.8777650614
5.91477911467,2.08140358203
2.89919470477,5.29209303927
8.51544196931,0.440411384307
4.63071431545,3.18346602945
7.89865624779,0.778980786066
1.19781818617,9.27238014688
6.26834825158,1.81996876598
2.14475682059,6.64930909985
3.78324353226,4.09364210826
8.79567403202,0.294611699015
4.08097408902,3.75252665371
3.71528158176,4.17526796749
2.84428310575,5.37819801835
5.12832539797,2.72386006584
5.86926938665,2.1161842379
4.44913464293,3.36359036792
2.65613430053,5.68637569555
9.37008826014,0.00974462158189
6.41620476944,1.71498772712
4.61619728608,3.19760465836
5.50745332673,2.40269638682
3.80737115995,4.0650158208
2.94175960808,5.2264631881
5.89453061465,2.09684526595
1.23475558,9.13562001773
8.32404030712,0.542778758364
3.23874017142,4.79338640089
2.77430785034,5.49036510029
5.59462348095,2.33198352707
2.56572774933,5.84231076395
3.77754254583,4.10043272201
4.39109193121,3.42272153196
5.50080730137,2.40813351076
4.92538608774,2.90567294615
1.1557773133,9.4332638244
2.08847955214,6.76904157685
8.90344809584,0.239772160634
1.72611426807,7.6271371464
8.14097317183,0.64291518318
8.10530764636,0.662685847318
3.07124175356,5.03250343829
7.33618688555,1.11162825015
7.90666338243,0.774418318662
1.38186674847,8.6287592174
7.37690898223,1.08670222296
9.19278293557,0.0957678473662
7.68386059301,0.90312923133
6.89924912851,1.38813843322
7.61307592582,0.944803090465
9.31796463914,0.0348633435733
7.48943084004,1.0185363468
4.5279415871,3.28452858192
1.13072736838,9.53193219267
3.04982274483,5.06401718749
2.88948319882,5.30720196174
7.43398212732,1.05199829319
3.88964959799,3.96874253085
7.98358598598,0.730821726345
8.46549758614,0.466899561903
1.6058175851,7.95242829125
3.70518573476,4.18752083285
4.49535380271,3.3170535918
5.29770354263,2.57754045212
1.92584822305,7.13409383506
5.9852749265,2.02805223948
1.53926457715,8.14302983738
8.61749305499,0.386767911309
3.68601232792,4.21088290232
2.12167217892,6.6980382394
3.82789792425,4.04080424343
1.34660507881,8.74515398793
5.56447137882,2.35631764299
7.10242908465,1.25744398319
5.91494467361,2.08127754332
5.19873583406,2.6624565977
8.19180668314,0.614885557825
3.84351169113,4.02247438936
3.27673427052,4.74086927891
7.89660737835,0.780148975566
4.27757732337,3.54065852069
4.62842664076,3.18569112912
3.67708570905,4.22180113919
5.46787575021,2.43517215394
1.87994061424,7.24273313022
6.24887159959,1.83398181574
4.28946775011,3.52815902307
6.55402946382,1.61928562976
2.74724863318,5.53450009463
6.41312054993,1.71715277428
2.75328649502,5.52461446597
5.71201104942,2.23847951482
8.88100341596,0.251137935782
4.33669439993,3.47885302553
3.16113452508,4.90259806553
8.86510590406,0.259205677978
2.02246953755,6.9136624399
5.15179937055,2.70329572224
5.14280270601,2.71116614322
5.36103054789,2.5240329937
1.218632478,9.19480540533
6.27799394327,1.81304500251
2.40717557767,6.12954439729
4.82276616249,3.00048232988
4.64925644827,3.16547153924
7.09652793636,1.261186864
9.28076876435,0.0528743456544
6.46187522031,1.68304942012
6.27785704837,1.81314319246
9.3025677226,0.0423101086087
6.58371598844,1.59893559555
3.14548563254,4.92494478179
9.38153973968,0.00424480043951
8.49960357,0.448794475436
5.12179637006,2.72959654538
7.183840562,1.20612271453
2.59014790266,5.79965525885
5.769408036,2.19345769663
4.74276212628,3.07580729754
3.01238891215,5.11962868743
2.10586653537,6.73170896715
6.71490933249,1.51008813264
6.5266460203,1.63813880104
1.95471985266,7.06708842117
1.87252305751,7.26053521378
6.01116826183,2.00861377041
6.65337456934,1.55154283774
8.42899856595,0.48635596373
8.22991749145,0.593985086689
8.48747304931,0.455225597616
8.47719451119,0.460682069732
7.60300917876,0.950761250731
5.74758688944,2.21052106631
6.79662658585,1.45562028353
9.09856135097,0.142158930279
7.06277776284,1.28265334043
6.86375865098,1.41136180848
3.66960657127,4.23096937392
7.50466243041,1.00938782173
3.18421454183,4.86984074229
9.16036998767,0.111672866248
1.11064258618,9.61263545575
3.87238112262,3.98877826426
6.74976399254,1.48677546942
2.52578098185,5.91297016468
1.08504616174,9.71762694378
8.72113649118,0.332933731866
5.41127295602,2.48202896904
4.92700133407,2.90419648109
5.02110541521,2.81900290167
6.60829628911,1.58215518677
6.63646808233,1.56299954088
1.80970264643,7.41419435392
7.2826826707,1.14458937567
7.14258816949,1.23205485035
6.24340716949,1.83792120707
9.24922167075,0.0682067572162
3.94742017833,3.90235496078
4.12393274415,3.70537391951
3.41312581836,4.5572338403
1.57241704052,8.04707586193
6.87823646459,1.40187370873
2.57789546415,5.82100649804
3.79391640827,4.0809567953
4.9248941579,2.90612270577
8.50372973306,0.446609038814
7.29297380835,1.13823077978
7.26589017815,1.15498428855
4.2523232216,3.56732189547
4.1655310901,3.6601800886
5.60194281476,2.32609627475
8.07463812916,0.679756742165
6.75040680985,1.48634665025
8.13217647217,0.647783446693
7.92594304417,0.763451691009
8.53078736521,0.432304093015
8.03506365511,0.701880271675
3.30524680311,4.70185642049
5.57161607396,2.3505396499
4.53068453238,3.28180160972
8.35792135344,0.524487811763
2.11853222534,6.7047072653
2.54074700993,5.88636761505
4.97159821149,2.86362138803
4.36011665096,3.45459834625
7.5070811395,1.00793678504
8.05596183949,0.690183905199
6.53619327468,1.63155666466
5.9096336882,2.08532251387
1.48342955959,8.30940471378
1.30243530282,8.89533075808
6.69750481069,1.5217745468
7.28527797368,1.14298496626
1.74283241571,7.58373414297
5.46651488772,2.43629299892
1.58761159854,8.00377203388
8.87742829447,0.252950995423
5.47465744981,2.42959070931
3.54792322026,4.38281756356
1.77606232902,7.49868660786
4.82631250721,2.9971723831
5.06369859927,2.78096635187
7.63189892665,0.933683513651
1.15803599223,9.42447254233
8.68508322803,0.351587502296
6.92532422424,1.37115206326
8.91372158438,0.234579317992
4.53932824294,3.27321902027
2.2518965122,6.42980630999
5.80777355722,2.16361309841
6.23958348987,1.84067980721
7.7257802215,0.878630033183
4.9269673789,2.90422751386
5.36025120439,2.52468764209
2.75436606817,5.52284919479
4.16354364151,3.66232903232
8.68167280935,0.353356042313
8.04778526571,0.694756580297
7.27467535312,1.1495430839
4.41636848174,3.3968754815
5.16438979367,2.69230447104
1.34179000233,8.76128406535
3.45198809723,4.50625252399
2.15671318272,6.62427631485
6.42028430579,1.71212558987
5.86309821352,2.12092128822
2.84265441224,5.38077722897
3.78826263243,4.08767217418
7.18376709833,1.20616876288
9.31548413062,0.036062217104
6.01813973337,2.00339450055
3.55410820535,4.37497456624
5.11592951244,2.73475747562
7.40324979871,1.07065216954
8.63284369984,0.378753805897
1.97659538787,7.01697533038
8.95782459688,0.212354771952
4.57181126426,3.24111115365
6.92484951247,1.3714607377
5.92474480007,2.07382306328
8.0652469196,0.684996932157
6.40095987421,1.72569943142
1.41497073249,8.52215872656
2.97431658139,5.17690213353
8.13549611611,0.645945673226
7.11625976691,1.24868386269
4.59904294858,3.21436927705
2.56346830352,5.84627791328
8.94106831761,0.220785739867
7.52723968396,0.995861385563
7.32773548842,1.11681869157
8.68009254291,0.354175756263
2.17912126431,6.5777325251
1.13084722828,9.53145489545
6.7979031886,1.45477458129
7.28231135635,1.14481896797
1.34214439578,8.76009490701
4.20353722551,3.61928176815
2.83603672519,5.39127226814
6.33059696591,1.77547228951
5.14363549936,2.71043702472
2.40609397438,6.13156813262
5.9408524601,2.06159749635
7.67937492762,0.90575871263
8.77780204779,0.303770553043
6.70415433209,1.51730608813
4.62228497942,3.19167024094
5.73398533888,2.22118980678
2.5134352711,5.93503394171
3.09376383667,4.99960290758
3.67646873107,4.22255675014
6.76048079615,1.47963169003
7.48839551679,1.01915886645
5.48838729907,2.41831196637
1.23410468269,9.13799435202
7.1391994699,1.23419171196
2.64689575917,5.70206507069
4.57784373021,3.23517348287
2.31093656154,6.31326973242
4.2273141578,3.59388307166
6.66216288714,1.54559891706
1.52165612342,8.19483819468
7.75041290558,0.864295820221
1.88032007275,7.24182432202
5.01130742689,2.82779834125
9.18678605988,0.098706279256
8.1344829012,0.646506515147
6.33147072962,1.77485082653
2.77376566903,5.49124519261
1.55574358972,8.09507864851
1.05689558811,9.83599390246
5.63788528056,2.29729739669
1.86360009933,7.28204392501
8.54369283968,0.425497144639
4.05405912375,3.78232292828
2.13171271637,6.67677893885
4.16419871718,3.66162061353
2.9797727739,5.168649352
6.32287832395,1.7809658893
1.27951646135,8.97527401407
4.32396861057,3.49208607061
2.67002522539,5.66288781302
7.08839704358,1.26634909136
2.68230290876,5.64222923856
3.11126138338,4.9742071805
3.11431858149,4.96978466166
7.86811524214,0.796425626157
1.59664773324,7.97821553709
7.23243844657,1.17576341683
6.90012207252,1.38756872436
2.59217735495,5.79612846488
3.06255647535,5.04525550067
1.43947636544,8.44484074901
3.64934409484,4.25590215375
2.0837254376,6.77930353125
7.54409377931,0.98579021762
1.10530419847,9.63433134799
5.25968975605,2.60996785728
5.66532356229,2.2754357988
6.27326078695,1.81644117402
1.69032776273,7.72147522101
9.05883024871,0.161865168864
3.91669901615,3.93753656611
8.86140172116,0.261087571888
8.71470656505,0.336254885312
4.97007349099,2.86500258849
7.06878960151,1.27882206918
7.731936982,0.875043021308
4.97916528076,2.85677285935
6.72397050775,1.50401591379
2.59896972809,5.78434469264
4.72012039255,3.09735559433
4.74171552166,3.07680108868
1.9741098158,7.02264134488
9.13594299083,0.12369641429
3.58561192777,4.33523625636
1.46844388375,8.35512492423
5.92608976127,2.07280097899
6.3982678269,1.72759362699
6.97419961723,1.33948425409
4.38106464422,3.43301598196
3.0212849,5.10635050727
1.6596978661,7.80381987208
5.41498681096,2.47893958144
2.65883216051,5.68180434206
6.15969894142,1.89870253347
5.76278720921,2.19862812084
6.21586585616,1.8578287903
2.24302494714,6.44758110445
1.30968930617,8.87032092075
3.9063141361,3.94949167591
6.29523216334,1.80069770658
2.52390154435,5.9163220544
2.78167566484,5.47842236302
6.59718949291,1.58972979914
2.07130338765,6.8062279548
6.85622161073,1.41630916583
3.1970728085,4.85169391924
7.3041523106,1.13133406553
3.68375099642,4.21364625677
6.55321212743,1.61984721466
5.79335919899,2.17480286499
5.72416758518,2.22890636282
4.21445856559,3.60759771941
3.23439004174,4.79943860846
2.54149674947,5.88503905615
5.06569401283,2.77919226285
1.45418936668,8.39904949443
5.84671823602,2.13351893381
4.01970710178,3.82064108813
5.21354229741,2.64965005925
4.1976234525,3.62562121436
4.95443024662,2.87919787882
5.18339532148,2.67576357959
3.29690709275,4.71323246925
6.94072212394,1.36115125947
1.11891611384,9.57921597519
1.64521147127,7.84329553562
3.17164499307,4.8876510676
1.81870517302,7.39184962454
7.60635104285,0.948782442382
2.02803632875,6.9012852564
7.98477947477,0.730148619867
3.49616319475,4.44899402067
6.19157558085,1.87545977821
6.14250887136,1.91128659288
2.13183110486,6.67652886708
6.00957695308,2.00980596995
8.76335058795,0.31119013746
5.73964867876,2.21674454278
7.65646484462,0.919212523337
5.87211302697,2.11400310902
5.11299643811,2.73733984839
2.89432276405,5.29966634809
6.05343612268,1.97706191884
7.23277913399,1.17555130884
2.29633536822,6.34181090744
4.20205077779,3.6208743708
2.01448050705,6.93148487986
3.71425235665,4.17651556556
5.09113012036,2.75663847364
3.47190952772,4.48034076054
5.75299975528,2.20628236132
6.70019584294,1.51996564693
3.18015495126,4.87558524976
6.79263032252,1.45826868786
3.06739456166,5.03814757978
8.8301425714,0.277000047777
6.60876755715,1.58183407303
5.51555799464,2.39607481736
1.97314926213,7.0248328975
8.2573888391,0.57897937668
6.67243005519,1.53866470877
1.15169062412,9.44921388276
8.03569228201,0.701527996085
2.3456937194,6.24604850266
1.70794218626,7.67479420084
3.53756004762,4.39598949482
8.86423643372,0.259647337945
7.78371151482,0.844990995159
1.07281472598,9.76867562607
4.29694481128,3.52031669184
5.37132777119,2.51539225267
4.94377630235,2.88889136433
8.47744630375,0.460548323918
4.06525377775,3.76990590312
4.10893020944,3.72178511143
3.71268300191,4.17841855937
5.57600610662,2.34699305633
6.04817219563,1.98097927164
7.55408611033,0.979829916928
9.12394267727,0.129615034766
8.76012717147,0.31284675408
8.07143267169,0.6815446662
7.9902668088,0.727055155062
3.38293939702,4.59723594457
7.23826270843,1.17213867373
7.40882945505,1.06725968924
7.37186387853,1.08978285704
6.03041071636,1.99422236227
4.74811481497,3.07072814123
6.06654801897,1.9673189904
1.82281780307,7.38167864773
2.61038475322,5.76461049173
4.32792382516,3.48796903277
7.38355261215,1.08264871143
1.65654894108,7.81237135621
7.23380344371,1.17491364582
4.99838077535,2.83942866016
2.36099487978,6.21677084549
5.70553732636,2.24358582501
2.9845614731,5.16141863162
3.61644165022,4.29668470944
3.17299565686,4.88573387332
2.12992072788,6.68056584933
8.48642074113,0.455783922977
6.49890799334,1.65731691557
7.0065161903,1.31866704252
6.86504824836,1.41051585353
2.29764920625,6.33923530872
2.93510269607,5.23666443777
3.71241388258,4.17874497328
8.40971638996,0.496668682543
4.1230492224,3.7063387435
5.09419683362,2.75392688316
2.52500481872,5.91435411325
4.62942650341,3.18471848056
6.41377190504,1.7166954521
7.32171680587,1.12051872769
8.05807517152,0.689002798125
9.07175585935,0.155444722994
6.89384848784,1.39166465306
1.62145320581,7.90879590079
2.35450788978,6.22915999197
2.01084639999,6.93961547935
2.8173105757,5.42110343888
6.37197999332,1.74613244216
1.43124655532,8.47065892861
4.01052663079,3.8309369535
1.80435311669,7.42752487002
4.2820362321,3.53596714347
4.51284754816,3.2995643431
8.9928416096,0.194786665146
8.79665979053,0.294107069128
1.57142250509,8.04992481826
7.73843881367,0.87125806585
5.38073731873,2.50751086198
8.58742685839,0.402506006551
5.85651274864,2.1259818552
2.07372976384,6.8009561895
5.10788009641,2.74184798768
2.36136933192,6.21605673941
8.75408403475,0.315954158251
3.44471582031,4.51574883385
2.94020800274,5.22883884948
6.70627956949,1.51587886948
6.00695578538,2.01177042244
2.41456983927,6.11573366316
3.23079534543,4.80444594935
1.2364514441,9.12943974166
4.71863836185,3.09876965554
5.82446693786,2.15068879599
6.29224668483,1.80283370583
5.68178085543,2.26237410353
7.10695530423,1.25457527574
2.76840576465,5.49995489091
5.94546150636,2.05810537134
2.55100772467,5.86821928723
4.24606072551,3.57395836475
2.3408510801,6.25535433864
9.31612330087,0.0357532643138
3.73153963567,4.15560612506
4.89755126057,2.93119256637
8.26797135878,0.573212188808
3.58341075869,4.33800141055
2.62408856932,5.7410331188
6.59178088963,1.59342297636
2.58176926062,5.8142450255
8.53961348385,0.427647674902
6.58860056753,1.59559602289
9.29720076801,0.044908749589
8.13672935555,0.645263135999
6.90036632186,1.38740933297
6.14048471639,1.91277070062
1.81361374859,7.40447317451
9.21836525459,0.0832541627311
1.90130758819,7.19184243928
7.4426185513,1.0467700451
1.82485224206,7.37665574165
6.39925083005,1.72690186766
1.69782528578,7.70154641
4.69525169413,3.12114274743
3.94589545008,3.90409459873
8.04451255457,0.696588116506
1.4878814518,8.29591127191
1.26218242893,9.03669377588
1.7535125138,7.55622429371
8.17279289295,0.62534935708
7.59683857684,0.954417318232
4.95406449238,2.87953031446
1.19551751088,9.28103735247
4.24886688345,3.57098342391
7.15022393158,1.22724357031
2.53759820222,5.89195167234
1.71049648369,7.66806490465
7.11981201797,1.24643667482
4.68595983775,3.13006284472
1.59268954615,7.98939245296
6.80601754824,1.44940282749
4.8874035583,2.94053230961
8.0805704358,0.676449721326
5.28224781657,2.59069669672
8.21556951185,0.601842326557
2.30693266345,6.32107822826
7.56729538501,0.971962838114
6.22538707456,1.85093664568
3.27562271181,4.74239705867
5.21167935438,2.65125937096
1.29919353609,8.90655255841
5.55765286458,2.36183877275
6.57668710856,1.603745571
6.52248010797,1.64101391194
2.09666517477,6.75142718386
8.53170920491,0.431817530419
2.55655343992,5.85844083653
8.29039814337,0.561014554831
5.5413859852,2.37503789573
5.78539543161,2.18099702861
4.74024647364,3.07819637609
5.67873617596,2.26478772623
5.60018379437,2.3275104274
1.92325353414,7.14016471799
4.36719110005,3.44729808639
8.18364447411,0.619374462301
1.88576608544,7.22880121559
5.03125857258,2.80990672369
7.22214596647,1.18217610894
2.56019338522,5.85203424711
9.18941653983,0.0974171243121
1.99294900394,6.97987297496
8.50309912967,0.446942971433
6.62051817395,1.57383480459
4.91599855158,2.91426350541
1.50009863637,8.25908805333
8.09053774996,0.670898809756
9.00932880888,0.186538676971
5.24358652248,2.62377534077
4.62394000415,3.19005823765
7.8034249711,0.833601025764
9.31138831431,0.0380424963068
1.88502635475,7.23056793224
4.93574060858,2.89621646596
4.21984685735,3.60184427756
8.2356494549,0.590849977792
9.33979063295,0.0243281935818
1.59395281047,7.98582230003
6.36259313743,1.75277081632
9.15434265501,0.114636680332
4.36269703193,3.45193423021
1.61545836896,7.92547501256
2.09190235147,6.76166777496
3.93494358083,3.91660991884
3.10120641282,4.98878333361
3.24478319959,4.78499238951
6.03290502846,1.99236023229
7.03599564847,1.29976097407
3.03276318655,5.08927562939
5.58738318852,2.3378147858
2.93401526988,5.23833304009
6.90399094684,1.38504465074
4.65702010585,3.15795848701
8.90487402616,0.239051051176
7.8844545772,0.787084289782
5.69750096356,2.24993277261
3.77989797507,4.09762585894
6.82143927967,1.43921117995
8.95634790769,0.213097138224
5.32700809942,2.55270082935
2.57499856494,5.82606950015
5.75752363954,2.202742858
7.26446860953,1.15586537268
9.30989519416,0.0387646190686
4.68018790569,3.13561275741
6.14659538143,1.9082918589
4.23160679466,3.58931287266
3.07726183742,5.02368566074
1.23948317979,9.11841221109
6.01807888198,2.00344003146
8.39600944803,0.504013978251
2.54674017335,5.87575850675
2.11941219939,6.70283727006
7.34558693313,1.10586221252
3.09717452765,4.99464142094
5.63844009477,2.29685429249
3.09250359537,5.0014375478
7.37638653544,1.08702114087
5.9512409432,2.05373030296
2.87325804506,5.3325583118
8.78727343952,0.298914429684
8.51819455196,0.438956063004
8.65374880435,0.367862773506
8.06036488038,0.68772346646
7.21311253876,1.18781188793
8.61495987655,0.388091778974
1.85207338384,7.30998192503
8.26141570339,0.576783973557
2.69054193467,5.62841910752
2.86080351414,5.35211933627
7.5145435505,1.00346286536
1.77895807092,7.49135087109
4.03228400261,3.80657424666
6.48376960182,1.66781817886
7.3682920758,1.09196514113
2.82637773301,5.40663457625
5.07639097535,2.76969366985
6.11466354161,1.93174579567
8.79332824619,0.295812782088
4.28563136277,3.53218813396
7.78491320977,0.844295859006
8.73894051119,0.323750449056
5.41285675649,2.48071121799
1.53112683258,8.16689900191
3.86597976485,3.99622814138
2.48735556631,5.98200104846
8.06400008802,0.685693109025
7.07088075567,1.27749016599
7.00559305142,1.3192603631
3.20755875131,4.83694909462
3.11637730794,4.96680896954
1.41017053945,8.53746060827
8.39156701135,0.506397170854
1.07190310628,9.77250360426
7.25722053309,1.16036039192
3.76617438806,4.11400431812
6.34019767668,1.7686485018
8.19321461735,0.614111699888
8.24277669355,0.586954762312
2.80412945119,5.44222040709
1.60934925494,7.94253586896
2.16190950351,6.61344012035
5.56861132985,2.35296871601
2.78949093395,5.46578885483
1.38714350034,8.61159719262
7.52566965588,0.996800704037
5.0532685323,2.79025094339
1.36922589576,8.67014013353
3.63323205075,4.27582687276
8.31781874142,0.546145608316
2.38430839896,6.17252492392
8.5120407194,0.442210313175
5.17295157281,2.68484546169
8.27280077043,0.570582742249
8.27024828467,0.571972290599
5.09147217504,2.75633594768
9.19434634136,0.0950021032348
4.77512481401,3.04518543489
8.62527333952,0.382704278537
3.21191830693,4.83083307982
2.99343819974,5.14804580643
3.56821922569,4.357131769
8.75734496833,0.314277107287
7.12418179145,1.24367385189
2.80374706806,5.44283448882
9.31780759884,0.0349392344548
3.22059111151,4.81869065893
9.3249596453,0.0314842518885
1.28744322928,8.94746379789
8.98191563289,0.2002608969
1.78638657416,7.47258683248
2.49319600056,5.97144032217
2.63311065046,5.72557777715
4.53508294689,3.27743225299
4.22820360674,3.59293572985
6.44611947637,1.69404216734
1.11917611948,9.57816973674
4.39275331988,3.42101814835
7.30187266606,1.13273966307
2.44028229268,6.06803596058
6.45288050182,1.6893217276
4.87115140638,2.95553094169
8.97225077433,0.205108825201
1.64602676279,7.84106463868
9.30489638498,0.0411830532997
8.35812053274,0.524380502642
7.48389356484,1.02186680343
5.32700566304,2.55270288883
7.74498175691,0.867452386813
2.66795788372,5.66637568852
1.38035065027,8.63370227201
8.0524412784,0.692152178001
1.97532366504,7.01987341012
3.92612317092,3.92671484994
5.3278313235,2.55200500913
2.9719748915,5.18044870813
4.04833570219,3.78868455665
6.1185410976,1.92889120566
3.77680426538,4.10131285914
1.14368201228,9.48063572881
8.29199986315,0.560144663316
8.5931350058,0.399513854064
8.59463274344,0.398729084485
1.89215228178,7.2135776634
8.73935559845,0.323536571011
2.56042607642,5.85162500216
8.73452054891,0.326028510979
3.95908624363,3.88906676617
3.51035913539,4.43074716033
7.59395107492,0.956129176586
3.23827415016,4.79403437366
3.87016061063,3.99136109216
8.92031275221,0.231250893715
5.59175554971,2.33429242697
5.60197651869,2.32606918303
3.81678690965,4.05389366117
3.45739553573,4.49920432333
3.41160492732,4.55924079918
2.72267326584,5.57496212805
7.58187737431,0.963294139969
6.8606661982,1.41339105505
7.42212738325,1.05918472108
7.25989280744,1.15870261278
2.70988640577,5.59615969907
1.89776414979,7.20024232561
5.83782179444,2.14037587909
5.78327201812,2.18265004489
1.76146500951,7.53584882903
1.62250891234,7.90586505249
6.8572244408,1.41565058872
5.82880223133,2.1473383962
8.34430659506,0.531828918149
2.17958164919,6.57678128604
3.85425933009,4.00990036631
4.80264120606,3.01931198442
3.94132206632,3.90931663357
2.67808544941,5.64931490378
7.64875528553,0.923748970816
8.7179816834,0.334562931397
9.24002805767,0.0726848476457
5.84721137152,2.13313915416
2.61547259848,5.75584245479
1.67030032989,7.77514574822
3.09987209116,4.99072117935
6.03050711883,1.99415037865
6.40137992241,1.72540394626
3.62387712579,4.28743608583
5.12511183369,2.72668262736
7.25739726847,1.16025073304
8.48016750496,0.459103144368
6.19403099819,1.87367438478
2.99856853667,5.14033500372
1.75626154057,7.54917045071
4.31732525985,3.49900970906
3.23278879404,4.80166842713
4.51649006132,3.29593129498
5.04685956236,2.79596556266
9.00515196639,0.18862678155
5.16279967702,2.6936911398
5.50783437656,2.40238484825
5.94143224472,2.06115806339
5.84253709312,2.13674025533
3.45597477666,4.50105511064
2.96337988296,5.19349015638
8.84539759051,0.26922745242
5.0222460707,2.81798007575
2.35594527312,6.22641187117
7.75852647531,0.859584357012
2.22993385592,6.47393883905
7.4512081019,1.04157618694
6.43031339339,1.7050970668
1.43559437165,8.45700071766
7.10627325502,1.25500744001
7.19373130972,1.1999273119
8.5843351052,0.404127502444
5.72189083002,2.23069773682
2.28548070129,6.36314654144
8.24015820433,0.588385441105
8.92280644143,0.229992265557
2.06429518811,6.82148935521
5.49234433878,2.41506659023
8.09662830561,0.667510274539
7.44414299706,1.04584781852
6.42735584774,1.70716861529
7.35092115294,1.10259345536
7.43031896404,1.05421770392
8.73075465162,0.327970375533
1.24047715668,9.11480262451
5.73510948553,2.22030709339
7.45704300729,1.0380513987
1.39794675,8.57666360351
2.4862458672,5.98401041957
2.81256493523,5.42869484165
6.01198033384,2.00800549225
7.11211073571,1.25131000004
5.92786856053,2.07144956181
5.79220833805,2.17569747022
5.74408964385,2.21326181138
2.56471087635,5.84409576348
7.14995394288,1.22741360207
8.58968528158,0.401321926498
6.20898814796,1.86281394208
3.24130668867,4.78981949251
3.94106708867,3.90960795346
4.68871704867,3.12741410317
2.01796407811,6.92370483209
7.26147197046,1.15772324588
2.30094756081,6.33277582256
3.10115018422,4.98886497802
8.6582946127,0.365498004694
8.49591327888,0.450749949896
2.08068819755,6.7858718047
2.12816702976,6.68427492883
2.92807727269,5.24745552924
7.81680426819,0.825887163328
1.71836692992,7.64739322229
3.81244671872,4.05901700918
3.90915312325,3.94622027034
3.61175048141,4.30252961265
7.77886038265,0.847798287491
4.25032584228,3.56943748882
1.44764810964,8.41935036934
7.56656389616,0.972398133342
8.71426977624,0.336480582167
3.36663316159,4.6189932031
6.62733640898,1.56919977679
6.46280023817,1.6824048705
3.48719944771,4.46055384209
4.5928376479,3.22044900871
8.8358609408,0.27408490521
1.31111743719,8.86541343567
1.35533651916,8.71605101638
8.21466184201,0.602339846063
2.45021776949,6.04973971704
1.08210177204,9.72986275839
5.43949055884,2.45860898006
5.31954418283,2.55901452651
1.94448443258,7.09072891637
6.56102870694,1.61447937498
7.97189009921,0.737423328611
2.72928652681,5.56403794122
7.30118046127,1.1331665539
4.45758310156,3.3550478517
7.11902351928,1.24693538977
5.96559806042,2.04288023961
7.99781324712,0.722804345643
2.61039821731,5.7645872661
7.52482912575,0.997303658058
9.11690944735,0.133087481584
2.09576677972,6.75335705018
7.01614837162,1.31248089799
7.33938037324,1.10966852012
3.78988170873,4.08574806222
2.17073172728,6.59510212616
3.85629727572,4.00752006045
8.72125827217,0.332870853785
1.72970451443,7.61778094988
8.86074171998,0.261422965165
8.05266639967,0.69202629161
6.80146852354,1.4524135193
6.90461969748,1.38463458419
1.99742723493,6.96976605754
8.75504981276,0.315457407492
2.64663753217,5.70250439161
3.12571574454,4.95333578837
2.47707447312,6.0006518032
3.03403604023,5.0873861387
9.00022788234,0.191089694543
3.58460563839,4.33650016724
2.81608956068,5.4230554231
3.34561228508,4.64719717683
1.64506098612,7.8437074317
8.46339694872,0.46801706411
3.78374224812,4.09304855984
6.59877663841,1.58864661712
2.73849401022,5.54887246088
1.82058626233,7.38719463717
8.20081268271,0.609937787853
5.33371269837,2.54703697362
9.01207079109,0.185168420033
2.95632427102,5.20422413632
3.08938761269,5.00597695982
4.47286383055,3.33963804494
8.6278624531,0.381352800616
1.37243374413,8.65960290545
4.45938332283,3.35322968101
5.0795401022,2.76690114971
1.56678164028,8.06324296918
5.21499748571,2.64839338828
7.9123495709,0.771181131739
8.09091061705,0.670691288515
1.94955442495,7.07900336807
8.00173387583,0.720597490005
9.22557348131,0.0797345030084
1.12737271442,9.54531141128
7.30881586784,1.12845994632
1.10223666702,9.64684564452
8.39204130496,0.506142670833
9.25779105069,0.0640367289789
3.45013417982,4.50867151155
2.37108758478,6.1975628598
5.51696189886,2.39492880672
8.73978174044,0.323317007474
6.72532556333,1.50310854582
7.47296188159,1.02844902823
9.383466083,0.00332029199956
7.61625417799,0.942923628909
7.03392827379,1.30108425891
9.21906284741,0.0829134192534
3.85366053415,4.01059999488
4.07765647073,3.75618879473
3.45971678922,4.49618212022
4.21000498309,3.61235866454
4.55969914124,3.25305663897
5.48430665676,2.42166116705
1.67103007256,7.77317887567
6.73275773515,1.49813508773
9.19318289783,0.0955719365325
1.37940559212,8.63678626734
1.62958467315,7.88627043979
7.62865121468,0.935600121279
6.80042241824,1.45310615043
7.83255846021,0.816820958765
3.50698292406,4.43508010257
7.61863085954,0.941518689138
2.48015199048,5.99506082632
7.75421534317,0.862087171564
6.67058527122,1.53990984658
7.52309692243,0.998340346146
7.24788985459,1.16615358678
6.98809015762,1.33052465603
7.30105063633,1.13324662297
1.49469822099,8.27532805828
8.85016867337,0.266799286306
8.07809061002,0.677831828411
7.66426124868,0.914629617671
8.50531528008,0.445769530336
8.9526036756,0.214980000241
9.02787557095,0.177278379946
7.19670840803,1.19806417397
4.85476700316,2.97070236429
2.11475179684,6.71274973858
8.26448079283,0.575113636881
4.29078401553,3.5267774644
1.70034798464,7.69486072579
3.11721986049,4.96559170728
5.61661596879,2.31431716289
2.52918713713,5.90690179573
4.64419555642,3.17037582682
5.7804012922,2.18488578756
8.88583839546,0.248687122073
7.95791099452,0.745326383629
2.64537780081,5.70464818411
1.77369398082,7.50469520335
1.97901844778,7.01145867049
4.94446481893,2.8882642868
5.68957303727,2.2562028575
1.06503838681,9.80143421125
8.96857674279,0.206953102859
4.42373774605,3.38936802818
4.37669879342,3.43750551949
3.74998759254,4.1333993863
1.21923837504,9.19256712729
3.86575351428,3.99649167662
2.67091217268,5.66139224483
1.80669299129,7.42168927024
1.39690852839,8.58000906975
8.34263300518,0.532732147904
4.41876469557,3.39443296013
3.8539237491,4.01029244317
3.93387467374,3.91783328464
5.19338247164,2.66709585535
3.84533542918,4.02033826205
2.01832988012,6.92288864599
8.53678646648,0.429138607649
3.89845225437,3.95856345851
1.74538290341,7.57714929251
5.05652804763,2.78734734521
8.83095882161,0.276583819661
4.69387137473,3.12246672446
3.73261534592,4.15430822709
2.21298678707,6.50829099775
5.36461509228,2.52102320212
6.12680471999,1.9228137001
5.247919922,2.62005556473
2.69180335163,5.62630847315
7.80862451247,0.83060164899
5.04777819486,2.79514600982
7.47065370811,1.02984006513
5.58356853252,2.34089011145
1.8640983332,7.2808402247
7.12924470147,1.24047490643
5.91824535665,2.07876549561
8.68691920541,0.350635707482
5.77236127558,2.19115332675
2.47811620493,5.99875849442
1.85927061961,7.29251723216
6.85057790191,1.42001729157
1.66780631165,7.7818743587
6.73834653352,1.49439879273
7.23425374328,1.17463334962
6.07604107097,1.96027821421
5.04968266711,2.79344742059
7.85646393629,0.803098632538
6.55986675743,1.61527690984
7.59141830596,0.957631267114
3.18439069809,4.86959163891
2.2847729963,6.3645411035
4.32548112833,3.49051122532
1.89233100288,7.21315236365
3.47905288265,4.47108561331
4.62643364217,3.18763050961
1.72335929762,7.63432981591
8.03764281793,0.70043511265
3.54381436337,4.38803544607
3.39085501816,4.58671198731
2.15247124963,6.63314164189
5.96281714213,2.04497981454
3.99821978465,3.84477607302
2.17442042919,6.58745682558
9.2637477185,0.0611403711189
1.67047279437,7.77468082785
1.18006964117,9.3396012054
8.6811785937,0.353612385239
8.17170414761,0.62594925953
1.45243747479,8.404477546
5.28442219979,2.58884349012
2.63265183851,5.72636246937
2.77221108501,5.49376961518
2.8297542436,5.40125838731
7.83094752328,0.817747181528
3.64842429851,4.2570372364
4.06695971725,3.76801669088
6.94615490845,1.3576280067
7.39856331592,1.07350356868
2.05754982096,6.83622741158
9.26293822289,0.061533869224
8.27012023222,0.572042012403
2.76990136504,5.49752288608
4.17677651087,3.64804017311
9.03410512181,0.174172266819
4.47067482415,3.3418423086
5.01717599847,2.82252818995
3.66945564245,4.23115458096
8.21182105945,0.603897314668
8.54848754673,0.42297081213
7.5253875025,0.996969531908
1.58084717564,8.02299893264
4.12591027861,3.70321515995
1.39912983736,8.5728543632
5.71106374541,2.23922636286
5.37881788396,2.50911745151
3.91905725514,3.9348261698
1.99415120596,6.9771574975
5.74101601601,2.21567195091
9.11083052129,0.136090928377
6.40486090074,1.72295597928
4.42861606443,3.38440510777
8.51735266371,0.439401128832
1.84582992531,7.32518725966
2.71563104203,5.5866241123
5.62069998902,2.31104412374
8.0288728137,0.705351023907
7.3000800241,1.13384528975
5.0132402556,2.82606192246
7.15514700657,1.22414427304
2.96334695183,5.19354019641
1.03811368136,9.91673436934
9.24158652833,0.071925423131
2.44063077737,6.0673929642
1.50582071836,8.24194440831
2.72354378161,5.57352264157
9.26592812294,0.0600806413634
5.24938722348,2.61879673398
4.53564954048,3.27686971069
4.19953528746,3.62357078915
3.96659199428,3.88053804896
6.07734686711,1.95931059627
1.70548397675,7.68127986334
7.07825916313,1.27279383689
3.67679500141,4.22215715211
3.39471591188,4.58158777178
2.84507147731,5.37695007796
8.64308528913,0.373414904676
8.57246035971,0.410360745979
5.61101127341,2.31881278661
5.4757870351,2.42866171475
6.75785370761,1.48138184867
5.92770125757,2.07157665055
3.05167363069,5.0612852599
7.75288288237,0.8628610091
6.53914197747,1.62952569205
4.17143554877,3.65380189076
2.03412520153,6.88778612185
8.62949683688,0.380499885927
2.82199325056,5.41362528325
2.99789865891,5.14134106861
6.94074332721,1.36113750342
2.25339905147,6.42680280437
7.97240080569,0.737134864325
1.96146050095,7.05158722182
1.72779026538,7.62276707118
1.56555572096,8.06676764574
4.08605342409,3.74692561222
2.94512665447,5.2213122137
3.04225453776,5.07520521987
6.91236632551,1.37958535226
1.53012890318,8.16983479951
5.4142522951,2.47955042377
8.61295106313,0.389141884336
3.66860083881,4.23220366724
5.68124680892,2.26279736711
4.61274393604,3.20097453987
8.1835388209,0.619432596896
2.67786853885,5.64967963231
2.8556009132,5.36031574445
5.57099563436,2.35104111233
7.89071410963,0.78351078972
8.74205126468,0.322147848003
6.33447938326,1.77271158254
6.95710524813,1.350534893
8.74443441183,0.32092048165
8.27631162818,0.568672165781
8.17782972431,0.622575085203
1.40064398261,8.56798389715
7.80806748312,0.830922878123
4.9614922762,2.87278397606
3.98067054933,3.86458414891
3.8332821909,4.03447492643
4.41362272537,3.39967593026
7.45031319314,1.04211703346
8.89606484656,0.243507803305
1.71007497272,7.66917468262
6.41029633068,1.71913622102
5.70152637566,2.2467524699
4.02439777831,3.81538958414
4.23767611342,3.58285901667
9.27397460795,0.0561720103647
4.74250277852,3.07605353772
8.42870898603,0.486510665689
3.99060954012,3.85335516826
2.76779503942,5.50094837272
3.0198620821,5.10847158124
5.71678633979,2.23471659325
2.54818887185,5.87319776507
6.10138557052,1.94153454053
1.45930677476,8.3832311168
5.36798803993,2.51819291539
7.4243998501,1.05780624711
3.51898986463,4.41968962097
4.08375132268,3.74946330285
8.7675778705,0.309018525335
8.1727810162,0.625355900778
5.54936020895,2.36856268934
8.23262603205,0.592503372951
4.58536346622,3.22778285944
1.3391402617,8.77018516942
8.34507044837,0.531416729779
5.38553658804,2.50349632359
2.48090776965,5.99368885082
5.86860181647,2.11669643071
5.51284900476,2.39828699754
5.04713739603,2.79571767916
2.08260138475,6.78173326843
2.8453703592,5.37647705797
1.90443946386,7.18443120434
8.34881614348,0.52939603434
3.14899894646,4.91991808467
8.63722578604,0.376468666331
4.12815968455,3.70076087157
6.18884290842,1.8774476032
6.65983234666,1.54717439843
4.07247604465,3.76191315236
7.69463697232,0.896818423992
7.66219411582,0.915844271596
5.57824053989,2.34518898775
5.56418315175,2.35655089103
5.20284893071,2.65889540631
8.33145132293,0.538771510544
2.69191999726,5.62611334871
8.97374846982,0.204357233861
5.94444980158,2.05887167532
5.72404898902,2.22899965789
1.21243582657,9.21776090427
8.39373146997,0.50523586635
3.05588610725,5.05507377074
7.26772112904,1.15384972442
2.79827945367,5.45162428378
3.82496566505,4.04425492033
1.68500030832,7.73568966905
4.89068621829,2.93750889444
5.37709486796,2.51056012461
1.36445608519,8.68585387023
5.90755870115,2.08690386014
5.90839738852,2.08626463017
1.73998275136,7.59110281569
4.74857126766,3.07029527911
7.16963658461,1.21503479053
1.7983284873,7.44258507036
8.96648415251,0.208003871832
7.87009960875,0.795290112573
3.15832210328,4.9066060556
3.81484882657,4.05618073748
9.07286592283,0.154893755742
1.59633584674,7.97909521926
3.44663592975,4.51323956344
3.15796766329,4.90711142222
7.12615976609,1.24242381929
5.46104810007,2.44079841404
7.06248670921,1.28283890809
8.31191157149,0.549344651967
1.19654891196,9.27715423738
4.17960350653,3.64499345085
1.36294710308,8.69083652366
1.30907842375,8.87242172963
8.32691417294,0.54122439251
7.89149673794,0.783064194983
1.29480614431,8.92178476436
2.35279105419,6.23244459461
1.76611478705,7.52397798853
3.50361403039,4.43940781332
3.77745163563,4.10054109084
9.17218359161,0.105869427655
2.5779288054,5.8209482596
9.3863900073,0.00191737791792
2.5406720187,5.88650052313
3.28005629095,4.73630642132
9.17251570608,0.105706384302
2.01760775678,6.92450000692
8.37856397043,0.513380048804
9.0665009773,0.158053838623
6.95369392818,1.35274338725
7.47212589854,1.02895278963
6.30576118937,1.79317265628
6.9607108771,1.34820177965
3.8327092144,4.03514804933
1.54598818975,8.12340353393
4.26959543713,3.54906877382
4.90499102265,2.92435744397
2.81805856375,5.41990808035
1.35494357452,8.7173567154
2.18416612001,6.56731988129
8.00018967963,0.72146656285
6.07043957032,1.96443138555
3.03048216945,5.09266367546
8.19765039823,0.611674483379
3.61041166486,4.30419908692
2.2025876422,6.52950082402
3.99410664431,3.84941082225
1.52021463237,8.19910592644
5.85864018272,2.12434641736
7.50118484245,1.01147492288
7.85072004214,0.8063919531
1.79000343008,7.46347905579
4.31775716079,3.49855926222
2.62862289519,5.73325892825
7.95390011786,0.747596486774
5.74860773419,2.20972135823
4.25616236449,3.56325832377
6.05563772153,1.97542452499
2.58506401712,5.80850221054
5.46318684441,2.43903524587
1.77494362156,7.50152381496
2.64157786799,5.71112104412
9.29225852774,0.0473030740225
3.9223543729,3.93103942426
2.28956045523,6.35511562753
5.04504607592,2.79758389243
2.09756189941,6.74950173027
1.12112098522,9.57035147858
1.04718758061,9.87754630815
7.80326403989,0.83369389148
1.37614630517,8.64743848654
8.45352352102,0.473273272581
5.38654061918,2.5026569146
8.27551357755,0.569106386404
7.69105312802,0.898916194859
5.30058426277,2.57509256572
2.21654753554,6.50105148716
6.97639980424,1.3380639131
4.19799239343,3.62522545593
1.90899748459,7.17366690364
6.43154482765,1.7042348164
3.8408490018,4.02559499338
1.88427756549,7.23235698994
6.22544924812,1.85089167462
6.24502045056,1.83675780946
9.35253479622,0.0181881147042
4.67234073562,3.14316907164
4.34478425963,3.47046087426
7.26092660825,1.15806144508
4.76661137866,3.05322075979
6.44468348577,1.69504539042
3.02924117142,5.09450802908
1.33145641696,8.79609695638
4.85145472079,2.97377565081
1.73704954459,7.59870012743
5.92217008014,2.07578033275
2.60587900523,5.77238966333
4.97736949983,2.85839717727
8.58408138528,0.404260593911
3.16484719057,4.8973125929
6.09867526156,1.94353524389
3.58624784156,4.33443772433
5.16933522689,2.68799450981
6.69938488086,1.52051069553
4.54031606117,3.27223922782
7.53769562293,0.989610785267
6.73178144184,1.49878809003
1.13931340508,9.49786886727
7.62690150365,0.936633035539
3.51478994829,4.42506708869
1.11164099542,9.60858937047
1.80260855843,7.43188068951
9.29478827985,0.0460773478314
6.07763251915,1.9590989508
4.14232364403,3.68533747237
7.55001504951,0.982257301594
5.85864868934,2.12433987919
4.59834544924,3.21505225261
5.45472153436,2.44601804261
4.63944792935,3.17498140407
4.32705739477,3.48887059028
2.52913392478,5.90699653541
6.76538761461,1.47636460271
5.92150950182,2.07628263319
7.37912655401,1.08534879892
8.44126010848,0.479810365674
4.84482316061,2.97993502543
6.67491584512,1.53698746803
9.12132850987,0.13090538904
1.52732459986,8.17809501041
5.08797092084,2.75943354907
2.46120919357,6.02958517711
6.32185917047,1.78169175398
6.92831721036,1.36920640458
8.58839957387,0.401995978486
7.33986735857,1.10936974945
5.90692972406,2.08738331287
7.8596706982,0.801261049926
4.12228467743,3.70717380926
5.55968595648,2.3601918165
7.20884891465,1.19047433193
7.67638386628,0.907512915972
7.05007607905,1.29075870324
2.99944391683,5.13902064102
6.64679382018,1.55599882687
2.21045789449,6.51343967559
5.46173236797,2.44023423252
2.59218215583,5.79612012516
5.76781743929,2.19469930488
1.77273320282,7.507135024
3.72090566289,4.16845671103
6.26441519321,1.82279500867
5.53635569355,2.37912737349
6.21849273288,1.85592621349
6.02950172789,1.99490115958
8.89609520738,0.243492435541
2.31647486292,6.30249107751
6.17613900633,1.88670032906
4.79446204843,3.02698726756
7.63319496057,0.932918898714
1.17462528442,9.36042397968
3.0205477008,5.1074493665
6.98433513053,1.33294494476
4.05332215885,3.78314156666
6.30005336197,1.79725045549
5.80423259277,2.1663593493
9.27389530345,0.0562105164771
9.06209355521,0.160243345969
7.29281099991,1.13833130454
3.76008667924,4.12128883204
2.02710711306,6.9033489072
2.03179773111,6.89294138651
8.4589013441,0.470409579074
3.489907577,4.45705825666
9.37662893308,0.00660249908417
3.47307765007,4.47882600419
2.89809958482,5.29379426617
4.97028382317,2.86481202942
3.16671944905,4.8946495355
3.6831770599,4.21434787897
2.77450199049,5.49005000538
3.86713251339,3.99488566653
2.14587977825,6.64695205662
4.40229085978,3.4112519756
7.68919744054,0.900002788899
8.9240183041,0.229380734754
8.65640536942,0.366480654573
4.02981041854,3.80933739818
2.32625508987,6.28351956129
6.7288600199,1.50074267441
1.32491519858,8.81827363919
1.70501722645,7.68251237857
8.87901171358,0.252147902363
2.00646437197,6.9494389688
5.74551713196,2.21214290635
6.16859980848,1.89220041124
8.68041080868,0.354010653816
8.89004553222,0.246555641776
5.08767076581,2.759699199
1.36958825757,8.6689486014
1.93326479816,7.11678601681
6.53526607736,1.632195478
6.99525732413,1.32590869353
2.36638066667,6.20651066175
7.76629130095,0.855080017455
1.29257113399,8.92956415839
6.86942820931,1.40764385619
2.16877634337,6.59916017674
3.80589546223,4.06676145105
4.71066565482,3.10638434436
4.64343197857,3.17111624049
7.54011056289,0.988168357502
7.62360826991,0.938577786936
2.99022675059,5.15287928406
5.17274171564,2.68502814132
7.7323667894,0.874792716377
6.85325176563,1.41826008341
5.19393473653,2.66661703794
2.71055454561,5.59504960791
7.47852347375,1.02509905984
8.54497218701,0.424822917518
6.17322331737,1.88882661936
2.13827031577,6.66294821328
6.85664801234,1.41602912821
9.34346716571,0.0225559976771
3.33270630997,4.66460121872
6.4521495278,1.68983184344
5.80227368814,2.16787932862
2.74525236188,5.53777331562
5.8608556446,2.12264394038
8.9945833516,0.193914616482
8.90691804013,0.238017571042
6.4684079961,1.67849937565
5.76000974583,2.20079890343
8.75132361673,0.317374289612
5.92002013995,2.0774153421
5.35602824295,2.52823658487
8.55170870485,0.421274378617
5.6353497895,2.29932293013
2.2440103681,6.44560327789
9.22431100893,0.0803507490212
4.5992051799,3.21421043866
7.71481962081,0.885022907269
5.686013571,2.25902083152
2.53268969569,5.90067019255
2.47193462079,6.01000496475
5.19349679202,2.66699673461
8.22904645343,0.594461693791
4.23750298297,3.58304298813
6.74728163009,1.48843182041
9.09410085232,0.144367001389
4.63163994756,3.1825660286
5.9089174235,2.08586831596
6.63757173063,1.56225076219
6.9728885347,1.34033084262
5.78350829536,2.18246607985
5.51695195471,2.39493692313
3.1974141856,4.85121313019
1.80125125065,7.43527253734
3.96152688544,3.88629171402
2.52185881727,5.91996799543
1.45210659089,8.40550348976
5.00599826886,2.8325714426
4.9351067346,2.89679479418
6.48083327782,1.66985789932
6.2690647238,1.81945410965
2.47413064937,6.00600640064
1.1860359909,9.31689202882
2.69694328776,5.61771841746
8.46246177649,0.468514648539
8.70967216942,0.338856937127
4.90585872532,2.92356093586
1.88846111305,7.22237047275
6.88706238763,1.39609939415
3.89958094081,3.95725994925
8.76404550728,0.310833076079
4.6841645974,3.13178829773
2.57023923944,5.83439990234
3.99777427063,3.8452778547
8.01808901015,0.711403110084
1.49725321136,8.26763744942
7.08396501174,1.26916544078
4.00371038914,3.83859660112
4.72094771144,3.09656641137
1.79194751931,7.45859115376
8.36141764417,0.522604534209
7.42428969394,1.05787305789
9.28022197836,0.0531396486255
8.6049542613,0.393324634638
6.13818333736,1.91445866309
4.88496884134,2.94277605912
2.15531054752,6.62720578781
2.5573601294,5.85702021333
6.64755598697,1.55548251893
5.06456032258,2.78020012225
4.63660559391,3.1777409523
6.49855886218,1.65755882666
5.30413871663,2.57207400818
8.00058835973,0.721242169825
8.31517001382,0.547579752766
5.69064300148,2.2553561281
8.05071281857,0.693118839083
8.17013131733,0.626816035612
6.92797662737,1.36942776591
6.19519218537,1.87283030393
1.52537837657,8.18383662535
5.63571343907,2.2990323646
1.59293256136,7.98870543974
9.37663627605,0.00659897277068
2.83131612596,5.39877367754
4.93989595674,2.8924270853
3.71391267391,4.17692739541
5.66493012298,2.27574852481
2.96596654038,5.1895613737
2.84735526695,5.37333693987
6.49653956475,1.65895824195
1.77231658337,7.50819340759
7.36669644043,1.09294037717
9.37517740905,0.0072996182296
8.48053571986,0.458907627878
3.14083204166,4.9316115882
1.28757853698,8.94699057308
2.06888916632,6.81147944406
3.95302344488,3.89596768355
7.95945437534,0.74445315532
1.47367090143,8.33912489768
5.77048432424,2.19261774799
5.61969809213,2.31184684955
3.39988962664,4.5747302972
1.43105918055,8.4712484791
8.82950074838,0.277327357761
6.00177886546,2.01565282097
4.36955344402,3.44486297183
6.41600046855,1.71513110919
7.88854540409,0.784748559465
2.35037655599,6.23706800407
1.22028840005,9.18869080418
9.2606903151,0.0626267639255
6.34667038503,1.76405379776
1.98518624803,6.99744665952
3.09135210753,5.00311452016
2.76468678642,5.50600804398
1.28432025201,8.95839993385
8.10283824006,0.664057945244
7.71136106145,0.887042029997
8.48231133276,0.457964923689
8.9495221669,0.216530189371
7.20384360665,1.19360193472
3.40450531251,4.56862126117
9.37145114011,0.00908971668264
7.97238134982,0.737145853322
6.28652656167,1.80692907456
9.33988535844,0.024282524381
1.75447900939,7.55374306245
4.92852847231,2.90280099899
5.79604252308,2.1727177116
2.54421980474,5.88021702251
2.94709274776,5.21830716775
3.56961853839,4.35536624348
9.00251021225,0.189947958401
1.16548684154,9.39559327216
5.87713799971,2.11015143572
6.26185079751,1.82463870464
7.53816418036,0.989330882866
8.84133442431,0.271296368565
6.56932322915,1.60879030921
3.41251883404,4.55803470598
5.55889621788,2.36083149219
2.37569538187,6.18882067472
5.65897511262,2.2804845306
9.16392210919,0.109927098345
1.51800459201,8.20565691837
8.34979506761,0.52886808218
3.81001349074,4.06189184826
6.55105366927,1.62133060974
5.3895695101,2.50012559191
8.51616681633,0.440028103936
4.91873887781,2.91175413138
6.75570693152,1.48281252979
2.59233980833,5.79584627182
6.68532395643,1.52997156379
4.58848763261,3.22471589758
8.28097009634,0.566138321076
8.04639421146,0.695534977238
6.64194870451,1.55928239606
7.64989732145,0.92307668729
1.7293592518,7.61867986128
3.42419206161,4.54265776143
8.81488343669,0.284788185126
1.39535749593,8.58501160352
6.26824236897,1.82004482857
4.41881873031,3.39437789643
5.78633297201,2.18026737347
5.13419945817,2.71870528616
4.74593579662,3.07279511631
8.5259829923,0.434840773736
2.05063788908,6.85137960375
5.98374704014,2.02920186999
1.3205325264,8.83319354528
4.51912353727,3.29330648658
8.64117767075,0.374408859221
7.99437223447,0.724742125096
2.82650540316,5.40643117892
4.4584055744,3.35421708717
5.50764425998,2.40254028099
6.47782933919,1.6719455449
5.06586392769,2.77904122666
7.02290677025,1.3081454713
8.23202949393,0.592829668723
6.36588138908,1.75044425454
6.37891499671,1.74123429374
3.55478431584,4.37411803813
6.42147470551,1.71129076728
2.87942765504,5.32289973539
3.54067941328,4.39202062409
1.77294668948,7.50659277706
1.67008433495,7.77572808333
4.65669116397,3.1582765567
4.54391487731,3.26867145324
7.25786022787,1.15996349362
4.29559325344,3.52173326518
8.24048903643,0.588204657405
6.37093375736,1.74687185466
3.25690838461,4.76819706487
4.77233031348,3.04782141708
4.28374103557,3.53417474966
3.87690934392,3.98351576991
6.81201304239,1.4454378877
8.82836312351,0.277907569891
5.46531809614,2.43727894106
2.90718893339,5.27969374403
3.1211016887,4.95998775407
1.07886211027,9.74336414512
1.80031555136,7.43761229419
6.53029281697,1.63562346461
2.71928113395,5.58057575796
7.7439188791,0.868070387044
2.98173842443,5.16567990314
8.26069007357,0.577179500081
3.16209813463,4.90122564303
7.07086246106,1.27750181653
9.35420605228,0.0173835318861
5.03862845687,2.80331556091
5.30689612684,2.56973371893
2.61610740215,5.75474967552
4.38491471429,3.42906054829
6.51154358363,1.64857051848
1.85623380841,7.29987804872
3.98108066606,3.86412024848
8.83497233394,0.274537780393
8.75079427542,0.317646667013
8.62690584602,0.381852087718
7.42823297832,1.05548203477
5.36427701931,2.5213069819
3.92331363139,3.92993831196
1.30221626798,8.89608809559
6.68038516481,1.53329934379
6.99686055444,1.32487679177
4.84339189226,2.98126548962
6.21178289507,1.86078756691
2.85763278974,5.35711286027
7.70771230588,0.889173172024
4.55173216353,3.26093132047
2.28236072442,6.36929783301
7.71428294368,0.885336162485
8.67187973023,0.358438301433
3.02217526353,5.10502370076
1.57013892882,8.05360443036
7.1903667803,1.20203384163
2.34411207112,6.24908575559
5.47436046603,2.4298349868
6.52337012065,1.64039951408
3.23566671851,4.7976615621
5.98746546952,2.02640451682
7.87948546875,0.789923121214
7.69511236245,0.896540232077
5.05127267863,2.79202978792
2.14151450495,6.65612152282
7.65527110635,0.919914642097
6.83360177522,1.43118967809
7.11072683424,1.2521862839
6.13536608596,1.91652585751
4.35548896204,3.45938015847
8.45002513238,0.475137144486
6.86062830455,1.41341592628
3.20119461294,4.845892277
1.12269545082,9.56403213728
1.28794558409,8.94570711384
1.74330916587,7.58250253717
8.42769783928,0.487050891187
6.10694381324,1.93743432025
5.2547211375,2.61422361244
7.44199691588,1.04714616302
4.13859866346,3.68938855611
5.7478129366,2.21034397352
1.81224039651,7.40788429822
2.32489818744,6.28614688674
4.69671501528,3.1197395816
7.07218536101,1.27665943298
1.57428391807,8.04173284807
8.61181007375,0.389738444544
5.9518962183,2.05323452396
8.2035372563,0.608442015814
7.33511044258,1.11228901723
6.82122813475,1.43935056212
4.40148215891,3.41207924119
4.59873933084,3.21466655994
1.49347019353,8.27902914211
7.04353148079,1.29494072934
1.10172263385,9.64894609993
6.97973290227,1.33591306919
1.8672715764,7.2731814191
8.97053491948,0.205970050079
8.18025433343,0.621240226828
2.16207391349,6.61309769173
5.51887563933,2.39336708504
1.51062365383,8.22760478684
8.65619871346,0.366588155306
9.01922799784,0.181593696453
6.96974623701,1.34236052635
8.66996842141,0.359430871964
3.59980926887,4.31744194275
2.77678368914,5.4863483957
1.47275284451,8.34193097934
2.85846775427,5.35579735055
6.95302483241,1.35317668806
6.2822851038,1.80996818754
2.02850254168,6.90025022252
2.38347764521,6.1740941353
6.4024948062,1.72461976931
7.95079594289,0.74935419471
9.25106595695,0.0673089652252
9.01012110427,0.186142698577
6.26880191052,1.81964288685
2.87276523056,5.33333071131
7.72941068378,0.876514531124
2.77418108168,5.49057086131
6.02472539046,1.99846962541
2.71466382551,5.5882281929
3.24501680042,4.78466822239
5.2070300476,2.65527820615
3.79895651269,4.07497874787
2.73002416766,5.56282110244
6.67239154229,1.53869069955
2.95210862111,5.210649803
6.15087664951,1.90515653447
4.73996870826,3.07846024354
2.76991495763,5.4975007891
4.5783198306,3.23470519719
2.03313253262,6.88998412659
5.87747923669,2.10988999484
3.0253687124,5.10026808387
6.54155549132,1.62786402202
2.99291108666,5.14883879629
2.09356132938,6.75809814713
8.52944051968,0.433015075419
6.69679624969,1.52225095922
8.15149834088,0.637097258963
8.70995374301,0.338711364747
2.35958360843,6.21946325555
6.34461900845,1.7655094765
9.03918750491,0.171639728535
8.58240434273,0.40514040327
8.68470152647,0.351785406669
2.0355043797,6.88473407358
4.26537358945,3.55352355664
4.00355761771,3.83876842505
9.20650979544,0.0890489804148
4.10560419052,3.72543153971
4.81119650601,3.01129770541
1.73874367231,7.59431059622
3.84617098654,4.01935991993
4.0541077701,3.78226889599
1.95555891484,7.06515595311
1.39957270112,8.57142928305
2.02145221194,6.91592803935
7.53598374898,0.990633556262
1.37046472765,8.66606786159
5.22998787794,2.63546836456
4.66726416357,3.14806424393
7.20648758161,1.19194955723
7.14919487419,1.22789167789
7.28649947213,1.14223003696
8.768297201,0.308649099795
6.32275346592,1.78105480979
4.44767785766,3.36506501127
6.20342081673,1.86685334248
9.28049750779,0.0530059585777
6.70976815387,1.51353706552
1.87201990805,7.26174532165
6.55369326036,1.61951662382
7.81756295799,0.825450134757
6.24364247315,1.83775150203
4.95040114248,2.88286130394
2.96027947208,5.19820378221
3.35250503902,4.63792960271
6.32304737308,1.78084549991
6.09154366642,1.9488039153
2.63550595122,5.72148338557
3.64782284843,4.25777961586
4.11848339028,3.71132802365
4.53348450068,3.27901964881
5.76635934428,2.19583778411
3.63992725354,4.26753664146
7.63499939807,0.931854559517
7.10916304307,1.25317667884
2.47889434346,5.99734477582
1.11228599148,9.60597743503
6.30000231329,1.79728694248
7.2843484843,1.14355950843
1.10664387679,9.62887689073
1.03316263031,9.93826149682
8.51136451881,0.442568042875
1.28735055001,8.94778796282
1.0586499407,9.82852562413
7.20338694662,1.1938873902
8.14177740455,0.642470367735
7.95353734416,0.747801868342
8.46675817206,0.466229085464
6.19554876498,1.8725711337
3.5351392195,4.39907200606
8.34055578581,0.533853466933
9.08100089018,0.150858114164
3.00391832211,5.13230841241
3.50439411097,4.43840534477
3.98573940899,3.85885389899
3.68698831627,4.20969076509
7.48901309174,1.01878752033
7.24385649664,1.16866011122
1.95599231438,7.06415810299
4.35403926306,3.46087918423
2.41158522146,6.12130312714
5.3096226998,2.56742079745
5.08314562685,2.76370603922
9.283927514,0.0513420123125
7.25644373021,1.16084240591
4.06377302219,3.77154638225
8.26349933642,0.575648419302
6.21068478619,1.8615836592
1.93986380428,7.10144186369
3.39338023732,4.58335983236
1.86735950749,7.2729693777
3.75197847259,4.13100939732
5.31371371133,2.56395266497
3.57671779766,4.34641969298
7.52304860095,0.998369268985
1.42842499898,8.47954477093
5.5286699663,2.3853828227
6.20679651944,1.86440365486
2.13579650539,6.66816077292
5.86596871254,2.11871724637
4.0362254353,3.80217491477
6.08809471032,1.95135414426
4.16519212059,3.66054652939
7.65097796457,0.922440636338
5.49495632378,2.41292564494
7.67912641116,0.905904437012
1.28348266953,8.96133752803
3.74643843513,4.13766318727
8.16369340502,0.630365665547
5.43031832326,2.46620837972
2.83020972428,5.4005336474
7.26482871637,1.1556421632
7.44851172914,1.04320596221
7.68744855868,0.901027083181
4.51883046259,3.29359852101
8.37241960765,0.516683458551
4.24434448621,3.57577880035
2.12353510017,6.69408619775
6.55875708485,1.61603869493
3.62791579767,4.28242052951
7.83321444084,0.81644385134
9.36196739132,0.0136489197113
9.18830569482,0.0979614861569
8.89646968382,0.243302890763
3.99969401645,3.84311604678
4.71150651193,3.10558063865
1.91793894305,7.15262505968
4.85127638895,2.97394117474
8.10700479736,0.661743086747
8.5823289138,0.405179978802
9.03188184367,0.175280568512
4.16619805215,3.65945916064
4.68340409637,3.13251943481
9.32185230001,0.0329850104086
5.45617678277,2.44481687803
7.86764804739,0.796693010533
4.36900243555,3.44543083604
3.58264739972,4.33896075457
6.43807222585,1.69966708655
4.42178638911,3.39135475906
3.56474246624,4.36152142691
6.3995380421,1.72669977075
7.82565053706,0.820794075537
2.88345414991,5.31660737776
4.94849668224,2.88459395442
4.54304928398,3.26952932225
8.2509148186,0.582511188319
3.93995117341,3.9108831431
4.38942835995,3.4244277992
7.53289954015,0.992476824764
4.74227182762,3.07627282758
2.56001044649,5.85235601619
6.95091685722,1.35454206779
3.0371259905,5.0828025505
3.68366853675,4.21374705482
1.35188203832,8.72754275116
4.30190975561,3.51511673526
8.35970911252,0.52352473665
2.09116436222,6.76325661852
7.79502444059,0.838451131612
8.77187835401,0.306810383023
8.58177675889,0.405469690241
8.09333290525,0.669343383464
9.31118827347,0.038139236019
9.32046802246,0.0336537377828
6.46569539412,1.68038813071
6.18681471318,1.87892353866
3.50560735212,4.43684667211
3.90134881325,3.95521900823
3.99380065035,3.84975581164
5.69346629908,2.25312264074
4.44880152232,3.36392752952
3.68393854792,4.21341700373
9.04928545142,0.166612170465
2.8771947075,5.32639304189
3.10365973155,4.98522253452
6.58503654299,1.59803249189
2.60695483164,5.77053102789
4.21497597475,3.60704492765
3.92617232282,3.92665847714
7.94317328263,0.753673362928
2.42642540706,6.09367828747
7.91791764911,0.768013439444
7.0504734782,1.29050488853
6.46708734523,1.67941883143
3.18901965471,4.86305074363
8.19153843172,0.615033014804
6.56469266011,1.61196544815
8.61028549516,0.390535685707
1.96151095534,7.05147139484
5.92518539203,2.07348821608
3.41560672888,4.55396196377
2.37600979397,6.18822477162
4.54521638908,3.26738186336
7.36350915642,1.09488904516
8.79568276169,0.29460722987
9.05895009511,0.161805596355
3.62743375859,4.28301887194
1.34112066873,8.76353085446
9.04116008109,0.17065718252
7.40588861011,1.06904743037
8.63990374036,0.37507275617
5.76177219202,2.19942130669
4.47085581477,3.34166001556
2.51114994302,5.93913007668
3.06934220802,5.03528934096
8.21618048291,0.601507466987
6.72256646232,1.5049562791
8.98525871839,0.198585207216
7.80391905243,0.833315927005
6.67679880051,1.53571739445
6.03642637532,1.98973267922
3.83153407253,4.03652890063
3.8267264694,4.04218249204
8.0161480789,0.712493263806
6.24576664956,1.83621979897
6.97338453698,1.3400105467
2.27631277531,6.3812458487
4.269137102,3.54955218381
7.40987795318,1.06662247829
6.66555778785,1.54330489762
7.99827251852,0.722545773599
6.54241671917,1.62727122727
6.12522206902,1.92397703057
1.208518136,9.23233460572
3.27759933398,4.73968065266
2.39622166437,6.15008189071
4.20827060874,3.61421409892
3.31407914847,4.68983963186
4.96114894218,2.87309558897
1.9587485723,7.05781732139
1.34384639814,8.75438825245
2.92299301155,5.25528114523
3.12789168335,4.95020219982
8.90905539753,0.236937148878
4.36643851734,3.44807412862
6.18256023198,1.88202113457
7.82715690476,0.819927383826
2.31315630012,6.30894657344
8.19407961686,0.613636326895
5.27189037564,2.59953473173
1.95865923224,7.05802270857
6.20860670776,1.86309058201
2.319100368,6.29739031427
7.06509103675,1.2811787334
3.48827415837,4.45916630772
2.4122689977,6.12002655394
1.96838095091,7.03572786237
7.61462700469,0.943885760929
9.32332063933,0.0322757823603
6.96886537448,1.34292966033
1.69751807018,7.70236127462
9.37981580409,0.00507232846705
4.39028359675,3.42355053178
3.29509059606,4.71571413602
6.22686620566,1.84986688997
5.55603592745,2.36314904274
2.26351478007,6.40663391522
3.07079860167,5.03315321754
3.70403922934,4.18891440424
4.61533675756,3.19844415176
1.37882405818,8.63868502938
6.41367463853,1.71676374082
4.62763757172,3.18645886977
5.80515376056,2.16564476188
2.09743147525,6.7497817268
1.23059517117,9.15081791818
7.63336234972,0.932820154402
5.84386396189,2.13571773234
4.34712440257,3.46803620152
5.62546105939,2.30723148007
2.41329275615,6.11811592867
2.07531408741,6.79751727191
8.48238381883,0.457926443746
3.13656728587,4.93773002343
7.5408578633,0.987722093472
5.83297280845,2.14411764332
3.86464764364,3.9977800098
7.39309606695,1.07683229326
1.18372841113,9.32566158426
8.36036549198,0.523171193308
1.9023549869,7.1893625291
2.8329573994,5.39616414555
8.52122564413,0.437354034559
7.46966502078,1.03043603595
5.80818952381,2.16329059885
5.66053516496,2.27924334302
7.90395287367,0.775962249746
7.50588651357,1.00865340893
8.63822099071,0.375949855529
6.7179939819,1.5080200789
9.35919942825,0.0149804568072
9.29667437196,0.0451637075646
5.08014205249,2.76636756129
5.32704366017,2.55267076983
2.55399416012,5.86295083358
4.80060700465,3.02121964758
3.321779126,4.67938958013
2.83939441455,5.38594422668
8.81147505199,0.28652963871
1.17114702811,9.37377768946
7.89979753589,0.77833019725
6.54579275335,1.62494820969
4.50120322237,3.31119811325
3.56864657649,4.3565925032
7.56324086688,0.974376135408
7.92231197335,0.765515070768
1.75671498221,7.54800800671
8.2669251226,0.5737820304
2.09854954172,6.74738200991
4.10326951907,3.72799288483
4.36195820581,3.45269687071
8.92302999068,0.229879451768
8.45976244336,0.469951212388
1.26298776279,9.03382159881
6.14058977477,1.91269365991
6.40386952619,1.72365301907
2.47607583036,6.00246754689
6.57356210917,1.60588570937
9.35623497602,0.0164069524112
5.11232974316,2.73792703466
5.11019158939,2.73981071326
2.29038159703,6.35350095645
1.05073239322,9.86232925115
1.26388180865,9.03063517985
4.41586003665,3.39739392286
4.8025332781,3.01941317838
8.55321332034,0.420482186855
5.83446016023,2.14296958413
8.28155295266,0.565821392863
8.02397010687,0.708101512647
3.03077071959,5.09223494458
4.3400529068,3.4753671233
2.23536926029,6.46297640438
3.19274407119,4.85779488764
8.88156326743,0.250854083106
8.25176099214,0.582049412737
9.07352952855,0.154564414862
2.99734103295,5.14217871809
5.13588519652,2.71722705607
8.43422402581,0.48356528497
5.32085172563,2.55790784152
1.64085218193,7.8552427283
5.70454060362,2.24437252952
8.51514653618,0.440567611068
3.47602294402,4.47500897077
8.33982694971,0.534246971479
8.87899213667,0.252157830683
8.71306436999,0.337103496568
5.47298325941,2.43096795114
9.19056537275,0.0968542159761
1.06665265001,9.79461434182
7.84749284696,0.808243355888
9.11850141353,0.132301261425
3.57293095195,4.35118969799
2.07298722883,6.80256883324
7.77376069576,0.850751303672
7.14331803484,1.23159474122
3.17554656768,4.88211521835
3.7334703386,4.15327690264
3.68122339863,4.21673699791
8.75687663843,0.314517924175
4.74126769884,3.0772263806
6.05966752868,1.97242898027
6.85864531478,1.4147176393
2.97733399557,5.17233626472
1.64553161485,7.84241938915
4.23077369086,3.59019948232
7.16412823104,1.21849567773
9.37294093755,0.00837393306408
6.74995230814,1.4866498411
5.48696421949,2.41947968078
1.51999625647,8.19975281117
8.42483278543,0.488581955935
3.17024617328,4.88963747754
1.59366200408,7.9866439068
4.95017824645,2.88306405709
2.9685009349,5.18571529308
4.13445508799,3.69389916669
4.40465958269,3.4088297499
7.50281802309,1.01049463649
1.08549226614,9.71577599277
7.037497553,1.29879987909
8.36592022492,0.520180378114
2.81694215682,5.42169232517
7.41321571947,1.06459459495
7.96120089205,0.743465199104
6.25957328304,1.82627677788
5.41523018343,2.47873720489
6.89703670021,1.38958265176
7.97066240114,0.738116849598
7.01492555822,1.31326576336
6.88762650429,1.39573057538
6.86168582574,1.41272188131
7.98989069926,0.727267117635
4.48106218376,3.33139212461
6.69062317191,1.52640366154
2.49968060592,5.95974374334
8.18437692159,0.61897146124
3.02872629501,5.09527345285
3.3669729766,4.61853871687
1.30348508461,8.89170278709
7.70460406101,0.8909894119
2.97725565459,5.17245474964
3.58890253784,4.33110568789
5.95231626232,2.05291674875
4.94939260562,2.88377877319
6.88003460096,1.40069668653
4.23660919085,3.58399286695
8.33517889047,0.536757305782
4.08362743161,3.74959991307
7.29987513901,1.13397167161
9.17187703937,0.1060199271
4.89883906381,2.93000868189
7.14901022907,1.22800797856
3.62594949779,4.28486174528
5.31515879463,2.56272824169
7.89546273108,0.780801743036
7.84305444541,0.810790857107
7.45069526537,1.04188611657
1.86542147992,7.27764515018
3.22155024084,4.81734983171
3.48235108787,4.46681876936
3.54309297018,4.38895217551
6.93103399017,1.36744102769
5.78477986605,2.18147616622
6.33253332253,1.77409517465
3.14769825796,4.92177839924
4.97896865522,2.85695068232
4.64504792091,3.16954946377
1.97000624257,7.0320113224
5.535793688,2.37958449805
2.30245656618,6.32982367822
1.72152843769,7.63911618271
4.79842755932,3.0232644169
1.54085652385,8.13837519135
3.40986930818,4.5615322054
6.71794317409,1.50805413449
8.7573292481,0.314285190479
6.89389471116,1.39163446093
1.95779696203,7.06000549532
7.24877308309,1.16560489188
8.49774831926,0.449777461225
9.03728064046,0.172589747192
3.8907837015,3.96742980269
2.65519178428,5.68797382433
5.56621254383,2.35490886041
4.59317461223,3.22011865226
6.48470556421,1.66716820577
5.31364119703,2.56401411532
1.62851319157,7.88923217679
5.05156667768,2.79176771125
9.27995869047,0.0532674026469
7.40735005636,1.06815892773
7.30470732365,1.13099191851
5.91503476171,2.08120896145
7.89668638097,0.78010392558
6.76414462037,1.47719199644
4.06200531831,3.77350554467
7.95582816839,0.746505092831
5.95109093149,2.053843809
1.61475754503,7.92742891675
6.02874567755,1.99546582658
4.80008585941,3.02170850486
6.2472315151,1.83516381584
8.01565755413,0.712768816331
7.44755983985,1.04378145592
9.25660167919,0.0646152697196
2.355700621,6.22687950102
1.53563062834,8.15367309507
9.09770515425,0.142582687551
6.42164389694,1.71117212657
3.47660757889,4.47425168211
2.61823285324,5.75109275872
6.82610586671,1.43613174711
4.64991125456,3.16483738536
1.45129262265,8.40802828757
6.63362824589,1.56492682236
4.45645251914,3.3561900822
2.9703215961,5.18295436755
9.16029385603,0.111710290216
3.43645898349,4.52655513856
9.23921009844,0.0730834808638
5.90714693238,2.08721773489
1.27903662016,8.97696301147
6.25919499967,1.82654891109
6.44278850448,1.69636961939
6.49716070072,1.65852773543
1.72215834363,7.63746886276
6.76061227659,1.47954411601
8.5196573847,0.438182838299
2.18299436055,6.56973626121
6.84108322763,1.42626254244
8.93427635198,0.224207637123
8.65305648198,0.368223034583
2.29365402776,6.34707188218
5.81748856555,2.15608706028
7.12546198758,1.24286475898
1.07007854693,9.78017489146
8.01917663534,0.710792344119
5.63901484745,2.29639531034
7.86383090246,0.798878229664
4.31250969892,3.50403510549
1.61782202264,7.91889136697
9.20302845495,0.0907520386579
8.37077986301,0.517565448548
8.05790950529,0.689095375105
1.574685501,8.0405843436
3.21556232945,4.82572725146
5.05103804359,2.79223895726
3.58411829171,4.33711240773
1.2095659218,9.22843224841
8.2811307369,0.566050970525
5.73319546229,2.22181014491
3.71602631255,4.17436544103
2.24356395356,6.44649916353
9.13606721269,0.123635188051
2.4644567287,6.0236475235
4.36216956449,3.45247868617
4.35616594232,3.45868031447
3.79717765309,4.07708773992
3.22893288747,4.80704250798
8.1190362539,0.655065314462
2.42107865965,6.10361167894
1.13716095793,9.50638408491
4.12944846846,3.699355304
1.77120661545,7.51101439437
4.24328739371,3.5769004374
6.57914494306,1.60206305111
8.58168726137,0.405516650658
2.10817321522,6.72677933373
9.24140019824,0.0720162128615
5.47302456911,2.43093396341
8.64894825679,0.370361408816
5.83814105737,2.14012962601
5.02941000215,2.81156148385
2.38841114324,6.16478325614
6.05572265876,1.9753613666
6.43171651417,1.70411461459
6.1071046552,1.93731572546
4.54180854804,3.2707592713
4.4215276265,3.39161827833
4.39751110759,3.41614365982
7.63588895648,0.931329950127
5.75608952148,2.20386461596
5.13874603109,2.7147194899
7.34019298778,1.10916998353
7.81196724565,0.828674434171
4.71471646079,3.1025138326
3.39182812058,4.58541992662
8.8552317329,0.264223954554
7.38519809185,1.08164531013
7.7775010892,0.848585208408
5.49110602533,2.41608194471
4.92515206782,2.90588689933
2.908895427,5.27705133607
1.02755100134,9.96278588985
5.17984926221,2.67884517876
1.19945807485,9.26621955782
4.64390811321,3.17065453577
9.25926981199,0.0633175252817
7.84910475966,0.807318525943
6.57506428175,1.60485682792
5.12652083606,2.72544484418
3.7604417607,4.12086362002
1.52206870629,8.19361743074
3.48395568511,4.46474438445
4.78013298312,3.040465212
8.34361935564,0.532199796589
3.73925430964,4.14630625538
1.35436920475,8.71926594575
1.93476404911,7.11329533277
7.4530646699,1.04045435975
3.35171793855,4.63898692555
2.33405621407,6.26844417118
3.43614743989,4.5269633858
7.97185323224,0.737444153038
8.089972186,0.671213595758
4.99716333238,2.84052556279
8.35419027383,0.526498427534
8.48331667031,0.457431259751
5.79358497905,2.17462737896
4.05708099321,3.7789677183
3.97050675089,3.87609614762
4.69735124807,3.11912963992
3.40022038214,4.57429225393
5.445402982,2.45371719625
3.84564823317,4.01997197946
2.30522549653,6.32441170711
7.90840596337,0.773426007786
7.43639084457,1.05053951301
1.63288012031,7.87717351602
6.02508537777,1.9982005755
2.40045799046,6.14212809064
8.79319704721,0.2958799677
7.44783634019,1.04361428162
4.50636670373,3.30603560322
9.26402353793,0.0610063023665
7.85850017609,0.801931711627
1.38026166728,8.63399255892
6.97563396145,1.33855825566
1.49928947557,8.26151761582
1.71134670772,7.66582721852
4.69751212076,3.11897542806
6.10969402435,1.93540691658
7.99237235595,0.72586872438
6.87750302895,1.40235388861
2.67982113475,5.64639746493
4.43151224465,3.38146128624
8.13383665576,0.646864266006
5.48599172853,2.42027783686
2.52602306538,5.91253860125
3.46895812954,4.48417024188
5.05640659129,2.78745550576
6.69579962402,1.5229211419
7.41763231269,1.06191266569
8.53545190532,0.429842609669
3.48030268632,4.46946828322
3.41387516211,4.55624533952
7.17471365877,1.21184722931
8.72736087657,0.329721074939
5.36599907953,2.51986166417
1.62227334577,7.90651886615
9.17354276555,0.105202212323
6.86619606046,1.40976304107
3.71659471511,4.17367672542
6.86560201848,1.41015263809
3.94342437059,3.90691540368
2.76837211764,5.50000961962
6.69480672222,1.52358891965
6.14225874687,1.91146995734
3.55798076123,4.37007083742
5.29203134069,2.58236428805
3.56063657444,4.3667109263
4.55959883636,3.25315569628
4.00589167852,3.83614399253
1.71697824651,7.65103370339
6.97880495266,1.3365117707
4.55172789435,3.26093554389
4.16995679665,3.65539844151
6.7221921053,1.50520703945
7.41394525871,1.06415147986
1.85262882261,7.30863169185
1.71248214386,7.66284062188
6.15998188566,1.89849569692
5.03182086096,2.80940350809
5.72855694155,2.22545478286
7.90320080454,0.776390729177
6.80133949731,1.4524989424
3.05288201692,5.05950256261
5.82622868185,2.149326985
3.14083243268,4.93161102761
6.10862432035,1.93619537369
1.95888055234,7.05751392472
3.12396474326,4.95585900506
5.98575217041,2.02769320607
5.72885074897,2.2252238412
8.43826800828,0.4814067657
5.578631835,2.34487313269
2.64708995257,5.7017347182
1.85782080283,7.29602988952
9.32869264773,0.0296819800756
3.15775052819,4.90742104521
5.15632885823,2.69933845675
5.52977524498,2.38448269606
9.19495287451,0.0947050630221
3.37216201115,4.61160432497
9.29202989232,0.0474138698655
3.05060598451,5.06286091493
6.36681405095,1.74978457994
1.78262193022,7.48208636809
3.33202276014,4.66552488176
6.31950362599,1.78336987512
3.02667981774,5.09831706674
8.49676180981,0.450300240652
1.25272515391,9.07056040137
3.81239303877,4.05908041181
9.03351284252,0.174467490733
7.01892218635,1.3107010261
2.7126432744,5.5915810215
3.86631000885,3.99584350292
6.50114769886,1.65576534476
2.40854196486,6.12698911623
7.83676732215,0.814401934249
3.34670753959,4.6457232896
4.61085478282,3.20281909941
1.69908426878,7.69820859862
8.97400193697,0.204230048375
9.38812845902,0.00108346688778
7.56565742648,0.972937614761
2.05977175858,6.83136733619
7.47314331369,1.02833970512
3.04736183466,5.06765208635
4.96683904575,2.8679339828
8.12507988813,0.65171467271
5.01933810309,2.82058810966
7.37233981221,1.08949215305
9.27334717051,0.056476670137
2.03092997089,6.89486495617
1.7465270519,7.57419845524
9.08988857383,0.146453191118
9.00544323129,0.188481139773
3.66689563505,4.2342971658
5.71289794669,2.2377804033
3.27180073918,4.74765412046
5.94903527913,2.05539950236
3.56341584235,4.36319751318
2.74477396678,5.53855807801
1.31029391553,8.86824264938
1.07154327704,9.77401545779
7.6748115063,0.908435350761
9.37356822101,0.00807258436816
6.16237128276,1.89674939
4.14881265173,3.67828907772
8.31650752575,0.546855504443
2.33714937603,6.26248069303
5.88988646399,2.10039441393
2.28773134874,6.35871441588
7.77164904537,0.85197463961
3.20251994179,4.84402839857
5.82501361018,2.15026617953
9.06703646103,0.157787894967
2.16872675421,6.59926313777
2.09254055081,6.76029422458
7.91088077148,0.772017106632
6.55554535608,1.61824425842
4.26194453171,3.55714505461
8.84677189713,0.268527886833
3.4175959154,4.5513402993
4.27498663227,3.54338652597
5.79256115955,2.1754231906
7.23259675157,1.17566485675
6.21864955148,1.85581265938
8.97720826686,0.202621476895
7.38918459602,1.07921529611
2.46409146156,6.02431497159
2.07101823089,6.80684791775
5.46119902777,2.4406739675
5.62188615681,2.31009394393
9.20744275216,0.0885926910278
3.81723197977,4.05336861065
2.7376370798,5.55028174195
3.18093478011,4.87448118724
4.93239565165,2.89926914608
7.62338315235,0.938710756148
6.27460738832,1.81547468929
7.24956097286,1.16511548142
2.66326617901,5.67430124446
4.8449871107,2.97978264742
4.76488635591,3.05485065458
3.18928641864,4.86267408525
2.518979737,5.92511171071
5.82102164781,2.15335316257
1.8785057489,7.24617131092
7.11339559233,1.25049658382
1.27412972045,8.99427131472
6.53953371288,1.62925594609
5.94514479254,2.05834524851
6.99030052135,1.32910058234
9.23402511052,0.0756112109047
1.92303674716,7.14067231263
5.1116102012,2.73856085143
3.68983430438,4.20621628641
3.89768086312,3.95945454806
7.80418082768,0.833164882675
5.12075577987,2.73051149553
3.42779404171,4.53792351604
2.0384187815,6.87829145298
9.02593786621,0.178244974942
2.784896331,5.47321181002
1.26848236275,9.01427416086
6.24893867795,1.83393347933
3.25773627066,4.76705259141
5.75947196614,2.20121933697
6.192041446,1.87512098196
8.42308502927,0.489516200325
2.00931787767,6.94303963814
3.11958844304,4.96217150305
2.79025814215,5.46455055887
3.82857627119,4.04000634256
4.56619622783,3.24664499893
7.62154570546,0.939796219801
5.81135250507,2.16083908976
6.95002508719,1.35511981058
5.56241891815,2.35797886216
5.07602215195,2.77002084105
6.47862491042,1.67139255298
1.45590482975,8.39374064674
3.06388002795,5.04330987555
3.78511260692,4.09141802528
7.06397177124,1.28189215401
1.97357521022,7.02386094339
6.57292557868,1.60632175843
4.43137752662,3.38159817768
6.48285258666,1.66845508516
7.74691731743,0.866327191311
8.85567314717,0.263999498403
5.64136804207,2.29451659967
7.45681884917,1.03818675867
7.31089185434,1.12718111953
1.93100477672,7.12205311098
8.35947883377,0.523648777452
2.59369486614,5.79349312888
9.13662505071,0.123360252147
3.97079591963,3.87576821435
7.29310566022,1.13814937056
5.21790543968,2.64588318864
2.83658051388,5.3904089466
7.65739232444,0.918667084866
1.05774841199,9.83236188442
2.39455528483,6.15321441091
4.71541828993,3.10184357864
1.87848477259,7.24622159318
8.65885889426,0.365204547171
4.01601629411,3.82477748647
5.84390970549,2.13568248516
2.053374074,6.84537529823
7.47211908212,1.02895689742
3.47654426054,4.47433369342
2.22930213465,6.47521466353
7.61181968226,0.945546187311
7.6451977418,0.925843837517
4.52649159396,3.2859707988
4.11291430898,3.71742109031
5.23533399279,2.63086779479
9.21556672499,0.0846213808915
4.01635574526,3.82439689474
8.92387129749,0.229454912882
1.25498221713,9.06245465754
6.66242634557,1.54542084977
2.83681547447,5.39003597323
6.30959377405,1.79043664309
8.7836619643,0.300765469042
3.64198500209,4.2649917295
6.7544832304,1.4836282473
7.06181395662,1.28326786565
1.4870508166,8.29842581539
7.57343617177,0.968310230075
6.33915169209,1.76939144261
6.14288102129,1.91101378627
2.96014920272,5.19840194177
2.41717370604,6.11088032206
6.26801005088,1.82021172275
2.72104615568,5.57765395494
3.27732799173,4.74005345226
4.44093001121,3.37190188277
4.09983715898,3.73176114083
4.80605793982,3.01610960747
1.98471579964,6.99851388967
4.93302789423,2.89869198918
1.22378655689,9.17580086281
2.43096677571,6.08525833569
3.98323411982,3.86168516961
6.21478912259,1.85860887208
3.89427066002,3.96339603345
4.14018251205,3.68766560422
6.26604872055,1.82162096257
1.04438426222,9.88961682285
6.91735142106,1.3763390715
4.46200561981,3.35058255081
5.95744433984,2.04903901964
7.7206241001,0.881636259286
3.38872459859,4.58954199934
7.77343784381,0.85093831898
1.18652387418,9.31504009844
2.33701142774,6.26274648299
6.32522335998,1.77929614463
2.0460114505,6.86155014541
5.47410717991,2.43004333222
8.07248102861,0.680959840795
4.99941587474,2.83849625719
1.24733756515,9.08996792374
3.58413364221,4.33709312203
3.01693567425,5.11283728387
6.85538193526,1.41686067039
5.5291392334,2.38500063483
2.49146552431,5.97456680376
6.15377584997,1.90303458622
6.65054029143,1.55346145732
1.91302513064,7.16417651285
2.93155259713,5.24211417834
3.54863413855,4.38191537386
9.28468953642,0.0509724275283
8.62519070596,0.382747418678
2.9542364973,5.20740526067
4.02896975455,3.81027685976
3.07419348147,5.028177806
8.20048604337,0.610117143949
6.65681357292,1.54921595589
6.36718529674,1.74952202355
7.89083539091,0.783441579534
7.26840730675,1.15342460226
3.41891919904,4.54959711198
7.6017161674,0.951527111194
1.81315087074,7.40562257908
2.21466113331,6.50488536273
7.66856997867,0.912098846813
2.1403253043,6.65862273552
6.94984049777,1.35523940807
5.44098303829,2.45737364021
4.01628724813,3.82447369095
7.90672400838,0.774383791607
3.96262730434,3.88504107776
2.50239592637,5.95485500617
7.21353954078,1.18754533083
8.65085059441,0.369371095921
2.16051653661,6.61634239916
3.62913095172,4.28091254351
7.69104620843,0.898920246124
1.07614245866,9.75472971453
7.99103139008,0.726624293753
3.99830899269,3.84467560487
1.35379222664,8.72118466169
4.80958800694,3.01280339767
1.13896640808,9.49924052118
7.94050291728,0.755187431529
8.07034083724,0.682153826279
5.13797121466,2.71539849073
3.29468170795,4.7162729406
3.53821903212,4.39515075584
9.17066576806,0.106614640578
8.11076180565,0.659656785562
6.88537521841,1.3972026436
4.93219204145,2.899455032
6.3879624399,1.73485214182
9.14351958933,0.119963596729
7.03740298753,1.29886038713
7.40991451066,1.06660026259
2.81822428728,5.41964328078
8.10871494152,0.66079330814
5.25428005926,2.61460160223
6.85728182322,1.41561290753
2.9289361903,5.24613483836
5.39606724599,2.49470006143
8.69993234745,0.343895283818
3.90771819904,3.94787345702
3.48365952421,4.46512718227
5.67241549594,2.2698024823
8.8577707893,0.262933014557
2.30510808933,6.32464105158
3.53721942995,4.39642308571
3.8062982609,4.06628490587
6.49181355374,1.66223516731
5.68436202412,2.26032893465
4.7521865759,3.06686828788
1.85488711351,7.30314610871
1.73061920888,7.61540035653
7.58184160622,0.963315382968
5.05091726981,2.79234662687
5.93235205878,2.06804508682
5.27682614473,2.59532086173
8.38126274476,0.511929865367
9.06237412929,0.160103931396
2.19201376165,6.55116996213
4.21378628006,3.60831608002
2.78361209951,5.47528878052
5.81943328699,2.15458203021
3.9561442376,3.892414153
3.77107039377,4.10815432648
8.1070666567,0.661708727857
1.73760123283,7.59727021823
5.13317860811,2.71960070926
1.14079468177,9.49201818244
1.60662571178,7.95016276094
2.04506609014,6.86363121009
4.88109717616,2.94634635368
1.39038657875,8.60108181761
7.2899889619,1.14007410568
4.64533251384,3.16927358613
5.46955309492,2.43379102898
8.06725007352,0.683878682892
8.2575782054,0.578876112222
5.40225021973,2.48954341628
5.13745007468,2.71585524293
1.44204554578,8.43681106108
5.86405460046,2.12018683026
3.73646772626,4.14966320487
7.03855343595,1.29812432389
5.65433268808,2.28418009832
8.92560348178,0.228580946868
5.01802150395,2.82176940904
4.70006987025,3.11652428994
7.25958214811,1.15889530287
9.02587388183,0.178276896133
6.7640667046,1.4772438658
8.81810034531,0.283145180409
4.83528180564,2.98881181688
6.53930990285,1.62941005796
1.66772687801,7.78208882799
4.54464292498,3.267950029
5.74037889374,2.21617170231
5.27079157792,2.60047335763
1.22745322653,9.1623294793
7.74137273459,0.869551163681
2.58646050113,5.80607032416
8.24816595505,0.584011630716
2.94164975238,5.22663134683
4.69493577924,3.12144573284
6.69603735703,1.52276126886
3.98253352659,3.86247724076
1.3108223057,8.86642715734
5.01497041518,2.82450814576
4.12090127431,3.70868520971
5.12291528798,2.7286129321
7.20564235482,1.19247772389
9.13417859194,0.124566137838
6.59991077305,1.58787276182
9.00413904121,0.189133313267
1.38521559876,8.61785988867
9.30999029701,0.0387186207024
9.35320868587,0.0178636707383
3.13916409427,4.93400352043
5.29909260851,2.57635992993
9.09749252967,0.142687927972
5.49746178602,2.4108729684
1.69600969614,7.7063642559
2.62248036032,5.74379365221
1.50601338411,8.24136830634
7.84977813285,0.806932236394
8.04285197488,0.697517726346
5.5671264108,2.35416962385
6.71375276844,1.51086377734
8.80097090446,0.29190078623
7.78906617245,0.841894349373
1.67610151227,7.75953352496
6.9780395279,1.33700567312
8.77759623519,0.303876134378
8.15484260391,0.635250246591
5.02743843124,2.81332701909
9.12925023769,0.126996357335
4.54173788385,3.27082933124
4.18722924785,3.63678526859
7.60234680167,0.951153565449
7.32705844619,1.11723475729
1.26887060778,9.01289615546
1.98040904542,7.00829570102
2.25211601273,6.42936741373
4.1023994319,3.72894782171
6.97835808193,1.33680011452
9.349941048,0.0194370921792
6.22956180785,1.84791799616
4.26970403822,3.54895423893
5.0355454303,2.80607165301
3.47444770022,4.47705004812
4.94535302201,2.88745547053
2.4808779159,5.99374303678
1.22814547361,9.1597906726
6.16303135702,1.89626708966
4.54873814795,3.26389421453
3.74248915702,4.14241242616
1.76946095422,7.51545457602
6.14086472834,1.91249203906
6.76505361447,1.47658691352
5.52642792595,2.38720926824
7.66114192852,0.916462666097
3.12614631219,4.95271555104
6.68261686766,1.5317953078
7.75648222847,0.860770964826
8.92443066376,0.229172668532
1.66053961187,7.80153670498
9.32017203663,0.0337967377638
1.96503111017,7.04339760358
3.83497161816,4.03249080194
6.98218336279,1.33433244518
4.84885340323,2.97619074317
3.77676765573,4.10135650761
1.86493942073,7.27880894229
4.61955009172,3.19433530214
1.40103368229,8.56673122398
7.65898897205,0.91772827251
2.43057082386,6.08599182641
7.57637871291,0.966561023456
9.00142678714,0.190489906008
1.55209751567,8.10564421448
6.67154722399,1.53926053315
5.18563652832,2.67381701138
6.79867394833,1.45426405829
5.4216505635,2.4734016157
2.02287026421,6.91277032843
5.32739824751,2.55237104798
1.60937688237,7.94245856846
8.16710681293,0.628483288494
1.11477587878,9.59590873325
7.33933067383,1.10969901235
3.18296876496,4.87160279464
6.53758986256,1.6305946252
5.07680113639,2.76932985728
6.46510838888,1.68079696033
7.99588138494,0.723892156107
5.97759310275,2.03383526323
6.87313915784,1.40521197162
3.63418293622,4.27464852322
7.44405661192,1.04590007291
2.86335395861,5.34810669609
6.68780407793,1.5283013739
8.70164299786,0.343009967254
4.59582700571,3.21751911812
3.1708573068,4.88876952265
1.61543885322,7.92552941115
8.80926548147,0.287658939425
3.32505628606,4.67494931755
6.50397440972,1.65380788497
3.02880763482,5.09515252309
8.21773302881,0.600656663339
3.97619308179,3.8696519139
7.63506899183,0.931813514992
2.03936739728,6.87619641551
2.09498851076,6.75502953931
4.75496221437,3.06423899776
5.91278107364,2.08292495301
4.52665687428,3.28580638154
7.25926583358,1.15909150914
1.31193754885,8.86259770249
9.05865085271,0.16195434339
3.43555275629,4.5277427629
8.53398400548,0.430617077075
3.30085035517,4.70784995391
9.13887986512,0.122249115915
7.51362869473,1.00401110743
3.01503505861,5.11567494791
2.46310459449,6.02611875632
6.23959719914,1.84066991362
9.00890801276,0.186748999271
6.34602261308,1.76451341282
8.02537910983,0.70731086976
1.91536885143,7.15866316756
1.93947946445,7.10233410655
8.33782380667,0.535328661885
2.73964518584,5.54697996729
1.83517730585,7.35124980601
4.99310217925,2.8441865503
7.75953614966,0.858998394659
5.52626136565,2.38734498373
3.13985202129,4.93301683967
4.22936004176,3.59170432218
2.5440432338,5.88052954089
8.57488167375,0.409089059063
5.36582618938,2.52000674918
5.28579676323,2.58767235583
6.94124645002,1.36081110491
6.8429799667,1.42501424404
1.08036581016,9.73709239654
6.65486331962,1.55053537918
8.41643025894,0.493075211871
3.87746672399,3.98286843286
3.62979640781,4.2800869375
2.77884701789,5.48300366643
4.6889385393,3.12720139363
5.9869585225,2.02678578787
4.96714868996,2.86765326805
2.90995204318,5.27541600314
1.47145191124,8.3459103366
2.61256257061,5.76085530332
1.1248730678,9.55530655176
3.37812152441,4.60365345268
4.8263130028,2.99717192072
3.47120415404,4.48125569684
1.20623097127,9.24086465322
7.08419502846,1.26901923255
2.78027678069,5.48068742649
2.38786941443,6.16580470822
6.36220121043,1.75304819961
2.81692707323,5.42171643665
2.94988679162,5.21404010017
6.79935666958,1.45381189709
6.92809906952,1.36934818359
7.50666069387,1.00818898603
7.43890896199,1.04901498241
5.39773131162,2.49331163768
4.6231554195,3.19082235553
2.80344316401,5.44332259812
2.52818390486,5.90868829388
3.45700177515,4.49971718919
3.51241465193,4.42811120408
1.30426702779,8.88900234549
8.91473071459,0.234069565388
1.9436766806,7.09259985555
4.37791530546,3.43625409313
7.56063024611,0.97593069264
1.88810413333,7.22322175277
2.94014965399,5.22892821165
5.1966680909,2.66424795047
6.46746186749,1.67915806467
8.36896132281,0.518543811632
3.57016876043,4.35467221291
9.34649225441,0.0210983396522
8.98725606356,0.197584354516
4.74990375057,3.0690319001
5.75221292841,2.20689826163
7.57557667325,0.967037732128
3.79657054837,4.07780774126
4.8303538513,2.99340339716
5.12630582627,2.72563370441
3.8503665335,4.01445062494
1.12084118825,9.57147541206
7.04411400448,1.29456833672
2.08489076881,6.77678595075
6.46361527907,1.68183702893
9.01453668003,0.183936491815
4.74366503212,3.07495013008
1.11998866525,9.57490169432
8.31710282252,0.5465331951
7.7231007175,0.88019204127
7.33539422617,1.11211480922
2.99163006361,5.15076655193
2.12899588529,6.68252151485
5.3735369253,2.51354063652
6.88849566361,1.39516237921
1.98181251883,7.0051056962
7.25343901973,1.16270734488
6.85514011918,1.41701950937
7.30473346677,1.13097580279
3.90061713357,3.9560635922
7.60143383859,0.951694354029
5.94134140839,2.06122690763
8.0368431078,0.700883157398
5.4002649701,2.49119848538
1.07988835434,9.73908286013
8.42636129789,0.487765064784
8.3270624317,0.541144219476
8.38966778813,0.507416414444
4.71857323061,3.09883180989
7.45127323535,1.04153682546
7.0716649159,1.27699081822
8.14114791652,0.642818529387
6.83625832885,1.42943950738
4.00352555453,3.83880448775
7.66616870152,0.913509082829
7.26332903703,1.15657180095
2.59056090959,5.79893730911
7.19354091045,1.20004649446
2.05355011775,6.84498926047
5.54205657044,2.37449301028
4.75869463674,3.0607057897
4.51246285054,3.29994821228
4.32625025406,3.4897106168
5.05800178002,2.78603514887
1.52305972846,8.19068651277
3.91677982527,3.93744366272
9.15125978022,0.116153373582
2.14280815023,6.65340221144
9.15936800773,0.112165433638
7.51396487525,1.00380963808
7.38507227707,1.08172202315
3.46568707416,4.48841829141
5.71808906573,2.23369059289
8.68783120497,0.350162989692
5.42032401425,2.4745035124
5.19634709236,2.6645261058
7.60430363082,0.949994667381
5.49519696809,2.41272844911
6.96257981723,1.34699291023
2.82703547267,5.40558679844
7.61006328628,0.94658534139
7.19772591736,1.1974275695
7.57263351556,0.968787490596
3.29481833429,4.71608621329
4.3575175952,3.45728333738
6.87593840916,1.40337841542
8.45264874071,0.473739265799
5.77628230354,2.18809562679
3.72443028386,4.16419333103
8.10133930484,0.664891015755
2.77380292387,5.49118471343
3.70825783866,4.18378883119
1.07852724851,9.74476200267
2.28457490656,6.36493152491
3.23982620666,4.79187670004
4.60774779686,3.2058543888
2.48771792673,5.98134510388
5.05939499477,2.78479499614
7.46411193555,1.03378484657
6.5466687199,1.62434566106
8.41343901242,0.494675865482
8.60447204716,0.393576982385
8.22042575267,0.599181417015
4.21628771198,3.60564379238
8.34237819693,0.532869682791
2.6458572492,5.70383214551
2.65274805646,5.69212004835
2.14788590067,6.64274435427
7.21595081765,1.18604038114
7.42677681628,1.05636483545
8.55758171058,0.418182984804
7.69583870447,0.896115219674
1.89475742674,7.20738221276
8.60163624998,0.395061271177
7.40095708689,1.07204689978
4.9247271343,2.90627542165
2.0933797232,6.7584887718
5.99065486809,2.02400653424
1.88902657053,7.22102237064
1.38214325396,8.62785828949
7.27968551444,1.14644292127
4.05256133015,3.78398686967
2.25354852903,6.42650411525
1.10815820519,9.622719296
3.52442137528,4.41274475985
2.96957413071,5.18408765
1.83889794532,7.34212979044
3.88833533718,3.9702642705
3.94073197711,3.90999085749
6.58472373426,1.59824639982
9.17551081899,0.104236274639
7.77627873143,0.8492929721
8.73435796425,0.326112329583
4.04626681459,3.79098635496
2.50270470399,5.95429941044
4.01405069116,3.82698194801
2.89270794571,5.3021793556
5.54102114627,2.37533437406
5.42858132013,2.46764897065
3.11378488867,4.97055638464
6.76973075957,1.47347480015
5.95439562737,2.0513439803
3.69511685751,4.19977426431
8.43453340876,0.483400111926
7.56705233801,0.972107466134
6.15596940293,1.9014297713
5.23102518815,2.63457534536
8.76398640801,0.310863441186
3.28470195172,4.72993326283
3.37057845381,4.61371938767
2.33874743387,6.25940280029
6.39130958307,1.73249332576
8.59675573657,0.397616934076
2.50734617817,5.94595607286
3.15270579755,4.9146205595
7.96306328636,0.742411932893
5.44922275013,2.45055964366
8.29643348517,0.557737646118
4.92905752259,2.90231765951
4.31920212163,3.49705258195
7.17764362225,1.2100087241
9.25254843553,0.0665874296519
7.78171478304,0.846146268103
3.94458946119,3.90558520066
7.10944013098,1.25300117504
7.10627906605,1.25500375781
6.69221104291,1.52533511606
3.3172353211,4.6855532876
1.42131763843,8.50200579209
4.26939922606,3.54927571297
8.56747465103,0.412980398141
8.70796223139,0.339741069094
1.12256719389,9.564546583
7.05777012573,1.28584713669
5.91223852793,2.08333815305
6.66340671902,1.54475829305
3.60860962882,4.30644716323
7.12057780183,1.24595237955
3.41701349024,4.55210775324
3.04070381523,5.07750107856
5.15222921476,2.702920032
8.40858120283,0.49727655339
5.7696834293,2.19324276138
2.74780378734,5.53359024914
5.21836920241,2.64548298942
4.54431512704,3.26827483049
5.37830489902,2.50954692304
7.50336036333,1.01016915401
2.84705968854,5.37380440527
8.55104813083,0.421622220004
7.55804116217,0.977472955489
1.80348400666,7.42969434047
1.33399996109,8.78750298862
8.8134273978,0.285532039919
3.90000878157,3.95676593863
8.99606609265,0.193172376472
4.86086193287,2.96505268587
8.97290213549,0.204781935991
3.47412452268,4.47746891063
3.8636893051,3.99889676709
4.24072732014,3.5796179836
6.28059005724,1.81118330561
2.77735911635,5.48541535789
9.20877732556,0.0879400597882
1.31497090983,8.85219837538
7.91332628142,0.77062531773
7.23664012155,1.17314820133
2.68592716328,5.63614909933
2.97299578817,5.1789021795
2.81533847841,5.42425656651
6.22108335348,1.85405068299
5.54463501057,2.3723985073
7.0293946642,1.30398749312
5.10053562695,2.74832728704
7.86889463119,0.795979602416
6.22443815003,1.8516230726
2.33403903823,6.2684773075
1.10085819101,9.65248061911
5.29585010223,2.57911611336
8.17325188487,0.625096474888
2.94642039695,5.21933458668
3.80242262199,4.0708722105
1.70368199929,7.68604008461
5.9535586871,2.05197695039
7.45740619737,1.03783209162
4.18675700536,3.63729314578
6.16073158724,1.89794769957
7.39417331667,1.07617621704
3.16161781258,4.90190969022
3.31171756108,4.69304953423
3.31829287365,4.68411795566
2.92357463543,5.25438522954
7.75251583718,0.863074196973
4.12477397349,3.70445547179
5.40540834004,2.48691179762
1.47893182358,8.32307829097
5.61973020372,2.31182111933
5.4152195683,2.47874603172
6.99213309517,1.32792024918
2.88330997387,5.31683253546
1.67930284184,7.75094118318
3.53389811934,4.40065315379
6.3923137879,1.73178587824
3.68584372108,4.21108888194
3.12384466591,4.95603208998
4.26628388792,3.55256266085
3.84187875639,4.02438789077
6.91963338605,1.37485384254
5.27242570893,2.59907750488
6.17364859667,1.88851641836
2.00906694651,6.94360201695
4.44933984771,3.36338268642
7.76518841671,0.855719521045
1.89749450655,7.20088216952
6.8388695498,1.42771986507
5.39413735889,2.49631081135
5.35807139206,2.52651918954
4.60461895997,3.20891309393
6.21238527164,1.86035092377
3.64528080865,4.26091864873
4.65598671992,3.15895779305
5.0032656978,2.83503008418
3.02141449048,5.10615736915
6.11906521525,1.92850549806
5.05394018803,2.78965247477
6.54863255983,1.62299509297
6.43460522128,1.70209264323
9.02801229132,0.177210186872
3.01905550557,5.10967443373
8.03368349847,0.702653792928
1.36566379482,8.6818699858
9.00555955863,0.188422973692
2.51489567053,5.93241832739
1.8336202985,7.35507182486
2.55501852433,5.86114514307
7.82640697205,0.820358838282
2.4505307804,6.04916451164
6.83216755168,1.43213484531
7.83225286014,0.816996651647
5.249458589,2.61873551687
3.25211178254,4.7748336404
9.30515223417,0.0410592413851
5.3921469783,2.49797265499
1.81803161956,7.39351758634
6.41595360798,1.71516399743
5.49082770315,2.41631018635
1.33073174222,8.79854844722
9.19107577505,0.096604150216
2.03431014841,6.88737672409
1.56775249295,8.06045359851
2.02351012451,6.91134621576
3.45021029851,4.50857216646
3.03346181348,5.08823845282
6.37666486119,1.74282296618
9.07495195239,0.153858561284
3.85939722954,4.00390174761
7.51807069212,1.00134979343
2.16622206911,6.60446663221
2.84950727362,5.36993494399
4.97569888016,2.85990881072
3.4228827542,4.54437987762
2.56168196442,5.84941685469
3.27494587366,4.74332759155
2.0243824773,6.90940537872
7.40467526174,1.06978523233
2.77969668243,5.48162705187
9.34121914531,0.0236395261504
1.63617623373,7.86809309937
4.28302026881,3.53493246132
3.1210849826,4.96001185668
7.27312698585,1.15050160678
3.78385064336,4.09291956322
6.71784234936,1.50812171631
8.19668547496,0.612204543142
6.99126518676,1.32847921733
5.36632115982,2.51959139506
8.48796720336,0.454963437151
3.05427939255,5.05744193429
8.47390603344,0.462429190403
2.00519368124,6.95229157524
5.82736043398,2.14845236882
5.79789473107,2.1712789637
8.96329144973,0.209607521612
3.55505576132,4.37377420425
8.77038195014,0.307578609306
3.26713492138,4.75408020855
2.78772353237,5.468642788
7.82652159282,0.820292891499
1.56597818185,8.06555270448
8.07078040717,0.681908569979
5.65854181406,2.28082932642
6.80735677171,1.44851686944
9.04714195925,0.167678901544
2.72098524948,5.57775474701
4.27688558053,3.5413867662
9.04881380597,0.166846868027
7.91783392109,0.768061056005
7.5148561936,1.00327552425
7.0721610435,1.27667491622
4.27667195975,3.54161168337
4.63000375028,3.18415704074
6.2618138333,1.82466528592
4.220694997,3.60093933101
7.31518422021,1.12453813387
3.33142935894,4.66632688299
7.00868978795,1.3172703347
4.01909279831,3.82132929284
5.53046302972,2.38392266264
2.15549398855,6.62682255381
3.53648292275,4.39736076885
4.19302290718,3.63055908637
6.28091639165,1.8109493427
8.07900543834,0.677321908248
2.54232114425,5.88357865843
9.0499360399,0.166288448356
8.90184652565,0.240582230922
8.4588266161,0.470449359299
4.39663095323,3.41704500525
6.89208402293,1.39281731717
4.64924439926,3.16548320907
4.25194885996,3.56771833787
5.62750545209,2.3055953298
3.31210647493,4.69252075971
5.12284823124,2.72867187398
1.75733933315,7.54640791015
2.56894145745,5.83667412905
5.2438196396,2.62357515557
4.94032303137,2.89203780441
6.12662018708,1.92294932587
2.15429461572,6.62932880236
2.08705544856,6.77211311106
5.0955642815,2.75271831077
2.24387566548,6.44587358665
8.64406971303,0.372902061578
8.70657509275,0.340458423581
5.43307281278,2.46392487661
4.33715533281,3.47837444868
6.33630271571,1.77141563229
5.50089783508,2.40805940087
3.36942143243,4.6152653802
3.55882690769,4.36900009205
5.98002081706,2.03200683067
7.85684479199,0.802880350142
4.75145596529,3.06756063162
5.0643209467,2.78041295811
1.66976351031,7.77659318457
3.35679095529,4.63217662517
1.05005395126,9.86523766847
9.09696273853,0.142950163494
4.43195942005,3.38100692641
8.20178106169,0.60940609758
1.62747073765,7.89211554773
9.26999269485,0.0581058257949
2.13485652762,6.67014298076
7.38213963984,1.08351050992
3.4204059635,4.54763937287
2.21406385143,6.50609994382
1.15433168946,9.43889953617
5.96937658298,2.04002904788
6.21538862511,1.85817452234
1.35287222779,8.72424577053
2.62983539151,5.73118235195
8.65128981007,0.369142481365
7.22131808713,1.18269231318
7.4706509587,1.02984172234
5.97754641015,2.03387043704
1.91622003852,7.15666251343
8.01889794669,0.710948836412
4.31328535294,3.50322527373
2.74378743113,5.54017682939
7.79023972545,0.841215957723
3.16916510474,4.89117326175
5.6786949387,2.26482042531
1.37045843973,8.66608852184
8.52491286073,0.435405991582
8.50006494723,0.448550052705
6.87201780526,1.40594668572
8.72666959019,0.33007776266
3.56778108764,4.35768471408
1.76597436657,7.52433602288
4.35650060963,3.45833438458
4.04717978599,3.78997045825
1.91093239588,7.16910515243
4.23189157878,3.5890098384
5.62628618855,2.30657104845
7.21810373814,1.18469710426
3.1348739443,4.94016168491
3.63921175661,4.26842186642
4.29676546347,3.52050464138
3.73945591748,4.14606347891
5.43184883614,2.4649394242
6.22304771041,1.8526290689
2.7561024334,5.5200114165
7.21234101484,1.18829355373
8.29425105383,0.55892232917
5.85148484829,2.12984935192
5.01030146292,2.82870234633
4.33260308549,3.48310318157
8.8981031984,0.242476165251
4.11581553562,3.71424586345
2.83080407462,5.39958811983
3.84570224741,4.01990873367
2.71860002472,5.58170376795
3.07210003982,5.0312452276
3.26694676381,4.75433954468
7.90551971202,0.775069699444
8.39863621445,0.502605414515
3.92418208472,3.92894166513
8.43954367537,0.48072607925
6.25550672891,1.82920307778
8.29985692288,0.555879938764
5.94839881755,2.05588127793
9.29899906143,0.0440378617198
3.97481375368,3.87121423879
4.65727484009,3.15771218769
1.26337329238,9.03244727777
4.16277517369,3.66316021894
6.76287436313,1.47803769477
9.35120735689,0.0188272783486
8.88708745711,0.248054199134
6.71832527798,1.50779802322
4.98918610169,2.84771957838
1.91767185607,7.15325217018
5.84912214468,2.13166790821
1.76020896811,7.53906086732
6.70111687962,1.51934669706
8.42293956363,0.489593966168
8.55773836831,0.418100553399
1.34184948923,8.76108443662
3.88722890329,3.97154577296
8.22481205687,0.596779353486
8.27819317569,0.567648578491
8.0525355938,0.692099436995
2.92128513192,5.2579129416
8.14727664046,0.639429956052
8.47963075505,0.459388165584
4.84452183526,2.98021509578
5.94523440536,2.058277375
2.26615897228,6.40137674502
2.79840564962,5.45142121628
8.47377129187,0.462500791111
6.78510999972,1.46325678518
2.23986987743,6.45391945671
8.63975533872,0.375150100669
1.49268407683,8.28139997357
5.2449546749,2.62260059122
5.81326170742,2.15935998374
6.06675114703,1.96716821971
2.55074101052,5.86869010504
9.03825147368,0.17210604347
1.20385353218,9.24974854296
5.94307403327,2.05991394425
3.67008563404,4.23038155919
5.02860949349,2.81227825324
3.69433159068,4.20073130659
2.93323252302,5.23953450971
5.81827885859,2.1554753877
5.84651844215,2.13367281066
7.66656779421,0.913274670745
2.50805402199,5.94468503718
4.71086778374,3.10619113296
7.22447043345,1.18072705973
4.68964352184,3.1265244273
4.469515638,3.34301001135
3.30135283405,4.707164537
8.54821251585,0.423115687669
2.00407879338,6.95479590501
3.64251098851,4.26434144873
3.24660793946,4.7824608245
8.00753416459,0.717334587873
7.79118346693,0.84067048654
1.62961430262,7.88618856714
5.54019739634,2.37600384813
8.18304931784,0.619701950722
3.40196607024,4.57198101939
4.88023988569,2.94713729558
2.22795179664,6.47794301942
8.41945486524,0.491457285358
3.89271250358,3.9651980871
7.83168773868,0.81732156433
2.89607677566,5.29693831373
1.73964955846,7.59196517505
2.51313306796,5.93557538536
7.68573254198,0.902032355349
7.5570438246,0.978067189457
4.71617554189,3.1011205072
1.47526352796,8.33426110827
1.40731603924,8.54658479702
1.24565540525,9.09604468504
4.46868317003,3.34384878236
8.02847875487,0.705572034475
1.14526716506,9.47439894147
8.96170271735,0.210405732443
7.70929491957,0.888248685184
7.38982368809,1.078825853
6.99309755646,1.32729917846
4.88084469066,2.94657928405
5.6415031904,2.29440872563
4.11544868445,3.71464723746
8.08334256519,0.67490520364
5.19284985301,2.66755768754
4.40149410465,3.41206702012
1.06505372254,9.8013693729
1.79800135892,7.44340426026
4.08214282491,3.7512372579
2.25325696533,6.42708674215
5.84087669484,2.13802013284
5.91693620194,2.07976168506
4.05493606398,3.78134899582
2.00630472378,6.9497972679
7.66244854742,0.915694749085
2.71043206976,5.59525307681
4.7157789551,3.10149917854
9.15899094206,0.11235081084
8.88356612452,0.249838752499
1.65353280784,7.82057747526
3.09828929299,4.99302097135
4.99069583175,2.84635719358
6.02574560373,1.99770717283
5.74983094327,2.20876330925
2.8104070327,5.43215098554
3.34845750505,4.64336935665
7.47795501884,1.02544134854
4.54764465204,3.26497683025
7.45735638145,1.03786217161
3.56691985929,4.35877181143
5.4996160106,2.40910880188
2.38685554192,6.16771702962
2.35131337269,6.23527357401
6.52230525567,1.64113462668
4.27355808629,3.54489149626
3.32643465018,4.67308306312
8.00221829116,0.720324895861
2.80467842054,5.44133894543
3.70690570247,4.18543102949
3.68580083221,4.21114127889
5.72905358895,2.22506440966
3.89491419852,3.96265197266
4.55400385579,3.25868454154
1.11702674013,9.58682594901
4.16736828717,3.65819451723
7.85608550661,0.803315534968
9.27280379968,0.0567405270162
3.20145143387,4.84553103619
2.66495895785,5.67144007515
9.3543657659,0.0173066494331
5.74350860086,2.21371732872
7.9613317814,0.743391167351
3.23373176568,4.80035515763
8.46562687218,0.466830793059
6.96401785119,1.34606298078
6.7864535877,1.4623652015
2.81442767,5.42571357663
4.46700799355,3.34553711615
5.35243300427,2.53126020038
4.58492671743,3.22821177769
7.58230349356,0.96304107147
3.62637908953,4.28432828223
5.89077948907,2.09971172997
5.56000714924,2.35993168146
7.71002789394,0.887820581096
3.88272606314,3.97676485312
2.04758702831,6.85808389031
3.13512053896,4.93980748993
4.74026999956,3.07817402799
5.0757467849,2.77026512568
7.32412817224,1.11903595472
7.68122845683,0.904671994158
1.68001713354,7.74902626543
8.2193432742,0.599774409854
3.70120881751,4.1923566029
7.24068147357,1.17063420661
1.02841164749,9.95901594217
6.31305280917,1.78796872666
9.03049667711,0.175971210456
1.1685508736,9.38377071088
2.81081428866,5.43149851237
2.91899495337,5.26144446087
5.47674480886,2.42787417171
8.60130801391,0.395233105301
4.37387547667,3.44041120731
5.196284879,2.66458001762
4.64257238346,3.17194990429
4.68933864045,3.12681718013
6.25366098702,1.83053190478
6.61562055165,1.57716714906
6.63646857602,1.5629992059
3.16528335669,4.89669205952
8.36106716182,0.522793286063
5.70856087582,2.24120020442
5.97139761385,2.03850476224
3.6609968006,4.24154675011
4.99326182961,2.84404257487
1.83673060871,7.3474401104
1.25575039612,9.05969923715
3.77008791263,4.10932763454
2.03035283898,6.89614474332
9.34640561022,0.0211400831358
2.18178899802,6.57222329045
1.84116065259,7.33659247093
8.24472159994,0.585892406907
8.26453052627,0.575086539487
1.92164690674,7.1439279066
7.1820582408,1.20724003836
9.01353879504,0.184434982464
1.46730280135,8.35862537794
3.36643879864,4.61925317483
9.05831518077,0.162121204629
1.05782974809,9.83201564207
3.77297050343,4.10588602627
1.98083942677,7.00731723161
8.00666629328,0.717822650962
2.20715783509,6.52016726986
2.50623741361,5.94794774098
2.60248159722,5.77826418639
6.36430208068,1.75156152464
3.28535406037,4.72903938786
1.90637500637,7.17985704979
6.71554833678,1.50965964445
8.32972023408,0.539707217188
9.1048712323,0.139037211274
3.19647158683,4.8525407933
6.89221582155,1.39273120748
8.17465774129,0.624322004829
6.69750226237,1.52177626012
7.29280722349,1.13833363629
7.51167363437,1.00518293266
1.98058855124,7.00788756978
3.43553900659,4.52776078451
9.19951772195,0.0924701281445
6.85212164781,1.4190026899
7.46938507383,1.0306047995
2.39045903839,6.16092395739
4.87295908099,2.9538602206
8.41574656848,0.493441013073
7.94826767326,0.750786309187
4.55007660829,3.26256942595
4.89646072921,2.93219534118
6.63883152859,1.56139619473
9.0648071556,0.158895164887
3.70112777466,4.19245520173
3.00200209545,5.13518179337
3.75054689387,4.13272783449
8.81123601479,0.286651795799
9.1437145491,0.119867585312
2.96399014473,5.1925629423
8.41314556299,0.494832924613
1.23996257748,9.11667093667
1.41654895399,8.51713906652
7.08088454512,1.27112397173
2.26023262783,6.4131680237
7.12749171688,1.24158225377
7.44205233005,1.04711263363
9.13871646506,0.12232962762
3.31694303311,4.68595006755
2.17992428189,6.57607347486
3.60386641009,4.31236979485
6.76897511418,1.47397745141
8.12187582316,0.653490722805
2.29216110535,6.35000376494
8.82639570266,0.27891117155
6.38058346572,1.74005665947
3.82945755976,4.03896994413
4.31720584761,3.49913425684
1.28249020774,8.96482080211
4.37276207525,3.44155760825
1.89121989544,7.21579709997
6.60458959583,1.58468166097
4.30873910475,3.50797392001
6.64707896305,1.55580565811
8.73147401606,0.327599374445
2.64266577744,5.70926693277
6.35673721981,1.75691707726
4.86492807638,2.96128752333
5.58552442434,2.33931303475
2.85400624987,5.36283103802
2.61312343684,5.75988871428
5.71071153285,2.23950407644
7.56391045013,0.973977502343
5.23334371528,2.63257996801
6.83113812382,1.43281337058
1.66665691094,7.78497871412
3.5385866018,4.39468299021
4.87479002743,2.95216862249
6.50287651823,1.6545680592
7.47020121135,1.03011281586
4.96139111466,2.87287578891
5.26357507068,2.60664278108
5.9124365602,2.08318732829
6.29066614738,1.80396493213
2.07977639573,6.78784552006
7.24048332122,1.17075743808
8.83914800771,0.272410059531
5.26082064946,2.60899977838
3.72618947492,4.16206692348
3.40640938901,4.5661035561
4.76134565955,3.05819794535
1.47629060576,8.33112725618
2.24956499857,6.43447086635
1.71086899298,7.66708436866
2.72906575922,5.56440219128
2.70495227787,5.6043660652
8.31502265459,0.547659553329
6.77748386448,1.46832071504
3.25800116252,4.7666864651
4.22791052259,3.59324786838
6.62980795342,1.56752080139
3.13848041233,4.93498432681
7.58061717288,0.964042645822
8.27016711391,0.572016486207
6.88405828078,1.39806398442
3.55017208714,4.379964261
7.31954156348,1.12185672471
3.93789669053,3.9132318068
2.59143098507,5.79742518967
3.46766494997,4.48584918751
9.051966722,0.165278164052
6.42805269172,1.70668044027
7.20417311026,1.19339597521
1.13724313984,9.50605867221
6.18916572127,1.87721273409
1.22372092114,9.17604237682
7.42336966821,1.05843110115
5.02768197172,2.81310889191
1.43960762892,8.44443015232
8.56611568609,0.413694706551
2.31604647779,6.30332388159
6.01918549683,2.00261209961
4.73669608017,3.08157029117
7.15966262181,1.22130336447
6.45012479406,1.69124512125
6.21318554901,1.85977089428
6.39637627815,1.72892504744
7.22683220262,1.17925523415
2.08849920051,6.76899921352
4.8291043005,2.99456840016
4.55729422985,3.25543223909
4.35813092959,3.45664957932
4.58503647195,3.22810398713
1.44021362496,8.44253506096
1.56466774033,8.06932242894
3.13697196763,4.9371490893
2.64661834336,5.7025370392
5.44654169221,2.4527756673
7.48312672536,1.02232822194
3.47193403514,4.48030897544
5.83148398402,2.14526713242
4.16589222712,3.65978971656
4.44779301427,3.36494842543
6.84678143267,1.42251343155
3.04729998212,5.06774348375
5.13175628249,2.72084857748
2.8583588605,5.3559688939
2.52158032518,5.92046528799
1.40769826724,8.54536196225
1.08186181949,9.7308613808
1.2056905317,9.24288260076
8.86294806189,0.260301864618
1.88997245901,7.21876818825
6.16105846325,1.89770878913
3.91727522925,3.93687415612
5.64237693178,2.2937113764
9.35162932101,0.0186240922797
9.12755173542,0.127834209349
5.11286544863,2.73745521029
6.58439861715,1.59846873536
4.83336318192,2.99059892196
4.22870235695,3.59240460395
1.88169517168,7.2385324776
3.42193595586,4.54562560046
2.13402744135,6.67189206718
4.80613737902,3.01603517916
1.74397261248,7.58078919213
2.36581029638,6.20759613851
3.65391621923,4.25026412608
9.38277027385,0.00365420924432
6.01834458061,2.00324123083
7.2868666136,1.14200315527
1.76714823897,7.52134384029
7.5281382718,0.995323865393
6.74060684821,1.49288857825
3.84923695778,4.01577183807
3.87861553299,3.98153450815
4.96391020835,2.87059005054
8.71399110088,0.336624584794
1.71984887961,7.64351148407
4.9468683635,2.88607590423
7.65578215547,0.919614045905
7.43173664634,1.05335863912
3.79462296479,4.08011827301
5.12652960134,2.7254371451
3.89297985415,3.96488883707
7.2523405449,1.16338933005
2.11183569297,6.71896327838
2.94401133721,5.22301779563
4.52783320434,3.28463636746
6.53021743286,1.63567544572
4.1484075069,3.67872882542
2.88945835757,5.30724067422
3.27194356808,4.74745755118
8.65762411674,0.36584672442
3.87220357445,3.98898472808
6.57237919806,1.60669608489
1.7714174251,7.51047848504
3.95559250037,3.89304219162
5.68476683903,2.26000826697
9.08220707687,0.150260049879
3.8133849886,4.05790894109
6.36071827496,1.75409789035
1.40928577771,8.54028670399
6.28210681831,1.81009597859
3.466965465,4.48675759552
7.42388638774,1.05811767547
8.96538052444,0.20855814413
1.30963400418,8.87051106253
2.23310125543,6.46754740216
2.45501354777,6.04093479263
5.25254227645,2.6160911348
2.13820923196,6.66307685018
6.08160173275,1.95615910771
4.92821316263,2.90308909008
4.0284661956,3.81083969249
2.18564247388,6.56427721754
1.61760181366,7.91950432359
1.40338027947,8.55919554455
6.42144533079,1.7113113658
2.04386455529,6.86627759205
3.88900984134,3.96948321994
5.56010104532,2.35985563758
8.58721390666,0.402617672151
6.92396885387,1.37203342922
5.53413805051,2.38093143171
5.690924021,2.25513376624
4.1575876926,3.6687750954
9.38699347118,0.0016278872176
7.53787363134,0.989504446241
2.5728067225,5.82990403896
8.68382939095,0.352237623561
3.87083039622,3.99058186312
3.79176941434,4.08350574853
4.62143172677,3.19250153928
2.82261148489,5.41263890047
2.62855278369,5.73337903369
1.39961717811,8.5712861866
9.13562192651,0.123854663734
1.10163401796,9.64930830347
4.77049216063,3.04955614222
2.27056206741,6.39263612948
3.21764137566,4.82281678403
5.76454285967,2.19725649639
3.87980043274,3.98015909098
7.28250625497,1.14469845616
3.86277565637,3.99996170504
5.24922723964,2.6189339706
3.36549816631,4.62051153729
5.18970519871,2.67028537476
3.94064440612,3.91009092292
2.02219615299,6.91427115944
7.60717508163,0.948294640293
4.6442801321,3.17029382436
2.96321150667,5.19374601605
9.05646497295,0.163041046841
7.9913986402,0.72641735348
2.87359637995,5.33202810843
