r,v
2.17568640906,1.11148779067
3.80782330415,0.63507381694
1.84530929375,1.31048431187
4.86658200577,0.496909099063
3.34140033145,0.723723181936
2.42867212233,0.995708254631
1.85076336977,1.30662240214
4.22090311119,0.572922148719
1.21628106991,1.98823194722
3.2381541822,0.7467985599
1.38782238503,1.74247721185
3.58464576417,0.674613068932
2.30770934857,1.04790010991
3.26527175647,0.740596513967
4.16736412919,0.580282597112
3.37868892413,0.715735876935
2.84626878546,0.849620700741
2.35483575776,1.02692889389
4.54363964817,0.532227259918
1.48021536247,1.63371421572
1.56269516829,1.54748599027
4.07183001284,0.5938973072
4.14329295778,0.583653848434
2.66267700833,0.908202111047
1.98444705901,1.21860085358
2.86539751195,0.843948830804
2.03014386934,1.19117118571
4.57757169255,0.528282033012
4.51751585842,0.535305011823
3.30767284372,0.731102800747
4.03392793002,0.599477462649
4.29005448177,0.563687218956
2.04815168054,1.18069814017
1.53247677847,1.57800034165
4.81878514111,0.501837871826
3.2564869736,0.74259436614
3.30734068458,0.731176226046
4.89293628746,0.494232652527
1.74533777911,1.38554777702
1.11454520851,2.16971807113
1.76645705162,1.36898255057
3.45538951533,0.699848416299
1.81493542476,1.33241593448
4.3000854873,0.562372280072
4.694783226,0.515092766501
1.56766357102,1.54258153644
3.07302746302,0.786927194468
2.24191631916,1.07865260596
1.46276964351,1.65319870475
3.26152093121,0.74144821726
4.04993063887,0.597108715095
1.58104111046,1.52952941198
2.87638246879,0.840725774907
4.31005406908,0.561071587791
1.38356969787,1.74783307535
1.56443280539,1.54576717623
3.8384558103,0.630005658398
2.10066326219,1.15118349691
1.32537267963,1.82458029893
4.50997273393,0.536200332611
2.62024117599,0.92291080003
4.91536088727,0.491977890426
3.68451327685,0.656327905017
4.24198798154,0.570074429848
3.19411006366,0.757096290297
1.44124518965,1.6778886045
1.28650137834,1.8797095135
2.30062170026,1.05112843182
3.27843971273,0.737621884767
3.79700006718,0.636884076169
2.56945145831,0.941153751776
1.33854621321,1.80662337702
2.97761391559,0.812143195376
1.8002698449,1.34327022521
3.64839295542,0.662825772758
4.41767442146,0.547403146835
2.7109921744,0.892016178739
4.41572963352,0.547644235653
1.40626236694,1.71962852513
4.25445969318,0.568403288407
2.11619418085,1.14273486898
3.1768803494,0.761202379076
2.79945998879,0.863826912933
1.14248321553,2.11666031249
1.93451449268,1.2500546722
2.54012628195,0.952019156364
1.29703612333,1.86444219748
3.16043992591,0.765162109291
2.84765904486,0.849205906292
3.86868426663,0.625083029095
2.86552429715,0.843911490266
4.28994810053,0.563701197154
3.60300722161,0.671175141003
4.77236968254,0.506718682932
1.4345973512,1.68566384009
1.12548386673,2.14863042598
3.55413219881,0.680404876557
2.50681616858,0.964669412266
4.71640281435,0.512731625179
1.58550870454,1.52521955451
1.98373496782,1.21903828849
2.88387298546,0.838542089819
2.70474520404,0.894076409263
3.68100493097,0.656953447591
4.36833256236,0.55358625871
3.10516693255,0.778782246665
3.56406773403,0.678508115015
1.93013002789,1.25289428436
1.06161143717,2.27790394427
1.38029068961,1.75198521456
2.37094758803,1.01995037436
4.39918863309,0.549703384349
1.22864020785,1.96823192384
1.75415788271,1.37858108659
1.95538945939,1.23670958151
3.83004364371,0.631389379588
2.46423177236,0.981339867104
2.35686017026,1.02604681878
2.89096376246,0.836485365677
1.88110523478,1.28554683453
2.49532371535,0.969112289969
3.80015620432,0.636355125942
3.13552342207,0.771242486335
3.94917238955,0.612343205477
3.53483298875,0.684119698921
1.4974813931,1.61487741427
3.78744191081,0.638491345067
2.16518057604,1.11688092289
3.04044143237,0.795361112455
4.03662608061,0.59907676156
1.35378259215,1.78629042361
2.11670536936,1.14245889627
3.47689524523,0.695519625826
4.66938685243,0.517894309558
3.51049635176,0.688862382321
1.00648602366,2.40266513707
3.29918611717,0.732983467472
1.18789280216,2.0357467236
3.6417038199,0.664043260956
1.22551835254,1.97324574943
3.06630543177,0.788652315892
4.70501774579,0.51397231863
2.19880114415,1.09980335713
3.7116213299,0.65153437408
1.01242883518,2.38856183858
3.34412468398,0.723133587567
3.01784894469,0.801315415158
4.60406921635,0.52524164307
4.58761709059,0.527125266178
3.69799813862,0.653934585511
2.17048609006,1.11415083058
3.39316808793,0.712681723197
4.56389650801,0.529864968619
1.31807228545,1.83468608413
2.82533315659,0.855916363123
2.60906494418,0.926864195311
3.21723273236,0.751654941117
2.34667734579,1.03049909453
1.6673145134,1.45038555147
4.24912131924,0.569117400591
3.88760395615,0.622040955632
2.02866684077,1.19203845176
3.32341981324,0.727638702268
2.3633778902,1.02321718843
4.45352341053,0.542996781892
4.87479152418,0.496072266477
1.54682379443,1.56336415868
4.30742384544,0.561414192514
1.50676346762,1.6049293283
2.87047513413,0.842455958335
1.2137005911,1.99245917629
4.28529639671,0.564313096723
1.72641015111,1.40073833466
4.8058671214,0.503186796246
1.09617601787,2.20607716331
4.31171191938,0.560855856146
1.14512847856,2.11177079715
4.7092961334,0.513505375644
2.53670592029,0.953302809227
3.13619323755,0.771077767481
2.05616097605,1.17609900595
4.30353845712,0.56192105731
1.08991352461,2.21875297939
3.57259797539,0.676888050842
1.85821905086,1.30137987708
2.77337474183,0.871951721319
3.44051643466,0.702873805698
2.4342214859,0.993438310364
4.30826820618,0.561304163128
3.20972417946,0.753413298087
1.12571863698,2.14818232598
3.37073653616,0.717424472088
4.36543399549,0.553953829677
1.69919407065,1.42317403396
3.86094348486,0.626336254203
2.94195052967,0.821988288251
1.25546650726,1.92617554193
4.49203122698,0.538341956635
1.77778228921,1.36026154309
2.74861241984,0.879807157439
3.68594020357,0.656073822809
1.43526134915,1.6848839979
1.6433485285,1.47153743595
4.74565611979,0.509571030635
2.36098502587,1.02425422165
3.56262010277,0.678783819279
1.68144570403,1.43819623447
2.90764692061,0.831685877283
3.83618505264,0.63037857841
3.63773102747,0.664768467414
3.27248858534,0.73896327426
1.0422817845,2.32014884647
1.44957638296,1.66824522559
3.2626065917,0.741201493968
1.5367620065,1.57360012141
2.46639070367,0.980480860718
4.2916102699,0.563482871909
4.9613320182,0.48741927997
2.65387299464,0.911214999695
2.04554302896,1.18220386751
2.9424757854,0.821841556692
2.43186163697,0.994402330804
1.6670048896,1.45065494114
1.0534950231,2.29545353987
2.52906215442,0.956184044657
3.91343828533,0.617934589404
3.13298846324,0.771866512875
3.68372038747,0.656469173998
1.79335353334,1.34845072934
2.62340884451,0.921796419594
3.0278523525,0.798668032147
1.7291581895,1.39851223253
1.94139442028,1.2456247194
1.00085632447,2.41617984606
1.34275487927,1.80096078393
4.26235870423,0.567349922379
4.60898910201,0.524680971571
2.94892972691,0.820042898254
3.11461038978,0.776420989262
4.92186664104,0.491327591007
2.93586504843,0.82369211122
1.74687361756,1.38432961359
1.6059703613,1.50578674319
2.01193058384,1.20195443095
1.93684003242,1.24855374709
4.58607445632,0.527302577189
3.18095069296,0.760228344738
4.08148083489,0.592493013645
3.62428411968,0.667234907679
4.6026290718,0.525405989116
2.85532555306,0.846925800602
4.24739663377,0.56934849474
1.6564627499,1.45988726891
1.48809457001,1.62506397694
2.23729169212,1.08088225086
1.00806214544,2.39890853054
2.67621295846,0.903608538459
4.51876362034,0.535157198556
1.39880377426,1.72879779458
4.29387439962,0.563185751361
4.36450792095,0.554071369282
2.86223405447,0.844881597374
1.2832294639,1.88450230301
2.17712405799,1.11075382734
3.01024130429,0.803340541688
2.96083212031,0.816746367824
3.34658109912,0.722602802197
4.39765257125,0.549895390966
1.84508233658,1.31064550999
1.49582420284,1.61666650093
2.92931085783,0.825535082266
2.82487361605,0.856055600599
3.4430891191,0.702348616707
3.78617578242,0.638704861836
2.24084599927,1.07916781465
2.76072103567,0.87594829349
1.82394413014,1.32583495297
2.25888843037,1.07054817205
3.54842851493,0.681498547829
4.10962109047,0.588435971776
1.11792493566,2.16315854747
3.58087632293,0.675323206366
4.87322298522,0.496231936715
4.64452241709,0.520666855025
1.96114827448,1.23307804487
1.29255890898,1.87090032276
1.68247793406,1.43731387559
3.75556728626,0.643910412376
1.59522815355,1.51592665576
3.26616867875,0.740393138828
3.57663928206,0.676123223308
4.67867061358,0.51686666571
3.78590597941,0.63875037921
2.56179150221,0.943967874792
3.07247492583,0.787068711179
3.92598163886,0.615960313227
4.64236385523,0.52090894971
1.82327582392,1.32632092647
4.61197281661,0.524341529354
4.42327547383,0.546709987725
3.47174723911,0.696550962223
4.66129483024,0.518793375676
1.13724889174,2.12640249427
1.95941888769,1.23416636187
2.85580869181,0.84678251976
3.48559057877,0.693784546794
4.95172707277,0.488364735063
1.900504628,1.27242462048
1.35933202163,1.7789979501
3.53053831524,0.684951886674
4.55886776266,0.530449446199
1.01553278429,2.38126126246
1.92828531878,1.25409287539
1.68605184297,1.43426721431
1.74601250604,1.38501234764
4.87443277351,0.496108776623
3.5774180034,0.675976046888
4.44448403542,0.544101151164
4.35883869948,0.554792009232
3.5760151854,0.676241222317
1.06469036473,2.2713165819
1.71203397896,1.41250051677
3.53457660674,0.684169321834
4.7122106237,0.513187773873
2.17494279702,1.11186780789
1.85527281293,1.30344651371
4.48109043246,0.539656344018
3.93294763628,0.614869330497
4.0582822116,0.595879920102
2.16992657875,1.11443811218
1.58223284533,1.52837737324
1.7157819301,1.40941505303
2.41805444303,1.0000804105
2.68789354562,0.89968179132
4.71302748168,0.513098828598
2.80804297433,0.861186563777
3.34424366516,0.723107859991
4.73078649607,0.511172694436
1.51022829096,1.60124723823
4.15984078048,0.581332076782
2.70130968147,0.895213494619
4.71770926489,0.512589637093
1.37479293041,1.75899135536
4.91800287302,0.491713596441
2.09548633784,1.15402750967
3.30251999211,0.732243524877
3.04030100943,0.795397847944
3.97679869098,0.608089337156
4.34323877274,0.556784696061
4.64139724277,0.521017433655
1.12661708523,2.14646920565
2.65992910527,0.909140350849
2.34526256384,1.03112074413
1.12780885723,2.14420100047
3.7230401648,0.64953607078
4.76425238409,0.507582026527
4.52661403833,0.534229085918
4.3801557316,0.55209198672
3.39491762247,0.71231445028
2.67116183038,0.905317249034
4.09647090921,0.590324924452
3.79257592306,0.63762701896
4.8220150728,0.501501725626
1.82745081334,1.3232908171
2.3053348967,1.04897942744
4.95393775384,0.488146803647
1.58405330981,1.52662089402
1.35481979002,1.78492290843
3.85454660332,0.627375701702
4.95614850416,0.487929059827
4.17935261484,0.578618054723
1.77476253105,1.36257602789
3.80042216716,0.636310592254
2.91481431523,0.829640799885
2.67358445111,0.904496911998
2.21497212086,1.09177395834
3.77872689691,0.639963920646
2.51724850891,0.960671491685
3.28722171586,0.735651285197
4.91029380838,0.492485577111
4.80859886891,0.502900937659
4.51868712271,0.535166258324
1.81958743762,1.32900943918
2.37074346806,1.02003819164
3.44840160957,0.701266602267
2.90795450924,0.831597905785
2.86947427604,0.842749802706
1.69641312835,1.42550705344
4.90102637015,0.493416826877
1.14131595364,2.11882509159
2.29094333382,1.05556905066
4.6319126657,0.522084299625
3.72024395301,0.650024275436
3.15693081546,0.766012631053
2.03168981004,1.19026480718
2.7637503589,0.874988174027
2.87691413194,0.84057040603
3.70945327707,0.651915174387
1.61030214317,1.50173611223
1.43763484596,1.68210229934
4.85067406641,0.498538728204
2.42080417685,0.998944442976
1.94413498134,1.24386881735
1.07043178648,2.25913403408
4.47348951997,0.540573274891
2.59840094127,0.930668104984
4.23967513424,0.570385419503
1.77036655942,1.36595942074
2.28857921038,1.05665946323
3.86481697527,0.625708512323
4.35487497011,0.555296971003
2.46486741207,0.981086799297
2.44835005615,0.987705525985
2.56277001328,0.943607451104
4.47525942821,0.540359485029
1.42604531397,1.69577281753
4.92284894258,0.491229551873
2.10631008141,1.14809728223
4.66556077272,0.518319018399
1.18487949401,2.04092390174
3.9498268052,0.612241751161
2.47596944801,0.976687689721
1.94160357266,1.24549053888
4.64219020473,0.520928435361
3.15912093868,0.765481577609
2.92097686669,0.82789045938
4.28144300434,0.564820990854
1.86500159974,1.2966470808
3.45953432213,0.699009940307
4.29179454725,0.563458677571
2.39638801777,1.00912242177
1.99292880253,1.21341458708
4.97413635616,0.486164573475
3.51914613874,0.687169212265
2.55234732572,0.947460737665
1.53018823594,1.58036039175
1.75092992243,1.38112259607
4.96070097121,0.487481284204
1.76867291202,1.36726743739
1.05631850047,2.28931792723
2.92436486893,0.826931312741
4.04947293,0.597176205842
2.70648338322,0.893502208435
3.85154482831,0.627864658936
1.9656397075,1.23026049523
2.24187847636,1.07867081356
4.09889695015,0.589975524979
4.36352569597,0.554196090155
4.18262585538,0.57816523964
1.22929039655,1.96719089874
3.93933520256,0.61387233014
4.24977262194,0.569030179994
4.15346571439,0.58222435101
2.82766157652,0.855211564241
1.1911298727,2.03021428262
3.45279647085,0.70037400131
2.9421251831,0.821939492545
1.87448129623,1.29008962899
2.14148383541,1.12923984763
3.42720807397,0.705603169638
2.204028174,1.09719508513
4.27885414976,0.565162727067
2.60693439352,0.927621686993
1.09188123348,2.2147545043
3.52780730668,0.685482133738
4.55313627164,0.531117176321
3.93038556654,0.615270140565
3.16235733859,0.764698173256
3.47654573223,0.695589549586
1.12938146601,2.14121530481
3.66343888715,0.660103513254
2.72015295269,0.889012096769
1.23002867955,1.96601015911
4.26345528453,0.567203997371
4.59786533743,0.525950349244
3.05625313466,0.791246265755
4.40495799497,0.548983414317
1.96011188212,1.23373002432
1.22955707208,1.96676423967
4.68358340848,0.51632450393
3.15843701007,0.765647335149
3.49640148139,0.691639359173
2.32987715449,1.03792977898
4.51533264176,0.535563838117
1.9367024097,1.24864246974
2.9776717789,0.812127413482
4.98153180334,0.485442826719
1.71931695151,1.40651720899
1.47146938263,1.64342453098
2.972780435,0.813463669072
4.7192381139,0.512423578051
1.82960428232,1.32173328592
3.04265065469,0.794783612858
3.74876927568,0.645078078207
3.78164043026,0.639470865778
4.39493317768,0.550235642326
2.98036959578,0.811392279475
4.48801365046,0.538823869164
3.23219938176,0.748174414502
3.27192265701,0.739091089095
1.22809358859,1.96910797553
4.09405014116,0.590673977265
2.36793389224,1.02124847654
4.19524138824,0.576426635849
1.87513074758,1.28964280657
4.29522930121,0.563008098152
1.09953292506,2.19934194319
2.5542213264,0.946765597409
4.40454507255,0.549034881053
1.79047570511,1.35061809166
2.32745669081,1.03900918524
4.94484835092,0.489044093647
2.50337029725,0.965997272819
1.35564010794,1.78384282512
2.6060996123,0.927918821131
1.7445440942,1.38617813562
3.49629017812,0.691661377288
1.87241352036,1.29151432293
4.95911500322,0.487637184947
2.59473140115,0.931984281273
3.88066743533,0.623152826234
2.19557124359,1.1014212757
3.4681628694,0.697270852339
2.52767918908,0.956707200203
2.39508332224,1.00967213021
3.11400818835,0.776571137174
1.25825518645,1.9219065465
1.19196944808,2.02878428126
3.55982928283,0.679315969354
3.63764294455,0.664784564307
1.23138958402,1.96383736828
3.70029701542,0.65352831676
3.63090244215,0.666018687786
4.6840976153,0.516267823306
2.31181372763,1.04603967487
3.7334321423,0.647728092498
4.62131148079,0.523281949302
3.12142788346,0.774725212398
4.18631901663,0.577655183562
3.01370533934,0.802417160177
2.723253669,0.887999861168
3.58432888179,0.674672709942
4.035456264,0.599250424685
2.75410509325,0.878052506393
2.68206070272,0.901638384823
1.44669288988,1.67157030833
4.28513122244,0.564334848683
1.22978800663,1.96639491275
3.22937579164,0.748828577418
3.04580501565,0.793960502256
3.11576673489,0.776132838483
4.1820271077,0.578248016506
3.44687367353,0.701577460923
2.09560310259,1.15396320849
1.85264508145,1.30529527982
1.75620280244,1.37697586898
4.76693834773,0.507296026002
3.97396073534,0.608523596747
3.31378995872,0.729753216143
1.04590531831,2.31211070224
1.2447385841,1.94277650817
3.45150894055,0.700635264648
3.22306657879,0.750294423303
1.18851157038,2.03468686404
4.90795329613,0.492720434382
3.89846294454,0.620308289293
1.42050841138,1.70238265442
4.086997154,0.591693311466
2.89732110486,0.834649937815
3.02120915546,0.800424186333
1.45526029654,1.66172944163
2.8638390153,0.844408106421
1.93982689762,1.24663127569
3.34245684701,0.723494420628
4.12220071042,0.586640255989
1.37290268439,1.76141317771
2.63647930806,0.917226572805
3.71573069983,0.65081381708
1.36133909632,1.77637510488
2.96897676735,0.814505827932
4.66025784086,0.518908816332
2.05210651677,1.17842268919
2.08766073056,1.15835338788
3.61034666505,0.669810714691
3.70457542304,0.65277355806
2.69465077719,0.897425707431
2.3465979725,1.030533951
4.00039752001,0.604502144576
4.62406656364,0.522970170675
1.95549656892,1.2366418425
2.26796483353,1.06626383454
3.60169838984,0.671419041311
3.801021473,0.636210265366
2.40292378223,1.00637768783
3.2988147631,0.733065980864
4.19750082901,0.576116355544
3.02244896531,0.800095851991
4.94884996096,0.488648655562
2.96392821722,0.815893200769
1.79585924522,1.34656927398
1.84396845265,1.31143723014
4.48088108164,0.539681557252
1.75891476664,1.37485279325
2.09998903889,1.15155309634
1.73743476246,1.39185017605
2.07319646831,1.16643497949
2.90584980707,0.832200230761
2.21811081154,1.09022906675
4.09489687113,0.590551839547
4.20264215808,0.575411559928
2.17935798248,1.10961526258
4.97713004513,0.485872150833
3.62917828699,0.666335100887
3.21640304129,0.751848835161
1.87517661869,1.28961125896
2.6230157922,0.921934548466
4.20816747955,0.574656044882
3.36690826321,0.718240204649
4.10803472137,0.588663203702
3.05440503939,0.791725016431
4.78960596703,0.504895161866
4.35313576421,0.555518828492
4.96117863475,0.487434349383
4.28909664876,0.563813100527
4.42122586696,0.546963433393
1.5902838377,1.52063978937
4.34358746951,0.556739998211
4.69939796229,0.514586953351
3.47156129975,0.696588270003
4.10738474126,0.588756357716
4.60910333031,0.524667968301
4.77931912745,0.50598188058
1.87823168219,1.28751362408
4.11907734607,0.587085086495
4.28979708566,0.563721041278
4.17234093633,0.579590430624
3.62530048317,0.667047846442
4.15734958506,0.58168042656
4.31325894299,0.560654695663
4.08537179534,0.591928715706
3.21214824533,0.752844730475
2.24691123319,1.07625474664
4.22408255619,0.572490913195
1.21593262066,1.98880171393
1.2804689208,1.88856507231
4.16716560437,0.580310241922
1.73469071386,1.39405189679
3.56637188304,0.678069746876
2.65866535862,0.909572493642
4.80330198806,0.503455515812
1.2852527402,1.88153567339
4.42642780436,0.546320642035
1.50363155724,1.60827223156
1.80249164249,1.34161447576
3.54267758908,0.682604843143
3.17224749131,0.76231406491
3.14298512118,0.769411494729
4.78395206255,0.505491871236
3.39828211014,0.711609219489
4.00459208644,0.603868965378
2.04975815376,1.17977278225
1.07457321719,2.25042727784
1.35250844459,1.78797322093
2.84786628375,0.849144109678
4.89171903733,0.494355636851
1.71134254076,1.41307121304
3.41352611034,0.708431341033
2.79723027708,0.86451548155
3.25885989174,0.742053650765
4.92723569958,0.490792206309
4.28415462471,0.564463492063
1.11010243896,2.17840155569
3.40472359549,0.710262907451
2.41150023572,1.00279852524
4.17029351549,0.579874982665
4.53242663398,0.533543965582
3.9416014954,0.613519373489
1.96794242426,1.22882095034
3.3965699955,0.711967921521
3.3162316974,0.72921589945
3.21784312067,0.751512360707
1.54178342269,1.56847508179
3.63050584469,0.666091443852
4.87522647887,0.496028008233
2.78983654576,0.866806653486
1.83403782255,1.31853817313
4.72434723421,0.511869420285
4.17545823868,0.579157721564
2.88376474015,0.838573565426
4.58993439887,0.526859137812
4.63378647097,0.521873179774
2.18835597404,1.10505279246
4.03444124995,0.599401188462
2.98332115653,0.810589525271
1.50583514325,1.60591874272
4.96228351635,0.487325819259
1.29389956692,1.86896181267
2.17272596463,1.11300224665
3.16311493781,0.764515020019
1.76737552547,1.36827111451
2.24640151369,1.07649895411
2.57799741059,0.938033866935
3.66854617238,0.659184528794
4.21608635472,0.573576695671
3.76983275158,0.641473783947
4.55624436698,0.530754868533
2.57549811015,0.9389441485
4.24240475887,0.570018425268
4.76774235123,0.50721047864
2.47248850621,0.978062738785
2.01137889485,1.20228410778
2.49848853399,0.967884721943
4.95796679316,0.487750116305
4.85996886399,0.497585261897
1.69655321999,1.42538934323
2.56016954168,0.944565912776
4.3464328649,0.556375527971
3.45987187457,0.698941743414
1.49979300521,1.61238842401
1.00656410449,2.40247875839
2.91462000302,0.829696110469
1.6081271507,1.50376721079
4.86605888568,0.496962518707
3.36487751482,0.718673672178
2.06396317501,1.17165311343
4.80689925114,0.50307875278
1.19429777049,2.02482910021
3.50657168986,0.689633378092
2.8642552562,0.844285394872
1.59750910224,1.51376219178
1.01046985498,2.39319250158
2.37804583847,1.0169059153
3.91514104367,0.617665839627
3.93709775153,0.614221193533
1.90783448625,1.267535993
3.78975400974,0.638101806551
1.29253657304,1.87093265324
1.83958714891,1.31456065098
4.17666335539,0.578990613854
3.66310587674,0.660163522807
2.15997437419,1.11957294906
2.09576077328,1.15387639221
3.20847817785,0.753705883584
4.38132810195,0.551944256109
3.48023394391,0.694852391814
3.27688519566,0.7379718042
1.30394482548,1.85456380726
1.43992562716,1.67942623868
1.7792787618,1.35911748733
1.82116044056,1.32786152507
1.47864073896,1.63545397897
1.74428628884,1.38638301263
2.67270084864,0.904795941242
3.81528417686,0.633831916025
3.93150049548,0.615095656934
1.17063137147,2.06576462834
4.77058414534,0.506908337916
3.63539514456,0.665195607035
4.8534551677,0.49825305817
1.95820033535,1.23493436108
2.77819927492,0.870437517507
4.63087105089,0.522201731257
2.63446615526,0.917927480364
1.55725270488,1.55289431986
1.45532432864,1.66165632802
1.03481021015,2.33690086963
1.78432039298,1.35527727504
3.8687395956,0.62507408944
3.71455022203,0.651020644615
3.90170085166,0.619793513635
2.78241672642,0.869118150791
4.40836931842,0.548558595102
2.16422039387,1.11737644042
3.2531558126,0.743354766664
4.72988959895,0.511269624673
3.18972316405,0.758137542233
2.31295402606,1.04552397184
1.70117836225,1.42151401267
3.96038512133,0.610609525568
2.62090682029,0.922676403939
1.7002173969,1.42231745447
4.18605830868,0.57769115996
1.01995493642,2.37093698325
2.93135707608,0.824958821883
2.4711693571,0.978584844074
3.48053668793,0.694791952168
2.65713483111,0.910096413507
4.9280821468,0.490707907856
3.05613558247,0.791276700507
3.42273296924,0.706525721327
2.46679200931,0.980321352947
3.23756793061,0.74693378852
3.05862492044,0.790632700282
3.13678428903,0.770932476439
3.84512532585,0.628912889716
4.62180392748,0.523226194348
2.13405692379,1.13316981054
1.12006737275,2.15902091145
3.83510314753,0.630556411907
2.40942369647,1.00366277776
3.80049193311,0.636298911447
4.27219259035,0.566043975982
2.86183846472,0.844998384715
3.23489852192,0.747550151454
4.19515529715,0.576438465017
2.39870854843,1.00814618833
2.79610642029,0.864862961742
4.71968884364,0.512374641659
3.24637831618,0.744906675832
4.85292437668,0.498307554847
2.77104778823,0.872683932147
3.96489429812,0.60991509437
3.56766990763,0.677823044902
3.24516018941,0.745186289384
1.61849087415,1.49413810026
3.87336103606,0.624328292014
1.79982511504,1.34360214212
3.63529534729,0.665213868194
1.98942645788,1.21555077868
2.15322302367,1.1230833283
4.97009823604,0.486559573906
3.47095787881,0.696709370852
4.70349694857,0.514138503
2.09440703617,1.15462220964
3.30490642265,0.73171478122
3.95728053649,0.611088563902
1.085211491,2.22836645212
2.87136441861,0.842195043
1.34217746406,1.8017355713
4.80670151015,0.503099448737
2.77041558847,0.872883075761
2.7695252769,0.87316367905
4.90316175958,0.493201937561
2.39793618175,1.00847090861
1.99986193899,1.20920791223
2.65803328809,0.909788786631
3.09591606207,0.781109316764
4.50828969474,0.536400507452
1.204230817,2.00812738378
3.56850660701,0.677664117322
3.92960969628,0.615391620773
4.23774128999,0.570645708296
3.52055275144,0.68689465852
4.94559449849,0.488970310998
3.73505156148,0.647447254796
2.34341797094,1.03193237826
3.91589424566,0.6175470348
3.55171720846,0.680867517899
3.03797576423,0.79600663984
3.23890071075,0.746626431608
3.01127824435,0.803063909666
4.77917994312,0.50599661632
4.92167768442,0.491346454413
3.53328881876,0.684418683001
4.38131565591,0.551945824022
2.69289357887,0.898011306117
3.68374250184,0.656465233059
3.33879948906,0.72428694443
1.05035007927,2.30232655543
1.66213520506,1.45490503579
1.46856697586,1.646672518
4.45658034329,0.542624320381
4.46917398933,0.541095264086
3.39791806839,0.711685458956
3.69300964678,0.654817915818
2.3878464255,1.01273216492
3.62892733793,0.666381179563
2.83944461251,0.85166263478
4.80964314372,0.502791747275
1.77732220526,1.36061366523
2.89716204985,0.83469576033
1.16770690244,2.07093824225
1.437315174,1.68247641418
2.55250033895,0.947403940793
1.70272134809,1.42022585358
2.28912336489,1.05640828148
3.072028292,0.787183140957
4.41305611983,0.547976008992
2.22362237234,1.08752678066
4.93785265611,0.489736946081
1.14212211077,2.11732953701
1.00805126954,2.39893441244
2.36023025546,1.0245817646
1.7121132381,1.41243512765
4.6347298212,0.521766958009
1.59905428465,1.51229942799
2.09232079417,1.15577347735
2.21473328655,1.091891694
2.9071620443,0.831824591527
2.48670619224,0.972470687349
2.85154868682,0.848047550856
2.15055893977,1.12447458904
1.20536094092,2.00624460102
4.74000430494,0.510178625256
4.44134838529,0.544485293702
3.58192978975,0.675124589801
3.93676378719,0.614273299268
1.60635148527,1.50542947927
1.06293351546,2.27507068394
2.31708307971,1.04366084288
1.78115018829,1.35768948396
2.25189667201,1.07387204309
2.9652719162,0.815523482614
3.93879644059,0.613956297684
2.73279222591,0.884900380305
2.4913220226,0.970668929212
2.2405936542,1.07928935506
4.61745582043,0.523718899334
1.14250945704,2.11661169639
2.52234577847,0.958730123619
4.65648871069,0.519328839872
2.10901039024,1.14662729553
2.49044171469,0.971012036031
2.98339849059,0.810568513601
2.86646737074,0.843633841671
1.67898966277,1.44030004093
1.20162028681,2.01249005742
3.69126092794,0.655128132963
3.6896165546,0.655420107811
4.96534138848,0.487025702928
4.62926715085,0.522382658248
3.66803951626,0.659275580124
3.51502714648,0.687974453461
1.45126002635,1.6663098522
3.85531713492,0.627250313106
4.60821699159,0.524768882284
4.40439544114,0.549053533525
4.01747745286,0.601932159763
4.39546097691,0.550169570997
1.16041010365,2.08396055187
2.36331866967,1.02324282841
1.57520798019,1.5351933906
2.70067992556,0.895422244271
3.90111239513,0.619887005311
2.23426960957,1.08234425677
4.82620585766,0.501066251901
3.17133522208,0.76253335288
2.75003600911,0.879351714666
1.49316501763,1.61954563056
2.38952392761,1.01202120308
1.60855227612,1.50336977909
3.19687152337,0.756442310027
3.23749529878,0.746950545662
2.10732672034,1.14754340495
4.22619120623,0.572205269945
4.73849929305,0.510340664933
2.32353294005,1.04076376036
3.02082721891,0.800525387504
1.22751848799,1.97003051576
4.92701788289,0.490813903558
1.05089187773,2.30113956654
3.96830270263,0.609391233788
2.56076431916,0.9443465226
1.82383049659,1.32591755897
4.44089451308,0.544540941668
2.08738392988,1.15850699308
2.86050002552,0.845393762777
2.6152874513,0.924658923745
1.72861057812,1.39895527114
2.74178695661,0.88199736824
3.54253780104,0.682631778633
2.6890016036,0.899311059079
4.67421132247,0.51735976685
2.69894906411,0.895996486988
1.14753004402,2.10735125637
4.51284557587,0.535858991704
1.64061306394,1.47399099346
2.290083506,1.05596537142
4.71604337359,0.512770703837
1.92958977954,1.25324507086
1.60709546952,1.50473255999
4.37882607459,0.552259632789
2.92936422445,0.825520042819
2.7803884349,0.869752171907
1.94526577745,1.24314574801
1.22483311309,1.97434969234
2.44058002194,0.990850067712
3.26773559596,0.740038111709
1.52014176636,1.59080484038
4.02816867224,0.600334563114
4.28700656092,0.564087982054
3.80047216695,0.636302220821
3.43161894076,0.704696215328
3.10683910902,0.778363087094
3.85166902476,0.62784441354
1.71956267921,1.40631621588
2.05338028078,1.17769168363
3.6563559052,0.661382245793
2.57930794571,0.937557256014
1.63259479251,1.4812303035
2.47271035939,0.977974986362
1.04795027882,2.30759887074
1.2713485628,1.90211319756
1.73883714647,1.39072763939
1.96961643636,1.22777655353
2.13277185063,1.13385258685
2.18210853863,1.10821658831
2.70827053081,0.892912599568
2.4468611871,0.988306526236
1.1796109771,2.05003931545
2.8163684768,0.858640799284
1.5347035723,1.57571072593
3.48905161519,0.693096332962
4.6325449715,0.522013039243
1.20633233158,2.00462908661
3.28248274889,0.736713355408
1.9339991561,1.25038776381
2.93778671769,0.823153316555
4.82225501461,0.501476772313
1.10035411735,2.19770057827
1.62011155476,1.49264343735
3.83327352031,0.630857377432
4.01255760779,0.602670196012
2.45382120691,0.985503293063
3.59457236641,0.672750089162
4.52023763829,0.534982687528
3.56195777243,0.678910036138
4.31007807484,0.5610684628
1.56473676366,1.54546690291
3.72911331705,0.648478250565
1.73978170268,1.3899725904
4.75280217395,0.508804867423
4.77937254575,0.5059762253
4.6190520527,0.523537914794
3.10368283234,0.779154640029
1.61053538618,1.50151862588
3.01191480973,0.802894182859
2.70101367421,0.895311602119
4.89759719964,0.493762304539
3.08631089276,0.78354027317
2.94624230202,0.820790903158
3.59226142651,0.673182876433
4.40570631176,0.54889016854
1.25424076476,1.92805795183
1.98961210232,1.21543735946
2.05747460209,1.1753481076
3.15554328384,0.76634945633
3.72358029985,0.649441850387
3.53909734144,0.683295384867
1.71968704176,1.40621451536
1.98373638355,1.21903741851
1.34572703627,1.79698320301
1.29927351355,1.86123156886
4.86920051106,0.496641876732
4.59361952596,0.526436477016
3.76272130269,0.642686153309
4.87039105894,0.496520474585
2.02067459778,1.19675324402
2.58385991573,0.935905567203
1.86780104237,1.29470367836
3.42140119204,0.706800735801
4.80009028633,0.50379237384
4.81478508795,0.502254791403
3.21436664288,0.752325154118
3.27609090781,0.738150725377
2.6046943018,0.928419461098
2.45270429775,0.985952070216
3.93559399882,0.614455881559
1.69058414861,1.43042207156
2.85708443339,0.846404415544
4.14742754964,0.58307200091
1.30218772502,1.85706625361
4.09158827608,0.591029379505
1.3699048749,1.76526773815
4.04749291884,0.597468341141
2.35574629762,1.02653196673
1.38567850433,1.74517312093
4.2190581638,0.573172681227
4.68213138481,0.516484626606
2.34306871629,1.0320861967
3.8670160336,0.625352690289
1.43675252722,1.68313528891
4.81101522161,0.50264835354
2.35220296848,1.02807832165
2.20831542057,1.09506497916
4.18139999754,0.578334739901
3.80589244355,0.635396011807
2.11659488833,1.1425185298
4.08522468431,0.591950031363
3.31166029469,0.730222506179
4.35700067019,0.555026051876
4.94640641477,0.488890050114
4.76765062519,0.507220236991
3.7529928827,0.644352109258
4.0416970825,0.598325117059
1.75800480756,1.3755644294
1.36968156297,1.76555554618
4.15783592907,0.58161238713
1.85844739793,1.30121997679
3.89974914183,0.620103702072
4.52733660535,0.534143822472
2.34362626848,1.03184066185
2.46251324908,0.982024718407
4.20987477713,0.574422995462
1.11945377445,2.16020432034
1.82197751833,1.32726603686
1.277671437,1.89270011834
2.56571956535,0.942522679664
2.87512825496,0.841092523727
2.82001945846,0.85752914674
4.71273169411,0.51313103248
2.82804058252,0.855096951205
3.40186561023,0.710859615597
3.79045534292,0.637983741061
2.23487940266,1.08204893612
2.71765290964,0.889829923249
2.61426452805,0.925020729176
1.43723469706,1.68257062326
3.54260069593,0.682619659274
1.58442370424,1.52626401229
4.66632352897,0.518234294083
4.20354845163,0.575287500032
1.37793711267,1.75497768204
1.06602423612,2.26847457877
2.10615984094,1.14817918042
4.9971491569,0.483925695246
4.89898302123,0.493622629333
3.36269445703,0.719140234387
1.05701076649,2.28781858867
2.67406093397,0.904335742421
1.54845932848,1.56171288165
2.77484537645,0.871489597412
2.83368722566,0.853393013211
2.57710189303,0.938359824477
2.1820254779,1.10825877355
4.45439776691,0.542890196731
1.33870159426,1.806413685
2.02883886855,1.19193737733
3.98194150741,0.607303968555
2.06819957319,1.16925315688
2.46860413692,0.979601728697
2.09189874202,1.15600666104
2.58982808321,0.933748805827
4.66989850007,0.517837567554
4.3610634989,0.554508981722
3.31148628547,0.730260877302
2.51008140286,0.963414524027
4.46055592179,0.542140693313
3.21489058198,0.752202545727
4.92859131855,0.490657212924
3.31522614533,0.729437080305
3.24034974037,0.746292552892
2.18146561738,1.10854320175
4.72297304041,0.512018353547
1.83012896719,1.32135435445
2.10611856863,1.14820168058
3.51583406644,0.687816556272
2.75517923272,0.877710187157
4.22703308915,0.572091305887
4.04025225687,0.598539082773
2.41860400466,0.999853169573
3.31333483917,0.729853455019
4.71026954168,0.51339925637
4.80998564483,0.502755945353
1.54841465552,1.56175793827
3.78852234563,0.638309256059
4.75951611978,0.508087128847
2.3949901007,1.00971143025
1.04383125397,2.31670480338
2.00147747237,1.2082318754
2.12043946976,1.14044702265
1.25117348626,1.93278462704
3.19158971604,0.757694157192
1.03400397797,2.33872299481
2.87222891213,0.841941556185
3.61991486705,0.66804026305
4.51356402572,0.535773695957
1.22228692525,1.97846252793
2.95004757804,0.819732162288
2.26914134386,1.06571099528
1.27852212683,1.8914407731
4.66566888181,0.518307008332
2.64713660932,0.91353384313
4.39225523326,0.550571119294
1.91014720418,1.26600131901
2.69005271828,0.898959661114
3.97102750599,0.608973087282
4.35793668721,0.554906840914
1.06548016757,2.26963293508
1.06134271804,2.27848068196
1.31652606632,1.83684086617
4.13519127057,0.584797345944
4.16035812294,0.581259787869
1.46925935808,1.64589653059
2.99740992673,0.806779499338
2.66853742095,0.906207595598
2.08512460893,1.15976228454
4.09919792414,0.58993220741
1.64379115421,1.47114119321
4.26900078092,0.566467190826
1.70213739113,1.42071309438
4.19426859241,0.576560329107
2.51721223745,0.960685334364
2.6728262969,0.904753474928
4.1429319838,0.583704702239
2.70985873256,0.892389278801
2.26853281264,1.06599687098
3.40523043355,0.710157191177
4.88021420662,0.495521052481
1.77567190845,1.36187820987
3.50970470411,0.689017761856
3.17648767185,0.761296478949
1.43076192639,1.69018257712
1.39439151872,1.7342682077
2.13743971932,1.13137641176
1.46368467055,1.65216520242
2.83990119651,0.851525709053
2.35785443198,1.02561415463
1.69000930316,1.43090862014
3.09715484674,0.780796892524
1.49621818201,1.6162408057
2.59900446593,0.930451991021
1.54060736151,1.56967241649
3.3750724467,0.71650280644
1.59221953822,1.51879111012
3.23300295993,0.747988452214
2.48411397708,0.973485477041
1.13056573865,2.13897237227
3.30021046341,0.732755958086
2.4428803626,0.989917032789
4.34021150644,0.557173049381
1.90595602703,1.26878524253
1.43174880942,1.68901755957
2.92952084344,0.825475908601
3.47005804849,0.696890036479
4.30850701714,0.561273051286
2.684980884,0.900657764235
1.6788596898,1.44041154523
2.80568068562,0.861911653878
1.50691962265,1.60476301699
3.0331672721,0.79726855233
3.0692356393,0.787899387403
4.38909658952,0.55096734161
3.83496897472,0.630578472979
4.90631913247,0.492884546379
4.29262680906,0.563349433241
1.54118744341,1.56908161323
3.17785077155,0.760969930258
1.81004905168,1.33601289852
3.93009281624,0.615315971676
4.13170308081,0.585291061023
1.32412296305,1.82630235067
1.36627474849,1.76995796979
4.95522799253,0.488019700334
2.08092849679,1.1621009005
2.67223607702,0.904953308877
4.307617141,0.561389000194
4.64965430266,0.520092188061
1.78986583687,1.35107829324
4.17487795577,0.579238221002
3.67996985537,0.657138230758
4.75518821911,0.508549560727
3.33163024937,0.725845516757
1.89143928409,1.27852313333
3.7543125736,0.644125610905
4.43940720378,0.544723376116
4.78879378566,0.504980792291
1.07104627137,2.25783791481
2.18164121372,1.10845397712
3.61748652555,0.66848870422
3.88013603884,0.623238168917
2.83992241567,0.851519346677
4.2643849498,0.567080342996
3.83073508523,0.631275414821
2.88846244904,0.837209734475
3.29346220226,0.734257365497
3.09582995651,0.781131042071
4.91789663027,0.491724219073
1.82387526895,1.32588501043
3.86465036968,0.625735486701
2.90217834288,0.833253023865
1.13561892196,2.12945454962
2.84533428476,0.849899743926
4.34172697496,0.556978569575
3.50422652899,0.690094906819
2.67730074575,0.903241402313
2.93613126905,0.823617426607
4.85914028173,0.497670110306
2.15708297832,1.12107364636
3.55481772281,0.680273664802
3.49709918346,0.691501371033
1.46434910112,1.65141555258
1.42812126858,1.6933077976
2.74438118232,0.881163628281
2.24937851223,1.07507423355
1.7483231587,1.38318186084
4.00605677551,0.603648179622
3.75550495809,0.643921099023
2.30684668506,1.04829198042
1.47879561309,1.63528269803
1.07195262979,2.25592886552
4.39572942973,0.550135971438
2.94828169094,0.8202231447
3.34179564706,0.723637569559
2.30535448843,1.04897051284
3.12979985421,0.772652882819
4.01427650438,0.602412135128
1.4443901078,1.67423528238
3.41185232867,0.708778882274
1.48790054462,1.62527588873
1.53069194751,1.57984033556
4.19513925939,0.576440668706
1.09859005763,2.20122953344
3.4783611955,0.69522650009
4.82586307459,0.501101842846
2.12217510871,1.13951429836
2.66933617536,0.905936428061
1.23482813718,1.95836878605
4.14931942316,0.58280615045
1.07996195286,2.23919821768
2.53220559833,0.954997051422
2.85767316375,0.846230041517
4.58457338405,0.527475225593
4.35742759202,0.554971672835
2.82502741972,0.85600899415
3.94573684194,0.612876371859
3.52301638758,0.686414314883
4.79139241135,0.504706914481
4.06950857662,0.594236093737
4.17020078936,0.579887876424
1.27062341324,1.90319874071
3.27213049174,0.739044144513
2.58521096701,0.935416455702
2.01254706276,1.20158625095
2.24614389773,1.07662242051
3.67956017048,0.657211397003
1.97006244553,1.227498593
1.92978684566,1.25311709189
4.38721100439,0.551204142582
1.61482607468,1.49752900199
2.25996330586,1.07003900184
3.22663273579,0.749465178722
1.44265415322,1.67624989995
2.23925760199,1.07993331265
3.18216120037,0.759939150701
3.8913050618,0.621449318826
3.14783546147,0.768225947511
4.92039800255,0.491474242276
4.79390268126,0.50444263073
3.31957046108,0.72848246734
3.03290414038,0.79733772255
2.34168421019,1.03269641119
2.1174998259,1.14203026155
4.30987799891,0.561094509081
3.29749137281,0.733360184029
3.69911668297,0.653736847808
1.12644510241,2.1467969232
1.95278307914,1.23836021821
2.05215128873,1.17839697944
3.73246921836,0.647895197128
4.315491032,0.560364709848
4.87022509369,0.496537394777
2.58777516527,0.934489561711
4.91868472338,0.491645432874
1.91153701465,1.26508085455
3.47122087281,0.69665658528
2.69567733976,0.897083951529
3.55138914378,0.680930414015
4.96960273946,0.486608086557
1.47008513265,1.64497199944
1.95365785589,1.23780572566
4.48964876408,0.538627631486
3.26930332858,0.73968324042
2.96243308988,0.816304978586
4.45100080524,0.54330452539
3.06845082784,0.788100906835
1.97019163652,1.22741810247
2.5488002109,0.948779300024
4.25791162947,0.567942477542
4.8923873245,0.49428810918
3.22149206383,0.750661132199
2.29030543703,1.05586304818
4.9464601707,0.488884737074
4.57852631918,0.528171885759
2.24762985418,1.07591064227
3.7605109122,0.643063917765
4.76936149377,0.507038286604
1.88550419811,1.28254759784
3.04508975434,0.794146995686
1.88592570639,1.28226094581
4.58447408164,0.527486651017
2.92561765197,0.826577211267
3.75207948122,0.644508969521
3.63549095457,0.665178076418
1.68686517256,1.43357567595
3.80873211412,0.634922280575
4.45336730285,0.543015816021
3.56567120796,0.678202991516
4.94373102924,0.489154621418
1.36610998419,1.77017144153
3.4953857223,0.691840349571
3.69277972594,0.654858686266
2.19454149202,1.10193809905
3.95211674082,0.611887006024
1.41429318913,1.7098639084
3.64489964076,0.66346103277
4.90002005727,0.493518159464
2.23543520026,1.08177990564
1.73846205125,1.39102770651
2.82154997322,0.857063990699
3.09539029404,0.781241992215
1.12465095061,2.15022170096
4.04175435845,0.598316638156
1.91351641966,1.26377221285
4.8160378995,0.502124138237
2.38514584738,1.01387882953
3.62275918885,0.667515767387
1.61171593292,1.50041879627
1.82471467027,1.32527507966
1.59927920526,1.51208674011
3.78802180447,0.638393600888
1.19013503108,2.03191135194
3.48808209202,0.693288981223
2.34255288352,1.03231346323
1.31446753758,1.83971746039
3.56715413014,0.677921051845
1.47010110757,1.64495412428
4.58379079054,0.527565281772
2.74022477556,0.882500188149
2.62481261812,0.921303434503
1.74965237151,1.38213105607
3.39181996825,0.712964987126
3.21692989816,0.751725700142
4.89550847314,0.493972974057
4.87385182813,0.496167910982
2.99777704148,0.806680699245
2.39038234427,1.01165777341
1.75728612052,1.37612700161
3.79077518919,0.637929911248
3.14791888919,0.768205587604
4.30589081263,0.561614073656
4.08217988844,0.592391552084
3.39949480993,0.71135536755
3.61353413576,0.669219879803
3.17117384131,0.762572158139
2.44896801007,0.987456295897
3.59921026645,0.671883191305
2.21044135226,1.09401178074
4.88908122621,0.494622357067
4.46742198402,0.541307467405
2.20533559013,1.09654462152
2.61611674585,0.924365811975
2.75213423127,0.878681298507
2.00675177363,1.2050563063
4.03447516144,0.599396150239
4.58615865999,0.527292895707
1.53519678799,1.57520449425
4.62687286761,0.522652977334
3.57187847493,0.677024399619
2.4222052869,0.998366609585
4.23359657201,0.571204374075
2.06065919494,1.17353169604
1.75731832912,1.37610177958
4.23013929362,0.571671217458
2.10102560257,1.15098496517
1.88977724711,1.27964757947
4.69624818045,0.514932087718
4.03742177891,0.598958695035
2.74602531822,0.880636046562
1.47595290421,1.63843227863
4.71950601837,0.512394490141
4.48007018878,0.539779239632
4.64248994463,0.520894801893
2.86589670006,0.843801829965
2.70432390833,0.894215693818
4.48464497324,0.539228611056
4.00969253947,0.603100825361
2.03672542241,1.1873219892
3.52445295868,0.686134531614
3.98665887566,0.606585352654
3.4198122077,0.707129144271
4.01985302703,0.60157644166
4.66036443716,0.518896947354
2.89497576403,0.835326122603
3.42664755154,0.705718590437
1.98613905029,1.21756272787
4.08151150492,0.592488561428
1.81723850234,1.33072729688
2.88008149031,0.839645992011
1.94749754179,1.2417211463
2.58352014059,0.936028654087
1.41358342598,1.7107224346
1.80486940702,1.33984701086
3.27778572074,0.737769056926
3.31411960468,0.729680629686
4.49495516258,0.537991769113
3.46527731003,0.697851474397
2.60268824841,0.929135051604
4.02747056551,0.600438622869
2.62607390566,0.920860937991
2.48362561213,0.973676897269
4.93997790412,0.489526254355
2.35080035362,1.02869172887
3.25256616575,0.743489526966
2.87776528536,0.840321791462
4.65495452462,0.519500000958
1.80503211082,1.33972623839
4.12099466944,0.5868119408
1.1323674621,2.13556902767
3.41710818548,0.707688708913
3.21810957386,0.751450136951
4.82635595679,0.501050668796
3.14013024561,0.770111011598
1.74740811971,1.38390617093
1.33644340614,1.80946598179
2.78003416627,0.869863007204
2.5112720381,0.962957753404
2.54813449283,0.949027175294
4.9312504466,0.490392630872
1.62182765718,1.49106402847
3.87940747627,0.623355214629
2.18210761281,1.1082170585
2.22880125028,1.08499978618
4.71617025452,0.51275690857
1.4474825013,1.67065845551
3.56511718521,0.678308384933
4.93705090209,0.489816477075
2.63329985612,0.918334034151
3.25269285834,0.743460568004
2.0697522298,1.16837602356
3.49594099688,0.691730461743
2.96162950002,0.816526469629
3.54758171319,0.681661220376
2.85659120692,0.84655055793
3.26197553436,0.7413448858
2.94871870106,0.820101584846
2.03274033573,1.18964967512
3.46962730991,0.696976552235
2.5456453864,0.949955124513
3.58644090899,0.674275400423
4.26607240019,0.566856033642
3.65827265892,0.661035714247
3.85298742433,0.627629580291
4.07368056088,0.593627517883
1.61381861774,1.49846386293
1.19499901614,2.02364089622
3.73239886608,0.647907409355
4.00599632713,0.603657288356
3.25102249525,0.743842555237
4.63791138858,0.521409030357
1.81404648138,1.3330688628
2.28834600208,1.05676714876
1.66434063159,1.45297713346
4.84726719979,0.498889122535
3.02854082424,0.798486472642
1.03339663324,2.34009750197
1.04723514917,2.30917467
2.25539459726,1.07220655886
3.47095454207,0.69671004062
2.53791001537,0.952850520845
1.59892433344,1.51242233883
3.07556029104,0.786279133284
4.07588459219,0.593306514279
3.15142275598,0.767351468607
3.87201305724,0.624545641828
4.13983597921,0.584141229784
4.84046868147,0.49958982056
1.27315373566,1.89941623879
2.94684414684,0.820623270015
4.15287149778,0.582307659
1.57509142323,1.5353069951
1.6327742181,1.48106753107
3.86059742869,0.626392397722
2.81678220094,0.858514683598
4.2122197907,0.574103204524
2.17963289256,1.10947531039
4.30672977703,0.561504669483
1.80712060853,1.33817791053
2.83558304801,0.85282244923
4.55389795201,0.531028342199
4.81173925785,0.502572718598
2.65105654811,0.912183062154
3.94963892944,0.612270874174
3.89829613229,0.620334832947
4.11937094985,0.587043242631
4.55599291544,0.530784161627
3.50681066914,0.689586381517
4.839123826,0.499728663071
4.48404100996,0.539301240696
4.22900289308,0.571824834633
4.35293336478,0.555544658589
1.4763236034,1.63802087458
3.17121984895,0.762561094843
3.91694281684,0.617381716579
1.07670937285,2.2459625048
3.75873314208,0.643368068067
2.15561794286,1.12183556831
4.92226193249,0.491288134026
1.65206074137,1.46377722044
1.24593638506,1.94090878877
4.82418362341,0.501276292275
4.77512564687,0.506426230184
2.64600019391,0.913926191528
2.03849934627,1.18628876895
3.56679964417,0.677988426951
2.36209721686,1.02377195263
3.67700830784,0.657667505087
1.26419173655,1.91288141671
3.21034720965,0.753267083614
2.94232666559,0.821883208373
3.02465584501,0.799512078041
3.94563298995,0.612892503221
4.75590605252,0.508472802721
4.51121898293,0.536052204327
3.0933194765,0.781764993359
3.3871711895,0.713943507638
1.59962419574,1.51176062881
2.49865622742,0.967819763864
2.08473076485,1.15998138502
3.77827673006,0.640040169838
1.8241633287,1.32567563548
2.04254876585,1.18393691276
4.34525981071,0.556525728114
1.44748381401,1.67065694041
4.52392277759,0.53454689633
3.89667366305,0.620593123548
4.6661658577,0.51825180539
1.57683764828,1.53360676201
3.32620359825,0.727029722796
1.38006690924,1.75226930217
1.73822241413,1.39121947821
1.04545469029,2.3131073039
1.9751235753,1.22435320516
3.76405399562,0.64245860522
4.77760756334,0.506163147128
2.88137471626,0.839269139955
2.12276374745,1.139198313
2.08175722977,1.16163827627
3.70690843037,0.652362723662
2.30397741478,1.0495974763
4.95140003382,0.488396991454
1.54654548328,1.56364549646
1.21388079027,1.99216339808
4.07691921902,0.593155946952
2.66227520118,0.908339182565
1.03725998342,2.3313816388
4.20526906998,0.575052116703
1.9842544678,1.21871913066
1.07733153539,2.244665454
2.23102844762,1.08391664955
1.39554851951,1.73283038618
3.32901435942,0.726415875365
3.09424966388,0.781529980669
3.40523081937,0.710157110715
1.57116699076,1.53914185712
2.02250426869,1.19567059385
2.13878177297,1.13066648994
4.97025013871,0.486544703488
1.39383086478,1.73496579901
4.80158511316,0.503635533477
2.42907249001,0.995544138739
1.37229304791,1.76219567948
1.118099096,2.16282160379
1.04447770282,2.31527094688
4.9068300187,0.492833228537
1.82814184546,1.32279061715
2.76635940258,0.874162944173
3.84058275914,0.629656755669
4.23278961414,0.571313271021
3.10749084467,0.778199840604
3.40152786168,0.710930199114
4.40206590681,0.549344087797
3.9970582029,0.605007172086
2.73632348041,0.883758406968
4.99634778466,0.484003312865
1.96407729284,1.23123916193
1.98127850935,1.22054969485
3.32195650736,0.727959223622
1.15182684643,2.09948994286
1.62136351481,1.49149087044
4.90347338997,0.493170593104
3.76565575334,0.642185329303
3.48514900216,0.693872450935
3.66937458227,0.65903570916
4.64679434841,0.520412288275
4.13257144396,0.585168075808
4.49725467934,0.537716685495
4.92529118929,0.490985971603
4.06280419218,0.595216694089
4.77434786148,0.506508731698
1.99199948212,1.21398067706
4.41704709638,0.54748089102
3.43169981133,0.704679608634
3.3133329419,0.729853872945
4.05891137955,0.595787553328
2.752004998,0.8787225611
2.02038442666,1.1969251238
1.85311930279,1.30496124904
2.71244630141,0.891537973948
2.94332118836,0.821605501147
3.62275805847,0.667515975666
2.8610923623,0.84521873948
4.37510454548,0.552729393061
3.70682102702,0.652378105761
1.61692829504,1.49558201648
2.806635134,0.861618544821
4.07764604445,0.593050219082
4.45671207329,0.542608281674
3.44263540983,0.702441180119
4.59652452672,0.526103769476
1.52639545356,1.58428726603
3.05146965468,0.792486622402
4.76143854178,0.507881989609
1.25388987915,1.92859749505
4.37357220595,0.552923049198
1.17277650471,2.06198612463
2.45046492643,0.98685308813
4.59069256817,0.526772125141
1.19225644133,2.02829592373
2.86089816464,0.845276112897
1.40070389249,1.72645260213
2.57018654532,0.940884576805
3.93292659476,0.614872620105
4.24278377748,0.56996750408
2.3134306164,1.04530858321
4.69682664731,0.514868668059
2.44019329785,0.991007098548
1.45111797384,1.66647297022
3.27429319604,0.738555998261
4.49097735692,0.538468286034
4.38788551273,0.551119411158
3.23329690377,0.74792045147
2.15728179971,1.12097032494
3.12628871199,0.773520651093
3.93691510602,0.61424968913
3.08115324201,0.784851868783
2.12586554827,1.13753613533
2.32953244336,1.038083366
1.62564227488,1.48756520261
4.32500225111,0.559132397996
1.97073901109,1.22707718596
1.94627746172,1.24249955495
3.56105332568,0.679082467696
1.5317930911,1.57870465277
4.30364440862,0.561907223366
3.10779884138,0.778122717534
2.90989027027,0.8310446977
3.4877006799,0.693364798745
4.12473042972,0.586280466373
3.11357623649,0.776678872244
1.18576579213,2.03939841751
1.73633240961,1.39273382598
2.81396979542,0.859372721034
3.63556962297,0.66516368294
3.75255398506,0.644427472497
1.79595320892,1.3464988219
2.07933312907,1.16299252207
4.11888143556,0.587113010615
2.50765622395,0.964346251653
2.33539604069,1.03547699742
2.90606552628,0.832138455975
1.94474169014,1.24348076264
4.18223997253,0.578218585227
4.32781314854,0.558769243727
1.53449796332,1.57592185705
1.89402044998,1.2767807655
3.16979461424,0.762903965176
3.99175711098,0.605810627442
4.62360204149,0.523022712227
2.79637607753,0.864779562174
3.19388549923,0.757149522294
4.38299094532,0.551734856442
3.95840466489,0.610915023785
3.08526689555,0.783805408695
3.30028877713,0.732738570261
4.85036559686,0.498570433859
4.02751143096,0.600432530473
2.48727482711,0.972248363407
1.54783989323,1.56233786878
3.31091188315,0.730387568545
3.8713344104,0.624655124989
2.17844650512,1.11007953343
4.94866195682,0.488667219765
2.92350138452,0.827175554902
2.90280338895,0.833073603678
2.50755070605,0.964386831407
2.51341793348,0.962135603391
4.77388732036,0.506557595041
4.42547813544,0.546437877669
3.82987252202,0.631417590558
1.89076825353,1.2789768791
1.90094232273,1.27213164286
1.56683548977,1.54339679934
3.17605779718,0.761399519287
3.51554141651,0.687873813304
4.21065108874,0.574317089931
2.06085748619,1.17341878136
3.98847851686,0.606308613617
3.92220663941,0.616553155487
2.81423546623,0.859291594118
1.57842347276,1.53206596439
4.31577520808,0.560327812132
2.00369277808,1.20689604038
3.86385155966,0.625864850826
3.95176008318,0.611942230576
2.5937744735,0.932328120547
2.55427626557,0.946745233706
1.20294739566,2.01026984947
2.81173605184,0.86005543743
3.15527934743,0.766413560806
3.71365306266,0.651177920823
4.6027463374,0.525392603183
2.87872382447,0.840041986468
1.92423133627,1.25673500604
4.91158005327,0.492356604956
3.80318969798,0.635847557455
2.11691569437,1.14234538788
3.25208590967,0.743599322763
3.78889534607,0.638246417259
1.07974683793,2.23964432685
3.07692170003,0.785931237697
4.20423226008,0.575193930878
2.34178671968,1.03265120588
2.12656131071,1.13716395941
3.54116470586,0.682896470757
3.74428778751,0.645850163566
2.80738269422,0.861389109857
2.34039911461,1.03326345703
1.47519500872,1.63927403882
2.81136098157,0.860170179444
3.59453153657,0.672757730847
1.33874953669,1.80634899488
4.13200137304,0.58524880843
2.9415180948,0.82210912939
3.10738978223,0.778225150197
1.58156861441,1.52901926477
4.63269507012,0.521996126099
2.20104897106,1.09868018013
4.82480965157,0.50121125073
2.29454290468,1.05391312364
4.30263086865,0.56203958783
2.8237329348,0.856401414664
3.15319042224,0.766921294364
2.11697533181,1.1423132068
1.18999990048,2.03214208592
1.09420225985,2.21005655785
2.81194113287,0.859992711701
3.50481353344,0.689979326127
1.56424787985,1.54594991698
1.32539194246,1.82455378105
3.89304648406,0.621171334557
2.49860837012,0.967838301081
3.69054730525,0.655254811815
2.91075609063,0.8307974989
3.69534471012,0.654404140804
3.44406329031,0.702149953749
3.27020313112,0.739479715186
4.95858581957,0.487689225919
3.71148720585,0.651557918936
4.68500756024,0.516167551259
2.50764428456,0.964350843096
2.67893916867,0.902688985357
4.21991254265,0.573056634601
2.22856677011,1.08511394518
1.12132561308,2.15659827243
4.66459791302,0.518426009078
1.36530444245,1.77121585839
4.41062592016,0.548277936913
1.93794050099,1.24784475001
1.15663275014,2.09076639037
4.05090725541,0.596964760615
1.27796772619,1.89226130711
4.03617425136,0.599143825166
1.59896757576,1.51238143704
1.61507898288,1.49729450116
3.79192629917,0.637736255721
3.40376044632,0.710463887848
4.75205825111,0.508884519553
3.4466220856,0.701628672927
3.5069637601,0.689556278713
3.78614902991,0.638709374855
3.98300860995,0.607141263505
2.7414806589,0.882095911253
3.38235079826,0.714960991403
1.71727559868,1.40818915838
1.47041998924,1.64459739238
3.34804677252,0.72228646859
3.99247851417,0.60570116318
3.05636647853,0.79121692277
4.10632569504,0.588908201539
2.54848793593,0.948895557208
3.34898808009,0.722083453917
2.73594102486,0.883881947025
2.36676705469,1.02175196127
2.49502953693,0.969226553916
4.20798529602,0.574680924453
3.56691597293,0.677966315538
4.75534199867,0.50853311511
1.64079116183,1.47383100072
2.62594071171,0.920907646245
4.76381826758,0.507628281384
4.40224848464,0.549321304429
1.97250222436,1.22598030569
4.82094342762,0.501613204201
4.4619805954,0.54196759226
3.11884907756,0.775365790348
4.3201967211,0.559754343637
4.83379048775,0.50028003616
3.74235798285,0.646183206172
4.86397486634,0.497175447336
3.79883102518,0.636577111215
3.21982827954,0.75104902189
4.21147000872,0.574205414023
2.83461985438,0.85311223523
2.90214231953,0.833263366765
2.58695057865,0.934787428859
3.51746266482,0.687498094631
1.47144023501,1.64345708542
2.3006393936,1.05112034799
2.48162156408,0.974463195762
2.60269993405,0.929130879961
2.62600028781,0.920886753602
1.69148541486,1.42965990647
3.20336669439,0.754908541764
1.31777442706,1.83510078078
4.47250111519,0.540692739414
4.08003468994,0.592703019404
2.48804480763,0.971947479638
1.79600132131,1.34646275106
2.41519752433,1.00126339798
2.26574881894,1.06730669339
2.72948820261,0.885971545026
3.23935924277,0.746520746471
3.71493080436,0.650953949712
3.28546288013,0.736045107867
2.81755774631,0.858278373592
3.06075518388,0.79008242565
2.43024049978,0.995065665401
3.56795461863,0.677768956862
2.67407661848,0.904330438136
1.02920774933,2.34962171785
3.56019920689,0.67924538473
2.89753545437,0.834588193339
3.47239934169,0.696420152764
1.18029986212,2.04884280479
1.8591727531,1.30071230657
1.17455169776,2.05886968161
4.32043988457,0.559722839482
3.3028028783,0.73218080797
4.22032556163,0.573000552845
1.68671162035,1.43370618358
2.91525983513,0.829514011363
3.66126360888,0.660495702669
3.00824296868,0.803874190075
3.3248308776,0.727329891062
2.14099443896,1.12949797346
3.83623017958,0.630371163043
1.4734564786,1.64120821695
1.74806520224,1.38338597262
3.68242698621,0.656699749663
4.19358003821,0.576654995962
1.94337955517,1.24435233126
1.20132327386,2.01298762175
1.13407953926,2.13234503955
3.41098386659,0.708959342695
3.14796199339,0.76819506877
4.46053894511,0.542142756684
1.88403105156,1.28355043724
3.70443573427,0.652798173182
1.80634572668,1.33875195888
2.5155675913,0.961313418238
4.05771878587,0.595962659715
4.97761301512,0.485825007419
4.45475653071,0.542846475072
2.3463985594,1.03062153286
3.74554183708,0.64563392566
3.06974180271,0.787769472294
2.13376587519,1.13332437646
1.75891189343,1.37485503909
4.4016973929,0.549390079359
4.61168796792,0.524373916193
4.85251064568,0.498350041159
2.18475408479,1.10687463493
1.22664093345,1.97143990067
2.92336273559,0.827214786096
2.54421230849,0.950490205527
1.93962438528,1.24676143399
1.80030909716,1.3432409378
4.80005846128,0.503795714053
4.4052493419,0.548947106581
4.45591597742,0.542705224303
3.49249655538,0.692412674331
4.28365025584,0.564529953561
3.71530102138,0.65088908438
2.39294675858,1.01057362489
3.50079540542,0.690771267654
3.97797692721,0.60790922729
4.32908155885,0.558605525704
3.16399165371,0.764303179234
1.48580956857,1.62756313538
1.04804030525,2.30740064851
3.86768365564,0.625244744738
4.72622223921,0.511666349487
1.04753031135,2.30852401481
2.8579136454,0.846158834746
4.79163742411,0.504681107096
3.01655965249,0.801657901246
2.27812959151,1.06150628525
3.86532657061,0.625626020421
1.30273523043,1.85628577742
1.45745363829,1.65922868245
4.53942246717,0.532721705787
1.08286481066,2.2331955533
1.46845367832,1.6467995659
1.81483720012,1.33248804898
1.20505231468,2.00675842082
2.88920916693,0.836993357102
3.28666593618,0.73577568483
3.37357636882,0.716820553509
3.66334804036,0.660119883057
1.80057836001,1.34304006629
1.64831896083,1.46710008043
3.16161305739,0.764878192272
3.31852932418,0.728711017372
3.49443195511,0.692029179869
4.45616232855,0.542675221795
1.97474241237,1.22458952866
4.01429197859,0.602409812963
4.11877163144,0.587128662716
2.60195124161,0.929398230576
2.74388395537,0.881323306429
2.22555255746,1.08658358658
1.27324887846,1.89927430599
2.23770102633,1.08068452914
1.99479022053,1.21228230172
1.9033109584,1.2705484983
4.81915709135,0.501799139177
4.67419058378,0.517362062299
4.62781839692,0.522546191875
1.17430024874,2.05931054055
4.90531088694,0.492985854666
3.93846390966,0.614008135016
2.02344924722,1.19511219929
4.5103599225,0.536154302883
2.88257208938,0.838920521331
4.61269490346,0.524259447159
1.48300169018,1.6306447228
1.84982889518,1.30728246613
3.33064954462,0.726059240878
3.42210571389,0.706655224059
1.91893720048,1.26020219911
3.85302139375,0.627624046917
1.62068731423,1.49211316629
4.68692763524,0.515956094951
1.36766597027,1.76815752718
3.73997501488,0.646594929213
4.12053986455,0.58687671021
3.36099158695,0.719504591855
2.96066257776,0.816793138861
2.63416869202,0.918031137233
4.918565789,0.491657321207
2.83861188098,0.851912477434
4.2391286299,0.570458953037
2.61191038058,0.925854461921
1.89605798655,1.2754087149
4.68694101381,0.515954622188
4.73356009341,0.510873176273
4.79068846356,0.504781076539
3.46903756553,0.697095039854
1.79983562357,1.34359429735
2.63856908877,0.916500117541
2.25548083156,1.07216556495
3.62248492321,0.66756630635
2.25221123015,1.07372205929
2.77593375653,0.871147906291
4.41090324006,0.548243465882
4.77844955703,0.50607395791
2.46131985993,0.982500860359
3.31749935494,0.728937257034
3.52033620716,0.686936911049
2.42731898315,0.996263324592
1.79502393969,1.34719589334
3.51010414825,0.688939352756
2.77304575242,0.872055168181
2.43186993559,0.994398937462
2.97862916749,0.811866380145
2.64210029197,0.915275202592
2.90210263236,0.833274761903
4.87410722351,0.496141912582
4.50634685496,0.536631768001
4.68452595862,0.516220616848
2.16240102417,1.11831656246
2.68304794637,0.901306621549
1.47951984184,1.63448222295
3.19460965868,0.756977890375
2.35855131377,1.02531111614
4.38695694039,0.551236064739
3.93420949892,0.614672116638
3.85562368923,0.627200441463
2.87850927966,0.840104597574
1.50139401288,1.61066905772
1.73619037926,1.39284775961
1.14923934131,2.1042169312
1.78558124012,1.35432027715
4.75177864636,0.508914463398
1.87292302077,1.29116298597
1.46301973725,1.65291610115
4.4288961644,0.546016160739
2.39608631494,1.00924948526
2.1644944403,1.11723496951
1.56280327573,1.54737894241
2.1397607405,1.13014919576
3.64325229579,0.663761025498
2.02295449249,1.19540448832
2.49081386516,0.970866957913
1.36734336441,1.76857469963
3.63822980595,0.66467733183
1.03883487264,2.32784722932
1.88517733818,1.2827699713
4.06798358901,0.594458858322
3.90260716585,0.619649577124
1.03833478706,2.32896837335
2.85781718695,0.846187394715
4.0532976004,0.596612713501
4.46230017314,0.541928778023
4.0692611326,0.594272228102
1.87943100361,1.28669202293
4.10431757359,0.589196336941
2.4704951353,0.978851909258
3.28235188699,0.736742726941
4.07880017238,0.592882410953
3.33466315094,0.725185354724
4.05962028936,0.59568351413
4.4960081244,0.537865771833
2.45679908763,0.984308766708
2.76769339792,0.873741608017
1.7486579216,1.38291706464
1.73960242672,1.39011583501
4.21776520639,0.573348387515
3.2779650935,0.737728685639
4.16991063141,0.579928227187
2.19484134286,1.10178755648
2.58038429403,0.93716617544
3.771180678,0.641244503109
4.20002158504,0.575770583801
3.15852987801,0.765624823383
4.14679056786,0.583161565656
3.17513190647,0.761621548722
2.29031113208,1.05586042269
3.18509374395,0.759239468098
4.30820184706,0.561312808881
2.29752884343,1.05254342592
4.90696583159,0.492819588111
2.75612826712,0.877407959872
3.42402527608,0.706259062074
3.04066564346,0.795302464511
1.4660760291,1.6494703085
2.91180588522,0.830497971131
3.70299218344,0.653052655854
3.71748321107,0.650507007752
1.4623648268,1.65365634874
2.86654883996,0.843609865037
4.12650126471,0.586028871645
3.83490106771,0.630589639029
1.26220933748,1.91588574747
1.79854485041,1.34455856325
4.78305398129,0.505586783979
3.13624679551,0.77106459972
2.99581787996,0.807208240587
3.79404543956,0.637380052117
2.84950488664,0.848655810819
2.18208112662,1.10823051008
1.10492148606,2.18861603336
3.21489486965,0.752201542523
4.62964957008,0.522339508292
1.02220771418,2.36571182789
4.72292013156,0.512024089469
1.74247470032,1.38782438537
1.89094195942,1.2788593896
3.69292989349,0.654832057403
3.24237263229,0.745826946575
1.55475178483,1.55539225206
4.04764143276,0.597446419149
3.00258352867,0.805389377816
2.39089169329,1.01144225261
1.84083610722,1.31366875656
3.32455105551,0.727391109243
2.62048266119,0.922825751077
1.20933822273,1.99964644676
3.43521959224,0.703957582642
1.96099530412,1.23317423296
3.66181192929,0.660396799916
2.63416055501,0.918033973062
2.3453212988,1.0310949213
2.33575359424,1.0353184882
4.97725198078,0.48586024765
4.7246597926,0.511835557724
4.03064599968,0.599965583729
2.92322734782,0.827253098121
4.20361761204,0.575278035061
1.15377142049,2.09595144849
3.91377495871,0.617881433018
2.8988511267,0.834209407211
1.8506979508,1.30666858898
4.54057636069,0.53258632559
1.23025786581,1.96564390865
3.53152150677,0.684761192978
3.116751233,0.775887678939
2.06214941299,1.17268364007
1.53503026816,1.57537537217
2.26833299372,1.06609077534
1.5619279768,1.54824608812
4.63167128613,0.522111508051
4.37095706083,0.553253863249
1.93118868641,1.25220746011
2.34599334806,1.03079954681
1.48845648967,1.62466884103
2.51943731967,0.95983688942
1.02554460931,2.35801432531
4.8523738888,0.498364086408
1.96758319687,1.22904529976
3.72790471286,0.648688490254
1.48586824089,1.62749886797
1.06003865262,2.28128368151
1.64973614949,1.46583978338
1.48999459754,1.62299171017
1.50806974453,1.60353915246
1.84641007236,1.30970303737
3.50887895921,0.689179908486
3.17085324151,0.762649260565
3.87284714087,0.624411135281
2.75196599953,0.878735013592
2.52216949239,0.958797133696
3.70587615039,0.652544440739
3.69899167055,0.653758941727
2.18060695175,1.10897971689
4.28445381167,0.56442407511
2.61372384195,0.925212082923
3.91920674439,0.61702508638
3.72273171474,0.649589888636
3.66014692041,0.660697215874
4.06009684702,0.595613595222
1.733338644,1.39513931012
2.60442675828,0.928514834336
3.09181111701,0.782146382325
4.47658275993,0.540199748265
1.69536788581,1.42638591909
2.9333943924,0.824385867193
3.81857973496,0.633284898534
3.60789405579,0.670266045123
2.73238786303,0.885031335676
1.10154541503,2.19532381235
3.67604713626,0.657839464611
3.41446091709,0.708237387605
1.5505176577,1.55963969065
4.61898179465,0.523545878185
1.95535384318,1.23673210781
4.68727685796,0.515917653956
1.8172189489,1.33074161562
3.98168890672,0.607342496275
2.14806936183,1.12577783705
1.87573436728,1.28922779375
1.58697855352,1.52380690629
3.72619302591,0.64898647579
2.35703181507,1.02597209955
3.92578868074,0.615990588556
3.24646013692,0.744887901901
4.29176747215,0.563462232214
3.84154290183,0.629499381316
4.00062477976,0.604467805188
4.35826148484,0.554865486712
2.43697194416,0.992317078493
1.14550413655,2.11107826052
1.77930918918,1.35909424551
4.42913112541,0.545987195125
4.04423281782,0.597949967011
1.72427385353,1.40247378631
1.83108962137,1.32066112536
3.89420737378,0.620986159156
2.87100407474,0.842300748118
2.40535414129,1.00536084832
3.32658855911,0.72694558916
1.0555549841,2.29097386343
3.87354699615,0.624298319448
2.00354485034,1.20698514914
4.03189921929,0.599779098751
1.45433665775,1.6627847941
4.37343491926,0.55294040603
4.26600070694,0.56686556007
1.23711504659,1.9547485795
3.40982500646,0.709200288994
3.51460286336,0.688057505788
1.26646053416,1.90945458999
2.09784783381,1.15272844914
1.0871829007,2.22432571231
1.90529524251,1.26922527598
1.5077621253,1.60386631248
4.55193629665,0.531257188678
4.56925109564,0.529244033516
4.77635449032,0.50629593865
1.02606489609,2.35681864687
4.18238759935,0.578198175697
3.03158382181,0.79768497991
4.96246053454,0.487308435638
1.37991415762,1.75246327218
3.12246188668,0.774468662153
1.68835575588,1.43231002801
3.36537934492,0.718566506819
1.30138470125,1.85821216253
3.15484605044,0.766518822579
3.93751607399,0.614155938556
4.78995925866,0.504857922461
1.1394252082,2.12234103879
1.99288106875,1.21344365096
4.0529091805,0.596669891256
4.35726807957,0.554991989439
1.80152113972,1.34233722085
3.85541550296,0.627234309283
4.89680071363,0.493842617134
4.17959511948,0.578584482676
3.8079429359,0.635053865225
4.7952613466,0.504299704481
3.50962193298,0.689034011691
3.3059430755,0.731485335584
4.89604801181,0.493918538823
2.05115084432,1.17897174003
4.6218940262,0.523215994631
3.22474098189,0.749904843081
4.02782453401,0.600385855834
4.59312713396,0.526492912012
2.76204226777,0.875529280714
1.90353018434,1.27040217165
3.300406585,0.73271241519
4.36016534111,0.55462320596
2.76081591282,0.875918190985
3.0351746792,0.796741253995
2.3501096873,1.02899404784
2.2286625294,1.08506732092
1.51409393431,1.5971590832
2.08364985895,1.16058313234
4.60355854374,0.525299908108
1.90422835031,1.26993639162
1.23860762522,1.95239301839
2.01949967887,1.19744949965
3.27488346678,0.738422879631
4.06120417893,0.595451194635
1.18942279117,2.0331280836
3.9580282436,0.610973123779
4.73225041953,0.51101456297
4.21432966062,0.573815784417
3.55191738373,0.680829146274
1.86244635949,1.29842605543
1.30983965904,1.84621748419
3.51107117821,0.688749602972
3.38953525524,0.713445560498
3.48857927482,0.69319017557
4.43510102809,0.545252264758
3.21806238257,0.751461156594
1.99112501541,1.21451383579
1.35984717048,1.778324015
4.82201972227,0.501501242069
1.9602199164,1.23366202933
2.65167109819,0.911971655026
4.13327458957,0.585068528015
4.06716581851,0.594578384042
2.26157817023,1.06927494784
2.15324393319,1.12307242237
1.25825422265,1.92190801865
1.78393455124,1.35557040381
2.49894301903,0.967708691868
3.87000613428,0.624869521156
2.0532424699,1.17777072871
3.65598038124,0.661450179659
2.05310691829,1.17784848829
1.99076284086,1.21473478928
2.59304224895,0.932591391823
1.74253198589,1.38777876078
3.91273872029,0.618045070953
1.11216219819,2.17436708777
3.21249768213,0.752762840407
4.58410148425,0.527529525319
1.18810605907,2.035381321
2.32784287348,1.0388368165
3.44194286215,0.702582517156
1.89008075933,1.27944209159
1.21216018664,1.99499117909
1.3344183785,1.81221191117
2.27502886292,1.06295305497
3.51429079048,0.68811860605
4.22096386012,0.572913903113
4.95938850903,0.487610292196
4.43147559389,0.545698341052
4.64874237438,0.52019421281
3.11994720626,0.775092884632
2.22050884184,1.0890516779
3.53961729219,0.683195012448
2.03992901125,1.18545736967
4.27535773431,0.565624920833
4.46979778364,0.541019750122
4.73343831521,0.510886319618
4.8374877498,0.499897675214
3.86198930444,0.626166643502
4.57741754284,0.528299823507
3.85721711115,0.626941344061
3.27227520886,0.739011460115
2.30764050631,1.04793137119
2.06538309397,1.17084762002
4.91178688577,0.492335872106
4.1771200469,0.578927311844
2.17755155718,1.11053576299
4.09006392105,0.59124965445
4.86959756767,0.496601381612
1.56681409439,1.54341787494
1.2392794619,1.95133458945
2.80091663073,0.863377671962
2.68332667192,0.901213000007
2.76497589473,0.874600348093
1.93561301127,1.24934522857
1.87006028649,1.29313953003
4.45880635787,0.542353420603
2.66792217692,0.906416574261
1.62895520978,1.48453982374
1.6631473966,1.45401958055
4.96078026033,0.487473492696
2.80870814894,0.860982612563
2.63233374957,0.918671076719
4.97835106773,0.485752982685
3.82160184666,0.632784098666
1.62582128769,1.48740141263
3.73001788086,0.648320988597
2.3589458561,1.02513962911
1.65505454686,1.46112941388
3.34997996895,0.721869653674
3.2622347467,0.741285979633
2.47583139849,0.976742148708
1.03544087734,2.3354775081
3.4602688212,0.698861563929
3.5119516101,0.688576936267
2.2219340993,1.08835310677
2.36780577031,1.02130373628
3.6552213862,0.661587527676
4.86118047851,0.497461242324
2.82232519996,0.856828575259
2.98064137157,0.811318296481
2.27610108511,1.06245232069
1.29359907301,1.86939595927
2.68471252087,0.900747793742
2.95466185859,0.818451990696
3.74141091742,0.646346774887
3.41631764009,0.707852470047
2.90501475381,0.832439448657
4.31823155263,0.560009080228
1.52467277307,1.58607730309
1.63270790584,1.48112768447
3.49995513561,0.690937108135
4.70650173,0.513810260514
1.08534017271,2.22810224924
2.18584047022,1.10632450673
1.27903322654,1.89068495628
4.9921669177,0.484408658578
3.39198166566,0.712930999741
1.2424404221,1.94637009308
2.50677365017,0.964685774416
2.22908319607,1.08486254989
2.44424351192,0.9893649582
4.71749014982,0.51261344554
2.6257520957,0.92097379793
3.40223545151,0.710782341336
1.02019668343,2.37037516323
4.88227671045,0.49531172103
2.5012903735,0.966800538484
3.57586967547,0.676268740047
2.97813027516,0.812002382894
3.47447608453,0.69600389272
4.67235049679,0.517565812253
3.35869753012,0.719996027721
4.20136251526,0.575586817661
3.29451419934,0.734022904041
4.82598414914,0.501089271176
2.67514079447,0.903970693804
2.05391194669,1.17738683194
1.39637653319,1.73180286442
3.01833277442,0.801186966689
4.70853568221,0.513588309235
3.19094525936,0.757847184281
3.61661908589,0.668649040048
3.91409835899,0.617830380897
1.6117912961,1.50034864058
2.46507836637,0.981002840719
1.81805987205,1.33012609605
1.65996389904,1.45680811577
2.72920373406,0.886063891025
4.20348251673,0.575296523865
4.47311866589,0.540618092348
1.56930564147,1.54096742923
1.87624933057,1.28887394687
2.72343845057,0.887939611593
1.41160637767,1.71311841478
4.4149393686,0.547742262827
4.91045630356,0.492469279942
2.40408704411,1.00589073342
1.31079704564,1.84486903449
3.36555165286,0.718529717988
3.6288495761,0.666395459302
4.60905081327,0.52467394654
2.86470728949,0.844152171802
3.60985396836,0.669902134877
3.78298392706,0.639243762762
4.67595732514,0.51716658469
2.82506278392,0.855998278611
4.43347123064,0.545452706062
2.56950165762,0.94113536484
2.32038842266,1.04217417066
3.96899553051,0.609284858451
4.31747918491,0.560106667903
4.32010124913,0.559766713913
1.70162698422,1.42113924052
3.67560320279,0.657918917407
3.73825016279,0.64689327217
2.794505159,0.865358531262
1.87388708409,1.29049871816
2.99602034911,0.807153689966
2.77740235003,0.870687273657
2.44174828531,0.990375991887
1.7595806987,1.37433246556
1.0270841253,2.35447985266
4.90496994072,0.493020122289
2.38784605862,1.01273232052
4.85133519627,0.498470788384
4.45931268016,0.542291840346
3.18805278515,0.758534768076
2.56484617706,0.942843630012
2.29535186118,1.05354169045
2.95200671567,0.819188136383
1.83095753528,1.32075639845
1.87471277771,1.28993033426
1.3067693978,1.8505551814
4.94893069265,0.488640684258
4.05875618983,0.595810333732
2.83274948245,0.853675517365
2.47932878336,0.975364339023
2.66012709242,0.909072685621
4.69827047311,0.514710443735
2.05409265615,1.17728325096
4.88564048614,0.494970697672
1.1662799602,2.07347203289
4.02431618029,0.60090926549
4.34476626595,0.556588946787
2.93894690361,0.822828366524
2.90473240747,0.832520363591
3.19171571695,0.757664245332
4.00526082796,0.603768139922
3.1571776401,0.765952745035
2.72743196036,0.88663948914
2.65788603905,0.909839189667
2.84759488051,0.849225041299
4.93643263692,0.489877824305
4.61949785852,0.523487390635
3.93268712125,0.614910061605
3.84570386659,0.628818277198
3.73944029064,0.646687389568
1.74549885409,1.3854199184
3.30697309469,0.731257500668
1.20251636056,2.01099041918
4.36906979847,0.553492846658
1.3551599425,1.78447488312
1.4073623092,1.71828452715
1.34622249344,1.79632185006
4.81675524195,0.502049358651
3.2395840893,0.746468933461
1.33922563776,1.80570682924
3.5605930498,0.679170252308
2.24226998668,1.07848247284
1.72465009428,1.40216782988
3.19937682056,0.755849971926
2.2040067244,1.09720576314
4.51285646431,0.535857698804
4.71676413069,0.512692348609
2.41883308252,0.999758477539
3.59422467752,0.672815167935
4.97989278199,0.485602599467
1.58201007535,1.52859259096
3.05504459906,0.791559272407
2.13350526262,1.13346281463
1.8902784112,1.27930831018
3.03354424386,0.797169477549
4.10567209866,0.589001951907
4.11982456482,0.586978605994
4.01675177469,0.602040906594
4.0785269751,0.592922124768
4.27535501296,0.565625280865
3.00768500732,0.804023318304
4.34283806351,0.556836070016
1.10569801759,2.1870789687
1.12076162252,2.15768351754
4.60140353135,0.525545926048
1.91091146313,1.26549498847
1.50703464946,1.6046405309
2.31777515429,1.04334921165
1.81377883081,1.33326557732
2.33452429124,1.03586366142
3.12540511353,0.773739336872
4.80743526986,0.503022660578
4.59653770896,0.526102260684
4.45958614292,0.542258586895
2.17732277178,1.11065245417
3.09659611737,0.780937774363
3.62591280146,0.666935200159
2.41057371089,1.00318395952
1.6572186243,1.45922139936
3.22492225408,0.749862691091
4.18371477887,0.578014756697
2.79807807257,0.864253540208
4.85247669901,0.498353527487
2.70568579972,0.893765595492
4.17411380774,0.579344261173
4.39883153331,0.549748009599
1.74068398596,1.38925209831
2.04652176712,1.1816384848
4.05407201965,0.596498747007
1.12439799785,2.15070543049
1.68897594441,1.43178408669
2.35037551296,1.02887766941
1.43198818679,1.68873521605
1.21048111282,1.99775845685
2.84562668846,0.849812412079
4.40587366339,0.548869319629
3.5813330562,0.675237081291
1.07530163468,2.24890282132
4.93844507308,0.489678197128
2.13685124539,1.13168798494
2.49458688492,0.96939853834
2.9802932196,0.811413073082
1.74641869912,1.38469021273
1.29915515059,1.86140114127
3.65496527252,0.661633886971
4.84417350285,0.499207734524
2.96538106677,0.815493464601
3.18741910271,0.758685570387
2.30287696076,1.05009903751
3.89935690693,0.620166078078
4.29185803118,0.563450343052
4.01243550517,0.6026885359
2.07477518963,1.16554742513
3.19235997747,0.757511338655
3.37208438085,0.717137712725
1.78049063911,1.35819241443
2.27422402767,1.06332922816
1.30326298564,1.85553407613
2.50825069201,0.96411769673
3.98662051332,0.606591189685
3.5408007037,0.682966674027
1.33086310093,1.81705306752
2.04732543292,1.18117463942
2.97519367691,0.812803851652
4.41595468471,0.547616325949
3.409743559,0.709217229437
2.24302390491,1.07811997666
1.57857524759,1.53191866127
3.44416731471,0.70212874667
3.96032579378,0.610618672786
4.01819923209,0.601824036172
4.8500692937,0.498600892804
4.6165337525,0.523823502578
3.40662493913,0.709866487567
2.93193391106,0.824796517711
1.70085243167,1.42178641426
1.87505362334,1.28969585184
2.48513412969,0.973085859276
3.33228041207,0.725703896719
3.53870463563,0.683371213197
2.27271337685,1.06403601291
3.17096203891,0.762623093662
3.20861610958,0.753673483338
1.71100626155,1.41334893644
4.90358486625,0.493159381546
4.19945823781,0.575847822042
1.91532021929,1.26258202448
1.69879245417,1.42351049068
3.92017582647,0.616872555478
1.79767770382,1.34520713855
3.52103053637,0.686801450603
3.88284696088,0.622803037144
2.03632050808,1.18755808352
4.54167389588,0.53245762145
2.01864092014,1.1979589118
3.86551916409,0.625594849578
3.09406282452,0.781577174463
2.24115426077,1.07901937958
1.58002604463,1.53051203695
4.73194873865,0.511047142216
3.45393135195,0.700143874787
2.13615726455,1.13205564034
4.63339590441,0.521917170449
2.10767380081,1.14735443362
3.53351486269,0.684374899773
2.73211560495,0.885119529941
2.69624924289,0.896893670486
3.78683900424,0.638592999937
4.50172371322,0.537182873507
3.53742466652,0.683618481797
1.82085138543,1.32808690448
3.60050518575,0.671641548962
3.2362856667,0.747229734656
3.42438669573,0.706184521456
3.01262892333,0.802703864812
1.60823243807,1.50366876253
4.25524185293,0.568298809699
2.05140619885,1.17882498423
4.90939823008,0.492575416919
2.33833453269,1.03417575466
4.5959979489,0.526164046827
3.9075727441,0.618862152637
1.87157147518,1.2920953926
3.42551453083,0.705952013409
4.36106963851,0.554508201071
3.52063873891,0.686877881923
2.45054938397,0.986819076497
2.0299813778,1.19126653399
3.8943626823,0.620961394015
3.85180621791,0.627822051056
3.47217776497,0.696464594756
1.35017794162,1.79105938963
1.05506061986,2.29204733309
1.74842390271,1.38310216204
2.57777971,0.938113086475
3.74480249486,0.645761394177
1.12214038464,2.15503239444
3.92966190785,0.615383444354
3.80197150473,0.636051289967
3.019688094,0.800827371808
2.94196236951,0.821984980184
2.49735807141,0.968322847926
1.1040008202,2.19044119874
4.44641687657,0.543864632383
1.35559209414,1.78390600717
2.81374884234,0.859440204331
2.42841100515,0.995815319101
1.53755919742,1.57278424405
3.83729399146,0.630196405431
4.25309163677,0.568586121939
1.59799476973,1.51330212452
4.15429403438,0.582108261954
3.7289918307,0.648499377255
1.80949066543,1.33642517544
2.1906815234,1.10387970783
1.64525943183,1.4698283038
3.33285734029,0.725578275063
2.84636397748,0.849592286557
2.89285470507,0.835938588884
4.13471967341,0.584864046661
2.94786474362,0.820339157431
1.23842794055,1.95267629292
2.50048262927,0.967112849214
1.26738276065,1.90806515212
2.33522810164,1.03555146425
1.16401974059,2.07749816921
1.61914151059,1.49353769524
2.74657629689,0.880459386012
4.68180075842,0.516521100487
3.43593603821,0.703810796565
2.85264521122,0.847721571014
4.16231031786,0.58098716706
3.982862823,0.607163487036
3.01871112179,0.801086550663
4.3120738016,0.560808787433
4.00529438904,0.603763080841
1.69308823081,1.42830647334
4.9587291454,0.487675129875
2.70129573057,0.895218117968
4.3688094672,0.553525828525
3.37612461623,0.716279508279
1.07472023856,2.25011942014
4.4466557883,0.543835411404
4.47482210541,0.540412294173
1.08348741529,2.23191229163
4.04623229777,0.597654484972
2.54946120305,0.948533312493
4.40171714783,0.549387613694
4.3247303403,0.55916755259
2.4234762162,0.997843042087
1.76397910297,1.37090562803
3.60189379153,0.671382617024
1.2480799408,1.93757531144
2.47060247196,0.978809382506
4.32021285128,0.559752253708
3.40992115814,0.70918029123
3.62806070741,0.666540357238
4.7723623764,0.506719458681
2.71389776725,0.891061155354
4.22264247982,0.572686153649
1.14674289199,2.10879779319
2.00059367715,1.20876563173
2.06431445573,1.1714537353
4.80106200827,0.503690407629
2.78403399797,0.868613271879
3.20402570222,0.754753271276
1.95957731139,1.23406658464
2.30546952879,1.04891817038
3.3599125687,0.719735656971
3.91149294634,0.618241912531
2.48057784116,0.974873208925
3.0504804223,0.792743615831
4.06051490867,0.59555227216
4.06688068958,0.594620069922
1.93867654879,1.24737098693
4.90715820577,0.492800268219
2.2707683788,1.06494739956
3.70277682006,0.653090639138
4.54156348585,0.532470566036
1.94781839366,1.24151660538
2.69602146576,0.896969445798
2.1023316173,1.15026994795
1.76705751931,1.36851735361
2.85493297166,0.847042261239
2.64099917781,0.915656809105
2.83259096648,0.853723290308
4.48982547084,0.538606432634
2.0390370665,1.18597592939
1.94981341295,1.24024630456
3.14374764977,0.769224870889
4.2862562006,0.564186732389
4.37689626771,0.552503128264
3.31154532202,0.730247858582
1.99633250911,1.21134573973
3.67678970532,0.657706606526
3.52805499874,0.685434008501
4.86083311553,0.497496791707
4.24773462474,0.569303191851
4.69484499299,0.515085989764
4.62217635843,0.523184035501
2.13390484331,1.13325057
4.88177658984,0.495362463951
1.11178725325,2.17510038267
4.89553051039,0.493970750437
4.29591868211,0.562917750299
1.03137397808,2.34468672994
3.81800535077,0.63338017049
1.3308802421,1.81702966465
1.80601405267,1.33899782032
1.91370180784,1.26364978603
4.36795413606,0.553634219745
4.62028113466,0.523398643831
1.52065241836,1.59027063043
1.16458754815,2.07648526197
3.18191221882,0.759998615203
1.588887465,1.5219761835
2.17630534106,1.11117168826
2.63855425278,0.916505270815
1.12970075473,2.1406101305
2.02480826077,1.19431006227
1.66822114473,1.44959730767
3.65391657393,0.661823780338
1.11294511391,2.17283750095
2.97132513763,0.813862087786
4.98823383616,0.484790601128
3.22959937372,0.748776736729
2.30218685763,1.05041381502
2.16277045734,1.11812553745
1.30113051989,1.85857517215
4.1787636317,0.578699609056
1.14282217645,2.1160325113
4.95642740999,0.487901603305
4.73384773189,0.510842134551
4.32293753696,0.559399449871
1.49903287798,1.61320603139
2.46279933478,0.981910643653
4.60406561534,0.52524205388
1.29818202739,1.86279645611
2.24423413553,1.07753858731
3.46685963289,0.697532965297
4.60889705293,0.52469145052
2.84864201569,0.848912873811
4.29347754948,0.563237807145
3.57430339689,0.676565084572
4.73454365594,0.51076704657
4.79339845468,0.504495693998
2.51936825605,0.959863201496
2.36433872899,1.02280136528
1.0839107782,2.23104053271
3.41994839717,0.707100984916
2.94466405178,0.821230822082
1.70660698744,1.41699225293
4.98876663101,0.484738826019
2.57807143798,0.938006931992
3.26961699879,0.739612279021
4.08602286204,0.591834397811
3.00985737009,0.803443014952
4.04108540098,0.598415682928
1.74418516759,1.38646338986
2.54380945483,0.950640731131
3.95129494844,0.612014266602
2.95743872509,0.8176835109
1.31997644801,1.83203941528
3.46853625434,0.697195791734
4.26196023601,0.567402966261
1.45604017835,1.66083938889
4.50739643115,0.536506809849
3.58296205774,0.674930083275
3.89286404955,0.621200445024
1.71632000947,1.4089731907
4.93422298187,0.490097202515
1.94029426126,1.24633099643
1.48243379717,1.63126939268
1.20732760839,2.00297654357
1.43832450554,1.68129575119
3.43704897984,0.703582897475
4.8423303175,0.499397753033
2.54454880414,0.950364511015
3.86260309581,0.626067141774
4.52669623991,0.534219384698
1.72227424858,1.40410209466
1.60094564755,1.51051279205
4.3889064906,0.550991205937
2.16595145406,1.11648341678
4.35747193144,0.554966025725
4.39586999705,0.550118379666
4.57929859882,0.52808281177
4.61722403006,0.523745190672
2.79502526643,0.865197502521
3.91784408574,0.61723969282
1.40918690294,1.71605971851
2.727282714,0.886688009126
4.07310837239,0.593710910418
3.68457853575,0.656316280556
3.01117964037,0.803090206768
3.53905143966,0.683304247262
1.73320289429,1.39524858166
3.93454549041,0.614619626561
4.27838226453,0.56522506183
2.55108768637,0.947928561187
4.73559410517,0.510653748251
3.23018065425,0.748641992149
1.11809151965,2.16283625939
2.35519618571,1.02677173761
2.50385518906,0.965810199634
4.92870037353,0.490646356388
1.7235952171,1.40302598662
4.9375672283,0.489765256489
1.95968364858,1.23399962119
2.88325172771,0.838722771501
1.26927013438,1.90522790578
1.98645032214,1.21737193881
1.1755803578,2.05706812295
2.08007054352,1.16258022476
2.22887551356,1.08496363538
4.09453143583,0.590604546063
2.62881267413,0.919901560046
4.29746229461,0.562715554952
1.10815264722,2.18223444763
3.01878864749,0.801065977909
1.10059277178,2.1972240251
3.5987654177,0.671966243786
2.49964967708,0.967435117877
3.84887060429,0.628300903985
4.60772308683,0.524825132593
4.0944535125,0.590615786117
4.24179660893,0.570100149288
2.68103751097,0.901982486298
1.64943006274,1.46611180105
1.37394357241,1.760078746
3.17440073939,0.761796974778
1.86775395451,1.29473631908
2.40965566642,1.00356615831
3.06030291648,0.790199188119
3.93335778385,0.614805215516
1.79701967753,1.34569972174
4.65243244804,0.519781621121
2.44077462454,0.990771067386
1.55956810398,1.55058882894
3.40945098106,0.709278090061
3.66499616392,0.659823031688
3.30349270596,0.732027915678
1.58652042267,1.5242469277
4.92144668069,0.491369517318
4.83617090396,0.500033792854
1.38118322325,1.75085306518
3.52853334021,0.685341088446
4.50933036903,0.536276715631
4.58350748251,0.527597890748
3.56000598581,0.679282251108
3.67204282958,0.658556828509
1.43763662865,1.6821002135
1.71902810484,1.40675354475
3.55174370814,0.680862437922
4.83839211851,0.499804236773
3.62206289041,0.66764408934
1.99079064202,1.21471782565
4.73866865662,0.510322424975
2.92237082597,0.827495558916
1.93413664986,1.25029887634
4.07622242908,0.593257341098
2.21777318871,1.09039503783
1.03986095443,2.32555022832
2.93446019882,0.824086447305
4.32585978913,0.559021558229
3.98616918951,0.606659869422
2.45355675453,0.985609513836
3.15732274936,0.765917542162
1.34469206393,1.79836629134
1.21366437234,1.99251863622
3.66077801487,0.660583315944
2.80359518324,0.862552801652
3.22514976059,0.749809794743
2.13627440717,1.13199356407
4.73782258745,0.510413557149
1.68408795845,1.43593977254
3.46143872606,0.698625361122
1.81325975102,1.33364724974
1.76277434685,1.37184256415
1.5898248753,1.52107877891
4.14726271927,0.583095174743
3.51722516508,0.687544517767
3.96510927538,0.609882026459
2.66047251225,0.908954657065
3.4128059256,0.70858083721
2.1068583896,1.14779849084
1.89421660484,1.27664854897
3.39023782256,0.71329771142
4.51321915437,0.535814636358
1.71290930423,1.41177870541
2.33654591142,1.03496741416
1.60758306116,1.50427616365
3.67061072069,0.658813768066
2.74738608991,0.880199870298
3.36720116882,0.718177726472
3.35403833308,0.720996196181
4.15681413992,0.581755353643
2.45784643788,0.983889327963
2.37198244451,1.01950538698
3.62322708624,0.667429565535
4.48613473166,0.539049543682
2.488321249,0.971839500616
3.11676281043,0.775884796849
2.58365288168,0.935980563469
2.59777687206,0.930891681271
3.09704092691,0.780825612922
4.96995221672,0.486573869234
2.68098891276,0.901998836507
1.12880046341,2.14231740541
2.72252482212,0.888237587533
2.68555634809,0.900464770259
1.84626524736,1.30980577328
3.38885262026,0.71358927371
4.16306186196,0.580882283325
3.54080686675,0.682965485271
1.38452465708,1.74662752855
3.46680276706,0.697544406904
4.00601529075,0.603654430771
1.67995675588,1.43947090992
1.32241560923,1.8286602662
3.69093750216,0.655185539875
4.5374685864,0.532951101248
2.79360460267,0.865637491322
2.79871299613,0.864057473325
4.23285574859,0.57130434478
4.71245561396,0.513161094364
1.03750098656,2.33084007757
4.34594051262,0.556438559842
3.76744632318,0.641880115218
1.19150319317,2.0295781781
3.52574684694,0.685882732079
3.77505430618,0.640586514488
2.19953352087,1.09943715659
3.90335787263,0.619530404054
2.60522182703,0.928231467628
4.21401170746,0.573859079632
1.98299316334,1.21949431027
1.79136750889,1.34994570795
2.14806670739,1.12577922822
1.44744857486,1.67069761372
3.56774757467,0.677808289233
3.25000028216,0.744076513862
2.82826179138,0.855030070897
1.62506198692,1.4880963923
4.96950354762,0.486617799309
1.52252878048,1.58831078335
1.47428132543,1.64028997606
2.92170508595,0.827684112141
4.77699303135,0.506228262033
4.26261043919,0.567316416665
3.74727512931,0.645335289391
2.94056720332,0.822374974892
2.94413621003,0.821378057089
4.55344175859,0.531081544074
2.06192051571,1.17281382166
4.06768115028,0.594503057309
4.09961610388,0.589872031605
2.7179178543,0.889743181963
1.3304530311,1.81761311634
2.89427871155,0.835527300929
3.50372775898,0.690193144659
4.98279468586,0.485319791895
3.59433915447,0.672793739286
4.49385391292,0.538123607679
3.50801471241,0.689349697265
3.40133272844,0.710970984927
1.93207285018,1.25163441936
3.06798234297,0.788221250863
1.54644008511,1.56375206727
4.12705122069,0.585950779549
3.67418172911,0.658173454198
1.38331822723,1.74815081042
1.19735321837,2.01966207039
4.53432418598,0.533320684807
1.46250482681,1.65349805051
3.77901963076,0.63991434718
1.45413248581,1.66301826251
3.2633416644,0.741034537199
2.91936626271,0.828347203601
2.95004040953,0.819734154213
3.24428608833,0.745387063336
3.25219288835,0.743574862569
1.76227992776,1.3722274435
4.03829176248,0.598829659231
3.8198357493,0.633076665781
1.43428453837,1.68603147793
2.50611862287,0.96493791552
3.7475346604,0.645290597457
1.37268535466,1.76169205258
2.0855192123,1.15954284465
2.76604103116,0.874263560359
3.71584934159,0.650793037525
1.11138754758,2.17588264802
2.75148955483,0.878887174315
1.17452067972,2.05892405451
2.29065887081,1.05570013537
1.54873981644,1.56143004418
4.11438813248,0.587754193851
3.26387385959,0.740913706849
2.71364418357,0.891144422927
4.93909700528,0.489613562442
3.06338663323,0.789403744786
4.85326489412,0.498272592319
4.55185254574,0.531266963439
4.38697495066,0.551233801697
1.53871032507,1.57160762529
2.15953080566,1.11980290981
2.1964990852,1.1009560151
2.94635553441,0.820759359064
4.49942426776,0.537457402567
3.32978000727,0.726248843683
4.33900899728,0.557327463832
3.63651523579,0.664990718642
4.78964676095,0.504890861622
1.38848105133,1.74165061719
4.05272800821,0.59669656466
3.0631908042,0.789454211171
4.50699424178,0.536554685955
2.78281480454,0.868993824544
1.65532830638,1.46088777113
2.71425448297,0.890944049341
2.853609698,0.847435051015
1.58417340548,1.52650516139
4.44883785897,0.543568670439
3.38914231361,0.713528278316
1.92000306591,1.25950261379
2.05276785615,1.17804303724
4.6379387735,0.521405951673
4.67598312687,0.517163731004
3.88607697888,0.622285377552
1.14424616055,2.11339916478
1.38560080659,1.74527098173
3.66761575823,0.659351753131
3.79229213723,0.637674734038
1.96900473979,1.22815797805
4.45134340807,0.543262709324
3.76898120226,0.6416187161
4.43038081258,0.545833187326
1.4642169232,1.65156462931
4.10325684976,0.589348648779
4.95118361542,0.4884183395
4.55860970365,0.53047947449
1.67086065235,1.44730733625
1.58835015104,1.52249104419
4.28228118699,0.564710436892
3.71088530425,0.651663600928
2.98974554632,0.808847723839
4.90775442435,0.492740400376
4.37399964111,0.552869016556
3.92540575224,0.61605067925
1.02198067119,2.36623739388
1.9883925673,1.21618282012
3.20656968362,0.754154476153
2.58242527323,0.936425500893
1.7516730726,1.38053665254
3.21720256115,0.751661990202
1.45055728784,1.66711711442
1.62237389181,1.49056200436
1.28501601967,1.88188228239
1.23884080772,1.95202552655
3.2718095576,0.739116637881
4.19087036151,0.577027841809
3.24942888685,0.744207355879
3.53461968269,0.684160983951
4.91553614014,0.491960350012
3.80846252965,0.634967223959
1.63971044609,1.47480238707
3.2305308885,0.748560828999
4.00161822306,0.604317739775
4.35223394414,0.555633936741
4.30909317544,0.561196702309
4.09390150718,0.590695422388
4.41395721114,0.547864141931
4.20330393846,0.575320965461
1.11055517357,2.17751349734
2.66419930805,0.90768317246
2.40489618918,1.00555229406
2.12199489187,1.13961107506
2.78733392751,0.8675849191
4.8987596442,0.493645137879
3.8004432432,0.636307063479
3.483077088,0.694285202109
1.07347450593,2.25273061133
1.42389949195,1.6983283537
3.18999541804,0.758072838076
1.02992859923,2.34797721105
1.87885216592,1.28708842764
4.88873484254,0.494657402762
2.37581739514,1.01785974164
2.75551054671,0.877604654024
3.25521060762,0.742885536912
3.1556499076,0.766323562755
4.04854559312,0.597312991636
3.19736449761,0.756325680669
1.87518205694,1.28960751894
2.96936204685,0.81440014449
4.48114427591,0.539649859747
2.73805359076,0.883199981244
1.26293057135,1.91479162422
4.71847010599,0.51250698334
2.60364513695,0.928793577007
3.96784318589,0.609461807512
4.11039454017,0.588325246243
2.97317334628,0.81335616809
2.38826101253,1.01255636101
4.41620654942,0.547585094343
2.4616989442,0.982349562159
2.2305760252,1.08413649779
1.37635406629,1.75699621138
4.10509092059,0.589085339833
3.35296733139,0.721226496113
4.21066277081,0.574315496545
1.71525725738,1.40984617298
1.99715584675,1.2108463563
2.94409323803,0.821390045926
2.22709517208,1.08583095609
4.5953880647,0.526233877521
3.22790702776,0.749169309773
3.73478836658,0.64749288116
2.38260189097,1.01496137024
4.83845771472,0.499797460799
3.96693318804,0.609601615498
3.57267762691,0.676872959873
4.22263791764,0.572686772384
2.60766051546,0.927363384024
3.56237409119,0.678830694952
1.59451921233,1.51660065385
1.95665459293,1.23590994994
1.62254518043,1.49040464893
4.5667550072,0.529533306732
1.74934606174,1.38237306665
1.76957419587,1.3665710574
4.83541881612,0.500111566746
1.5654012061,1.54481092168
1.37458626265,1.75925581806
4.70316534162,0.514174753458
2.8929021217,0.835924887283
1.37260392234,1.76179656829
1.52919508218,1.58138677542
2.17705620994,1.11078844403
4.51200477888,0.535958847233
1.66878534152,1.44910721579
3.16769973823,0.763408491914
4.56555902836,0.529672021538
1.95107565738,1.23944392974
4.07015175559,0.594142190565
2.11580470949,1.14294522039
4.37468445254,0.552782470652
3.85258745886,0.627694739139
3.08720836483,0.783312492785
2.90976130425,0.831081531143
4.33847679705,0.5573958311
1.88588625303,1.28228777113
3.40145275415,0.710945897175
4.12596060735,0.586105663659
4.4880767906,0.538816288764
1.18375769339,2.04285800507
1.54206227594,1.56819145227
1.42239007507,1.70013059173
2.50225537375,0.966427689742
1.02854056337,2.35114585279
2.54137076642,0.95155296187
2.62291197416,0.921971039756
2.59154609118,0.933129797778
3.42874902814,0.705286056271
3.32549701242,0.727184198622
1.99081202416,1.21470477908
4.96252710663,0.487301898416
4.59606975072,0.526155826861
3.51360534924,0.68825284562
3.73591062665,0.647298375595
2.78198988566,0.869251499606
2.57634128398,0.93863685492
2.6877748825,0.899721511553
3.09411388301,0.781564277023
3.14562481953,0.768765831508
4.60030111902,0.525671867435
2.14527292145,1.12724532894
3.00489755352,0.80476915999
1.55502885577,1.55511511637
2.28462591103,1.05848789875
4.04337690686,0.598076542382
2.23387011742,1.08253781683
2.71685463309,0.890091376458
4.59451349261,0.526334046878
4.11345540611,0.587887467166
1.70389080241,1.41925109084
2.77861000099,0.870308851959
2.51262301434,0.962439994459
1.36820538369,1.76746043308
1.75639410645,1.37682589068
3.56640869373,0.67806274818
2.27657243125,1.06223234842
2.37353320203,1.01883928901
2.46140888749,0.98246532394
3.00738244924,0.804104207169
4.10526576708,0.589060250225
1.30640577801,1.85107025758
4.90217034102,0.493301683086
2.8141267898,0.859324778387
1.40511369513,1.72103431087
3.22739373677,0.74928845912
2.07399825343,1.16598404845
4.01078364152,0.602936756539
4.89872192508,0.493648938842
4.88365313536,0.495172120741
3.79206145163,0.63771352623
3.72355432708,0.649446380414
1.22234938483,1.9783614325
3.75161522792,0.644588725945
4.55488267259,0.530913539125
4.25308218572,0.568587385431
3.54859282388,0.681466992698
4.12982668683,0.585556989041
4.05395298082,0.596516262384
4.35754116896,0.5549572078
4.09204315638,0.59096367941
2.14596324803,1.12688270977
3.50447319347,0.690046334069
1.07175547246,2.25634386027
4.85527348005,0.498066461125
1.79041799388,1.35066162665
2.22259937885,1.08802733547
4.00337228477,0.60405296035
1.77217527926,1.36456529346
4.99424624007,0.484206978142
3.34514985665,0.722911972147
2.5611704832,0.944196763106
2.58089361827,0.936981231183
2.24621642313,1.07658765874
3.18718074052,0.758742310799
1.56241754433,1.54776096107
2.16478110605,1.11708702244
1.6452192972,1.46986415983
3.15580851771,0.766285047533
1.65403203165,1.46203267756
2.56129454669,0.944151028285
2.55580917574,0.946177399688
4.9740590947,0.486172125011
1.95382734992,1.23769834633
2.75045662878,0.879217237857
2.20237410822,1.0980191199
3.96199552925,0.610361334874
1.4591870333,1.6572576543
2.5353636781,0.953807495502
3.64469859447,0.663497630138
3.85946765483,0.626575760253
2.65869868658,0.909561091749
3.6921875151,0.654963722755
1.4093892472,1.71581334596
1.85011744146,1.30707858096
1.2594800398,1.92003747864
3.0895533914,0.782717944521
3.22401486898,0.750073736716
1.10517273232,2.18811848074
1.3725266003,1.76189582007
1.43468411873,1.68556189368
3.9291062223,0.615470476791
1.89352181524,1.27711698937
2.57474763573,0.939217827191
1.04163235766,2.32159539036
2.64573152777,0.914018998003
1.0159803711,2.38021220566
3.22184297527,0.750579372913
2.176787308,1.11092566146
3.99908103249,0.604701145177
2.28977579113,1.05610727887
2.21537642339,1.0915747114
3.02140192103,0.800373119236
3.47191753051,0.696516797635
4.34220464925,0.556917297856
1.72278213542,1.40368815667
2.89553119646,0.83516588699
4.34519664548,0.556533818213
3.8003709964,0.636319159969
4.79167726804,0.504676910553
1.05517447365,2.29180002017
4.30852334435,0.561270924335
2.62135163869,0.922519834542
1.01232280355,2.38881201878
1.62149484864,1.49137006635
2.43470310548,0.993241793857
2.01630479829,1.19934688547
2.14747537211,1.12608922617
4.42222182818,0.546840247721
4.52048335486,0.534953607871
3.38397359772,0.714618128708
3.03940286649,0.795632887849
1.83483308377,1.31796668667
2.50325126767,0.966043205982
3.51320682107,0.688330919061
3.16260887994,0.764637352199
2.19335364755,1.10253487061
1.15029012226,2.10229474565
2.95204975902,0.819176191936
4.40346952854,0.549168982395
4.62654067435,0.52269050468
1.32916578417,1.81937340609
2.88095565705,0.839391218704
3.70116044493,0.653375857649
2.64820130506,0.913166561539
1.32966232247,1.81869399406
2.12800695685,1.13639143529
4.25108644595,0.568854317771
2.97733373168,0.812219622634
4.86108500777,0.497471012363
2.64779478497,0.913306761435
1.4808977195,1.63296144505
1.49054244878,1.62239517699
2.59221677676,0.932888368626
2.73859627931,0.883024963655
4.82075425154,0.50163288851
3.52992415628,0.68507105902
3.69418991116,0.654608706688
3.6342555188,0.665404198327
3.71913253925,0.650218526627
2.13209770496,1.13421109848
2.55705127482,0.945717789788
2.79366477535,0.865618846377
2.47335527048,0.977719985827
1.79374622963,1.34815551947
1.62884007888,1.4846447551
4.81723275131,0.501999592887
2.14534475703,1.1272075838
2.67728157688,0.903247869361
1.78582633003,1.35413440788
4.14114684129,0.58395632241
2.30387966587,1.04964200858
1.96683234199,1.2295144982
3.70542483732,0.652623919299
3.02410052782,0.799658892868
4.0483072409,0.597348159638
2.00802787881,1.20429049095
2.15301805499,1.12319024655
2.65025494273,0.912458964235
4.14368391259,0.583598780943
1.99262045704,1.21360235536
2.65053238549,0.912363453184
3.17608008618,0.76139417596
1.81471263729,1.33257951166
2.67844599907,0.902855193212
2.44847646703,0.987654532343
4.28896448796,0.56383047395
3.37670311524,0.716156794799
2.65067520571,0.912314294407
4.20403352996,0.575221121041
3.01856195682,0.80112613708
2.3084991983,1.04754157237
2.46667220321,0.980368967086
1.20404277903,2.00844099738
3.5777598553,0.675911457952
4.02128632949,0.601362022462
2.31789573647,1.04329493426
3.06985993672,0.787739157436
3.06976529144,0.787763444569
2.7541466921,0.878039244219
3.78248291785,0.639328433868
3.66874049049,0.659149614498
1.86911365707,1.29379445218
3.58792272591,0.673996923773
4.19853398136,0.575974587973
3.33190030598,0.725786685651
3.49016269399,0.692875688622
4.376033991,0.552611996382
2.09393388981,1.15488310866
1.06144438238,2.27826245082
1.34040328242,1.80412038058
3.9139022705,0.617861334512
3.88365918691,0.62267278451
4.87664295485,0.495883931301
3.88958876506,0.621723535846
2.96647384964,0.815193054977
2.17656697101,1.11103812206
4.54530336878,0.532032448397
3.47515803132,0.695867312567
2.29656087799,1.05298705694
3.66432755904,0.659943425099
3.77737244532,0.640193392366
2.59685303581,0.931222848058
2.99291160521,0.807992082288
3.19669725604,0.756483547334
1.70515169316,1.41820161203
1.53128574469,1.57922771004
2.39139602094,1.01122894695
1.42842929829,1.69294264889
1.55527745971,1.55486653838
3.57694530737,0.676065377634
3.86795802699,0.625200393367
1.1555363992,2.09275006973
4.45029629161,0.543390534369
3.89577355704,0.620736509602
2.87488447159,0.841163846373
3.64009421972,0.664336891859
4.04097434512,0.598432128855
2.61740335423,0.923911431569
3.77336875435,0.640872662448
3.85037369397,0.628055631013
1.65665487187,1.45971796604
1.50423976351,1.60762196204
3.72095397315,0.649900239951
2.30284586883,1.05011321545
1.19488068788,2.02384129607
3.09771702625,0.780655192035
4.98587596122,0.485019863874
3.95512812651,0.611421122817
3.39422865229,0.712459037893
2.66936148251,0.90592783924
3.24844963873,0.744431697869
4.25550841671,0.56826321163
1.76428449871,1.37066832575
4.62468125014,0.522900660435
3.94493490883,0.613000958415
4.83033763691,0.500637649327
3.12717760209,0.773300780353
2.37789000337,1.01697255826
3.57468787064,0.676492316955
3.79085764941,0.637916034746
2.94592652329,0.820878885092
2.31474267265,1.04471607517
4.20108366635,0.575625022507
3.90248209068,0.619669436991
3.94690033318,0.612695704442
3.09401620161,0.781588951844
4.7917934537,0.504664673752
4.91125070034,0.492389622837
4.79885105653,0.503922470506
3.07652540968,0.786032474295
3.69648080963,0.654203012146
1.72716812391,1.40012361653
4.66887378538,0.517951221464
3.22290404564,0.75033226114
4.4735321259,0.54056812647
1.82890125909,1.32224135556
3.25715709972,0.742441585088
3.8418174409,0.629454396831
2.24032804669,1.07941731282
2.05036947004,1.17942103379
2.59351664097,0.932420807255
2.34861310504,1.02964974299
1.98080714395,1.22084014458
2.94314760965,0.821653957167
1.3248846892,1.82525234061
4.21212513897,0.574116105343
3.25483151791,0.742972060672
2.06725694969,1.16978631048
1.02584004182,2.35733523884
4.70992567433,0.513436739179
4.74978553169,0.509128015121
2.15467141052,1.12232838297
1.61438889422,1.4979345365
2.86494066359,0.844083408333
1.15524939017,2.09326999051
3.67520846406,0.65798958172
1.09033762291,2.21788997205
2.8120876457,0.859947905145
1.06771603393,2.26488017708
2.25926916327,1.07036776286
4.62934661829,0.522373691019
4.03002293317,0.600058342124
4.82029566421,0.50168061224
2.42892770901,0.995603480101
3.45432422951,0.700064243923
4.57249642602,0.528868402442
1.86076038637,1.29960251611
4.12145997863,0.58674569025
2.08479656214,1.15994477539
4.3276743346,0.558787166738
1.81397522464,1.33312122853
2.60055017128,0.929898952426
3.51261437902,0.688447013837
1.93283086082,1.25114355789
1.48697452494,1.62628803617
4.11696924555,0.58738570433
2.57678790507,0.938474165933
1.08504111014,2.22871636603
4.6531597209,0.519700381041
3.48973753158,0.692960103192
1.31863163123,1.83390783501
2.25257658791,1.07354790642
3.98861512319,0.606287848116
3.00698116505,0.804211515557
3.3244444618,0.727414432032
4.5115661308,0.536010957147
2.90403855803,0.832719274098
4.33938560002,0.557279094992
3.69863407907,0.653822148474
4.70002936217,0.514517823966
4.29229331179,0.563393203665
4.27268821487,0.56597831585
2.51919980897,0.959927383047
4.07645545291,0.593223428524
3.54085293731,0.682956599105
4.34632448643,0.556389401563
4.16185157491,0.58105120677
4.4519136496,0.543193123303
3.48201834877,0.694496305814
4.44487508061,0.544053282971
2.6550283145,0.91081848988
3.27501184206,0.738393934625
3.0605393099,0.790138153815
3.98390245905,0.60700504213
1.43933541157,1.6801149062
2.26796111906,1.06626558087
3.75121376602,0.644657711034
1.42688423129,1.6947758108
2.98432805398,0.810316036395
4.5423081346,0.532383274833
4.60658536755,0.524954752176
1.21138648661,1.99626535935
2.38735246438,1.0129417068
1.39262963258,1.73646231807
4.14608472021,0.583260845639
4.31143302809,0.56089213592
1.44040774318,1.67886412126
3.71923100258,0.65020131267
3.71212362789,0.651446213114
4.9554380379,0.48799901472
4.61281189347,0.524246150904
3.4012498004,0.710988319563
2.61732687019,0.92393843029
1.02508540994,2.35907062627
3.77975718642,0.639789478724
1.9641650649,1.23118414191
4.7876020216,0.505106495713
3.07013184715,0.787669390241
3.48906854545,0.6930929698
2.10880518844,1.14673887055
2.58478495201,0.935570627691
3.07643918463,0.786054504857
1.79139018962,1.34992861634
1.50968521897,1.6018232474
3.76745074358,0.641879362091
2.03413334964,1.18883497998
1.16213808968,2.08086190572
3.03070126468,0.797917270232
1.99008862165,1.2151463275
2.51874290409,0.96010151575
3.44254047295,0.702460551734
1.69000585519,1.43091153949
3.29146310159,0.734703323525
2.57898072151,0.937676214417
2.28950907585,1.05623030959
1.76420734979,1.37072826518
1.06369925518,2.27343289772
3.99902741832,0.604709252285
2.71015004906,0.892293355062
3.51566927909,0.687848795784
3.03897431183,0.795745087605
3.06741867675,0.788366093723
1.45694947128,1.65980284675
2.12929009076,1.13570663316
4.05760621239,0.595979193992
2.25802788604,1.07095616266
3.67987599421,0.657154992126
3.48472063132,0.693957747507
4.06950002729,0.594237342127
3.82309654127,0.632536702617
3.53152820574,0.684759894051
4.49185813382,0.538362701571
4.18538864254,0.577783591091
4.65043903815,0.520004425423
1.51977268664,1.5911911704
4.04635655013,0.597636132664
4.83832873173,0.499810784691
3.3332836821,0.725485470374
2.42731989432,0.996262950613
2.03695941195,1.18718559919
4.14029891353,0.584075915895
1.29639632497,1.86536233821
1.90575059224,1.26892201417
4.88551488751,0.494983422563
1.12021288409,2.15874046295
4.62218564538,0.523182984314
1.99341114975,1.21312097622
2.34472936812,1.03135522286
1.38232212273,1.74941053191
2.40495605836,1.00552726175
3.63880098703,0.664572997704
1.84554457469,1.31031724358
1.99423083221,1.21262235091
2.84294722179,0.850613356964
3.30506797064,0.731679015828
4.68434747972,0.516240285433
2.47286972894,0.977911958604
4.95854877363,0.487692869506
3.32225316099,0.727894222028
1.70384330067,1.41929065839
4.16642670005,0.580413158348
3.93086124673,0.615195685681
3.80211404645,0.636027444326
2.80382338406,0.862482599206
3.896440968,0.620630185305
2.8891798103,0.837001861697
3.81283333488,0.63423933532
1.18477253307,2.04110815579
1.73731073332,1.39194954225
3.96519563132,0.609868744155
4.81780594707,0.501939867767
3.50991819957,0.688975851431
2.23846937311,1.08031358796
3.94669158341,0.612728111355
3.88675500098,0.62217682344
3.59395013193,0.672866564986
3.92396949915,0.616276166399
4.61182378587,0.524358473411
1.488764206,1.62433303423
4.58853074867,0.527020306163
3.1667725311,0.763632012166
1.13383355638,2.13280764746
2.03074659503,1.19081764604
1.74587733088,1.38511958271
4.75972256881,0.508065090988
3.32045574168,0.728288243583
2.4647166847,0.981146796714
2.74585852559,0.880689539343
1.40201312376,1.724840402
2.837875577,0.852133511278
1.73954007583,1.39016566137
1.60045230591,1.51097840971
4.70429841884,0.514050909337
1.50704411347,1.604630454
1.03399446966,2.33874450102
2.32445141223,1.04035251814
3.15546268916,0.766369029908
2.20583232037,1.0962976912
2.42521978927,0.997125658753
2.86695446965,0.843490507296
2.4508141577,0.98671246549
2.0473717058,1.18114794356
1.21913861568,1.98357171932
3.83744870029,0.63017099872
3.21257465033,0.752744805401
3.44414950546,0.702132377286
2.73064224942,0.88559710834
3.861475892,0.626249897095
4.90336392308,0.493181603066
2.22250783234,1.08807215201
2.66030276948,0.90901265365
4.80709563867,0.503058200163
4.87971247613,0.4955720018
2.41337971082,1.00201757277
2.74870510409,0.879777491009
4.59432877087,0.526355208912
4.97681887622,0.485902529336
2.32694648122,1.03923699987
3.68214906114,0.65674931673
1.26599200921,1.91016125094
1.56366356085,1.54652761665
2.25926280329,1.07037077602
1.14875196797,2.1051096733
1.00220908362,2.41291854118
1.1987369444,2.01733073406
4.59010785867,0.526839227848
2.82246433479,0.856786337454
2.8239930083,0.856322545025
2.81185841457,0.860018010676
1.92529902674,1.25603807326
4.94346076955,0.489181363569
3.28907847826,0.735235992691
4.81422168042,0.502313570195
1.91376400414,1.26360871809
3.5751992878,0.676395547586
2.08328682284,1.16078537697
1.73372696891,1.394826823
1.57862994383,1.53186558348
4.79876763958,0.503931230188
4.46560381494,0.541527860557
3.86982039127,0.624899513542
2.20606770464,1.09618071781
4.10606408595,0.588945722565
3.12808955303,0.773075335283
1.50458560709,1.60725243456
1.93727551523,1.24827308299
1.29491324364,1.86749876246
3.80362533923,0.635774731822
2.06832902939,1.16917997361
2.30467961379,1.04927768074
4.05442997215,0.596446084064
3.4034813593,0.710522146212
3.55466798219,0.680302321374
1.10818764841,2.18216552355
1.65623981486,1.46008377428
1.76835289915,1.36751486718
3.39719738019,0.711836437323
4.44565785304,0.543957488394
2.55691787672,0.945767129253
2.40539631108,1.00534322301
4.16195502418,0.581036764201
1.29625791119,1.86556152068
4.6671145661,0.518146457678
2.04433949975,1.18289984628
2.72744127596,0.886636460817
4.85703290422,0.49788604024
2.45635459536,0.984486883356
4.3175212593,0.560101209645
1.07317283991,2.2533638479
1.72952358189,1.39821677213
2.57532311537,0.939007950329
1.506689383,1.60500824343
2.22719316242,1.08578318253
1.62378173956,1.4892696605
3.14904364034,0.767931205849
4.84441679273,0.499182663975
3.88383747898,0.622644199992
4.18372474679,0.57801337955
1.5140512097,1.59720415301
4.23454449308,0.571076507509
3.76174100119,0.642853635918
2.24100543011,1.0790910399
4.50740221851,0.536506120991
1.82947805461,1.32182448098
2.17916529111,1.10971337964
2.99009920488,0.808752056138
4.22802874084,0.571956585025
4.74119543338,0.510050453305
2.32360898157,1.04072970073
2.89834691892,0.834354529548
1.8297450904,1.3216315719
4.18062469983,0.578441992197
4.86890844743,0.496671668016
1.76748168055,1.36818893605
2.89551637693,0.83517016145
1.54208163929,1.56817176107
3.00612773588,0.804439828399
2.10100326302,1.15099720336
1.51188532779,1.59949226012
3.41745430013,0.707617035261
1.88248698589,1.28460323929
2.80120546251,0.86328864925
1.9929779869,1.21338464142
2.55955116008,0.944794117703
2.74937003468,0.879564718279
4.07678456603,0.593175538426
2.42237649032,0.998296049215
2.46069679573,0.982749635875
1.48600159365,1.62735281734
3.0432547304,0.794625851016
2.86429581688,0.844273439129
1.10755651312,2.18340901919
1.67321595755,1.44527003169
3.72517146109,0.649164449276
3.33150363486,0.725873102672
2.6710607665,0.905351503168
3.21511909967,0.752149082207
2.70365232915,0.894437814333
2.23050456534,1.08417123084
4.453492512,0.543000549228
3.22465884203,0.749923944971
1.14446810542,2.11298931666
2.74600718669,0.880641861288
4.05147453219,0.596881175184
2.8662004173,0.843712416411
3.70955590124,0.651897139275
1.03835994845,2.32891193812
3.83302086196,0.630898961183
4.37730259195,0.55245184202
1.85271757781,1.30524420396
1.67387794782,1.44469845197
2.24325325057,1.07800975186
4.22278561625,0.572666741758
4.10428262297,0.589201354328
2.56000445004,0.944626826707
3.28966218808,0.735105534167
3.93637494089,0.614333978931
2.30206760683,1.05046822814
3.95469267318,0.611488446725
1.49256072944,1.62020133071
1.05832686074,2.28497354618
2.52301220585,0.958476885047
4.08721944698,0.591661130842
2.66870490432,0.906150723554
4.44646406176,0.543858860976
1.78280352565,1.35643038911
1.64091746937,1.47371755444
1.54020682302,1.57008061766
4.56560738624,0.529666411372
2.54289488477,0.950982635766
4.03526176504,0.599279308458
4.22987727304,0.571706629743
2.330845598,1.03749852932
4.83743202232,0.499903434062
4.44732551003,0.543753515353
4.71550583838,0.512829156168
2.77549283495,0.871286298977
3.74708846184,0.645367437847
2.99459942967,0.807536679544
4.5853091578,0.527390585188
1.09464465453,2.20916337553
3.8149530781,0.633886926127
3.54734886132,0.681705965368
2.80332329082,0.86263646006
4.26360589631,0.567183960903
4.87114373098,0.496443753983
2.42336392132,0.997889280567
4.65846978971,0.519107988066
4.49798775665,0.537629048996
2.86592683692,0.843792956904
2.52040297463,0.959469142172
3.56299071174,0.678713214726
4.65974102522,0.518966368927
1.53624779287,1.57412683763
1.84516098084,1.31058964779
3.04732798294,0.793563703525
1.74649064477,1.38463317124
4.71796472092,0.512561882728
4.72070285973,0.512264582596
1.22800423119,1.96925126036
2.63725710511,0.916956058365
4.47562403969,0.540315464068
4.67961193681,0.516762695851
2.75821270645,0.876744884229
2.28598008085,1.05786087126
4.87819880512,0.49572577433
1.44426599671,1.67437915558
4.18273463109,0.578150203942
1.67155050222,1.44671003167
3.42203175785,0.706670496103
4.81857562584,0.501859692112
2.4566439385,0.984370930643
3.61649992361,0.668671071777
2.78184268253,0.869297496652
3.08563850475,0.783711013549
1.27049438888,1.90339201902
3.9213970815,0.616680440603
1.05922626689,2.28303333819
4.9918082451,0.484443464425
2.28755109886,1.05713436575
4.57050901444,0.529098372273
4.77450803183,0.506491739856
3.53925140672,0.683265640697
4.0019234069,0.604271654932
1.62461175709,1.48850878953
3.77528298452,0.640547712561
4.02502422577,0.600803559024
3.87448239681,0.624147597623
2.02766549623,1.19262712933
1.04786953864,2.30777667526
4.30116626154,0.56223097015
2.3368383468,1.03483789681
3.76446779915,0.642387983913
3.22707390555,0.749362720153
4.96222592584,0.487331475056
2.08311745901,1.16087975238
4.99463189193,0.484169590938
4.10135423245,0.589622047485
2.41473342492,1.00145583568
4.16493553522,0.580620962689
4.55112542048,0.531351843022
2.9993277763,0.806263623171
2.77730038303,0.870719240444
1.28647482438,1.87974831235
2.7714897427,0.872544769962
2.80488016765,0.862157645053
4.27329022389,0.565898582428
2.03306060212,1.18946227057
4.39478722918,0.550253915353
2.67108410227,0.905343593615
4.41775980835,0.547392566574
4.67746820315,0.516999533716
1.32606473578,1.82362807391
1.93525543845,1.2495760673
3.0963594257,0.780997470749
1.75083297692,1.38119907032
4.98163494467,0.485432775958
2.98604641998,0.80984972766
2.22867295704,1.08506224404
2.87386791899,0.841461385202
2.8154109008,0.858932839719
4.51103046341,0.536074606371
1.11479516214,2.16923158812
1.04412150868,2.31606078401
2.33113801561,1.03736838566
3.32955427474,0.726298080901
2.34219783521,1.03246994923
1.78778294594,1.352652393
2.4202520051,0.999172348544
1.31039216054,1.84543906231
3.28805011984,0.735465942386
2.0199705707,1.19717035242
4.0130344897,0.602598578758
1.40461830408,1.72164129784
1.9942204928,1.21262863797
2.97997124851,0.811500742234
2.76222742448,0.875470592527
2.77122186338,0.872629114238
3.96705845046,0.609582366935
2.01786185209,1.19842142687
2.36370600235,1.023075153
1.20195197412,2.01193469629
2.48619586086,0.972670302476
4.4966135537,0.537793352958
1.92090582496,1.25891069129
4.202597001,0.57541774275
1.62538514554,1.48780052939
3.53041748432,0.684975329614
4.76730640202,0.507256860809
2.96924478337,0.814432307349
4.46966953414,0.541035273755
1.0481336935,2.30719506013
3.49576283434,0.691765715981
3.59941874516,0.67184427576
1.24816550483,1.93744248711
3.75819515526,0.643460166409
1.79032074299,1.35073499509
3.12902779225,0.772843528585
2.27996923204,1.06064978686
3.28428804746,0.736308400803
4.71980970558,0.512361521088
2.59212591709,0.932921068401
1.30536674198,1.8525436586
4.23012521756,0.571673119737
3.79233966355,0.637666742576
4.04966881303,0.597147320349
4.78276660272,0.5056171628
2.61638407921,0.924271363375
3.14107906705,0.769878385223
4.53867306945,0.532809665512
1.9713129018,1.22671995795
3.89940255398,0.620158818312
4.80297580191,0.50348970716
1.76998234871,1.36625593005
2.17961126084,1.10948632146
3.20087692991,0.755495738496
3.97543889848,0.608297333138
1.28465596443,1.88240972444
4.50880232367,0.536339521319
4.88141211315,0.495399450804
3.26809802457,0.739956042267
2.96312300713,0.816114914628
1.88430916771,1.28336099056
1.83393728925,1.31861045313
1.05376565336,2.29486401677
1.8337452006,1.31874858034
3.75228457218,0.644473742192
4.35815246785,0.554879366391
1.86566346091,1.2961870834
3.98799348835,0.6063823542
1.52949216202,1.58107961587
1.47394246955,1.64066707484
2.27297604093,1.06391305339
1.89260443631,1.27773603063
4.79273272102,0.504565770879
4.00055177791,0.604478835483
4.66413992547,0.518476915067
4.83153568443,0.50051350915
3.01302059061,0.802599520074
4.52825619398,0.534035349682
2.74391856432,0.881312190327
4.15844330467,0.581527437752
4.61498319508,0.523999498541
2.17044849208,1.11417013066
2.61401058832,0.925110590908
4.39738793628,0.549928483691
3.9882641578,0.606341201164
4.38706666099,0.551222278318
1.15534688041,2.09309335663
4.76792666784,0.507190871099
1.744041522,1.38657758401
3.44076524363,0.702822979416
3.07938491083,0.78530256854
1.65131248363,1.46444050049
3.28450890577,0.736258889647
4.02836468592,0.60030535181
1.39285136492,1.73618588523
3.74604601205,0.645547030714
3.72607590381,0.649006875445
2.51925423271,0.959906645626
4.04761215634,0.597450740485
3.8599234606,0.626501769966
3.30730522818,0.731184064717
3.57728920049,0.676000385897
2.83855562671,0.851929360567
4.4508320478,0.543325125286
2.23289659464,1.08300979356
4.63990140073,0.521185402694
1.76196966979,1.37246907337
3.89440130966,0.620955234892
4.30368240229,0.561902262749
1.08386231898,2.23114028198
4.76706012068,0.507283067296
4.91876841265,0.491637067884
3.99991764766,0.604574667035
1.45083855248,1.66679392125
2.49454877481,0.969413348185
4.08409510664,0.592113752706
3.06911418167,0.787930567863
3.51822521276,0.687349084768
1.65967444287,1.45706219095
2.99745637988,0.806766996256
1.08550938101,2.22775493452
1.19551745385,2.0227633417
3.76371854611,0.642515865725
4.5633857549,0.52992427331
4.74869694505,0.509244727129
2.00151985964,1.20820628801
1.09815077384,2.20211007233
2.38789277462,1.01271250774
4.56740506841,0.529457940292
3.14425480024,0.769100799279
1.9854217964,1.21800258483
3.62553474555,0.667004745429
3.32571092574,0.727137425349
2.72160465069,0.888537899648
2.46658127603,0.980405107062
4.6910856265,0.51549877204
3.7524411904,0.644446843347
1.68685932914,1.43358064198
1.4388808945,1.68064562484
3.21841763539,0.751378209406
4.82762943943,0.500918496405
3.7380949777,0.646920127613
1.8329358057,1.31933091845
4.33518169602,0.557819498597
3.15744492762,0.765887904757
2.32606442965,1.03963108209
3.23710914605,0.747039648927
2.92917276407,0.825574001528
4.03627954116,0.599128195989
4.68859321528,0.515772806247
4.79062041117,0.504788247126
1.5221265092,1.58873054597
1.98672773625,1.21720195268
3.52444923839,0.686135255875
3.68102635282,0.656949624429
2.12140005904,1.13993061785
3.66776336495,0.659325217955
3.80054207152,0.636290517114
2.02524966435,1.19404976214
2.32224848793,1.04133941418
2.23011082051,1.0843626504
1.59361386345,1.51746225072
3.97886378153,0.607773729582
4.75176964788,0.508915427135
2.7929661941,0.865835356372
3.96252981195,0.610279037575
3.8540338262,0.627459173701
2.0459435149,1.18197245544
3.10537882202,0.778729107975
4.51303880493,0.535836048509
1.32675276667,1.82268237214
1.21767546286,1.9859551693
1.22773865535,1.96967723502
4.9811015107,0.485484761714
2.53792104229,0.952846380837
1.17341379746,2.06086623937
4.82337624003,0.501360200751
4.64510602685,0.520601438594
4.37753989173,0.552421894445
4.77137651438,0.506824157078
1.92309940336,1.25747471804
1.22598593248,1.97249317135
4.35182992089,0.555685521713
4.21484379992,0.573745788645
1.53089788248,1.5796278169
2.04768819404,1.18096538674
2.20244485197,1.09798385092
2.03967819722,1.18560314235
4.99810265839,0.483833375439
3.58869765823,0.673851382953
2.68329459535,0.901223773263
1.16245979021,2.08028604548
3.82671959854,0.63193783023
3.96173430353,0.6104015804
4.97943740459,0.48564700859
4.70465368084,0.514012091868
4.3179637572,0.560043811384
3.43244245092,0.704527144905
4.30315916128,0.561970587042
4.17335515696,0.579449576911
1.31677738386,1.83649029035
1.26770315544,1.90758291451
3.15879484504,0.765560600999
3.62204657675,0.667647096403
3.20404555793,0.754748594014
1.93947341297,1.24685848428
3.0081020338,0.803911852999
2.07630039869,1.16469123713
2.94067640913,0.822344434939
2.62091888528,0.922672156542
3.53478644083,0.684128707768
3.87016087052,0.62484453771
1.05968830389,2.28203790787
3.2359518798,0.747306811048
2.61583626668,0.924464925729
1.72774351751,1.39965733078
3.40371259642,0.710473875656
4.77807983844,0.506113116935
4.51448316702,0.535664613319
3.5676062054,0.677835147932
3.99798931381,0.604866269064
1.60195999156,1.50955635143
2.82258986615,0.85674823289
2.37993516482,1.01609863821
3.41209719731,0.708728016864
4.85847256412,0.497738506925
1.59190042027,1.51909557231
3.13908104538,0.770368411977
1.84817962238,1.3084490548
1.4641349744,1.6516570687
2.93024640097,0.82527151273
1.34512570788,1.7977865309
4.20453478637,0.575152544305
4.58627039897,0.527280048848
2.16764473281,1.11561126387
2.00277366042,1.20744991198
2.48196196276,0.974329549076
2.05735339535,1.17541735195
1.81108932567,1.33524550431
1.82070719658,1.32819208083
2.38597598374,1.01352607758
4.4518288003,0.543203476252
1.07637463144,2.24666097599
4.84324849443,0.499303077837
4.08583332302,0.591861852606
3.44830334906,0.701286585086
2.64750613738,0.913406335819
1.72610746848,1.40098396198
4.29274999385,0.563333267361
1.7910502868,1.35018480375
3.73389386441,0.647647996386
3.18177639483,0.7600310581
3.43868513477,0.703248126891
2.70498078623,0.893998542361
3.33631380855,0.724826565716
4.02645763505,0.600589674395
1.78828517713,1.35227250716
2.54105680474,0.951670531524
1.67884946099,1.44042032129
1.98523025635,1.21812010081
3.85373541067,0.62750776125
1.7118203694,1.41267677569
2.90511223489,0.83241151614
2.20717546553,1.09563055487
3.36783783703,0.718041959567
4.74052839184,0.510122222696
4.46602201985,0.541477151086
3.74742883973,0.645308819307
3.36933632498,0.717722615601
3.29734535963,0.733392658714
3.45392916991,0.700144317106
4.66261302494,0.518646704554
2.04806274049,1.18074941367
3.49536622016,0.691844209644
2.82861794592,0.854922413077
4.57509161869,0.528568405083
3.70922128576,0.651955948081
4.84720338577,0.498895690471
4.75801461918,0.508247467389
2.15540749247,1.12194510247
3.9588179042,0.610851253712
1.91482287352,1.26290996073
2.50048785752,0.967110827083
4.86635364884,0.496932416858
2.50092559404,0.966941553864
1.48575451522,1.62762344332
3.63358702187,0.665526617484
4.98861729529,0.484753336818
4.36999152998,0.553376102312
3.49300798218,0.692311295117
4.37451826664,0.5528034706
1.16480800959,2.07609224875
3.27429476849,0.738555643577
1.98185647797,1.22019374606
4.6430438378,0.520832661608
3.19295418415,0.75737036629
4.55161756447,0.531294390565
1.51176925987,1.59961506309
3.62677808057,0.666776082318
3.02731058337,0.798810962206
4.80359284064,0.503425032101
4.35365194668,0.555452964458
1.56478229402,1.54542193456
4.88866606924,0.494664361556
1.43330974861,1.687178143
4.59564255065,0.526204737063
3.9493420319,0.612316902528
1.44859513059,1.66937526499
4.81706322566,0.502017259628
1.49919781385,1.61302855277
2.60721878166,0.927520504614
1.62267652799,1.49028400811
2.20709633783,1.09566983487
3.97790335643,0.607920470488
3.87620997975,0.623869422098
1.8933590492,1.27722677905
2.94107142487,0.822233985733
1.25023830875,1.93423034878
3.38046811339,0.715359174791
1.85030586532,1.30694547605
4.07061920578,0.594073962155
3.74514407114,0.645702497437
3.44950500008,0.701042288661
3.64301631107,0.663804022138
3.82214851019,0.632693594599
4.58290907029,0.527666781713
4.5007011963,0.537304916395
1.85866108731,1.30107037615
4.72467192836,0.511834243027
2.97860727981,0.811872345975
1.88931203586,1.27996267112
2.00047470419,1.20883751988
2.98798624793,0.809323965822
1.34322810235,1.80032630033
4.47216646756,0.540733198896
1.0991858096,2.20003648052
3.10201855452,0.779572667765
1.08344671945,2.2319961255
2.51721455859,0.960684448508
1.46741206477,1.64796851414
3.12049281284,0.77495736252
3.50017438189,0.690893828751
4.11515721308,0.587644348633
3.56806795478,0.677747428201
1.68477962839,1.43535026139
2.8027913998,0.862800164212
1.96181150071,1.2326611803
3.75720642974,0.643629495802
2.8474269972,0.849275111313
3.22259689247,0.750403777044
2.207826501,1.09530747951
3.41355942219,0.708424427675
3.16802723213,0.763329574782
2.61642508611,0.924256877386
4.9438537199,0.489142482163
4.3391141195,0.557313961652
1.68397810726,1.43603344341
4.40546142033,0.548920680326
2.15641789902,1.12141940627
1.58298013008,1.52765586507
4.9148596728,0.492028062038
4.73359757455,0.510869131124
3.96244544347,0.610292031651
3.60028097527,0.671683375995
1.97503208747,1.22440991989
3.4712543849,0.696649859635
2.42488798235,0.997262099363
4.26465074631,0.567044999427
3.93723957792,0.614199068191
4.54783492173,0.53173629246
2.80858414473,0.861020626544
1.48909459868,1.62397263555
1.2424119339,1.94641472287
4.0024345871,0.604194478979
4.04212572551,0.598261668294
2.59792700046,0.93083788712
3.579222375,0.675635271195
4.81122825761,0.502626096813
3.86166006345,0.626220029798
3.67459362893,0.658099676916
3.89665298746,0.620596416408
4.39151817432,0.550663525461
3.40690598452,0.709807928656
1.69517860839,1.42654518411
1.82358281413,1.32609764759
3.48162511325,0.694574746373
4.56574930191,0.529649947926
3.61683735507,0.668608688363
4.9757004165,0.486011752633
4.47977173041,0.53981520165
4.56790887993,0.529399544423
2.77189722896,0.872416500416
2.8529129727,0.847642007709
1.74844243779,1.3830874999
1.03508924878,2.33627088955
4.53005959281,0.533822752318
4.07200750034,0.593871420866
2.88403481124,0.83849503847
3.85019595498,0.628084624335
2.30245940137,1.05028947679
1.68702036592,1.43344379763
4.65643442009,0.519334894864
4.73866266224,0.51032307053
2.15755956112,1.12082601267
2.532150218,0.955017938039
4.10359061453,0.589300714217
3.58956918506,0.673687775699
1.82011710098,1.32862269065
3.3414553176,0.723711272528
2.53514983281,0.9538879512
1.16537762568,2.07507749138
4.65997610312,0.518940189067
4.04854908867,0.597312475911
1.0681694186,2.26391884836
3.60078901212,0.671588607902
4.41496781278,0.547738733905
3.66591822706,0.659657070948
2.78206848025,0.86922694289
4.70967370128,0.513464208644
4.74607550139,0.509526002966
1.31321758484,1.84146854864
4.07796000212,0.593004560796
4.82712316256,0.500971033588
1.17203291358,2.06329434266
3.53499810764,0.684087743859
2.29189073864,1.05513270734
4.13142436018,0.585330546846
4.85138138351,0.498466042728
2.72178215368,0.888479953007
3.79451375504,0.637301387243
3.61848117269,0.668304950223
3.69356509128,0.654719443203
1.50199538339,1.61002417633
3.36604675087,0.718424032398
2.44587000081,0.988707036434
3.83049155084,0.631315549951
4.70451458838,0.514027289016
1.55073864332,1.5594174366
4.44900552183,0.543548185799
2.34850098439,1.02969889988
1.7880077254,1.35248234426
3.73827919747,0.646888247843
4.50488901723,0.536805428669
1.32630241022,1.82330127832
2.20960849801,1.09442413992
1.77829165097,1.35987191903
1.61145390232,1.50066277199
3.31830268787,0.728760787508
2.96870173333,0.814581287452
4.47811931089,0.540014392676
3.53399183834,0.684282531093
2.1939684744,1.1022259017
1.25195150123,1.93158351391
2.57172018973,0.940323480626
4.23258668256,0.571340662665
4.75833781205,0.50821294652
3.14511285343,0.768890972343
2.63087899456,0.919179059545
1.16493854963,2.07585960716
3.40768432967,0.709645802267
1.42448753586,1.69762726533
1.05653712134,2.28884421679
1.36039782185,1.77760419869
2.40444854614,1.00573950059
4.06314902587,0.595166178893
4.76844418321,0.507135826087
1.29572319163,1.86633140135
2.81291048373,0.859696351514
4.74129799966,0.510039419622
4.56083182951,0.530221014586
3.26415323819,0.74085029211
2.93439332027,0.82410522928
4.50068693115,0.53730661941
3.49756616073,0.691409045281
3.89676061163,0.620579276228
2.19969404388,1.09935692499
1.98471164138,1.21843840162
1.92342183174,1.25726392417
2.07707001703,1.16425968319
3.48661233622,0.693581232097
1.02655586785,2.35569144917
3.62565896488,0.666981893065
2.78557677952,0.868132193584
2.83344968211,0.853464557802
4.90577695148,0.492939019429
3.48519198583,0.693863893247
2.11666525984,1.14248054517
2.45614474031,0.984570998732
2.12521005726,1.13788699227
1.57829875469,1.53218702911
1.4385035405,1.68108649851
2.4820057079,0.974312376601
3.52373182581,0.68627494927
2.56589603583,0.942457857305
4.84495756077,0.499126947898
4.54120792329,0.532512256838
3.07058858189,0.787552228346
4.91875876107,0.491638032574
4.84603408341,0.499016069301
1.29465564214,1.86787034428
2.98756244608,0.809438772794
2.79239077211,0.866013777208
1.46037383083,1.6559108558
1.37262790526,1.76176578571
2.55561769603,0.94624829205
3.34432433754,0.723090417056
4.85480097684,0.498114936439
1.68592481711,1.43437527905
1.1253080201,2.14896618243
3.92239217986,0.616523990747
1.0376948529,2.33040462063
4.00718871629,0.603477662575
1.35280179766,1.78758550157
1.11413732409,2.17051240247
4.65804082997,0.519155792804
3.34277879749,0.723424739266
4.78946524751,0.504909996217
3.93072512383,0.615216990204
4.6240427006,0.522972869539
3.13085987955,0.772391283237
4.18326501721,0.578076901667
1.2171805329,1.98676269841
3.12943210476,0.772743679699
3.37989160311,0.715481194064
4.17166249974,0.579684689293
1.5028901686,1.60906560607
2.5399640598,0.952079959822
4.94460468731,0.489068193096
3.0655210272,0.788854116002
4.90502723691,0.493014363264
3.72725868683,0.648800923999
3.23512119203,0.747498698335
4.54990110026,0.531494823011
4.02506808449,0.600797012433
3.07927755379,0.785329947611
1.06741112603,2.26552714416
4.49047185114,0.538528903011
2.20042252896,1.0989929653
4.68396188404,0.516282783649
2.19955190712,1.09942796629
4.72131763606,0.512197879153
3.02379185696,0.799740522627
2.58878951104,0.934123407749
1.31411114583,1.8402163985
1.47118401468,1.6437433087
4.19516087258,0.576437698923
4.07847864326,0.592929151166
3.68830216952,0.655653677181
4.92342331904,0.491172244045
2.07418630956,1.16587833449
3.57042143009,0.677300684904
4.11126198836,0.588201113635
2.0982648228,1.15249936696
2.1640627216,1.11745785178
3.49134712239,0.692640632749
4.66591493081,0.518279676304
4.45286389851,0.543077204944
1.75764994151,1.37584215314
3.14564315713,0.76876134997
1.55104946986,1.55910493314
4.84393886574,0.499231915808
4.73673243386,0.51053102825
2.2717493679,1.0644875329
1.73629481864,1.39276397881
3.54890573645,0.681406906688
2.98355695417,0.810525462443
4.99658982935,0.483979866788
4.88493524413,0.495042156988
4.22199767342,0.572773617386
1.61148455256,1.50063422957
4.35301741864,0.555533931393
1.72331088867,1.40325747136
4.43480007266,0.545289266795
1.03309660117,2.34077711344
2.32584174783,1.03973061893
2.57539926391,0.93898018606
3.15649175709,0.766119181072
1.85080221044,1.30659498155
3.19595295753,0.756659723136
4.41187833619,0.54812229525
4.88377673533,0.495159588788
2.69969110353,0.895750212621
2.44569316959,0.988778523027
1.38170595769,1.75019067302
1.16835851576,2.06978324494
2.20176322927,1.09832376518
2.95090492999,0.819493998409
1.64793713922,1.46744000268
1.73882621795,1.39073638012
1.85694036358,1.30227600596
3.29868093839,0.733095720735
4.37770577556,0.552400961595
1.36799768541,1.76772878038
1.14726765496,2.10783322405
2.78107289912,0.869538112707
1.14652938624,2.10919049177
1.96375028814,1.2314441885
4.50854391092,0.53637026228
1.17210639535,2.06316499048
2.06788500719,1.16943102329
3.25431543175,0.743089885021
1.35211373079,1.78849517235
1.7948211827,1.34734808309
3.8111774456,0.634514901109
1.11626228976,2.16638052023
1.03715412287,2.33161959894
4.19113132396,0.576991912942
4.36235300991,0.554345068936
3.7277692977,0.648712054551
1.75832732081,1.37531212271
3.2722237179,0.73902308903
3.38298115354,0.714827771793
4.2954212908,0.562982933753
4.6243730375,0.522935511558
2.1423256954,1.12879609538
1.89359163285,1.27706990148
4.03223510482,0.599729137101
2.81355761553,0.859498617215
4.07750442267,0.593070817177
1.9797592694,1.22148632784
1.47080585606,1.64416593124
3.22342324625,0.750211404231
1.17344651743,2.0608087749
1.44202636561,1.67697965701
2.79273102895,0.865908265039
3.11059507664,0.777423232667
4.96507716281,0.487051620892
3.0964041338,0.780986194147
1.69606212501,1.42580206488
1.55809779704,1.55205205
1.18298400978,2.04419405503
2.36704973627,1.02162993998
3.76663290283,0.642018731951
2.25098720409,1.07430592035
2.61823577206,0.923617691656
4.37538381788,0.552694113399
4.00860512852,0.603264428016
1.34999999749,1.79129546999
2.7556722851,0.877553144862
2.87021227846,0.842533110929
4.69180721673,0.515419489397
2.10349447407,1.1496340541
2.67702936558,0.903332967166
1.83113482391,1.32062852414
4.83624257576,0.50002638249
3.59031822911,0.673547224977
4.93785125966,0.489737084581
4.96769061564,0.486795387858
2.36488642316,1.02256449034
1.23092458923,1.96457922862
3.34050760416,0.723916591893
3.18885555177,0.758343813554
2.70389959359,0.894356020369
2.730254799,0.885722783414
3.47310010582,0.696279636729
2.29264502895,1.05478556404
2.05600291142,1.17618942394
3.91039143617,0.618416063833
2.15244032815,1.123491717
3.98799162067,0.606382638185
1.38764702781,1.74269740902
1.64484052682,1.47020263701
1.69553629803,1.42624424072
1.80229106223,1.34176378648
2.79357876649,0.865645497096
2.74971951358,0.879452928948
4.91258616659,0.492255768753
3.61932210802,0.668149672183
1.53154068823,1.57896482841
3.26325891152,0.741053329071
2.68481871104,0.90071216729
1.24409914869,1.94377504601
2.20518890581,1.09661756126
2.46857013348,0.979615222272
3.2181399073,0.751443053956
2.09982989019,1.15164037397
4.89904334349,0.493616551324
3.37621473157,0.716260389895
4.63278177201,0.521986357011
2.21944926105,1.08957159888
1.27800713454,1.89220295775
2.75355977887,0.878226395721
3.88499825732,0.622458163383
2.31282162315,1.04558382531
1.17656624624,2.05534442937
3.42813041347,0.705413326896
4.6481031115,0.520265756157
4.8426790529,0.499361789948
1.49817137754,1.61413368073
3.91331296609,0.61795437803
1.61887323214,1.49378520318
2.89822491042,0.834389653923
1.63991245907,1.47462071321
1.37261197936,1.76178622682
3.26766146496,0.740054900403
1.05067910716,2.30160556493
1.27922245653,1.89040527521
3.49584173804,0.691750102325
4.8602018029,0.497561413717
2.51180084816,0.96275502167
2.71229117511,0.891588964412
4.17674440178,0.578979379004
1.63373615546,1.48019548439
3.94918068155,0.612341919756
4.48167898585,0.539585474023
4.29489000534,0.563052575734
1.89509565582,1.27605636822
1.13398997986,2.13251344628
1.58293381523,1.52770056255
4.27038301511,0.566283837175
4.89394440466,0.494130844171
4.44653831514,0.543849779
1.24088086005,1.94881632706
2.45433345191,0.985297608246
3.93990317828,0.613783834417
1.68361598054,1.43634231794
3.2667933571,0.74025156037
2.70496992613,0.894002131646
4.2280185158,0.571957968245
4.94319214551,0.489207946771
4.03249292192,0.599690793468
3.82811594822,0.631707323579
3.98095075802,0.607455109845
2.79375349579,0.865591357163
2.29977159489,1.05151697907
2.55148224911,0.947781972947
1.60409421837,1.50754790605
1.17097972814,2.06515008064
1.94137746836,1.24563559607
4.12114589253,0.586790408072
1.50525709753,1.60653544432
3.93872593111,0.613967288483
1.19624525893,2.02153267647
3.24802797086,0.744528342027
2.44238679039,0.990117081176
2.52845727723,0.95641279043
4.93507974888,0.49001211795
2.28001571859,1.06062816159
2.14574417099,1.12699776269
3.65228349924,0.662119706891
1.87940729252,1.28670825617
4.05592559768,0.596226144135
3.13137697858,0.772263734626
3.81995959152,0.63305614158
4.08699670158,0.591693376964
1.29628398114,1.86552400183
1.81828458658,1.32996171108
3.67339149533,0.658315042945
1.77545772859,1.36204249814
4.07695868666,0.593150204811
1.83901773279,1.31496767915
4.48996395872,0.538589819926
1.42423092522,1.69793313513
2.07771292747,1.16389942423
2.88639854069,0.837808378124
2.35886400564,1.02517520053
4.20051315725,0.575703203268
4.98366645409,0.485234897295
1.41944932584,1.70365284338
3.17488149981,0.761681618713
3.38639726444,0.71410667183
4.5809996428,0.527886720926
1.23495170412,1.95817283537
4.50252532016,0.537087236172
3.28361811311,0.736458624816
2.61501713446,0.924754506628
3.00938521454,0.803569070626
1.77425284925,1.3629674491
1.63757143424,1.4767287884
1.23779666198,1.95367216142
4.66746010076,0.518108099008
2.07362253451,1.16619531267
4.19721236166,0.576155951052
2.10789370268,1.14723473813
1.52749407314,1.58314779908
2.28949545934,1.0562365914
1.31059710068,1.84515048809
2.94672669056,0.820655979989
3.75055776016,0.644770467393
1.70923561959,1.41481306163
4.02052707433,0.601475586482
4.29930665685,0.562474155257
2.25474196668,1.07251690692
4.81990679031,0.50172108823
4.5944455708,0.526341827917
4.79947806342,0.503856637752
4.16798749515,0.580195809804
1.06304959112,2.27482226623
4.48140432546,0.539618544629
2.82705447657,0.8553952179
3.83986491797,0.629774466462
1.30541341844,1.85247741891
3.22605264768,0.749599942747
3.43987947993,0.703003955257
4.27657867084,0.565463438446
3.43100512673,0.704822286962
2.04082987481,1.18493408483
4.57997785995,0.528004491277
3.76441652315,0.642396734031
4.78240444431,0.505655451804
4.23052473547,0.571619132664
2.93555683259,0.823778593947
1.27475620575,1.8970285213
3.39207861488,0.712910623414
3.12534570936,0.773754043516
2.87889257238,0.839992746934
4.93765571432,0.489756479575
4.88427903762,0.495108666269
2.27891879599,1.06113867868
1.51570194287,1.59546465674
3.64546519359,0.663358104269
1.28512520858,1.88172239083
2.59628205164,0.931427646113
1.84093608367,1.31359741463
3.79507945923,0.637206389478
3.39767415648,0.711736549365
1.79895713962,1.34425041417
2.42499696746,0.997217280041
4.2262056053,0.572203320389
2.08222017358,1.16138000711
2.58841117198,0.93425994532
2.84250497709,0.850745697716
3.03020390619,0.798048235322
4.21444161344,0.573800541521
3.56249745164,0.678807188729
4.11598084614,0.587526757387
3.835831635,0.630436658881
3.99288310864,0.605639788144
3.05891951648,0.790556556645
4.4325389071,0.545567434529
4.03866249505,0.598774689136
2.82999926862,0.854505125429
3.82272467006,0.632598235217
2.69973755017,0.895734802016
2.08257949819,1.16117962464
3.56282059765,0.678745621263
2.3134752287,1.04528842583
4.2013486525,0.575588716867
3.24132086246,0.746068958495
3.48480188566,0.693941566649
1.34204164506,1.80191791283
4.4047879179,0.54900461159
2.01944775986,1.19748028548
1.46688908125,1.64855605711
4.59026460183,0.526821237938
1.42467152862,1.69740802102
2.77173472736,0.872467648555
3.63210340798,0.66579846672
3.81627845918,0.633666779264
3.07314172986,0.786897934613
1.74277134106,1.3875881609
2.1946422416,1.10188751231
4.47668880817,0.540186951478
3.98588164256,0.606703634693
2.8927723758,0.835962379975
2.27575304316,1.06261480668
4.20070601614,0.575676772121
4.65415415669,0.519589338597
4.99664281213,0.483974734822
2.23096646672,1.08394676302
4.89369783846,0.494155740674
3.33453315853,0.725213625126
2.80016722005,0.863608738324
3.09403801935,0.781583440434
3.74885546529,0.645063247273
2.82462681369,0.856130398636
1.82627275885,1.32414441834
4.31082181417,0.560971662538
4.08177449897,0.592450386618
4.71812933005,0.512544000139
2.99355506003,0.807818407046
3.54617268981,0.681932069171
1.98925945382,1.21565282767
1.81178974488,1.33472931218
4.77135370171,0.506826580292
2.40228034914,1.00664723868
4.98449756065,0.485153990062
2.14924764057,1.1251606536
3.10360963878,0.779173015118
1.95886818383,1.23451332763
2.07155084171,1.1673615879
1.95481212862,1.23707482914
4.46889330726,0.541129249175
2.26295510486,1.06862432878
3.28458843915,0.736241061795
1.49175674996,1.62107453515
1.44473381892,1.67383697144
1.34835032969,1.79348706842
2.26354018759,1.06834810941
1.96141669659,1.23290929673
2.01591345488,1.19957971119
1.15695651343,2.09018130926
4.02714702086,0.600486862654
2.07830894244,1.16356564254
4.29981988712,0.562407017848
3.53936232787,0.683244227628
2.3244820216,1.04033881851
2.97235031925,0.813581381823
1.69338863312,1.42805309585
2.0455351069,1.18220844602
3.36680040485,0.718263214094
3.82036100502,0.632989625017
4.41720450895,0.547461380857
4.72834503783,0.511436636001
2.48986177328,0.971238205249
4.82434361471,0.501259668285
1.16070377725,2.08343328195
4.56353051708,0.5299074633
1.09156207142,2.21540207682
2.09414720648,1.1547654685
1.2441327426,1.94372256047
2.07428469224,1.16582303724
2.08016713895,1.16252623874
3.05402702241,0.791823013437
2.56010748483,0.944588808996
1.45842961809,1.6581183281
4.98706578463,0.484904146934
4.4106334191,0.548277004734
1.03089455875,2.34577713061
4.97244031149,0.486330398861
4.23951128164,0.570407464293
1.57990506232,1.53062923696
4.43392203686,0.545397248733
1.38377670228,1.74757161037
2.17799906872,1.11030758219
2.6021586403,0.929324155163
4.10642526594,0.588893921937
1.26969104562,1.90459630974
3.07249006046,0.787064834195
2.88777353432,0.837409461393
4.38257362,0.551787394732
4.71215031144,0.513194342322
4.8661897336,0.496949155785
2.82648427296,0.855567781904
1.54048289772,1.56979923865
3.77092456184,0.64128805558
4.04739909764,0.597482190825
4.45916669878,0.542309593553
4.77155491393,0.506805207866
3.8153914477,0.633814095657
4.70722858862,0.513730921385
1.43195717411,1.68877178991
2.72043963722,0.888918411171
1.37354586355,1.76058837508
4.28926343435,0.563791176973
1.19646883024,2.02115493432
4.37069457789,0.55328708902
3.74515757867,0.645700168604
2.16878046985,1.11502704567
4.107025136,0.588807908382
2.59978434156,0.930172876782
1.36582403792,1.77054204119
1.24712367745,1.9390609959
4.74832780721,0.509284316119
4.75712813469,0.508342178628
3.55355036266,0.680516281803
1.79783631617,1.34508845897
2.76855737714,0.87346894089
4.45195553895,0.543188012289
2.86835529227,0.843078570676
3.30426816128,0.731856121224
4.6144613079,0.524058761932
2.25568172265,1.07207007785
2.81907834739,0.857815421212
4.46854379782,0.541171573876
2.96971119698,0.814304395142
1.6311466895,1.48254531341
4.67849200123,0.516886398301
3.72213302087,0.649694373211
2.02799543537,1.19243309813
3.45040696609,0.700859030186
4.75445711256,0.508627761856
3.27980346835,0.737315178589
2.03138644742,1.19044255862
1.29848584012,1.86236060901
3.22463518627,0.749929446376
3.5098348563,0.688992211602
3.92184533856,0.616609955579
1.41749869145,1.70599725742
2.60988485187,0.926573016534
4.77279022994,0.506674034159
3.25580168797,0.742750668426
2.50749151163,0.964409597712
4.66449630662,0.518437301916
3.63212342005,0.66579479834
3.75973997618,0.64319577825
1.32611006645,1.8235657365
3.83616867886,0.630381269033
4.55706413963,0.530659390762
4.75926442678,0.50811399896
1.52453112941,1.58622466498
2.46352477017,0.981621499927
4.39100407912,0.550727996701
3.39186237221,0.712956073871
3.71319677808,0.651257938786
4.25078515414,0.568894637651
3.84580682848,0.628801442156
3.61140883537,0.669613713162
4.6105501186,0.524503327758
1.52435185377,1.58641121735
3.08281954896,0.784427645405
4.95125995314,0.488410809145
2.35257029955,1.02791779717
3.02541684153,0.799310973219
1.06632884336,2.26782656689
1.59044614332,1.52048460751
1.29174994306,1.87207198497
3.23974957596,0.746430803772
4.50084828036,0.537287357708
1.34997569785,1.79132771341
