y,x
-1.34682221771,2.09309225157
-0.328217520337,1.63144158406
-1.11281636244,1.98039108686
-0.262543565138,1.60330816077
1.47457310101,0.825247374618
-1.54642838628,2.19480782559
-0.242245016387,1.59462775738
1.81401102678,0.639779163781
1.66572522893,0.723861661774
0.727894988942,1.17744303506
1.03135353398,1.04029931235
0.767895393225,1.15968624169
1.61893886542,0.749323001301
1.94119430243,0.562591763828
2.24000641401,0.351904237577
-0.880883274387,1.87368532826
0.267440823536,1.37732734186
1.09922339748,1.00871391041
-0.734386968493,1.80816398271
1.03610934389,1.03809865841
-0.0804340994394,1.52560916
-0.854820017061,1.86193598224
1.73095183182,0.687554759482
-0.81882604533,1.84577858442
-1.81871504427,2.34571434245
-1.77760358907,2.32178179017
-1.95451296338,2.42855250226
-1.70584204096,2.28108149194
-1.61442630802,2.23097591821
0.572212254156,1.24583680728
1.14912197224,0.985230747072
1.12777324855,0.995306247082
0.268740675061,1.37677114909
-1.73623642078,2.29816189268
-1.87639355657,2.38013840162
-0.895317382176,1.88021096111
1.19992764087,0.961073478336
-0.784036470515,1.83023378997
1.29589194797,0.914693403795
0.651370419957,1.21119412985
1.56828526477,0.776391823476
1.52340668186,0.799976461364
-1.6188985729,2.23338600352
0.603177223,1.2323155579
-1.7772986032,2.32160600088
-1.41489268377,2.12711020052
0.635023499443,1.2183693934
1.24653797416,0.938675047463
1.0111710703,1.04961809566
-1.86858145121,2.37541426519
0.67986867193,1.19865697049
-1.10684296571,1.9775878709
0.539458852716,1.26009972335
1.01641491959,1.04719998943
1.75334384686,0.674854585877
0.185332780003,1.41240941804
0.685047380715,1.19637474449
1.82590663406,0.632780039112
-1.77453710144,2.32001545481
0.024612509201,1.48088838046
0.477619389284,1.28692757963
0.0448217079865,1.47228514001
1.96560778876,0.547115963735
0.413090302522,1.31479708049
1.98924385222,0.531901999765
0.168802155856,1.419461966
1.36658844527,0.879825251292
-0.365380547324,1.64739963606
-1.20425775222,2.0237283028
2.12093358421,0.442269099897
0.95855784865,1.07376284119
2.11248922476,0.448299384435
2.3139060403,0.289409445637
1.57279812249,0.77400006463
1.39945865511,0.863389762534
1.9251159667,0.572658074963
0.321188870424,1.35430400278
0.303098754893,1.36205901217
0.541276127887,1.25930938045
-2.003514851,2.46013038835
1.85004437841,0.618447183963
1.96740478809,0.545967429074
-0.571788785584,1.7367092719
1.68460977015,0.71345093975
-0.527819107999,1.71757156497
0.484314553744,1.28402899153
-1.49004696187,2.16544856525
2.22263622405,0.365789077422
0.510470026299,1.27269168848
-0.74752942479,1.81399334344
-1.32014689402,2.07992905552
-0.107769307111,1.53725244227
0.474710200466,1.28818664579
-0.752373558116,1.81614421905
-1.80125103768,2.33548958708
-1.15699910266,2.00122863014
0.83571543439,1.12938033617
0.540407948707,1.25968697086
0.254155440655,1.38301043011
-1.80991001477,2.34054821396
-1.71691799444,2.28727984424
-0.610174735789,1.75347596958
-1.31180813911,2.07583258917
-0.62545502837,1.76016668704
-1.05095060332,1.95151149765
1.60602254781,0.756272766903
-0.540114675344,1.72291622064
0.789746302739,1.14995034387
0.0901154654092,1.45299833818
1.9660024605,0.546863825909
-0.740485955806,1.81086809722
-1.06559269942,1.95831660982
1.58617341063,0.766888919408
-0.774766988688,1.82610339583
-1.26641171347,2.05367871332
-0.133825648078,1.54835558329
-0.455542255285,1.68625478964
-0.356091392636,1.64340796143
-1.42581013618,2.1326265631
0.485842296665,1.28336737885
-1.64077139715,2.2452318868
-1.0712773472,1.96096353265
-2.03030208377,2.47783847551
-0.811940093213,1.84269629457
2.35300373033,0.253625653374
-1.98057514043,2.44522165856
1.49287492386,0.815822293326
-0.511051212877,1.71029122065
1.17871980416,0.971188993867
2.35589449163,0.250890270593
1.93293927211,0.567772229269
0.568710319348,1.24736365594
0.986618403845,1.06091162662
-1.7563359748,2.30958288164
0.613521485477,1.22779016003
2.09979312433,0.457285154099
1.53589505852,0.793449392984
0.972070262568,1.06758169623
-1.03174916489,1.94261442429
0.0346400598866,1.47661966907
1.0579918883,1.02794896384
-0.422073424513,1.6718064073
-1.05813324808,1.95484746897
0.279084272477,1.37234421428
1.99918646383,0.52543100274
1.09098589236,1.01256870797
-1.43750297832,2.13855412164
0.48038760579,1.28572928314
1.72602652714,0.690331457017
0.379325013572,1.32933522687
-0.329739727269,1.63209464857
2.09078185132,0.463605834598
-1.34278995091,2.09109665437
-1.80377357232,2.33696105713
-1.54227959893,2.19262875431
-1.83125413541,2.35311073233
-0.547094772363,1.72595270426
0.228356322824,1.39403869362
0.899086494389,1.10081351857
1.68769634347,0.711741750378
1.53397394154,0.794455232107
0.234527302249,1.39140170313
0.684432117818,1.19664595236
-0.0665591121895,1.51970067446
0.294246481812,1.36585159006
0.596264085273,1.23533751649
-0.841014039682,1.8557293655
-1.22574165657,2.03403312195
-1.35619850373,2.09774082644
1.64465176116,0.735386960053
-1.71970934219,2.2888465789
1.16917920291,0.975724697192
2.01895643262,0.512433070129
-0.597408538206,1.74789336679
0.803270115206,1.14391140691
-1.90045220919,2.39481581838
1.6618277391,0.726000464915
2.21053663493,0.375303687126
0.770031200109,1.15873575714
-0.858413567582,1.86355342247
-1.4795656795,2.16004910802
2.16230506084,0.412063221708
1.00196632492,1.053857479
-0.286119496548,1.61339857172
0.769015894735,1.15918762264
0.865619616961,1.1159314801
-1.80938099616,2.34023854172
-0.0217604483044,1.50062826901
0.194131656143,1.40865425035
1.98296607022,0.53596577777
0.793438849725,1.14830249073
-0.92899728143,1.89549151685
-2.06222685277,2.49939425218
-1.03776685475,1.94539949065
0.573353898084,1.24533894916
2.40108746206,0.206242400808
-0.450425969612,1.68404405338
1.94594826246,0.559596566692
-2.01442507114,2.46730275881
1.36718909051,0.879526241423
-1.17787277233,2.01113868525
-0.331984066276,1.63305761312
0.444381097287,1.30129768758
-0.767315677947,1.82278655022
-1.53612907436,2.18940391141
-1.57932876463,2.21219855996
0.0907897627933,1.45271114012
1.68627735864,0.712527781967
-1.83455672297,2.35506665041
0.59125283701,1.23752691494
-0.555300912004,1.72952477364
-0.407398985142,1.66548114834
-1.23350530455,2.03776917902
-0.0457747273508,1.51085132935
-0.638586734864,1.76592439705
1.06927680473,1.02269902536
-1.27175224708,2.05627232769
-0.489124592976,1.70078505461
-0.752855356477,1.81635821251
0.991087848805,1.05885925959
2.23039458478,0.3596211446
1.62232219047,0.747497034982
-1.39676433715,2.1179881626
0.67991099383,1.19863832451
-1.75729499157,2.31013040235
1.01472047176,1.04798159089
-0.310045282786,1.62364886119
-1.68793043533,2.271118703
2.20923008662,0.376323673712
2.31485321389,0.288567438055
2.16808418309,0.407751007257
-0.719621594072,1.80162522562
1.59890013771,0.760090933909
1.46968394267,0.827756141212
-0.482424581887,1.69788336438
-1.75256010254,2.30742947953
-1.42106884366,2.13022875504
0.437007754216,1.30448110329
0.755077743353,1.16538528081
0.216134813729,1.39925962838
2.15592582553,0.416795803692
1.49577168328,0.814325545895
1.89185903896,0.593180020052
2.40050151993,0.206846165647
-1.94699037532,2.42379191423
0.16065555659,1.42293652969
1.43219327999,0.846870819099
-0.0320274071461,1.50499884761
0.639188727416,1.21654221505
-0.539316009945,1.72256889507
0.948683720438,1.07827128048
1.73230077695,0.686793232771
1.08462704414,1.01554026075
-1.86715506884,2.37455386145
1.92299949635,0.573975955787
0.423703595299,1.31022130849
0.581546841355,1.24176464751
2.23825657389,0.353315449241
-1.95738760078,2.43037758344
-0.237858388065,1.59275270625
-0.264084952759,1.60396758262
2.02999479231,0.505097304613
2.02009518944,0.511678935758
1.97290715265,0.542442415919
1.45075785737,0.837432462608
-1.53446970857,2.18853501141
0.390154520708,1.32467552382
-0.554518692918,1.72918417464
-0.718821566361,1.80127124889
0.46409996196,1.29277646678
1.90449368625,0.585429776273
2.06737013626,0.479815099741
1.20195005214,0.96010642502
-1.77594183931,2.32082428687
-1.30440695903,2.07220388686
-0.790375244033,1.83306101319
1.73422780786,0.685704574227
2.13035799433,0.435486673141
-1.6894595753,2.27196634957
1.5004306855,0.811915361864
2.11659075827,0.44537584914
-1.27113826141,2.05597397969
-0.605279091118,1.75133435222
0.133312732897,1.43459376729
-0.000766804152939,1.49169177472
-1.11135070535,1.9797029772
1.44831268506,0.838678579907
-1.1869386559,2.01545642991
-2.04163908072,2.48543514618
-1.38793716236,2.11356316529
-2.03298885957,2.47963318679
-1.50291567326,2.17210236846
-1.92530979938,2.41019343977
-0.344575321729,1.63846203108
-0.571033787486,1.73638006471
-0.16189753068,1.56032387155
-1.64425351997,2.24712688766
-0.525431110233,1.71653415342
0.339053162324,1.3466393414
-1.09361329967,1.97139088577
-1.90352810144,2.39670669117
-1.47342916886,2.15689603918
0.360012283828,1.33763815455
2.33274715947,0.272436015713
1.04990137961,1.03170618823
1.10864537394,1.00429736759
1.43303693219,0.846443020086
-0.440176577039,1.67961757419
-1.23077041637,2.03645233531
2.0749333719,0.474611351254
0.586250612222,1.23971139109
0.209852664204,1.40194252986
-0.324702676827,1.62993381085
-1.78321276434,2.32501933489
2.12649628693,0.438272575899
0.62684309792,1.22195578217
1.18096834761,0.970118680115
-1.78328357862,2.32506026277
1.31650349448,0.904592584259
1.18771652308,0.966903447979
-0.0432370688164,1.50977096726
0.17435861503,1.41709171551
0.379505067931,1.32925777659
-1.90298098727,2.39637011552
0.587608497746,1.23911849751
0.426909440542,1.30883855927
-0.93295549326,1.89729244919
1.79222413043,0.652492106221
0.251701288773,1.38405993332
0.279017789699,1.37237267397
1.60702822345,0.755732843025
1.86189720018,0.611342761606
1.7207922009,0.693275861139
-1.47638061473,2.15841180689
-1.91484492392,2.40369244284
2.33554862429,0.269870524289
0.315516004968,1.3567365806
0.198900126651,1.40661878649
2.38373936629,0.223825616673
1.64530358408,0.735031894052
-1.70882151506,2.28274600425
1.59161312499,0.763987112065
-0.973356253013,1.91573800737
1.08526486993,1.01524235907
-0.371846642497,1.65017937447
0.550281340358,1.25539123237
2.17140399855,0.40526299304
1.24557386144,0.93914074692
0.249118224426,1.3851644635
0.680146821452,1.19853442323
-1.01525715207,1.93499667675
2.1043560485,0.454066689886
1.98482617427,0.534763437995
0.355080970297,1.33975684959
2.29605998072,0.305063634268
-1.04691660267,1.94963980151
0.918433482519,1.09204029708
2.23696050564,0.354358867015
-1.0509784105,1.95152440433
-1.08929390262,1.96937099675
-1.23252190279,2.03729557877
0.200280153195,1.40602965811
0.113077006691,1.44321697466
0.70306648175,1.18842402102
1.03969418602,1.03643862636
-0.0762250340936,1.52381669064
-1.93644406621,2.41715478678
1.1722736431,0.974254565625
-1.79627403992,2.33259163537
-1.23032977927,2.03624024569
0.970777611854,1.06817359002
-0.427830334689,1.67428943016
-1.71277772984,2.28495943646
0.155903379809,1.42496305046
0.22470497891,1.39559873576
1.88939291351,0.594686334665
1.95179251217,0.555902408897
-0.513507518648,1.71135711732
0.703675405657,1.18815507022
0.865809028012,1.11584611943
-1.96354514807,2.43429807517
0.163174679862,1.42186218323
0.917378103397,1.09251952914
0.18513527018,1.41249370058
1.80539030245,0.644825639816
0.138850513044,1.43223334666
-0.786918459896,1.8315189402
0.00527486188217,1.48912001016
1.21531163923,0.953706542383
-0.87144919918,1.86942747465
2.35365647474,0.253009149403
0.211659724583,1.40117084637
0.320219026988,1.35471992628
1.81527594692,0.639036884379
2.06036515787,0.484607689497
2.06464314949,0.481683883577
-1.50810485536,2.17479319465
-0.53538696607,1.72086054924
-0.686150870045,1.78684245437
1.8454491519,0.621189595952
0.909250214926,1.09620774746
2.30126097352,0.300541822649
1.52401139081,0.799661030541
0.178769067155,1.41521008803
-0.342529030014,1.63758349167
-0.844391631356,1.85724672057
-0.74107341607,1.81112866055
-0.14127006721,1.55152878107
1.05759299263,1.02813433943
0.437519745954,1.30426010195
0.887769199859,1.10593398775
2.15926941092,0.414318841634
1.91706374215,0.577663254383
0.447105849885,1.30012089543
0.574251450445,1.24494750208
0.529608521947,1.26438167284
-0.545862358896,1.72541645337
-0.257036542621,1.6009525137
-1.53729311095,2.19001372827
-1.84784519727,2.36297026873
2.26210819501,0.333826093837
-1.78046523411,2.32343242655
-0.232995101212,1.59067424035
0.912670814276,1.09465611639
-1.24166817969,2.04170446987
1.90134710725,0.587365131179
1.05006414285,1.03163065512
1.92915325907,0.570139539054
0.875516750381,1.11146816382
-1.4310118105,2.13526099545
0.0312315810678,1.47807067359
-0.433861557929,1.67689173724
-1.04944054392,1.9508107015
1.89578146385,0.590779891754
2.29992620311,0.301705390832
2.16453827279,0.410399689492
0.9576250946,1.07418902961
1.79738664747,0.649491869924
-1.81957807441,2.34622192196
0.698615670787,1.19038932423
-0.326729769483,1.63080334814
-1.58320208157,2.21425915191
0.00407235345293,1.48963188414
2.14296391977,0.42632566196
-0.929831079702,1.89587079303
-0.754031908064,1.81688083568
-1.94745484538,2.42408520719
1.73968007749,0.682619351443
1.4922826135,0.816128169467
-1.43674318812,2.1381683375
2.36291152717,0.244194472649
0.868042914221,1.11483921767
-1.12249566919,1.98494036819
-1.78552552412,2.32635672932
-1.50369109534,2.17250417499
0.720111168792,1.18088888028
-1.62637832479,2.23742584282
-1.73563540667,2.29782195579
-1.14557842964,1.99582461102
1.24781449444,0.938058284837
-1.85689322038,2.36838321466
-0.486680607536,1.69972643228
-0.720673223274,1.80209057304
1.6245352558,0.746301397274
-1.59857924075,2.2224680105
1.96028294318,0.550511594768
0.674708307587,1.20092988052
-0.471096636897,1.69298053853
-0.126918672039,1.54541188002
-1.68605910034,2.27008209341
0.503726767937,1.27561672419
0.040549898632,1.47410376472
-1.99132795799,2.45218157877
0.736542292299,1.17361136246
2.26680031116,0.329925353788
1.00229606132,1.05370572798
0.709408416311,1.18562202393
0.715577348562,1.18289458614
1.39916346056,0.863538028899
0.332112760649,1.3496179022
2.30942332443,0.293378848951
0.865335272095,1.11605961974
0.596815008382,1.23509675957
0.578748735825,1.24298565312
1.71278157152,0.697769148966
1.87799208771,0.601623188084
0.151861097966,1.42668667237
2.01738569765,0.513472289942
-0.412888617388,1.66784673129
2.18659434673,0.393774748986
1.97033261448,0.544093308469
2.1528700794,0.419052755878
-1.21522864079,2.02898438162
-1.99475826534,2.45441237566
1.92387952461,0.573428181673
-0.828704895138,1.85020539858
-0.0240915958763,1.50162060889
1.6767824841,0.71777564168
-0.802866309547,1.83863886418
0.00244871666257,1.49032302005
2.06508972446,0.481378117684
1.81556767236,0.638865628134
-0.930557266441,1.89620115851
-1.31648059669,2.0781269022
-0.970809599208,1.91457179182
-0.594041669893,1.746422132
1.84940940276,0.618826527385
-0.681748454067,1.78490203109
-1.50344979513,2.17237912787
-1.53189203019,2.18718620602
-0.894820637295,1.87998615731
0.701950963965,1.18891667903
-1.28481117459,2.06262833501
0.188729521797,1.41095987027
-1.80517554498,2.33777965281
-0.284020687018,1.61249989942
1.1023239824,1.00726139822
0.517161237657,1.26978774115
-0.562762041316,1.73277467264
0.868778334535,1.11450766546
-0.614334168488,1.75529629241
-1.2945169692,2.0673653501
2.25834032858,0.336942140608
-1.17242134607,2.00854636677
0.346453976602,1.34346205821
1.66413335086,0.724735628335
1.11081098869,1.00328110092
1.63257747123,0.741948056188
-1.66444783825,2.25816772293
0.141528708834,1.43109170053
0.407118116426,1.31737059865
-1.22773122589,2.03498992686
-1.34091438515,2.09016913945
0.584305800544,1.24056042987
-1.1329831818,1.98987932563
-0.104988836401,1.5360679112
-0.169961343446,1.56376322498
-1.2822247753,2.06136790124
1.89013899724,0.594230844597
0.636192869806,1.21785649547
1.01209269557,1.04919326193
-1.60719605393,2.2270880173
-1.38363390271,2.11140989046
-0.384200235273,1.65549285926
0.328439376131,1.35119397386
-1.22219747662,2.03232974845
-1.14975799965,1.9978008299
-1.4679345419,2.15407784302
1.30790865831,0.908810847884
1.37899364326,0.87363989881
-0.80397813655,1.83913577515
1.14080558164,0.989160811819
-0.957245770074,1.90836840633
0.802489924716,1.14426007485
-0.793262489444,1.83434952516
0.81231672011,1.13986592735
-1.05164682987,1.95183467012
-0.15144036438,1.555864673
0.92891788606,1.0872753324
-1.49340717074,2.16718335077
1.21674607671,0.953018357201
-1.66351557382,2.25765608797
1.42549370559,0.850264304007
-0.114843301585,1.54026632623
-0.132431665766,1.54776144714
1.63278548705,0.741835278452
-1.13155134539,1.98920441338
-1.48540844671,2.16305683822
-1.89126000031,2.38918463105
1.50838271422,0.807793332719
2.224136456,0.364600543969
-1.34803870763,2.09369471495
2.15784508155,0.415374951667
-2.00601881693,2.46177173546
-1.14025201874,1.99330856337
-1.90853630659,2.39979257112
1.13563299887,0.991601879719
0.948301337382,1.07844573222
1.06941701452,1.02263372902
-0.967651469538,1.91312622309
-1.2669283378,2.05392946672
-0.117614366137,1.54144703667
-0.950050256208,1.90508298595
0.419791064444,1.31190849062
0.244086387542,1.38731580477
0.417188631277,1.31303049875
-0.231526004338,1.59004644694
2.15810325076,0.415183629808
1.65792747228,0.728137483354
0.871252497154,1.11339197846
-0.414044079486,1.66834474143
0.487256995081,1.28275465662
-0.100844383736,1.53430239112
2.31786864874,0.285879054062
-0.255393914351,1.6002499683
2.10868334582,0.451003083322
1.77794793811,0.66075043856
-1.55150112418,2.1974763569
-0.184446198291,1.5699429947
0.0589654876198,1.46626336675
1.22572068457,0.948707698014
-0.533864978553,1.72019893515
0.606550756829,1.23084018265
0.75826370992,1.16396953658
-1.21003885316,2.02649640434
2.36042813451,0.246573357773
1.84920297247,0.618949824564
1.84662717393,0.620487184587
1.0896993943,1.01317018915
0.659240733991,1.20773540286
-1.12893076841,1.98796967403
-1.03499553721,1.94411652181
1.34924313369,0.88843934319
-0.344918653374,1.63860944336
1.85837431206,0.613458998138
-1.40144009618,2.12033650363
-2.03715822775,2.48242514596
-2.00425708207,2.46061662703
2.22162946504,0.366585559806
1.91897933837,0.576474689611
2.28027467967,0.318594274817
2.18386139164,0.395854456677
-0.238863421241,1.59318227941
1.66791332724,0.72265945433
0.369289569362,1.33365074996
-1.60656713805,2.22675032274
-1.5717579295,2.20817904696
0.62655811929,1.22208066953
1.28888064797,0.918117617237
-1.69827600393,2.2768640296
0.463567005382,1.29300692616
-0.410315069907,1.6667376448
0.615980574933,1.2267137201
1.84751717166,0.619956225273
1.72269786232,0.692204664043
2.36553834822,0.241667050386
1.05090001269,1.03124272038
-0.670971198001,1.78015558738
1.84395885839,0.622077586371
0.526871809604,1.26557072735
-0.692431462802,1.78961227706
0.400088239357,1.32039871361
1.92978347447,0.569745851796
-1.14388264198,1.99502327369
-0.39673453014,1.66088785823
1.16722561477,0.976652332864
1.72098135008,0.693169577323
0.923885203416,1.08956353693
-0.0788290304175,1.52492561647
-0.208231582515,1.58009597928
-1.7138122368,2.28553884015
1.77573133141,0.662027691599
-1.78087689712,2.32367006236
1.75123228752,0.676057643918
-1.41482270742,2.12707489869
2.12085292127,0.442326910261
-0.457497831019,1.68709999119
1.19053654551,0.965558444947
2.02637578849,0.507508732301
1.06688997405,1.02381032485
-0.504200279312,1.70731935963
2.03300890835,0.503084144558
-0.128245261469,1.54597723334
-0.127109645125,1.54549326627
0.964180816751,1.07119228632
1.2734890362,0.925614231395
-0.639352750092,1.76626048925
0.914452525449,1.09384759413
-0.499515137706,1.70528787972
2.18642084334,0.393906950575
-0.84203617657,1.85618847901
2.23994353428,0.351954998362
0.756115988855,1.16492397564
-0.620091036577,1.75781688154
1.56088786261,0.780304220549
-1.7056094205,2.28095162446
-0.368836741345,1.64888531369
-1.2997967346,2.06994692931
2.36288125245,0.244223534683
-1.30755039967,2.07374425588
2.39803407949,0.209380848041
1.53395749536,0.794463840046
2.3118133166,0.291265721168
-0.849696533378,1.85963130632
2.3821367519,0.225420543548
0.954849224274,1.07545699078
1.1162789485,1.00071322282
-0.688751140594,1.78798898276
-1.32856714534,2.08407435508
-1.21754055297,2.0300936315
-0.124913110691,1.54455719489
1.03633111198,1.0379959948
2.26205218471,0.333872520476
2.38061383225,0.226931739533
2.11961313464,0.443214946751
0.471906869453,1.28939965318
2.33062909629,0.274368297461
-1.76491775351,2.31449091661
-1.82064609121,2.34685036496
-0.845139214273,1.85758265968
1.70216474157,0.703700719762
-1.18605069124,2.01503315626
-0.751774128691,1.81587799604
-0.676338812989,1.7825188887
0.447836271611,1.29980539788
-1.36470621304,2.10196879548
0.271456657839,1.37560891734
-1.78605221946,2.32666150538
2.2360962896,0.35505375238
0.432230308134,1.30654293755
0.719032276289,1.18136626099
-0.382382181493,1.65471065453
-0.00658069617553,1.49416658386
-1.03825751146,1.94562670334
1.6316961777,0.742425758675
-0.104380418085,1.53580872063
0.543686110652,1.25826108556
2.29280028218,0.307881263546
1.43249502515,0.846717822342
-0.324453299929,1.62982684446
-0.0343332234556,1.50598044492
-0.905162546469,1.88466979937
1.0116254642,1.04940864594
-1.59243985078,2.21918513728
1.08968840235,1.01317532763
0.772481607505,1.15764496492
-0.473836277824,1.6941659169
1.61319113952,0.752419738893
-1.53165760719,2.18706359842
2.35236577013,0.254227546851
2.09592102368,0.460006836603
1.5379976337,0.792347806542
1.59487770982,0.762242893638
0.680136874074,1.19853880591
-1.03543572113,1.94432026108
-1.79311596206,2.33075639299
-0.565577758564,1.73400166849
-1.6168596293,2.23228672666
-1.43452814884,2.13704414087
2.05334266235,0.489386662056
-0.0331005235086,1.50545567716
2.00400415096,0.522279833474
-1.64404576662,2.24701375495
-0.651144093279,1.77143718447
1.45987938565,0.832775836001
0.272721118869,1.37506778283
-1.38733950512,2.11326395541
0.422351065327,1.3108046001
2.36029875195,0.246697017667
0.973780928025,1.06679820658
0.243608076123,1.38752028477
-0.110956083176,1.5386101298
-1.93836931609,2.41836322656
-1.68001148333,2.26673749859
1.94074099482,0.562876912349
-0.123414689779,1.54391865167
0.405425885487,1.3180996419
-0.926794336647,1.89448967859
-0.608265272695,1.75264055286
0.237860710673,1.38997703762
-0.563185618735,1.73295923481
-0.79384772624,1.83461075989
-1.06946477261,1.96011924911
-1.33173998598,2.08563866466
-0.260779682007,1.60255360056
1.70840209651,0.700219171608
0.481934548473,1.28505954445
1.08815782033,1.01389073425
-1.4132834817,2.12629856515
-1.33191121974,2.08572312453
-0.718479422325,1.80111987501
-0.803442457603,1.83889635434
2.31409466067,0.289241860373
-1.36678686003,2.10300425368
-0.281637602129,1.61147960007
-0.498736811466,1.70495046596
0.401217228778,1.3199124873
-1.18960815824,2.01672940955
1.81977048373,0.63639562184
0.124445046967,1.43837300613
-0.140437757354,1.55117398397
-0.508995548894,1.70939933347
-0.830281281782,1.85091232696
2.07003881852,0.477982455771
0.74781301532,1.16861150792
1.54962185642,0.786243512503
0.228012848541,1.39418545151
0.0133337295855,1.4856895598
1.06435789245,1.02498872049
-0.181393046758,1.56864021618
1.96836599769,0.545352540012
-0.137151842244,1.54977332198
-0.0917732555533,1.53043849217
-0.673156839431,1.78111774232
1.94742830469,0.558662290965
1.03664626969,1.03785009122
0.442739183449,1.30200671102
2.02897022143,0.505780634093
0.486828858738,1.28294009404
1.49618986951,0.814109356674
-0.322473278107,1.62897758931
-2.01537242176,2.46792810616
-1.71825889929,2.28803223605
0.280713700448,1.37164667102
-0.352584024858,1.64190130439
-1.29462423661,2.06741776591
0.493159888568,1.28019736386
0.940941378441,1.0818014808
-0.120051461935,1.54248549368
-0.898301379986,1.88156172347
-0.111380151552,1.53879080419
-0.990315657547,1.92351677851
1.31845645638,0.90363281637
1.13123812699,0.993673936512
0.66903769506,1.20342612772
-0.120287653995,1.54258613845
1.96521147113,0.547369089274
-1.20466334754,2.02392239501
0.783917187561,1.15255012794
-1.91670686274,2.40484619759
-1.62772186605,2.23815270088
1.23113312712,0.946103803677
0.769918726436,1.15878581671
1.01655634035,1.0471347457
2.02080128887,0.511211022241
1.49092193169,0.816830625094
-1.71410473249,2.28570270671
0.731925313992,1.17565764415
0.397860050069,1.32135824182
0.966715184021,1.07003293758
0.362233134984,1.33668380593
1.35017375435,0.88797817979
0.745530811812,1.16962445489
-1.77269776494,2.31895718733
0.461893940523,1.29373033263
-0.993421587076,1.9249437335
0.295326647651,1.36538889278
-1.15173505857,1.99873622677
0.659410429178,1.20766079757
2.2561852532,0.33871795661
-1.66557497047,2.2587865568
1.38464883524,0.870813221821
0.287137596603,1.36889620456
-0.498914956761,1.70502769235
-1.41208157128,2.12569259915
0.178988407116,1.41511650565
0.5219229543,1.26772026863
0.770001018977,1.15874919017
-0.0733481540991,1.52259159264
0.730212557296,1.17641647708
1.03904196254,1.03674072966
1.06294105755,1.0256478575
-0.455860998763,1.68639254322
2.38138313638,0.226168893248
2.26285427979,0.333207361819
-0.506331952369,1.70824389104
-1.29022230943,2.06526791242
2.36675565105,0.240491878863
-1.76104003264,2.31227080976
2.34407204661,0.26199516316
0.546230134591,1.25715426141
-1.84723261053,2.36260471958
0.00728165429857,1.48826577404
1.98006502272,0.537838036703
1.01379273916,1.04840943183
-1.54577907903,2.19446658733
-1.3548144658,2.09705392357
0.341818598518,1.34545223509
-1.08336065726,1.9665991054
-0.331966353847,1.63305001295
-0.238439551752,1.5930011065
-1.92567518603,2.41042115186
2.11939248513,0.443372894353
1.33053342261,0.897687095568
2.02542228376,0.508143038838
0.656510675861,1.20893547779
2.21735729305,0.369955630748
0.432320055059,1.30650421069
2.12319059277,0.440649883818
0.284455692498,1.37004458211
2.03342358914,0.502806832552
1.69949337968,0.705189020293
1.44923985875,0.838206177593
-0.425339518364,1.6732150017
0.906489697267,1.09745938164
0.0860117934848,1.45474612863
1.21705974054,0.95286784471
1.59261694743,0.763451003758
0.336783918599,1.3476133277
1.13125593219,0.993665545537
0.355825244791,1.3394371137
-0.349444370983,1.6405528375
-1.39826037967,2.11873919646
1.5077640685,0.808114393259
1.40715597349,0.859519307972
0.415551444304,1.31373626026
1.20205506851,0.960056197849
1.75918906429,0.671518269955
0.932810292568,1.08550437102
2.39514989623,0.212327830676
-1.49620175443,2.16862752447
0.109103962853,1.44490968862
1.00927583808,1.05049151487
-1.23231825452,2.03719751623
-0.320395783878,1.62808661221
2.14730497069,0.42314669645
1.31033354997,0.907621654847
0.0423738949425,1.47332724601
-1.71668407917,2.28714863698
-1.03342270623,1.94338866542
-0.268851253745,1.60600690425
0.694885446992,1.1920357159
-1.7443090928,2.30273661964
2.19533833114,0.387081979402
1.12399268577,0.997085996216
-0.855529339047,1.86225518132
-1.27792237333,2.0592729486
0.980453616517,1.06374001222
-0.12888125632,1.54624828052
1.39349258299,0.866383946657
-1.20978175621,2.02637322659
0.671182714565,1.20248204568
1.93722103885,0.565088429744
-0.993681092809,1.92506299141
0.572335926211,1.24578287766
2.34129362224,0.264574062916
1.19226464664,0.964733827959
0.688441977179,1.19487808878
-1.84554055025,2.3615956227
-0.137350382314,1.54985794954
2.3924780882,0.215042875766
2.39757895731,0.209847004481
1.6457322904,0.734798316915
-0.111382708165,1.53879189344
-0.486745405855,1.69975449751
1.67546219651,0.718503766797
1.22577959233,0.948679374942
1.80255096529,0.646483088553
2.22217655452,0.36615284799
-1.63659413505,2.24296193661
1.08886312033,1.01356109693
0.16700085599,1.42023028731
0.0521591190826,1.46916128613
1.16579315584,0.977332276596
2.07785569871,0.472592437309
1.39879073419,0.86372521938
-2.01000627784,2.46439134112
-0.188874158139,1.57183259234
0.753274976295,1.16618613765
-1.57997150473,2.21254029945
1.91010972152,0.581966843536
-1.3188243677,2.07927878042
-1.84177075854,2.35935061691
-0.259398497643,1.60196278782
1.03373021472,1.0391997818
0.149320137341,1.4277700551
-0.786151035498,1.83117668182
-1.43341884047,2.13648140921
-1.08833947489,1.96892489836
-1.89969997723,2.39435389594
2.21823570844,0.369263986901
2.19221979501,0.389475804709
1.60636621604,0.756088281872
-1.40567638274,2.12246679121
1.45985697112,0.832787294547
2.18392912396,0.395802983063
1.76527393498,0.668035697423
-0.260497099079,1.60243272093
1.34231867538,0.8918671826
-1.12649880674,1.98682438043
-0.350424652788,1.64097384067
-0.0171740157442,1.49867590341
1.77395283099,0.663051541817
0.0743978374161,1.45969214849
-0.737932854396,1.80973589483
0.440384221701,1.30302351497
-1.14189803388,1.9940858053
0.332178681113,1.34958961636
1.76732021416,0.666862354434
2.13034593169,0.435495390104
1.02134791104,1.04492324066
1.59614568991,0.76156487558
-1.43202491566,2.13577455597
-1.46474465987,2.15244392713
1.65511491551,0.729676487119
-0.861983207175,1.86516089576
-0.949662420906,1.90490600891
-1.51072112429,2.17615155557
1.88874483931,0.595081834991
1.48851326569,0.818073366769
-1.32519928166,2.08241528383
0.834455291195,1.12994586613
-1.88928171598,2.38797653121
2.30397846141,0.298166190715
-0.619700246632,1.75764573474
1.26933795243,0.927631311767
1.46775022228,0.828747348818
0.789307623462,1.15014606036
0.640509676503,1.21596259359
-0.0906861911876,1.52997548288
0.634898651259,1.21842414966
-0.14003708116,1.55100318584
-1.54752954559,2.19538670301
0.875155190599,1.11163132622
-0.0930202279822,1.53096961871
2.32340437456,0.280912521846
1.55443967571,0.783706430351
-1.22138048806,2.03193728636
-0.984612662233,1.92089856707
-0.70367468726,1.79457534905
0.839351754094,1.12774788542
0.0603264823759,1.46568388217
0.0617913340663,1.46506016971
2.00039456869,0.524641770201
1.7086390357,0.700086736597
-0.570056656643,1.7359540312
2.17506029184,0.402513502507
1.86573213959,0.609034536976
1.84277762872,0.622780932993
0.4750813093,1.28802604823
-1.16528782599,2.0051586441
0.585125833113,1.24020244931
2.15608994995,0.416674400101
2.37267992606,0.234736434126
-0.704077664022,1.79475334648
0.645902060796,1.21359568036
0.213977084377,1.40018118303
-0.760856270728,1.81991364909
-1.2206677084,2.03159494239
-1.79286814418,2.33061249737
-0.0524750920003,1.51370397751
-0.819284467818,1.84598388145
-0.520730823586,1.71449278912
1.45982891035,0.832801639405
2.32243497789,0.281785197484
2.17029027467,0.406098557735
-0.337602082132,1.63546856178
-1.00149542789,1.92865655636
-1.86054303765,2.37057404477
-0.634476100916,1.76412126854
-2.03068425345,2.47809354546
0.678147846179,1.19941505346
1.48727269197,0.818713068571
-1.77341331649,2.31936877411
-2.05368526542,2.49357663662
-0.079990239531,1.52542013412
-1.02399894495,1.93903184286
0.866283703633,1.11563219048
0.183036869329,1.41338911506
-1.23506084559,2.03851853422
-1.44742591266,2.14360046144
0.737644769306,1.17312257549
-1.32350723389,2.08158228846
0.721097017879,1.18045261833
2.21347744314,0.373002641026
-0.670019832234,1.77973684853
-0.30814620942,1.62283486599
-0.1546096723,1.55721603464
1.7325714845,0.68664035462
1.85864374425,0.613297287537
0.88896580535,1.10539298487
-1.17101897661,2.00787997883
2.04617393257,0.494239220105
0.348384805347,1.34263292864
1.34494539747,0.890567598417
-0.426079972264,1.67353438329
-1.39950509535,2.11936430055
1.27210162909,0.926288617648
-0.698233864682,1.79217286592
1.4079275609,0.859130865471
0.0788084497057,1.45781388465
-0.925767713082,1.8940229134
1.23360556411,0.944913267242
1.8033614879,0.646010184267
-1.44885585353,2.14432888943
1.63551453804,0.740354868285
-0.445860546373,1.68207198132
-0.73309471601,1.8075912785
1.49060989247,0.816991673667
1.24446570522,0.939675896373
-1.56671912369,2.20550975959
1.15978486861,0.98018201666
2.04121483621,0.497580998558
-0.17148624488,1.56441369699
-1.95736904809,2.43036579396
-2.03647720127,2.48196852896
-1.45518967512,2.14755916116
0.404712168218,1.3184071019
2.39660306752,0.210845129382
-0.156390054082,1.55797521369
0.700832848774,1.18941042421
-1.35242556452,2.0958688956
-0.896846506192,1.88090307419
1.66497129286,0.72427565387
-1.93867324583,2.41855412603
1.5506517642,0.785701509908
-0.19517420286,1.57452148302
0.692178553404,1.19323003169
-0.312622741265,1.62475374289
2.15553425781,0.417085372801
-1.50069384762,2.17095161995
-1.03899861348,1.94596992932
-1.54866147777,2.19598198345
1.01023687898,1.05004865369
0.654089381208,1.20999955082
0.709831674957,1.18543495016
0.931002350671,1.08632707696
0.021086827965,1.48238921781
1.82022444195,0.636128518838
2.22335215131,0.365222142594
0.231654783205,1.39262925945
-1.34080920638,2.09011713929
-0.358495836262,1.64444099545
-0.0837342959519,1.52701464008
-1.09084710879,1.97009713558
1.49307623251,0.815718322097
1.84766677113,0.619866952241
1.15471593926,0.982583462781
0.168394846462,1.41963570153
2.24763697671,0.345716583198
-1.14261498917,1.99442442967
1.62600751056,0.745505439904
1.45692872702,0.834283576231
1.99088027821,0.530839915689
-1.14006708945,1.99322125662
-0.602768442678,1.75023643445
0.25930709551,1.38080704568
0.687661811145,1.19522210665
-0.676528274074,1.78260233039
-1.54819343932,2.19573581536
0.760305740001,1.16306184005
-0.60500902866,1.75121624056
0.0903237335003,1.4529096325
0.678935237476,1.19906819743
-1.8507705814,2.36471755145
-0.964401361727,1.91163932006
-0.35944832586,1.64485025472
2.3005275444,0.301181446496
-1.39259247833,2.11589548798
-1.57170813495,2.20815264546
2.30770915048,0.294890006758
-0.986560826728,1.92179268048
-1.99065242093,2.45174286609
1.08264088722,1.01646768287
1.04356992572,1.03464270187
2.06368359784,0.48234052535
-1.87035458469,2.37648475671
-1.8261192961,2.35007620395
1.191213687,0.965235362482
0.539986755167,1.2598701477
1.34204987961,0.892000120435
1.86799889005,0.607667956356
-0.351060023655,1.6412467257
1.43970374967,0.843058684009
2.18830142034,0.392472802105
-1.95882952674,2.43129428901
1.79344239859,0.651784771873
-1.64002607041,2.24482660435
-0.720941511015,1.80220929953
0.921149869817,1.09080647555
0.218876100265,1.3980887497
-1.41992020033,2.12964834672
-1.66189331685,2.25676623099
-0.933496285279,1.897538587
0.712175799852,1.18439872521
1.89895694516,0.588832919795
-1.77366764951,2.31951510007
-0.904067575688,1.8841735724
-1.5877749576,2.21669557167
-0.166319309819,1.56220975325
1.1834337138,0.968944569838
1.61009306267,0.754086168086
0.727115758703,1.17778813145
-0.902515756451,1.88347044464
-1.93269412504,2.4148050594
-1.87741802936,2.3807594145
-1.59061901255,2.2182128931
0.0739183263533,1.45989634333
0.496909730026,1.27857225561
-1.04370692102,1.94815153769
-0.0974332276673,1.5328493324
1.16179159742,0.979230617415
-0.926755400438,1.8944719745
1.64845469457,0.733314129163
-0.19156922768,1.57298280399
1.50091088124,0.811666744605
1.3437906741,0.891139013535
1.98579189105,0.534138633568
0.477896137827,1.28680779225
1.55780726254,0.781930557584
-0.458647211586,1.6875968068
-0.336639851631,1.63505557732
-1.94631248555,2.4233640065
1.44191058941,0.841936940976
2.23472069065,0.356158403567
1.3287459603,0.898568254005
-0.0320873165003,1.50502435118
1.5893018114,0.765220771407
-1.03573703207,1.94445973205
-0.275295774677,1.60876487888
0.711336374321,1.1847698257
-0.357743442789,1.64411772662
0.66536801122,1.20504077377
0.487259673064,1.28275349669
-1.69068594703,2.27264654935
-1.26842942727,2.05465822323
-1.97179535881,2.43957506012
-0.882341589136,1.87434401486
0.513391971421,1.27142376467
-0.0627867633427,1.51809441075
1.75010157856,0.676701392719
1.94905385413,0.55763518058
-0.111433927186,1.53881371539
1.70313362377,0.703160512248
1.32542668358,0.900203475351
0.862798267332,1.11720269288
0.558342669026,1.25188128892
2.3897459925,0.217804583778
-2.04915258991,2.49050463953
1.72902694003,0.688640649961
-0.486256341297,1.69954267875
1.78111816361,0.658921379772
-0.813894951238,1.84357104844
1.90496484986,0.585139679258
1.02608611773,1.04273456278
-1.58010563376,2.21261162455
-1.18601770982,2.01501743628
0.853039074905,1.12159605177
-1.97577201801,2.44212860953
-0.902054822553,1.88326162688
0.336934939251,1.34754851124
-1.40869198106,2.12398478917
-0.103270114389,1.53533572939
-1.54525937679,2.19419351605
-0.692330168917,1.78956759043
-1.52852175176,2.18542440573
2.40478216525,0.202418677247
0.139160939539,1.43210102297
1.21922174995,0.951830112213
-0.669345216317,1.77943994462
1.78771245195,0.655108026265
2.23589946745,0.355211913745
-0.932765669334,1.89720605697
-1.93917804853,2.41887127249
0.000400457583203,1.49119490504
-1.29864857626,2.06938524322
-0.430755107291,1.67555126432
0.120361241572,1.44011324135
0.862780131678,1.11721086263
1.12430694191,0.996938106814
0.302147239305,1.36246674023
1.1733662095,0.973735272064
-1.50654676453,2.1739847821
1.24068507416,0.941500607357
1.88917993595,0.594816324309
-1.26069090446,2.05090405633
1.95133553427,0.556191747276
-0.265164405908,1.60442940726
0.921117565241,1.09082115171
-0.181512714335,1.56869127631
2.24397537854,0.348692693293
-1.42498470049,2.13220888004
-1.56050622801,2.2022249463
-0.51998172471,1.71416752003
0.197956480421,1.4070216122
-1.59905017765,2.22272013344
-1.59262457717,2.21928380837
0.0129765286992,1.48584161181
-1.15707893748,2.00126645087
1.56948781972,0.775754853531
0.792240269771,1.14883745811
0.8359146881,1.12929090591
-0.419336509622,1.67062625705
1.15085943012,0.984408838586
0.0902345148875,1.45294763258
-0.741850127357,1.81147319188
1.27964642125,0.922618564504
1.09840400612,1.00909762155
0.26200470222,1.37965309789
2.26468024539,0.331690665348
0.895633684097,1.10237662335
1.85864212598,0.613298258877
0.5887771018,1.23860819255
2.20214722629,0.381828494603
-1.9798445501,2.44475055806
1.96503783181,0.547479971485
-0.581074245739,1.74075984211
0.693983562023,1.19243367751
-0.993177730975,1.92483167219
0.913220930372,1.09440650231
-0.20842962418,1.58018054438
1.61165235478,0.753247677069
2.23854338224,0.353084339476
-1.65871168792,2.25502267277
0.128153843696,1.43679246325
-1.73457368944,2.29722166264
-1.4895390633,2.1651865108
-0.178004526471,1.567194458
0.175532708887,1.41659083348
1.20282365913,0.959688561679
-0.00772706287177,1.49465456091
0.9799382471,1.06397633253
-1.09994431267,1.97435447189
-1.87744563482,2.38077615315
-1.86954518178,2.37599596955
-1.66137341721,2.25648117158
1.07292625919,1.02099890774
1.98088673493,0.537308086647
1.25645894185,0.933876827541
-1.74007127928,2.30033303691
1.12739109303,0.995486212386
-0.890885983566,1.87820608776
1.4474592536,0.839113294435
-1.87482169313,2.37918624896
-1.90580091831,2.39810602056
1.34672760107,0.889685335595
-1.70177793081,2.27881440901
-1.10742390014,1.97786035129
2.39156979456,0.215962640069
0.938648968283,1.08284591327
0.987072248557,1.06070329056
-1.03033146882,1.9419587242
-0.107447278147,1.53711524948
0.159250893388,1.42353555797
-1.16250365483,2.00383780399
1.75780438966,0.672309412129
-0.688422931278,1.78784424909
2.34893631419,0.257452250978
-2.00877436455,2.46358125443
-2.03895985618,2.4836342004
0.621309762168,1.22438007248
-1.63214092594,2.24054603231
2.07901532285,0.471790011267
1.29192172187,0.916633124045
-0.264329073798,1.60407202375
-0.531238534413,1.71905739888
2.06881472733,0.478823537075
1.3249679805,0.900429343555
1.90625799456,0.584343082528
0.139542496888,1.43193837762
1.23200247475,0.945685268512
0.0925120198863,1.45197758147
1.06189542232,1.02613419637
-0.593496063329,1.74618375804
0.0651647402057,1.46362379141
-0.160473527795,1.55971657837
-0.760588986691,1.81979481911
0.250654424357,1.38450758986
0.592405415455,1.23702344444
0.690277808796,1.19406845758
0.627313186179,1.22174976603
-0.256425654399,1.60069123428
1.14128864447,0.988932712728
-1.91162522902,2.40170030316
2.19822156495,0.384861921557
-2.05396583023,2.49376713117
1.51539698072,0.804148617558
1.88263484973,0.598803572994
-0.453547462629,1.68539275354
0.16880253532,1.41946180414
-0.730925585445,1.806630147
-1.07616541635,1.96324176911
-1.35402405256,2.09666175171
-1.23657052577,2.03924605055
0.343751898793,1.34462223856
2.08620181343,0.466800647364
0.697907644223,1.19070187358
-1.26437706859,2.0526914581
1.39387014653,0.866194607069
1.45283082547,0.836375314607
0.291648551107,1.36696434593
-0.655118960482,1.77318361767
1.01539347948,1.04767117842
1.59386103495,0.762786308261
1.52208672482,0.800664764958
2.36719984322,0.240062435279
1.21087909351,0.955831715846
-1.75242874831,2.30735463367
-1.17731207641,2.01087191961
0.759386532472,1.1634704615
-1.96107629341,2.43272433232
-0.265533320435,1.60458724511
-0.733051052913,1.80757192924
2.05221965169,0.490148552668
0.139854360185,1.43180543963
1.05236140937,1.03056433287
-1.6836151876,2.26872950767
-0.119127195884,1.54209165483
-1.13408435402,1.99039850702
-1.24038121501,2.04108354123
-0.447985035489,1.68298959748
0.325420164075,1.35248916355
-0.138079352596,1.55016867543
-2.05920400151,2.49733109749
-0.776105961879,1.82669973952
1.52857361355,0.797279235232
1.83111456459,0.629702590872
-1.82366524742,2.34862871969
-0.812113733928,1.84277398584
2.14026000874,0.428299406131
1.01146894876,1.04948079248
-0.0468224133,1.51129736785
0.204481812282,1.40423583914
0.46289592973,1.29329709852
2.10015876151,0.457027700109
-0.341782541814,1.63726302254
-0.881464970907,1.8739480505
-1.36760257284,2.10341036072
1.54508694698,0.788627811076
-1.39332485323,2.11626268363
1.55254822623,0.784702973167
-1.95128229502,2.42650528589
1.79583641776,0.650393581617
0.16020286897,1.42312958356
-1.22894190781,2.03557236672
1.68880661793,0.711126405545
-0.519959453704,1.71415784994
0.0887318059011,1.45358766129
-0.527452065503,1.71741209894
1.09049485249,1.01279830293
-1.31407848612,2.07694705892
1.0129467783,1.04879950301
0.940703921651,1.08190968442
2.30455075654,0.297664736051
1.93696732128,0.565247652864
1.94697871913,0.558946181659
0.771668527089,1.15800694144
2.3280660174,0.276698178541
0.874904631767,1.11174439192
-1.35143731451,2.0953788873
-0.961824848742,1.91046113245
1.52675556139,0.798228814328
0.251199377883,1.38427456085
-0.0577457905528,1.51594805271
-1.01588379533,1.93528572992
2.1662263464,0.409139876351
-0.716963854347,1.80044941579
0.487670159689,1.28257569839
2.04275764147,0.496542658445
2.34207085782,0.263853797986
-0.750572186403,1.81534423718
-1.91519334779,2.4039082491
0.355195236629,1.33970776226
0.852605934121,1.12179090475
-1.00176686727,1.92878146745
1.1874308276,0.967039664349
-1.16116013618,2.00320069787
0.495021638077,1.27939057412
1.6951181302,0.707623022805
1.02937778499,1.04121301017
1.86046964583,0.612200787757
0.904195849438,1.09849903628
2.00398700121,0.522291069184
-1.16029381552,2.00278997654
-0.535832646063,1.72105430342
-0.340047798793,1.63651833947
-0.531427517772,1.71913952908
1.66773429643,0.722757858784
-1.39540973091,2.11730840247
0.11090039691,1.44414433184
1.0354175889,1.03841886833
1.57588576469,0.772361467314
-0.727105078231,1.8049378753
-1.49662038882,2.16884397495
-0.715637533242,1.79986276877
1.08372367896,1.01596212367
0.618943104424,1.22541657501
-0.940622184112,1.90078380717
-1.33789548789,2.08867716822
0.777510675629,1.1554052693
0.966612509517,1.0700799153
1.7163579483,0.695765010292
-1.6069084896,2.22693360077
-0.305360122845,1.6216407981
-1.93440195112,2.41587453072
1.69626248359,0.70698683433
-0.471396469979,1.69311025816
-1.48076836932,2.16066777904
1.69732748706,0.70639448694
-1.84882563569,2.36355556986
-1.09610876627,1.97255860163
-0.663155336911,1.77671668807
-0.932345189907,1.89701469831
1.02348435414,1.04393659507
1.31763222452,0.904037936453
0.523482636959,1.26704290872
-1.46720152102,2.15370223535
2.15505434638,0.417440128483
2.15676905136,0.416171867074
-1.27795543062,2.05928903679
-0.49263685391,1.70230673538
-0.170512923447,1.56399850776
1.44029687481,0.842757268671
1.22820878593,0.94751108218
1.98209499068,0.536528323483
0.90799073442,1.0967788665
1.21171920469,0.955429086646
-0.191558033279,1.57297802622
-0.849538942338,1.85956044338
-0.0230555749387,1.501179587
0.0458580347397,1.47184394033
-0.672408854573,1.78078844272
1.46600985115,0.829638945853
-0.316596779798,1.62645755299
0.975036187815,1.0662231557
-1.17332682098,2.0089767412
1.24182188927,0.940952093387
0.685594728791,1.19613345865
2.09926667636,0.457655702247
1.74232037674,0.681122631938
2.10472260826,0.453807605865
-1.19751793876,2.0205055705
-1.32606474851,2.08284149229
-2.05439954001,2.49406168539
1.16694488312,0.976785603469
-1.09368645843,1.97142511142
2.195976237,0.38659136879
2.2242446374,0.364514762623
-0.317021727691,1.62663976155
0.883933626987,1.1076674787
1.79438705287,0.651236014537
1.74114901043,0.681786866845
2.36396045978,0.243186614795
-1.78307985432,2.3249425218
-0.445415852856,1.68187992419
1.87222216695,0.605117354131
1.56737329049,0.776874700133
0.453940990606,1.29716793178
1.46794901151,0.82864547833
1.35644318198,0.884868449245
0.0750781102212,1.45940245953
-0.544156860443,1.72467444195
-0.85663886793,1.86275453837
-1.94746948842,2.42409445501
-1.4465924085,2.14317600831
-1.74133444652,2.30104900007
0.181121969715,1.4142061838
0.903752108082,1.09870011526
-0.0124888587385,1.49668153531
-0.486656288296,1.69971589925
0.773576043444,1.1571576748
-2.02278642601,2.47283646223
-0.416456054667,1.66938442861
1.5064543311,0.808793900653
-1.35521598147,2.09725317125
-0.169979428413,1.56377093928
-0.525664459902,1.71663551829
-1.80690561339,2.33879059391
-0.334682239292,1.63421544034
-2.01197111678,2.46568481622
-0.270411765743,1.60667467111
-0.542160378406,1.72380596373
-0.694902547717,1.79070256684
-1.110937779,1.97950914831
0.884259951823,1.10752003302
-0.470707954575,1.69281238325
-0.620746313599,1.75810387489
1.91488658751,0.579012490528
0.544264260846,1.25800957099
2.08488377471,0.467717866987
1.52552185498,0.798872861262
1.64905665235,0.732985744297
1.47297090699,0.826069922145
2.33380013188,0.271473047081
-1.24038029255,2.04108309624
1.32136154911,0.902204253233
1.07960273809,1.01788565808
-1.75932602589,2.31129074762
2.09171776053,0.462951532096
-1.18618155801,2.01509553258
-2.02883005419,2.47685665806
-0.69825355017,1.79218155581
1.25197060393,0.936048957848
-1.75361382593,2.30803005373
1.33065669193,0.897626313056
2.02346571812,0.509443273071
1.56641520308,0.777381827566
1.86248694246,0.610988108166
0.45740806003,1.29566954695
0.536168713832,1.26153032702
-0.882448463117,1.87439229273
0.941732721706,1.08144085501
-1.51217384265,2.17690630023
1.92908199141,0.570184049685
2.35186670629,0.254697951906
2.38386573514,0.223699649855
1.07818151473,1.01854870005
0.619007898708,1.22538820076
1.09537397783,1.01051602573
-0.587719849482,1.74366086176
2.13585110485,0.431507416356
-1.05290894788,1.95242061975
-0.0895472138917,1.52949036957
-0.0780369938592,1.52458832002
-1.44452525787,2.14212378817
-0.230192897479,1.58947679332
2.31812779829,0.285647456948
1.42097536343,0.852549224191
-1.21673833061,2.02970866253
0.364188729166,1.33584335086
1.44227792985,0.841750149669
0.668069120263,1.20385235578
-0.777888467728,1.82749377262
0.998412611742,1.05549243175
-1.64477422371,2.24741047844
-1.32745295201,2.08352532488
1.3421752456,0.891938119564
-1.56385264264,2.20399334526
0.655403128717,1.20942223757
-0.87341487922,1.87031417044
-0.918198962441,1.89058394084
-1.6859916285,2.27004473286
1.35290461445,0.886624265572
-0.843823487925,1.85699143839
0.704183105019,1.18793081484
-1.27258039576,2.05667481101
0.26800644435,1.37708532213
-1.03852853705,1.94575221799
1.10776062862,1.00471243279
-1.00004407068,1.92798876701
-0.127684017085,1.54573804584
0.373679665417,1.33176317799
-1.80455369216,2.33741649092
-1.52868067923,2.1855074402
1.28320390114,0.920885769323
0.676181291225,1.20028122174
-0.431004598555,1.67565891315
1.39395556986,0.86615176644
0.19479235071,1.40837224345
1.19442130253,0.963704281521
1.15505398016,0.98242339123
1.14597107497,0.986720543323
-0.425379617073,1.67323229718
0.611567170979,1.22864546393
-1.30286778212,2.07145008856
1.37199707277,0.877131012779
1.8145565808,0.639459079352
1.95961042253,0.550939645272
1.74498328114,0.679611315342
0.107926632933,1.44541126915
1.39184196121,0.867211462794
-1.42683025951,2.13314289925
-1.92695753305,2.41122071299
2.13631730966,0.43116879604
1.22243542833,0.950286668235
-1.17515895126,2.00984780829
-1.03467567498,1.94396848338
-1.53207640705,2.18728264526
0.977681198502,1.06501105744
-0.996163812372,1.92620420589
-0.394714726563,1.66001823278
2.20711947393,0.37796837062
0.230164834311,1.39326593474
1.7234708147,0.691769925789
2.37149830417,0.23588923339
-1.92699242791,2.41124247894
-2.01935219756,2.47055969077
-1.19805474482,2.02076207819
-0.309749423979,1.62352204336
0.878763178471,1.11000276162
0.569818591809,1.24688049732
0.807219595099,1.1421458475
-1.93015164974,2.41321494772
-1.78023824014,2.32330141216
0.109159826325,1.44488588875
2.10935369632,0.450527496608
-0.466167913184,1.69084856688
0.622693030326,1.22377414825
-2.0605785229,2.49826864572
-0.482842339989,1.69806424911
2.18887665083,0.39203357997
0.132342823415,1.43500715485
-1.82646083556,2.35027779807
-0.608034458598,1.75253957848
0.26126949297,1.37996760802
-0.091747270405,1.53042742434
-1.45981273475,2.14992082816
-1.71305004746,2.28511193053
-0.00514682297546,1.49355622385
1.41725644387,0.854427645604
-2.04979303322,2.49093806547
0.0467034454822,1.47148401788
0.651941989699,1.21094303693
0.71057252871,1.18510748328
0.355303921163,1.33966107253
-1.46188074188,2.1509783293
2.26417905168,0.332107312627
1.17117978215,0.974774355
1.85926953302,0.61292160572
2.08126095167,0.470234005167
2.26985136982,0.327376592433
-2.02258218309,2.47270090197
-0.123458774861,1.54393743802
2.2583596723,0.336926179952
-1.94894675083,2.42502785058
-1.22020055697,2.03137060184
-1.72024809444,2.28914918782
0.0521600764382,1.46916087854
0.275889196434,1.37371186347
1.76793858029,0.666507563237
-1.90564627418,2.39801075131
0.981531773495,1.06324556371
1.0708340024,1.02197373667
2.08491886986,0.467693456925
1.28256915125,0.921195055629
-1.16109928554,2.00317184626
2.32419208662,0.280202470058
-1.07815222672,1.96416837467
0.397579053537,1.32147923883
0.912262889142,1.09484119838
1.47139459652,0.826878785156
-0.253667302641,1.59951154966
1.49849050435,0.812919486284
-0.360661072302,1.64537136912
2.07515858852,0.474455923403
-0.0885170555916,1.52905161058
0.35011294917,1.34189076606
-1.15821964703,2.00180691552
0.281751042685,1.37120257009
0.630871766851,1.22018991716
-0.119353995375,1.54218829574
2.29366079397,0.307138664719
-1.96798244114,2.43713278882
0.559313828184,1.25145828139
1.26263167686,0.930885803448
0.185334293248,1.41240877229
-1.10268803899,1.97563994248
-1.54333611806,2.19318338069
-0.721781633715,1.80258110562
0.842516177943,1.12632663338
0.323989163731,1.35310297286
0.425187107899,1.30958147258
0.0121855059695,1.48617833122
1.75425356952,0.674335918514
0.759209377643,1.16354920817
-2.00531076673,2.46130732406
-0.142207472765,1.55192838558
1.17549130753,0.972724876938
-0.0374738822001,1.50731745689
-2.01703055053,2.46902363501
0.714516871564,1.1833635819
-1.54941639727,2.19637912125
-0.461097697258,1.68865615028
1.49976723205,0.81225879653
-1.72191479381,2.29008579279
1.69983371517,0.704999501175
-0.344796168247,1.63855685306
-1.97690811006,2.44285934161
-1.15680814647,2.00113816961
1.03108057417,1.04042556318
-1.63560388155,2.24242435999
1.45178890216,0.836906744583
-0.742493349367,1.81175853391
1.80393210118,0.645677144388
0.413863446243,1.31446385133
-1.19782331077,2.02065148595
0.538367290145,1.26057439392
-0.185004230918,1.57018111841
1.49681104498,0.813788175346
1.39574637513,0.865253425394
2.23458235645,0.356269394319
-0.00491482835179,1.49345747025
0.735426571679,1.17410595798
0.344396962448,1.34434528454
1.36362188639,0.881301339756
2.1149500673,0.446546546657
-0.475417599518,1.69485022177
2.34492322541,0.261202802329
-1.20266025723,2.02296401052
-1.43562846302,2.1376024908
-2.0349961753,2.48097630482
1.18289006624,0.969203530487
-0.593888502313,1.74635521234
-2.031915045,2.4789154841
0.0920621036404,1.45216921531
-0.0747383473903,1.5231835914
2.08689847329,0.466315451437
-0.497001024244,1.70419805173
-0.220172106449,1.58519558205
-0.889373370081,1.87752203902
-0.660818593544,1.77568907798
1.23657370322,0.943483154551
1.18273735919,0.969276265441
-1.34547496667,2.09242525333
-0.328485104286,1.63155638075
0.819275928224,1.13675067957
1.33310410199,0.896419127796
-1.86922091292,2.37580020817
-1.28450825233,2.06248067064
2.14186696186,0.427126979417
-1.98402190452,2.44744725158
0.0239578896515,1.48116704495
-0.0725281204042,1.52224239426
-0.27497981162,1.60862964398
0.693017045269,1.19286011549
0.0190457728275,1.48325806133
1.24236811435,0.940688488534
-0.723978967992,1.80355372745
-1.32188184725,2.08078244823
-0.987473290064,1.92221155593
-1.97575223884,2.44211589238
1.18695438931,0.967266806179
1.7686267593,0.666112597225
2.11327018981,0.447743507215
1.92180923171,0.574716383428
0.432271471843,1.30652517495
-1.0356041993,1.94439824543
0.126445550004,1.43752048391
1.07347877054,1.02074141747
-0.0536248426778,1.51419349235
2.07739863713,0.47290850873
1.56760844331,0.776750204961
-0.605413262955,1.75139303328
-0.105746916801,1.53639086223
-0.0386044208514,1.50779874471
-0.34151230047,1.63714701025
-0.895542106962,1.88031266652
0.933119482291,1.08536365106
0.122762779684,1.43908988723
1.14023349913,0.989430916638
-0.743711569652,1.81229901137
1.27187139324,0.926400508322
0.399813127656,1.32051719214
-0.0950708860516,1.53184308073
1.27926764398,0.922802973673
-0.827538564203,1.84968245402
-1.26387776941,2.05244925953
-1.488742097,2.16477539392
-0.637533324333,1.76546225005
-0.946761509877,1.90358260623
1.85343670684,0.616418414053
-2.04393541279,2.48698153616
-0.971363940066,1.91482560595
1.55341048847,0.784248755467
-0.443533475129,1.68106701296
-0.726197730703,1.80453607867
-0.562417078562,1.73262436954
1.69713463695,0.706501768311
1.21191624963,0.955334640649
0.846084740302,1.12472313994
-1.53375801117,2.18816249016
-0.481948375633,1.69767717885
0.927350299716,1.08798825312
1.6276975821,0.744591176646
1.97820054814,0.539039445069
1.55147760009,0.785266765269
1.21739719912,0.952705902511
1.77984851388,0.659654230566
0.192925164033,1.40916920871
0.130818275774,1.43565692069
-1.09365077451,1.97140841746
2.29414381807,0.306721447466
0.0938816401106,1.45139420897
0.679646191137,1.19875498862
0.992887899784,1.05803224712
0.179148944923,1.41504801114
-0.221526579484,1.58577417605
0.172392600099,1.4179304071
-0.788954161535,1.8324269872
-1.97373081428,2.44081706279
1.26168005594,0.931347198266
2.16094847569,0.413072025323
0.588096386856,1.23890545299
0.0402715201721,1.47422227633
-1.4220347764,2.13071698863
0.422313964122,1.31082059966
-0.841581934343,1.85598443909
2.18550959893,0.394600897638
1.1998601063,0.961105763885
-1.16876350346,2.00680861822
-0.553115034836,1.72857304029
1.89180118642,0.59321538036
1.87089167748,0.605921518692
-0.352668289892,1.64193749884
1.01992981456,1.04557794033
-1.70587829,2.28110173021
1.29321409288,0.916001921881
-0.862144130577,1.86523338122
-0.429196170079,1.67487866315
0.059403327556,1.46607694392
0.912083553673,1.09492256211
1.59385126339,0.762791530209
2.09584757058,0.460058382795
-1.81691994196,2.3446592774
-0.501631817251,1.7062055848
1.71924665545,0.694143985717
0.892782078403,1.10366696688
1.69636960195,0.706927267745
-0.777083684167,1.82713525316
1.57235769779,0.77423365095
-0.0807364387212,1.52573791729
-1.92254938507,2.40847471897
1.19269207293,0.964529820876
0.41992120053,1.31185237925
1.46851359371,0.828356121682
0.611859229539,1.22851765467
-0.74344894386,1.81218248795
1.70009251474,0.704855368054
-2.03325189109,2.47980907328
-0.181345461127,1.56861991224
-1.75275818641,2.30754235644
-1.9635395381,2.43429449636
1.28957693123,0.917777825431
-0.405445066179,1.66463935766
2.31643312049,0.287160364763
0.165534562416,1.42085569132
-1.6410577018,2.24538760013
2.17451212108,0.402926346696
1.60704365627,0.755724555944
2.23190163981,0.358416783568
1.18635752915,0.967551326396
0.128086773781,1.43682104676
1.95575484524,0.553390177748
0.0781569011102,1.45809135309
0.882887155143,1.10814026706
1.93180164884,0.568484124863
1.96663168098,0.54646171436
0.55230585653,1.25450996947
-0.756804361033,1.81811264443
2.1742592282,0.40311673339
-0.496838488649,1.70412760215
1.04874696052,1.03224185319
-0.493231194664,1.70256427121
-0.555892198594,1.72978225034
-1.37393335759,2.10656521733
0.960331743249,1.07295214941
-0.236829570808,1.59231298268
-0.0564575890222,1.51539957377
-0.100869360159,1.53431303066
-0.466132549104,1.69083327241
0.10632431639,1.44609389294
-1.92041860553,2.40714994512
2.36969094163,0.23764780708
1.90254279587,0.586630113302
0.355825853113,1.33943685236
1.28844244322,0.9183314351
0.451100157666,1.29839541136
0.501730867806,1.27648220398
-0.83408881962,1.85262042236
2.0399440093,0.498435409422
0.836900627265,1.12884835565
-0.706195494785,1.79568893474
-1.21712001331,2.02989181514
-0.847189998805,1.8585043895
0.550499099412,1.25529644992
-0.67219661478,1.78069500901
0.494758911543,1.27950443346
-1.23872666461,2.0402855306
0.647954467106,1.21269447375
-0.582592861524,1.74142261661
-0.987237646057,1.92210337513
-0.973364683972,1.91574186905
-1.07005616242,1.960394683
1.18183336838,0.969706791298
-0.663038328192,1.77666522631
2.04465975449,0.495260873248
-0.913795767101,1.88858508721
2.40415522392,0.203069551056
-0.228361556135,1.58869427904
-0.630054870396,1.76218269834
-1.37930318329,2.10924544427
-0.840220131695,1.85537280925
2.31218436442,0.290937005483
0.370097368081,1.33330346155
-1.25139748357,2.04640458075
0.691692979725,1.19344423633
-1.77006746626,2.3174454107
-1.92451252822,2.40969674493
1.28543812163,0.919796751615
1.81762214003,0.637658857199
-0.0452731987386,1.51063781124
-1.99071379822,2.45178271805
-0.916995643746,1.89003755693
0.153914087844,1.42581130042
2.30396088239,0.298181587374
-1.14392747253,1.99504445463
1.37612099688,0.875074081655
1.91024277253,0.581884666154
1.32815026447,0.898861822181
2.34294122244,0.263046166884
-1.93716180467,2.41760513162
1.77086219788,0.664828744859
-1.34917071357,2.09425551079
2.40539897081,0.201777504932
-1.26315706377,2.05209971211
-2.05952836403,2.49755225377
2.10267069362,0.455256878326
0.364225817186,1.33582741071
2.0684853252,0.47904973522
1.71155625098,0.698455093517
-0.414935110743,1.66872880452
-1.14005722116,1.9932165978
1.76152081968,0.670184876752
1.45662096324,0.83444076129
1.04558004714,1.03371077218
2.31800559043,0.285756682819
1.54805228369,0.787069155326
0.774960026863,1.15654137261
0.272153594991,1.3753106618
1.77080474277,0.664861759022
-1.6409451171,2.24532636631
1.00379970004,1.05301361757
1.86915196023,0.606972150795
0.337193893424,1.34743736973
-0.864301331309,1.8662052156
0.790308185186,1.14969964471
-0.964405983369,1.91164143388
1.1662191071,0.977130112005
0.481558082124,1.28522253992
0.279776089959,1.37204805918
1.90037681937,0.587961221687
-1.86655618784,2.37419280953
-1.08424177278,1.96701054904
-1.50185323285,2.17155199744
1.47653122957,0.824241541667
0.85646949301,1.12005243241
-0.757474360462,1.81841038782
2.28681049096,0.313026512272
-1.16714967068,2.00604235032
1.23404929605,0.944699529147
0.287842032156,1.36859454758
-0.0403053841383,1.50852287686
2.14641790042,0.423797327093
-1.66287818034,2.25730638998
0.607907922935,1.23024651283
1.39222728625,0.867018319434
-0.0757168567977,1.52360028434
-1.12582273305,1.98650609247
-1.41486773555,2.1270976145
1.09684512574,1.00982746057
0.894132945531,1.10305577001
1.56722388106,0.776953795531
-0.243345887709,1.59509836671
-0.193294186145,1.57371903309
-1.40279858925,2.12101936767
0.0111904066907,1.48660192046
0.68942603828,1.19444412173
0.158520078394,1.42384721138
-1.82313717874,2.34831748007
-1.11976632221,1.98365669822
0.765750816041,1.16064038266
1.28666753371,0.919197252143
-1.51647694734,2.17914402348
0.986161760623,1.06112123157
-2.03080234412,2.4781723764
1.93573920567,0.566018024081
-1.31557994593,2.07768444638
-1.45557908635,2.14775796289
0.267717589142,1.37720891913
-1.7486117793,2.3051816536
-1.01457309253,1.93468117452
0.607858747027,1.23026802531
0.0888486062763,1.45353791451
1.98740055747,0.533096964638
0.484809787893,1.28381453073
-0.30729095473,1.62246830297
-0.452040005738,1.68474139303
-2.05362383162,2.49353493039
1.0348220725,1.03869449864
-1.3080623158,2.07399522261
2.14992926535,0.421218771486
0.82623340654,1.13363337697
-1.20654564557,2.02482336944
0.754802874497,1.16550739891
1.9687189415,0.545126665718
-1.03437082911,1.94382740257
2.2643378743,0.3319753099
-0.0403481591978,1.5085410871
1.44116638023,0.842315306454
-1.88840438027,2.38744118697
1.67874411736,0.716693101204
2.2412506378,0.350899053462
-1.9978574311,2.45643224662
2.07014589706,0.477908843367
-1.90861300772,2.39983990085
-1.91159957324,2.40168444398
0.134767466977,1.43397372693
-0.589560724251,1.74446476535
-0.954145664084,1.90695246229
-0.807453835704,1.84068963108
0.89985399409,1.10046596034
-0.401537643919,1.66295624965
2.3736999612,0.23373930986
-1.15691126731,2.00118701998
0.390495512329,1.32452875589
-1.38099178159,2.11008908179
-1.70516491322,2.28070350017
2.27195856224,0.325610572049
2.36794016691,0.239345946568
-0.19175969082,1.57306409378
-1.57064844163,2.20759089604
1.40820616684,0.858990585198
-2.01636486884,2.46858366529
1.830777049,0.629902280795
-1.84582823856,2.36176712907
-0.560084244291,1.73160804976
0.600053218164,1.23368139808
-0.647278477813,1.76973941735
0.775975459088,1.1560891239
0.757729397192,1.16420700587
-1.49399747999,2.16748830187
0.76396347672,1.16143539726
1.76379465645,0.668883232004
-1.25231401769,2.0468478935
-0.46747145922,1.69141235843
2.14608610621,0.424040548997
1.78429031415,0.657088471712
-1.17605409867,2.01027351915
0.270765619997,1.37590464016
1.68686062192,0.712204744954
-0.62338230817,1.75925854801
-0.732682734704,1.80740871322
-0.467719541309,1.69151966121
-0.646751280855,1.76950792447
1.84606667056,0.620821445985
1.70624906492,0.701421980421
2.23949496172,0.352317009309
-1.45132226929,2.14558604109
-0.6556585536,1.77342075179
-1.48978087767,2.16531127169
2.10449500476,0.453968485092
0.884947918189,1.10720916166
1.47769482474,0.823643548342
1.31195352187,0.906826800855
-1.90314313862,2.39646985739
-1.74093126197,2.30082043143
-2.03383133173,2.48019665721
-0.597758857151,1.74804647288
1.4789055638,0.823021097826
2.16883482776,0.407189140107
1.49376411072,0.815362999043
-2.06153693797,2.49892295291
2.07624195527,0.473707879454
-1.5838702106,2.21461488163
2.372787895,0.23463097687
-2.03726512389,2.48249683859
-1.89803189294,2.39333028104
2.01812778328,0.512981458608
2.17930273578,0.399310852555
0.00629846616539,1.48868429027
-0.74766989338,1.81405569662
-0.956591515263,1.90806952376
0.189885091576,1.41046670437
-1.00862856462,1.93194098981
-1.8657909604,2.37373164048
1.31768175726,0.904013592889
1.40538795012,0.860409069317
-1.19373136446,2.0186970396
1.38360775282,0.871333923273
1.70145986922,0.704093588467
0.813206173937,1.13946792533
-1.98056380183,2.44521434547
-2.00245777713,2.45943831979
-0.715769950002,1.79992133433
-0.310199913838,1.62371514339
-1.82045897355,2.34674023682
-0.306652028608,1.62219446777
2.29399643363,0.306848781396
0.76250769275,1.16208280891
0.792701541202,1.14863158635
0.092936092577,1.45179695419
-0.880962715478,1.87372120641
0.071548371099,1.46090554917
2.04050310806,0.498059610369
-0.198457651608,1.57592306405
1.18056931833,0.970308656607
-1.55973727991,2.20181888812
0.772601531331,1.15759157283
0.691835655646,1.19338129782
0.784755879506,1.15217618739
-1.77327329928,2.31928822512
-0.0798397465674,1.52535604415
-1.24977832651,2.04562165133
-1.4447570207,2.1422417278
2.00865068096,0.519230776508
-0.561530650075,1.73223816554
-0.226624315396,1.58795201688
1.68887440031,0.711088829559
-0.294656751869,1.61705488631
-1.60038567124,2.22343534462
0.495292609643,1.27927313928
2.39682719251,0.210616069306
-0.149930314562,1.5552208357
-0.92470186078,1.89353838948
-1.29120504838,2.06574767072
-1.88213737561,2.3836246952
1.32747458307,0.899194754274
-0.401152275045,1.66279027453
1.578835308,0.770794490525
-1.29153940063,2.0659109227
1.08272224876,1.01642969844
1.59824124085,0.760443652639
-1.45880772267,2.14940714202
0.397359369336,1.32157383339
1.02779942728,1.04194270514
-0.198481699137,1.57593332952
2.25614251589,0.338753125803
-1.96084620166,2.43257778816
-0.223137046663,1.58646215654
1.07000685134,1.02235902088
2.3173053096,0.286382195695
-0.236476724119,1.59216217716
-0.106067909889,1.53652761013
-1.57159068057,2.20809037194
0.76546374454,1.16076808455
-0.201202714999,1.57709492993
-0.782595414838,1.82959135967
-1.129898115,1.98842538444
1.64271260373,0.736442743107
-0.505343614746,1.70781521901
1.69671059089,0.706737632266
1.04498853292,1.03398504387
-0.83759908215,1.8541959259
0.989606921737,1.05953946893
-0.13715087867,1.54977291126
2.01745006316,0.513429727323
1.5204842082,0.80150001081
0.155735957058,1.42503444231
0.105224404902,1.44656247087
0.89406656588,1.10308580614
0.561165777284,1.25065153239
-1.48642612911,2.16358128091
0.440140933504,1.30312855083
-1.2121971497,2.02753074182
0.495868328926,1.27902362372
1.99846970086,0.52589894563
-0.138520237036,1.55035660601
-1.3079554128,2.0739428108
-0.527371686882,1.7173771781
-0.473202282254,1.69389158159
0.903139405962,1.09897773628
0.580676492844,1.24214447246
-0.182852066949,1.56926276638
1.66172544657,0.72605655479
-1.40546885513,2.12236237317
-0.100745618899,1.53426031902
0.605980535325,1.23108959444
-0.396490649963,1.6607828503
1.233952224,0.944746288938
0.0423509336817,1.47333702122
-0.399217110986,1.66195687282
-1.9190136263,2.40627733369
-1.50588161728,2.1736397952
2.16034012059,0.413523997909
1.36382015694,0.881202721715
1.2618837039,0.931248467947
0.437788478172,1.3041441007
-0.23850501755,1.59302908812
-1.24879718363,2.04514737126
1.56780460084,0.776646346953
-1.8049581101,2.33765265835
-1.70674119275,2.28158359085
1.31837538729,0.903672666569
-1.73991809766,2.30024624087
0.917476815007,1.09247470888
0.797835936174,1.14633922953
1.75370768672,0.674647172616
1.50960219092,0.807160269246
2.29371141357,0.307094954336
0.332931360868,1.34926664224
-0.678696613283,1.78355741911
-2.05952112178,2.49754731527
-0.69732627499,1.79177224279
-0.664126241186,1.7771437264
-0.44160202384,1.6802330136
-0.193393287516,1.57376133159
0.82076466335,1.13608388981
0.900875072864,1.10000350953
1.83191085031,0.629231335185
-1.42426619532,2.13184538675
-0.941791749498,1.90131678311
-0.988386987857,1.92263106136
-1.2362550005,2.03909397793
-2.03886478183,2.48357035726
-1.49585614203,2.16844885092
-1.16896202275,2.00690289552
-1.73713118602,2.29866814388
2.34658656355,0.259651251454
0.860204599722,1.1183708793
-1.01340907205,1.93414438948
1.75512182444,0.673840694096
1.0965527426,1.00996432477
-1.44707098428,2.14341970505
-0.922783442872,1.89266649659
-0.334935739973,1.63432422919
-0.104326678232,1.53578582718
-1.31703516318,2.07839938986
-1.61539089739,2.23149539184
-0.400475791098,1.66249892776
1.3158056832,0.904935403417
0.421189784904,1.31130537422
0.714919612822,1.18318547616
1.95270675796,0.555323301742
2.05592953417,0.487629186039
-0.356895739603,1.64375352286
0.598654333182,1.23429287584
1.56606308127,0.777568167421
-1.84888895412,2.36359337995
-2.0606280971,2.49830247815
-2.02642669497,2.47525588127
-1.05125388309,1.95165226822
-0.426645396035,1.67377827877
-1.07297757774,1.96175574404
1.09256414753,1.01183062024
0.66340958077,1.20590222709
-0.414237504731,1.66842811215
-0.401595741768,1.66298127223
-0.637909864432,1.76562743839
-1.00822212025,1.93175373692
2.06548749099,0.481105682055
2.01223402945,0.516872708506
-1.5672823207,2.20580787775
1.04834170533,1.03242987039
1.45209905604,0.836748568856
-0.0579287044835,1.51602593264
1.40182195019,0.862202315483
-1.52284957723,2.18246373152
2.13013898122,0.435644926592
-0.000907413541463,1.49175162809
2.03205984916,0.503718502507
1.45499343397,0.835271751379
-1.20580127875,2.02446702886
-0.339103941741,1.63611319157
-1.88319426758,2.38426739367
-0.143502255567,1.55248034828
-2.0138250327,2.46690688613
-1.96881348261,2.43766458324
-1.47715749265,2.15881101645
2.21161533418,0.374460499668
0.142933358334,1.4304929096
-1.75669013957,2.30978505316
2.10675344955,0.452370769914
2.31483920362,0.288579901196
0.757470725629,1.16432196412
1.70555558148,0.701809167584
1.2245558798,0.949267663465
-0.252304161288,1.59892860929
0.435275003337,1.30522899136
2.24660472222,0.346556890154
2.32080085086,0.283253427526
-0.0763891223922,1.52388656758
-0.670721549746,1.78004570198
0.234261378595,1.39151534926
-1.78733705887,2.32740530706
-0.722623285037,1.80295362338
0.847721662997,1.12398734748
-2.04852405398,2.49007947302
-0.253264755905,1.59933939959
-1.80666854023,2.33865201288
-0.105891148416,1.536452307
1.61100429255,0.753596223658
-1.7545186723,2.30854600342
-0.697872433571,1.79201332033
-2.01800174932,2.46966589842
0.654537454983,1.20980265782
1.73366153172,0.686024582405
-1.78269397415,2.32471953627
0.554323436049,1.25363157852
0.965179391369,1.07073554367
1.75090618277,0.676243339454
0.114492935225,1.4426136925
-1.26404730155,2.05253149247
0.488701820662,1.28212882101
-1.85522475736,2.36738312007
1.03072937992,1.04058799054
1.25149710197,0.9362779766
0.796971237782,1.14672539586
-1.78076259566,2.32360407629
1.61256780767,0.752755177494
0.498459470654,1.27790049647
-0.371938444312,1.65021884658
-2.02156671478,2.47202720516
-0.710796938641,1.79772245065
-1.38954888494,2.11437030117
1.24954858023,0.937220153251
-1.41002458848,2.12465601334
2.3407526919,0.265074816805
1.4411911151,0.842302732266
-1.51468860655,2.17821366071
-1.54548698976,2.19431310663
-0.719702272842,1.80166092415
-1.96921282904,2.43792023099
-0.0391620630602,1.50803614274
-0.906044145087,1.88506938705
-1.50907823924,2.17529843925
-0.648757077608,1.77038873704
-1.47199758466,2.15616132053
-1.26297247827,2.05201019638
-1.25225098344,2.04681740183
0.735691403788,1.17398856445
-0.807179063329,1.8405667654
1.09176513114,1.01220431631
1.52898199526,0.797065856474
-1.25660579882,2.04892501892
-1.08044187288,1.96523664183
0.886618891547,1.10645397106
1.60753099686,0.755462840759
-0.466771957974,1.69110981357
1.55338138782,0.784264087135
0.927781750675,1.08779205104
-0.742879647846,1.8119299114
-1.90848925831,2.39976354023
-0.801840631464,1.8381805183
0.232826856419,1.39212839434
-0.925055159965,1.89369898644
0.268204441238,1.37700060131
1.51884447968,0.802354197751
-0.323849912892,1.62956803609
2.15791256852,0.41532494348
0.638722840846,1.21674662434
0.342630208738,1.34510380773
-1.19178846337,2.01776965239
0.39356748303,1.32320640347
2.19832342729,0.384783367396
-1.16574888328,2.00537744842
-0.27438336545,1.60837436456
2.24530406908,0.347614230156
-0.152461704582,1.55630015207
0.0921718982727,1.45212245034
1.80747271884,0.643608576037
2.15802675214,0.41524032561
-0.700830147756,1.79331911971
1.86232929691,0.611082922457
0.969011446331,1.06898210241
-0.757895648234,1.81859761751
2.25215131447,0.342029552725
1.64568284121,0.734825260887
-1.55521511886,2.19943304858
0.90898980069,1.09632584262
-1.97141226285,2.43932940696
1.00753612659,1.0512930143
-1.60134103652,2.22394719534
2.26420772667,0.332083481818
-0.979165571465,1.91840013447
-1.09502105749,1.97204955655
1.75031096589,0.676582206551
-1.91478110789,2.40365292131
2.04797917674,0.493019679176
-0.885758275361,1.87588779039
-0.745698002401,1.81318047941
1.24076735461,0.941460911792
-0.677931266961,1.7832202822
0.145882797689,1.42923553037
-0.437468980242,1.67844872128
-0.960166087164,1.90970287061
1.00456955662,1.05265919197
0.0704369199421,1.46137883353
-0.156436124418,1.55799485911
-1.74680386743,2.30415372004
-1.74944684118,2.30565673076
-0.508437725764,1.70915733584
-0.796395366627,1.83574818536
-0.446126628091,1.68218690113
-1.71446768468,2.285906074
1.44593221643,0.83989084929
1.93926391144,0.563805510329
-1.31393723835,2.07687770455
1.90552657424,0.584793721189
-0.319258031468,1.6275986999
-0.426963163543,1.67391535157
-0.872233383793,1.86978118191
-0.165114798465,1.56169601146
1.79257206238,0.652290136869
2.27078609717,0.326593786851
-1.9214188371,2.40777161377
2.27677094397,0.321559532056
1.42995619443,0.848004689625
1.92840302206,0.570608008977
-0.94196794884,1.90139708629
-0.761224074004,1.82007717443
-0.712822418939,1.79861789781
-1.90224458581,2.39591725959
0.309493391454,1.35931843843
0.456024086565,1.29626770943
0.0843142175988,1.4554691151
0.251175810591,1.38428463862
-1.33170260815,2.0856202288
-0.608707733969,1.75283412269
0.0503066621416,1.46994997262
0.741352442913,1.17147830969
-1.66618212211,2.25912001897
0.781593921085,1.15358578083
-1.48836105885,2.16457887094
-1.62058867859,2.23429784324
0.90800972203,1.09677025725
-0.508253314534,1.7090773359
1.38776624454,0.869253144282
-0.942178359893,1.90149298441
-1.05208625957,1.9520386642
-1.9187233914,2.40609716295
-0.880672449101,1.87359011477
2.12317430249,0.440661582107
-1.77271634965,2.31896787557
0.800282089605,1.14524657121
1.59972999134,0.759646578726
1.1305003789,0.994021585374
2.06483875702,0.481549965768
0.726014132363,1.17827595493
-0.959413726964,1.90935901381
1.69717603771,0.706478738037
0.0555242583567,1.46772854441
-0.692087008636,1.78946032024
2.25715313441,0.337920983396
-1.50676996169,2.17410056264
0.418054745351,1.31265710398
2.21098454885,0.37495368445
-2.04134027677,2.48523411822
0.998911245292,1.05526308486
-0.671079768891,1.78020337692
0.667501423457,1.20410215498
-1.29608126019,2.06812987167
1.43425787566,0.845823717171
-1.05600963035,1.95386070608
1.45727738763,0.834105486184
2.3354642857,0.26994792233
1.38165113787,0.872312129126
0.731132823702,1.17600877357
1.39266949151,0.866796639511
1.54068889417,0.790936660035
-1.24291159313,2.0423045604
2.39499274927,0.212487915805
-1.89686881618,2.39261713533
-1.82525367353,2.34956542481
-0.224492496788,1.58704122326
0.769826314822,1.15882694659
1.47247632882,0.826323750696
-0.821910039148,1.84715993763
1.71732776054,0.695221015465
2.21141674432,0.374615804832
2.15161033547,0.41998132568
1.0019378229,1.05387059578
-0.41703504624,1.6696340271
0.254523289165,1.38285311375
-1.58921106132,2.21746154841
1.89551644411,0.59094222429
-0.312249256668,1.62459363285
1.60679808783,0.755856415112
-1.03310326831,1.94324086425
-1.95225966652,2.42712419431
-1.71719730552,2.28743653207
-1.26095815408,2.0510335921
-2.0575074499,2.49617524479
-0.423684853383,1.67250134513
-0.609635945846,1.75324022651
1.15868766703,0.980702037817
-0.93842641444,1.89978344651
2.37747730435,0.23003072461
-1.52913940311,2.18574713316
-1.26825445142,2.0545732617
0.701602175078,1.18907070612
-0.0124305005075,1.49665669362
-0.0401134105374,1.50844114973
1.48805219291,0.818311148047
1.45738241718,0.83405183516
1.58498823623,0.767520398618
-1.90147396808,2.39544356596
1.60239393388,0.758219229444
1.46420269816,0.830564254088
0.889052860842,1.10535362217
-0.990278621881,1.92349976769
0.169526368349,1.41915305298
1.43293103287,0.84649672529
1.71705617749,0.695373376813
0.458765290272,1.29508288851
-0.610981804531,1.75382911787
-1.24981537655,2.04563956327
0.365204504736,1.33540676671
-0.0320679025546,1.50501608661
1.23965512233,0.941997436287
0.684237988241,1.19673152102
-0.870416209917,1.86896160339
0.0379420698746,1.47521396531
1.4757694721,0.824632906408
-1.07859242232,1.9643737188
-1.92627824398,2.4107970909
1.34168598828,0.892180074672
-0.985436687569,1.92127671986
-1.52358670672,2.18284817398
-0.305641101834,1.62176121403
-0.187700680954,1.57133179798
1.98514416753,0.534557745041
0.951800310972,1.07684903126
-1.05993387614,1.95568444902
2.13762358447,0.430219250788
-0.776926916113,1.82706541937
2.31663118852,0.28698373523
1.5624651489,0.779470855476
-0.732239807089,1.80721244399
2.08831965185,0.465324813196
0.463676699109,1.29295949344
0.310781510273,1.35876628922
-1.00706589614,1.9312211239
-0.979040528263,1.91834280672
-1.37766951099,2.10842961865
-1.44362751422,2.14166702036
-1.49967691971,2.17042519577
0.172276936525,1.41797974729
0.209107707997,1.40226064213
-0.322021335033,1.62878375661
0.0819130457987,1.4564917331
0.423488770039,1.31031395725
-0.121283859825,1.54301064035
-0.272927351469,1.60775121495
-0.0136050496528,1.49715667143
0.854594586488,1.12089619292
1.1795490448,0.970794332168
-0.434511191576,1.67717209613
0.514886912429,1.2707749529
2.26726558373,0.329537309999
1.87285048659,0.604737387717
-0.34184576057,1.63729016204
1.08994844107,1.01305376283
2.10715367325,0.452087320037
1.42786804377,0.849062405145
0.807310672128,1.14210512228
1.14887669758,0.985346751324
2.38955811336,0.217993963051
-0.600273085502,1.74914545355
0.260749363613,1.3801901053
1.94880394952,0.557793150995
1.12567978455,0.996291937213
-2.00082442847,2.45836994183
0.558764974184,1.25169734983
0.437089696399,1.30444573342
0.384891641382,1.3269403837
-0.736464682269,1.80908496779
-1.29838441697,2.0692560374
-1.19198283691,2.01786241343
2.05885269679,0.485639103556
0.664653962911,1.20535488161
-0.232756870763,1.59057243454
-0.732707224742,1.80741956549
0.851719353117,1.12218970658
2.11398366783,0.447235343152
-0.995498444421,1.92589831441
0.545093901213,1.25764862903
2.09029848068,0.463943568879
-0.364654335647,1.6470875022
-0.801345559945,1.83795930654
1.9627858709,0.548916915924
1.99833576224,0.525986363085
-0.80700617026,1.84048945772
0.0691119477367,1.46194303365
-0.970889316453,1.91460829028
1.16720494793,0.976662144214
0.78975462655,1.1499466301
0.153909372085,1.42581331122
-1.97519019264,2.44175458915
0.0931857036409,1.45169063569
-0.0419716588718,1.50923224837
1.85074958799,0.618025733694
-0.537453002502,1.72175879308
-0.252739438726,1.59911475027
0.643187085408,1.21478753861
-1.87710083445,2.38056710068
-0.596727049401,1.74759553758
-2.03447890899,2.48063000944
-1.9963297174,2.45543603749
1.13374106895,0.992494094107
-1.25709177308,2.04916035079
-0.224929051625,1.58722773085
1.03688061555,1.03774159457
-0.35805014063,1.64424949902
1.7319323634,0.6870012598
0.590822961904,1.23771468011
1.13298405226,0.992851000601
-0.632443142711,1.7632297777
-0.77205282721,1.82489487785
-1.18634547411,2.01517366399
-0.184653329878,1.57003138149
1.84451465347,0.621746496702
-1.03461343557,1.94393967875
1.19997619947,0.961050264139
0.855530222075,1.12047515788
-1.67907684536,2.2662213391
-0.217100871015,1.58388372625
1.45862283535,0.833418077957
-1.77437915089,2.31992454188
-0.504346096444,1.70738259748
0.356373680568,1.33920150101
-0.81613844117,1.8445752313
0.811366308751,1.1402911554
-0.439981160302,1.6795332071
-1.55610560605,2.1999025658
0.929406494954,1.08705308369
-1.68971991429,2.27211071625
0.416447493762,1.31334999844
-0.206296319617,1.57926963579
0.482300071303,1.28490128289
1.59595373128,0.761667540277
-1.27567592431,2.05817995485
-1.75011479965,2.30603686916
2.06548320415,0.481108618616
-0.351498761924,1.64143516432
0.464804864983,1.29247164188
-0.855694773647,1.86232963235
1.81818977098,0.637325219427
-1.92811636273,2.41194378454
1.54790956952,0.787144205441
-1.25954817558,2.05035026796
-1.65403647352,2.252464588
-1.45801078359,2.1489999181
1.58444204077,0.767811329993
0.795035468035,1.1475897401
1.26370364733,0.930365932966
-1.29232030839,2.06629226342
0.144988891692,1.42961662074
1.90649843711,0.584194901015
0.827151742837,1.13322170279
1.07523420501,1.01992314661
1.43317041593,0.846375323498
-0.411870420974,1.66740791241
1.76318643841,0.669231535956
-0.461689060367,1.68891182277
-0.313669216101,1.62520237333
-1.46543236098,2.15279604564
1.95967783101,0.550896748846
0.536975877099,1.26117939502
-0.0158399036201,1.4981079992
-0.55713101292,1.73032173538
-1.07718496976,1.96371722408
2.34590565953,0.260286900056
0.866874136088,1.11536607191
2.11350657127,0.447575182238
-1.55654083611,2.20013209695
1.86599295465,0.608877381472
1.82335624075,0.63428415309
1.12366372839,0.997240794205
1.06118708254,1.02646360193
2.31940348644,0.284506109126
1.73569796906,0.68487339937
1.1366408064,0.99112646999
-1.63756235178,2.24348774742
-0.154479821041,1.55716066548
-1.69079049043,2.27270454966
1.53379230284,0.794550299281
-0.572138555326,1.73686179176
-1.78809622105,2.32784500462
0.143995785403,1.43003999387
0.110530774452,1.44430180841
0.274261202634,1.37440865706
-1.50414838737,2.17274118042
0.300948239812,1.36298049175
2.25037133563,0.343485699099
1.33141431726,0.897252695512
0.646087939833,1.21351406887
-1.54667847718,2.19493927893
0.361089065975,1.33717545158
-1.22321454522,2.03281842466
0.524900405785,1.26642710917
0.856961348408,1.11983104761
-1.6836114379,2.26872743343
-1.99574359545,2.45505410445
1.37465339272,0.875806357348
-1.38271935648,2.11095259618
0.661387780725,1.2067913744
-0.698909724962,1.79247122587
-0.0239555714661,1.50156270481
-1.47448356246,2.15743738321
-1.33720803734,2.08833758621
-0.0958487857713,1.53217442751
-1.19981327767,2.02160258611
1.26374994778,0.930343475805
0.885049301086,1.10716334718
0.0279097857726,1.47948475514
1.99913658904,0.525463571136
1.85578112613,0.615014221307
-1.66238187835,2.25703416141
-0.168850357514,1.56328933085
-1.65307660132,2.25193996704
0.669919903009,1.20303786902
0.550851346459,1.25514312621
-1.28873871368,2.06454386136
1.46956015437,0.827819611583
-0.545454798029,1.72523912638
-0.429553175053,1.67503268654
1.18622893448,0.967612622066
-1.53594936529,2.18930978639
0.713660555216,1.18374224738
-1.83103987358,2.35298395209
2.14042859122,0.428176489016
-0.0370192863713,1.50712392923
1.99666651675,0.527075163259
-1.90160891343,2.39552650094
0.235283038108,1.3910787234
1.20170245784,0.960224839729
2.04527112611,0.494848503475
0.295497798674,1.36531557696
0.806594711849,1.14242525215
-0.747678792285,1.81405964683
1.31695157577,0.90437242006
0.649571964605,1.21198410524
-1.88155156083,2.3832686215
2.39257462885,0.214945020151
0.193365382942,1.40898131525
0.339007806082,1.3466588099
0.594202481003,1.23623834444
1.65714407874,0.728566320058
-1.73161877686,2.29555243464
-0.0851184907426,1.52760415428
-1.53027489788,2.18634061016
2.34934009127,0.257073526698
-0.939619366572,1.90032689591
0.501636807321,1.27652298812
0.779885109926,1.15434733583
-0.33320292145,1.63358062363
1.05674133939,1.02853007654
-1.67235997378,2.26251765365
-0.113128804412,1.53953583104
-0.0590190973736,1.51649019568
1.14138948371,0.988885094294
1.27867138771,0.923093229257
-1.4390094378,2.13931928304
0.0678753004776,1.46246961651
0.609507102735,1.22954688257
-1.30238168395,2.07121208609
-0.0791427806863,1.5250592309
-1.64354435501,2.24674074723
-1.39280481997,2.11600194342
0.530820983419,1.26385479663
-0.476732094094,1.69541911748
0.103715687339,1.44720519332
-1.61873127793,2.23329577651
-1.11697654128,1.98234531647
-1.22310713557,2.03276681172
1.20236470243,0.959908099604
0.0969085200268,1.45010490899
0.286507904824,1.36916584687
0.748468070574,1.16832071432
-1.10906130994,1.97862852382
-1.2301234711,2.0361409517
1.49777369959,0.813290305511
2.11765092517,0.444618502841
1.6380112164,0.738999157366
-0.0790580079837,1.52502312935
-0.951167937351,1.90559306666
1.50189792249,0.811155592557
-1.59312082236,2.21954890893
0.258942716522,1.38096290606
-1.48745942844,2.16411394274
1.75245574962,0.675360717894
-1.36736566847,2.10329240741
0.335621208556,1.34811233441
0.89488727468,1.10271442322
0.809628621434,1.14106848762
1.6835072878,0.714060914965
-0.826314887885,1.84913388427
1.53353317464,0.79468591342
0.195126327545,1.40822968878
1.4240366187,0.851001477204
1.44985886474,0.837890716294
-0.79500700012,1.83512828679
-0.195262357953,1.57455911141
-1.48064866942,2.16060619431
-1.9625444948,2.43365992377
2.00454487604,0.521925508183
-0.202300120931,1.57756343799
0.466668336825,1.29166573948
1.48202224654,0.821417708755
1.11197529816,1.00273454403
0.892080130741,1.10398451426
-1.30819733213,2.07406141967
-1.2055873071,2.0243646079
-0.617042045769,1.75648174053
-0.269255911765,1.60618005966
-0.000576430762804,1.49161073825
0.294619527831,1.36569179538
-1.51365814004,2.17767781876
-0.576790195426,1.73889061569
-1.98993041931,2.4512741963
0.0829967063317,1.45603022425
0.488686791168,1.28213533147
0.49128949441,1.28100778855
-0.42813220022,1.67441965312
0.748646096947,1.16824168059
-1.19950372881,2.02145461089
0.548577074924,1.25613297703
-1.67356343202,2.26318050181
0.243072043133,1.38774943687
-1.65065540273,2.25061752986
-0.824315091884,1.84823757323
-1.92443673138,2.40964953621
-1.85778874157,2.36892036452
0.63109286297,1.22009298549
0.110260618507,1.44441690697
0.945023184858,1.07994087065
1.05215112729,1.03066195784
1.69160099664,0.709576435854
-1.56705287921,2.20568641997
0.617058435127,1.22624182025
-0.0112536492527,1.49615573691
-0.561514208461,1.73223100244
-0.354726351918,1.64282154941
-0.280275202965,1.61089634424
1.27802249448,0.923409061029
-1.71744405675,2.28757497012
-0.0954853213474,1.53201960921
-0.646692025428,1.76948190609
-0.309625073585,1.62346874193
0.630915392763,1.22017079111
2.20703702144,0.378032546887
1.6343341462,0.740995376962
-1.06956041206,1.96016379019
0.462927866124,1.29328328956
-0.574014571343,1.73767992211
-2.00785390585,2.46297642423
-0.771355567323,1.82458447764
1.96260183678,0.549034254771
0.063517058044,1.4643253712
1.27697843386,0.923917126801
1.72165028709,0.692793628857
1.37732220556,0.874474508951
-0.923829521367,1.89314189255
1.10172817102,1.00754058145
-0.646350742278,1.76933205553
0.11845969202,1.44092350783
-1.69421888854,2.2746080044
-0.77688494414,1.82704672279
-1.67803493811,2.2656461706
0.676846225343,1.19998837167
-0.662674489256,1.77650520976
0.447541824716,1.29993258279
-0.41984300544,1.67084464155
2.2415872172,0.350626887626
-1.73016810466,2.29473374228
0.294655186493,1.36567652082
-0.084855652124,1.52749221328
1.22044539063,0.951242560983
2.0393120318,0.498860009003
1.35269900213,0.886726238652
-1.50636405924,2.17389001238
-1.55640194408,2.20005884449
1.28596202256,0.919541303151
-1.61518889183,2.23138658756
-0.116212339816,1.54084964672
-0.779609399095,1.82826054147
-0.35097054413,1.64120829465
1.15656914915,0.981705780738
-0.424814304619,1.67298846913
0.799880924632,1.14542578851
-1.94360842991,2.42165888559
0.820909855503,1.13601885274
-1.36353477982,2.10138607244
-1.16488544359,2.00496770233
-0.54659300615,1.72573436791
-1.90765331046,2.39924785429
2.16475410407,0.4102387276
-1.09374096561,1.97145061166
2.28591266544,0.313794203999
1.4649796528,0.830166496076
1.12074187767,0.998615293095
-1.46292196704,2.1515110241
-1.67733717079,2.26526111513
-0.810762901033,1.84216963474
-1.879476085,2.38200801763
1.11935723132,0.999266383111
0.635287969524,1.21825339918
-0.743475038658,1.81219406569
-0.0854323722806,1.52773783456
0.204688250149,1.40414769868
1.44031792519,0.842746570285
-0.491893320958,1.70198456841
-0.49627111875,1.70388168747
-0.163190659639,1.56087536856
-0.278469597409,1.61012339752
2.36434356962,0.24281804954
1.49040583985,0.817096980013
-0.985711540486,1.92140286381
-1.87531832457,2.37948699394
1.32585605976,0.899992023931
-1.14954829997,1.99770163783
1.25457946912,0.934786674834
1.87097446529,0.605871497641
-1.83028934047,2.35253996532
-0.0200336629396,1.49989320315
-0.00165136534645,1.49206830696
0.609351989633,1.22961474803
-1.02097386206,1.93763479129
-1.55541575382,2.1995388226
-0.331628097968,1.63290487304
0.084085307034,1.45556660547
0.585829990189,1.2398950328
0.829359849886,1.1322316424
0.934724389892,1.08463311019
1.49643732768,0.813981415007
0.114910513263,1.44243577308
-0.607468445689,1.75229197358
1.17042222106,0.975134268813
1.32954958494,0.898172144253
-0.80689947075,1.84044174878
1.83448452389,0.627706880514
-0.103284819521,1.53534199375
0.855715370142,1.12039183502
-0.227451167899,1.58830529671
-1.61237658033,2.22987266792
-0.841394387813,1.85590019918
0.637926363865,1.21709605975
1.11173202423,1.00284875332
1.24139377686,0.941158674676
2.3665651677,0.240675934978
0.481217388813,1.28537004325
-1.45969845268,2.14986240794
1.26017591533,0.932076272294
-0.0025177904065,1.49243711925
0.976954984468,1.06534390309
2.09294707025,0.462091354248
1.3859992305,0.870137594068
0.593975963801,1.23633731201
-1.20488754693,2.02402969003
1.79071561805,0.653367385942
0.524236268957,1.26671558163
-1.33535481412,2.08742244502
-0.18765660975,1.57131299042
2.0875023275,0.465894670964
-0.600532688896,1.7492589417
0.529403537028,1.2644707442
-0.84204996611,1.8561946733
-0.972832117201,1.91549794512
-1.11486880784,1.98135501749
0.910495952747,1.09564275504
0.418300412573,1.31255118952
-1.15858703578,2.00198101027
-1.23053556973,2.03633929514
-1.4859220626,2.1633214992
2.01329390639,0.516174120794
1.98858841324,0.53232707302
0.617288852688,1.22614093453
2.07391377006,0.475314661681
-1.73321199435,2.29645217293
-1.18478209217,2.01442858186
1.38162778943,0.872323798965
-1.27617733639,2.05842386225
-1.79806218403,2.33363201275
-1.83288989947,2.35407908191
0.398042658448,1.32127960964
-0.14470328255,1.55299235634
-1.29666040731,2.06841299491
0.123073888766,1.43895731287
0.855760672716,1.12037144701
-0.92768463676,1.89489452193
0.942135319261,1.08125736888
1.85894110839,0.613118785544
2.27630976312,0.321948835857
-1.27390802781,2.0573202112
-1.18665594988,2.0153216613
-0.506793432268,1.70844405985
-0.175784887683,1.56624748745
-1.78051227665,2.32345957991
-1.72147486591,2.28983850899
0.305534155752,1.36101535538
-1.97561018788,2.44202456455
0.639098173231,1.21658194673
-0.346531476166,1.6393019564
-1.78863906847,2.32815951283
-1.78942340784,2.32861407748
-1.65557306523,2.25330482838
-0.558450713237,1.73089650674
0.602553190309,1.23258842121
-1.53847117478,2.19063113602
1.76207621054,0.669867071707
-1.33183977347,2.0856878837
-0.432793431333,1.676430797
0.508058336361,1.27373798349
2.29018025825,0.310136962678
0.215072095634,1.39971351733
-0.0416798977698,1.50910803844
-1.49952381771,2.1703459556
1.14984520223,0.984888656895
-0.105261874594,1.53618422821
-1.65648955519,2.25380622596
0.19187141864,1.4096189571
0.879086999759,1.10985655516
-0.947698788128,1.90401012908
1.75756703134,0.672444978119
-1.40620151227,2.12273103881
1.01468199863,1.04799933483
-0.660707732578,1.77564033164
1.67422240624,0.719187144572
0.54569112164,1.25738878812
1.90832168169,0.583070592239
0.165065124703,1.4210559114
0.185272935782,1.41243495516
-0.15502099072,1.55739142372
-0.671221846719,1.78026591599
-1.44400771113,2.14186044793
0.354494248861,1.3400088929
1.82128652451,0.635503366308
-1.6323000163,2.2406322695
1.50474019291,0.809682783409
0.794586084143,1.14779036523
1.14819505856,0.985669106474
0.282988111334,1.37067293875
-0.678645899786,1.78353507885
1.48196337198,0.821448011416
-0.273565048673,1.60802413423
0.175394293925,1.41664988368
-0.494358218585,1.70305265672
1.54864483784,0.786757505702
2.06176665248,0.483650887133
-1.38181893881,2.11050247863
-1.38274821795,2.11096702583
1.97457856548,0.541369173596
-2.01875049077,2.47016134724
1.65033788826,0.732286537467
1.31278936343,0.90641656123
-1.60205293944,2.22432872369
0.0621595537861,1.46490338586
-0.343411390127,1.6379623064
-0.629044587577,1.76173983707
-0.118449598574,1.54180292793
-0.900877255834,1.8827282158
0.548742938048,1.25606079328
-0.114504546178,1.5401219912
1.85040369698,0.618232466002
-1.99263184848,2.45302892138
-1.22911502144,2.03565566196
-0.888263365162,1.8770201569
-0.0119911179253,1.49646965911
-0.984615924352,1.92090006398
-2.04497751724,2.48768417087
-0.537286121937,1.72168623342
-0.893960424753,1.87959690325
-1.1095275988,1.97884732262
-0.22922582432,1.58906356647
2.1666208961,0.408845128961
-1.24205561766,2.04189143503
-0.574398201968,1.73784723975
0.458850010126,1.29504626682
0.0523551575391,1.46907782182
2.13579147988,0.431550713802
1.68227423473,0.714742805833
1.34264263262,0.891706951275
-1.77871934748,2.32242511101
-0.707251199532,1.79615539148
-1.20030851098,2.02183934575
1.19494686386,0.96345331583
-1.84514659079,2.3613608041
-0.095353682569,1.53196353764
0.354401120896,1.34004889803
-0.0948066282213,1.53173052077
1.38781532859,0.869228569909
-1.64809251009,2.24921906272
-1.80804338445,2.33945590186
2.19085419088,0.390521654416
0.661761325385,1.20662711068
0.426756139423,1.30890468765
-1.03170301976,1.94259307909
-0.256378598174,1.60067110839
-1.38224657609,2.11071624005
-1.20457181685,2.02387859272
2.29976404847,0.301846600265
2.01389766931,0.515775937576
-1.45276338788,2.14632102061
1.57638269194,0.772097583725
1.85738532293,0.614052381484
-1.774512311,2.32000118552
2.17932269204,0.399295755727
-0.185111509887,1.5702268969
-1.05108581964,1.95157425881
0.307680895214,1.36009530648
-1.90836671182,2.39968792725
0.929397515007,1.08705716846
-0.105933909107,1.5364705237
-0.169610731793,1.56361366922
0.917264893565,1.09257093154
-1.35693379782,2.09810585807
2.1989764224,0.384279593374
-0.581454039364,1.74092558839
-0.205357965468,1.57886898246
-1.45545445857,2.14769433554
0.892156479385,1.10394997719
2.09904804346,0.457809542904
-0.804632547857,1.83942828538
2.36475956071,0.242417573213
2.1722230691,0.404647913143
-0.924779067369,1.89357348405
-1.05207945652,1.95203550593
2.22917798322,0.360591895736
-0.880246515611,1.87339776225
-1.90809768027,2.39952194961
1.58882596823,0.765474624584
2.19648806809,0.386197488124
-1.12214683292,1.98477626459
-0.755714643723,1.81762843168
-0.646732851909,1.76949983252
-0.665567449351,1.77777769919
0.290587009127,1.36741899435
-0.109756591312,1.53809909273
-1.50115781905,2.17119185679
-1.84162297657,2.35926269841
-1.42488235846,2.13215710037
0.311826779527,1.35831821323
1.99723177578,0.526706598592
1.36155717679,0.882327997306
1.30799376846,0.908769121153
1.84508496231,0.621406661648
-1.17011605562,2.0074510262
0.5285178029,1.26485560242
-1.68611134596,2.2701110236
-0.194392743021,1.57418792637
2.22265322548,0.365775619387
-1.89609954476,2.39214571102
-1.51575049642,2.17876603077
-1.18304860344,2.01360272049
0.447275681909,1.30004753974
1.9315757368,0.568625436968
1.05706378247,1.02838025433
-2.01843149773,2.4699502349
1.17347922287,0.973681550328
1.71415649212,0.69699903015
0.704209224122,1.18791927747
-0.0255491638012,1.50224108104
1.17916819867,0.970975597437
2.29800437005,0.303376950713
1.89605487053,0.590612396495
0.564821488797,1.24905865417
-1.15776207465,2.00159010386
2.37088296861,0.236488594613
2.23207503124,0.358278086137
-1.56090363798,2.20243484876
-0.959177733379,1.90925116438
2.3126222892,0.290548816358
-1.01816131795,1.93633655007
0.16808097182,1.41976958181
1.69124460964,0.709774214088
2.15315956477,0.418839219686
-0.106500411375,1.53671186335
1.22390453924,0.949580723473
-0.336164730208,1.63485166483
1.65102723575,0.731910196229
0.557846861853,1.25209723419
0.594092588176,1.23628635794
-1.01577497732,1.93523553295
1.95086489707,0.556489648309
1.55294249837,0.784495297317
-0.00658418736288,1.49416806996
1.85763807907,0.613900760035
0.523228240239,1.26715339718
-1.73307801921,2.29637648887
-0.607908407363,1.75248443568
2.33202346068,0.273096946515
-2.05130436339,2.49196169379
-1.10076706126,1.97473986899
-0.798759122274,1.83680384004
0.337450227419,1.34732735139
0.958770516126,1.07366566159
0.787760854688,1.15083606488
0.268482196779,1.37688175147
0.450727301066,1.29855649954
-1.29752976662,2.06883806774
1.0129920483,1.04877863052
0.792658196487,1.1486509322
1.5919624904,0.763800549587
0.757071080461,1.16449956662
-0.206766343701,1.57947032832
-1.66635725652,2.25921622198
0.362571103289,1.33653856366
-1.08607047379,1.96786469236
2.39933791022,0.208043052631
1.35364115757,0.886258932761
0.61308122016,1.22798285533
1.52841052101,0.79736444274
0.582835500199,1.24120221617
-0.0481996562281,1.5118837157
1.95381512053,0.554620793766
-0.695320820537,1.79088714541
2.033935092,0.502464657692
-1.77607434739,2.32090061094
-0.971022794935,1.91466940432
2.08135086066,0.470171649064
0.0274947838582,1.47966141924
-1.46126086368,2.15066127724
-0.806747725658,1.84037389958
2.13288999551,0.433654882985
1.52766226297,0.797755310293
-1.34389363758,2.09164266755
2.28963077814,0.310609026983
0.281032219607,1.37151031046
1.73447125944,0.685566972855
-0.537675448762,1.72185551423
1.10826976877,1.0044735859
-0.321163091181,1.62841567797
1.51197794224,0.805926235097
0.558016722659,1.25202325355
1.69278415097,0.708919630904
2.3453163123,0.26083651063
0.207818780871,1.4028110247
-1.5585751839,2.20120542498
0.0541214172474,1.4683258226
-0.65283535844,1.77218018892
-1.74435110051,2.30276046809
-2.00565664867,2.46153416049
0.41664476452,1.31326495769
-1.18302682801,2.01359234827
1.72865065146,0.688852819193
0.972123818029,1.06755717097
0.743017761276,1.17073955067
2.23285550167,0.357653442493
-0.937341229655,1.8992891776
0.153531256426,1.42597453848
1.4324428064,0.846744300283
-0.688865829281,1.78803955934
1.10063666665,1.00805195192
-0.128263446249,1.54598498326
-0.3159393553,1.62617567048
-1.84370071524,2.36049940568
-1.9322984568,2.41455744161
1.86612103173,0.608800199873
1.1948500311,0.963499557489
1.38663020159,0.869821821365
-1.25791825768,2.04956063549
-0.251915702622,1.59876249229
1.49146002849,0.816552867242
-1.3976829013,2.11844925716
1.20733783887,0.957528067249
-1.89062930343,2.3887993314
0.160722359465,1.42290804066
1.2345856403,0.944441152495
1.06187791507,1.02614233843
0.587835859686,1.23901921746
-1.72094028958,2.28953808644
0.170862528589,1.41858309909
-2.05575177326,2.4949806732
-1.86782299928,2.37495667927
-0.14172245927,1.55172162931
0.364024508651,1.33591393123
1.67223264846,0.720283193169
1.84654081015,0.620538694798
0.270175003587,1.37615738224
-0.831368017223,1.85139975799
-0.377782276418,1.65273193402
-1.73684096076,2.29850391478
0.516914239821,1.2698949634
-1.37994069473,2.10956390441
-0.242442653986,1.59471224375
0.555690285298,1.25303641115
2.10397971405,0.454332600195
-2.05255542415,2.49280991671
2.06857824017,0.478985937001
-0.829024505264,1.85034871536
2.13118251386,0.434890620935
-1.79244733038,2.33036819076
-1.36374159495,2.1014889382
0.0341294784503,1.47683702736
1.25544494552,0.934367749852
-0.329230058983,1.63187598292
0.142730895587,1.43057921893
-0.894288058532,1.8797451548
2.11681512176,0.445215629128
0.558451989328,1.25183367404
-1.51372826909,2.17771428013
0.571584905031,1.24611036629
0.907860499624,1.09683791617
-1.13482759894,1.99074899732
-1.2712092691,2.05600848153
0.715153926289,1.18308185119
-0.518854503039,1.71367810052
1.9377136787,0.564779198527
0.749400323386,1.16790682807
1.02270115399,1.04429833254
0.864766532568,1.11631590623
0.10317020538,1.44743756822
-0.918043525016,1.89051335671
1.44705698465,0.839318160816
1.69286422256,0.708875169099
1.36762058268,0.879311408568
-1.60292355426,2.22479544507
0.9402013824,1.0821386669
1.01161659648,1.04941273361
-1.17875273319,2.01155741336
-1.28759615151,2.06398642604
0.363629284291,1.33608379224
0.545727746366,1.25737285288
1.8432714185,0.62248696525
0.311913002098,1.35828125121
2.05332738492,0.489397031124
-0.943128682003,1.90192614759
-0.759191007575,1.81917336288
1.06151101501,1.026312966
1.43635718764,0.844758358149
1.9440935927,0.560766125799
0.49848505194,1.27788940722
2.1845080053,0.395362915883
-0.428770448237,1.67469499766
-0.823088947644,1.84768813044
0.713549206904,1.18379148327
0.159129447541,1.42358734847
1.70619344344,0.701453039307
1.76541780048,0.667953240655
0.0604489631021,1.46563173197
-1.07947601286,1.96478595037
-0.796716080778,1.83589139802
2.18670065088,0.393693738695
0.981282704378,1.06335979589
2.37515162428,0.232317082103
-1.5184303365,2.18016087093
-0.652754357699,1.77214460091
1.06970631354,1.02249899583
1.4512046958,0.837204644706
-0.515088107442,1.71204310902
0.609760090062,1.22943619285
0.616963926673,1.22628319907
-1.67366726782,2.2632377082
-1.67104484444,2.26179366579
-0.0626022020523,1.51801582611
1.63000575946,0.74334159664
2.10312553965,0.454935833107
-0.562374869337,1.73260597894
0.395168507667,1.32251713748
1.96519320276,0.547380755626
1.31485306582,0.905403305794
1.31829725512,0.903711072323
0.956139685711,1.07486760357
-0.874428977503,1.87077171476
2.00048930623,0.524579852576
2.04797227513,0.493024344702
-1.61629657641,2.23198330945
0.271057431233,1.3757797634
-0.518105911473,1.71335309912
0.105479003898,1.44645400878
-1.33372640812,2.0866186827
-1.61920648851,2.23355208607
1.32066323375,0.902547741986
-1.31389531149,2.07685711843
1.8358099055,0.626921038953
-1.53778647552,2.19027226446
-1.95917445715,2.43151370203
-1.5000994507,2.17064390294
2.04384304854,0.495811450596
0.16924403034,1.41927348498
2.03734400048,0.500180993819
-0.000377612884863,1.49152610721
1.42216313208,0.851948859955
0.775229110427,1.15642153483
0.256578109248,1.38197429729
-1.41108469673,2.12519016331
-1.00491551621,1.93023083207
-0.497822084359,1.70455394577
1.82287720206,0.634566454424
0.941180390336,1.08169256453
-1.06212731183,1.95670438711
1.47789432322,0.823541000683
0.04163321244,1.47364257323
1.71175792572,0.69834221895
1.4767046981,0.824152406614
-0.51463008026,1.71184431195
1.21772067881,0.952550657181
-0.973018321978,1.91558322743
-1.81494573414,2.34350003207
-2.05091313347,2.49169660174
-1.67646703019,2.26478108991
0.448040154841,1.29971733006
2.15514035886,0.417376558843
-1.51618442426,2.17899180478
1.27063792125,0.926999849966
-2.02209792845,2.47237957037
-1.91782463893,2.40553943396
1.02787099122,1.04190962457
-0.212678487383,1.58199495948
-0.032419515412,1.50516576926
-0.864476494713,1.86628414078
0.409008321065,1.31655617725
1.11138931848,1.00300963348
-0.428703472312,1.67466610327
-1.17332004436,2.00897351995
-1.5968629838,2.22154955254
-1.31698413726,2.07837431655
2.10746788773,0.4518647176
-1.73325045068,2.29647389816
-0.916048744711,1.88960767339
0.488682151976,1.28213734107
-1.08750861143,1.9685366192
1.68097022527,0.715463562874
0.773322804893,1.15727043331
-1.22060248306,2.03156361776
-1.94196469784,2.4206237631
-0.583685082352,1.74189935298
2.18802172732,0.392686271645
0.216058173765,1.39929236196
-1.38288236654,2.11103409658
0.382290165693,1.32805966908
2.37752428856,0.22998443464
-0.527569612077,1.71746316796
0.595235361986,1.23578704305
0.864306780454,1.11652306574
-0.996849028614,1.92651925785
-0.788480187427,1.8322155453
1.30734289939,0.909088198527
0.334637663412,1.34853442568
0.496943726073,1.27855752033
0.587102795729,1.23933931055
-0.824465160746,1.8483048261
-0.766639856374,1.82248586575
-1.13910224514,1.99276579794
0.415218326359,1.31387985266
0.672725322991,1.20180297207
2.17236393143,0.404542083357
0.63242936619,1.21950699956
1.81771425816,0.637604719129
1.64556366311,0.734890196748
-0.00232842734493,1.49235651282
1.52748193696,0.797849492718
-0.500465508191,1.70569990327
-0.305911276711,1.62187700119
-0.323752835765,1.62952639788
-0.498514541182,1.70485411271
2.17703207457,0.40102665502
2.29453954578,0.306379429101
0.507195014646,1.27411248304
-0.773944685842,1.82573721192
-1.92816502452,2.41197415882
0.406258636016,1.31774088736
2.3301810534,0.274776235082
0.0922071038727,1.45210745516
0.463537353114,1.29301974805
2.21467396289,0.372064330144
2.28643305899,0.313349349485
-2.04750158202,2.48938825716
-0.817796485462,1.84531755753
1.56015937239,0.780688967574
1.27810551743,0.923368654533
-0.0306803059511,1.5044253849
-1.21117385061,2.02704027665
-0.968247361742,1.91339892414
0.502276132455,1.27624577439
-1.51179790265,2.17671095045
-0.0729500717071,1.52242207517
1.1305873651,0.993980597547
-0.69577411351,1.7910871873
1.36009753154,0.88305345053
0.282482122094,1.37088957328
0.825980736731,1.13374663571
-1.63335927159,2.2412065872
2.36401441281,0.243134724913
-0.517663079556,1.71316085231
2.10580084681,0.453045047892
-1.597228895,2.22174532255
0.276649050848,1.3733866245
1.19647311798,0.962724338107
1.55300265556,0.784463608121
0.156596949425,1.42466729794
1.61924488728,0.749157937771
-2.04382963728,2.48691024764
-0.0123667089745,1.4966295391
0.664742123324,1.20531610133
-1.26201991804,2.05154830909
0.576707893109,1.24387602438
-1.60697146127,2.22696741395
1.25662352034,0.933797136539
0.58524147507,1.24015196438
-1.79325790592,2.3308388205
-1.04763627845,1.94997361761
-0.420184607986,1.67099193331
1.49772133928,0.81331738936
-1.65354630179,2.25219665853
1.0898038384,1.01312136348
-1.8753139416,2.37948433938
1.70290805822,0.703286297653
-0.248011434483,1.59709303627
0.750407211444,1.16745975564
1.33388129068,0.89603562019
0.752243823436,1.16664413786
1.2105620802,0.955983627293
-0.342150931597,1.63742117164
0.624982378475,1.22277115156
1.24856521336,0.937695482958
-1.10705097739,1.97768543278
0.238239100123,1.38981530744
0.187326004756,1.41155883245
-1.2691329995,2.05499988645
-1.12307066035,1.98521088684
-1.94143525124,2.42029057125
1.56807559102,0.776502856182
-0.449723032842,1.68374037508
1.21266408388,0.95497615729
-1.48324251068,2.16194122147
0.539255670575,1.26018808114
-1.69492026868,2.27499774594
-0.109190057565,1.53785772745
-0.239671975436,1.59352788402
-1.44428944635,2.14200379657
0.437524344912,1.30425811677
1.54527184257,0.788530671103
-0.488432223976,1.70048513303
0.493350476815,1.28011477747
1.65026987233,0.732323664478
-1.91450636735,2.40348279016
2.35267709568,0.253933901694
-1.55861136124,2.20122451906
0.172726307338,1.41778805226
1.70097162111,0.704365651048
0.846338379391,1.12460914055
-1.99821445923,2.45666520973
0.882281395226,1.10841391262
1.24695068565,0.938475661986
-0.511376396232,1.71043232018
-0.12115115444,1.54295409168
-0.304979273708,1.62147758438
-0.735659020186,1.80872781709
0.786153518656,1.15155294738
-1.06355796924,1.9573698565
2.37404258783,0.233403967293
-1.20871008874,2.02585985503
-0.250666052499,1.59822811902
1.09012076551,1.01297320004
2.09435806395,0.461102985296
-1.87288005615,2.3780112338
0.324897944614,1.35271316774
-0.552512888956,1.72831089576
-0.932034695064,1.89687340116
-1.66544313229,2.25871415881
-0.442745249747,1.68072664502
0.784936659821,1.1520955793
1.08109755692,1.01718809187
-1.92814979474,2.41196465243
0.216200638693,1.39923151391
-0.259498193667,1.60200543256
-0.842244133277,1.85628189473
-1.61763665593,2.23270555441
-1.04032522786,1.94658443563
-1.47156373367,2.15593872315
-1.84334768021,2.36028917892
0.580961205844,1.24202022532
-1.76298798527,2.31338557491
-0.711604921795,1.79807962893
-0.382327051154,1.65468693634
1.12871349322,0.994863407359
-0.582994552455,1.74159794273
-0.584028442089,1.74204923334
-0.545494559441,1.72525642604
0.381693561696,1.32831633495
-1.58211429625,2.21368016711
-0.288303719973,1.61433390015
1.75427364327,0.674324471303
-0.650336355544,1.77108237442
-0.269399488729,1.6062414977
0.92244839377,1.09021648894
-0.993675622347,1.92506047737
0.57010482667,1.24675570388
0.921868319389,1.09048006105
-1.03886176659,1.94590654814
1.18962535773,0.965993122921
1.95836087826,0.55173448236
-1.85401423685,2.36665807344
2.14790278168,0.422707927055
-1.37127534736,2.10523997799
-1.4129114801,2.12611099127
-0.406981252773,1.66530117189
-1.39717948514,2.11819654109
2.31332882913,0.289922001167
-1.22991293507,2.03603962766
0.23638687638,1.39060695977
1.23234279471,0.945521403794
2.32720739397,0.277476647714
-1.96026538992,2.43220796709
-0.832193285398,1.8517699607
1.38818523142,0.869043364009
-1.33962213792,2.08953035383
-1.10620788096,1.97729002696
-0.640027914714,1.76655674126
0.519806775979,1.26863917898
1.24883350888,0.93756580779
0.396569324964,1.32191401121
1.05564439791,1.02903970162
-0.877664146437,1.87223180829
1.77485088153,0.662534656826
0.73286082345,1.17524310623
0.62656824875,1.22207623051
2.26821886279,0.328741554706
0.348883942288,1.34241857778
-1.67485526558,2.26389238405
1.92032026203,0.575641894613
-0.653160779132,1.77232316673
2.24445338344,0.348304903047
-0.471555839669,1.6931792089
-1.4546704563,2.14729412648
-0.0651280115244,1.51909130606
0.369789850677,1.33343567107
-0.374449780342,1.65129872503
0.250509557044,1.38456953617
-1.29055822624,2.06543188897
1.25613678162,0.934032812756
1.33770988474,0.894145257277
-0.524558993757,1.71615533084
-0.0354096321434,1.50643868116
0.499235156901,1.27756423416
0.201453767075,1.40552862802
-0.16319055875,1.56087532553
0.132023938671,1.43514306585
-0.721002862978,1.80223645037
0.421633239075,1.3111141496
1.72955381027,0.688343517116
1.13289771275,0.992891703183
2.11669820947,0.445299121106
0.0479978833331,1.47093292409
1.03513173195,1.03855117868
0.151945493913,1.42665068766
1.1678532858,0.976354332836
-0.569618974553,1.73576321143
0.00760784317976,1.48812692428
1.30245193069,0.911484258193
2.01503404124,0.515026043262
-1.65394282924,2.25241339775
-0.765202142109,1.82184628374
1.80320682322,0.646100438726
-1.77134047886,2.31817685
-0.840652719865,1.8555670865
0.176753948756,1.41606982258
1.86092767055,0.611925564972
-0.970440090795,1.91440261891
-0.561792296864,1.73235215823
-0.720365628869,1.80195445641
0.886656255666,1.1064370824
-0.147284675824,1.55409286995
0.0936723975773,1.45148333389
-0.132894925496,1.54795889362
-0.121140187889,1.5429494186
0.528319576644,1.26494172954
0.128085616694,1.43682153988
-1.34387910336,2.09163547619
-0.9726365484,1.91540837683
1.9220645542,0.574557598878
1.32806479289,0.898903940228
0.518007519745,1.26942035288
0.443980217919,1.30147080535
-1.67572954637,2.26437437909
-0.69329468846,1.78999311585
1.05448813395,1.02957677771
-1.36635989196,2.10279172084
1.61908631432,0.749243471971
0.178787152527,1.41520237184
0.131829060081,1.43522612411
0.687847223317,1.19514035087
1.87193174491,0.605292938439
-0.696308719645,1.79132312589
-1.74712842282,2.30433819275
1.90765067451,0.583484507987
-1.71071047745,2.28380238079
-1.38231946075,2.11075267513
-0.536565826521,1.7213730602
-1.38585791173,2.11252242635
0.415071140984,1.31394329683
0.139198600794,1.43208496927
-1.51596289089,2.17887653628
2.15311557374,0.418871672963
0.73765133231,1.17311966558
1.47287058738,0.826121411538
-1.42353948075,2.13147781718
-0.647295475372,1.7697468812
-2.04876957625,2.4902455303
-0.803961855352,1.83912849805
1.54257956308,0.789944534309
-1.8971967957,2.39281818988
-1.81357372723,2.34269506534
-1.38109226334,2.11013929559
0.216529547481,1.39909103299
0.0910460905955,1.45260196382
1.85964627399,0.612695375232
1.71172178725,0.698362445864
-0.170017238536,1.56378706753
-1.62456483156,2.23644532475
0.652584211617,1.21066088912
-1.21636761376,2.02953078683
-1.89751047658,2.39301051417
2.14776580646,0.422808482677
1.26573310806,0.929381350621
1.47213811274,0.826497308475
-0.0927318320218,1.53084678061
-0.831323088145,1.85137960466
1.34323404656,0.891414399222
1.03976732224,1.03640474823
-0.726550220592,1.80469216529
-0.0607738078624,1.51723731823
0.337277959161,1.34740128894
1.60738258383,0.755542547574
1.13084370245,0.993859807458
0.729484931939,1.17673880504
0.0675181140461,1.46262171063
2.06635866232,0.480508713587
0.965512229514,1.07058328905
-0.468805088179,1.69198921384
-0.703433119799,1.7944686509
0.254853037036,1.38271208993
-0.0987175572929,1.53339641322
0.927659144383,1.08784780749
-0.576099501599,1.7385893161
-1.11653169866,1.9821362773
1.45815469295,0.833657290229
-0.096188663335,1.53231919965
2.32041951702,0.2835955354
0.747771963861,1.16862973083
-0.617831881928,1.75682756988
0.32645611032,1.35204478159
1.06347715554,1.02539847517
-0.536558714194,1.72136996796
1.02418818904,1.0436114722
-1.99450264943,2.45424596673
1.10178666136,1.00751317566
-1.86282102944,2.37194358803
1.38756306441,0.869354864696
-1.27067566507,2.05574922366
1.16188809916,0.979184855531
1.53934183649,0.791643141303
0.592218594881,1.23710505513
-1.19949632088,2.02145106976
0.54483346031,1.25776193865
-0.35268198327,1.64194338058
2.29134010817,0.309139377629
-0.423974796266,1.67262639207
-1.93935622728,2.418983238
2.04326346945,0.49620196925
-1.59548443143,2.22081223206
1.13304108355,0.992824114252
-1.82407334512,2.34886930599
-0.626358514891,1.76056259563
-1.47203072921,2.15617832733
2.29738001493,0.303919045874
1.88830548974,0.595349875504
1.70772167561,0.700599412803
1.88130618708,0.599611225527
0.532437083658,1.26315243974
0.734053793728,1.17471441934
-0.976481574398,1.91716987669
-0.584102404811,1.74208151948
-1.61709846568,2.23241544974
-0.870943850734,1.86919955741
-1.17291289459,2.00877999081
2.13653761352,0.431008732722
2.40365808932,0.203585067065
0.456666453659,1.2959900811
0.428817471949,1.30801545214
-0.819629100701,1.84613822775
0.255927145721,1.38225271212
0.480770769114,1.285563402
-0.296708413044,1.61793376493
0.848399576457,1.1236825792
1.35719454846,0.884495413553
1.5979456951,0.760601835866
-0.486666088132,1.6997201437
-1.9915291447,2.45231227327
2.31977453989,0.284173727065
0.0553959865652,1.46778315811
0.0437932833005,1.4727229726
-0.746394814868,1.81348973427
-0.849298576338,1.85945236249
1.05891146113,1.02752156699
0.267922154339,1.37712138876
-1.15646237026,2.00097437617
-1.02175828239,1.93799698405
-1.21594481091,2.02932793736
-1.56935203701,2.20690394819
0.961531675943,1.07240363543
0.842948579253,1.12613237992
2.08674299647,0.46642375842
-1.08018470615,1.96511663425
2.10041435295,0.45684768575
1.83733819778,0.62601422477
0.339059372933,1.34663667558
2.05698977807,0.486907883322
-2.00501277914,2.46111194079
1.80836862271,0.643084584385
1.44931122401,0.838169811007
1.43413718173,0.845884946988
-0.592893650111,1.74592057901
2.17850066484,0.399917369151
2.22661163012,0.362635292186
-1.16273203211,2.00394611979
1.04089274407,1.0358833754
-0.548249106038,1.72645503018
-0.589866912118,1.74459848933
1.280850591,0.922032198019
-1.05335882471,1.95262951133
-0.999240156839,1.92761894536
-2.0024834708,2.45945513559
-0.999524662505,1.92774981979
1.8312093509,0.629646504713
0.446278065905,1.30047842907
0.427795331591,1.3084564064
0.716408472028,1.1825269833
1.96043128171,0.550417154816
-0.491840715965,1.70196177574
2.14267459071,0.426537091628
-1.79461848246,2.3316291994
0.303841324146,1.36174080651
1.29482464719,0.915215037126
-1.18522920253,2.01464164188
-0.0666429193974,1.51973636016
-1.92220007328,2.40825742648
0.99658056967,1.05633491636
1.42148318403,0.852292568629
1.05772864393,1.02807130079
1.17008049948,0.975296600455
1.03671194431,1.03781968586
1.1042059885,1.00637932417
-1.33829059343,2.08887236708
0.014254775203,1.48529749186
-1.75102062473,2.30655256131
1.42907382392,0.848451717146
0.227886491333,1.39423944034
-0.582801149234,1.74151352721
-1.18393249862,2.01402378392
-0.750661399027,1.81538385216
-1.62918453913,2.23894442984
-1.89606147744,2.39212238796
-1.65297127125,2.2518824106
0.713156380619,1.18396517798
1.77352391527,0.663298333578
-1.43338356503,2.13646351763
-0.424788910833,1.67297751659
-1.71653090793,2.28706272761
-1.22589573638,2.03410720524
-0.155275101227,1.55749977905
0.996786790159,1.05624009652
-1.09671630514,1.97284297431
1.12280814323,0.997643361152
-0.267783611635,1.60555006741
1.05246208406,1.03051759261
1.75610991896,0.673276879719
1.01615454907,1.04732010586
-0.193556417916,1.57383095927
0.674300936429,1.2011092573
2.30189573598,0.299987718975
0.196012588211,1.40785139077
0.744528497394,1.17006924294
-1.54805831299,2.19566475201
-0.867876315969,1.86781641557
-0.051453200889,1.51326890339
-1.27374187943,2.05723943048
2.40150413902,0.205812613352
-1.00820436229,1.93174555595
-1.43957986023,2.1396091009
0.457473223948,1.29564138129
-0.643888035814,1.76825088054
2.02664322386,0.507330747047
2.03131642932,0.504215106749
-1.33080464282,2.08517737874
-1.53441105343,2.18850430641
1.01460866106,1.04803315805
0.308324283861,1.35981954594
-1.37262872672,2.10591463098
1.58430040162,0.767886764924
1.04919450577,1.03203419974
-0.264785921668,1.60426747739
-1.2769084317,2.05877954956
1.20984297924,0.956328178061
-0.361782312477,1.64585319322
1.76483820197,0.668285405259
0.384970534926,1.32690643717
-0.436860054186,1.67818587991
0.485584962503,1.2834788265
0.137187103139,1.4329423847
0.931557210761,1.0860746115
-0.251510513805,1.59858922346
0.181522962355,1.41403508761
-0.104420174102,1.53582565691
-0.733291451953,1.80767846304
-1.47280618028,2.15657626873
-0.0533596721662,1.51408059367
-0.501390521946,1.70610096176
0.939124439913,1.08262931672
-1.69074865626,2.27268133991
0.448987852918,1.29930795407
-2.02325506756,2.47314758343
-1.86536120985,2.37347273189
-0.330164477731,1.63227688559
0.712804819099,1.18412062038
-0.377666201841,1.6526820093
-0.0498718154008,1.51259562883
2.18196350896,0.397295348315
-0.976431521715,1.91714693926
0.426748529159,1.30890797042
-0.622055709854,1.75867740779
1.74532965508,0.679414600673
-0.24531309511,1.59593936997
-0.0565114659919,1.51542251291
0.934697376452,1.08464540798
1.8011530865,0.647298250935
1.09888945902,1.00887029704
1.25867291705,0.932804535228
1.09890810037,1.00886156738
-1.95323149105,2.42773996335
1.17594200757,0.972510529713
0.953740875629,1.07596310634
1.61029969813,0.753975080082
-1.02495073953,1.93947155462
1.34140846458,0.89231730628
-1.9329037483,2.41493627007
-1.6426908135,2.24627613419
-1.64493727621,2.24749929345
1.39604369902,0.86510423216
-1.42012410851,2.12975136731
0.194100549033,1.40866752779
-0.0650386066661,1.51905323739
0.0168287936984,1.48420178731
0.335907499193,1.34798946812
1.2055984484,0.958360795847
1.68722743535,0.712001547782
-1.47985127854,2.16019600097
1.03902128225,1.03675030799
-1.16275064087,2.00395494586
0.544533431866,1.25789246858
-1.74700277502,2.30426677313
1.40233869977,0.861942567513
-0.100367157899,1.53409910176
-0.563770385855,1.73321404185
0.357894660545,1.33854803969
0.0323415755919,1.47759814656
0.450506511693,1.29865188702
0.210555956571,1.40164220234
-0.865347493573,1.86667662433
1.57571458072,0.772452360525
0.000788407526816,1.49102976593
0.303367857431,1.3619436976
-1.36483305354,2.10203190258
2.08483114649,0.467754470709
-1.62605991245,2.23725363531
-1.46376752871,2.15194374083
0.0298770710983,1.47864728817
-1.01071196748,1.93290103715
-1.35172532127,2.09552167775
0.329628632258,1.35068375215
1.45723133381,0.834129010784
-1.80596507327,2.3382408963
1.03561991484,1.03832521671
-0.954882550054,1.90728896504
0.773001099899,1.15741367258
0.474445932455,1.28830100535
-0.929777776764,1.89584654527
1.21734581187,0.9527305634
-1.04376691424,1.9481793475
-0.609005293116,1.75296430458
1.86507968753,0.609427578912
-1.453617813,2.14675693291
-0.00943650983123,1.49538222707
-0.944317089061,1.90246792165
-0.481962934986,1.69768348259
0.0221906173016,1.48191935068
-2.01797866271,2.46965062594
0.970414717205,1.06833973416
-0.505443596441,1.70785858265
0.000892521083077,1.49098544779
-0.257646846682,1.60121354922
0.161922819343,1.42239608002
0.193333216239,1.40899504467
1.52588576704,0.798682911057
1.00542126356,1.05226703045
0.231842455381,1.39254906234
0.345442985764,1.34389616186
0.104306604619,1.44695346086
-0.29344221818,1.61653464798
-0.434271922075,1.67706883452
2.11658193392,0.445382150057
-1.56812279467,2.20625287638
-2.00723253071,2.46256833733
1.09027553657,1.01290084134
-0.309037208317,1.623216764
1.78557398271,0.656345969535
-1.21011496558,2.02653287191
0.98093741234,1.06351815169
-0.515580157221,1.71225668069
0.996527625052,1.05635925968
-0.0455219853617,1.51074372824
-0.619101748345,1.75738363411
1.83188303333,0.629247800984
-0.48080658975,1.69718284248
1.37829050713,0.873991046851
-1.17873140289,2.01154726244
0.0103455491461,1.48696155496
1.81796718572,0.637456060146
0.181286499203,1.41413598231
1.97299164832,0.542388187633
-0.160583564368,1.55976350485
0.701854752613,1.18895916708
-1.93058924945,2.41348845809
-1.10282849664,1.97570576691
-0.124535524268,1.54439628705
-1.66921485283,2.26078687907
-1.89276259548,2.39010313241
1.85918633923,0.612971556928
-1.00973560636,1.93245108037
-1.29279818436,2.06652566056
0.821790469541,1.13562436582
-0.0923451210488,1.53068206739
-1.68886682509,2.27163770756
2.10949509446,0.450427145972
2.19070560687,0.390635359822
-2.02417552642,2.47375895738
1.52118191307,0.801136414842
-0.882817397426,1.87455895602
-1.73049525669,2.29491832638
0.701927578381,1.18892700642
0.521949493577,1.26770874349
0.879882551863,1.10949733193
2.21405520205,0.372549713998
1.6762287621,0.718081061088
-0.521848229527,1.71497801755
2.10402792537,0.454298539715
-1.49273326898,2.16683528578
-1.28623961956,2.06332479992
2.34041030749,0.265391548575
-0.365930392219,1.6476359736
0.749544081694,1.1678430006
1.65084832372,0.732007880908
-1.85784779021,2.36895579194
-1.0283332209,1.94103478857
-1.31639789415,2.07808626936
-0.185926139756,1.57057452318
-0.94803663241,1.90416424614
-0.582284731663,1.74128813131
1.40091136191,0.862659937533
2.31443537652,0.288939025158
-0.684092651252,1.78593515491
1.39745261521,0.864397087993
1.80149127273,0.64710109104
1.36652735319,0.879855661106
0.501363382005,1.27664154229
2.35008516826,0.256374018915
0.754134645205,1.16580426171
1.56810720812,0.776486113869
1.17282350429,0.973993233157
0.644519622758,1.21420260242
1.48737660582,0.818659494962
-1.87830901124,2.38129979172
1.81133494254,0.641348009278
0.131210182921,1.43548989072
-1.34524449829,2.09231117642
0.593322456754,1.23662282431
-1.36373267849,2.10148450321
1.18035109609,0.970412544664
0.665884566035,1.20481352846
-1.65018741499,2.25036206347
0.852554596473,1.12181399877
-0.394298105533,1.65983886951
-2.0250108785,2.47431414866
1.19761031206,0.962181028513
-0.450053142925,1.68388298538
1.0333631951,1.03936960708
1.73870248215,0.68317308103
-1.12777508623,1.98742535494
1.52908378461,0.797012667219
0.574056296299,1.24503261672
0.251188597494,1.38427917072
1.56750175322,0.776806690353
-1.52797109232,2.18513673775
-0.050386812628,1.51281488795
1.48177281698,0.821546086005
-0.679721608738,1.78400897437
1.75118098355,0.676086860017
0.134968212092,1.43388816348
0.651179543933,1.21127797927
-0.104715841451,1.5359516131
-0.379699126056,1.65355643486
-0.327889155857,1.63130071382
-0.0801716481979,1.52549739021
1.64452536432,0.735455801532
-1.03338368244,1.94337060901
0.585014538545,1.24025103585
-2.04704041768,2.48907667062
-1.21611047718,2.02940741733
-0.00799495805536,1.49476859667
-1.87601656012,2.3799099623
0.777974540714,1.1551986176
-1.84837573529,2.36328695151
1.75157050024,0.675865024823
0.975692596438,1.06592239964
0.728845605874,1.17702199564
0.557093150925,1.25242549037
1.16992869649,0.975368709315
-0.169441200795,1.56354135508
-2.03706071142,2.482359749
0.678204533441,1.19939008294
1.09263446902,1.01179772851
0.516592215969,1.27003475151
1.70958712648,0.699556676665
0.943770189455,1.08051214939
1.71721556758,0.695283959212
0.792801274817,1.14858707231
-1.67100603922,2.26177230906
0.348986283837,1.34237462724
2.09208367552,0.462695582398
-1.7403055059,2.30046576623
0.773099221828,1.15736998435
1.74156339171,0.681551927371
1.18252921877,0.969375399713
1.30497659169,0.910247804074
1.53274156275,0.795100129083
-0.0440747029476,1.51012757286
-1.32922004731,2.08439615206
0.0751569585325,1.45936888244
-1.40137037685,2.12030146535
-1.20523247461,2.02419477223
2.26098820665,0.334753837444
-0.566454049419,1.73438358693
2.0143468388,0.515479600588
1.82925700219,0.630801186554
1.46955969528,0.827819846969
0.073180311837,1.46021061717
-0.219809152428,1.58504054222
0.645563145302,1.21374447971
-1.69639946071,2.27582007323
-1.25446795471,2.0478900905
1.06475618098,1.02480339876
1.56536823433,0.777935807472
0.648987250292,1.21224091179
1.08312627626,1.01624106574
-0.138714771458,1.55043952842
1.5582623665,0.78169040395
-0.901647698726,1.88307719856
0.88291545224,1.10812748357
-0.469487308226,1.69228432586
-1.70624490621,2.28130643393
2.1354873351,0.431771536568
-1.25130922624,2.0463618971
2.21680095608,0.370393334849
-1.51755871784,2.17970706492
-1.85326580272,2.36621002726
1.50130973945,0.811460210157
1.74255742841,0.68098816731
1.460073272,0.832676715975
1.6870942826,0.712075311612
1.52561289746,0.798825342205
2.37102405145,0.236351232533
0.471809067348,1.28944196805
-0.116316542685,1.54089404608
0.510916061265,1.27249815822
-0.559891508768,1.7315240918
-1.81983574742,2.34637351131
1.91157894696,0.581059042624
-0.297979851348,1.61847845534
0.779068147726,1.15471136961
2.0982691282,0.458357399818
-1.12791006125,1.98748892089
0.6341938042,1.21873327102
1.01225429262,1.04911876504
1.80222013002,0.646676062722
-1.78945483505,2.3286322947
-1.64299345946,2.24644085762
-0.263350794656,1.6036534972
-1.06697865765,1.95896169378
1.44753945121,0.839072448685
-1.04233247738,1.94751449655
-1.47700083288,2.15873050691
2.05788168115,0.486300657625
-0.481586222987,1.69752038043
-1.22870541521,2.03545858137
-0.418062822442,1.67007711486
1.08867244627,1.01365021693
1.48822266109,0.81822323939
0.0153223079574,1.48484306679
0.0134061746096,1.48565872164
0.249562423883,1.38497452915
1.3403487031,0.892841252372
-1.56474634814,2.20446596759
-1.157638531,2.00153156865
-0.337368885975,1.63536847337
-1.14139012798,1.99384594654
1.73812117033,0.683502234048
-1.90094239673,2.39511693388
-0.63248516184,1.76324820211
-0.0118093820062,1.49639229858
-1.43716532149,2.13838266544
1.6851867779,0.71313158634
0.22198819331,1.39675936593
-1.23916774913,2.04049824171
1.59396413685,0.762731209207
-1.08630795912,1.96797563774
2.00829484278,0.519464622072
-1.48861402046,2.16470933496
0.677496475568,1.19970196905
2.34576440698,0.260418676494
0.721594186302,1.18023259105
1.12535930934,0.996442794201
1.85844917131,0.613414070665
1.08769239951,1.01410823477
1.04755385436,1.03279535294
-0.963627638737,1.91128546107
1.7732229578,0.663471470596
1.06420325822,1.0250606674
1.03205168178,1.03997637381
-2.06018258888,2.49799848222
-0.981009848365,1.91924580434
1.12830330734,0.995056608317
0.903236585052,1.09893370521
-1.87700376883,2.38050825691
-0.212202354214,1.58179162202
0.619755358741,1.22506086584
1.86611305634,0.608805006146
-1.34388265782,2.09163723489
-1.14692995927,1.99646346839
2.22378952193,0.364875572354
1.67594721415,0.718236329741
2.10888150496,0.450862525357
0.919009753213,1.09177858897
1.57577960842,0.772417833546
1.5544800852,0.783685132868
2.04687161017,0.493768094422
0.470207652822,1.29013479169
0.330111635926,1.3504765227
2.10851967573,0.451119159867
2.24430875706,0.348422256787
-1.94254670533,2.42099015701
-1.54518465581,2.19415425877
0.658001250327,1.20828029426
0.109959341885,1.44454526375
-0.681083999649,1.78460924214
-0.524446918758,1.71610665054
1.43417139238,0.845867591638
2.15452168666,0.417833689992
1.99755476746,0.526495935907
-0.420713627215,1.67122004133
-1.29330276646,2.06677213077
-0.93551535577,1.89845773395
0.954311202912,1.07570268356
-1.6122836128,2.22982264874
1.30717563776,0.909170187299
0.426492438326,1.30901843696
0.0351359028306,1.47640858454
-1.99937081211,2.45742012341
-1.13836116174,1.99241602665
2.28365778735,0.315718234174
-0.110847159296,1.53856372296
1.6438703878,0.735812477617
0.540000921033,1.25986398708
0.306805962112,1.36047029569
0.0151437601726,1.4849190707
0.969441518509,1.06878524589
-1.2400618812,2.04092949894
2.38142016641,0.226132146513
-1.20654262959,2.02482192552
-0.865220973304,1.86661960968
1.48590235116,0.819419395273
1.76143272959,0.67023527612
-0.325124108631,1.63011458042
-1.73071616797,2.29504298279
1.17888629528,0.971109761075
-0.8121352132,1.84278359634
0.583153165172,1.24106356242
0.365671797791,1.33520591442
-1.69557968912,2.27536427504
-0.753128886051,1.81647970763
1.98846428925,0.532407550584
0.282344415359,1.37094853034
0.0961808633624,1.45041485937
2.14219669657,0.426886195174
-1.24088465061,2.04132641463
0.526318441831,1.26581112487
1.1410518719,0.989044517959
1.93880989617,0.564090768458
0.954245169315,1.07573283701
1.6858975759,0.712738080865
1.0114515722,1.04948880217
-1.75076170615,2.30640513578
-0.112055671259,1.539078612
-1.56823634247,2.20631300559
1.33660818425,0.894689412214
2.36524956814,0.241945468678
-1.40395272708,2.12159971515
0.860517508294,1.11822996775
0.28791524749,1.36856319442
-0.285464369427,1.61311804972
1.18129668409,0.969962348136
-1.50256419637,2.17192027381
-1.15863877696,2.00200552996
-0.879433773353,1.87303075841
-1.3322569264,2.0858936533
1.91763561075,0.577308568371
-0.637161413559,1.76529909855
1.60197278053,0.758444977223
0.476467246086,1.28742624606
-0.554755437602,1.72928725722
1.78077952173,0.659116889125
2.09888057832,0.457927360678
-1.27328150637,2.05701561557
0.432246241707,1.30653606204
0.114307900394,1.44269253076
-1.36559760357,2.10241233551
-1.0551658409,1.95346873515
-0.24437858204,1.59553984782
1.45926951947,0.833087578387
-1.12560340167,1.98640284286
2.11791974839,0.444426355325
1.83496550093,0.627421762632
-0.335306968235,1.63448354282
-0.400879948552,1.6626729881
0.883064839745,1.10805999544
0.266105318727,1.37789876101
1.18933858234,0.966129910201
1.77132132083,0.66456489749
-0.883446055502,1.87484296783
-1.53311390495,2.18782542418
0.0743800630676,1.45969971753
-1.28330629075,2.06189486176
2.28546825549,0.31417386162
1.75065569245,0.676385958932
-0.330362257012,1.63236174306
-1.12839284813,1.98771630138
2.12140634548,0.441930195227
0.827983906005,1.13284861542
2.34195815377,0.26395829638
-0.0291649239371,1.50378028889
-0.137256329389,1.54981785951
-1.44407652817,2.14189546137
0.493842269171,1.27990166686
-0.75898923502,1.81908367566
-1.2098894652,2.02642483021
1.57098794157,0.77495989243
1.53975681975,0.791425532254
-0.127187762158,1.54552655718
-1.74645785461,2.30395708078
1.402615625,0.861803353469
-0.444671368739,1.68155840414
0.464472650763,1.29261530486
-1.95095510873,2.42629818316
-1.50212807395,2.17169435413
-1.13331819329,1.99003726495
0.258136357564,1.38130781246
-0.973053584086,1.91559937787
-0.253951313485,1.59963300911
0.895544247972,1.10241710108
0.737439277837,1.17321368554
-0.806370572766,1.84020527036
1.29525419652,0.915005115333
0.745502646813,1.16963695413
-1.15954567709,2.00243534451
0.140243490556,1.43163956381
0.131067247889,1.43555080947
2.32072825077,0.283318574509
-0.913692813093,1.88853836646
-0.853840319788,1.86149516384
0.354048997317,1.34020015856
1.5112361541,0.806311643295
-0.544159670914,1.72467566462
-0.416548727216,1.66942437839
-0.802756209143,1.83858966063
1.79724013604,0.649577119128
-0.619552319851,1.75758095172
-1.07691492411,1.96359128316
1.85956590086,0.612743642582
-0.0907130594919,1.52998692672
1.79510694401,0.650817656489
0.920198552919,1.09123863462
0.537330548794,1.26102518647
0.606896648073,1.23068888532
0.51729729032,1.26972867954
2.11627139532,0.445603856014
-1.84961616822,2.36402771994
-0.420409073884,1.67108871994
-0.397477798716,1.66120789795
-0.0764562884843,1.52391517027
-1.33943287235,2.08943681381
1.5220126428,0.800703386851
-0.277029150492,1.60950680911
-1.03782848799,1.94542803061
0.0324481593934,1.47755277349
-0.554569676452,1.72920637354
0.0257995793202,1.48038305582
-1.20164047615,2.02247625443
0.536874755245,1.26122336122
0.335073429086,1.34834741808
-1.79596174468,2.33241002798
0.517009436898,1.2698536384
-0.457521638285,1.6871102814
-1.51564752317,2.17871245815
-0.0264496244635,1.50262439983
0.806009286025,1.14268699388
-2.04447084923,2.48734248451
0.348648435991,1.34251971499
-1.54430305298,2.19369115282
2.29578670577,0.305300329746
-1.98168493847,2.44593771149
-0.977561978921,1.91766503454
0.276345381001,1.37351660489
-1.05723087189,1.95442812331
2.07032167052,0.477787992549
1.95024722167,0.556880488695
1.69498984239,0.707694323874
-1.60647783146,2.22670237616
-1.25443284751,2.04787309945
0.0880168035022,1.45389218836
1.59778813066,0.760686161217
0.130611880545,1.43574488539
1.37260970254,0.876825590783
0.358868273173,1.33812971741
-1.94903077799,2.42508096803
1.65985757539,0.72708036129
1.57783043919,0.771328521508
-1.15344051964,1.99954342809
-0.111795353408,1.53896770219
0.792028872673,1.14893180355
0.436366892525,1.30475772107
2.28636282166,0.313409409276
2.07777272655,0.472649823446
1.01140085051,1.04951218209
0.173991800018,1.41724819999
0.217643624579,1.39861518639
-0.656163346965,1.77364260417
-0.0876492381515,1.52868199935
2.16573500015,0.409506779385
-1.77227727226,2.31871538302
-1.40263883902,2.12093905361
-0.964052413966,1.91147972483
-0.305784627976,1.62182272396
1.73071408903,0.687688926963
-1.19593623624,2.01974994265
0.612441335088,1.22826290608
1.3811182136,0.87257847264
-0.456814113381,1.6868044751
1.47016241976,0.827510787459
0.748260240703,1.16841297704
-1.84658172295,2.36221644325
-1.80710807102,2.33890895318
-1.09722321821,1.97308027197
0.592178590386,1.23712253051
1.35069694677,0.887718865341
2.37415298555,0.23329587235
-1.70200563847,2.27894132872
-0.717134088879,1.80052471875
2.16242555737,0.411973553445
-1.6406002054,2.24513878845
2.12357275842,0.440375397441
0.105884619957,1.44628121081
-1.09256348862,1.97089980816
1.25259736208,0.935745774856
0.557556685444,1.25222361428
1.15113211988,0.984279815551
0.323593292615,1.35327276936
-1.00109866155,1.92847398253
-1.03494911445,1.94409503594
-0.795803164056,1.83548375667
0.25661769388,1.38195736687
1.87612058741,0.602757744122
-1.36000201902,2.09962982556
1.08941410757,1.01330355049
1.49096382091,0.816809004172
1.0158547255,1.04745841646
-1.75384822944,2.30816369195
-1.70561589467,2.28095523869
0.188353709476,1.41112025344
-0.425766951726,1.67339936564
0.955325269767,1.07523958247
-1.50668765491,2.17405786613
0.540460142003,1.25966427159
-1.31802657387,2.07888661715
1.18651596102,0.967475806271
1.3795963952,0.873338829201
1.56944641159,0.775776791063
1.49038686499,0.817106772107
-2.01311479306,2.46643852223
-1.74005676357,2.30032481174
-1.33420241153,2.08685359751
1.53867182173,0.791994419816
-1.02274760038,1.93845385492
1.2239266799,0.949570082546
-0.56672207661,1.73450040834
1.55126790198,0.78537716822
-1.7566415034,2.30975728775
0.356569898259,1.33911720258
0.697354042283,1.19094623749
1.39271095024,0.866775854625
-1.19027915311,2.01704949514
2.07074879313,0.477494260974
-0.0360050922622,1.50669217462
-0.481439976073,1.69745706219
1.56951569803,0.775740083759
-0.310961944098,1.62404179249
-1.1948033343,2.01920887979
2.07328741275,0.475746437845
0.686772215636,1.19561434319
-0.423725642826,1.67251893671
-0.0603629041503,1.51706236218
0.35389044491,1.34026826648
0.718960983053,1.18139780429
0.144521282103,1.42981596941
0.833419132055,1.13041080477
1.13390694912,0.992415880278
-0.847791628691,1.85877484215
-0.00958255466649,1.49544439455
1.09359152139,1.01135003919
-1.74423293656,2.30269338566
1.31276902074,0.906426546654
0.308773931683,1.35962681924
-1.48662032625,2.16368137561
0.226859285131,1.39467832785
1.47772835563,0.82362631299
1.63259719292,0.741937364271
-1.05784357465,1.95471284657
0.359578724418,1.3378244515
2.10376222262,0.454486237196
-1.12381057466,1.98555904282
-1.43032368461,2.13491225916
-0.0877237170117,1.5287137204
2.15373586462,0.418413946133
-0.959321641622,1.90931693019
0.0236875672445,1.48128211811
-2.05205510486,2.49247060336
-1.61149212045,2.22939687309
-1.02514886376,1.93956309355
1.28580306536,0.91961881241
-1.94184413019,2.42054787788
-0.281181048859,1.61128414172
0.774595254984,1.15670381941
1.57476523408,0.772956333666
2.22922264733,0.360556280856
0.698409325679,1.19048041514
-0.357639607746,1.64407311448
2.28863830388,0.311460791753
-1.65923784379,2.25531085893
1.72866122805,0.688846856089
0.551354252246,1.25492421702
-0.723272254221,1.80324088344
-0.199575553113,1.5764002843
-1.44948073465,2.14464730858
0.206332524491,1.40344564202
1.16106042248,0.97957731659
-0.730380924839,1.8063888478
-1.02112102898,1.93770273937
1.73759153291,0.683802054067
-1.5656406412,2.20493904764
1.6376284402,0.739207091312
-0.568891821631,1.73544620461
2.34158197137,0.264306953796
0.121959212328,1.43943231173
2.39367223933,0.213831159412
-0.540487180487,1.72307822428
-0.549899132508,1.72717314743
-0.785473201367,1.83087440631
-0.865940157667,1.86694371385
2.11665804665,0.445327801127
-1.8255739726,2.34975439813
-0.78323380519,1.82987594337
-0.585015840403,1.74248026907
0.450798473169,1.2985257508
2.32492651755,0.279539689563
0.726353262728,1.1781257873
-1.27694187885,2.05879582352
-1.01858350558,1.93653138734
0.0183778840884,1.48354236948
-1.27112705911,2.05596853668
-1.05402011383,1.95293659888
1.16961993028,0.975515371148
1.17114412748,0.974791295654
1.03767399835,1.03737424355
-1.89076080358,2.38887965505
0.354216048311,1.34012839938
1.63390903548,0.741225981399
1.28142882734,0.921750567217
1.572282185,0.774273696747
1.32179210795,0.901992438744
0.803239360622,1.14392515183
-1.15685318435,2.00115950481
1.95627299397,0.553061196881
-0.717108326001,1.80051332249
1.76918087377,0.665794483335
1.82324324367,0.634350749302
1.2447001671,0.93956268173
0.386833949217,1.32610459803
0.277031701536,1.37322283553
-0.260066567619,1.60224855628
0.764443115705,1.16122206897
-0.198708825049,1.57603028598
0.781403659949,1.15367058123
1.85601065742,0.614876649695
2.20267988371,0.381415940903
1.84148958486,0.623547389845
0.721057159443,1.18047025758
-1.5384246123,2.1906067286
0.862190321295,1.11747654917
-1.25045755424,2.0459500502
0.304044844493,1.36165359217
-0.891362373659,1.8784215565
-0.192639911938,1.57343977831
-0.304390988001,1.62122547869
1.68083103462,0.715540474219
-1.66505375838,2.25850035911
1.01713923279,1.04686581459
-0.557200208595,1.73035187071
1.71919421366,0.694173431855
-0.51104907457,1.71029029283
1.00193922994,1.05386994825
-1.63115080084,2.24000943829
-0.736453842108,1.80908016211
-1.35732375779,2.09829947991
1.25709931978,0.933566731115
0.589435310816,1.23832074304
1.16519803219,0.977614703565
0.258320730286,1.38122895107
-0.94325043427,1.90198164771
2.17026166247,0.406120011974
-1.57687736778,2.21089588687
-1.57764916808,2.21130589995
-0.24216679837,1.59459432081
-1.06513138863,1.9581019325
-1.79259228943,2.33045234226
-0.184703749187,1.57005289639
-1.52382947531,2.18297480792
-0.247592773146,1.59691403165
-0.85903455099,1.86383300546
-1.80569618154,2.33808378938
-0.781901393797,1.82928200219
2.35981097269,0.247162976077
-1.27166117495,2.05622807115
-0.694216603531,1.79039988621
1.03019313014,1.04083598684
0.187891331702,1.41131757738
1.60240778455,0.758211804575
-0.271532500166,1.60715427572
-0.864131353458,1.86612862877
-0.285041883273,1.61293714742
1.63562883422,0.740292833105
-0.714103731175,1.79918445837
-1.00483305367,1.93019286365
-0.795045390938,1.83514542664
-1.36268423012,2.10096308572
2.1901195342,0.391083690094
2.24053774177,0.351475165908
-1.69634647874,2.27579061022
0.56773868723,1.2477872075
0.25306309168,1.38347757823
-1.74817592469,2.30493376125
1.43531032199,0.845289703681
0.710396045461,1.18518549357
1.63171533105,0.742415378361
2.33115940923,0.273885091144
1.50164305225,0.811287595852
1.8083959898,0.643068574431
-0.206157830249,1.57921050365
-0.481103753691,1.69731149576
-0.926029970165,1.89414214441
0.79572330761,1.14728263569
-0.371642900284,1.65009177195
-1.18833099909,2.01612029209
0.0682331408295,1.46231724341
0.325424843062,1.35248715649
-0.154377933368,1.55711722023
2.36593755777,0.241281933581
-1.1702791188,2.00752848697
0.0509224973855,1.46968778098
-1.25463430251,2.04797060078
-1.45462090877,2.14726883717
-0.202088633461,1.57747314791
1.03331277465,1.0393929365
2.05142799856,0.490685253167
1.60841679139,0.754987024641
-0.932545336027,1.89710578254
1.92804515176,0.570831399755
0.315767733783,1.35662865049
-0.88271453241,1.87451248664
-1.72163975804,2.28993118947
0.379141587853,1.32941412654
-1.29532890385,2.06776213317
-0.698286490694,1.792196097
-0.613568894557,1.75496132703
0.665344104602,1.20505129059
-1.08504277803,1.96738464366
-2.06176535026,2.49907895995
-0.511914198554,1.71066568439
1.11616265062,1.00076786748
-1.42938800103,2.13443817502
-0.794406674873,1.83486027818
1.93888842726,0.564041432949
0.389417790709,1.3249926137
2.01591561407,0.514443882028
1.4433285232,0.841215814458
1.94974931093,0.557195437859
1.50636659076,0.808839411142
-0.261860751308,1.60301605823
2.39365754861,0.213846083445
-1.95683851542,2.43002872016
-1.27732970608,2.05898453333
0.797391653293,1.14653764744
0.526289242854,1.26582380938
2.0673124395,0.479854679611
2.32537432828,0.279135207246
-1.84144766952,2.3591584134
-0.244570560809,1.59562192132
1.29112139591,0.917023908225
2.21285863814,0.37348743242
1.03819749724,1.03713182561
0.459939486601,1.29457530216
0.227823368826,1.3942664107
-0.317830613615,1.62698660442
-1.27675182399,2.05870335263
1.30624332375,0.909627128939
-0.0756711449247,1.52358081808
-1.36887537643,2.1040442111
-0.154984094169,1.55737569071
1.04598077875,1.03352494559
-0.0686283588094,1.52058178279
0.847121378584,1.12425719276
-1.41366691559,2.12649192435
1.5531132361,0.784405355556
1.7299362235,0.688127809152
-0.532928891402,1.71979205439
-2.00133428451,2.45870331273
1.35873742725,0.88372917712
-1.77687953251,2.3213644958
-0.325009151488,1.63006527018
1.76333733558,0.66914513181
-0.166707700742,1.56237541084
0.367676917084,1.33434401516
1.74892383255,0.677371572859
2.19220724709,0.389485421192
-1.3197757702,2.07974655506
1.33068193786,0.897613864381
2.19044272827,0.390836488154
-1.80576121304,2.33812178381
-1.08506919036,1.96739698
-0.127388442736,1.54561208087
-1.57000380922,2.20724927479
-2.02936795536,2.47721530842
-0.0927989231349,1.53087535706
1.7215652966,0.692841400281
0.395076021877,1.32255695579
-0.202674599901,1.57772331519
-1.5202350208,2.18110088654
0.826012554726,1.13373237356
1.13319469795,0.992751694066
0.644619243291,1.21415886949
-0.623256528407,1.75920344479
-1.49584266897,2.16844188606
0.343597609886,1.3446884802
-0.45243921264,1.68491388084
-0.891187794371,1.87834259348
0.595388578405,1.23572009392
-1.36691119756,2.10306615004
-1.15355421631,1.99959725121
1.01002982669,1.05014407243
-1.91243482445,2.40220087774
-1.14889248224,1.99739145055
1.77006400183,0.665287315865
-0.33028503049,1.63232860882
0.819998857181,1.13642690303
-0.934693744751,1.89808367529
0.841838600661,1.12663100774
0.515251847689,1.27061655786
0.00864401225783,1.48768585487
-0.211645300749,1.58155373052
0.778019239292,1.15517870379
0.405503740719,1.31806610209
1.75048972635,0.67648044473
-1.6115126216,2.22940789991
-1.93804846151,2.41816173476
-0.967033369595,1.91284338664
-0.862236760802,1.86527510581
0.810748441757,1.14056757024
2.33828287792,0.267355733301
-0.530109863035,1.71856691581
0.215064459297,1.39971677877
0.677226292722,1.1998209734
1.88852766519,0.595214337844
0.273850795653,1.37458430718
-1.39390386207,2.11655303807
-2.00837361807,2.4633178782
0.47016324059,1.29015400475
-0.35701153207,1.64380327052
2.15915649001,0.414402621868
0.791564768688,1.14913892202
1.45751180599,0.833985738637
2.29369269183,0.307111121039
-2.05469609655,2.49426314727
-1.08828929227,1.96890144529
-0.505176025604,1.70774253369
1.00026871176,1.0546386198
-0.673449933815,1.7812467838
0.759524906479,1.16340895204
0.527060407597,1.26548879302
0.802279358859,1.14435417102
2.27791192454,0.320595382407
0.538671780228,1.26044198934
-1.30507362448,2.07253046986
-0.733962613009,1.80797590627
0.361993840569,1.33678664141
0.844619347268,1.1253816916
1.03647348307,1.03793008452
-0.348540352082,1.64016460581
-1.66440582205,2.25814465998
1.09523773081,1.01057978586
-0.63989518591,1.76649850033
0.372871103356,1.33211086249
2.17794378957,0.400338188887
-0.545591790828,1.72529873036
-0.251761345782,1.59869648516
1.5610303714,0.780228944194
-1.86960262858,2.37603065381
-1.86850820723,2.37537006777
1.33598491446,0.894997190604
2.05615795544,0.487473835838
-0.4955723191,1.70357882149
0.15531817036,1.42521259236
1.73587256228,0.68477465504
-0.821983396134,1.84719280178
2.12717668505,0.4377824108
-1.05030954379,1.95121396822
1.04621959374,1.03341419638
0.420940024463,1.31141307265
-1.17520821976,2.00987123713
1.58414060553,0.767971865388
-1.73108778339,2.29525270613
1.13049998973,0.994021768748
1.08771879449,1.01409590038
1.78418105975,0.657151646004
2.23683036453,0.354463552967
0.367307583817,1.33450277982
2.08545611241,0.467319697804
1.37146948533,0.877393996957
2.06816785177,0.479267687416
2.08243099302,0.469422177869
1.65100747237,0.731920987229
-0.84736650955,1.85858373466
2.36742386943,0.239845720203
2.1350664314,0.432077032569
1.52916749445,0.796968923922
-0.36060753535,1.64534836371
1.37052730647,0.877863547334
1.34936942277,0.888376768026
-0.81404941218,1.84364017557
-1.18407777216,2.01409299585
0.246316135106,1.38636253311
-1.78060297122,2.32351193128
2.32592743119,0.278635243298
0.689208549278,1.19454003743
1.12468743392,0.996759034411
-2.00664899,2.46218525676
0.327263927465,1.3516982432
-1.26017680033,2.05065489319
2.15531110119,0.417250352378
1.26166496601,0.931354513804
1.68973721452,0.710610426232
-0.376418806741,1.65214551373
0.193857439393,1.40877129384
-1.80766280164,2.33923331594
-0.948629400854,1.90443467366
0.408727578226,1.31667714513
1.57709765419,0.771717835631
-1.19334354596,2.01851189467
0.423902565576,1.31013549648
-1.41096619248,2.12513044534
0.0226632354687,1.48171816347
-0.581005279203,1.74072974491
-0.27700861778,1.60949802027
0.45655854184,1.29603672098
-0.876312920525,1.87162189282
-0.857281318113,1.86304371584
0.373856908569,1.33168696076
1.06993253414,1.0223936347
-1.43345777344,2.13650115609
-0.153387170226,1.55669476059
1.25194518442,0.936061253142
1.18133630525,0.969943482443
-0.72586904801,1.80439053976
-1.27124164911,2.0560242148
0.525608809095,1.26611939265
0.546493230639,1.25703978348
2.00654428845,0.520614197659
0.70696561971,1.18670153215
1.20235846195,0.95991108453
1.93192672049,0.568405882022
-1.29652413894,2.0683463748
-1.65638158239,2.2537471463
1.68265840724,0.714530391382
1.0579783791,1.02795524208
0.586055701531,1.23979648908
1.38828193431,0.86899494291
2.21050398798,0.375329191085
1.00020757692,1.05466674626
-0.941179579632,1.90103780262
-1.60461095904,2.22570045692
-0.353572569494,1.64232592493
1.80392324431,0.645682314428
2.19696784799,0.385828083277
0.200587653811,1.405898384
-0.330678775642,1.63249754749
-1.84846298873,2.36333904226
-0.194900127229,1.57440449632
0.975493964681,1.06601341296
1.09790610303,1.00933075421
-1.89477138272,2.39133226995
-0.163882227914,1.56117031729
1.76102451112,0.670468805416
-0.376659822103,1.6522491698
-0.761639661343,1.82026195321
-0.368892333796,1.64890921289
-1.64399135877,2.24698412849
-0.251329989808,1.59851202773
-0.124611375635,1.5444286109
-1.26995693566,2.05540007249
-0.387558247216,1.65693783155
0.244180881579,1.38727540779
0.0443657365742,1.47247926167
-0.653142897866,1.77231531025
0.9105737642,1.09560746093
-1.39677335855,2.11799269052
0.668701828821,1.20357393279
-1.20355273076,2.02339096524
0.875175016487,1.11162237954
0.516245039883,1.27018545412
1.03014096011,1.04086011237
0.447403637643,1.29999227116
-1.88357723091,2.38450036732
2.22943837754,0.360384233751
