prob,t,omega,Ef
3.52688435696,1.48516738117,1.07351004186,2.18864716055
4.1888931765,1.19889809913,1.47875718438,1.28633063824
5.90795737749,1.24634507481,1.52415622748,1.79549524601
5.32975153294,1.45753077997,1.84564067492,1.39153620947
2.25823908132,2.00904820936,1.54527321579,1.74065198328
5.64704311574,1.06312635136,1.70482427084,1.51167516433
8.16731160928,1.55121196611,1.61438486193,2.80709307323
2.74268647981,1.36212064571,1.03887795063,1.43267159639
2.73979238818,1.91819667004,1.69563106516,1.29126746471
2.30251693006,1.79648762811,1.17378907283,2.55768536002
0.97003382271,2.50026440058,1.62083098008,2.92858354745
4.49004540108,1.81929989919,1.55257712429,2.35109979102
5.06390752787,1.03197591041,1.37530717524,1.57320647997
6.04247965837,1.53981212418,1.33890099217,2.85352115396
8.06898353856,1.22617604618,1.92826795539,1.92319506435
3.72128925595,1.54543709636,1.28012106226,1.91872949135
0.874985984931,2.62621993825,1.78381047893,1.75434708273
4.53077941457,1.32464603623,1.64469772731,1.30784134896
7.49012564531,1.04788183882,1.80796187419,1.92706329551
6.90097577462,1.64548634919,1.71943154235,2.28682599782
1.14940022532,1.96630383538,1.15506959953,2.59252503636
2.84907749592,2.59344321428,1.90046619645,2.93453539429
2.56229600774,1.26349887429,1.14801257315,1.0551994034
9.1828382879,1.68232581923,1.90123192825,2.54590549444
4.27501542358,1.31617712922,1.8534879852,1.06862584473
0.833462142645,2.31519809593,1.50678784622,1.97726963666
10.4615797905,1.64351821548,1.91973408892,2.78200129054
7.61940179727,1.1157557734,1.19448238886,2.69342911052
7.13366890289,2.03774186105,1.90820806057,2.67423277178
3.06040179671,1.13601418189,1.1649409281,1.11658716443
5.40994720065,1.33091855563,1.18452391953,2.31992133224
5.36325893465,1.82689912519,1.87337844003,1.71383344228
6.86535475798,1.58857847131,1.86253990619,1.87554459751
3.66643023943,2.38242443249,1.93719421105,2.11541499406
3.42839535652,1.99649152443,1.52271076415,2.71639155362
8.49863681508,1.81864190047,1.91834449159,2.54010146816
0.840543849417,2.13663020051,1.40759834411,1.4630949303
1.03455029752,2.00001521211,1.41564331139,1.10427705099
3.23178730449,1.93792984326,1.81666614642,1.26310235144
10.317197917,1.73974379563,1.93898719109,2.84328376866
3.83575321853,1.45049994967,1.77596878436,1.05679422641
4.14886441646,1.95546969439,1.94809273389,1.33670657309
4.41486148584,1.36347590958,1.8989089979,1.08043117814
5.89023547769,1.70972889621,1.68577489001,2.1663214958
4.07698405268,1.69679111826,1.44707973043,2.09029543161
1.67743408408,2.20169935931,1.59856660169,1.81694257438
6.00231334979,1.36757412648,1.33078430206,2.32286879558
4.87160068472,1.54265127269,1.68168106982,1.54797811805
2.9199308449,1.32170507665,1.08967797542,1.36133615608
3.27352259237,1.06950149246,1.28907149186,1.07235491948
6.60097041376,1.29608807243,1.98531546927,1.52391415652
5.9430251495,1.35193874757,1.96257955902,1.39414066921
7.27449602634,1.29549982,1.35784984643,2.57902158865
1.36322351971,2.42718021783,1.72139629991,1.83774412827
7.71326010175,1.4433061489,1.82757833914,2.03202893861
6.58996653216,2.12698967456,1.9345297398,2.61652356826
8.51899320244,1.27570593249,1.6549686388,2.39746740057
2.97374126096,1.06218179503,1.08344791284,1.09141665336
5.23803155743,1.51041831835,1.48102609119,2.00676844748
6.03412850752,1.61945207013,1.46863980415,2.67412278013
5.2992704259,1.9310720151,1.67413233558,2.65224590092
11.7838103901,1.26245034283,1.84675633785,2.93774531385
4.36580101442,1.86991143092,1.85928276643,1.48147379993
9.31937799546,1.45820568097,1.97808606293,2.19968485958
9.58953513189,1.28609346633,1.62052539758,2.77256171411
10.466998672,1.31545303191,1.69594077071,2.90299360523
7.19647847049,1.4787674188,1.84148575226,1.90112289855
4.39571919094,1.68691382677,1.6130524374,1.73930769682
8.45407749978,1.13195069367,1.5141505485,2.49122026428
5.38854710465,1.86252568775,1.82703981881,1.90405584967
8.39748386632,1.45770663393,1.99840483351,1.95299213114
2.85688016376,1.15910516812,1.00286518282,1.1928596334
1.57520924853,1.72948797492,1.14830018803,1.5240373833
4.09357094517,1.51078205211,1.112648405,2.52231321739
3.34262531009,1.99581657548,1.9838874558,1.05733313262
8.60215975903,1.45993258243,1.8175518582,2.29968346551
4.71235209459,1.21837786477,1.05721682269,2.00097683462
1.94373950618,2.17371207594,1.53532900278,2.40187723243
9.17287012699,1.68385004465,1.90858107288,2.52536780451
6.49255836744,1.3944365395,1.99480801012,1.49894974402
1.27409846831,2.03273072822,1.33915221042,1.92677828465
10.0687299536,1.05213238498,1.72263075163,2.67882343935
4.67336391945,1.9078669665,1.74117940838,2.00107091535
4.18344229784,2.23918710907,1.95106528682,1.8602230018
9.39213007416,1.16893927946,1.76580120403,2.43338955752
5.78866746766,1.00249146565,1.43548015562,1.7452609453
3.91481098268,1.52449153989,1.15291059652,2.33382136532
2.51241443939,1.74350786557,1.14554535706,2.54685985471
8.37473577312,1.63576333637,1.85345401017,2.37346038026
6.44722083291,2.30228431332,1.98432685885,2.90137208177
3.68928830657,1.38612638601,1.33626111417,1.44700633739
1.56416176937,1.73090564206,1.32546014561,1.05496036572
5.87261421951,1.55926343746,1.50728861137,2.30065507965
5.33460257408,1.71951486252,1.85396365679,1.60067314654
6.39454392243,1.80300558508,1.62429872958,2.88838213177
6.7705852647,1.47965490016,1.38629709924,2.79051671791
3.59726290939,1.55962690723,1.73654322563,1.09401863829
8.27177142601,1.04971978864,1.92696885389,2.03371280517
9.34843712874,1.38427137359,1.78653611237,2.48779817808
8.52156999245,1.02471593364,1.55983046555,2.4342784515
6.3914482218,1.26789084866,1.93698427553,1.51523804864
7.73731941801,1.66273353389,1.67281726569,2.75766039541
6.81056339956,1.09841298449,1.34288903932,2.18674952807
3.50520369644,1.86142022256,1.45711096521,2.39188837419
10.3728588594,1.23644465375,1.84898189856,2.57820135185
3.38033545249,1.28201865834,1.52461347419,1.04419795415
6.35489561418,1.16176918693,1.09314277731,2.48568593756
2.11451563108,1.82732425278,1.30677086683,1.85894523589
5.90438832017,1.79744126798,1.85143917179,1.8937618167
5.48386910707,1.28360552415,1.98577610008,1.26584146652
5.79189658049,1.46119128669,1.87713549931,1.47685862506
4.8856278033,1.32973734644,1.61084664822,1.44936458677
4.27729791508,1.89506535471,1.94759170218,1.30740110448
5.81977155786,1.40351112515,1.95183891003,1.38439333897
4.50606669855,1.16799509541,1.62419426679,1.2583978555
2.41242635733,2.09806914064,1.49257073393,2.7255182018
2.90927430462,1.43520585204,1.42906977456,1.09179686384
4.82477140479,1.76665844615,1.66471363031,1.95062749969
5.04088690057,1.2417946027,1.83908766006,1.26016287345
3.04990603127,1.89801804767,1.83208192021,1.11053049335
8.27647239234,1.22881392419,1.56263358826,2.43540327972
7.47476044227,1.73405552051,1.84868370726,2.28246541471
3.94875689829,1.3572398269,1.61527456124,1.18355056689
4.88308846135,1.04749215915,1.41809352476,1.48940534639
4.94490922122,2.09842079676,1.80789933496,2.45029901786
6.84991278338,1.50691123892,1.64326316855,2.20287731968
8.36639685503,1.76843752442,1.96472593043,2.27932843524
3.09665143922,2.22352553819,1.88342782526,1.57398361006
9.98581463668,1.21099816042,1.89974699158,2.4163170524
4.7262134981,2.03531493584,1.80134689852,2.15967287349
4.05650431421,2.29740495114,1.87215944633,2.40562930985
5.27630960085,1.3161431461,1.60410859781,1.56315809476
10.3146782022,1.5528831939,1.86880250107,2.75055397971
4.82102376928,1.85368956382,1.69507381722,2.07684607781
4.43813450427,1.0718629463,1.64881628266,1.21683305389
2.74999173864,1.99458598737,1.79540819424,1.20046283021
8.97918785302,1.0010769497,1.41215895765,2.73480495188
7.34651618202,1.62279400721,1.57441612158,2.84303395107
5.81430447518,1.05137800596,1.75378462085,1.52747531022
4.35628356224,1.29412357197,1.99151199178,1.00226632974
6.67306062129,1.22090501839,1.1662854685,2.5975362269
4.39793688031,1.27275265469,1.27101271422,1.64475390296
6.25590346251,1.08370105078,1.09148094425,2.31426036306
3.29677100359,1.44162807108,1.51895726653,1.13785446124
9.12868167646,1.88108423639,1.90642843493,2.92293505074
6.34107817624,1.484775558,1.96360920595,1.52271975993
10.5084013812,1.04339092983,1.83299567738,2.68043340779
8.98129177253,1.52236191905,1.86464081344,2.37016936943
2.84501677194,1.52539299213,1.27807715111,1.42543441472
2.28037724486,2.3304169578,1.93268790101,1.21872989714
7.1419483587,1.66112266783,1.72855870361,2.37344424994
5.84402712079,1.12171628435,1.9008528429,1.42679904299
6.76124314708,1.0616851303,1.95957800976,1.63655259307
9.22611993595,1.55291433272,1.94878721262,2.29179091703
8.41225594318,1.34144427497,1.52461252083,2.68647691899
4.92307985912,2.03571801683,1.73030242776,2.60544307237
9.93559340026,1.3658281399,1.70262630798,2.79526483821
5.58426662006,1.73750785166,1.47955854815,2.9006319934
5.33239601205,1.24891220549,1.81532832425,1.35181255694
7.24608151097,1.80907095733,1.81453810368,2.47085925274
9.28292570594,1.74668790053,1.90412470932,2.67670872832
5.7414094827,1.16896621731,1.9649371287,1.35232647475
3.70578908077,1.00591045237,1.4281498881,1.12098116989
7.91946349266,1.4352807861,1.75521289542,2.2040851387
9.96416992674,1.37875601721,1.79003466043,2.63999306094
1.49538239584,1.92567828235,1.3089236079,1.73073997127
6.42897626104,1.48309064306,1.34779612361,2.78201553489
8.35738119306,1.08916823098,1.88323819049,2.06834782477
1.98916539446,2.63767697229,1.91044947141,2.21029785406
7.68241483105,1.00219873916,1.54949042779,2.20739126421
6.65835319516,1.34661202785,1.97262758697,1.55160161854
6.00014599215,1.70080392109,1.49537244807,2.86953628909
8.51990690003,1.0349708935,1.84578113949,2.1675028337
4.58143623371,1.25227791922,1.44394192653,1.47714203998
7.188337657,1.08998442245,1.78443653696,1.85382387641
4.9867172952,1.58751684187,1.58402420473,1.83678907429
2.74456616467,1.39240174594,1.36849008019,1.04937537869
6.31853943194,1.53799806325,1.65242441704,2.06209929955
9.46384580025,1.30818113865,1.68729188806,2.63398976622
2.28416892416,2.17788384942,1.81119129651,1.2806432706
6.93737864194,1.23131579206,1.34087793349,2.38120618686
5.79703538034,1.40967249286,1.38318856762,2.22213996743
6.51128638137,1.62485909083,1.58116857891,2.50402295581
4.81765927008,1.05100734733,1.03568926214,1.8072025779
9.27750257505,1.05124222046,1.36598269567,2.90527566341
3.28310398914,1.10656984633,1.09318329139,1.2313884493
1.89817030973,1.62561993045,1.15174078373,1.39901970199
5.41225412951,1.54786868119,1.68070165737,1.72834894741
8.97086865555,1.33611021715,1.9700139555,2.09220533698
5.07026618574,1.03479834247,1.38252903776,1.57039205478
4.06258101201,1.25092064967,1.2109681803,1.56655681846
5.63219632776,1.2855673218,1.73845120645,1.50522931732
4.59549395377,1.81721910117,1.43462404621,2.99710783608
7.66079337412,1.05378735526,1.58312177662,2.16429830107
2.74666550087,1.90689584798,1.39018246245,2.42968388918
6.31846552365,1.75805067389,1.65069279654,2.58098716457
7.38574100971,1.68184539598,1.68625721786,2.6376939835
4.20364836437,2.1567049897,1.80932779403,2.28276093753
5.33773084688,2.05701286176,1.95058629541,1.89652954091
3.17390280846,1.68185169149,1.09814187774,2.99586521324
5.74487312833,1.03272737062,1.59958595467,1.61273419821
9.35362336783,1.1908109585,1.54957282288,2.74130414896
4.38303395903,1.42695970184,1.26657652426,1.93917003313
5.37325644598,1.31044672171,1.01708143022,2.65870979347
8.96996103066,1.25378444789,1.80245806274,2.29214513174
2.76426242352,1.79518561188,1.59423156186,1.29739791622
6.11371379043,1.11233867323,1.3873344766,1.92322459352
8.39829917902,1.1594073675,1.69823599548,2.25182620544
6.62305800022,1.16549119546,1.1694982958,2.45885479215
7.63686962496,1.09100414632,1.51875866631,2.22931582318
4.1459696967,1.86929269216,1.92384779544,1.2819374006
2.38581183052,1.62453027071,1.1218357001,1.85200949225
10.5778819784,1.39590490151,1.77369087177,2.85399693381
7.16458949403,1.63137706396,1.85283569406,2.02626414895
6.56720875358,1.6856345976,1.92447314288,1.77929840722
2.9874732074,1.95747721305,1.79861871994,1.23425159777
3.87636390426,1.06121898007,1.77908205125,1.00624764694
7.89563821564,1.28449989456,1.86253689284,1.9545698737
3.34303819829,1.6193110785,1.54820825322,1.3325666771
0.144612091787,2.51039486599,1.04785777723,1.52695904298
5.0786915785,1.04529321549,1.85602926024,1.28356622933
1.77073365122,1.60576714065,1.14150743127,1.27041338579
6.85891468783,1.41261075905,1.69213598095,1.9884310407
5.95803042124,1.24079027263,1.51158412171,1.82185290293
11.3026997571,1.23395090791,1.88133884593,2.76041019044
12.1307427142,1.12024778379,1.91498218757,2.9447257357
4.05264783618,1.69063569299,1.65818011344,1.51515901415
2.65466196267,1.98085816396,1.61342352516,1.64228887135
10.9995441955,1.01740271664,1.72898074755,2.93683029111
4.02768088082,1.98311899075,1.96883226492,1.28927721205
8.67777759839,1.38646665567,1.83590621771,2.22949869206
6.97822369258,1.22732178964,1.38302689439,2.31752162584
6.26141408943,1.42783810287,1.27359611617,2.75160374946
9.19174311583,1.19871929074,1.99141667498,2.12960215866
5.96847960193,1.59546397411,1.45434150906,2.61203564665
6.04758353475,1.7007835507,1.81974753719,1.86291375574
6.11490136948,2.22460498287,1.91280631574,2.90554467494
8.37382226695,1.00663873472,1.21447782297,2.79821139387
7.62614835731,1.89848365952,1.82424282379,2.81284719235
4.80054148899,1.4919720575,1.27932666056,2.28476781769
6.79541027321,1.17412569345,1.0817547906,2.70949126864
5.61508561849,1.38022870997,1.5544138019,1.79297363812
4.8066597097,1.61989333813,1.24488757441,2.98238765722
5.35301233745,1.6181143481,1.47823114375,2.33727481268
2.65255165586,1.29217073319,1.12303641831,1.1534544678
9.26021262202,1.27492610417,1.91166795884,2.22677017128
5.95544548112,1.48160163736,1.65339446195,1.86214021544
11.6461789149,1.47847904154,1.88541000488,2.96795940038
6.56024284425,1.97660997909,1.79419441237,2.80129539184
11.5028807468,1.31019798824,1.90049962149,2.79120375434
4.12313740145,1.8291655819,1.68411597424,1.75069310122
4.53192829035,1.85863156818,1.62744163823,2.20942564109
4.62101408497,2.15040992436,1.94912869423,1.83494417104
6.12376141553,1.10774690066,1.28328324812,2.04227453594
3.21482709932,1.81473219276,1.33083946338,2.59298287807
7.63729132165,1.67117667708,1.70634638133,2.63183511935
2.95045737528,1.92008032533,1.37344264597,2.82018204885
5.55288939119,1.99956460407,1.98955155312,1.74689540024
10.4431827576,1.0840393843,1.88399420742,2.58662229067
5.05601291055,1.74873555776,1.67335024619,1.97569225096
3.63054540067,1.08464685533,1.03762032461,1.39028479645
6.10461260198,1.10611400486,1.71908738214,1.61877744226
7.9255684774,1.1029245471,1.15091036202,2.85820683187
1.87137701807,2.64224900451,1.84511276357,2.86707040627
4.78735980522,1.22417655938,1.02097213225,2.11050591141
7.65744581535,1.55992992617,1.51548195183,2.97277103121
6.03828122154,2.26625108053,1.97071636247,2.66650415911
1.17234385079,2.79804114167,1.0257636204,2.69259238808
5.33641245805,1.91339133356,1.68244411932,2.55856965091
2.2544165145,1.41911173435,1.18239473827,1.08668834079
6.13711896097,1.32613177213,1.4219927732,2.11104152449
8.47136225528,1.26543698718,1.95273726445,1.9912436385
8.13126541868,1.61545673337,1.91599445676,2.13897889232
10.4422386746,1.31606010697,1.69495343276,2.89871722221
8.13005964438,1.41861015681,1.772701916,2.21493095423
1.15241318265,2.08817893699,1.42556177158,1.57387694429
2.94488293451,1.68724587114,1.61043324814,1.16988633125
8.0243023629,1.3478918532,1.39152870803,2.88312505589
7.40741579954,1.39293897069,1.48103332633,2.54682724053
8.00268135025,1.3299561761,1.70578493707,2.21539910706
8.69152799978,1.56663885368,1.67292246854,2.84020278502
4.08024507517,1.20174574708,1.73068694506,1.0793773217
9.54978868547,1.78979664139,1.92773255825,2.75972263978
7.47527285426,1.23983218244,1.94794967917,1.76274520438
3.00969536701,2.05622707843,1.54255006961,2.61642881078
0.986778297955,1.95662726294,1.2425187529,1.5584394977
3.09256678669,2.37748527608,1.8344777832,2.40718698577
6.40107197759,1.41085809676,1.81440264819,1.68368771928
8.76632947423,1.38497018856,1.90675980467,2.14279619222
1.0711793224,2.01417925595,1.26516091381,1.96339217752
4.84023804807,2.24931191843,1.94026182586,2.23830057232
7.79510716215,1.34687520585,1.74367963054,2.11295043467
7.68574523315,1.81060317785,1.84435831658,2.51835985558
0.0322008496902,2.86761517299,1.66895777889,1.58828209976
5.23837892782,1.15752594765,1.92962483353,1.25573721834
5.05098267143,1.21999760804,1.52058018149,1.52229134713
1.83449710228,2.33828183158,1.8381008477,1.29789430148
9.50861394063,1.33720224114,1.59035825755,2.87581244693
8.45234412935,1.76117517135,1.76799039827,2.93254740639
4.43413371974,1.93793164417,1.55904291085,2.84268655208
3.90185000824,1.25876458025,1.2408874298,1.4781258382
7.43971593615,1.56347076048,1.8751317042,1.98255904931
3.18091143946,1.75309701707,1.36079255336,2.10121782597
4.96442914741,1.1286135125,1.94934332758,1.18584232382
6.9102954987,1.51895482904,1.91008607173,1.75150103033
3.45393342614,1.64410167234,1.56906650359,1.37911064224
7.15983265615,1.6039106204,1.66525913658,2.43600110794
4.91151994962,1.03794559347,1.69183167587,1.32601524535
7.3820550079,1.21218929304,1.30243027853,2.57365337667
2.67205207312,2.15528434698,1.91061858917,1.15557704255
3.06966843672,1.45284030025,1.12211084346,1.68028602413
7.08510138274,1.80846979346,1.85410932587,2.28652377915
8.1704660851,1.49014358119,1.96919356871,1.95641517503
5.33260677556,1.22832733404,1.3547591892,1.80846875663
3.8079648604,1.55378514459,1.03756709093,2.89896120019
4.38371914107,1.15850859874,1.26115072114,1.52114259005
7.60223188083,1.06513150646,1.96865967334,1.83201958406
1.33937013481,2.08320392353,1.35369796546,2.32786501289
4.50165906408,1.26940637203,1.60979925793,1.30291287024
1.42052661989,2.20971214899,1.4528845812,2.74952244528
3.58860990689,1.48890577684,1.72671306471,1.05293258325
3.6899864878,1.4263913976,1.34148950931,1.5032189976
2.51136282305,1.52931169074,1.25905755974,1.29901842975
10.7427845599,1.16119561512,1.67581150132,2.91496784597
8.94600415695,1.28864070472,1.62162161634,2.58707893937
6.50161954776,1.66616745191,1.96734679575,1.66736648325
2.17785373498,2.31199199912,1.96996662319,1.02891071414
3.15587873104,1.6903429725,1.49334285721,1.49077134236
11.8809268447,1.01066829937,1.91786241263,2.96917466266
2.33211866404,2.21954734378,1.64850868241,2.25251273069
3.39975985632,1.05146122981,1.19980435401,1.16164519285
4.91735476517,1.21409639795,1.50749187272,1.49123337722
8.3564637242,1.10753554808,1.41164612517,2.58960795953
4.51281883968,1.77307049704,1.51281511803,2.34850197529
6.70991843192,1.31955085338,1.94396446038,1.58764526951
2.29107789296,1.55498749507,1.20571332485,1.33660582722
0.145326789597,2.48202505772,1.00422319623,1.41770595384
8.35788020327,1.10572764111,1.8072847108,2.12998016983
4.80589825873,1.79951676865,1.65676168903,2.05054948992
3.25188254043,1.64071738576,1.42703620637,1.57571892945
1.10027550737,2.19957981284,1.63295944234,1.05940024723
6.16506405097,1.55976342914,1.84827786522,1.68131078641
6.19362632544,1.79685325835,1.63188821553,2.73986578096
6.0641038391,1.22057365853,1.76109727622,1.58054649393
6.24318353938,1.51133301219,1.64752553206,2.0058922449
9.74442305808,1.08380418041,1.75435830132,2.54778288403
1.10242053207,2.36803802244,1.73823135629,1.16731348055
6.73768209394,1.75586532817,1.68526781017,2.60948323731
9.62432131576,1.11828814028,1.41242072274,2.99052010326
3.28150664213,2.03352311332,1.59022120277,2.38834230286
8.10254927589,1.78844876772,1.93220398893,2.32633715692
6.00570857841,2.11038027089,1.92741458811,2.36878762715
5.75045110949,1.18011897205,1.61235783227,1.62018449859
1.24431400405,2.28309605076,1.58178931565,1.85256695889
3.67811803383,2.21728277891,1.81524877725,2.19011041228
7.69240221293,1.11867344434,1.66816597246,2.08967102803
5.09417637653,1.56708193181,1.61651144463,1.77188695859
11.2926400929,1.21742776348,1.9154712729,2.71014409803
3.43581028298,1.20467497246,1.39542275643,1.11739108865
5.60523369932,1.22517265556,1.82711690005,1.40912379273
3.07968793917,1.20644069655,1.20269233029,1.1512673487
7.13263675675,1.07258986395,1.30994239968,2.31255522431
5.9118169372,1.11261175878,1.4868403452,1.76085483419
5.02209316835,1.07833805633,1.32453555305,1.61835084668
5.6384588096,1.21596791987,1.26847000461,2.02065924179
10.0082378545,1.17240477054,1.88930583561,2.4400587707
6.20606017484,1.14136592502,1.83781376692,1.55420768073
4.21226059426,1.03230896804,1.03976911909,1.55963394058
8.83685098565,1.47284477341,1.66433946284,2.71876785807
5.67514518248,1.10997582298,1.21090431542,1.97940646256
3.19306556305,1.73873521991,1.3780622112,1.98428328895
4.86654876601,1.09999431268,1.79523509423,1.24764299194
3.93546226054,1.22123148784,1.77249357064,1.01928191054
4.29342804438,1.43812059036,1.18797659369,2.11376286621
5.07097512369,1.87246448542,1.74705189457,2.05410320231
5.57001539119,1.10680190776,1.30667314878,1.8315434586
7.87466634935,1.45295506998,1.63729141651,2.45150854318
1.94352734207,2.28446479357,1.83997047553,1.22855376899
2.16785378941,2.36977509207,1.90243563168,1.34982162145
4.64735965848,1.30034224741,1.1485037097,1.99160506912
5.10099853684,1.01114207647,1.12989954794,1.78138105897
6.33889742627,1.15144395861,1.65855876742,1.73403463873
6.89650095369,1.46541458973,1.88783834077,1.74627713623
6.16790069904,1.07473944655,1.53214806676,1.78565704044
6.70959627386,1.72621628569,1.92474700218,1.86311879552
4.21841066462,1.28166332408,1.08915173828,1.87051679235
7.27649188926,1.02855391368,1.69168439332,1.9673719358
7.18367926416,1.25191086195,1.36472533004,2.45515002216
7.92270103402,1.29779248486,1.43769430562,2.63786312744
8.48416219935,1.16442887176,1.99482388233,1.97362046669
3.2053682831,2.26577987706,1.87768231964,1.77196001656
3.08915114863,1.58252443028,1.68807596373,1.00592522252
9.36405588745,1.33870800145,1.69566705806,2.61951822318
4.77016686984,1.5306482021,1.62157695012,1.59834078565
6.64244153054,1.48300569965,1.50976849964,2.4002259841
3.66719924851,1.95690449047,1.93499658449,1.20730505833
6.46875293881,1.5289089326,1.96315518977,1.57432325455
5.02766126405,1.55917553892,1.48053780806,2.03436274948
3.76357629649,1.39265770027,1.78474426541,1.00582829322
2.8511555781,2.2204246203,1.85620462601,1.54017562394
7.70316464791,1.26446745464,1.2942868988,2.80714898158
5.22772520743,2.03465970094,1.88797221041,2.0251137306
10.6415485032,1.426433379,1.9553033961,2.53622050149
4.36252435693,1.26917259345,1.1065712328,1.87589387491
6.23830327418,1.39942858092,1.84603720077,1.59702214828
2.61892226005,2.19541756476,1.57955516997,2.96967659997
6.57477637703,1.10546788915,1.45750192059,1.98628208017
6.07895806535,1.31681485212,1.39918059383,2.11660483814
4.04895792106,1.18922908622,1.43563553586,1.27310194514
7.78556727972,1.19039681493,1.69053216552,2.10292302669
4.20970317493,2.08810776788,1.91099342037,1.66730730458
6.91953420761,1.71767398033,1.67922671562,2.58950134149
4.14573299718,1.1872940496,1.11166882311,1.63472850248
1.95036254597,1.87886647171,1.24471390173,2.33007293481
1.05234570107,2.11422715962,1.34779828987,2.12748497546
2.66353581915,1.6431153222,1.00784007853,2.72377450374
7.72507423753,1.27409789704,1.85101135677,1.92327609886
1.35264396685,1.98411547341,1.398651701,1.44714595952
9.98979686088,1.65222548427,1.8951684995,2.73755780121
7.64651194389,1.96859405813,1.85430112633,2.90692717488
4.03401461621,1.66292844148,1.8413537035,1.17906832384
2.34396708763,2.61393070456,1.93550501765,2.20435945677
8.8628175889,1.40523415004,1.9422347184,2.12280662964
7.40105538381,1.6941330962,1.89234851259,2.08754488888
10.5203395288,1.37802377625,1.69381376447,2.99560958324
0.760605486426,1.90843617384,1.19016411759,1.18564606696
7.27613539347,1.88037146998,1.89435386614,2.36916909207
12.0002454919,1.07912240226,1.91484878105,2.93963820906
5.59812211957,1.52453180771,1.98768815056,1.33379388782
7.15475022763,1.4613995139,1.54388515078,2.44975308955
2.86362051697,1.39294296362,1.1251337864,1.41992957153
7.28364577327,1.64092197661,1.97137656115,1.83832229381
11.3292108432,1.3427052809,1.78758839515,2.97433144807
3.59064930887,1.83391483335,1.63044151354,1.67806353168
2.45914046716,2.02543484852,1.6292410411,1.60148826149
4.03448267672,1.14112942457,1.75089073489,1.05288589837
7.03273894118,1.71586141446,1.89120403067,2.01514325279
3.23893139199,1.35914164361,1.23412950779,1.36605949559
6.56935424367,1.68641357283,1.8448461333,1.94436766786
9.64100139521,1.1073043503,1.74302804032,2.52837933794
5.63169896546,1.48212768931,1.19838522883,2.9289502073
3.31773794247,1.68521816824,1.28746673513,2.18182296148
6.2011265976,1.86149231987,1.93014992916,1.88843421882
6.63372647956,1.02546174115,1.95205293815,1.62985812364
5.29382665101,1.27104340703,1.88007355025,1.29570829873
3.50285998782,1.12728203015,1.49604270611,1.04143607531
8.61226419414,1.51058020863,1.92088800752,2.15672915855
2.24618437778,1.74948031611,1.53482569002,1.08567570092
5.48727993287,1.12210799056,1.89818681256,1.34113968499
0.111721940288,2.43385992773,1.02026425613,2.01503101708
7.17964940242,1.02017819514,1.50658066429,2.09889685495
6.01055558997,1.77519147707,1.78108195221,2.07690251569
2.53360248029,1.74607397354,1.19956150148,2.29005839026
4.56317663398,1.99210446578,1.79236299996,1.99658892228
10.4156203997,1.57597763532,1.997924641,2.50061989568
2.91182931716,1.70649138293,1.146088632,2.65597366078
4.53761185925,1.22096550005,1.85379145412,1.12433570587
7.52352641243,1.12600566415,1.63352638239,2.08012103255
5.50303915481,1.68519778741,1.82264950143,1.66931777088
3.83981089496,1.72144032857,1.41270153675,2.17287139482
7.6941163526,1.92625035653,1.84704618003,2.82162131533
7.51689142207,1.19196031121,1.78774484958,1.92694488242
2.728607505,2.12213113561,1.75077758317,1.60250024597
6.85560849484,1.18096244894,1.46760216881,2.10562596499
5.88623362887,1.97707449348,1.9696608747,1.87133995318
5.25317956179,1.54761543016,1.72047484961,1.61032279364
0.200938714018,2.89825126098,1.75422320413,2.78856844465
5.43251823415,1.98315941268,1.84358863329,2.14075895518
7.24759729281,1.84438035835,1.94472723388,2.13494716247
4.05515479969,1.40950537657,1.21866743598,1.85050695309
8.89218828375,1.0386077437,1.98485547808,2.14994434731
6.10488461232,1.07531390819,1.48003289653,1.81321822065
6.47834685201,2.02289822698,1.9317673883,2.29245445623
3.65011438089,2.52740011616,1.96255806717,2.56175743921
2.20695034845,2.49312396955,1.85370583468,2.11287072447
7.29018905926,1.40152322475,1.94116740096,1.74620562793
2.51841318119,2.00682393547,1.46635480687,2.37494672029
10.540794199,1.3503469158,1.8897008973,2.58926206212
3.29194141073,1.12003030083,1.02650212591,1.30449622206
7.95654914864,1.68930854886,1.69137401308,2.84416471158
11.9191224156,1.17508178435,1.97141472786,2.79657842793
9.88710300881,1.78071066684,1.91431093196,2.88583248386
1.93118359354,2.23467883383,1.71854133789,1.55839151939
1.24445717143,2.5199514982,1.78130112043,1.73551990021
11.9728814457,1.09432712349,1.9348269326,2.89904365254
8.10494298617,1.29387345923,1.40889655204,2.75362782864
8.66765267064,1.29815132494,1.60835377694,2.53978877204
4.71612364315,1.20788306852,1.01002644984,2.06034169348
4.30452006085,1.46072681673,1.0134716603,2.77335539432
4.15420516498,1.90868920912,1.55349115594,2.54559632311
7.54222552616,1.23173963896,1.97900365495,1.75159212376
7.04243211589,2.02198814883,1.91286135553,2.572108279
0.896813215887,2.02017593642,1.32724608236,1.34940986982
5.22546834953,1.2841205023,1.92929998067,1.2445682249
6.4582792552,1.24857070412,1.95753433534,1.51483828953
3.79877756003,2.00143470714,1.8180154039,1.60452382993
4.67787634797,1.8153053824,1.72290176751,1.83656770299
7.27527571361,1.02171478099,1.86316096,1.84622550951
3.38146325154,1.68201636294,1.80612591578,1.04309175149
1.73810546904,1.76873126619,1.43816619548,1.02467899116
6.73148101817,1.46804297246,1.70363863592,1.99210973366
1.08383277254,2.16544528051,1.60849386778,1.02949713238
6.70420506963,1.00852204431,1.16667995414,2.29554790779
6.32788224448,1.09015678442,1.95565336061,1.52133527893
7.90898709033,1.0479146665,1.21790450616,2.6723864216
7.89137804425,1.11987074657,1.89648660388,1.93086989961
2.88708898527,1.31438187993,1.04141657536,1.40059720535
2.93621739535,2.19117336227,1.67992026936,2.39971843414
3.48508004147,1.81013042293,1.92979754351,1.01971090883
0.66309896944,2.01634644144,1.189546731,1.65569609165
4.88543068764,1.09500749817,1.94447115736,1.17822408956
7.53821917965,1.85768957758,1.87569284222,2.4688900582
6.29449039635,1.78169291978,1.68579110179,2.51124766795
10.9083937058,1.64955036026,1.98932430024,2.71642770385
1.60342489248,1.9764517204,1.26422397071,2.53907089972
6.08852206642,1.37108017818,1.32905630357,2.36843964881
10.0073107999,1.12780768467,1.84574112285,2.50065736044
3.46000830472,1.01269098363,1.20402823356,1.16414232457
4.46509848331,1.35728499691,1.31398722666,1.73809732641
6.45040945928,1.60528212647,1.47121441922,2.79583891551
6.99019253463,1.22609964715,1.98063015342,1.62286504479
7.22728514191,1.7485705708,1.77990781648,2.43816729867
4.98277317735,1.0028031508,1.13468976633,1.73069462653
10.1685562104,1.21849235129,1.87325097744,2.49386687332
1.83648207922,1.57566662273,1.09675068103,1.32974760657
10.9456840772,1.26699481423,1.8219615744,2.76971959675
6.97431136344,1.41067478545,1.29896769886,2.91979453536
9.28660890557,1.62215374944,1.76941527116,2.85325431788
2.19034100593,1.87924056527,1.50058670822,1.41492924269
5.22960914717,1.77545744719,1.5611984734,2.51765667862
7.68858482881,1.54970789046,1.50345875308,2.9941107008
10.0633018433,1.3116944723,1.69555094109,2.7882318273
9.78004227671,1.51584829138,1.8724580772,2.55629151504
8.49199735333,1.22110787866,1.71197027822,2.27644686174
5.10102622995,1.99052204812,1.6735337697,2.8204364858
4.83701328957,1.53354392895,1.39579605008,2.10590771395
8.08996853057,1.47529192442,1.49206551023,2.95652921677
9.16980872694,1.4140462657,1.92881482874,2.22083490764
1.65954991689,2.69225018353,1.99033000949,1.50858151084
6.32759808998,1.07083008329,1.82563010166,1.60894264183
9.07926168367,1.20070556204,1.69855114194,2.44490271681
6.19871913466,1.11348815659,1.25743466389,2.10502957271
5.02052952843,1.21560986215,1.73276066055,1.32882957809
7.59056277371,1.0347143551,1.3618804104,2.37451184916
4.66565874896,1.00592675492,1.14993591734,1.60977122759
4.76709647733,1.62373703351,1.87316199718,1.31430064435
6.51054566637,1.03837314479,1.08687771463,2.35465513501
1.09197967238,2.29674737111,1.47164368938,2.84609055211
3.79285394575,2.09312384727,1.62316042127,2.89623118182
6.43608198244,2.14665043591,1.97516055429,2.41693818232
5.14572841722,1.5903648871,1.98080453951,1.26053243531
5.45962329973,1.57946973884,1.90636265229,1.42431504531
5.44609422636,1.45619753341,1.83607261896,1.43211884097
2.59640692999,1.65621827658,1.35888183216,1.4321035376
11.3487789271,1.36414274527,1.9256441985,2.72945962919
7.47745141346,1.20608676623,1.27205845716,2.6541532442
6.101677251,1.95555845849,1.83030937346,2.37982438061
7.33980042501,1.17495283508,1.64429357534,2.02938370019
4.90225270723,1.00095889678,1.34910490169,1.53567408932
2.27660185399,1.47064174576,1.10709837367,1.3115644306
8.33655268882,1.47459663384,1.82064445984,2.23688418213
8.76159415697,1.16010653031,1.99691103976,2.03799954053
7.31994498338,1.18401931809,1.19620305319,2.70267724
7.33594502224,1.88895372436,1.94690012115,2.23304971132
6.04420747094,1.489338489,1.5398843927,2.12865867916
9.94469080189,1.51048713227,1.83593751094,2.67661174324
5.31265152881,2.09072676508,1.77701748152,2.78201200876
9.02280904756,1.45551908022,1.92674265842,2.21073646086
8.51567562032,1.20935874598,1.4146838556,2.74007788513
3.37847114215,2.01622439759,1.66122954817,2.0090215946
5.0341572463,1.69339624203,1.76025545757,1.65618512227
3.8190012329,1.02585218044,1.18978396695,1.29964461459
4.23012122347,1.67954170077,1.7359021197,1.41637801685
8.62029027914,1.54823844416,1.9483472656,2.1384013083
2.48319631279,1.98460992066,1.70747709163,1.26747939022
0.840675157172,2.15466521287,1.47860746372,1.19437495547
4.40251512827,1.45716580275,1.47006305772,1.61802758385
4.7862186368,1.18466364181,1.55269667304,1.39765899358
8.14407088604,1.13580855007,1.21492116885,2.87462745691
3.28568670782,1.53106657211,1.01000522983,2.48310071559
8.98140732851,1.12423597545,1.52964099421,2.62049674468
1.90292485417,1.93023336329,1.54655135118,1.23450558217
10.1058067854,1.44030692442,1.81589447914,2.68398954538
5.38557758206,1.65135982182,1.60892376524,2.0579549185
3.80887508108,1.14642775151,1.50615257127,1.13122264693
5.45650697661,1.15438011076,1.24154374654,1.91358944631
0.879360681647,2.28526306047,1.62972972932,1.09392815255
4.07232627493,1.54247405427,1.05624634865,2.92713921272
3.47878906819,1.03150199175,1.41228194136,1.06190841298
2.87736090374,1.42208681671,1.09565983258,1.5472057944
0.443273711548,1.92236373907,1.06285206002,1.16042367192
9.13783511146,1.3506095441,1.78625004213,2.40659860674
5.62281787443,1.38638646823,1.42319595538,2.02849427602
2.56119977319,1.68395375058,1.56591367303,1.07827899279
5.34678406265,1.6278023314,1.74700121644,1.69141977122
2.9915541543,2.18691203603,1.869170464,1.48417118858
3.58842075579,2.30054389808,1.85705527057,2.23069121351
0.54473704529,2.905562495,1.20661480847,1.52606217213
9.00502315717,1.33044577863,1.65423277063,2.58762882179
2.1799147604,2.5622199582,1.83271887637,2.75105288782
6.17382157383,1.79346385344,1.75412631843,2.25766582612
4.05359277646,2.37908126063,1.85340145013,2.981146388
6.50243170759,1.02316702013,1.21512958333,2.1822853094
3.13568107398,1.21331299665,1.13019064845,1.2476640632
5.64306271123,1.83662065312,1.79510027233,2.03518526073
5.29407388336,2.03765036785,1.90509363372,1.99549329593
4.28470516518,1.65523515773,1.90289912517,1.16679320041
4.38472286297,1.76472911088,1.40086715614,2.74865389519
6.62802680511,1.36226636593,1.73848718132,1.81310065221
3.09355628037,1.19287789034,1.17915292469,1.16453537872
4.10911154592,1.26345113918,1.26512017403,1.53208845009
3.97437697673,1.43618403427,1.54538972735,1.3315555374
3.17876866099,2.26591279648,1.73889001917,2.59319905052
1.36375961252,2.68131045564,1.91712736254,1.66175637451
8.02801953926,1.11084378292,1.85388748412,2.00347545026
6.2377679667,1.81313747179,1.94381950957,1.7969598085
9.05156112907,1.17591137144,1.4871377404,2.74208736793
8.01056954909,1.72422821245,1.75324067123,2.73482396036
2.14847123141,1.3969912508,1.02231045544,1.21303326291
6.48721361819,1.22357918801,1.44154461702,2.06406267102
2.31881736521,1.49565644174,1.18911644255,1.2482541578
5.63875060665,2.00255504287,1.80382564006,2.44936543992
9.9761624064,1.10523935739,1.63733686147,2.74980436948
5.05771518136,1.31139383063,1.16030571859,2.1706809826
8.50710850696,1.23072848698,1.94870438178,2.00617656361
1.9505492351,1.85629350482,1.55775997211,1.07706863866
4.13977258146,1.6585138846,1.72468312178,1.37897533006
0.141625816296,2.17234413421,1.15063050316,1.27946606398
1.57445660089,2.69865074156,1.93320306719,1.87003060846
7.02646962569,1.48703843909,1.88686261963,1.79406907724
8.25476944145,1.2516849087,1.87586988298,2.02302303748
5.24787083563,1.61953858687,1.82243045581,1.5206116608
10.070814005,1.19615675801,1.77709526706,2.59670451532
7.00494929374,1.46503209956,1.94654657064,1.69523472168
5.89164050505,1.10321655179,1.43636961785,1.79929872868
8.00356845303,1.38056009936,1.94683210735,1.90314996761
10.2728966752,1.13507439335,1.56914388442,2.94015227137
3.4660864066,1.68201479219,1.5733298645,1.44054776414
7.83714302653,1.49943407401,1.95185292471,1.9072019873
1.01810111265,1.82989883252,1.07567891434,1.67145688223
4.87989339988,1.52475927859,1.41581898039,2.05032925818
5.89773622035,1.6070222786,1.65829748371,2.02851523604
6.74590695035,1.13535902639,1.94736716684,1.61058341803
2.11339221359,1.5092444121,1.06321466021,1.39796299852
8.37741874651,1.09685975449,1.56146300787,2.39539971026
8.7180594896,1.21152336901,1.78604868091,2.23929126512
3.66958641236,1.30221219287,1.65393351296,1.04298877558
1.86675157471,1.98364311664,1.35474716748,2.26927954064
6.46489334496,1.15725402402,1.15906617344,2.40337197863
10.1425971397,1.00312724105,1.94597539982,2.51839508151
8.92840596815,1.52453881104,1.65828937089,2.86616229094
7.12957494956,1.59206677505,1.89297591276,1.89503381946
4.87736031572,1.01723648002,1.83629659997,1.25138442635
5.77013370429,1.41795598999,1.67619181207,1.69989692163
5.51428088752,1.20291059172,1.52776694557,1.64413963063
6.85092369611,1.41253047582,1.83232342689,1.77886946266
6.41880319497,1.06914850875,1.4217551927,1.96109906672
3.38758510335,1.36805720146,1.35869813194,1.27715800332
2.5899265897,1.5712471004,1.46833246898,1.07944109467
5.42962585264,1.08837111155,1.54425289685,1.56453931534
1.61290883856,2.32436898138,1.75710348559,1.42768107628
4.27324270731,1.32801964825,1.88251529103,1.05078883463
11.4014034942,1.00060151646,1.91359706215,2.86412667748
3.108117579,1.19461095479,1.10683617854,1.23827183328
5.08850852358,1.83953592576,1.51707324234,2.94762676837
7.04994696374,1.32885965561,1.72508992299,1.92463162282
6.63558226548,1.38021044869,1.70564200134,1.87404882941
5.749876185,1.69896040649,1.85637025291,1.69467951205
4.3391263455,2.28228382978,1.93342296551,2.14302820616
5.92508462881,1.5657318587,1.76571477483,1.75683362664
2.97159431224,2.31381239765,1.95811241896,1.44948367863
4.4186087004,1.19498247288,1.0586071224,1.82950695063
4.25280790255,2.42512637456,1.98801740643,2.28878270042
6.64149357636,1.49115836358,1.44238462214,2.60301337686
8.57210969818,1.35212943223,1.57044567018,2.65504807524
4.10945040876,2.45439580647,1.98736867829,2.32812031894
4.21129960428,1.5577011801,1.194233843,2.51232056157
2.51775452766,1.80428784866,1.17148298404,2.8828541494
4.27999292511,1.94772500142,1.96092428571,1.34288099993
7.36387164141,1.14959245441,1.4004974445,2.3289568783
9.42595927716,1.83657674592,1.94350743133,2.7644633394
3.62341245109,1.34644576598,1.71332516082,1.00365953144
8.12289412252,1.34733662605,1.503387231,2.64960982128
6.23112908943,1.36260203776,1.38228867847,2.28658282351
4.60606805384,1.87757152993,1.50090696709,2.96353354853
2.53046347763,1.3413344123,1.01896090917,1.308678182
5.39186854993,1.17504402803,1.37085196968,1.75635041611
4.97203561666,1.12956059317,1.02482331609,1.98833371948
4.35900789161,1.18291584256,1.778927613,1.12221204415
3.73788480686,1.70601071736,1.35524293632,2.27145511283
3.95044119235,1.81207100186,1.86954060538,1.25260015319
4.62837975657,1.45895423353,1.77476638135,1.28147957158
7.46388248927,1.0703905856,1.82155253166,1.90116814499
9.02816944998,1.36446396151,1.99336929435,2.08010816452
0.595371283932,2.13438765866,1.23163461283,2.32969025224
0.322712507412,2.39709941407,1.3842935414,2.9886050935
6.6182907762,1.08518475443,1.77690448841,1.71339968981
1.75239306246,2.51510043575,1.80080540446,2.20809305145
7.61048039775,1.14478347843,1.40774012925,2.39219355582
8.36227724516,1.84100782693,1.99320896881,2.30843683488
9.5022982846,1.42153817694,1.78773142211,2.56141199698
5.7778142211,1.30031244428,1.5171440977,1.81198230495
2.73499744079,1.56582958025,1.18528569711,1.68000284904
4.60353590304,1.03599026625,1.54462588502,1.32332547735
5.56485846193,1.65759821154,1.68570932977,1.94203046607
9.58721144879,1.07384156637,1.51893045686,2.79316642803
4.5203012167,2.26622073062,1.84367824404,2.73345300359
1.15723589157,2.80506829017,1.90380128588,2.27334505664
7.48185268764,1.00339616164,1.31052578725,2.38637011807
3.83502869627,2.0640085659,1.78948416104,1.87368328255
8.81680403248,1.16642184527,1.98040482758,2.06329959648
4.06547525696,2.33400327011,1.88981424989,2.45538765512
2.96648904981,2.35122713761,1.93088562874,1.64985629678
5.44296433783,1.71947293016,1.85458736877,1.6319266905
3.5513335209,1.33250276057,1.06448066535,1.72516703697
3.29225447742,1.43939013302,1.36821395935,1.32243164075
4.58609035767,1.74257338453,1.91416180031,1.30310934954
6.35165647053,1.51038723665,1.8992737943,1.61929248431
4.04939035294,1.38065518195,1.81982728322,1.05065222522
5.03512069238,1.18221536139,1.98348413905,1.17365242324
9.04540141356,1.06077664529,1.7518050723,2.37469863634
6.18312184794,1.02090532446,1.45699109261,1.8476350738
4.24330582425,1.23619717387,1.69429607612,1.1526837359
6.62792548693,1.75998708551,1.64016794469,2.75709113885
8.04073956483,1.14762521803,1.73819016226,2.11156439228
4.74719940122,1.32030791902,1.20823354722,1.96597310668
0.673254551159,2.89219752574,1.25052108633,2.34613436631
11.2634197383,1.36409829313,1.87326845863,2.80428228224
3.30970175579,1.8701926742,1.90344511938,1.05393033828
2.21259392828,2.24798087965,1.67614498758,2.10567706777
3.6197650174,1.2831470104,1.5524544375,1.09651627953
6.59037594567,1.26371725324,1.67589739271,1.82299755983
2.72395791901,1.38933008283,1.10817875237,1.36998309443
7.00856939856,1.27471537478,1.78069057027,1.82002226325
11.1627373319,1.51784761409,1.84481726154,2.99136078461
6.21806028545,1.36818770683,1.26699320533,2.56351879749
4.09303493404,1.16868175068,1.62138197173,1.14496209084
11.2206709013,1.09825551023,1.84114801934,2.82107379327
5.21092602085,1.11288373346,1.9234220465,1.2623162957
0.0671846179094,2.26898051086,1.1359710455,2.61355619144
0.645492960634,2.02105156043,1.25661391962,1.25762324144
6.51036127371,1.37711178403,1.2406985605,2.78540078748
1.17031485155,2.89599503309,1.07533377433,2.34046535191
8.75302233595,1.2268732266,1.95706687137,2.05596396364
4.15927212953,1.90791182311,1.91817696829,1.34153060008
0.964894368327,2.40698053143,1.71603399069,1.24821047477
11.2297307693,1.17967646852,1.95844256222,2.64869918383
10.7625461743,1.08392119834,1.77912863102,2.78410812819
2.35283413366,1.80735251113,1.49852853106,1.33184509326
3.63956087718,1.91785628419,1.44879642274,2.87003975684
8.8970786614,1.88304651205,1.99362878212,2.52895341597
4.34847440711,1.08456992053,1.82449430231,1.10345631234
4.16899825136,1.3570922778,1.41988019876,1.47170192584
1.93972732236,1.8801241333,1.52288779082,1.19860215775
6.435998475,1.27937045324,1.69774045639,1.7630183485
3.22377208513,2.03044799787,1.80578001098,1.45019998582
0.571736034636,2.5764650841,1.64356227686,2.22170726716
3.91499717936,1.69737671938,1.4016281198,2.16351792703
2.34213192138,1.55911129367,1.03588285091,1.81111200699
5.55867816857,1.55928224072,1.64749875502,1.85570640579
2.63841606722,1.6478110542,1.02561133596,2.63455377874
3.24598448032,1.88087318205,1.71626894557,1.3992929772
5.66891811891,1.55338787968,1.70653766468,1.76990012525
3.54343823946,1.23899786576,1.41055220941,1.16161086994
3.39607057409,1.15769083014,1.3498506864,1.11206295805
7.11066117913,1.89885649734,1.81494170072,2.66294986717
4.70933773366,1.79022364793,1.81540827784,1.57530266189
9.09248187966,1.02663882263,1.36626042164,2.83476186795
3.38812335327,1.78771414141,1.5508557375,1.69127445799
4.44038483147,1.46537807381,1.65651661315,1.36933792048
10.109433343,1.09304123354,1.86495756577,2.51879888557
11.8146468626,1.52297509522,1.93040743419,2.94840488897
5.39816919545,1.01627683186,1.82714804819,1.38997360843
3.68368201397,1.16774350401,1.19081981423,1.34931553922
4.58165184507,1.47428101356,1.98481031342,1.07993526499
6.65012429352,1.1061787856,1.71611959764,1.76585324417
7.43192445531,1.25691348922,1.40916800123,2.46460059303
4.50833677651,1.27139653414,1.53290211173,1.37726790302
9.92900695792,1.55703191602,1.82110510839,2.77410299149
2.56998909069,2.01673356168,1.79363389954,1.16101928575
6.9709426672,1.50918748017,1.72257217426,2.07878114284
11.3601283222,1.31789568816,1.84552152235,2.85481053993
5.33737933261,1.42483305798,1.78610947026,1.44246657914
7.1997564616,1.14713690549,1.98999108863,1.68409015734
3.22160489453,1.64123674193,1.44342306708,1.52528122997
6.38380362699,1.27570426716,1.19870107713,2.5460958727
2.9668173049,2.17769070632,1.97575301409,1.15476709319
1.28825198341,2.33502423123,1.75351090684,1.1850149807
9.28041105558,1.75339165522,1.87789612667,2.77557808007
8.29546949653,1.43590588893,1.84111876162,2.15656982043
6.94370950278,1.03533678841,1.31613556245,2.22181071617
4.96534766361,1.62909510473,1.41283644684,2.41394880566
7.6401890942,1.34716243204,1.33398035843,2.89038181953
9.94108985241,1.24564718365,1.72362424584,2.65823423718
8.7270715126,1.54107416256,1.93700276835,2.18017793357
5.12495130773,1.94251605026,1.72819054741,2.35684814176
10.2663942716,1.20061331155,1.79527390771,2.62229679256
9.17777213398,1.97769791662,1.97496817848,2.89558180491
6.9149407839,1.73076664349,1.75724293857,2.36313164345
2.40640564817,2.45294303723,1.90882731014,1.73148135233
2.43744805091,2.11190789922,1.79437870149,1.2714141259
4.84451834888,1.2493994358,1.4009858053,1.60896962485
3.1297142253,1.6480667134,1.33959621589,1.75510328905
10.7536163066,1.52349254549,1.94274816244,2.65674033026
3.51286317523,1.80415122999,1.61893332235,1.60338242744
8.4987760203,1.18567294274,1.8029110328,2.16122986578
8.09888259841,1.01779235257,1.8271096781,2.08450053628
9.74699431548,1.49671252583,1.89552023833,2.47992172859
8.34620415536,1.20525642286,1.83373366731,2.08942046077
2.51043710143,1.54940747737,1.16857273084,1.5328335083
3.25004778971,2.49828739606,1.92563617678,2.43265823888
8.4769408353,1.60126695964,1.92464713159,2.19633013971
6.90938236222,2.15567091156,1.93863555239,2.82111147677
9.02502977374,1.58806726581,1.79215127914,2.64357613718
12.4101452297,1.0856997142,1.98780766501,2.95081798771
2.62202040869,1.34529951882,1.20816143359,1.11695908823
8.88566113873,1.01878982482,1.4390611108,2.67640135476
9.97937000242,1.43312314679,1.770476554,2.74042515318
9.09552582677,1.20368712249,1.80945919486,2.3061352511
0.965757261682,1.90799172054,1.31447301651,1.04275754714
2.32086710017,1.83173741115,1.39667150085,1.68841015339
6.29870585033,1.01064241835,1.96191178313,1.55116921194
6.67294902991,1.23797729485,1.2180668863,2.52953975796
3.41483807087,2.14828890539,1.65350516751,2.72347503416
0.833582760966,2.83403678027,1.86998000122,2.30966569161
6.6271946611,1.24514507878,1.04242361565,2.93741388411
0.490084559094,2.87720129528,1.09770544798,1.08377448353
5.40212843148,1.03992061413,1.69554324255,1.45585533913
3.69694541096,2.25061416151,1.94030235808,1.7126867446
5.08380474731,2.32054362087,1.97798924062,2.38510785676
0.465820078601,2.72913256059,1.01959230985,1.30309632964
3.70725072173,1.57021518738,1.68278281462,1.20212682061
9.76157091949,1.31513839173,1.66303481758,2.77024628629
3.72084246755,1.09091962695,1.03060914811,1.43772156969
2.53817568212,2.10802414844,1.89261572458,1.06897584462
7.99781739594,1.0584439322,1.14553121448,2.82550938829
7.7101707859,1.82700428042,1.82231047543,2.64642889077
9.77163412998,1.60427823246,1.81714170055,2.8191768146
7.32611447889,1.45276349043,1.84425510704,1.9114700968
2.38876989862,1.59122155546,1.30216371758,1.28652718129
4.50479380169,1.85414888193,1.60299962033,2.27894501654
6.12832219373,2.13543401937,1.99449893312,2.19014781814
4.92123763427,1.02659595312,1.64539990839,1.35613081016
7.69808712853,1.2640021129,1.51125585792,2.37969969953
4.42616294748,1.24175106148,1.1570307052,1.76979676375
4.98156775832,1.7155554711,1.92844970235,1.36830821982
3.98132221015,2.22348427884,1.99511547402,1.57526211909
4.19434786335,1.56008932523,1.88479194891,1.10605737617
6.35485241667,1.29356985826,1.16914987397,2.65124998469
2.00101352199,2.05838912206,1.55430564322,1.69368257672
2.78627037305,1.70796131239,1.1525675188,2.51655492572
9.71297743117,1.36114207091,1.86097059661,2.43684104004
4.41764617915,1.28610482039,1.48079548881,1.4126577516
4.92196118346,1.75106026052,1.55384733002,2.31268094562
4.25123240216,1.20396161382,1.89577674162,1.03105577068
4.34670979339,1.19388709132,1.98198561897,1.01217400238
7.66027968392,1.81479817633,1.77753763128,2.77009380696
2.07887027951,1.86618551085,1.51248531832,1.27729466673
6.97401526568,1.6260359739,1.65713530237,2.44501580039
10.3610275463,1.09873284395,1.75766662951,2.70103321353
3.25744255261,1.25441167996,1.24061180734,1.22965540112
9.48419429251,1.16308499036,1.79990826568,2.41563172116
1.99857556799,1.57429643486,1.01840615525,1.65511379008
6.71576832231,1.06219125154,1.65096660019,1.84040211503
1.94862894043,2.38671444909,1.84364682717,1.50295200699
0.781154136635,2.72445460419,1.88227952253,1.30060394505
10.4418585441,1.65633270808,1.97371413224,2.64831661677
0.820103410997,2.97511959906,1.15943526764,1.64157555733
7.83448726308,1.03894721323,1.26465788124,2.5753699154
5.87523125083,2.11723718953,1.98361137487,2.10023365156
6.01795969834,1.29874311296,1.78704259213,1.56380826403
2.72060570534,1.70764807745,1.15016783085,2.4677587382
8.11784132925,1.16481827569,1.35157157323,2.66428076736
5.50574820183,1.69350213226,1.65124095451,2.08409424151
3.88817480479,1.7784162325,1.45211657373,2.27481288145
3.02037825975,1.86712170396,1.51310140103,1.8568032424
4.83408335132,1.03746373756,1.49708037687,1.41954741647
5.5595887269,1.37812734299,1.48811069344,1.8777871089
8.24385473711,1.46902867963,1.99564969412,1.92546452001
7.3943105099,1.57310877374,1.72013971328,2.30949393867
6.26025637854,1.34452538011,1.14007169124,2.8552187048
3.6300226023,1.50521128104,1.48923623321,1.37059889937
4.02374199642,2.12211306155,1.69069274762,2.74240252931
2.04527853126,1.87623011693,1.32621423083,1.95534465738
8.28329837331,1.11088099293,1.808990001,2.10811853343
5.87385369214,1.20661578757,1.82225842698,1.4794039199
2.69157399879,1.55767720494,1.20745492237,1.57392195298
9.82934691143,1.08737341985,1.8664684759,2.45019944199
4.27385629313,1.26410435583,1.00271406829,2.01244058532
6.17065668255,1.65452969177,1.54108340879,2.59122137918
9.18438815896,1.25351801688,1.95409288534,2.15779718183
8.9715727276,1.83860057313,1.89563589181,2.80945399798
8.13698418044,1.25553890241,1.69428441209,2.22007187357
5.07492163884,1.20002905469,1.13113459724,1.99359797034
5.67104575406,1.52055152436,1.65572188537,1.81972842297
5.62117577353,1.45178933776,1.53635193654,1.92361253638
1.925279116,2.03151442194,1.73520943062,1.00138317535
4.65650629373,1.4474287598,1.8027637642,1.25338631988
7.85020899735,1.13584270415,1.87113827389,1.9375551603
5.14769794232,1.01430046167,1.77788180737,1.35029989481
4.15235778314,1.1987068414,1.38127725269,1.35921600421
2.42623983531,2.65995173224,1.97129417462,2.20757170942
11.1174225167,1.69885506844,1.9667323699,2.90146952356
2.07957136187,2.17773103991,1.58927303199,2.17003214477
4.93822855636,1.55149252322,1.61253639971,1.70113008997
8.79688066674,1.35334055125,1.58080367695,2.70402031181
2.88597090629,2.01688746794,1.70211159655,1.57147634135
10.8984909791,1.1025874972,1.85798263417,2.71867305518
5.16252852581,1.12213535425,1.58774279302,1.46055658737
6.60278090374,1.33545316899,1.95996622348,1.54919439297
7.21540105972,1.62021064267,1.63376525081,2.58719129459
4.49131134408,1.04591851609,1.15990857732,1.56505501294
1.88558094889,1.6874904105,1.02072163177,2.15028237094
6.38685377454,1.48380886069,1.67905600039,1.95219238839
7.41740003419,1.7255566683,1.74348558488,2.56800548962
6.90918979733,1.63052266177,1.85580870791,1.94697111109
4.07999031284,1.63615612918,1.21615443667,2.74666729563
7.43939194591,1.15258908493,1.4093922574,2.34288778448
5.04790666912,1.38182212747,1.29044052442,2.06344764712
3.74818034843,1.81805290621,1.76694699104,1.38149317548
9.42677097462,1.66141358362,1.84397301676,2.74450025497
1.78035352671,1.88233843993,1.23259391638,2.22574478357
10.2072166726,1.84161627404,1.97845789947,2.8721398461
6.11531443803,1.64744109881,1.7467980615,1.96593212474
0.658367561861,2.00861375439,1.1838151967,1.62095270269
1.60873335411,2.25650837291,1.69354317937,1.47925596981
3.71215586601,1.5681290306,1.28342469967,1.97691464653
3.46170633829,1.59465022612,1.41070978491,1.60519195975
9.94925373403,1.03052676311,1.78022176334,2.59735343255
4.59069691803,1.85416598751,1.84511762513,1.56604371565
2.13584078019,2.23436496415,1.75401490352,1.55273911843
1.77851770115,2.17507285826,1.78217782279,1.06576046151
5.40331498275,1.32882584928,1.66473478291,1.53980025916
7.85899598815,1.1245324091,1.58702055721,2.22489562619
5.63676844663,1.63063376016,1.35827273418,2.9799016403
5.11725229554,1.20780489388,1.10160537213,2.07258777475
5.98728877562,1.11789217977,1.48336307382,1.78868239193
3.76122282429,1.05307650308,1.1890850745,1.29358526785
10.1460511478,1.20296440441,1.64074909911,2.8253997249
5.25467294908,1.7890777039,1.56303017416,2.57483023893
2.93230767768,2.12520241153,1.77729352156,1.62644487905
8.98806432449,1.09580160135,1.57736743335,2.54965351775
5.54395587057,1.48195645457,1.58713839161,1.84924291241
4.67371628546,1.7807922785,1.71696569466,1.77871157256
10.169780871,1.86234700716,1.99568733407,2.84022994086
8.57848354359,1.17785814542,1.72485137891,2.27136301325
4.02408751506,1.04866796988,1.09646299766,1.45504514363
1.42168898826,1.77260104446,1.06507051173,1.93689219469
4.62417741313,1.2316357391,1.44414315056,1.47457162463
8.40206771019,1.45112131439,1.55657813219,2.81785496104
3.43013490504,1.44000219371,1.5130103584,1.18913211332
7.60951865916,1.3370401784,1.64790996847,2.20308691296
3.08532744916,1.72686649175,1.2497043849,2.39062755046
4.83705805561,1.38523094469,1.87639987196,1.20735959166
4.78774319269,1.30294845903,1.17307786554,2.01077720883
5.30807320604,1.19525981522,1.44985621699,1.65803947388
7.89300038643,1.27137208103,1.39532073859,2.66943394048
8.3841266465,1.00606940586,1.37359224721,2.59871047969
11.8336682491,1.06550290846,1.90346642084,2.92184874261
3.46042104969,2.04714201334,1.84624872007,1.47235153272
2.90955779357,2.47564829584,1.95469650866,1.89161423146
7.85594023239,1.13290987788,1.26493259344,2.68126190033
2.26035366889,1.61172573271,1.2563437715,1.35522567506
5.23293586349,1.42673998367,1.98697991146,1.22004181878
4.04647320651,1.78874593685,1.77316448495,1.43303491914
6.21089165343,1.26941639863,1.56969329669,1.84751872926
0.534903925556,2.52670873016,1.62860843115,1.75885349758
4.73406871476,1.18018955902,1.34090087945,1.57676103379
8.00557016005,1.3585855954,1.83483076228,2.04324054045
4.39783396233,1.86360325281,1.5252279331,2.62116394472
5.80029595878,1.08161227971,1.95859794771,1.39617700453
3.92588284585,1.80502256323,1.86997551751,1.23656557621
1.96402927459,2.47016256444,1.9926736512,1.12581463216
2.80757846449,1.63392998838,1.03703130252,2.63106905806
7.55347818594,1.53133871347,1.87071483111,1.99072887125
4.95768456853,2.21728534772,1.88200908113,2.50352494079
9.14008457293,1.39210796539,1.55789157435,2.9327625094
9.4845874548,1.08449426722,1.59961288046,2.66011610313
9.23052816231,1.87977372634,1.93188859923,2.84743285541
1.05353523173,2.96026396475,1.15792036738,2.17951583507
6.06832515624,1.23178891569,1.37088014003,2.0383883623
1.5841364257,2.57217350651,1.91167192714,1.47767752727
6.17474488708,1.1927705914,1.88382321484,1.50731616921
3.23106402044,1.99970241723,1.85906718358,1.26398501722
1.87479569128,1.87398491222,1.31009015815,1.85518581947
5.22696646431,1.06963641636,1.28771761984,1.71361073574
6.23083530808,1.67004790427,1.78393407891,1.95395358548
3.27646482964,1.57695700302,1.71648424557,1.03027482746
3.60889136301,1.40888485434,1.66207195439,1.07052922574
3.45912114812,1.73083514342,1.72748555175,1.22966170363
9.68031355595,1.22579538321,1.63378943127,2.72150220049
6.90534303896,1.13973312516,1.59101496582,1.95481821755
3.97862465718,1.83028956387,1.44072574582,2.63250258335
9.67911256397,1.23207971126,1.79830214386,2.47351739565
0.420377159612,2.91579417253,1.34938235509,2.15897324494
5.01877017809,1.24594676262,1.10038024623,2.1151538835
11.7678716763,1.28380861444,1.86660047899,2.9059646051
4.0894229315,1.35112644245,1.43987838961,1.41173413349
3.06363171113,1.61498018628,1.2798755988,1.78009997518
4.95433926408,1.96985735309,1.61436529309,2.99530640503
3.10881549437,1.47296448801,1.43953461465,1.19882809096
7.63267882623,1.40973244406,1.37811662505,2.9409322772
5.44463487702,1.66438013629,1.39531094667,2.8740332915
3.12101744785,1.2398022328,1.16918115156,1.23311134784
8.29291301635,1.28239091202,1.96598248031,1.93510674558
6.17485585852,1.95331409446,1.70785454773,2.99853806287
3.69676023391,1.29105697897,1.38453353804,1.27817387948
6.57143653237,1.51341129509,1.72726070474,1.95614934713
6.26948403748,1.70868640262,1.60830822011,2.563234286
8.33755445709,1.3618255471,1.52280384741,2.70165912608
7.82170859509,1.24905046455,1.9062866657,1.88517737852
11.4601124638,1.32249940634,1.83852454435,2.89519493598
3.68448947093,1.28640114681,1.51254287941,1.15084790174
0.323581258389,2.6910921035,1.66923078661,2.11172896447
5.2405941379,2.17442773512,1.91779214857,2.29146623258
8.03959401475,1.64461591375,1.71494814333,2.67623921331
7.18034091627,1.49631847955,1.66335039892,2.24670001617
3.49574891332,1.08108996964,1.14274641711,1.2514128683
4.31912741284,1.10514385954,1.58048437805,1.22428256803
3.58985005801,1.49707501381,1.56918202179,1.23480901264
8.25986374357,1.96987683857,1.92058543018,2.81769986494
4.19230757601,1.08174309481,1.18575926761,1.46333877915
4.83069003909,1.06497044863,1.95647257801,1.16941075873
8.80745990086,1.19981569114,1.50411591998,2.66239504861
0.541485816226,2.6784509248,1.72415675872,2.03752562438
8.70705893647,1.40932159344,1.68806087666,2.52843518717
2.56220508511,2.06502078014,1.7439396976,1.38279350798
3.63708841241,1.73585012936,1.51737287485,1.77118728219
6.65711597908,1.13868045663,1.31162566045,2.21300112073
3.88149693341,1.19510423575,1.09387632106,1.56288387162
6.1298825488,1.63538423268,1.44636859657,2.86548715455
2.89834070457,1.2992404314,1.30349900957,1.07894863416
5.78728740805,1.10313053517,1.92768231348,1.40243028522
8.57343155307,1.83651269944,1.97047586646,2.42828744064
7.87880054524,1.24468746824,1.82646881447,1.98399370507
7.74876093871,1.18966743118,1.70692671309,2.07396391853
2.47072031142,2.09862709967,1.90005808082,1.01283885878
9.47379481225,1.02745185423,1.66574201945,2.58882047629
3.77716679825,1.67565769184,1.68376915692,1.34489612516
6.59190888279,1.59555321414,1.83127900331,1.86463119908
6.93344377095,1.41134304524,1.63330192261,2.11025472273
7.2118889479,1.44609951675,1.55940969412,2.40269672092
4.12231561168,1.30974777515,1.31075358221,1.53908944085
3.8249253488,1.54584192521,1.11603136146,2.51547798418
1.97443405784,2.30055454643,1.88833149269,1.1275409128
4.48941205432,1.5962842286,1.67563977502,1.49940799009
3.05724087385,1.36027209576,1.17198966873,1.37631604543
1.6716169202,1.69383709213,1.04977040113,1.81872364102
2.20051692119,2.05181271211,1.65962136065,1.40564114042
4.0675775716,1.73350874433,1.47622194742,2.11074865495
4.24197248934,1.14266823908,1.25825388217,1.46155941763
9.38957922114,1.04306302116,1.75033287191,2.47374183424
8.50907217792,1.34342428558,1.51020241486,2.75296106282
4.29552664919,1.372879271,1.1673052096,1.97560819139
5.53677090036,1.68785925124,1.50282675019,2.56901688324
7.68302995802,1.42271598716,1.97990304879,1.79880556686
4.909223029,1.5565369944,1.67250493999,1.5919716736
6.15976247085,1.26189948552,1.78960321936,1.58771459853
6.08871752972,1.4343220848,1.64986104068,1.8521786269
7.65610329701,1.75098503416,1.88195700644,2.2743212234
1.73276892757,1.82423242396,1.08006469106,2.74472304934
3.63937879174,1.56412480153,1.39933455765,1.64247098629
8.02422471089,1.16777542695,1.61479141371,2.25251816726
2.3255488372,2.0671568383,1.62123761116,1.68484329115
7.73483151171,1.15064982996,1.40607361314,2.43903029076
3.10495495241,2.29012455147,1.96816362111,1.42685728056
2.07373729576,2.3507650956,1.97096399401,1.0366537233
4.80653622368,1.59008296088,1.33691631943,2.45574936716
3.41754756406,1.47462304153,1.33954856775,1.47744065968
8.81289789456,1.12844651996,1.39134361617,2.78081479524
9.44304431223,1.44101783093,1.7304550224,2.69017317598
3.70070636454,1.01654194779,1.58120459118,1.04823635
7.7564939932,1.42144188039,1.939258734,1.86772051401
4.80399551591,1.64469876971,1.32845218779,2.72620041558
6.7673927643,1.29905041061,1.71513553404,1.84298928364
8.97295990608,1.74950119739,1.96124668325,2.42559874386
7.00043222126,1.57355866941,1.65376342147,2.34943380857
7.16741250014,1.59528686387,1.73105427745,2.24999312124
7.73491299399,1.31790212525,1.45688342106,2.57018824094
3.3505488097,1.55794292112,1.70120521037,1.05541509462
4.52020624328,1.37671981358,1.36674169013,1.70512869633
1.11308948133,1.89274349216,1.25066666291,1.36801637637
5.22685597386,1.18741307787,1.30187063898,1.7948241906
8.09830689775,1.39807283143,1.82167931909,2.10958975304
4.55238442423,1.5048604289,1.92395231185,1.13491588137
4.08129171468,1.31799121786,1.5358000868,1.27421061033
1.58119135926,1.75334611023,1.18146164122,1.51827000778
8.46269143186,1.39497537375,1.90130283194,2.0807150212
6.06296837747,1.30984820242,1.20000899314,2.50183617037
4.867231709,1.0740218495,1.82978083415,1.23476734652
5.54205534585,1.58218932743,1.82056180698,1.57187774299
0.348989276382,2.77898702717,1.18291403431,1.47874353697
4.33147128039,1.32817073782,1.01718209337,2.19978960667
6.8935422278,1.04695440901,1.81292661666,1.77051304493
1.95760820573,1.97275982528,1.55172287409,1.37081752836
9.26576799318,1.70644672974,1.86863004139,2.70703515778
6.7749605102,1.76718664634,1.96163705083,1.85094932418
5.98568622926,1.26347624259,1.88796127746,1.45788701577
5.49854954226,1.11813697839,1.06254559776,2.12242215315
3.05828876741,1.39393891283,1.5282084589,1.00850518795
4.06674048706,1.13165969719,1.64411629109,1.11884915667
6.73890792251,1.82409994246,1.81065909269,2.34521465727
10.4286366342,1.24935356274,1.7114802741,2.81132030478
12.2558034109,1.33471746283,1.96955579117,2.85884704643
6.78186816059,1.23779114139,1.71180157045,1.8236096652
0.13825007889,2.95292556301,1.81924301649,1.27677265923
5.40714304892,1.03573781228,1.63864994199,1.49271041911
4.75319510309,1.03346856243,1.58015469966,1.34543527255
1.91122386677,2.16721319955,1.62655578627,1.72611509896
3.39523937671,1.60025771395,1.21878719985,2.11514953373
6.20848372483,1.40080283514,1.27255901409,2.64230101394
6.6641057746,1.41388604449,1.43894381157,2.4270716932
3.2728110275,1.75270807206,1.80574934703,1.07146128573
4.69206164292,1.40666553049,1.11429438837,2.40599278808
1.07806864003,2.41352128206,1.6277968707,2.12365375187
11.4442559504,1.1663198955,1.99294367145,2.66346505573
0.262148613477,2.69940539333,1.16269069623,1.52444346489
3.78910274873,1.00982741587,1.46904130469,1.12596116999
3.77963498227,1.75542362334,1.61855449339,1.61507831136
2.42494870752,2.10530254511,1.52991719391,2.49011635165
7.01972388482,1.76084194823,1.74068920427,2.52756975955
2.2453452607,2.65025023082,1.96418272102,2.05444122595
9.33750561081,1.05093768046,1.33802266944,2.96548572646
0.74681298678,2.80828534469,1.0222745991,1.65342727355
2.04821102546,1.47892649192,1.0897135719,1.22731017059
8.28234470808,1.16922852582,1.30946270545,2.80018887355
7.42137658457,1.53308995873,1.57357990692,2.62384102532
6.54201356461,1.07803136319,1.95458658743,1.57871597421
7.70152620941,1.46655240746,1.48065470643,2.82473048162
4.48941486663,1.34746117096,1.46308364645,1.51501455735
6.24335055867,1.61312634971,1.5587866035,2.43796117251
3.91638865188,1.65757040421,1.80531437088,1.1870305342
6.33287314646,1.87134569178,1.90052765065,2.02708365823
3.46236314222,2.15564190557,1.86037064065,1.66998771778
5.0648927946,1.18234262735,1.36654186771,1.66040381734
6.30237724846,2.03404712133,1.81199095029,2.81507747082
9.02864009434,1.37868425096,1.92764822504,2.17362965923
7.03532780256,1.41186186606,1.58857548817,2.22671339153
8.1272783099,1.13933722539,1.3993335706,2.56236320711
0.697252593242,2.7260985657,1.74236309245,2.97054537082
4.60844315345,1.06965508242,1.62503634522,1.27724729313
7.00940537554,1.10480724091,1.93124871545,1.69549093927
2.55616137436,1.80042102298,1.20462088056,2.66142118955
4.69335781291,1.59063722684,1.32614297716,2.43780832141
6.77984116965,1.22424733492,1.64372645885,1.89380621277
5.02951029632,1.34100648424,1.46809353436,1.68233741225
9.39228926579,1.28301501883,1.73433790296,2.51519765898
4.90074571669,1.65810672113,1.48578643958,2.23542188678
6.05927200112,1.71553217156,1.52804592553,2.81555457885
5.16187712901,1.65600963429,1.44705078506,2.4845444448
4.96518476548,1.42504684429,1.82020146156,1.30677119228
6.27698839582,1.47396709655,1.9231870418,1.55033396559
6.02722803851,1.18540485271,1.20678924324,2.21060925051
3.6459418319,1.23314093354,1.08548249745,1.53534278765
7.52321124475,1.29141626469,1.95941552354,1.76205377482
6.02415973698,1.28020318855,1.23197898608,2.34434224381
1.65500094438,2.43452477522,1.77046459559,1.86705378466
4.05865923517,1.05852786101,1.35447048203,1.28045385084
7.0439994996,1.12275429655,1.90574331901,1.71586556458
2.06710900034,1.51097183573,1.2656471416,1.02984720349
4.59171224762,1.67541212391,1.81323504934,1.39773076621
4.01155950482,1.33387278189,1.65506359297,1.15370334653
6.96548821955,1.21091942145,1.85878426998,1.72123985563
4.55204441448,1.24487303219,1.64506449344,1.2773650306
12.0430906569,1.01411405951,1.99447738924,2.93029333967
6.20010086092,2.24671287708,1.95146354215,2.78381084945
6.60429794656,1.03676413263,1.10327371648,2.36491450792
2.993532422,1.68922442155,1.71841884602,1.03364147347
3.44136041898,1.99895648348,1.99611306017,1.0710012577
4.48368458709,2.16555399838,1.89209834373,2.04661049005
5.38505857112,1.0363357663,1.30379741721,1.73413284083
4.71218607861,1.39156533608,1.9691159275,1.10595304694
3.00199042753,1.51770137803,1.18571798572,1.68616959765
3.81091917907,1.76324260933,1.4658468009,2.11674969579
5.44800394049,1.43659444573,1.65227017125,1.65606017272
1.63794674502,1.80889989214,1.29388881541,1.41422995462
4.58515025371,1.91119929967,1.9074262493,1.50732681968
10.9888295497,1.64169572684,1.94562174683,2.84508282166
5.04320712744,1.90325298974,1.70736419977,2.2771240794
10.7633716793,1.39064216571,1.80207275638,2.83778716941
2.94150245254,1.36408701797,1.30988754505,1.1574524142
5.90431648709,1.09805037354,1.93404664507,1.4288017371
3.56517715285,1.06097086184,1.29087258789,1.16357343219
2.6742057752,2.01519916803,1.54330695015,2.10123583171
1.02733047531,2.03767823791,1.47837675299,1.01850769292
2.26839415282,1.71956892282,1.20631844103,1.8864151968
3.44264191055,1.40962000995,1.49865256154,1.18013992717
3.76455038496,1.96210678946,1.69076317309,1.91631942486
2.82790621644,1.63916666289,1.08019605083,2.46572364562
10.0478645572,1.19103196863,1.67931911632,2.73121398381
1.96057551784,2.66965003551,1.86965944651,2.90341484986
0.394258858258,2.81323411442,1.18640486085,1.4543385018
3.9492145365,1.05249227511,1.19921061561,1.35037422785
7.6543591795,1.3182438525,1.86324201261,1.90231039525
4.18233635661,1.37193058384,1.86362506035,1.04993020374
9.47315771257,1.13665465549,1.50046445586,2.81571754867
3.34108069543,1.69816598663,1.47874617591,1.63307675612
2.31778788796,2.19015767702,1.89758026734,1.0833501315
2.82684084429,1.46933143426,1.170239539,1.49387529078
0.266055073224,1.99381097522,1.05851462917,1.07604499622
4.49232243454,1.35128203117,1.69964572178,1.25919052324
3.34705132734,1.62670545834,1.68787656495,1.13212731304
4.55912833567,2.06538961577,1.97957994952,1.55364983101
7.11142459185,1.25193908059,1.57540194119,2.09264176796
5.74262027284,1.85858074238,1.68943357536,2.51388940115
3.54745325342,1.39553479743,1.05932050696,1.90910274847
1.02269061372,2.44930285282,1.77885597157,1.16398134846
7.1532182465,1.45129338746,1.64146418137,2.21602505138
8.70709175041,1.37267959949,1.54387231094,2.79152351889
3.15872027087,1.63466527595,1.61592077994,1.17497439782
0.513649258345,1.96405913867,1.14800114119,1.17852326922
3.33723729825,1.58515953855,1.14842677084,2.26203604571
4.24685182493,1.0652031207,1.24615832364,1.42209222735
8.57183186396,1.74578351467,1.95829215068,2.31966133585
5.9319803524,1.23112097619,1.56119164274,1.74856459923
5.09439628171,1.07815752783,1.36485796555,1.60635015134
2.32147804941,1.61561380241,1.20451238366,1.52722786239
8.36188153739,1.81835668253,1.79973567923,2.93895951304
0.822279369719,2.97440434883,1.99256181151,1.72047568761
6.0570956648,1.31178199457,1.54598778407,1.87008134964
10.3354274623,1.18780237518,1.73374033545,2.72581043757
10.2523622832,1.15188823706,1.5993800293,2.89471275476
6.89266406992,1.45775397196,1.4994209304,2.45964097839
6.55841021867,1.19550679388,1.60142534969,1.86588422216
0.869301449157,2.95909451833,1.12843123032,1.68395278002
3.52000953278,1.19689016279,1.48297431832,1.07719470254
4.39499753683,1.30589309809,1.04818337354,2.09260926893
4.99340623343,1.38968655087,1.26024807059,2.12473416508
7.89199325467,1.62443123882,1.77851996779,2.4047905247
9.18593155247,1.02756003658,1.9346937078,2.26873627761
10.5038379365,1.30065072218,1.83274118723,2.65321945885
6.20047236742,1.40837390989,1.68888303893,1.79846693217
5.73874269373,1.0035369659,1.79279665912,1.50153029968
6.44749503771,1.41136957527,1.37006444074,2.50878562436
9.00899693229,1.17138536192,1.632347297,2.50599488189
7.26806600168,1.32758610396,1.51436725821,2.32046505014
5.10388293739,1.09853123257,1.17500126711,1.80876417301
6.60779685716,1.17218725437,1.86607735766,1.62901614374
11.0942896539,1.04548122589,1.89219647443,2.76618359079
4.83906549951,1.20604080611,1.39846509737,1.57161395981
7.49764533455,1.71412691638,1.64623613514,2.92475002961
5.87790593555,1.97398567437,1.99645732493,1.78889371068
7.53617002437,1.94935025035,1.93560073916,2.46095472713
5.89690343763,1.81144268654,1.69919130992,2.39017854278
5.06560236975,1.17070288614,1.83689195948,1.26671668711
12.2717832028,1.21256196981,1.91265855876,2.949979889
2.22177972309,2.20979187519,1.77974827542,1.43101540455
8.45877999655,1.33948119865,1.83104300918,2.15484459948
7.85333412189,1.50637258197,1.85447913852,2.0761730919
4.83954469873,1.77392299755,1.4416028944,2.86268225062
1.12596304386,2.66377744601,1.83686153617,1.93931913775
8.50925442521,2.0544610835,1.95644681032,2.98434243674
9.08164761949,1.2475402715,1.61301165508,2.60322518031
3.24823183055,1.22727042799,1.33356972582,1.11799885449
6.36421580594,1.13687588863,1.80704769262,1.6173089059
1.32025721936,2.92157658674,1.02424930979,2.26704420083
5.14299520474,1.84961747712,1.65998448996,2.33747442836
11.6711472562,1.0796774472,1.98101468148,2.78721469423
6.72036269091,1.70782731471,1.78303434151,2.17686580871
7.50047144698,1.15299727513,1.3763490705,2.41072345123
4.0710241237,1.79348721579,1.91271915638,1.2020247264
4.4180286594,1.56495919562,1.32632920695,2.20298606233
4.19621985336,1.72782112756,1.92460258115,1.16659814297
10.077648944,1.17836286741,1.58490194249,2.88330524904
9.49094520627,1.2390948082,1.99540926797,2.18483363442
6.72726219357,1.41480301903,1.94261139418,1.61387159259
7.28947134209,1.48618859713,1.42284778122,2.9043046637
1.87966607706,2.20354293415,1.70909251131,1.45235484206
7.19594363359,1.17477053345,1.51766216613,2.13953738554
4.12790801535,1.21573873825,1.36633672129,1.37795907567
0.817072610882,2.04808715639,1.41225499068,1.02135304151
1.05039597939,2.33462035866,1.59750650451,1.75964386223
2.70327010479,2.31074970837,1.91180748526,1.476694742
4.23203015447,1.80313978808,1.7011518447,1.6928877398
10.8335067592,1.75432468385,1.96539686295,2.92336137224
0.369999463513,2.25751670906,1.35282976618,1.52589078166
6.01294939939,1.44329901705,1.45213377699,2.22137101769
3.51704172288,1.20985788358,1.33346719868,1.19743142865
1.98798334032,2.31588287081,1.80337624539,1.48987790519
1.90860718485,2.30619415748,1.71896577246,1.83333102765
0.681179082867,2.63629021177,1.76574421115,1.58066790578
1.71527687282,1.56753877384,1.21335900369,1.01240461449
4.04270142213,1.57939148125,1.30361124547,2.13027843171
5.55108380778,1.12440413704,1.79119907916,1.42233692466
2.77257846636,1.74420378638,1.55937949286,1.27861222249
7.22906514714,1.19217558045,1.18900327077,2.69993429308
8.77203159248,1.51609643776,1.96400805504,2.12480331007
5.09962469991,1.14897117924,1.40701832223,1.6061359956
10.4118471425,1.37008389786,1.96254251037,2.4472769775
6.68590846005,1.15983715342,1.66193757225,1.82730370556
1.50944160214,1.82435620692,1.05607296036,2.57459198938
1.99185495784,2.40427903241,1.95096042189,1.14859890068
5.78606033619,1.73470046758,1.94982545348,1.57014071042
5.49446307836,1.52740754141,1.54952440133,1.9839623913
8.3283475662,1.51294451633,1.85988301495,2.19782059505
4.3072019373,1.19494156587,1.43518919373,1.35804166543
5.73867536932,1.85627532949,1.95433371809,1.68448648702
5.74977333576,1.04354149126,1.13729131558,2.02669919885
9.40749494482,1.42651849207,1.69715887923,2.73559359639
3.74477018,1.53810648234,1.60862526729,1.2803058729
8.73486302855,1.3725354182,1.95949496099,2.05773896666
1.98631142379,2.33350149489,1.66165598247,2.54070353036
7.91028331802,1.12720507187,1.84240553392,1.97973982373
8.7196872096,1.01034133169,1.77399680511,2.2928788382
4.45960773071,2.05710432663,1.69035298869,2.67811559448
0.896996117285,2.79826581663,1.84676140973,2.49506627635
8.51776650292,1.16865099701,1.63998369987,2.35840657354
3.96530049031,1.15730419259,1.52443902289,1.16869340956
3.84890301852,2.20796484982,1.86915557469,1.97426662462
4.16666899479,1.33566525474,1.48851738533,1.36532478209
5.88546724756,1.75118358987,1.63340243011,2.44583386411
5.40678475552,2.01703030668,1.75860157391,2.61905896567
4.30728006084,1.73457795185,1.77949975616,1.4351434167
4.10798577773,1.86595127723,1.90858172614,1.29384250901
7.22930491293,1.79697836824,1.70721590775,2.84422666282
0.296293501274,2.22517740364,1.328979672,1.15711368131
3.97332748709,1.34598464801,1.80919496435,1.02874744417
8.94478144575,1.21554933935,1.75358193361,2.33989874428
2.09767592366,2.42382525038,1.76627181829,2.33378398149
2.20192346227,1.57122764697,1.02356145326,1.79266434597
8.09917023452,1.18967210251,1.74185063548,2.12707800535
6.8995751586,1.42935135119,1.88857987211,1.72678433616
6.01756062603,1.20271363739,1.37124755391,1.98743047319
5.11479807678,1.15026197752,1.59046081174,1.45077201239
7.1403182258,1.29880247273,1.68657956313,1.98208444041
11.3503705042,1.06240479817,1.96877244007,2.7375117444
5.47236242558,1.2532361651,1.81036761186,1.39189649867
6.98443230862,1.21979342807,1.95093661604,1.64639995746
5.63217678865,1.06930974567,1.51377192084,1.64432471224
7.89257374351,1.21427045883,1.32895167517,2.7031545585
5.90081812662,2.07814140738,1.78842380047,2.95376777575
4.08892552583,2.49698403051,1.97770227914,2.57492313949
7.70956076597,1.44324885235,1.47280138176,2.78904919059
6.96292835478,1.56112397277,1.59464350398,2.46858577479
8.21290118098,1.3765531019,1.80695831611,2.14803223039
2.45011308619,1.81513801864,1.2684333535,2.28110541823
0.613087469702,2.07068924298,1.24709798177,1.56117679328
2.56066113844,1.36387817303,1.05411319862,1.31809607709
4.94246334249,1.25339344781,1.5732888214,1.45725169891
3.30272764443,2.609804749,1.95603056783,2.83676283459
4.88525958222,1.52043627992,1.538957805,1.77270947354
4.15277580935,1.15697119374,1.58903617141,1.18020545024
6.40412232635,1.31230671791,1.53344411202,1.99675567053
6.6177482475,1.27764583989,1.29633733958,2.4334856639
3.33712666789,1.92180171441,1.91988380617,1.08754305307
4.97630875629,1.11956970244,1.50373444034,1.47092252266
4.15016780921,1.10599088595,1.1037124277,1.54537984301
7.87242740916,1.22454792891,1.21189375974,2.96526389554
2.91651182324,1.5834493885,1.1848420665,1.85609397968
9.64610373045,1.12907965749,1.8512415348,2.40410894259
0.172716182179,2.58379924952,1.15121172083,2.19807147311
3.51960003274,2.06590293327,1.71574430303,2.02643014869
9.69746857574,1.66481243611,1.85652396759,2.79112419809
7.81566513284,1.25788751973,1.56512574337,2.32118804675
6.27028343836,1.24458955765,1.91185093941,1.50672230645
7.99524773001,1.85921612951,1.887706594,2.57785102621
0.518617437188,2.11889447375,1.31220140453,1.24816579496
1.11997491816,1.99796223915,1.40854472197,1.21297047664
2.88387208558,1.56646073089,1.50867935187,1.13700197461
6.86549090273,1.10226744944,1.31019830034,2.2489031631
6.96875337147,1.68071539724,1.92198731819,1.88767169792
9.26468628461,1.58602411062,1.91263317751,2.4103242198
4.01339042807,1.76014590515,1.97442045282,1.07569607333
2.79946992126,1.27289785249,1.30277890855,1.02002978746
1.28828620798,2.30665775409,1.76523469634,1.06462051512
3.6905484411,1.76651490283,1.31986797298,2.72032636641
1.71615114716,2.16480416494,1.63014085364,1.52407439756
3.44049311511,1.56318627303,1.27766140088,1.83238595892
9.8037888479,1.08174193518,1.56211626346,2.79898446696
3.77052144195,1.08584617354,1.71019220218,1.00500043764
8.83266930107,1.36005343504,1.49238327423,2.93337490826
2.20463269933,2.37919186854,1.97831616491,1.13065648384
11.3918911157,1.20800232559,1.87213169133,2.79581246701
4.50757973624,1.860000574,1.75515731989,1.77493019992
4.64446580755,2.03872649077,1.73521045091,2.44452901364
8.44538686566,1.56482909831,1.74251228647,2.56209861224
3.08079916974,2.52577268745,1.88776116558,2.8120534668
4.20686493826,1.55296633455,1.52558196522,1.6017168351
1.38467747675,1.93325462845,1.1583579876,2.65745102827
4.96134969538,1.46233152612,1.35404706089,2.07806344703
4.69966054956,1.08638847189,1.19910718855,1.6312552152
5.71067496967,1.9566185591,1.89602392572,1.99921263592
5.03859094853,1.12489508421,1.620459177,1.4022148313
5.2850308089,1.9726834875,1.87778564177,1.93990458351
3.11685916743,1.3622251496,1.21731958582,1.34202314662
1.98760634834,1.76528442045,1.10156115116,2.39918457162
1.03394796153,2.12922435154,1.4629834386,1.4245479534
3.05101445836,1.61683632682,1.24639136729,1.87720336286
4.98779254596,1.28474375303,1.27884786692,1.87243345886
1.22739199099,2.46416856824,1.73977185229,1.72141213304
6.77138572516,1.01857506424,1.82777095724,1.74202035424
11.7456723951,1.24813444555,1.80910254037,2.98803192222
3.68492039064,1.66470590819,1.32808387081,2.17006553638
6.41559009067,1.30017428273,1.29078256309,2.41662760867
8.90926829877,1.64539848159,1.70621766863,2.99870377672
1.25100647463,2.69145348018,1.92987012949,1.47870253967
1.90864871063,1.93379974043,1.30116919786,2.31789886304
5.07018376157,1.42555848838,1.50757607159,1.74588382708
9.26102971105,1.96789272723,1.98267052558,2.86260496546
3.52992969096,1.10233670979,1.03900049189,1.36789751788
11.097285506,1.25684367137,1.8989308289,2.68579098571
2.38631850671,1.90044228353,1.25178746947,2.99860875122
1.19546745728,1.98409950891,1.21678401594,2.30945736936
2.14576368595,1.97647001722,1.4108766109,2.16970482156
4.89925045833,1.48023704008,1.23320827711,2.42915061783
0.269329924909,2.55721769625,1.52737980675,2.51830473675
8.46803331511,1.17062975973,1.88007949129,2.07392397313
9.34781810593,1.41453919431,1.77182616898,2.54420407582
9.95180436405,1.61482455634,1.99461288484,2.43052503533
3.34344403859,1.79110560393,1.64890882725,1.42845648921
3.52865019421,1.34168981705,1.24239705185,1.44761670943
1.86102102219,2.46714554566,1.94219852468,1.23802835027
3.68083816071,1.58428862796,1.38691673813,1.73753293542
9.87064187061,1.46579009954,1.73818272226,2.82963920091
0.251554011907,2.50149598561,1.55695567274,1.18726094753
7.60407762752,1.37463525887,1.59675787453,2.33553547881
3.64404354124,1.43269070088,1.28574610322,1.58945538974
3.20354339119,1.06603154426,1.05549513808,1.19841841154
2.30764500665,1.46819000789,1.21337227555,1.15198936328
8.94896727088,1.42072569162,1.82419721293,2.34444317749
8.59273695773,1.10856950591,1.77965357366,2.21617890866
3.23928466541,1.43856089544,1.01049187845,2.00544970836
6.92058383205,1.17010718849,1.16973009211,2.57767072805
11.5632959137,1.01451168927,1.99583190247,2.81185115315
1.10508289252,2.31730167613,1.57327231031,1.93106343684
4.65587149493,1.1139551042,1.25749684513,1.58138635993
6.16762632985,2.19464169544,1.97248847282,2.46790017578
0.55981615657,2.79499998918,1.1109767069,1.66516029909
6.33991479842,1.44290348329,1.98507770635,1.48434118524
5.34818245013,1.47131067854,1.43324409515,2.07289551931
4.73360438176,1.37446015231,1.15966175874,2.19983083386
4.53654357498,1.60323867132,1.75407809548,1.39751817792
2.47255790995,1.68299278864,1.06269596723,2.52835761044
3.84287111797,2.2705362868,1.89517632838,2.04834330292
8.72620032762,1.88690838534,1.98117224023,2.52958514134
8.28781523945,1.04267839512,1.32348843386,2.64650481255
10.1719145757,1.19795187018,1.63478895585,2.83948636111
0.426956347269,2.21053541658,1.2292956363,2.91447428079
1.11215864445,2.02342585728,1.40954903044,1.29696634768
4.44578257779,1.33044527964,1.17689827801,1.9197598063
6.66128355876,2.19395172014,1.95230332257,2.77819026295
7.5733038623,1.03772114528,1.67655606333,2.05756626774
2.40135995294,2.17081477366,1.68223969825,1.86007176688
4.74803673036,1.0542719773,1.08566666617,1.73269361078
4.27516371099,1.24772779578,1.10101639189,1.80421412024
5.71637493134,1.23535065879,1.54140452575,1.70960822978
8.93610953943,1.48575017404,1.81319821973,2.42496778005
4.29223038478,1.24711937595,1.4381520107,1.38574994175
5.90099669761,1.28967725545,1.00938325259,2.85763777838
7.97352768321,1.20329571522,1.19530670381,2.98995127065
10.0977143547,1.7314144593,1.99408256822,2.60481316429
2.56620842474,2.44571844399,1.9116925185,1.80242579679
4.97045714104,1.29182828559,1.93192173184,1.18244439174
7.04088168064,1.35780337732,1.62566116518,2.09382100967
6.73309035352,1.50854065677,1.60552761661,2.25247691785
4.83717920388,1.54247293623,1.5706376607,1.73092376231
4.34668907479,1.23088236394,1.08426622892,1.82795975394
8.68615614713,1.51307416121,1.66705951749,2.74054637205
5.00850847141,1.48406236837,1.77559481156,1.40294893689
6.09888342398,1.02909047889,1.27534908434,1.98872550993
9.15408536305,1.74534857818,1.9318825296,2.55268046345
9.15632875431,1.22314021878,1.44980361926,2.89632499847
0.668736164604,2.48341744723,1.63267482597,1.73346355304
5.75970071605,1.54480318566,1.96023401036,1.41269471513
5.38735323464,1.34637234106,1.17385353853,2.37873506483
2.5769106367,1.56718642191,1.42309953585,1.13211741171
9.76457581566,1.21270015668,1.86657604335,2.40317450378
2.01302220761,2.28491148272,1.72926015296,1.77124304784
0.720306065843,2.65196058499,1.0152580342,2.67658602035
3.6924037292,1.835583064,1.94521232776,1.07969306899
5.28286761152,1.41959658634,1.52901432285,1.77439637248
10.891385214,1.01048282494,1.81565206869,2.82078492406
4.7878804641,1.08041529696,1.75324177801,1.25292954942
4.98006912614,1.29868708978,1.66625886466,1.40166814518
6.39305415049,1.20324411578,1.8033264805,1.62617611182
5.35052889691,1.26199446885,1.06085708991,2.37915920763
8.72925531622,1.34908983851,1.5886674107,2.66028802913
2.02138547712,1.61325941003,1.3363300326,1.07334900207
5.01523940033,1.31957528614,1.08093829627,2.35253524568
1.5986930402,1.82964457571,1.25469011624,1.60222174632
5.24973241726,1.16691544698,1.16626213679,1.95554314807
9.99837367162,1.02678936225,1.99383098774,2.42090550018
7.49583225403,1.57417919589,1.82551482024,2.10578646066
4.42630110633,1.99532503481,1.8783521409,1.66532862921
1.91608024421,2.21723915079,1.68342094336,1.64944548616
9.26141244374,1.36663649447,1.69548998115,2.62060605848
4.46923814595,1.29668567779,1.99457414988,1.02649367007
4.88527581107,1.34208376525,1.73991686428,1.32562926852
3.87115768397,1.27189800784,1.63621788335,1.10172522138
5.10407053976,1.80709496564,1.86863773869,1.61340048569
7.93817371846,1.31018924518,1.75834022935,2.10715701569
3.50842493807,1.48379030785,1.22738673076,1.76203311463
2.37039777514,1.79368800055,1.47851430228,1.35850361646
5.15262768897,1.26045718563,1.88530461883,1.25666935756
8.71079362062,1.03563560769,1.50659087594,2.54682878338
4.78635323751,1.98335454747,1.92025405326,1.65630843952
1.08736700967,2.76813932534,1.88840077961,2.04305055409
6.1801981623,1.14076914899,1.71646607466,1.64036371735
6.02367452626,1.61209025969,1.832230759,1.7195654358
0.217644808367,2.87421537909,1.4170946764,2.48853987644
3.39672070499,1.78569787711,1.83726017947,1.09877124752
6.64689655795,1.14641690923,1.77446476184,1.71476063163
0.0723927698358,2.39022830941,1.31967888235,1.27011284774
5.37047291695,1.17506141425,1.66599221866,1.46730011056
5.25299304079,2.09477700006,1.93776500276,1.99359543764
3.11319603962,2.48871902129,1.95255188178,2.09030564534
6.55338272692,1.73389820485,1.89392636397,1.89540355049
9.13984983083,1.45685292931,1.61164465314,2.92156161794
7.27640994067,1.90172212179,1.76796350036,2.95298830281
4.03322815535,1.31728665755,1.61420991334,1.18666002637
2.45557077305,1.89171130082,1.30260094923,2.60792722932
4.48752602199,1.84188572603,1.47422449826,2.84041019457
5.23022881767,1.07348256607,1.13473286861,1.87362087514
4.64242843222,1.35703898174,1.1008470021,2.24541177888
5.50797109259,1.30343387222,1.20331729952,2.25042973521
5.89403530262,1.17903747095,1.07376277876,2.37502745268
6.56269409424,2.17645608693,1.94313273108,2.72718507098
5.28980249409,1.80370995138,1.54784310307,2.72292149263
4.61612676174,1.61609380341,1.6137985067,1.68882420457
4.89084932569,1.63086065666,1.84550842334,1.39339190365
4.26943385569,1.9375586719,1.76890741809,1.81146068784
4.95276750419,1.66973895554,1.88286422833,1.38972977358
5.2992814317,1.16289680603,1.73714475485,1.3929339893
6.24559290053,1.2632542326,1.28614808814,2.28877563749
8.01166542665,1.39382715174,1.85928253837,2.02837621021
8.45668253884,1.15903780302,1.6388546483,2.33975660605
5.55273306685,1.6529172881,1.45660362701,2.62324046977
9.799145434,1.16385402998,1.60861299284,2.75831207191
6.0013770865,1.1383317026,1.6353606293,1.65951831747
8.6398007615,1.10854107111,1.62946314906,2.39093467237
5.71445987783,1.29571816866,1.40179283156,1.95505466019
7.07616366109,1.19683377702,1.21050097414,2.6103557779
7.79393294456,1.08413615921,1.70431562646,2.08310459985
2.70185273084,1.700403748,1.39241171243,1.52438602525
5.88251218964,1.81522979131,1.74325363893,2.23909627981
2.90813066666,2.21192557183,1.85389125147,1.55752275731
11.7996104336,1.02190550944,1.963749993,2.89142979143
0.415250610071,2.87788370856,1.25042937533,1.53525555111
6.53990528499,1.43979182507,1.52555747322,2.23942463097
8.22007112071,1.34934769537,1.80324716817,2.13883645641
3.25118299845,1.74258909866,1.21586534444,2.81037556586
2.64978311472,1.61589482021,1.54381461696,1.05801050151
8.75492974495,1.60421813911,1.73669711097,2.75030213056
3.22112417178,1.82549619688,1.73156532155,1.26308945287
6.65608093977,1.92725081479,1.88096685751,2.3150776112
6.59365554112,1.90786593776,1.91314645289,2.14250769591
4.74076597991,1.47943283706,1.50179674657,1.7216754476
0.362842973896,2.57447666481,1.66682782926,1.18489499896
7.53949307495,1.10511409881,1.87232660014,1.86858970724
3.0090353523,1.81969393371,1.66496721924,1.30147187244
4.86888617754,1.03034654474,1.14672626913,1.69783997115
4.10050518881,1.52055227006,1.47682599631,1.59565544528
6.71711855663,1.36932863704,1.7077079916,1.88529120257
8.44789823814,1.23197608059,1.29696460306,2.99759110797
4.38013513014,1.79171620822,1.93352726243,1.25848088325
3.7781650443,1.72149772906,1.62532046117,1.53136316291
8.3509548827,1.24938282135,1.97171059905,1.94434479899
0.847307325142,1.75301131601,1.01707483352,1.22424409551
5.33774826627,1.4055296419,1.97814117325,1.24779967198
5.38002214,1.00788693976,1.45461111051,1.60875532866
9.67041239016,1.04640560293,1.6579841368,2.64525727609
6.15091089738,1.47689522322,1.56513436423,2.08863284937
5.47046774887,1.17998906396,1.59869254228,1.55334223498
1.19060382441,2.07702555732,1.43792168626,1.50333497134
4.71001160313,1.30690395027,1.11897906348,2.09269210316
6.33715749008,1.45226643753,1.96659678441,1.50638587929
3.00173339541,2.12628268253,1.80149860873,1.57760461479
7.42002775095,1.27046309099,1.58745242435,2.1813191618
9.87702831262,1.68669676956,1.85374506536,2.89454749339
8.36248530829,1.03752645716,1.82723589753,2.14085387663
3.51914513797,2.23589888376,1.75083928138,2.5902959025
6.80072140034,1.27312443432,1.74799327981,1.80151866375
3.43047559357,1.43628142962,1.54133710079,1.15383687324
0.226196928527,2.95761005078,1.42879488513,1.55033384769
1.07172528305,2.35402155651,1.7376933046,1.0944653141
3.29895302074,1.36035264507,1.50041751911,1.08834048766
10.6169026305,1.15422568187,1.90303743874,2.57698908896
8.80676629141,1.12361003457,1.4672185154,2.65791114281
5.218491649,1.19288388729,1.19364034023,1.94339332314
4.33783498363,1.8388265284,1.90206336831,1.34682277452
5.83321628106,1.28708461686,1.57143992986,1.74635202412
11.2423494279,1.15471612174,1.83975042195,2.80993661509
5.84438630642,1.49281270892,1.36693618412,2.50284720659
3.84039503111,1.74673797475,1.32656879164,2.67352620664
6.11778475892,1.26780005381,1.97497620669,1.42092133664
6.68325936402,1.30686412157,1.3444269737,2.41797943154
6.40145989013,1.57735601465,1.48069921035,2.6462860775
6.73358123283,1.24651265253,1.22421350908,2.55856834322
10.9055431556,1.58314712141,1.88728995006,2.90136392781
3.92368648024,1.5831196724,1.51619690515,1.5620280356
11.1017247076,1.4493925596,1.90005739258,2.77068160596
10.2016730853,1.20118923432,1.77002797932,2.6412565697
2.47632798576,1.77200266232,1.1806382212,2.51298559442
9.36586963025,1.22006093309,1.85076737107,2.32437246014
6.09558632473,1.13341325345,1.71606219648,1.61803583191
7.91628193553,1.19483311967,1.58567499552,2.27293754157
11.0494125366,1.56933159113,1.88622177848,2.92273484416
8.35568477791,1.00067272173,1.15917485575,2.86476079717
3.04474361708,1.94246264872,1.49893256419,2.25769871458
10.2247496068,1.23570994895,1.82893114341,2.56948406632
9.36050671028,1.70640769129,1.99517580139,2.38058678043
9.57712508099,1.11750072139,1.99821564728,2.24810136994
2.2509973555,1.71569609745,1.17013768874,1.99942847151
5.08174907423,1.85071086301,1.69224273709,2.19075741215
10.0770858734,1.01800015186,1.94607210867,2.48774407867
9.21004183937,1.17970410576,1.37557761065,2.99758886652
8.03263827441,1.20241706093,1.97831265122,1.87165096057
7.13970298231,1.04514050214,1.88890862078,1.78250926117
4.33690114024,1.52107457397,1.16463322159,2.52566989682
10.1796142088,1.32158420252,1.68283188737,2.85555898752
5.12311776396,1.11320965756,1.71991778566,1.35765098125
7.41938118532,1.07170531587,1.12580017575,2.66943016345
4.05049539151,1.25136402717,1.696506147,1.10250871588
8.06878855904,1.13421492277,1.89624632136,1.96990073724
7.21566564224,1.23216592914,1.80512888516,1.83696295255
1.82045591381,2.28585494098,1.74252577433,1.53900241101
8.00112805194,1.59617355667,1.5929455252,2.94169313905
4.5516572643,1.17674430125,1.66525799266,1.24436907744
9.75984992095,1.17007065998,1.73555645175,2.56837345823
3.98341140704,1.34982722723,1.52020020508,1.28347960714
10.1832905723,1.53894020791,1.94211383427,2.5309459666
10.3693537265,1.25149382783,1.8439204076,2.58697095849
4.57881407694,1.08878606731,1.13713379123,1.65179807191
1.39738428266,2.10477651262,1.40584972353,2.17016313784
6.64009013912,1.06773829087,1.8918100927,1.64591166048
4.44384367163,1.51042118154,1.49370607582,1.67850907988
3.34940894768,1.39457246671,1.54108079697,1.09248674576
0.617197208697,2.89886390517,1.29176255039,2.52329536221
7.16944485214,1.29202644719,1.61003704025,2.09296591629
2.44027639082,2.55726744487,1.93924435397,1.98042186005
1.88616043559,1.85283056769,1.42042796313,1.3665803556
6.02087475643,1.87743502221,1.7835910717,2.31297519554
11.6662798306,1.57746149474,1.97665057675,2.85454099159
4.37470322992,1.01914488237,1.03830735311,1.60999503395
12.2846123191,1.35441006692,1.9589229049,2.88904787158
8.87359095769,1.41217538057,1.74876331831,2.45696903251
4.35656164286,1.53696553073,1.29823175748,2.16255794856
1.66233623006,1.79389809697,1.14820233288,1.9549121784
2.93218099519,1.76232714552,1.51866696262,1.48484059716
0.599382085725,2.31978055066,1.41703156147,2.42135989645
5.42747712108,1.42266537561,1.73655501666,1.5247649987
4.11010746317,1.33034905254,1.55047339853,1.2774533978
4.71701381909,1.76557601887,1.4556545677,2.67891980372
7.14389551181,1.94749164384,1.88419566579,2.52476183175
10.4997277392,1.48311018943,1.88765079777,2.67538116096
1.17861206575,2.79947448572,1.02029215681,2.66015424878
1.15848194058,1.88382576733,1.27013166388,1.31099755139
4.05347991452,2.33610877055,1.87924852908,2.53190913964
3.36277218084,1.88945954744,1.67764876054,1.56956327443
7.13568414527,1.32935420037,1.88866441436,1.74823480263
3.99135364618,1.80208214671,1.66359536817,1.69037207651
3.61855528846,1.15138102744,1.56771859674,1.03946179476
8.2129295976,1.49242673633,1.74275396318,2.37966568282
6.56602273213,1.05917246979,1.15204932283,2.31186507914
3.43059577297,1.72536572109,1.21329725494,2.85326273976
4.32158698432,1.41503722968,1.68183171684,1.26517940704
6.7302541097,1.44103984208,1.36847741002,2.70757029301
5.45965657167,1.21569613725,1.76950626111,1.41563199713
7.67232364208,1.06398119901,1.85599028668,1.93022228951
6.38121786909,1.95436707993,1.78901531244,2.67089818575
10.4018511346,1.44177924476,1.85158121909,2.68782134758
4.83315697053,1.16732723625,1.85042458866,1.20089165378
8.42746319783,1.94780914031,1.95561894062,2.66556447204
2.30204472033,1.2696079231,1.07869285518,1.01606244834
10.3681033466,1.71198482273,1.91055467377,2.89884841986
7.03234735765,1.1948059153,1.37911289073,2.30067131569
2.26216154628,2.22234474623,1.88085071031,1.15475469844
8.63482916415,1.63183722493,1.67495589701,2.97963084482
9.36274604936,1.09489978352,1.52833655119,2.72131201594
3.16681386001,1.92317948202,1.79367583405,1.26392366015
5.30065877767,1.09042298126,1.89348879545,1.30606503026
1.79481000523,2.27618870248,1.56549048207,2.78731093034
7.00302545899,1.26610862944,1.8186257424,1.77534939151
10.8119779229,1.59410849758,1.91232404124,2.82444978153
3.4820789467,1.830721909,1.39727520868,2.52420895249
12.3961377706,1.4263621362,1.97706701182,2.90978943177
7.57770576977,1.83193474299,1.78222245448,2.7718167002
1.83113648177,1.80645685406,1.40280200816,1.24506208335
0.298391009314,2.9806744476,1.47875934721,2.63758076385
5.16852050619,1.32257095586,1.01689482295,2.60378716771
6.36904457074,1.45875134101,1.48208423181,2.31544407803
5.89260623548,2.05801107916,1.82569243637,2.6497303905
5.01223472141,1.42380947372,1.15928935687,2.50022866579
5.16764379847,1.40777483997,1.70392713162,1.48018862687
6.5454393738,1.65479489348,1.66175083908,2.34681830776
7.14291346816,1.20141721171,1.29544187413,2.48534925818
9.01159378216,1.39160797358,1.64301984924,2.69019369104
6.70323629204,1.6005867401,1.45887702477,2.93562220892
3.69855289158,2.34999437245,1.9968109719,1.72972348721
1.52609050271,2.05345146922,1.56026124716,1.25600618441
9.81617780196,1.55740366606,1.87930680779,2.5982430107
3.79382748005,1.54750292384,1.77482527317,1.10201375769
5.60726052165,1.36031142764,1.15346067765,2.5742666557
5.30814863721,1.03165882267,1.13668665157,1.86204802921
7.07661040076,1.00044996625,1.19573414595,2.38268167804
8.0895876568,1.11219695303,1.56407779772,2.31389948351
3.92209859649,1.48820199162,1.88077997884,1.00684504958
1.91796510571,1.78320845267,1.10143288609,2.46013167596
3.80518349648,1.43966777539,1.3565659253,1.54821503567
8.11005191866,1.46074329418,1.52737626755,2.82122144743
6.75324930016,1.3528692678,1.72363669247,1.86106471768
6.73410531466,1.58159225021,1.9516876922,1.68728058985
7.00835231135,1.04577789438,1.82677915216,1.79088013071
7.11634651386,1.76448334232,1.9136399924,2.05449605289
2.0925242045,1.65071026217,1.32586801614,1.20542859218
2.9572149845,1.49622760394,1.55158352403,1.03519828376
1.76760750626,1.90493715639,1.46214372198,1.31162380813
4.85571616161,1.47252462015,1.18333014854,2.53591272365
4.4024869521,1.19561964033,1.76593893402,1.14189277637
3.12541512432,1.66452161424,1.08608459713,2.88354037382
6.8021389669,1.61579625322,1.8022846477,2.00821241417
3.45576352885,1.46791216706,1.44747951851,1.31440107588
3.03576878874,1.98950507698,1.73734036003,1.47107906485
2.88148210367,1.66064461697,1.64670046098,1.05929825894
5.20263940695,1.73643771668,1.69809835329,1.93625199286
3.35271825838,1.62044167857,1.11576915268,2.6060418097
1.56226421779,1.69835873087,1.03698449694,1.77606005579
3.09134120823,2.34540236676,1.77880572086,2.6801196377
2.83746841299,1.30283218362,1.11805697822,1.25559733608
6.36367202945,1.29682447762,1.56482941262,1.92289642342
5.57507133215,1.68209083371,1.46688593326,2.70843976378
5.2224392452,1.88774564372,1.86416203683,1.79069517334
4.07781184163,1.579321559,1.09544591781,2.98394778518
9.90129205211,1.61170472314,1.8833219588,2.68399517671
7.41228257267,1.54332946199,1.80381573978,2.08907432309
7.00001953764,1.44246724635,1.34705691582,2.88686602259
6.00225318268,2.10763025744,1.85298257693,2.7399551267
1.24067974264,1.76442889485,1.14412081262,1.34351869693
5.08985076482,1.36758888602,1.05329010301,2.63764703347
5.70961117046,1.28875819898,1.31398510855,2.08804937628
8.81667254384,1.05571451706,1.70183949503,2.36508742947
4.6231833022,1.16586064183,1.75325611265,1.20538958088
5.19311051727,1.16317361145,1.83558802414,1.29988673739
2.4925748009,2.19855536574,1.80255431963,1.48143302942
10.840773903,1.56652953778,1.84362947822,2.98011163797
5.15005323183,1.19062142226,1.39957249441,1.65872340351
9.42255497311,1.08870380986,1.93667142648,2.28305328812
4.36678894384,1.72247575316,1.73932225108,1.51556731282
3.8836222659,1.6159144139,1.66585331613,1.33486173246
9.50517875129,1.56287681908,1.95705498995,2.35304382987
6.46841487127,1.16974161103,1.58047754844,1.85182891171
3.25253552375,1.85163752283,1.84325915419,1.10979239139
9.16748264806,1.17267641605,1.51856884599,2.72258177715
4.74655287035,1.03092645261,1.26630487791,1.55555208593
7.84987096944,1.47224750247,1.79026246379,2.15863624963
3.01332673786,1.59934500254,1.456204201,1.32221721297
3.15259919527,2.21555900574,1.82559333807,1.82264557187
4.84920618503,1.52806143108,1.30861654511,2.34257427364
7.86589906633,1.26789790095,1.44785973106,2.55120708718
7.13426520413,1.55113608763,1.52641354128,2.70840579927
6.62990924986,1.13242728242,1.3342895994,2.16744234457
6.06804803337,1.66967673188,1.68029474492,2.15725466939
3.87584249742,1.23159072456,1.61880964375,1.10154012739
5.1320068271,1.20883407188,1.59099893235,1.47430262075
4.58145337848,1.5804457703,1.72443996576,1.43227579509
11.3879996974,1.15618662487,1.98023678892,2.67013684746
5.47123130074,1.47881488517,1.19642627729,2.83768546086
0.239533947104,2.5995970322,1.61705102136,1.32502349147
0.651387886414,2.8916088178,1.20973486365,1.93746639886
3.19767379522,1.41916588613,1.45174281663,1.15564440499
5.38345699797,1.12865496102,1.98405429046,1.26750174776
7.65102715587,1.61216136674,1.75653726166,2.36632215256
3.46547666348,2.17136598805,1.80470317567,1.95147638311
7.12021692435,1.47744638078,1.4491946087,2.72981087833
4.95369610328,1.00600723591,1.14736196515,1.71142893842
9.59628296235,1.36819507067,1.8438257439,2.43990735191
5.8315151675,1.43233952376,1.45569861069,2.12465825657
3.91725675269,1.69265448804,1.69884252597,1.39149461343
3.32801103432,1.32021475352,1.31931990025,1.24474069393
10.0740963713,1.1968783852,1.96182447977,2.36726715603
4.75031319172,1.21079055181,1.62797380037,1.33520808042
4.29887223343,1.41711162811,1.60023550395,1.35135294997
2.72292936623,1.33924504562,1.2643532775,1.090964214
6.82324365791,1.20937316148,1.62210399669,1.92395376321
4.40561028551,1.33662717195,1.2696871328,1.7515242508
6.81617393177,1.04237975552,1.50032325501,1.99904095713
8.93349332753,1.61809862304,1.69406941133,2.97735522731
0.595535387284,2.86087309338,1.11048312455,1.42656947056
5.79603767368,1.24269171958,1.08296275876,2.47140859449
3.01440726507,2.11563545672,1.58577064655,2.69448361216
8.78044642055,1.52618359191,1.68380785697,2.75042552615
6.63980236873,2.001321523,1.7896845709,2.95749629649
2.44904875386,2.15475854032,1.75146344236,1.52592839355
5.21344133467,1.8144047683,1.70756682555,2.09347532429
2.80441814994,1.75383234239,1.19647546891,2.60651444756
3.4773957668,1.57993032179,1.60961990012,1.23376419215
0.855239714361,2.4334826598,1.6295326801,1.8118019444
3.20899580862,2.02413889498,1.78232997038,1.49822567617
2.32793132609,2.30013755577,1.9182361833,1.22875904908
8.00568598254,1.42754510156,1.49953632893,2.78254592797
7.48859990289,1.13318356053,1.17681664672,2.70576351111
1.11371455574,2.86201279947,1.05476003467,2.31222911479
5.24335051911,1.98672513353,1.92726307389,1.80000115231
3.89641254081,1.59265803202,1.7542751417,1.19085991306
2.79556996677,1.71328600325,1.23595303125,2.15592495819
9.41108667057,1.00169142325,1.87379237688,2.39504498304
2.10939852524,1.94954618112,1.48846035606,1.62961412637
5.12217899928,1.65355901405,1.87040520401,1.44187036311
7.98653089296,1.36100801998,1.46489843946,2.71796999122
9.42979492348,1.59583363379,1.99995885599,2.27568892562
10.1725978192,1.05739072732,1.87730445821,2.54231377682
5.60120187459,1.7516222852,1.50931086081,2.83251027052
2.82449386438,1.49399971273,1.14278774309,1.61550715869
7.45623177436,1.0993704282,1.91891688547,1.81481940467
2.82773730924,2.2123435594,1.95416296359,1.20367424797
4.81399404715,1.13521333243,1.13932411808,1.78594399407
4.51024172659,1.26320727615,1.66716346549,1.25443828076
6.81210548038,1.55235696819,1.88293693201,1.79292650571
2.49794587198,2.28360914511,1.8581636688,1.5001638768
1.5256555054,2.51487997365,1.92479262897,1.18701451255
1.63296485511,2.42257516372,1.65855848325,2.87047415573
1.01247752976,2.00656710949,1.26667344812,1.78897381149
5.18625999294,1.02455433439,1.55693155257,1.48336091447
3.24493769946,2.26024601388,1.70732299038,2.88198121296
0.79974124923,2.68070545038,1.73767224873,2.75370338836
7.28338158606,1.10713798803,1.21646607124,2.52791247741
3.13720060365,1.82053199429,1.74454381651,1.19905201008
3.2191524295,1.60166029538,1.35141231655,1.64042019247
7.79138549101,1.36908324875,1.73132502266,2.14814931426
1.26718888249,2.33172993484,1.67118099504,1.55365612964
5.23996714182,1.34787071674,1.55898344006,1.63394977457
6.33236742341,1.53073871577,1.7586895088,1.84914065727
7.84296218465,1.50185561119,1.68705591963,2.40780252508
0.631107005878,2.97835661314,1.95224441829,1.80355443235
6.1339908017,1.12354094528,1.94586688948,1.46887777202
7.71382536227,1.02323413077,1.4097637948,2.35544914588
2.60730974952,1.84184361843,1.51205423057,1.53149605947
0.544940564731,1.94449255836,1.08588604895,1.45708768586
8.05704243868,1.43377413055,1.86700007991,2.05203824347
5.40903289497,1.69657760107,1.96745627784,1.40887581013
3.0077938483,1.17547308316,1.12288613605,1.16416645624
5.88502522281,1.81095758691,1.70091904181,2.37755574852
2.74873215651,1.4162115987,1.18553332022,1.3146679124
3.40964246728,1.96938731343,1.75015632432,1.56442137738
8.61472313791,1.20020134928,1.60007853461,2.45569926109
8.35072325778,1.07167559043,1.71564405793,2.22312094635
6.39476416106,2.06100475707,1.85444212886,2.72809350742
5.61783074604,1.28003178036,1.63845117947,1.60091445929
6.05422926749,1.86516746986,1.83045166767,2.13419054299
0.4291966141,1.99903173126,1.03956005622,1.9881009256
6.27506397083,1.0371034434,1.11328188384,2.23493247775
9.20176115301,1.57560398817,1.91282392558,2.38210336585
0.785088412623,2.95966375925,1.17446371929,1.69630520788
9.22851110868,1.27848951659,1.51337340456,2.86899815566
9.43885904311,1.23085627085,1.51471718656,2.86805632221
7.06022159253,1.63674345299,1.82212797897,2.06993369043
3.1719459551,1.3483474464,1.48350839518,1.05272129248
5.52002423834,1.40347203546,1.21757854885,2.5020291325
4.48099616521,1.34625650482,1.62735292355,1.32322847315
2.54703406709,1.74746440967,1.15099187092,2.57925115042
5.34858853124,1.59409716581,1.50585963579,2.18508800429
3.6369417179,2.07913755555,1.77665956689,1.87033139154
9.66452067402,1.16569691158,1.82443692062,2.43195939235
8.12716750125,1.0538426964,1.34413614848,2.57480485719
3.94819143281,1.73382000265,1.36799721318,2.47512242802
3.35468530302,1.91226002106,1.93393410278,1.06141903032
5.9778984017,1.79585318985,1.74079231369,2.23456958598
6.78315560507,1.27535076086,1.69429528816,1.8601997094
3.70182026049,1.40049135911,1.30957317116,1.51490548188
1.83191581926,1.65691072668,1.11378170961,1.56567583831
6.29655681601,1.25619254486,1.35316114327,2.17726768288
6.06435777,1.7193770457,1.53263598654,2.81358241724
4.74148133254,1.72660537631,1.38186944523,2.85880415453
7.01363565122,1.2418438944,1.34246453262,2.42128433193
2.71312523286,1.86885902991,1.51195156323,1.67741478413
9.73198291151,1.21911077276,1.71903411668,2.59741007363
7.57113801017,1.52664878102,1.56507372149,2.68569245713
10.0932736523,1.20996032573,1.73033854043,2.67317588356
7.54724181755,1.24829166587,1.43980893997,2.43529772483
0.422031294082,2.04254230867,1.13178351582,1.59592527056
3.26538423767,1.73733784178,1.66561354354,1.27321974466
5.35900749618,1.20506802666,1.31120753359,1.84812955844
9.28505337293,1.78765202263,1.91710837317,2.7145975661
5.81162009388,1.10569173148,1.77023448544,1.50562725199
7.16828274221,1.30656467495,1.28998948228,2.71762902913
4.48284874636,1.91775595413,1.8127108627,1.7219822212
9.28261304642,1.28216155787,1.49728428121,2.92568353758
4.47468104574,1.52399539831,1.63163208152,1.47561295881
6.51878832602,1.92843764753,1.91102157477,2.16677699579
8.95948723302,1.43608701954,1.97161227045,2.1149510427
4.38276350971,1.37345947138,1.34044997401,1.69021760591
9.70313262036,1.17718642489,1.76505552831,2.51553754167
8.31985155864,1.60412265699,1.69534535435,2.73593737129
5.64232680434,1.61485130602,1.68426245296,1.89646019176
4.26974746357,2.01482688252,1.80316827512,1.88864066792
5.92026611396,1.86129571856,1.83695516367,2.05862204144
1.33979369189,1.95443872741,1.32526078929,1.61998804595
1.10913934384,2.94407597957,1.07812761193,2.00341612521
1.92400434715,2.65446137064,1.93020764251,2.05197652184
6.75570183133,1.89559281841,1.93498257795,2.10321351867
8.37846529511,1.23241175233,1.67922664595,2.29490783553
4.55610978545,2.42480756672,1.99412560507,2.40942704264
3.52393390359,1.10564791359,1.17030594506,1.25748620118
6.6594092801,1.19206198998,1.59096097273,1.90475592758
10.9452451543,1.31295435664,1.93928846912,2.59577387562
2.73157547139,1.14604922095,1.1049932813,1.04601330304
11.1086594834,1.08811314221,1.87714935999,2.75666540994
3.99490258498,1.46710261524,1.69463377006,1.19118823636
3.24758124342,2.21172933587,1.85872414759,1.7184967879
9.57167677214,1.10607527901,1.81863316378,2.42712718475
7.04825683803,1.2124190702,1.45157367474,2.21571852667
3.08115003017,1.42251580353,1.02493355092,1.81502457097
3.97471696738,1.43192130421,1.05897343749,2.27790465645
4.44535225822,2.02717280923,1.83339789361,1.88755787736
7.40131397116,1.56994934325,1.87524064172,1.97843128705
7.74662105352,1.08579688595,1.53256313486,2.24451715854
4.99730069661,1.75874654338,1.88797517209,1.48224083195
5.9205002806,1.38315454095,1.66693545536,1.7259913811
4.26887837342,1.71514756541,1.41847451484,2.36561721514
0.106217201208,2.4962560282,1.02494441359,1.06725933881
5.58154462285,1.22652865453,1.81392465503,1.41343752161
4.57370578113,1.77497153303,1.58662861112,2.11068368864
12.4410080525,1.18364816478,1.93187787329,2.96948403987
5.22485695736,1.02233283081,1.39552310114,1.60583870434
5.62308165932,1.28480140275,1.58165514127,1.669609742
1.28954645959,1.85699628693,1.24834109542,1.42433635935
6.34332641516,1.03879324458,1.46019562972,1.89474190666
7.73568175854,1.38125419755,1.94977613401,1.83608527506
9.29808085258,1.36092964264,1.69653078377,2.62257495085
5.6172181165,1.37849600024,1.64181029007,1.66685129388
3.8775372425,1.70121945507,1.26383962042,2.75591314034
11.9194661237,1.09649267664,1.8427233121,2.99563194572
7.63239804808,1.02645382505,1.66482445401,2.08670095361
3.4008571136,1.94289380651,1.56128019117,2.19115736744
4.12859335276,1.33801042614,1.27375742134,1.63742160285
9.85648552603,1.02615162778,1.86769388762,2.49381441948
1.18981611895,1.86542983271,1.0689539747,2.31816313181
5.86070953619,1.42484259154,1.8824328633,1.47158960787
2.79327006656,1.14565342082,1.11594375537,1.06111351238
4.99795232708,2.26100224848,1.90928901931,2.5327955921
9.01208145259,1.66918806833,1.79412387213,2.79103105885
3.99382172415,1.08200007914,1.47403125906,1.19093678252
3.22615679361,1.03730706099,1.34944587158,1.01583609106
3.08664471388,2.17987819594,1.88711987159,1.45460583377
11.4124646114,1.59503503993,1.9637624332,2.84402774913
10.8983282696,1.50279584293,1.82617452507,2.94777429383
8.75228113565,1.69050607727,1.90777705427,2.42154329011
6.93409356224,1.0983745282,1.91702747869,1.68939915197
9.26372628391,1.29030116401,1.73512660293,2.48398880835
8.83412725252,1.08254850994,1.87785728851,2.1941932846
6.96586741367,1.78979404872,1.87630665586,2.14840302136
8.40372179626,1.22055752235,1.47086972209,2.61763743472
6.99194940096,1.15877266022,1.49781675257,2.09353158115
9.42225944938,1.21819659828,1.903308708,2.27524634059
8.6113898693,1.28425631338,1.48073588659,2.75095347322
5.5686348435,1.35652789872,1.87918641757,1.37889137533
4.18707554886,1.64520677558,1.69691322909,1.42481211202
5.04362718607,1.37646603408,1.23241898175,2.17483733691
3.838155847,1.17116282293,1.69692255559,1.03084333302
5.92135758574,1.81886766095,1.83392548267,1.98365378834
7.08642190685,1.10912251967,1.33985493742,2.28785372368
1.6198113432,2.37897793057,1.73922722701,1.76149843811
3.4641994379,2.14679974456,1.71177228508,2.35207640117
5.66805651273,1.90823347285,1.8337826613,2.08149342446
11.3337694564,1.03477750056,1.87557956752,2.85205795835
5.10265917392,1.88217248942,1.7529926641,2.07178335135
6.24960724057,1.42088276815,1.99646083526,1.44633776464
5.76896188947,1.01257302138,1.70536796326,1.55584200115
5.45218354634,1.34347065793,1.56959436111,1.68159427752
6.92050185596,1.99377817712,1.95597940262,2.28379404277
5.38721342641,1.42891549794,1.09978836625,2.91471493897
6.99018480175,1.47516587638,1.50798776331,2.51220173728
4.33543125645,1.70865232003,1.98613026559,1.11436975753
5.51381821429,1.04978875288,1.15632796136,1.92841992241
5.88487938547,1.09530655258,1.29277791642,1.94183345866
3.14128865478,1.889333499,1.50477556584,2.05278827185
3.4610114989,1.78838971624,1.58931876008,1.62144471056
4.506058254,1.28447435701,1.28770162774,1.678590544
0.0409699419297,2.4867045729,1.14729320611,1.79764273235
7.92132698227,1.13341185025,1.53124082106,2.31324874843
5.80481208278,1.34436887417,1.52089905944,1.8627915698
4.64565856406,1.46295901357,1.59656768783,1.5130523397
2.99100312606,2.34818888897,1.78522934528,2.55559527308
4.66926508697,1.40268001543,1.13876793532,2.31211338476
5.4916005508,1.74324781413,1.82906447453,1.73092002869
3.55237389176,2.26385388515,1.89209903316,1.88722274115
9.60726800837,1.14462868331,1.90151430969,2.33650191267
7.72274575521,1.7151060308,1.71775825232,2.73727601635
2.04223592549,2.29664918774,1.84537140656,1.30177715867
8.12716861071,1.01798166076,1.89517116132,2.04169402965
11.3262242284,1.25987208353,1.93108559231,2.69366941687
4.43737902905,1.38423347654,1.1625888634,2.08306005722
4.1397546201,1.39943086938,1.90362796329,1.01719530915
5.62453912207,1.64237358597,1.65411730331,2.01083806497
4.23031261241,2.34606296538,1.93773897578,2.28968295634
5.62477369572,1.33614182799,1.51352582633,1.80651146494
7.17590331719,1.41797686033,1.61539211276,2.22715608044
9.56578071167,1.03567551883,1.43706977598,2.8874892077
7.83139355386,1.57438442989,1.89832731737,2.0534016151
6.8988252977,1.14062489278,1.07403207283,2.68870489791
6.7734211166,1.63513974977,1.97581119172,1.69786823656
3.7081895785,1.77836764967,1.30971642752,2.86892692364
1.88999532401,2.43659581065,1.69634397015,2.93350483855
3.04348569948,2.28507932242,1.83985623196,1.9267363375
3.36574877882,2.24632131536,1.88343853397,1.77498517001
2.51927535287,2.35722478278,1.94713315513,1.35473440836
3.6077752416,1.54050084675,1.21649617177,2.01855779538
4.02257781445,1.87899113742,1.68503270208,1.82537887954
5.88355886567,1.39200341182,1.9928220989,1.35971702077
10.8721357262,1.29783925112,1.9904491732,2.50280709466
4.58149546627,1.02648516464,1.27116595675,1.49609517769
3.58930324907,2.32806979415,1.78613720544,2.91696878854
0.796579232069,2.13949501105,1.26513506762,2.68049531923
3.3310488665,1.22685161274,1.19772290675,1.27121970836
6.7278919161,1.27363188291,1.94151721652,1.59112134445
5.89825099753,1.54463673484,1.91471458419,1.50417967975
5.8435917803,1.38481768834,1.27338535762,2.43889624438
11.9708488903,1.50077948762,1.97928815583,2.85221231129
3.16369843769,2.2988888983,1.97539491922,1.44723409027
7.72203021259,1.10072604493,1.68517068953,2.0805397094
5.84971416546,1.05344326765,1.71795362511,1.55908113558
10.7321878899,1.04901797389,1.79948225263,2.76969432157
7.20361775821,1.62660819649,1.70208864555,2.39632953572
2.58736198521,1.62746440243,1.18810839803,1.79529401535
3.76825878602,1.76894936077,1.96524953399,1.02632471152
3.94344284998,1.08682848875,1.57944648783,1.11683849896
5.19464719935,1.42833667203,1.88630396945,1.30190507833
6.23373851625,1.16588365445,1.86814278044,1.53598128577
2.93092661275,1.6231673043,1.64960501076,1.03403458343
6.62453338707,1.86770016115,1.90478731488,2.10084344246
7.32333377058,1.02771996194,1.30035319068,2.35773426913
7.06678659034,1.02212884223,1.37486398648,2.19292994748
9.09632577416,1.08220328848,1.59559446592,2.55589151457
3.10160604507,1.71592160379,1.68325973615,1.15217993433
6.53181566573,1.35943641746,1.86523711564,1.63344134812
5.59026970009,1.00300829303,1.72337668796,1.500493403
6.00062708902,1.42100414752,1.52959373137,2.01657828795
5.68453112161,1.41358015924,1.55456171552,1.85681374332
7.63749283364,1.63203818352,1.98148581796,1.90159510568
1.68012926362,1.6083383046,1.12880990022,1.23980870208
0.815753287244,2.14657960637,1.35849845682,1.81681759205
3.66433873587,1.48138841506,1.75366356919,1.04497537489
3.32240904062,1.98213462473,1.92949866798,1.13112692798
6.50379599822,1.15356384282,1.68445275632,1.75561565788
4.88958785141,1.53245010356,1.17270868319,2.87372702722
5.13790849078,1.07239713424,1.97546078795,1.23226704871
0.837818550127,2.05357397066,1.2127639278,2.28162418657
1.35193664524,2.08332295869,1.5683262968,1.17092424515
4.82911434983,1.51342440819,1.74106573083,1.41887681471
5.4045196813,1.23893796333,1.05501511578,2.35184389787
4.05369920455,1.80147796392,1.58945454175,1.93581216641
6.14429751377,1.30424166841,1.07926121491,2.82932699939
2.45817800975,2.13643229565,1.77915998041,1.38430229296
6.15411293371,1.34917501742,1.15782861688,2.77212712292
5.65395106001,1.66555110353,1.51461413637,2.49969035803
7.14193247779,1.47133289033,1.72357096457,2.08024035584
0.477674584496,2.25450583994,1.37878761757,1.6579420771
3.47008651597,1.38553078589,1.33979346854,1.3554524852
5.91208650047,1.16364336,1.5720420358,1.69844375951
4.41660576998,1.37018694601,1.74031470776,1.21009153452
8.07044635554,1.82874862039,1.99508360126,2.20445127858
7.64514193798,1.00977836933,1.19809298011,2.57774114326
8.51542660126,1.72423160399,1.91212132743,2.3956789664
6.26636044113,1.10129208362,1.74078613141,1.64568715128
2.86990940201,1.73930301874,1.65724912845,1.1350908717
1.70240911161,2.02640292756,1.37526235995,2.23232597438
5.44428869895,1.4641723379,1.95005453399,1.31378536599
1.69101309744,2.31194449209,1.6076559638,2.50262336134
8.66758433975,1.16649159336,1.76355474967,2.24811403013
0.169435928141,2.18704745281,1.21517480649,1.06158160153
6.86424030905,1.31974352884,1.83468342263,1.73750595702
6.12454728894,1.41385985949,1.546514743,2.01559217436
0.200945096534,2.79460279933,1.30886259689,1.65822018263
3.19116745427,2.43347352278,1.86094889729,2.58049644173
5.25419209265,1.03596576861,1.84633675457,1.33605502376
3.60866011153,1.10250682549,1.47256743428,1.0808226367
4.14575010079,1.4186259851,1.14117905658,2.09685005653
0.57737834714,2.79897224342,1.00867023416,1.26928197363
5.46874201946,1.9555833997,1.75801599752,2.42483852212
4.1797739624,1.84470579759,1.8616456553,1.37979422327
2.13486336164,1.90420302275,1.35698590746,2.03850929547
8.16548899768,1.31403990669,1.49625019857,2.62296731172
2.90555013068,2.13485619169,1.9888161297,1.04884824406
8.24058400685,1.05581870294,1.83517925866,2.09403230177
0.554243595404,1.86721334187,1.00618796591,1.3636761192
3.18674953781,1.34959707339,1.34185816479,1.19957355748
4.33572768403,1.2065902471,1.78112919881,1.11625070959
5.92106822087,1.50867549439,1.86244452571,1.55623474345
10.7716463483,1.41780771836,1.75408262579,2.97720604364
3.18946969699,1.54836222006,1.36007419298,1.48282476388
8.3983954045,1.8800221689,1.89075682037,2.74801398079
7.94730784646,1.30059904053,1.81210507453,2.03344375412
5.14486738404,1.61987899824,1.53236859667,2.09478001259
6.76071524524,1.13727859383,1.4002914894,2.12872944076
2.44877024585,2.59452618483,1.86522312876,2.94187938942
2.58862774285,1.62253828874,1.22016454241,1.68245940209
5.95698022039,2.1026366682,1.8678613324,2.61849012527
5.12786085232,1.58415834864,1.49410555037,2.10130236032
8.67733240372,1.0406488133,1.69055942145,2.34306781704
3.83138628213,1.56924934686,1.83325629638,1.06532391121
0.92699189658,2.42712945379,1.57101650569,2.63117915871
6.78561483379,1.46588393154,1.87962652996,1.72962908274
5.44670108802,1.12848478477,1.51119297202,1.60642631112
10.6194469425,1.43415133311,1.92115408151,2.59818374969
7.73711338045,1.39756200237,1.79584732415,2.05420127772
3.98071435958,1.37166442603,1.02837255563,2.13746929456
6.61260804931,1.55201334409,1.72408225542,2.02588631167
2.46902305927,1.41920903065,1.28526584516,1.05973496505
5.2669062203,1.51699315155,1.46695113331,2.06489999086
6.40880498007,1.65390738132,1.95883941503,1.64760476204
11.6395942674,1.09216326281,1.95228502242,2.80056039838
0.383519260658,2.06096454741,1.14743807039,1.49943857791
1.68032895316,1.91719433934,1.44843225413,1.32412455024
4.19999928824,1.17886432294,1.21437135815,1.52490745544
10.6179030591,1.16703717679,1.90549627218,2.57044522028
2.34256998349,1.94716878926,1.49536691246,1.77044086724
8.22662392789,1.39561468491,1.97545855632,1.92381985291
1.03294110662,2.06420839064,1.4097768629,1.37253671004
8.31267396629,1.56566967575,1.77747255247,2.43585016768
7.06741997372,1.31944378633,1.25681266363,2.79459607888
5.15028154933,1.83159934918,1.75266892995,1.9691286805
10.482558421,1.63118317505,1.84948920079,2.97465128226
4.06399194592,1.17448158814,1.37095259865,1.32336576186
3.72673624543,1.70383410255,1.45790789413,1.89925557578
3.12410114234,1.86537531144,1.34385119923,2.77817589937
9.94213159935,1.16912455524,1.76109042889,2.58208875305
5.13681014952,1.8144804372,1.66102989234,2.22044115172
11.1194798795,1.2462382375,1.74315806428,2.93908058978
6.39633548313,1.54387316129,1.47013756113,2.57493269395
3.93907058635,1.31475724014,1.72952972491,1.06734710007
2.77327341924,2.11133309689,1.55962285489,2.64690605865
3.89121055767,1.0433909576,1.53839983119,1.12166769996
5.55172835615,1.21684576675,1.03836645601,2.39135643797
4.91021408698,1.92365475641,1.68325704589,2.38762653291
6.08304982926,1.08902257124,1.52430050822,1.77038145521
6.96033015137,1.03871549611,1.63735284348,1.92199749383
7.76331687133,1.42873772938,1.66074497938,2.33150849908
8.43512794804,1.19173584178,1.33354364134,2.84133175921
1.66948396303,1.85037042716,1.29917375678,1.58956043447
6.88912951888,1.66441069973,1.81778492744,2.06931079809
3.87771783931,1.28765865483,1.7939028028,1.001146211
2.15826982862,1.71557683063,1.02805354332,2.65304454229
4.230775368,1.26427355923,1.14920687366,1.74188485921
7.19760548414,1.87011647565,1.86117823934,2.43608946889
11.0393935455,1.25611512803,1.76959325466,2.87702495801
2.14887623125,2.3589542747,1.94330732882,1.17088009374
6.03522148138,1.33639814776,1.70627975051,1.67401988025
2.91280030978,2.37892071972,1.92123539436,1.74743809069
6.01892038858,1.12637662306,1.41369076488,1.87355973999
8.07131739601,1.8352011886,1.86981551543,2.61117106357
7.52935769157,1.18540922604,1.87106731742,1.85027780232
1.6538363714,2.64874150027,1.98182013076,1.40550095077
2.90757121664,1.35767628332,1.42608807693,1.02123494829
4.10626411558,1.00988764041,1.79470275803,1.07174831992
3.68687722695,1.90537001977,1.4318277311,2.93794641374
0.588068574661,2.77651856341,1.85010555444,1.45219142219
5.10458098273,1.05930404415,1.83343910432,1.29701083653
6.57691575161,1.79416915709,1.79371133201,2.27544275271
3.13821072462,1.95814206474,1.74206447503,1.43845077958
8.95292192336,1.26733657431,1.85014047607,2.2286336566
5.54186019691,1.18410587703,1.22012597097,2.01126643334
3.68505063187,1.57565176098,1.32512103514,1.8715369198
4.65881783204,1.61793060712,1.45294369287,2.10540435576
4.30122985304,1.67302612794,1.50387518761,1.95128539761
7.04845306346,1.37510060068,1.37608249777,2.63131310151
8.02878380769,1.13567320487,1.36647270216,2.57779524159
5.90880797607,1.37373004374,1.10302968752,2.92060354912
5.76306528351,1.18089198711,1.51136740957,1.72321900926
11.5968074125,1.02402457595,1.85014064269,2.95466507348
5.16001773138,1.03511254636,1.6502396244,1.41770296936
8.3531640082,1.4218996099,1.81308567003,2.20801560906
9.06022027279,1.29547099167,1.54025297941,2.78565553417
3.84668923416,1.9762952244,1.68796437391,2.01514649089
7.35755723121,1.62404234776,1.84766641712,2.08256426092
2.40662877002,1.76249832381,1.28875531911,1.87359435299
0.295688902916,2.53990965532,1.58176703456,1.4732651285
6.27877684677,1.94079519279,1.7796574892,2.62508755929
8.11263612388,1.04756621019,1.54293303713,2.33385849772
2.68604335566,1.68636551131,1.22255700297,1.99662846908
7.99526784272,1.30216298241,1.40514172901,2.74049344308
4.7366941161,1.48673866543,1.85769656152,1.23861292271
3.42669573301,2.43939947572,1.92335342041,2.29046608527
5.18846163106,1.59440541246,1.48198424359,2.18666944299
7.66984354373,1.50025151863,1.84398961663,2.04050600002
6.61805714025,1.30991242539,1.29263226589,2.51085391809
4.00621857002,1.43076408773,1.7886042126,1.08318416824
4.52037556551,1.50024349866,1.08114841508,2.85785128561
6.86479487387,1.48596577956,1.61388259453,2.23705888417
1.20641268182,1.94181989096,1.26824540199,1.66177458132
4.93283679284,1.44920541106,1.54967291637,1.66287720577
4.39199965641,1.12351014523,1.74139411255,1.15183475834
3.7704631275,1.35554640618,1.69364671533,1.06340145079
5.5038978827,1.10986689187,1.84606076772,1.37840272264
7.40943661257,1.96723813079,1.97496282168,2.31585648243
5.56902801773,1.75632902371,1.97816402781,1.4828993016
4.48180543892,1.64378420472,1.46279756079,2.07094979405
6.0959347708,2.26144542884,1.99741834747,2.51868048833
4.93669306036,1.47776644137,1.98561083482,1.16386089444
6.01587065748,1.82584414009,1.9032176706,1.84484330902
6.59362607425,1.19582381838,1.76835097779,1.70803762235
4.58919069686,1.01667342741,1.57922290596,1.30095880723
7.30513818094,1.15618289395,1.56701303853,2.10129862471
7.2458664447,1.99840114765,1.927707007,2.51574941717
7.35347799918,1.21097192991,1.49231431704,2.24925099982
6.67826010561,1.46540800202,1.44989692391,2.52712444309
5.2542712619,1.17588379662,1.78466434314,1.34848758406
6.34663698176,1.71333078353,1.75833983928,2.13083442186
5.71629380204,1.71701064801,1.63896652337,2.26026277579
7.46092689776,1.38582913967,1.96108913357,1.75893014766
8.7069608756,1.67404427617,1.74130605761,2.88204283067
5.89314218051,1.01457529466,1.24065398857,1.94799018255
6.65097419839,1.14683776159,1.08355632143,2.58756456505
4.18117105683,1.93480639064,1.62087100419,2.3394139315
9.82988077703,1.33803523049,1.79335814593,2.56734378736
0.977833077723,2.38556005176,1.62071385608,1.78591100822
5.37653021403,1.4656128169,1.13660116471,2.95101683043
8.67579468707,1.33900897258,1.51166441348,2.79565471255
1.08805085772,2.99966648773,1.2180829955,2.37542458833
11.3893113771,1.14052358359,1.79830530527,2.90555678706
8.76234852614,1.1334530869,1.70767918188,2.33549506509
5.78279223782,1.21769115193,1.59736558098,1.65892257507
9.58801126901,1.90374692555,1.9677932479,2.86901883191
9.91202385837,1.27800034343,1.78152563629,2.57420308047
9.16469835015,1.36420500503,1.74129826374,2.50361985754
6.73473442081,1.20549668809,1.88829346317,1.63943456772
3.24035763877,2.02259563319,1.5559429001,2.50823232058
2.11119793888,2.5854510995,1.94870899191,1.76312857739
4.06502714121,2.20746228534,1.77074292685,2.66950760617
8.44424407468,1.15792595221,1.47528855168,2.56136156898
6.7748241846,1.01993777937,1.79821752323,1.76123190586
5.12201726321,1.12823241659,1.57282321086,1.46155946239
6.23370727798,1.07221481669,1.28165294158,2.05224828536
3.86372129145,1.215487731,1.58865015169,1.11366373252
8.37923369229,1.35623815472,1.56086095556,2.62177174428
5.45012182871,1.89845602571,1.88675767349,1.82558043485
5.43092916346,1.73211455849,1.4622181805,2.87817666414
6.16212299679,1.14269786717,1.0052843418,2.52861104235
3.01250633969,1.40721241037,1.05533695529,1.66135364918
3.69879385985,1.67817714099,1.36157887851,2.11158116621
8.75090905138,1.24619842038,1.44250633934,2.81504364989
6.18013165725,1.11522631478,1.42165839496,1.90869524226
5.67390113355,1.24142130654,1.95002376586,1.33644096697
5.23659413197,1.41739368039,1.41042869739,1.9681466094
4.13740894134,2.08903272555,1.98717951629,1.42577909678
4.83424933773,1.94088199706,1.64361721315,2.61049393873
5.49981936034,1.70444306125,1.43446429989,2.9141177302
4.70459241593,1.18054215604,1.93071142351,1.12391401585
9.72699877009,1.24648184467,1.84405995816,2.42565846388
9.31392950018,1.2023102733,1.84644727355,2.31632009308
2.90429097447,1.42300471971,1.15663379561,1.45158883209
7.9102183249,1.13030074656,1.53175777499,2.30795210545
0.969625178782,2.77192880304,1.92444023797,1.50501336489
5.73866836629,1.14120239971,1.18139937649,2.07787382503
1.93097328572,1.97741983896,1.33663226784,2.43087048462
2.86771227316,1.98191970612,1.66521644875,1.58967813566
1.28787916468,2.07950540409,1.35264089132,2.21485435471
2.44475603129,2.03958249588,1.50256041114,2.27484299444
0.39329304881,2.34515486048,1.43152984104,1.69015266188
2.16716327952,1.36045817009,1.08307487641,1.07420350545
10.4679737599,1.00109353627,1.88403931475,2.65532622236
7.75367382759,1.32860327955,1.42868709053,2.65699181054
8.73050435127,1.8289751962,1.97943077626,2.43203140667
6.83935213143,1.01452430492,1.14425623438,2.3736942516
6.01413418271,1.30659151527,1.61844211874,1.75585042003
8.56444789592,1.04529986874,1.92922604058,2.10685325954
7.90223015574,1.44056576914,1.45253806351,2.91056155135
2.99271607098,1.36739993044,1.05079996364,1.55486460711
8.66080811664,1.53693908768,1.62209172413,2.91576378095
3.42159768121,1.42843568449,1.58252690079,1.10120160942
0.966732887486,2.60758836003,1.76856833175,1.96262059453
3.07874277721,1.92671719154,1.54354662959,1.99626933821
4.03947781996,1.57178553294,1.20137911697,2.44800624
9.52726022303,1.92561451222,1.98038971009,2.85085464777
9.75315710725,1.61279365833,1.87014428052,2.68032988222
3.07284934511,2.02852643088,1.79646282226,1.40400308818
3.74324136714,1.38718341519,1.08407605264,1.9298722904
1.51545437956,2.07104703698,1.62195955137,1.10525054134
4.94672113299,2.28066513071,1.94379940031,2.37635847965
4.5791833067,2.2167851897,1.89851870989,2.22272510369
3.37300261645,1.46722829781,1.20725508195,1.69435485962
8.64085393625,2.01003953536,1.99403491785,2.72502966986
3.53363840144,1.39274995475,1.03153913771,1.95805075711
7.70747584458,1.31799045925,1.80301859628,1.99052193542
8.45290600295,1.16494811492,1.47606136271,2.5685566795
4.31038504582,1.05129376099,1.35093531319,1.3600980405
4.00796366893,1.02935876712,1.90291370226,1.0003750617
7.32781544055,1.225535976,1.22483799148,2.73460510161
5.87980349557,1.09121259716,1.67026819704,1.59549987277
9.9713782487,1.21385580546,1.78611497239,2.5615593648
6.69669291861,1.11241793177,1.37157606476,2.12557909695
6.14531864809,1.28674876373,1.20993559624,2.45356603913
7.9701483717,1.30483467639,1.36654348042,2.82574204699
2.79241132351,1.15150007897,1.05662631114,1.11210069224
1.42369518644,2.09927738809,1.62821509164,1.08764183111
6.74865191032,1.323357252,1.74778376061,1.81068680259
2.89112317397,1.20945883302,1.17368965135,1.10780774582
5.69217961289,1.32573681002,1.64665605043,1.64149765917
5.64663413371,1.14713655821,1.86113405468,1.39822211337
6.96763645022,1.45825651301,1.5745930593,2.3094143412
4.88489250037,1.79688387885,1.71395003103,1.9022870828
6.60796300579,1.71071213546,1.71668871171,2.33516049672
7.81896290272,1.06509183738,1.89598907558,1.93631959041
3.96681933334,1.29989620074,1.7999592742,1.02263417088
4.93652880174,1.76207451379,1.63334840803,2.08034964999
1.93816768137,1.7990277619,1.33357349223,1.49672306108
7.80332137563,1.17308591351,1.82789837884,1.95978462498
5.08969865374,1.19700328061,1.99199623521,1.17917693567
0.642494161592,2.08243695157,1.22943277172,1.8851029822
3.33572254596,1.15688727846,1.21716891769,1.19103258931
6.08799475528,1.20803111314,1.33741446663,2.0647029573
6.0636509631,1.79510739369,1.90139527446,1.81854286612
8.0608619257,1.9152138447,1.90440039263,2.67221461873
8.33134363313,1.64681477639,1.74221045607,2.69122755753
3.47728426729,1.59575452026,1.29168817827,1.91716798646
8.67024058941,1.56329907292,1.92373799256,2.21058850086
1.21737810203,1.94367361985,1.35972300495,1.29056238228
8.69385683113,1.39949283145,1.48378363486,2.99721855843
8.00259599269,1.21406894392,1.8927567301,1.94312407875
5.55099794783,1.90367260833,1.65358374673,2.76667318505
3.32667155869,1.10751281003,1.32943815801,1.07983713492
4.99288335798,1.50015068657,1.42846240079,2.00785002316
8.24344369777,1.13025210896,1.26035224527,2.81776025052
6.51105080663,1.88840061052,1.8391112342,2.32092281269
2.35292612154,2.31238230566,1.70243949611,2.43255748146
4.07859178052,1.33697711565,1.4614583898,1.36798165327
6.60074097472,1.25879481172,1.36080395365,2.27315435572
2.75206134186,1.59930886752,1.21729461601,1.7154029411
4.95525879405,1.08950399167,1.31526480894,1.6109379674
1.35209880058,2.38860349701,1.5910735239,2.88872790802
3.92315061001,1.14553327365,1.1418830933,1.46355237695
1.68172629583,2.48412772451,1.84447001832,1.62965903389
8.1532711884,1.4873019007,1.65509217798,2.55531338743
9.4250845644,1.43684800991,1.75004240334,2.63622067364
3.21715572783,1.25442501536,1.25754647833,1.19786328546
3.79452365132,1.78131327584,1.48013356327,2.12097082979
6.70855782023,1.19287566737,1.25693543674,2.3857778453
3.86187318285,1.1838662369,1.55676114073,1.12477253803
11.849231597,1.51755967031,1.97060192323,2.85626848621
10.5589756492,1.26943631362,1.90144220408,2.55310991075
2.76181460796,2.18406188604,1.87792294608,1.33715363131
3.72731346389,1.93539685108,1.99951889646,1.09390158825
6.00100408689,1.46232373628,1.95366873668,1.44354431592
3.27474143493,1.96085524325,1.74120796227,1.50935370015
6.09987252556,1.03818559461,1.91192254696,1.51334654209
6.85224694502,1.05112390986,1.77608629811,1.78412698389
3.77811112821,1.41899752401,1.29654490428,1.60145057358
4.40378271071,2.19551914991,1.93831520504,1.89637866928
7.13252112556,1.57742576959,1.65818280085,2.3900152748
3.79233566648,1.33680046446,1.10368680656,1.77819556659
9.65740563066,1.63553414274,1.91797990386,2.56179618371
0.816905300829,2.86111765949,1.93553375316,1.62452674106
3.79053117857,1.57444272528,1.45541338093,1.6123712129
0.869943671596,2.40047294158,1.60907890301,1.78387287802
5.64005807323,1.30338253344,1.67194751898,1.58382178704
4.76966795522,1.30528363289,1.75880382873,1.26412560656
4.17008776938,1.88321500235,1.49802287051,2.73019785256
2.5142398644,2.34723030647,1.77756007338,2.19851874331
11.0504416702,1.07833799914,1.67515279814,2.99329596711
9.47461897085,1.18568020037,1.81285682405,2.39715871877
1.44209457023,2.51189517305,1.71708336562,2.66216909921
8.17804302953,2.02100911459,1.96720804322,2.7214566405
7.86570711717,1.7802579449,1.91747801086,2.28611281952
3.78789771141,1.61012996616,1.47869461481,1.63573006033
1.12493045414,2.45205406775,1.67683157478,2.02349862582
1.84348490335,2.63972095444,1.86274406465,2.56730678024
6.06464886619,1.83871938868,1.71888750738,2.46514491827
10.1340638402,1.15463947581,1.86404744092,2.50421208788
2.96086275809,1.79223926514,1.43220185964,1.84595166974
4.96966196831,1.63494373674,1.90092699209,1.34062674279
9.09225363946,1.07146309589,1.32655634161,2.92066335279
2.80387628398,1.40792142458,1.19159549853,1.31635715298
8.68637095935,1.20823974871,1.41570063184,2.79153993826
3.97367030883,1.68343777024,1.38781176645,2.19275620516
1.0835535562,2.98093622727,1.2705666785,2.94627380878
7.67600980394,1.56161171734,1.59033741723,2.73596027761
3.72276806065,1.6508233402,1.30608610968,2.21573534016
7.26395251339,1.21126170394,1.99453421844,1.67775038143
1.52702740538,1.73730713429,1.20673418364,1.32776808931
7.38208900647,1.3718079392,1.496636527,2.46324405193
6.94129938672,1.11849699282,1.14716202804,2.5333982837
5.7385624753,1.2619384059,1.09288271614,2.47802478034
7.39227448771,1.17940440935,1.33518598796,2.47047269656
8.72310464185,1.82293027839,1.98015254628,2.41776003119
7.30011070749,1.16565603288,1.7705399342,1.88673337694
6.25677530051,1.35972867291,1.75514203265,1.68941847948
1.67228576633,1.88150965021,1.32722417417,1.61810913232
3.00052061382,1.7469987045,1.47346078523,1.59959402021
2.0543516076,1.58759614099,1.13933555743,1.42122836551
3.92432561449,1.83091492689,1.72462943019,1.56566328837
8.47116901551,1.20015567715,1.80559161879,2.15195227364
5.44776933079,1.38850941732,1.57601462106,1.71693190077
2.03215598308,2.04114473129,1.49963854106,1.91438502535
4.71597425342,2.33630432754,1.91274883416,2.68503032539
7.88393658604,1.62778379643,1.86463973989,2.19782903298
4.30120986099,1.66418408468,1.85490606074,1.23964696357
2.51603927125,1.33838440265,1.21992636828,1.05113175026
6.6969213598,1.98805180362,1.98606019424,2.0964238365
0.927012875707,2.54661187947,1.82617607459,1.14938559051
7.00394490954,1.74009371316,1.64816729116,2.80936714379
5.50438269409,1.67177881859,1.40485384776,2.89740550984
4.29248890162,1.28034851592,1.66587866108,1.20108451694
8.68614072308,1.48077990653,1.68770669933,2.62855860394
10.7984132786,1.42202758933,1.90905159791,2.65723942557
2.5756652339,2.46662440599,1.78747586142,2.97565046307
8.56203687501,1.30269153538,1.63521767429,2.46612648862
3.56997897123,1.25871149201,1.2555563749,1.33617366155
5.48249972213,1.64640759276,1.54100851424,2.27923416439
11.8157712701,1.13841932693,1.90513847247,2.87159466041
1.11551028316,2.16912115578,1.51243709794,1.47240115079
1.24218848582,2.3759676553,1.67142901736,1.75050906815
9.82392160828,1.2217598226,1.66414207584,2.70900206325
7.29230514701,1.08336263483,1.96514426982,1.75007581462
8.29515338554,1.06063972035,1.1295727367,2.960761885
6.69357636824,1.18428271419,1.65688873883,1.84049620108
5.68727369807,1.26069142109,1.53493656228,1.72648102921
7.48840689819,1.92481237725,1.97231168797,2.26537769156
7.47344619132,1.12872136858,1.18143259775,2.68458930708
6.4678505408,1.08893170387,1.78935088457,1.66472154803
3.39802556209,1.82290395415,1.43907848894,2.22199368826
5.35899236056,1.13981115719,1.00492787915,2.19381467199
5.93963407645,1.75920070679,1.528287979,2.94537731345
4.41997667688,1.00790862902,1.53254258587,1.27840954976
1.49247415308,2.53551319328,1.76182970718,2.40255064136
7.13220352183,1.28706652817,1.67789968817,1.9839657312
3.23585014791,2.47918853154,1.95432590677,2.12062642314
7.31237498455,1.68573852034,1.86765949625,2.1082815294
3.00527353063,1.09426237702,1.13140460666,1.09146945893
1.73965452712,1.9929209914,1.5014618453,1.44247453118
7.75934521204,1.01780284697,1.51647344757,2.25874108043
5.81401291773,1.55456366472,1.90010516999,1.50829330664
7.30583508289,1.20221363577,1.67304545072,1.99651333732
9.48912836336,1.4381011053,1.92648800308,2.3148880563
11.8490181783,1.30943480806,1.90743413962,2.86302507416
10.6418382268,1.03298313037,1.90893256014,2.64739490416
7.70833756112,1.22415042607,1.92683018982,1.83874825166
6.97263972991,1.06975943844,1.1293480414,2.50082456527
9.11601428805,1.19755197935,1.41269398925,2.92038282975
4.71257621188,1.49733065613,1.87750293587,1.21729233826
8.19366690196,1.68658633857,1.69871395343,2.89356020227
6.87248099639,1.66672526995,1.56684385567,2.82807383878
2.33362486318,2.18696510268,1.87398025461,1.14513285349
11.1012939905,1.30449941359,1.95340798556,2.61000444276
8.25146384158,1.4502417986,1.77266273826,2.27934628461
5.87912258628,1.84716424009,1.98557371841,1.64574517033
4.45231565565,1.30104524443,1.75764985505,1.17966847878
3.5853500557,1.55945662907,1.13769463791,2.34337389035
2.73002240347,1.68836210872,1.21917290578,2.0519481523
6.20996945388,1.93670394349,1.95172588299,1.95609451881
4.1684787135,1.191177907,1.50605962535,1.25472232878
4.73830078901,1.52338882915,1.79521503228,1.33142080119
5.71973045763,1.01593226307,1.66343774285,1.5670810467
2.63237728828,1.67973116429,1.50530306479,1.20293684554
5.65661991442,1.1131286186,1.39998388327,1.76723784962
4.77066906344,1.30235333864,1.69476905582,1.31846444291
4.89296380585,1.20413516485,1.35698705926,1.63320824075
8.48184313411,1.36084861126,1.5383914346,2.71107640146
1.18447758764,2.00250999602,1.46775731421,1.1000319944
4.38028680828,1.39185204174,1.406605644,1.6131571591
4.28980402892,1.16098214192,1.4163437659,1.34962365503
6.46148764967,1.1883978298,1.7220144048,1.71502908303
5.42691568102,1.41170603745,1.20257336104,2.52935682281
0.803341124665,1.96162416628,1.29549502081,1.08903779871
8.27390745854,1.25114187767,1.53946890635,2.49356304219
7.491764244,1.42071773433,1.35891947047,2.97786417921
9.42262013114,1.39569932762,1.58469666931,2.96117834151
9.23509718214,1.20707707287,1.40461255958,2.98845424443
5.5951034678,1.80953006835,1.80002287405,1.94823751566
3.36050056859,1.52191704701,1.69891532809,1.03389351436
3.05124434782,1.89636750995,1.82167785545,1.12736055807
7.30970219199,1.31600400569,1.66947393062,2.06567360929
6.19969068066,1.53079682438,1.63675567136,2.04480247097
8.7997096847,1.31936346096,1.45913086163,2.92154423883
4.05751296694,1.72785419624,1.34627741168,2.61579719469
3.28166618148,1.91176378233,1.67809059905,1.58224606608
9.55534651976,1.03896771304,1.83920008107,2.43433349366
5.69000657369,1.5785098442,1.59741249088,2.04469747242
5.31780769554,1.8987347927,1.90322957018,1.73861869096
5.38251410534,1.21386774372,1.50387097994,1.63597844204
6.99450655588,1.83698690425,1.79608573752,2.5198795313
8.60058988294,1.4218053007,1.774877152,2.34218857567
5.36589586686,1.87016890465,1.80197472968,1.9861610346
5.60852791671,1.9967039147,1.96589627739,1.82681410695
4.13864635267,1.3671865119,1.30855522874,1.63582253378
3.51381579286,1.70399272902,1.83398881975,1.06695641896
1.23008633756,2.98767942764,1.00887140394,1.8518774311
7.85008126006,1.60917373333,1.91635213244,2.05785740934
5.70951087767,1.36411039167,1.54376884647,1.82056918279
5.50381203651,1.05078539562,1.99159286638,1.3217822902
4.62180114513,1.16121111198,1.41313539342,1.45707248628
2.42099185664,1.27107020206,1.12254572031,1.02822787477
4.53553130182,1.21821452372,1.15912746692,1.7713279932
5.31980884018,1.51591180285,1.22585486769,2.81745933322
3.05085361551,1.85038748498,1.36431319527,2.48991670156
10.3001919035,1.19251091135,1.97998078351,2.40118630999
5.16999752641,1.37095197694,1.39647806609,1.88639209298
4.46001544304,1.34340945752,1.71626088912,1.23140094395
2.94282066188,2.21615602815,1.64026183632,2.89274753308
2.19320236789,2.44968566733,1.76885395268,2.60150771766
3.03033762099,1.81606563681,1.35680819257,2.31691804682
4.8964846664,1.76986712911,1.80517191214,1.62946227344
3.17048529083,1.93196451716,1.5459283355,2.06681419569
8.42733941502,1.09519460209,1.87613293341,2.08917134483
4.0667709098,2.0204247686,1.68904164058,2.29182920596
3.50397290103,1.51097322475,1.05304475304,2.36280579214
0.750872794117,1.91370575468,1.11234875851,1.5592932462
3.63763738062,1.09106093162,1.44312994874,1.10392976056
8.66901740204,2.07718591694,1.97825910219,2.99745163858
0.936734464473,1.94939583227,1.23165807339,1.49198816688
2.46648347342,2.14698535958,1.74059328798,1.55603597787
5.3474412049,2.11753234125,1.8538929927,2.47155135072
8.05565811148,1.41797137306,1.92058959593,1.96408777328
5.7348926688,1.81801239332,1.83697432315,1.91148468901
9.91755612626,1.32879045044,1.99109914189,2.28339154141
8.35186808604,1.10614984768,1.25799376577,2.8255208551
0.530167889486,2.0553741492,1.14524990898,2.02465653506
5.64793170255,2.04485046854,1.93180392066,2.04681528416
3.64558525771,1.04740956102,1.45696070909,1.09141325787
3.20535485176,2.52670905169,1.89700660943,2.83238799599
4.7886006357,1.14558508264,1.32109988866,1.58764192661
7.31428447301,1.23986525609,1.64483951702,2.04994293021
10.4788789434,1.46999618441,1.83837186411,2.76544884306
1.06219159589,2.64139837129,1.83355294847,1.72151347244
8.03103520028,1.16322679708,1.49721218697,2.40864185427
2.02265144664,2.26964528183,1.83793492237,1.25009783357
8.25757149189,1.30415051389,1.78334994813,2.15335377204
3.84683703164,1.30384161352,1.69670933753,1.06225273534
3.88149150774,1.63062318332,1.28224598589,2.31288372994
4.37977814436,1.82929317749,1.53427048784,2.41171125676
4.53938791335,1.68456386672,1.44244293995,2.299180545
11.794709459,1.23733319692,1.91842555144,2.82458469526
8.43126605255,1.00960837668,1.35252388166,2.63959480529
9.60551243744,1.42728664916,1.87004679866,2.4359351111
6.00180574647,1.40688207022,1.19837832868,2.79215735905
6.18081826801,1.3931250834,1.36311456298,2.37746341936
1.26809068082,2.23964425586,1.54637471582,1.86996243623
4.3139607723,1.02450257401,1.92323200937,1.07084174622
6.03625088607,1.2770995157,1.28844899654,2.233195718
7.43485986023,1.04437590253,1.31474803663,2.38560946331
2.29383531429,2.23858214375,1.80275751009,1.46929077741
4.55174135208,1.16914222233,1.15489713137,1.71227939734
2.81060237488,2.28277252549,1.69862789819,2.71976787758
3.71784215625,2.12702223996,1.87405478568,1.66942600148
4.31316959226,1.89719524919,1.67786371687,2.03546194668
3.96393503787,1.58021969653,1.70940008501,1.2590335574
4.46221900223,1.04540974097,1.49661826155,1.31110838544
7.63230549707,1.01998896659,1.49808509152,2.23951890835
4.6833483345,1.68965239498,1.43785244707,2.40886600567
4.61631133911,1.04983112717,1.84504759982,1.17024382687
5.86019780266,1.38495644402,1.14421311577,2.81069372167
3.07300849812,1.97772460931,1.60243233365,1.93630584304
7.2744943006,1.04754735054,1.89512102482,1.81074079417
3.73982333229,1.42551719403,1.32404188208,1.55069406844
10.7201311478,1.07872537604,1.7533818036,2.80571662093
6.68042914205,1.82245998761,1.86686472248,2.14538356505
2.29803158415,2.16210716282,1.89684703587,1.03312571502
5.07493973376,1.31192674614,1.57767107988,1.53014351178
4.89520669092,1.15820198249,1.91862130777,1.17920593582
7.86194223678,1.02190987268,1.66934007822,2.14696458753
3.15996692947,1.65959277862,1.65647872399,1.14606889093
5.45766509144,1.16614272227,1.61800499005,1.52889611423
7.81353456819,1.22270608489,1.36749647945,2.61674639799
8.08281208829,1.26578542651,1.72381285904,2.17020638606
3.94345847664,1.18243418686,1.00121939919,1.6881301524
9.54586495533,1.82625486168,1.89951330146,2.94286050594
7.24924924457,1.88805452127,1.94530378638,2.20994362616
9.62212842552,1.71150136138,1.91876836162,2.66484362395
1.43668951266,2.5933471309,1.78476568584,2.53158013309
2.63439662338,1.74721398791,1.68621313698,1.00889188346
2.11729590005,1.5566136562,1.05592380224,1.57277050208
4.55620454314,2.15189352032,1.86225465971,2.17606530504
2.8793804923,2.23585419322,1.96117267765,1.24593184124
1.84227545253,2.09331508383,1.56700704861,1.64227119966
0.806635598559,1.93406246644,1.02327009771,2.66750388228
10.0200637819,1.77719145922,1.94382262843,2.81431998751
3.13246431773,1.98799836013,1.78311518768,1.38672094597
10.4991815018,1.42285581866,1.88415178792,2.63147533576
1.70641909381,1.68912233191,1.32914504161,1.0506595278
5.87158576732,1.52319558463,1.34620209003,2.6835243961
6.84844124661,1.27450792633,1.66254669717,1.91696906153
9.97981101456,1.12158879213,1.63035760807,2.76273379663
7.9787567125,1.30878308274,1.32488960074,2.94012714012
3.98342747087,1.3069710753,1.35544961043,1.42791986161
5.99647461202,1.48239023693,1.30544109504,2.72691142353
8.01663293078,1.4819006196,1.65828066741,2.49555707005
4.39735650243,1.2494058816,1.62603481814,1.25068389179
8.79293751855,1.41069715328,1.67282438544,2.58758210281
2.85522717679,1.6325204505,1.13112349584,2.22088389554
10.3200628035,1.28414577044,1.90346433302,2.49443747637
3.7980082051,1.05112272374,1.53875290433,1.09477741893
7.95492775954,1.25662635716,1.67537602169,2.19695164018
0.541740519551,2.60108138198,1.63117456127,2.68724531056
6.23263363889,1.07441788992,1.3671791364,1.96093322438
3.37492589989,1.72463956891,1.56363388238,1.50434866891
8.11476868409,1.97753225404,1.882255262,2.9722865692
1.90884375136,1.87126332134,1.35459962047,1.67966279961
5.2903686258,1.46743793925,1.98918003842,1.24108679529
5.10253274007,1.97585559135,1.81335997124,2.10241393034
5.7566637937,1.04739172183,1.90752985895,1.42645193557
7.50157370819,1.51489973284,1.61442769783,2.49965113311
5.02885542141,1.13088115905,1.2494615504,1.73135816553
5.54468619743,1.57273735265,1.34138441897,2.73999106387
5.9594924304,1.08677394274,1.12089917125,2.16889434193
5.05465809707,1.11515457618,1.1863710836,1.79536143375
2.80776818405,2.27858139859,1.91868847067,1.42967513844
7.61469460907,1.60135980869,1.83599986682,2.15123488837
6.12603319483,1.61609966384,1.62188189705,2.21932085348
3.92518447501,1.45300980737,1.30324426502,1.72205029312
6.23279075079,1.70953935009,1.5477543335,2.78712356357
4.37252987983,1.58053170947,1.20070590876,2.69772341437
4.23005509838,1.61215718068,1.22636550744,2.66475779069
7.04446341658,1.16341456218,1.40430957121,2.23496064028
10.8496243679,1.3689505858,1.80485417035,2.83545124978
6.51779973494,1.4534416542,1.89931796236,1.62955281171
9.75231513405,1.21067334785,1.9689550056,2.28044561795
1.00704723415,2.84331853981,1.06136072497,2.22943411269
3.47132442376,1.62483277276,1.53905392371,1.40939927794
1.51621179984,2.19800253589,1.68747513186,1.2316329264
0.998101933975,2.54863142168,1.87335828511,1.02103930827
8.15875627315,1.25992221048,1.47706182393,2.57909516977
3.92255673026,1.51269702338,1.09322654226,2.49713363439
2.77381431277,1.6061853819,1.11589615677,2.08393232746
10.3554575605,1.11933726048,1.7324145425,2.7276776497
7.39199229177,1.2610959805,1.770992058,1.9264093684
8.60217955986,1.098978792,1.98391575938,2.04067171118
4.6072158494,2.4224229323,1.95292494239,2.72817932971
3.90109320175,1.61195576218,1.44252996743,1.77385291491
3.97489390545,1.22238511579,1.29943001539,1.39839706329
4.47489845056,1.69873607226,1.68852896931,1.62105159794
4.02955051676,1.42388254688,1.57587247265,1.30055963468
1.18620466754,1.75716429673,1.23369902875,1.02453792955
5.78189938336,1.92004843905,1.70326123253,2.69443033308
6.17594485689,1.03041529175,1.84321184174,1.57464453692
9.31831017668,1.75476435111,1.84734798285,2.89778167362
6.48529514651,1.05809031774,1.71452228366,1.72993123515
4.91525463442,1.78260219429,1.52385394601,2.54910600102
6.53828288396,1.44059567149,1.43901585524,2.44166873662
1.40380163583,2.00593178107,1.26845671162,2.45815746216
6.09393406106,1.60393355163,1.53209803357,2.43582822549
3.81755498961,1.03937051789,1.39845874262,1.17415365305
3.85089568273,1.79539571373,1.60412471079,1.77863158555
2.05280205789,2.18380189721,1.72286189936,1.46163880883
3.55200203578,1.49432819928,1.53101156083,1.26838001425
4.8468576407,1.00581512431,1.65319403338,1.335489854
3.91026591017,1.89955865376,1.45552962602,2.91004232671
9.75960261927,1.21702589371,1.93191142552,2.32295292311
2.62902288979,2.50032532271,1.89756674758,2.17972885611
8.46501477289,1.30117135897,1.91388830526,2.03610595981
2.47969169156,2.11980769338,1.86124796897,1.13215169309
4.36234942943,1.67019405132,1.69954006255,1.5146377635
4.0383776463,1.26258226056,1.14757510646,1.66213113421
5.69973891717,1.0509229365,1.47844613362,1.68965905815
12.1882272205,1.1160311132,1.91809377236,2.95720916889
2.2267872765,1.95371092187,1.6186217733,1.29478258002
2.85540348892,2.11632889162,1.56998450636,2.67787839896
3.61398549876,1.42344841321,1.39739090319,1.38457235238
3.39744590129,1.86375417077,1.37682944025,2.78375149413
4.11978363932,1.6890144049,1.85024428745,1.21413244322
7.42045454458,1.53615737538,1.97647297241,1.79042944859
6.74746628091,1.71615446624,1.68636750532,2.49663507544
8.22151935599,1.20722145419,1.53559512182,2.44292310329
4.13836023326,1.34691347688,1.41564661102,1.45437436087
0.137015113196,2.28326588296,1.20965677336,2.35888008388
11.1261182895,1.52830488893,1.90381877001,2.84543475569
7.9808907188,1.36706487958,1.74123750337,2.18261968188
7.08949809336,1.25868070618,1.24783541849,2.67020786303
5.75624472577,1.36373102514,1.84631165542,1.45947258826
8.39558590797,1.50086761989,1.76905356505,2.38654684093
7.54618549717,1.27229628586,1.41119155762,2.52276224255
7.50445222124,1.13307842942,1.59343158132,2.1197356567
0.645760140704,2.01137595851,1.23737873107,1.29890077604
4.56944057189,1.12471904707,1.85934537833,1.1353847118
8.69788394812,1.92110187854,1.92065383983,2.82944443815
8.95146435834,1.07194502813,1.69474171831,2.40476815876
0.8678681145,2.42028746126,1.63839176327,1.66676396831
11.3020581491,1.01494522719,1.74747810572,2.99806590665
6.94873281598,1.79177567199,1.71086911933,2.70231003801
5.03245737096,1.47876115796,1.39500583708,2.05163786715
8.30816108739,2.01535360445,1.97129416571,2.73116803444
1.87374270065,2.3630532544,1.95298245148,1.00156050983
5.34812283331,1.16548826803,1.55355396838,1.55330612021
3.11821679343,1.72303821987,1.68860153001,1.15881713879
10.2952264924,1.2794654476,1.90635138259,2.48365225478
9.29408348061,1.16835947514,1.81674608436,2.34736978056
4.30127925709,2.3199066357,1.8914295547,2.52099425181
3.67582795822,1.74090020067,1.50540208009,1.83948244407
3.60753476196,1.80777114374,1.42455107066,2.35475376676
5.44779552433,1.26575005086,1.37025442742,1.87136883402
3.63146132419,1.01763156085,1.36784910435,1.12996324913
3.71020754411,1.53243247769,1.77593914205,1.06689140536
2.31674053717,2.36731582386,1.68700588635,2.9792593281
4.52221489163,1.80058151163,1.93271512457,1.3090032241
6.94319651261,1.24940089885,1.50264247748,2.14445264719
12.299126968,1.07910096346,1.99900884693,2.91810287974
6.46511202498,1.0036463892,1.1124005625,2.27191636726
5.49955555705,1.17031941587,1.46772802239,1.6825782457
5.59271103144,1.53855024028,1.32490411817,2.68540055679
4.79583061981,1.30619948973,1.65004615346,1.36886284604
7.84639109205,1.20594135865,1.28461910835,2.75957045295
2.37806334904,1.74090315075,1.14276058349,2.40780593
6.95894052046,1.91354422917,1.75246736326,2.94403343354
2.00092540917,1.9563525187,1.27837224986,2.810269311
8.34419664342,1.1644594193,1.28462924819,2.86035941917
3.91479097012,1.56264666742,1.08065737667,2.82811971201
5.02782338796,1.35891059855,1.52626682726,1.62135761194
6.08655496964,1.29432280538,1.64620663375,1.73419169484
4.26245183139,1.94977806846,1.63181947837,2.3942710828
4.60095480441,1.32637397551,1.48471285885,1.50314917478
5.03220812866,1.49989464882,1.21242213347,2.64381287342
5.21555721663,1.07811843634,1.68585316808,1.40604001433
7.38895990189,1.48921607384,1.80455165317,2.02337926771
5.17676925119,1.73744812737,1.82445015828,1.63323048999
4.24858999386,1.44905804263,1.94474012625,1.02542793646
4.53492863997,1.11349922129,1.31061541264,1.4917946853
5.23731358653,1.4542229487,1.18409647077,2.65478247552
2.18978713322,1.79977130008,1.22381334638,2.17209022166
7.41771289914,1.46329096278,1.9924357345,1.73450466231
5.918218869,1.86583512341,1.7863063499,2.23380047375
4.31855506759,2.45996345394,1.92537472082,2.98819069003
9.4140390349,1.04376329956,1.70704024172,2.52375831357
8.87083297095,1.04755708104,1.45949868077,2.65258918138
7.63450086555,1.77534383287,1.98734145616,2.03474256562
5.5885810676,1.72386769036,1.90691542903,1.58126733839
4.19588386342,1.77147768244,1.52842411781,2.12074063827
5.17695712016,1.69945450551,1.86652018715,1.50870205544
4.34759862793,1.18157109551,1.36429820753,1.42681164062
1.20986588339,2.89520893528,1.95961215129,2.34260735206
0.978605282149,1.97211894869,1.12835628206,2.52988721594
5.19557941646,1.2408129647,1.23577138307,1.94648279748
4.638131824,1.29931865351,1.80996443386,1.18805622559
2.98205845876,1.91658644855,1.56434120071,1.81348269485
9.20615784872,1.08424559107,1.59443116912,2.58836368967
5.10298334649,1.63537713121,1.86152662972,1.4337286855
2.82933712025,2.02471440633,1.66572094305,1.69207844558
4.86812124157,1.08852581193,1.64189601321,1.33853777114
2.3963512086,1.69073851987,1.54622812117,1.0469922176
7.97741395401,1.63323723967,1.94070823314,2.06676878054
6.6057503751,1.38137024707,1.29452553885,2.68778177522
6.48115732641,1.62190799073,1.72480695469,2.09227364032
4.42182971921,1.41643660495,1.04999541667,2.49442199452
6.74148257084,1.57103107114,1.9528794106,1.68023953217
3.4343782641,1.55122182539,1.20933638395,1.97919888567
3.40446351411,2.00068459202,1.89985094296,1.2418536904
9.53039627898,1.79551602291,1.89773952871,2.87255991854
8.33123425996,1.40742752861,1.85811711451,2.11903960761
8.04806150095,1.03561576398,1.63534774265,2.22487556606
5.13253661396,2.23702113819,1.98279275383,2.12115412842
8.13988935599,1.14498962778,1.72017469263,2.15674596091
5.48904850279,1.15429126558,1.85862474604,1.35986864927
8.6504460931,1.63515575492,1.81610503165,2.54990126732
11.4537633724,1.01227755574,1.84774448374,2.93110679801
1.05686747184,1.87724010498,1.13930783658,1.71642586754
2.94419201656,2.40395828093,1.79961932354,2.74490279273
7.34465722604,1.51926475164,1.92288567005,1.84196342866
7.9404496468,1.50840240567,1.59741421731,2.67836343176
1.68235053432,2.0928190569,1.47864160687,1.95581321574
4.5354092365,1.18871627835,1.58652504255,1.29956474497
2.52154952158,2.19412814648,1.62406107828,2.4614788837
2.21796101709,2.21493132902,1.81056696708,1.33091182858
4.59139281762,1.04317925355,1.43297605434,1.38970151032
5.6339437556,1.03120314895,1.68261696469,1.52823428156
8.54727871657,1.20455900474,1.47829584109,2.63141501152
2.60621766866,2.09382474135,1.75139951302,1.45329594928
2.18174328438,1.47127307639,1.19263572542,1.12358188874
4.49983824324,1.86384963138,1.49937304778,2.82647296877
8.42055798878,1.18713090235,1.58500871731,2.41401992046
3.00946552668,1.3788536741,1.13396753699,1.44748270133
4.86865093329,1.88555136948,1.908798282,1.55987166598
5.67840278371,1.28482570253,1.81340283615,1.44785187134
7.51726874929,1.56747019067,1.98164305599,1.82484769175
0.850973802537,2.12197703065,1.3714423552,1.61346531091
11.4297478112,1.62031961032,1.93754760147,2.95176856289
5.25112138925,1.52006986124,1.61839411562,1.74998328236
5.14682368534,1.39954952468,1.17221903868,2.44144894771
4.64982348343,1.22585593131,1.46893035234,1.45373280104
3.86138820923,1.96778058655,1.59476717639,2.42726403109
4.08071274232,1.13308989498,1.59997242602,1.14871128818
7.29962283671,1.15460298752,1.64774279727,2.00894937125
4.41248688461,1.98797468354,1.72885312174,2.16933747593
2.17273927257,2.06686348916,1.7786566849,1.09094098088
5.86829760473,1.34028165113,1.96855368135,1.37022613837
8.26768648854,1.8895059063,1.9015898381,2.68642645223
6.19569721248,1.06300795974,1.45448749779,1.86047222394
6.73168106141,1.60447362281,1.89347372146,1.79979858831
5.15726609223,1.68820742512,1.84449869548,1.52899793663
6.39880636347,1.06477909734,1.45486480843,1.92157159077
4.85967592658,2.16663337354,1.95630653925,1.94085750348
5.71175598416,1.2846633074,1.58768063432,1.68865753596
5.39974882375,1.03639685461,1.19635282167,1.83800679221
9.29054243585,1.0368272305,1.84858770793,2.35990595324
8.75262282352,1.21279102231,1.34517445267,2.96059390084
5.13895423294,1.07534383834,1.07964490265,1.90517381435
6.62491017447,1.52167994998,1.76371391257,1.91496798113
7.1298760192,1.04382389579,1.32590845548,2.27456793609
10.5459872433,1.19624881227,1.65836673509,2.90321994195
6.36037365411,1.61651930493,1.49533241197,2.70828339713
5.35268331465,1.67145864452,1.4557743641,2.60258947876
1.14440394133,1.91236610568,1.08883985939,2.5759899092
8.81870247172,1.1704465036,1.50143204417,2.64403605541
6.62553986214,1.35546454374,1.22766782089,2.80071011941
4.92707871324,2.18314675298,1.9795227949,1.91586070744
5.51862639585,1.37843566484,1.8205079148,1.43023345152
3.75537360123,1.53591877124,1.05539145769,2.66366399083
9.10247633752,1.33719626837,1.49926157893,2.95951933566
7.22859394253,1.07339901132,1.81535125396,1.84485940026
8.42223592934,1.37224760949,1.90438869364,2.05693701826
1.43851521078,1.61438535891,1.12239162208,1.08896225903
2.83611473893,2.08376984534,1.92617291403,1.08577251519
9.64590305037,1.14508883847,1.87415250336,2.37486541057
7.08657314714,1.08559179821,1.79866810181,1.81758835664
4.03699435826,1.3812814893,1.77640878839,1.08126304783
8.78858357165,1.13457574619,1.30887046364,2.92093943799
12.0083885627,1.35502123224,1.86838248576,2.99397291295
6.03440730645,1.1383246875,1.60935499476,1.69144444452
7.98860994169,1.71001757647,1.84285528948,2.4114550113
2.20859786568,1.75665451595,1.10106076058,2.5948618081
4.26726764639,1.12260406322,1.96964671044,1.01206749018
2.61962823502,2.01538056569,1.50994499843,2.24543783938
4.5233858643,1.38517171168,1.17659205517,2.0935777735
3.96562848185,1.63183838157,1.77124922482,1.22480740626
7.28130241992,1.0895591573,1.84985126654,1.82671850548
4.23639784559,1.35055816251,1.09491685272,2.04343356802
3.95936288444,1.73886346546,1.36392279844,2.52596237597
6.47946927124,1.37722893493,1.82197563004,1.67691055112
10.1472315698,1.16146809689,1.93555918312,2.42461511895
4.61418022645,1.05602174003,1.56557518684,1.31396486854
0.786389362284,1.84927366098,1.04999778591,1.52099689896
8.02598898908,1.21062301076,1.92217832985,1.92037095686
9.1074500396,1.09900263379,1.45579807028,2.75006347776
3.46219930826,1.05307614099,1.16685133184,1.20553455136
2.99720820329,1.25230609469,1.10210338255,1.26996496387
0.631254505559,2.16698886303,1.28554764994,2.23166674651
4.0356797652,1.6694247338,1.20407427706,2.98785352233
7.21098361627,1.15076430081,1.02989598662,2.92707013188
3.9829727877,1.2220433356,1.50877954021,1.21065323936
7.16018885535,1.43698716579,1.47660495506,2.5658874754
4.94245023582,2.30210758718,1.88918829569,2.82374956115
1.71330416866,1.98692556306,1.27186764194,2.75118278255
6.17671639489,1.58540200622,1.62741507386,2.15815297223
7.60677473812,1.15890002528,1.93085786503,1.82211518976
3.37969159752,1.79364965225,1.7593022233,1.22697528908
6.330172035,1.85549705897,1.76333369491,2.44748285065
6.31689165967,1.28317603918,1.90098748291,1.5289223713
7.63661894005,1.07846910079,1.23382096781,2.58850934867
5.99379096179,1.96364764931,1.79580024442,2.50870485845
6.48784218052,1.49433910826,1.759009505,1.85438154777
8.35173644116,1.27469054864,1.86496079263,2.06259033266
11.5763824989,1.44544817039,1.90505866137,2.87495315677
8.79766827909,1.04295433773,1.99425979141,2.1168313195
6.89644230282,1.07834635136,1.79351013514,1.7746050652
9.22142472728,1.73717220888,1.98228522167,2.41719356914
9.9787683843,1.39725905625,1.80442559315,2.63216941149
5.18447403245,1.71836520525,1.52998211413,2.41171454888
9.16433184394,1.36392240277,1.64077190604,2.70153014683
5.42232334707,1.33266353926,1.63267455203,1.58466656483
1.98727116024,1.69326113961,1.11080482377,1.88498312584
7.99271769015,1.30462740874,1.3502757379,2.87222450592
5.42724526441,1.35143253476,1.2540308916,2.22493331908
2.02114499035,2.46389239826,1.83564128506,1.92302791383
6.73808536709,1.64927226235,1.51296373167,2.92199725862
8.76252254011,1.82919169787,1.84094461979,2.93529831505
3.05262362538,1.67065472585,1.72894042464,1.02263945608
2.71825433626,1.68807711861,1.61563006141,1.07323127458
2.82134929857,1.3972476511,1.25615689715,1.21669581068
6.38269688739,1.07801856743,1.48326833741,1.89337475425
2.68378825615,1.69087099509,1.29046813101,1.77605551433
5.70170382902,2.35835675659,1.98567347189,2.77703699483
8.25404621426,1.22756707855,1.48389744193,2.55663726783
4.94937834273,1.54434929083,1.63410549857,1.65536079489
6.08434254289,1.13667312148,1.39482155437,1.92154171562
5.30025595976,1.15887997614,1.40979941006,1.67285441644
4.41916478625,1.39512731521,1.2421549063,1.92948652459
6.63394560477,1.72506708017,1.94016588632,1.8091104266
3.52301963561,1.72015352969,1.32882320968,2.30904016044
8.75296527022,1.75109476141,1.88623743739,2.58688450368
1.25108123579,2.38710015426,1.72159140634,1.49000267012
3.80658178552,1.23479458854,1.05862313646,1.64357557975
6.42157012992,1.19274239045,1.82592355341,1.61393227432
1.21937576893,2.55907941246,1.80276730289,1.74722336465
6.32956038865,1.39708965542,1.30884784482,2.58240994131
5.724223893,1.11806476755,1.89186362033,1.40381436449
10.2134563298,1.66290846843,1.84897002361,2.96027053123
5.46086577995,1.20738636766,1.10637284603,2.202425723
7.0167136689,1.08056883703,1.80443573726,1.79668988787
7.82297965329,1.37649551583,1.70187346681,2.21222849109
6.84438652607,1.6143334366,1.68066410209,2.30901345345
2.44242763904,1.60745995701,1.43650261944,1.11289840457
8.82583495198,1.95030086489,1.99575644739,2.63593182726
4.13356897277,1.87859665638,1.89249690818,1.34733680001
7.08967635179,1.7329912539,1.866194446,2.11777402606
1.44942098038,2.453877771,1.69528813503,2.40287640604
5.51853632324,1.19162338952,1.17285012834,2.08511887118
5.02031292912,1.0068581879,1.55349563263,1.43956372181
4.21473578897,1.54062892985,1.29400027937,2.11605586418
0.278608034751,2.63138957719,1.10314211836,1.74082780203
0.493161394485,2.64039092708,1.00704429303,1.86835580118
9.73394054028,1.76863937925,1.87584561041,2.95328009296
5.02130069181,1.04640372287,1.61232939128,1.40073646381
1.06892064334,2.11315817055,1.36314458598,2.02072785429
2.57908531475,1.87267321328,1.7065421209,1.11795359102
2.65494649396,1.27463246579,1.18240672343,1.0729739692
1.94245048605,2.31656041869,1.7522561879,1.71396432244
0.830734350583,2.31783993206,1.43910091967,2.89566171434
10.0331038028,1.36582439453,1.89629750009,2.46066104747
4.48760708104,1.48587218195,1.76186928614,1.27353447374
8.15800520842,1.5517046664,1.69528374584,2.57355256057
4.74135216897,2.14746402508,1.96879697491,1.8044276212
0.726120124282,2.94140644619,1.88882366531,2.94297121019
3.77042157016,1.03324033186,1.00583260699,1.42421589182
5.16585024217,1.70205108762,1.9297373631,1.40529109554
5.23400999316,1.16437079409,1.840361336,1.30703015266
0.286223429867,2.50371406121,1.02467707241,2.69771313523
1.49907080717,2.30140888598,1.76450597698,1.22656445178
3.3955409235,1.74339669764,1.59075875498,1.48983079952
3.48491740178,1.27646512675,1.34706054344,1.22852034108
2.55205113556,2.11091528531,1.52382020967,2.71327144709
9.19761936185,1.74540629352,1.96153020794,2.47932422824
7.34678847531,1.16104075954,1.84242743975,1.83317051722
11.4025915771,1.26102391558,1.80845577687,2.90617682058
7.5932981018,1.77841008103,1.74861971321,2.7541644663
2.96229142733,1.60392369256,1.50705850358,1.2227352141
8.30576558278,1.21576157749,1.92864793171,1.98029717865
7.4448539504,1.27022770286,1.41861428485,2.47163284302
4.00206661499,2.10317391216,1.8654298539,1.76926227146
6.94876320455,1.0180064786,1.06099098891,2.52432961261
4.75052544833,1.84541245534,1.80879792874,1.69443177237
1.71166667983,1.64706901258,1.27512327741,1.06512037087
7.63654085162,1.45900101682,1.80235920526,2.06635684373
4.70434510396,1.45196665546,1.51493015323,1.64443679961
3.75684481813,2.00276668648,1.89251499157,1.39101901577
5.77031524947,1.36726034934,1.80084396258,1.51155998645
9.64446426931,1.65623968755,1.98710350216,2.41407933219
3.99634407029,1.76523941601,1.77641012108,1.37626286031
5.23237360089,1.67197204852,1.38755045906,2.8321521649
4.85602993273,1.89743032631,1.78429942256,1.90796896118
6.44864087695,1.16947467766,1.82975045321,1.61828312164
3.14215898355,1.27997865692,1.48099429533,1.0011804238
6.71128716202,1.33773239649,1.89318865331,1.64157174622
6.27134057323,1.37919877508,1.36496039213,2.37535827821
5.18133516513,1.1811393384,1.29587111008,1.77987108499
3.35573953367,1.63797387842,1.57634436166,1.31779611345
9.14848126557,1.75219535581,1.84643994863,2.84224321743
0.984259318053,2.28563642076,1.55162967975,1.67720534636
2.80813988886,1.74078358943,1.51441279576,1.38450135919
2.2225564708,1.70975309972,1.50911843026,1.05446265363
3.87521050663,1.45684033112,1.7372174888,1.10660221268
0.892514984039,2.34030748705,1.56540766311,1.77003029457
7.33046595541,1.53696908714,1.94927541872,1.80965522533
5.58827748084,1.38346838738,1.34191260697,2.17372321927
6.03904937471,1.01661087987,1.4970723218,1.77281887672
5.8981789926,1.57292274352,1.97539027434,1.4423720637
4.46659112138,2.0880391853,1.7296961133,2.59168054802
11.1216916198,1.65023627271,1.9173893055,2.97538275162
3.23637495182,2.46531908909,1.87004046055,2.72859135071
3.2331415609,2.23254312206,1.72809142033,2.52371932335
7.2551099179,1.03995420772,1.12365750438,2.572537594
1.82443043417,1.4979239062,1.17257662504,1.00834893303
5.92287211444,1.47489143758,1.71454555763,1.74270797496
1.52422464297,2.89230243924,1.0268762674,2.78779776012
0.468414177554,2.55932365842,1.59435680271,2.39431816841
7.79734608523,1.58250330387,1.56924764292,2.90803307561
2.05782624441,1.83595144966,1.47109569471,1.29545164409
8.8941747903,1.07024584514,1.28662207979,2.91820678254
9.08187566739,1.00716224487,1.4947616808,2.669113764
11.9166547786,1.37771610834,1.88419749706,2.95353792662
5.0249858558,1.60373865522,1.51318273778,2.05732893927
3.09135522952,1.0272879586,1.2520235114,1.01945089674
5.19547022343,1.08842481411,1.74106706863,1.36568524951
4.95256588181,2.36914288826,1.93759615475,2.78893189971
4.14043818717,1.78105645276,1.82602677211,1.35387427771
7.4496218541,1.93170772162,1.86120316384,2.68630655071
7.57652322841,1.04909241899,1.36329078604,2.37478128682
3.2097458952,2.00386569467,1.91118163844,1.1524539878
7.45138611609,1.19772588297,1.97967559636,1.7361182795
0.622547413824,2.78098646217,1.86174111784,1.45087390222
3.7184840951,1.21174034533,1.40822013116,1.20319255852
8.09838113402,1.28698908086,1.8209816414,2.0560514978
9.52319268658,1.0615983599,1.7706651701,2.4804517893
4.31638402303,1.74707793936,1.69278364161,1.63747449437
6.71669790629,1.33560928522,1.39911019083,2.3732498568
12.7590104705,1.31302359116,1.98449763986,2.94747400446
9.98990715744,1.29440315063,1.66295660319,2.81388656913
6.34602636105,1.83787979609,1.96151874673,1.81997120479
3.61974124273,2.0202087715,1.8567375419,1.45836139261
3.4387790006,1.9176810692,1.63530462691,1.81552530025
7.84565750595,1.07117268716,1.04293658094,2.96734717606
5.25896096378,1.90362240724,1.75293058897,2.19449089701
4.24170024105,1.99333714954,1.75530967458,1.99572273274
6.09803990291,2.00454291368,1.79485161045,2.70168062246
5.90467854955,1.41780515946,1.9460515224,1.41398569931
5.0208559383,1.00207193546,1.00324913388,1.86741629413
5.58413762047,2.31632835984,1.98143576716,2.58196225289
4.11395664809,1.23122377955,1.53479905209,1.23375667142
1.71702745354,1.57091458764,1.13640611061,1.15176215622
3.36713748376,1.49408585184,1.3318813655,1.5062576872
7.25691873191,1.73900488348,1.92963061107,2.02051714608
4.26269698358,1.23961524776,1.78254780315,1.09999522491
4.00760216819,1.46031579819,1.8400076675,1.05219478405
3.77508166014,1.7267553893,1.86874068016,1.11904092861
2.24743835813,1.48748194524,1.29873513146,1.03759830276
6.39021591629,1.46584124689,1.32251136805,2.78683989507
9.21647481722,1.20073550918,1.47030412504,2.84766753278
2.45048310259,2.40439529754,1.98648637344,1.28020584392
5.71745545941,1.82636472611,1.59088616183,2.82903956424
5.34215516616,2.05784974099,1.72425635081,2.97474320088
5.86178706757,1.12864035823,1.20501105603,2.07360065506
6.20392780623,1.02162763113,1.61908859994,1.72914143781
6.27811557838,1.58296545516,1.9455307591,1.58266828599
9.12231068338,1.06354056161,1.97429242169,2.19492500048
8.09581790186,1.05991162736,1.09741761547,2.94316538559
7.63019036871,1.0951827163,1.55697896151,2.18625524428
8.41626973318,1.12971047918,1.62114894311,2.34242880523
2.18810144324,2.30699789857,1.62386270678,2.9835151834
4.71547099187,1.17408332037,1.32296840067,1.58421594139
5.34167996389,1.24736590212,1.02902234826,2.40287936344
5.90351239013,1.59206762235,1.88366340566,1.58318026518
8.68226676165,1.7608609838,1.96811465189,2.34498800932
6.27352323142,1.78627637621,1.91547433541,1.83600297564
5.8064706399,1.7732993458,1.97972677145,1.55928658608
5.81687920596,1.59165030498,1.84546197486,1.61864334534
8.87134035939,1.01128150085,1.46650562634,2.63913164253
5.1768539709,1.04009704229,1.80770732508,1.33437356627
5.00680537898,1.77855709671,1.56040846229,2.42489611488
7.54151295384,1.46431818179,1.87633480755,1.92627132259
0.990835412487,2.3257433131,1.4817693126,2.82023414875
4.4514207165,1.13607237757,1.62818054007,1.23522468664
10.5741425828,1.72046163332,1.97078356892,2.78055308997
4.97955432717,1.61869046683,1.70747890011,1.63510235949
3.9578922247,1.59834461453,1.38372260139,1.91578825652
6.05441639001,1.85814810185,1.95779934613,1.77154788788
11.3197980249,1.32210713187,1.83323265281,2.86926699705
1.5751073286,1.90723847793,1.31154016258,1.71043530913
1.25895675856,2.20780026881,1.47509969183,2.20127562985
3.90808615345,1.84366789366,1.50846820438,2.31944099612
8.9447691915,1.62229258342,1.69350077383,2.99401529238
8.88899217644,1.08877233099,1.8972663224,2.18768169152
8.16907356064,1.90338167719,1.94566543396,2.52152700767
4.81895971823,1.59145679116,1.83747908165,1.35143574178
4.05810721244,1.58654224735,1.36540229342,1.98021390883
7.71857013749,1.34286278542,1.73669645431,2.0997798361
4.55933964067,2.00104186567,1.79413347831,2.01292124572
9.42239902127,1.15232724971,1.80279663093,2.39728707024
0.00300919241082,2.23513380216,1.00741815509,1.54818906444
3.14269489483,1.00270017296,1.03816183326,1.14757846605
11.1411444448,1.19036796178,1.80816161036,2.82573385126
3.40843931147,1.48191845894,1.13262272312,1.93493452971
4.32352166464,1.3881717415,1.4594854446,1.51036068782
4.27694092374,1.01447275104,1.83334991581,1.0993941383
4.67047410499,1.12016188022,1.79819349112,1.19329747947
7.70862485416,1.29442654533,1.85232645891,1.92220620829
4.56392679028,1.29750295677,1.45370681089,1.50029246405
3.96914611348,2.0860100486,1.92789967304,1.51866898873
5.93860765904,1.03622453477,1.35866397396,1.86113442488
3.37320773307,1.32814411549,1.22281329001,1.38952731907
8.08953078022,1.48711409787,1.78679044708,2.24737257135
8.88313790448,1.95186830821,1.93378281542,2.91592163875
2.79741064321,2.11189634351,1.92252279941,1.11600904491
7.01180591388,1.71414057217,1.64146886889,2.75353612246
1.78200874074,1.74714324612,1.17127091581,1.72089145212
9.71076661726,1.06207397734,1.70287783029,2.60195662536
2.30994830995,1.85435306438,1.4677426504,1.51913727039
6.104437016,1.34663229195,1.428392688,2.12112093994
3.52805510849,1.0544311594,1.02601535532,1.33391095771
5.35194374786,1.36962782934,1.60527108257,1.6278059939
4.07867882714,1.56055213578,1.40081616023,1.82830723738
4.45714527807,1.32803868845,1.44968693954,1.50020566526
0.752622167498,2.45757081723,1.59325947713,2.17558406392
9.90633729609,1.01540235108,1.99193414805,2.4111029079
5.01129654461,1.07088964905,1.12194737541,1.80635608643
6.91599567715,1.12364278463,1.05945378878,2.68655672508
3.43168576428,2.03347578109,1.61519108955,2.34912437478
8.36073134771,1.41860033465,1.91826999072,2.0421364544
2.61625062508,1.11862752491,1.00028089711,1.05467912032
4.90159235867,1.82273972406,1.98134258149,1.35638112538
6.59994944676,1.93204948548,1.90867893552,2.20938801541
4.67755398791,1.68758052232,1.42391698713,2.45166215857
2.26991791424,2.10017748851,1.82368434379,1.0902308196
5.04969999053,1.70363307487,1.56448994893,2.18530632094
7.75154651179,1.1277037835,1.52085889813,2.27387421969
7.47285333929,1.17602592313,1.42022002621,2.35965614092
3.23399672597,1.73840808486,1.55108244706,1.49844757535
5.3527616399,1.42929345387,1.24962390401,2.42132368667
8.07600817886,1.93564809452,1.86755404205,2.89487004087
2.69289197418,1.35311626805,1.00379794851,1.44358209752
4.95825040666,1.17972419349,1.82046225791,1.24969288326
6.75213163329,1.33230206002,1.9765500829,1.5682415481
7.27015045102,1.10322738387,1.64402027074,1.99735518133
7.10370629888,1.32376647634,1.60951633749,2.10354781093
2.88827683936,1.93315979543,1.88007931575,1.01216280485
5.09048664961,2.12442187859,1.80268071992,2.66007097189
3.96364175751,1.44437361792,1.71930634381,1.1418690525
5.91289691652,1.26178613825,1.34003732519,2.07363662488
4.12959781614,1.23307402246,1.56207101389,1.21743141465
2.28109834572,1.48219534193,1.31856242124,1.02079977601
2.67452521499,1.70387222091,1.61657168602,1.07446415974
6.93502355694,1.57291157988,1.8136423696,1.96952829804
10.7645831833,1.17190767702,1.72531978909,2.84825705776
7.77464359216,1.7120260061,1.88631897635,2.23437047366
7.35972548197,1.99901775939,1.97625740217,2.36316503673
0.649079190713,2.08888504971,1.15522326145,2.91637027609
5.16357876318,1.16718418324,1.59199560252,1.46790225835
1.49884336367,2.07781655664,1.45375259622,1.80203012586
2.84851030918,1.07403136875,1.07794019785,1.05628933556
7.32902863382,1.85023372096,1.82814234846,2.55307790229
3.48059909339,1.61367804105,1.72948946809,1.11031766762
7.9183210076,1.40864835959,1.90409448982,1.94912064127
3.58015533593,1.11340871928,1.09407840981,1.34836545428
6.00269911047,1.14000666033,1.59365593065,1.69697082773
0.97941382576,2.814713066,1.98847061406,1.23830490054
5.74923289693,1.04538598459,1.53760965436,1.6578877266
5.07029171423,2.1713797975,1.83133240111,2.6793589894
6.6491415182,1.36201315549,1.62449296884,1.98340664297
3.87227520664,2.28281796005,1.79866441935,2.74271522677
7.49220864783,1.13396665456,1.58752046456,2.12312792107
1.54482045423,2.47011753499,1.83379725035,1.50365028698
7.20656108948,1.04010052247,1.7328489435,1.91294223797
6.41741535763,1.53975931343,1.76376895117,1.87520607433
5.50481227541,1.61986953803,1.36482159298,2.83140684101
8.36323496789,1.58212707379,1.77534279742,2.48245091005
3.92546057919,1.45921447665,1.8552878677,1.01767501996
9.81368152538,1.62675868056,1.96030791618,2.48723838014
5.2753838157,1.75295785976,1.73531593623,1.89803162591
0.14090755178,2.9955764514,1.54294417633,2.18853278196
4.98525056925,1.09716932937,1.14380458019,1.79973282983
3.31268862515,2.07322740922,1.95821128516,1.18183524408
0.748447889586,2.58876787605,1.76842991827,1.41382919133
7.8263704655,1.30305256683,1.95339743324,1.83994678176
5.31239192595,1.1369994713,1.85367394225,1.32135741338
10.9541034583,1.1480746008,1.81729320974,2.76834547907
7.73717076817,1.10298026737,1.80510608478,1.97433569387
7.31008860514,1.51173528123,1.57755754875,2.5244948732
6.57749606844,1.04812865038,1.79276967013,1.70228284674
10.0288473128,1.24256283316,1.72326166297,2.68071114791
3.04661429119,1.38844861883,1.10006967076,1.54467786523
8.49591559727,1.10362693397,1.89582686374,2.08564368821
7.29971276875,1.58865425991,1.72758601627,2.288527926
3.81027801646,2.39618060312,1.95650103146,2.13287795383
7.87272333434,1.02225445784,1.74595355737,2.08620835452
6.29710468195,1.09111969634,1.06800142777,2.3755564007
6.93010040312,1.18636712912,1.10657305281,2.74109895524
5.13669852273,1.52962056365,1.9093924983,1.30810659024
8.07863273603,1.9681551993,1.90582974866,2.81735628839
7.31131934555,1.43504010479,1.63711605633,2.25027039747
9.81506464691,1.1209733047,1.50547375571,2.89929325831
12.4131784153,1.44669792682,1.97247979302,2.93467021868
4.4028653901,1.53795372731,1.15060576767,2.70219142638
4.30457348046,1.39373035467,1.44353415969,1.53330196701
3.32999605806,1.33478310979,1.09479547196,1.57170474033
4.86096948248,1.74845076726,1.55952526552,2.25491012617
7.2567867727,1.44712271599,1.79176637094,1.97057514643
11.4004453232,1.38758473869,1.93668065963,2.73227192167
6.79720108819,1.03830462344,1.92796949005,1.67663458486
4.53007590267,1.7152802393,1.6376060224,1.79100840021
7.32553196427,1.43344373402,1.84324016542,1.89967709185
3.03331683677,1.83710489073,1.55455160765,1.63044941384
7.74885805135,1.6313429715,1.99280887593,1.90831912976
6.61921767327,1.06747760057,1.45999051255,1.98348148596
2.4434427943,2.46598219696,1.83853485814,2.31216037037
9.66821065707,1.30895942093,1.94036354894,2.29088119505
0.515553231143,2.76844161138,1.8060921292,1.67310599407
5.74356895994,1.66103646976,1.96788150074,1.4684695483
5.38355493069,1.33362409708,1.8261808499,1.37409669768
6.51991428423,2.03803188769,1.94696033976,2.28434187287
3.71284861528,1.57365341961,1.20852724765,2.23321824685
5.36232763599,2.11831000702,1.86700989815,2.41367737542
1.15561142985,2.53450583892,1.79691569865,1.57266292188
9.72759932297,1.31112646097,1.88155341072,2.38797542208
2.13237779403,1.8876140047,1.51805569132,1.35046066026
6.62588810864,1.14181917432,1.76311376008,1.71893084961
4.22007584298,1.43457595068,1.32377506772,1.76892457368
4.48318192746,1.70965870057,1.32171406762,2.91367910195
6.40549578056,1.48981831553,1.95203038925,1.55419458535
11.1950315623,1.14424089059,1.7706135606,2.89362049516
4.63048329654,1.47971382504,1.97738333037,1.09893828053
7.1332467518,1.49291576365,1.73656401346,2.0790997311
10.0772362016,1.13738375729,1.90937401847,2.44491533716
2.30700552445,1.64680541365,1.01841465246,2.33214462657
7.19049939713,1.19392075266,1.90732764757,1.73500322239
5.4398848507,1.04734075575,1.66446182841,1.48382069507
7.3685077008,1.05009992973,1.17710091301,2.54790631288
2.90097127386,2.06318355479,1.59407879956,2.23408583224
9.01078554782,1.08493964237,1.99780118068,2.13499405391
3.58611659922,2.03103824392,1.78066251388,1.69714589914
6.65171323079,1.47862830103,1.77267227824,1.86283597922
3.84259066404,1.5648718344,1.17365508327,2.39901302157
8.25888998046,1.27016916799,1.68191815377,2.27980577411
4.79230326394,1.99954870228,1.81294341844,2.03821095513
6.71998499167,1.37033797696,1.50578117157,2.22225741821
5.02837523583,1.08751195484,1.2803802098,1.66593559769
4.83215969106,1.81465907185,1.55651471474,2.49350488101
4.71625794439,2.14414362804,1.85346223441,2.26986512863
4.66536156795,1.47886045835,1.49121011059,1.71236050395
5.04015881916,1.69767416869,1.76655361342,1.65153396728
4.62103762326,1.57568113387,1.37700866871,2.18377228617
4.07673636665,2.11961742955,1.96653992257,1.5085108564
1.21948564242,1.922418278,1.25514717436,1.63443588979
2.39027678694,2.27823420543,1.83799216117,1.50126075965
3.0029927225,1.1485951003,1.23040218454,1.05728555407
9.84300750249,1.73445986797,1.98519002925,2.56802579102
5.29646145152,1.16548245328,1.68194218278,1.43309868107
4.02211835635,1.16771201373,1.67893382878,1.09028822915
6.03782867553,1.4266698051,1.9843258956,1.41026058029
11.1331055271,1.03974760775,1.73537514604,2.95241147487
2.48248693747,2.26922470695,1.74181846928,2.02256870765
3.81249653362,1.63818131251,1.55247656426,1.54522055819
9.71319914123,1.35106140415,1.81023567031,2.51638669863
7.49342187894,1.13071988851,1.22572134179,2.61889388667
3.47348663972,2.0918453791,1.95409659445,1.27452994002
7.03252947776,1.21900744968,1.11989246791,2.83676858368
8.01370417255,1.29813500774,1.872767253,1.97468924762
4.05175294979,1.33337736641,1.47426803473,1.34126298477
1.95286580106,1.76061181164,1.28935126471,1.51167765555
1.43095466832,1.74097570131,1.11229971148,1.55650442223
3.69652247605,1.29543641741,1.59695748035,1.09071425124
4.17957099188,2.12970583821,1.88973854398,1.82313810284
5.01032165949,2.02377178484,1.87515697081,1.96059662265
4.80274030754,1.36901618,1.6244683097,1.43791352393
4.46506630727,1.31381882479,1.54590496161,1.38013640071
9.14904557305,1.4069293814,1.71555913393,2.59507498029
6.55166235958,1.15159818524,1.42582849392,2.04224830007
6.3237848309,1.36550698422,1.49327180807,2.10670584353
2.46053158142,2.25015177573,1.75190459203,1.86261127722
6.61046969318,1.35564377005,1.31909056433,2.5566091737
1.86732874502,2.28363311704,1.83713374336,1.18778682589
1.42517936675,2.42651307721,1.80426693001,1.38382041541
8.61711994051,1.66248872035,1.97934256034,2.1797351963
2.66917849033,2.09390875704,1.88909301226,1.1112383663
9.01926994189,1.27156487341,1.99801327139,2.06908698407
1.74753574229,2.05434890236,1.367123185,2.59451094027
3.00463181544,1.07517862517,1.17033364877,1.05491259157
2.60788294026,1.93086240435,1.47881364094,1.97470780879
5.79855041665,1.16376105092,1.53652974893,1.69995767424
6.63974976526,1.40748918777,1.60658042775,2.06295019254
3.98482527868,2.02894253687,1.8683453024,1.58882600076
5.18246845624,1.3740962507,1.08047762513,2.62946560453
4.43388418408,1.46917406441,1.35533735239,1.86967301179
10.8153894607,1.26574927911,1.87542013613,2.65324475748
5.36005985269,1.27579490454,1.62591724405,1.5381332485
1.92431330003,1.87012703907,1.47440490345,1.28921268945
8.24569450575,1.59925299054,1.82031951284,2.36373307819
1.38641751853,1.8518921633,1.02725613477,2.93320156149
6.39365931782,1.36880556703,1.92144441945,1.54306145831
5.99258767138,1.16185905819,1.10570104099,2.32270882465
6.19982050916,1.32972698898,1.9904053007,1.42806030441
7.74257542356,1.30627909668,1.51002815473,2.44948699117
4.258842624,1.27757149298,1.40248695524,1.43828271922
4.26854293686,1.7670921133,1.5866869405,1.94764254176
3.85153326212,1.02869811993,1.48720187895,1.13574222048
4.1630832723,1.23572543576,1.220675189,1.57183455367
2.61741036422,2.01476090262,1.46862611076,2.50572266766
6.48270162234,1.66058746061,1.82803968145,1.91976682689
10.2576987583,1.02806148875,1.98447592575,2.49026380689
3.57895664417,2.41023285562,1.92950456568,2.22035553207
6.00476523474,1.34206591578,1.50650005912,1.94694017227
6.28381398801,1.4206158742,1.89077955773,1.56636718895
5.13281034737,2.19232586569,1.85198160415,2.67376964146
5.40464888702,1.02701380148,1.94385800761,1.33087372289
7.94954951313,1.08579898807,1.28998917774,2.61778336907
4.80159574027,1.45777839786,1.03193121994,2.9960321224
6.46483901836,1.00293324037,1.57147122936,1.84085972788
6.8889606431,1.27261592913,1.64018087844,1.95589137608
8.14174818927,1.36314010942,1.77879654672,2.16377735367
3.8814056132,1.54799023368,1.08934235492,2.67587599824
4.4382887485,1.09957219398,1.61041429733,1.23913949105
1.37185367227,1.78846769609,1.27567601006,1.17099363316
3.32720521434,1.99299690821,1.80021207131,1.43633585793
4.56276207981,2.37947998814,1.93492901252,2.6356863915
8.58295139085,1.20201514071,1.4985726703,2.60574946967
6.73343944452,1.07283808433,1.83068028141,1.70797296482
4.2165665316,1.62691559549,1.30948206779,2.38909030519
4.14711155749,1.09385971702,1.34927818595,1.32483991224
2.00638535806,1.71278111513,1.17128418374,1.76416742125
4.96011996836,1.71330364969,1.37162294449,2.96961116817
3.47593500681,2.32509199678,1.90909067338,1.96003872319
7.91709423582,1.98102068214,1.89874759883,2.83172091577
1.30690313405,1.98004520797,1.27297160666,2.036832806
3.10105808844,2.45757368419,1.98579276383,1.77469478533
5.45550005323,1.15711957127,1.6216490799,1.52307858107
1.05324312308,2.22469468802,1.59466281214,1.23696040415
3.50147891181,2.21298641843,1.70972078519,2.75901512096
1.96087698742,1.8152650692,1.26527426566,1.83994262846
8.33690429392,1.25550754317,1.56823967218,2.4684513787
4.62830003727,1.01098542439,1.86342058043,1.17839018738
3.47560203716,2.61954225068,1.96687123368,2.92807777126
2.19173527323,1.90273168761,1.65406958713,1.08978047146
6.80368669302,2.18753506265,1.98387730407,2.63631635689
11.2378980319,1.25959093413,1.73594797333,2.99080786688
3.96852144007,1.06734358687,1.39287079434,1.23000944796
4.46373473656,1.59804924617,1.99449600171,1.08334202622
9.06232659873,1.69049906709,1.92625869252,2.4576342715
6.67986494497,1.47070382193,1.46469026837,2.5015694575
4.61804344848,1.87773457189,1.66309575113,2.17434943584
0.770705198579,2.10581378217,1.27700716406,2.04226945018
3.98369296768,1.48513150305,1.50514273482,1.44943852855
5.43322281525,1.46879214252,1.4495952149,2.06370985951
7.95873342571,1.04021388191,1.31769126639,2.54740305862
7.1638231891,1.13989093657,1.12553326752,2.69179028012
1.40142222073,2.14652697044,1.61337627555,1.24936142802
1.34636308806,2.06542053436,1.4045607599,1.82800084016
7.56084722618,2.06051355768,1.96340540076,2.63658408771
5.80664406285,1.184619513,1.38412718945,1.88381993854
7.85363924807,1.08121270197,1.35692919002,2.48899016343
6.84459604159,1.31286234583,1.52560563449,2.1476176178
4.46328084385,1.20669646632,1.60776835761,1.26853402913
10.4929215291,1.25933765927,1.94919791029,2.47131506814
3.19926594583,1.34407888455,1.25381730121,1.30143531194
3.81842359127,1.45458145598,1.24599989824,1.79530089653
2.23740710559,1.90185193873,1.54889820748,1.36621997173
8.52373612351,1.20976935988,1.5464836193,2.51764638796
8.49823390656,1.26203309046,1.48074771963,2.68224591733
1.66624668042,1.83587666236,1.39431814503,1.2296789827
4.29843666866,1.89419484713,1.61489534713,2.27022416073
1.01164396489,1.65348795305,1.01570513404,1.04939506489
8.48787703746,1.09657735355,1.21361029739,2.9354065823
3.8656601751,1.91688028899,1.7126677537,1.76275826676
4.18375752001,1.32055044072,1.29253324611,1.60317691697
8.59569202404,1.48501634287,1.62733978143,2.76253964694
8.74717666979,1.73371013946,1.77011362061,2.94774313893
4.44648848679,1.06544168136,1.70923373527,1.18776268239
4.43100516968,1.5755988746,1.66423215495,1.47260030455
1.98694653589,1.92962023154,1.23331305933,2.92286294258
7.61212656851,1.4229489564,1.83292541278,1.9825081977
10.2419122319,1.40182453841,1.77114766933,2.77497058104
8.48084628457,1.14503781,1.90713629331,2.05727002295
7.57207101233,1.04497417354,1.8894901858,1.89013887988
2.99798396177,2.0321608202,1.51682916981,2.63129919282
4.15909224147,1.20836698945,1.05979650359,1.74384902305
2.31726666195,2.50744553997,1.79948364807,2.86987817282
5.03677527213,1.3618000885,1.15505834314,2.31297023486
2.35157588323,1.45736843932,1.2639149399,1.0864327144
2.59841931058,1.8889907389,1.36048758616,2.36077283935
6.40833458241,1.25565025071,1.00661749291,2.9735482956
10.1651214631,1.2855869953,1.92412550599,2.42832033888
5.06403407964,1.29090393329,1.18817018658,2.07043832158
8.17173899822,1.73673740858,1.75422907192,2.81983083163
3.35016377838,2.38263435369,1.92204222466,2.01878414819
5.60420008498,1.60186564389,1.88779713017,1.50458063324
3.75961467208,1.10891918407,1.34913438968,1.20725823326
3.96704134336,1.42393949621,1.05040866063,2.26647962325
3.44290636519,1.61566601309,1.56029564418,1.3456928532
8.34929990024,1.05030236378,1.76638475693,2.18272106434
7.21417847558,1.60111747839,1.646091603,2.50310575434
5.42101518114,1.76720039072,1.55225965568,2.6157780525
4.81962396805,1.62268196263,1.49906791069,2.05808409128
2.45239582396,1.78917362657,1.31135902031,1.94002396272
3.116494439,1.35420760225,1.05341729269,1.58185740664
0.950374768851,1.98602163025,1.3902805247,1.04749908227
3.39262346423,1.55284898139,1.51565020981,1.3067167053
2.70341214774,1.33072771173,1.07455745487,1.29611404341
5.92464720415,1.83998034647,1.81465058402,2.08327228502
4.31678220912,1.18638657199,1.58435851091,1.23779019202
3.43043019536,1.14227007854,1.25388870742,1.18501832218
5.80857629817,1.3371525957,1.25182748439,2.35000157367
11.3511920021,1.10331514282,1.98237794429,2.6912693883
2.50103938982,1.7964093418,1.55108228444,1.26524059478
3.83751615799,1.33390451359,1.26566298194,1.52719451146
3.89299173437,1.15282740248,1.47672383271,1.17801436614
8.60004413434,1.78201519158,1.97565945751,2.33313368524
9.95205125782,1.58145436902,1.82885483463,2.79845702972
4.46113226441,1.29245371081,1.38143383393,1.54788750797
3.38793237742,1.01992407286,1.40749825559,1.03528741124
2.92967398606,2.44844692292,1.89710432593,2.16978823404
8.44554721399,1.20075991284,1.85663368796,2.08944373368
1.00973138931,1.63681042253,1.00501130114,1.01945444253
4.3416271799,1.63971069718,1.89774401789,1.17812008864
3.99064236286,1.29052926719,1.10150047495,1.76769622002
3.86259786457,1.22624024733,1.00222462375,1.73527795276
3.29969670453,1.17855802321,1.48375566817,1.00257579092
5.58124972296,1.70143732359,1.47655585219,2.75115896197
8.08450271426,1.77979316633,1.94326093667,2.27625358123
4.87870532873,1.55042515075,1.23931031327,2.68722260263
0.615546005847,2.72856347715,1.03183552292,1.79191309264
4.7903562308,1.73243243015,1.43431702409,2.66322237365
4.93918949395,1.76826598451,1.6156858631,2.15636859008
3.93485137969,1.66719986658,1.62297497916,1.50228513322
9.3194357986,1.44156654339,1.83057162749,2.44778410598
2.04215655015,1.87484862614,1.21899360777,2.58815856012
10.9213999675,1.06107807636,1.7366960334,2.88516434923
5.74220271684,1.21151280466,1.19080844003,2.17507202123
3.30605754739,2.08575599169,1.87825303306,1.39113860262
5.28317926919,1.76770858583,1.76057256527,1.86380001763
5.98042052204,1.19889310952,1.43578236246,1.8881712066
8.9927195876,1.64675546197,1.98040333514,2.25593410001
8.52467826098,1.34418289647,1.86445006838,2.12641386107
2.58139248916,2.55567423037,1.87153719826,2.71031826392
8.8837782741,1.75935605908,1.82979015572,2.83593627371
7.23801033013,1.22254560255,1.18179488363,2.78694918533
1.89699209351,2.41290152177,1.84774194881,1.53063304653
3.72013861819,1.81812719227,1.44144115958,2.39785956058
3.9772482345,1.22398204177,1.65664243359,1.10224271638
1.31935346811,1.84617481884,1.13569239299,1.9242992154
3.99236775955,2.16285540984,1.79930537052,2.24406597056
4.0593861306,1.26264727385,1.71987265992,1.09183852804
2.25419527641,2.43728541067,1.76012994672,2.6709933437
7.39630304575,1.29880125487,1.58464513271,2.20503701049
3.88378546893,1.28047940819,1.29491107912,1.43321490514
2.14660265389,1.53155486653,1.21180391949,1.19040714685
5.27040490195,2.22969652592,1.93806840811,2.38129197866
3.72149896839,1.86739175375,1.97646046869,1.06974918856
8.47642268743,1.08959660798,1.50295357667,2.49372239687
10.2031809092,1.052535762,1.50000971656,2.99450897506
6.16086146689,2.24574047408,1.98151161383,2.58263028067
0.90469186405,2.98773418655,1.01937409917,1.37941565709
9.48704459196,1.23085103508,1.57104273368,2.77852475969
7.64559140404,1.29514718698,1.4124931154,2.59239952872
9.248464571,1.36533813704,1.61188084957,2.79144611051
6.23228630879,2.04116174992,1.94721430796,2.18987595584
1.50045753115,2.48988411338,1.95099935439,1.01484528387
6.11627508681,1.56175406199,1.49031533857,2.45276604372
10.6184770974,1.1616918525,1.75545876724,2.76514989732
8.22850591274,1.39418525222,1.59903337602,2.55205125193
8.54572375824,1.54756727013,1.62537405913,2.89301823449
2.58083639543,2.1532332561,1.77168148593,1.52493927373
7.81700351329,1.56884178244,1.60449234541,2.76062548314
7.71159082094,1.01759578993,1.79951745773,2.00503103268
4.7789470035,1.61961917206,1.58360849007,1.82168652246
2.34266871917,1.93114884591,1.63731116649,1.26011254529
6.33928925928,1.29050481608,1.24503370896,2.46294588175
4.80565387873,1.09382521075,1.35818731721,1.52765485581
1.27076160148,2.66401744182,1.89024295824,1.67089563903
8.45181112959,1.16657123588,1.81832866837,2.13309251919
0.499317832888,2.53663839458,1.62069037631,1.82711918155
6.50426650262,1.33127264735,1.24401303537,2.63465899231
2.41353435092,1.77287746685,1.56664444818,1.14712008886
5.39484019699,1.6705210413,1.44181978641,2.67560508452
9.3260268605,1.05355271214,1.91817697392,2.29766857333
6.46621431748,1.06061806184,1.72227746878,1.71868312278
3.62176417777,2.47281945863,1.97779892269,2.18090417827
4.61410376975,1.07679728751,1.64772945317,1.26549623319
3.65218300665,1.90796682379,1.63001437173,1.91694873009
3.25832188733,2.08525733863,1.84591163412,1.46185226157
8.71073816478,1.94307816162,1.98044576773,2.64444354504
6.15237002934,1.58885883821,1.7952350235,1.79738974961
11.1640371221,1.15950597031,1.85901382292,2.7640948613
8.67448298736,1.58881324091,1.73874890259,2.68764090822
8.52670265435,1.3328809493,1.82999195044,2.17055942906
5.03397412669,1.40395197994,1.56127066373,1.62346357253
8.27599225074,1.71525366599,1.75966766655,2.77881602425
8.57808668488,1.24714257556,1.43615190264,2.77345407674
5.70222557464,1.21839991854,1.70283826099,1.53601386168
1.53789037617,2.45125610736,1.73299211752,2.1308849285
6.98711379445,1.26584991038,1.32956054478,2.47802317087
2.21391810537,2.03121810136,1.68569508088,1.28132827482
3.47347424291,2.19684925463,1.93532173601,1.50820862755
6.26213066496,1.21180243437,1.89713416832,1.51724116744
10.9995242425,1.4257823605,1.79731082985,2.94773827609
4.36809083879,1.43993114282,1.14246684611,2.2806463254
10.5722505494,1.20990111711,1.82628638675,2.65734528214
3.43106793008,1.56857777533,1.45630133752,1.44716611685
7.1216169511,1.65046332165,1.64965584445,2.58110172053
6.91378396216,1.38973334061,1.31625240622,2.77711984294
3.92648177015,1.2290674854,1.33146073234,1.3551285632
6.49240704429,1.96830662398,1.84308246667,2.51527824337
1.68115534493,1.68588118849,1.17195887701,1.37767631475
8.62179856823,1.54544581071,1.82825942461,2.37770362194
5.40018095985,1.19843952107,1.81614652116,1.36419477195
4.36123639191,1.92116481177,1.57105388303,2.6379986022
4.9865248865,1.48210012055,1.12116125714,2.87670481002
7.56153074141,1.03724082503,1.3510060206,2.37908437282
6.32111864003,1.42381782301,1.42607787787,2.35333758997
5.86790085427,1.6317572474,1.45676816118,2.68881179388
2.78044984457,2.37734907187,1.89590490083,1.79019265084
7.9583621481,1.02980559449,1.8048818247,2.05860892936
3.29514131583,2.05280796285,1.56755092828,2.65587604289
11.3201676631,1.14789540058,1.92591895929,2.72206185046
1.51425981766,2.89399442213,1.96890295412,2.75356626935
9.86728492007,1.39409903205,1.71056248423,2.79334254344
5.95755397078,1.1864970023,1.15417282548,2.27323549648
5.05865784684,1.48523594709,1.50181284006,1.84724611857
2.20044892215,1.52807017191,1.29299338882,1.08519900993
5.53177400529,2.12363632727,1.93871639457,2.16943218785
4.36782628789,1.32388005025,1.40582094557,1.52047840049
10.3789614152,1.05577946082,1.90951583118,2.56366217828
7.45803479303,1.32551657342,1.85863987853,1.86109111757
8.2156126368,1.23094929443,1.90266203582,1.98397607145
4.41657526389,1.75214846964,1.84624839852,1.37241553512
0.0361340001804,2.44279070346,1.08388593067,1.25006439941
7.16912622069,1.26174524165,1.5341613588,2.17852416459
11.5834018657,1.00759799048,1.82430854337,2.99330564052
6.84036058431,1.37430626401,1.49611036349,2.2876781119
4.2207945095,2.1510309206,1.9530448292,1.66422963805
6.89106425937,1.92324221102,1.74968935669,2.96750710562
4.59330632053,1.37910786648,1.11952189836,2.2461562959
8.79308257294,1.54450391092,1.78982113903,2.51306649103
6.73049751397,1.02344950381,1.6699234582,1.83713304418
4.66214559082,1.84250395644,1.80105353153,1.67703230136
2.49413749222,1.89815981659,1.31008015533,2.64658192284
4.05999263301,1.4423894275,1.37070335282,1.63185882841
3.82762385037,2.30636958211,1.88233906621,2.24428916952
2.80851971707,2.39906445671,1.94662877171,1.62466036678
6.30906515482,1.15505071984,1.90387057658,1.53062970584
2.66355584313,1.29174825752,1.03152176401,1.26515120317
4.17329813698,2.08057514553,1.69329165011,2.60192221758
4.67805274741,1.54911296016,1.73329687577,1.4171166695
4.98619515861,1.75050711198,1.74863241347,1.75724120257
6.81844046427,1.17944882455,1.87224633583,1.67516725785
11.7953630781,1.26235061967,1.88016609384,2.88532728134
6.78104518617,1.37768297924,1.2729786029,2.80847806422
10.2597236757,1.18395819102,1.71824534497,2.7275507639
2.73564963288,1.97245183401,1.74172370474,1.28118632853
8.63059172607,1.67726587098,1.82162039796,2.60565158786
5.08120725919,1.82657777715,1.58626738955,2.5355443076
5.87482680905,1.53445003477,1.58114796405,2.06252529809
8.60199404681,1.51226222653,1.85960769392,2.26989797799
9.51780855971,1.36702855005,1.77836114603,2.53343258365
4.61138819393,2.07315740108,1.71801931118,2.67597202179
3.54098430373,2.42971400613,1.85535393091,2.89341255943
4.70538185315,1.49597050439,1.28969324232,2.22319882395
4.40886702092,1.12986120695,1.13385883118,1.63561373275
9.16543387131,1.00426647582,1.59449061079,2.58534723058
8.68070246358,1.05994443575,1.52660630739,2.51723942884
2.71359429577,2.05444958177,1.85054435929,1.15627504288
4.38357422673,1.57727018739,1.19291416862,2.72061950068
2.08052971602,2.12517278697,1.69798576484,1.40049758477
6.4291968657,1.29912385466,1.14011018489,2.77328337233
0.632930631617,1.7940743258,1.02085330029,1.06229304175
8.06267904647,1.67345810661,1.70841479172,2.77726913058
8.20180851702,1.40701866444,1.73153063837,2.29700117501
9.61388304153,1.76548783432,1.87851797563,2.89996343269
2.53780539317,2.47283880424,1.98700679652,1.48641840803
6.89236517137,1.2713475298,1.21961736677,2.68841116231
7.2681445196,1.52762114597,1.95989079747,1.77288266481
7.06175755856,1.47947270977,1.87858269223,1.81022290834
2.18866377325,1.96305775917,1.67158678869,1.15955666872
3.11445825511,2.26382077047,1.87127727852,1.74434605172
3.72602297377,2.11789727993,1.75711435315,2.13920588526
6.08556654173,1.6548029933,1.4751516183,2.80584403051
10.8620843286,1.32369608628,1.72307240047,2.96452259257
7.30996321897,1.2953992672,1.95133681763,1.72010079497
5.91408094793,1.29736383824,1.61937551777,1.71890374913
5.69468394814,1.33482275783,1.54298707807,1.78494824846
10.2270458881,1.33128089892,1.86409007241,2.54571307318
5.3594919157,1.07310008594,1.92857861584,1.30801084706
2.52317494282,1.69643756088,1.39860916289,1.39908259479
9.09560928621,1.39759389058,1.55723938909,2.93099574143
1.62562491665,2.67019502314,1.90448142174,2.0349990484
4.53496100299,1.39396861157,1.32306185231,1.8173270316
4.95776425825,1.54194105787,1.95161430947,1.22365171358
7.06350368479,1.47402121709,1.50495007736,2.54387561673
8.2492991373,1.23204316451,1.73978766612,2.17973664961
4.36343054305,1.84867260237,1.64482910532,2.03273755172
2.89356593691,2.2263521329,1.99692431744,1.14459423146
7.22123010593,1.2274159572,1.72205459383,1.92647297716
4.63310561543,1.26814674396,1.64520522902,1.30912576458
5.56448517195,1.52930107212,1.59227861748,1.92126732047
2.57932660773,2.14119114427,1.71832474053,1.70241136834
9.27929745738,1.18604732211,1.5213109874,2.76243501681
5.81928703917,1.07905198569,1.87979401476,1.44537218534
5.00678101228,1.33811459189,1.86733241379,1.2451753736
6.58959188407,1.26288866116,1.22623879191,2.53612354628
5.73704290934,1.14705073151,1.56426884289,1.64977613168
4.73862409261,1.12711135031,1.35717318301,1.52476856389
11.0530411569,1.33342057179,1.85661600126,2.76561653131
4.20297004312,1.47813008617,1.25761944167,2.01472905308
0.621004884322,1.90222473314,1.17137075135,1.00388933883
4.85834609434,1.38166093489,1.28475252077,1.99710160046
4.7741773965,1.43146404504,1.82348741588,1.25623203712
3.72864317181,1.6088108813,1.64420382641,1.30595059931
2.99185327364,1.32554129838,1.41788950495,1.03223820443
4.03493944144,1.93316767011,1.91169408179,1.34594177411
8.12755997329,1.26343256042,1.98615972505,1.87688094009
9.6495277119,1.26383269865,1.88075628915,2.35983396081
7.98961316394,1.16802972562,1.69776908832,2.1442557458
10.6714733086,1.60941530373,1.90325389155,2.83341535399
5.03252146022,1.43956574633,1.61531267803,1.58417498375
5.94763261015,1.47400483631,1.76945722339,1.66641301409
1.06299003097,2.39653357429,1.76964783941,1.08334550369
3.26015421665,1.46857538935,1.38285688031,1.33172009849
6.36682206766,2.19568139134,1.91296326607,2.89873052874
7.45438813535,1.07122216208,1.46286490484,2.2317446733
6.7157034084,1.01446237542,1.1209486145,2.35920001016
4.13973732721,1.21945116485,1.75769264922,1.08090961832
2.44426983422,1.72899143993,1.36163681654,1.53551644261
2.19138384706,1.63553768436,1.42808568309,1.05204920472
2.15671344305,2.25385426254,1.91366112213,1.06934683993
7.65967214606,1.05027943474,1.76329144828,2.00493590103
8.02987404269,1.29119048888,1.65309088761,2.27453644975
9.67775242858,1.69951501811,1.95029716466,2.57110926898
2.18939053654,2.02101611015,1.44438963659,2.28491233357
3.67299302079,1.21568226563,1.35269436841,1.23793057753
3.60894345091,2.1614920169,1.73467287663,2.37830365117
8.51089953414,1.35216688135,1.71030533137,2.36777748236
2.04211796613,2.12317654914,1.59144341261,1.83022179452
4.54896120917,1.68174121921,1.80952155603,1.39739690387
6.04640460499,1.09809851858,1.41200120089,1.86864542697
6.89492892452,2.09877232713,1.9167693376,2.7365687011
4.38531993316,1.55312340865,1.34245250843,2.10137340615
2.4260204654,1.35425983827,1.00685732089,1.29835471853
6.4999355862,1.75952889331,1.61920594414,2.78972399049
5.86997489024,1.23413717705,1.47111601991,1.83958529657
5.07400855811,1.56980185017,1.68107054204,1.64780308734
2.71494234188,2.35780054203,1.87994612948,1.7641160931
5.95640771488,1.52892570735,1.47901717043,2.33321589732
10.0024758161,1.23899276949,1.86465876776,2.46522064765
4.98750508726,1.3418837314,1.91962950262,1.20043115074
4.70985675467,1.15886723313,1.41009792512,1.48623454511
6.68346252532,1.50274022069,1.53921190132,2.38437983505
4.44927226434,1.15161805757,1.31771934276,1.48260910077
9.41237588579,1.14514996567,1.82539155443,2.37011558834
2.47667132483,2.26407077404,1.73305720795,2.04818174583
9.380352017,1.15674401363,1.89897421463,2.28036654285
0.275632738394,2.4087962984,1.44417377046,1.66263740562
10.5704898476,1.0050778251,1.63385726166,2.93506056165
2.96177348984,2.05876716612,1.77787957143,1.47072164827
0.445042253638,2.71716952653,1.77488798945,1.40772235829
5.6555518751,1.42437495539,1.76315745815,1.55629665912
4.91998430388,1.72963551972,1.82582259559,1.53961023492
1.43882756079,2.73614367863,1.85196859725,2.97703996477
6.30823213013,1.51607541958,1.51031979612,2.35254323269
5.49178084354,1.63512148738,1.78878826446,1.66767021944
4.05346109846,2.30618910653,1.88750011179,2.34313847153
0.163310041979,2.30702539082,1.30825115497,1.34249182834
3.38459958662,1.65733109266,1.65177755131,1.2320163544
6.64176733338,1.40479777926,1.84293418848,1.70688423896
4.19839005002,1.17464235841,1.73735675394,1.10408613705
3.37232351602,1.63274749457,1.77069929273,1.04291536311
6.82307089758,1.10912707911,1.61184242379,1.90470158816
3.3472414536,2.43209547661,1.8633070267,2.67686240572
9.62113125873,1.98441420345,1.99124708988,2.97821128064
2.2209429768,1.62466599563,1.16529261844,1.59433291786
9.10660168412,1.14465397832,1.63155442462,2.52488505915
7.90564182123,1.03404277983,1.25161565204,2.61255457181
8.72692064768,1.52320771248,1.79842141946,2.44473609651
4.95662900038,1.74394085707,1.62159400001,2.07728430539
4.50260376068,1.11141346505,1.90618546986,1.09890320454
3.45204275251,1.18458577196,1.43437697785,1.08416316645
6.92172300516,1.45458199857,1.63375770233,2.16418474187
4.97583493631,1.65198196742,1.83665208107,1.45098481923
9.36722267335,1.03448497033,1.59602656799,2.63331824454
8.00595839604,1.41989154126,1.80003654769,2.13609852364
5.27810360417,1.3179721281,1.13907122943,2.33063323093
6.29059255092,1.66399968113,1.54152341452,2.6719083327
5.60143312272,1.40361740427,1.34322866637,2.22187542286
0.909708297899,1.90393733879,1.06452777595,2.15529465409
0.0297673721946,2.5831001657,1.26825264217,1.99918525981
8.41699333128,1.09089918107,1.75890532864,2.19468429334
4.01198044489,1.50694490303,1.00736434731,2.88010610991
4.02279305145,1.0439131895,1.64289072926,1.10772632086
4.64841865383,1.90964817766,1.86582853319,1.62562891409
9.27400965908,1.02263125213,1.82033568895,2.38963329918
3.51435388371,2.17263978409,1.88729639435,1.63791989585
9.2979199308,1.04657771332,1.79973312537,2.40055371364
7.44403661588,1.24355391665,1.28126800403,2.69643320526
5.36975488967,1.1812473045,1.06569346059,2.18178120057
3.85175734392,1.83990271223,1.43869038404,2.61089024228
9.66259461089,1.20564967634,1.95348112897,2.27756515792
1.07050203099,2.04655661518,1.35507671029,1.61123157092
6.72579294438,1.06900592634,1.90415176958,1.65870451265
6.05331790292,1.01321654716,1.31697591739,1.92787605626
4.46005835203,1.13231701926,1.47520106828,1.34306441051
6.44374552745,1.16440379851,1.42384531555,2.02064280301
2.65558130352,2.31037816453,1.7357069706,2.43731269386
7.28262914623,1.28634312555,1.2634461563,2.7739981796
9.40880681409,1.38896869617,1.62118639194,2.85560227008
11.0227314365,1.09002781816,1.9325206528,2.67424177048
7.0692539373,1.18160426821,1.9313621889,1.68811098415
6.73529903944,1.42904983864,1.50207592403,2.33822756907
5.7436582741,1.21662812305,1.52213785136,1.72710618182
4.31584476976,1.79075540892,1.86153967954,1.35801652893
2.68444235584,2.11457168513,1.77181078844,1.48059992487
6.16599930964,1.9372179557,1.78465967282,2.54370451224
4.60164086138,1.72092595237,1.43410440954,2.50865315098
7.52534109388,1.80492909037,1.9566073086,2.12107355141
5.89213764252,1.65648570835,1.87630863764,1.65123930576
4.86984480551,1.2045192559,1.29965943952,1.69272489042
7.53559457744,1.39695171214,1.6359014854,2.26954194608
5.69636920893,1.04786642801,1.53360461286,1.64571239098
3.24489441054,1.80030218355,1.30376847057,2.68157049454
3.72646747667,1.88611221816,1.62206794783,1.91594884119
6.31570455162,1.14857829724,1.1739876062,2.30963170222
0.328042767555,2.98407485262,1.84184371285,2.91692611282
8.47360669086,1.00413956411,1.57221864814,2.41182563383
0.481799901183,2.04242842506,1.12733585099,1.86315031448
6.02370224408,1.68141903065,1.8310642251,1.80458863141
2.38224653848,2.64413681795,1.89846266678,2.84340552048
6.15695613721,1.13509755807,1.57579927013,1.7559121078
4.23046237178,1.22238528913,1.18686584018,1.62216497319
2.99091132345,1.6411540746,1.32022729686,1.70895681875
3.46441458377,2.35584332953,1.93212654513,1.93555066158
6.01665836419,1.4397919596,1.41402498331,2.30370195597
0.174594834054,2.30147354621,1.2626252351,2.08363850736
3.58729671066,1.00538401848,1.53893107605,1.03497889071
4.60738599219,1.55151493341,1.66073491182,1.50677993576
5.41771442795,1.02581810036,1.04023741643,1.99853719238
7.38733440876,1.88142239173,1.85253670232,2.56137410401
5.93704948151,1.44012600253,1.72293133242,1.70136191075
3.36148239731,1.19071060826,1.40318762482,1.08014235588
3.35026292731,1.62655814059,1.63001899896,1.21444193879
10.274410198,1.02402419764,1.86116134094,2.60734751068
6.29790341334,1.6877060945,1.60508790163,2.52176170284
9.00525473949,1.18428205547,1.44917741276,2.80148532117
2.99456196004,2.18036623689,1.72981384215,2.07731942955
6.17693123836,1.98470726438,1.98911582702,1.91882502195
2.24439002219,2.03054730367,1.44659610218,2.39213598758
2.20312896757,1.79259013491,1.44262779208,1.34742583794
3.77572068809,1.72463707532,1.93371235768,1.03685318763
1.37247893067,2.17734024707,1.47117164722,2.17350150344
5.67856538942,1.81434977262,1.71843719954,2.24219963373
3.82849736437,1.45944140088,1.44719985066,1.44420312146
7.01807316777,1.45542462832,1.74373723276,1.99145330186
8.7071387534,1.672953382,1.77218525132,2.77493783675
4.70986711961,1.12634445354,1.99354380273,1.10521688528
2.2472631125,2.07850540849,1.5373496062,2.0989875882
4.85812853424,1.54333133425,1.6201690655,1.64788166339
1.64080398438,1.80042999262,1.18365805299,1.79971409473
6.64173476339,1.90596176986,1.89657262704,2.20816589624
5.21587312629,1.94452111726,1.61902957942,2.98034836
7.58962671617,1.03006723101,1.65154547797,2.08531012846
3.67665908232,1.40423182293,1.22436091526,1.65568728983
5.54314723208,1.10910826231,1.2466361238,1.89077894321
4.09494901511,1.82944020205,1.70048842033,1.69417356581
1.27337273258,2.63404238307,1.91939288234,1.34787133012
4.2359022019,1.96409580937,1.86934540352,1.56189821414
4.43179570741,2.0544766074,1.78964508238,2.13321738689
8.49829275876,1.06231694124,1.49209302203,2.5055116299
4.95885684771,2.09135248209,1.87630718779,2.11030505699
7.42433819595,1.16044098428,1.29247189884,2.52622092168
3.16543333109,2.26450560792,1.81493336815,2.06300105385
10.563331117,1.35408586544,1.97942336817,2.45281012461
4.85009575074,1.22927613857,1.48607060215,1.50123155201
4.35680345878,1.80414878936,1.99671398095,1.16903187974
7.23514400511,1.04599605764,1.87499153626,1.81526732358
7.77431843322,1.96465363922,1.976223617,2.41970818186
7.5431986617,1.79624699089,1.98596243719,2.03992547739
3.89962574672,1.87258704368,1.96738836698,1.13908759419
5.6141661531,1.44893864949,1.60994662169,1.78742373192
2.18429562562,1.58723989426,1.13651248735,1.51714831727
4.47336006149,1.22643901047,1.1329919465,1.79799989535
4.31460243713,1.30273040345,1.42766686868,1.45283999714
6.26775124745,1.30907616193,1.07296218312,2.92284935318
7.34802314631,1.04296178253,1.6082702881,2.05379625179
10.0092635001,1.23523392728,1.75019776164,2.63007929804
1.5759929025,2.13891900479,1.72476527842,1.01865138052
2.01341975434,1.94094719779,1.52517705567,1.40053814086
3.63651860087,2.0501929499,1.5956076776,2.70902530799
2.75408167739,1.69203271393,1.6614676038,1.0267209608
3.88548359181,2.35064227901,1.84402578568,2.7704558366
7.81381648563,1.55258942177,1.55246246018,2.88254735278
9.28184073904,1.64098064475,1.87972964109,2.56762006607
2.47244357481,2.20186850098,1.95272503335,1.04106038536
0.697548781838,2.372496774,1.50015049435,2.276108374
4.41856944685,1.45326813588,1.29824486013,1.95033082384
3.29299541005,1.08486077068,1.06338875169,1.24072208002
1.92165035962,2.09076795354,1.56975529367,1.68883334999
7.84059204909,1.02895263572,1.0246319707,2.92276851178
1.55298478404,2.33014430412,1.80127298724,1.20885123691
4.1149828532,1.68066370576,1.56159783528,1.73576092464
6.23170927066,1.20951903332,1.51964925549,1.87193154429
7.34253621116,1.40167865226,1.57452097233,2.3369673484
7.00809368176,1.67373053223,1.802246075,2.15769823292
6.41228965291,1.11403300504,1.494354429,1.90281381999
2.66276521757,2.68048361767,1.97162796712,2.54316134043
3.45197899249,2.31591339732,1.89707745781,1.97843103188
6.17582123967,1.21522303255,1.23109298981,2.27504451445
2.9321575562,1.34203881007,1.15731016667,1.30963389166
3.13511397775,1.96241212008,1.81603828686,1.2639652227
10.456934435,1.0607356586,1.7986631161,2.69323850908
9.41529887063,1.31252501114,1.6492286264,2.69556100302
5.32058871212,1.23387450644,1.80832353746,1.3522945224
3.87151853162,1.1453771555,1.46300647396,1.17825899857
8.95889737963,1.36090456501,1.98947230338,2.06854364493
0.439153760282,2.61946168326,1.61652428301,2.80684255408
4.82777734078,1.04295167986,1.52629467866,1.39925591378
1.60134242477,2.01186029918,1.60098884037,1.08426273631
8.16838532404,1.08275791951,1.30446224933,2.66528155883
6.24420259246,1.1473260712,1.69872870259,1.67257656997
6.68953388599,1.19763906409,1.62773208343,1.87494710747
2.02490617719,2.44365873447,1.75646316196,2.48173493696
6.15694057239,1.34025640238,1.08010522913,2.97394567183
9.07290516653,1.08288043655,1.5423445394,2.61548779146
7.56219322809,1.37290571049,1.36825664982,2.83828174934
7.18652256218,1.49112143301,1.88312602841,1.84332976886
2.55971238957,1.64647779607,1.57008565602,1.02353180237
7.37417044285,1.3113299636,1.66334533478,2.08925154511
9.86575753306,1.70146214196,1.95104091025,2.62185409602
8.70191005738,1.3210116338,1.69735978975,2.41569659239
0.584924152671,2.17153345694,1.2605259355,2.4500955882
4.86565785214,1.2083189304,1.68396408047,1.32275627834
4.62664214267,1.32751672806,1.39934453279,1.62401126658
6.37230440401,1.76727998956,1.74740383279,2.28840907233
6.14244198345,1.35241297099,1.49777461004,2.01990049934
6.34264651336,2.23204981702,1.97610356108,2.64242427432
4.49218971439,1.10094069133,1.38551185753,1.40965637447
1.56481259443,1.706769387,1.00820895593,1.96042879327
6.93865368277,1.47111282963,1.92795262129,1.70600692267
5.16921199441,1.22983670259,1.26418323055,1.87761385871
6.29465221218,2.16452312742,1.89173770978,2.87123446971
2.75943067565,2.4350660255,1.89957746166,1.9712356658
2.13688907046,2.35090563131,1.95978159723,1.09990132852
7.24187982081,1.24604339015,1.50377326184,2.2315031418
7.02673571586,1.23808357326,1.61923152288,2.00031156075
8.47529783438,1.14893461372,1.4363393639,2.62295529049
3.90568024288,2.06035211174,1.97378994833,1.33740599998
6.64068340838,1.31186504634,1.80356451292,1.71215632402
10.3417146289,1.29620248973,1.70000475222,2.84258976173
10.3210395225,1.47316951107,1.79423342628,2.82984784843
0.903735793322,2.93835433293,1.00701569305,1.46621776138
2.75782080669,2.40652545901,1.87208139167,2.02644107567
11.4829073105,1.18525447851,1.93791999433,2.73252944456
4.04234796942,1.63861334196,1.93406610988,1.05697558811
3.22033196746,1.90918992391,1.56947190306,1.91093402088
5.09351798859,1.8463896719,1.8748580263,1.65293426491
2.06532476474,2.11167763166,1.51883878812,2.2352438659
5.18163829887,1.73817973786,1.64137074876,2.09417167639
11.8866414617,1.02413605967,1.95701205227,2.91695644907
7.0184421487,1.50966662959,1.5247056897,2.5600349959
4.59863584115,1.82246704197,1.86262919083,1.48542552715
6.10785115235,1.57625164218,1.84494688668,1.68582215571
1.35647070094,2.09699267341,1.32774582459,2.76527752875
6.99714523916,1.90760708422,1.92737026586,2.22595986239
2.66074576426,2.26819628093,1.73032884013,2.24088285752
6.37311321604,1.91205505956,1.73703341582,2.76418903743
5.74203394321,1.11234483818,1.02245505166,2.26759955957
7.5483381121,1.58707154956,1.670990702,2.51427829215
4.08237395674,1.45990957422,1.57791845639,1.35049156583
9.0801323063,1.86655699867,1.95296302592,2.69171637715
4.68905797179,1.38994941379,1.97601901322,1.09530906708
4.83031742504,1.02940079428,1.00240525272,1.82408682544
3.88558725601,1.15465102381,1.67475465477,1.05426515479
10.5816255283,1.79322307982,1.94632575133,2.99593907807
6.01097457349,1.15451546776,1.89041278981,1.46739309846
3.68959261043,1.91055618006,1.54424467538,2.31353868231
7.28854209347,1.72310262986,1.94329244653,1.9783320636
10.9715708883,1.17922025448,1.88752807111,2.67572147572
4.20982227921,2.03191153377,1.71504184452,2.28747955191
3.05395536955,1.16380220415,1.34016183638,1.00918480389
7.33742292916,1.30148750591,1.89163702573,1.78835978008
1.49979247743,1.90690677601,1.32336627136,1.57593164854
6.12055000843,1.78619424646,1.9431500887,1.73113755558
5.04746139494,1.5158099349,1.31046746043,2.38955266532
3.9891643094,1.01675110464,1.34592537098,1.25392395222
4.47691295103,1.38733177299,1.57654624494,1.40926360106
7.16502408243,1.89009719132,1.96254848592,2.13601408412
4.22924019485,1.45277299356,1.31961658094,1.82055365465
4.76336747041,1.0362416456,1.50754089033,1.39212014237
3.61073377194,1.27377927029,1.55140468849,1.08991517147
0.793392970384,2.14844669244,1.44361665745,1.2562310221
4.33746271555,1.22779021501,1.83954058799,1.0832193618
0.802507932598,2.2920746137,1.5675989008,1.30827454167
5.65281394563,1.16182242259,1.74208352646,1.48206328977
2.15579744063,1.54941122953,1.29178562858,1.10065889996
0.30617291973,2.6967900916,1.12938312651,1.51167033056
7.37073784175,1.35336464776,1.96957549676,1.72181149197
6.02437971471,1.20515023677,1.43340357658,1.91045982468
5.57378829541,1.04031225134,1.23964861556,1.85693219198
5.18330818959,1.49126785299,1.16339688166,2.86786830864
1.11118600873,2.27943481804,1.49931185158,2.33611566764
3.49338729092,1.48107064689,1.25672217353,1.6836293614
6.6573410138,1.47509414589,1.88209425752,1.69906184528
10.3420822787,1.24872963537,1.702028744,2.80378369543
3.09680829023,2.2325141728,1.86614733974,1.66584197173
9.47850122721,1.27197423591,1.73531906304,2.5302021717
3.32828208574,1.76370699088,1.59386766476,1.49430095995
3.91873735049,1.98833105075,1.921121229,1.36114313463
7.0354648011,1.11526767462,1.81902580569,1.7817009835
6.19736745461,1.31486670005,1.70891167336,1.70315060534
8.85332262398,1.62666204548,1.83556465321,2.54191542679
2.21455087133,1.63546884271,1.36184378582,1.17372699176
4.35836986877,1.4978018436,1.03565123058,2.93503792558
8.0661795222,1.43692219814,1.54338338317,2.70915057115
5.43464871456,1.64031866983,1.45714118813,2.51926704693
1.49900524902,1.64279621601,1.20725474783,1.03969493247
2.73072287441,1.13153451603,1.02350200499,1.0948968444
8.66329394563,1.65930612062,1.72226024976,2.89622423475
6.22177001626,1.33014857752,1.20298786605,2.61808566343
7.86725308787,1.18684830418,1.37384994694,2.57247225245
6.14460487587,1.14671185265,1.18933337624,2.22099380426
3.02545783594,1.32645498547,1.46200910797,1.00692514304
3.48827723688,1.85201164314,1.94651436531,1.03121319358
4.49680828785,1.6497770101,1.53997813869,1.87994723028
3.47865219756,1.394332734,1.42787573417,1.25820539889
3.63400305537,1.18217494297,1.21774608087,1.31930946559
4.84099295275,1.3021521134,1.03410578303,2.32623219572
5.12213537169,1.4892738385,1.34149553529,2.25077406993
11.842607077,1.21122577924,1.98308476525,2.75029261021
10.5451475032,1.05793645727,1.63523440271,2.91056806361
8.10778626383,1.21167574869,1.57706994664,2.35107719626
3.07266347097,2.69761678906,1.97899293222,2.9676921207
5.48858141406,1.02177929734,1.28485414837,1.77824029823
5.56134783505,1.64463571205,1.68943807188,1.90854483907
3.6584094661,1.07831198159,1.6124346629,1.01977493119
4.49492709183,2.14578354455,1.73881590199,2.84184099368
2.46137456322,1.55374505156,1.17419099602,1.50253487359
5.25294985083,2.22956693086,1.88745798615,2.66990897543
1.83414795549,1.68895863296,1.18762402831,1.46810883416
2.6813336768,1.47102161826,1.27688183885,1.24278252197
9.90769085313,1.0364840614,1.74264967766,2.62137889935
5.71550268398,1.5675322644,1.83822023094,1.58016205456
3.34372879934,1.58405728966,1.43792634547,1.47319137665
4.40132824847,1.51137564171,1.87248082135,1.14822508178
8.92296801787,1.8043203088,1.92039120849,2.63067482946
5.05252060532,1.43084670353,1.74377018244,1.41650604891
6.76321515552,1.08449484482,1.09223297349,2.50199345471
1.01410447693,2.83999274249,1.07392106907,2.33881077672
8.82135237688,1.62799322233,1.88133931943,2.41787804441
0.804487341759,2.17482964992,1.50593032173,1.1078991801
6.76310811983,1.50007506936,1.48201435562,2.56052220419
3.69414044039,1.24490871337,1.39872900852,1.22563128957
6.32932379468,1.74227844147,1.57586730805,2.83705095742
9.73044168279,1.19397356696,1.82670567387,2.4445793317
5.34006865028,1.43676855864,1.35378546974,2.17214070003
4.56453673135,1.06042911228,1.9586047494,1.10567075276
5.40373137689,1.26570536579,1.60718110965,1.56464060873
1.68380373319,2.17308340344,1.74697443545,1.09976293473
8.93203250221,1.2492508058,1.41466445784,2.93666683106
4.98315893491,1.82187990505,1.98484388018,1.37219443767
5.44224703737,1.44200672163,1.53452566063,1.85085597932
4.63987930037,1.19937688588,1.53977390945,1.37155595523
7.97402862977,1.66350545665,1.82976183532,2.36174538979
4.50988830929,1.55423679526,1.44363521443,1.8987117824
10.2487618501,1.48303426029,1.97252013013,2.44329533283
5.41197376704,2.01550042418,1.74435582369,2.6920190736
2.33504775187,1.93770568345,1.32110620398,2.71029423425
7.71919098207,1.82758092062,1.82962765436,2.62351351536
5.24844946319,1.10360046612,1.0212066829,2.06016813526
7.50456745086,1.37045423205,1.49633940101,2.50231248624
2.55790060253,1.76421929974,1.58775540078,1.1604121669
10.7695681482,1.19279258579,1.73209080481,2.84412299117
10.6049604191,1.21818097922,1.73588681595,2.80289951637
9.10032391866,1.26988959113,1.58405648896,2.68090862046
0.664898509735,2.98362130611,1.03092103599,1.03558477361
10.5977213805,1.77113058342,1.99625926815,2.78873951245
6.03418867131,1.07869412257,1.61930033762,1.67667060856
5.5851207626,1.72076066255,1.83226047372,1.72170397771
2.94903071227,2.23170982802,1.66550391103,2.78436761093
6.12504784153,1.36881584777,1.91405758383,1.48543450425
4.22335326413,1.62165909276,1.61498515285,1.5516917276
1.19141420353,2.94693038651,1.12427076608,2.35269695888
5.1368818125,2.31835886132,1.95453131299,2.54593477162
5.05360775074,1.75419803323,1.82828962894,1.60922850772
10.5474155366,1.25611231489,1.82140613738,2.6665210983
2.86308342584,1.72689149579,1.49199459028,1.4325568446
6.40758754818,1.37228234837,1.60426329163,1.95337970465
5.31533771564,1.41568738686,1.62844303907,1.62878051064
4.40845178294,1.10590482219,1.64963863638,1.20796236276
1.09093067709,2.40693258373,1.74455962584,1.25863798595
5.44016347952,1.80660649901,1.90889680196,1.63053213107
8.12637992791,1.6774680289,1.92775890207,2.18375344437
6.04742867843,1.25105168839,1.18826414777,2.37661154201
7.71598877125,1.58116284291,1.95127692503,1.93367361384
6.10657732847,1.02982393188,1.0936603917,2.19119977531
2.19930756804,1.85158431484,1.23348913425,2.48464127756
3.69837550142,1.3684973042,1.39955836104,1.34269641978
3.62581819173,1.44884532481,1.21177658707,1.76201340957
2.97481482579,1.46444184383,1.28230574282,1.35762057476
5.6339546009,2.15865000108,1.87760671603,2.62780072798
9.42259256087,1.19791361341,1.50561481912,2.8437118615
4.41693194378,1.24928088808,1.72848692576,1.17844889887
5.01144967387,1.45702880186,1.97145558394,1.18829804427
7.71044463651,1.76773820621,1.75946600999,2.72432641835
1.54230159022,2.89219035797,1.99115656004,2.43832361562
2.13651360816,2.51887416021,1.86690362267,2.07601200286
7.92527120459,1.05651080254,1.05328443651,2.95166008629
10.9275530214,1.27294531659,1.82547166854,2.76143886808
1.31940494339,1.8529158922,1.09937244118,2.20692702623
5.95338137415,1.41720147822,1.71304826,1.70043832379
4.35941673802,2.22745444768,1.891817669,2.18547898864
4.13848701131,1.90452307539,1.71989730323,1.83087946888
4.80555755626,1.23366818719,1.31018822036,1.69026258834
2.83313286115,2.21227112162,1.72932054662,2.10650042973
4.76541058075,1.39071832858,1.09922289063,2.42693902895
6.30863588562,1.10735393754,1.4656218491,1.89839663141
8.28018516589,1.29251123562,1.82821154697,2.09470661724
4.15468769522,1.108926084,1.92771465483,1.00550746734
10.6050128115,1.66333856374,1.9241781171,2.83786407323
8.40547157988,1.43032881084,1.50428994702,2.91494684264
10.6582979032,1.70687647464,1.98361543718,2.74429667587
4.96154812039,2.0658178221,1.70161778751,2.95028101328
8.35800523078,1.03083659198,1.64349574135,2.30386072393
5.39509177673,1.4309023169,1.34417661196,2.20269006584
5.20796027961,1.21616890543,1.38943717702,1.71105765723
2.22922877547,1.99374792596,1.65301545406,1.29529369568
0.566788573515,2.66887205849,1.78889032268,1.31100296035
2.70284557251,1.41655122538,1.15036081019,1.34789038184
6.17406015075,1.08905441774,1.0289930513,2.3849213414
7.3179131412,1.07195565728,1.0728031854,2.71872701199
1.02539286847,1.86518572154,1.08194539612,1.91013229213
6.87814846796,1.27473946765,1.37894204337,2.361355158
3.82384275323,1.17513190574,1.59211287081,1.08874626083
6.47305475412,1.26816630519,1.82544075028,1.63483809003
6.5055963876,1.14228730923,1.93342477905,1.56061697383
4.05429661027,2.06077001548,1.98624426244,1.35949667979
3.91671900986,1.28927997554,1.21284805215,1.56368128042
9.38433998732,1.50086304063,1.989560657,2.21826749087
6.08384995059,1.58918768279,1.77568818345,1.81381625524
7.10314034592,1.56716468107,1.62255949019,2.4541535261
1.35876480241,2.01445008669,1.35432022276,1.83114629867
2.50401631953,2.18116830075,1.77134996825,1.55996040153
4.70288656904,1.10650459915,1.20486724478,1.64338668742
6.60982563268,1.32242615535,1.80470915022,1.7068396328
5.87088818648,1.37293145171,1.83882894543,1.49969915332
4.85087469408,1.29290322583,1.44661478375,1.59880542167
7.30096364186,1.79697487307,1.97069586663,2.0118389323
8.16617670285,1.56651094003,1.96562633235,2.00929074998
3.31324830333,1.48943351018,1.25248970631,1.62528702502
2.69347676702,1.44562620544,1.03761505273,1.62882216998
4.22039138858,1.55231520997,1.57128423308,1.52344134891
2.95829796738,1.23234407266,1.28151893238,1.06237362981
6.5104857415,1.23265199329,1.93288049337,1.54766251285
9.14035787316,1.61066318467,1.93039846569,2.36582440559
5.5824481099,1.14260857579,1.69155091521,1.50040843307
6.26315812089,1.24430904782,1.36401371255,2.13108826991
1.95552808946,2.16567605602,1.60999710318,1.85004435642
7.73186734448,1.86126181682,1.93636054873,2.33428645756
3.81111056931,1.90291412264,1.8851992732,1.28514250001
4.21277250825,1.47226435603,1.56268664166,1.42854836507
7.42597700247,1.01687121391,1.03140270412,2.74020402809
6.21526682935,1.40487198087,1.72713077461,1.74506036873
5.38122018581,1.5141066861,1.47155889869,2.09204698216
4.57815770222,1.81006498431,1.73129779962,1.76377827673
4.00346321185,1.55950287754,1.14617281631,2.58193722584
2.16211412665,2.13799341321,1.62377940261,1.83094141976
1.44176213131,2.65749524346,1.95824287406,1.37578597013
4.38354263107,1.3205231831,1.83108742635,1.11230556556
3.842443884,2.1852098548,1.81862604878,2.14277846233
6.09595879311,2.09793923614,1.90971888081,2.45014381456
8.64580298553,1.33374998775,1.84175469809,2.18439385389
8.38686606555,1.64899348568,1.83180437938,2.45361400717
4.67338709829,1.07550886684,1.2179120964,1.59652376261
3.07172004686,1.92767303126,1.60069425551,1.76841362204
2.72722358966,1.72824257382,1.47255814843,1.41165304662
7.63044098125,1.80398619231,1.83113389969,2.53047963818
4.06609872789,1.26676971785,1.12593038761,1.71355870289
8.18943832067,1.01150099126,1.3706601742,2.54312012589
6.50743451454,1.25271953031,1.44963014162,2.09004073804
1.56403759777,2.28931872432,1.5602292476,2.60433282773
12.3465538808,1.46404674253,1.97157836028,2.93196317601
5.79797134925,1.59718740556,1.44820628238,2.56412204293
6.11263841241,1.02195674711,1.29642275543,1.96932336365
8.2578425604,1.1349765311,1.25150224189,2.84560765274
9.0917617681,1.52033184922,1.73332784884,2.7025524398
4.37213472377,1.15112993943,1.04278842242,1.75846453392
3.37460655494,1.23055044558,1.18456422541,1.30563468441
7.26797972515,1.00826255016,1.29249051336,2.33973930504
5.15320023441,1.59016038134,1.82666878433,1.45967940853
9.79320376205,1.16762149677,1.81153524325,2.47983767784
4.87896567203,1.05947496438,1.2929918268,1.58983348897
3.23228411416,1.97391556572,1.88113250642,1.18140575759
3.12145325959,2.4650544896,1.9675142324,1.91203147079
6.32349885153,1.56369224058,1.7097320645,1.98275873896
0.165857325343,2.3206914372,1.35933487992,1.00735715249
4.7869143699,1.46918173753,1.21126240525,2.39964102975
0.208035565931,2.86011870665,1.35628262768,1.56145017698
3.49330435269,1.28952912726,1.15882340322,1.46484726967
4.00051653739,1.35283069704,1.49620437613,1.31765818809
7.27275575645,1.21017116046,1.63653914578,2.0335051767
9.44627004147,1.10898271838,1.58434623286,2.67338121712
3.73624048822,1.11973589057,1.67301382405,1.01259426937
3.19469279886,1.36404346346,1.25610123844,1.32537543658
1.87730797122,1.49107784062,1.02717566767,1.2624357971
6.74538081638,1.64426595432,1.99533369194,1.66627303934
10.8855659813,1.53220688796,1.97102048745,2.63499065872
7.957696147,1.70242725737,1.93667287865,2.14898473313
5.31156344182,2.12164898419,1.96617563266,1.97137113524
3.03724447661,1.98162041535,1.69394079863,1.58571234493
10.94303578,1.4505633541,1.91249953614,2.70641062893
2.93725069241,1.22295491061,1.11147612795,1.19762241807
3.71254082941,1.68617036408,1.19935283916,2.88447947394
5.16943155658,1.89055687013,1.75098794018,2.12826868403
5.6617369419,1.12140473514,1.26004067634,1.92702349015
6.9226896225,1.4670680873,1.44269316841,2.64427629868
3.66959417678,1.6852688538,1.3284625363,2.24530060342
9.4473497056,1.95325676844,1.97369351578,2.92226139039
4.23147574338,1.35668528043,1.13041317768,1.98133419407
4.59943751612,1.82385148511,1.73607084073,1.78763543513
6.21864891169,1.14336342401,1.42318743154,1.93589802424
9.23300580989,1.08602073985,1.91832151257,2.25482865571
4.08012975907,1.40849358947,1.5398065846,1.34567901728
5.11890497104,1.35166102834,1.49130937315,1.6916327775
4.23584073042,1.27372573161,1.48113620956,1.34488568188
5.16521615544,1.25911167983,1.9319297164,1.22786096631
3.59945026512,1.30308035369,1.14712958102,1.54941738983
5.6936222419,1.0543619037,1.39398389605,1.75923880291
6.18656833231,1.20058125001,1.04764928487,2.59901154805
3.41657757998,1.87705748281,1.91100512576,1.08292833087
7.58791647323,1.17960618127,1.20396617452,2.77698715029
3.8779469235,2.57558412008,1.99184233745,2.71494450952
5.62764813574,1.28861966011,1.53467338489,1.73140601193
6.88153466179,1.02476114449,1.73331982982,1.83151360601
8.39103181097,1.10973004755,1.6072216094,2.34788358161
4.80691115758,1.78622299396,1.66676656825,1.9849981146
4.91260164294,1.29210515419,1.98446052971,1.13468407949
0.821815516395,2.85643349379,1.94145342576,1.54787624105
4.78872521174,2.13117360412,1.96438046582,1.8032035175
4.12199933879,1.39829499348,1.90333541726,1.0127830875
9.1182896022,1.08592552442,1.66565447475,2.47985273712
7.90718165613,1.84954568553,1.9760202126,2.24462141522
0.840983423826,2.21784743579,1.47651808457,1.52029546215
11.2133688914,1.01596615528,1.7962210588,2.92030069614
8.22559505408,1.53600297485,1.74920099503,2.43197596588
1.62765226581,2.29185125878,1.58246241597,2.49169459804
1.55882361626,2.42990272982,1.91240423462,1.05808467902
9.92642586053,1.67851253613,1.86812941483,2.84661954246
1.7236779772,2.46140150646,1.81376952695,1.76960515048
3.96120486576,2.44939236685,1.89525972679,2.95760235492
2.26387383857,1.38644240773,1.07295266902,1.18115249443
5.3047931097,1.46261522229,1.34409912752,2.24784345848
11.707560898,1.38800317539,1.9306889141,2.81738692826
6.4653811839,1.31173198041,1.60346508698,1.91248451726
3.8838020964,2.49104393793,1.92490140933,2.86984909822
2.17487761496,2.41392200639,1.71680954981,2.86606370396
4.38109253224,1.63385292578,1.55239803613,1.76673305139
2.96446300127,1.59208047528,1.15924178694,2.00276194584
9.71015868168,1.34178974985,1.62826884336,2.85926249668
7.15777218836,1.25192448346,1.16808520073,2.86355841846
6.39175380706,1.61803771201,1.77718919661,1.94142402266
5.04040546735,2.18071900412,1.85223193341,2.57533285488
1.16100985592,2.02765990023,1.29424203362,2.01977939053
4.98061667027,1.51762670085,1.35294598812,2.24011748146
5.41209182262,2.26277944197,1.99828377538,2.2357416064
2.03135478669,1.81103217752,1.39472633352,1.41790228345
5.39197307895,1.62037610015,1.93187299685,1.40016367933
11.6052095343,1.23416780317,1.83499858483,2.90636997715
3.27316801517,1.23129762028,1.34847554821,1.11722712457
7.83584727439,1.04440561569,1.30336185754,2.52891735454
3.25600715142,1.4769821069,1.44023019061,1.2599419425
6.23095372898,1.85792005294,1.64793492755,2.92651314304
6.9432988923,1.34931526293,1.36639317767,2.55492861073
5.50497431601,1.71195335557,1.96051113473,1.45675618397
8.37416544727,1.47118319284,1.89162956828,2.11820509291
4.09024159826,1.22665268521,1.45911506567,1.28780811256
4.17979923455,1.74952624949,1.76255689327,1.44427020306
2.13451935886,1.58022393038,1.17633269703,1.36822501381
9.25559732657,1.36280138305,1.59514748925,2.82742263116
3.27076646627,1.42783276583,1.16678406341,1.62674549129
2.50547627912,1.45713525742,1.06035019137,1.50100069575
2.01365241188,1.65705866656,1.03139364638,2.0409876255
7.62793108526,1.75858800658,1.94205905839,2.12039116022
6.28424984873,1.65140566947,1.78037573762,1.95006698035
2.33170234663,2.30850631099,1.94890748081,1.15426297776
4.52359420487,2.04083907089,1.83578620931,1.94738324063
1.07939004992,2.53191059075,1.81872213226,1.32347843502
4.26759362469,1.28667022836,1.11162154265,1.86375899004
6.23294333835,1.12151386518,1.8996907884,1.52256153662
6.73987021687,1.78362346071,1.79505392969,2.30358894193
6.45709988035,1.66308560765,1.8829216205,1.80422327794
1.11102491605,2.53505223138,1.68485391011,2.68609939374
3.92980759296,1.10149072698,1.06408178757,1.49694843034
7.9248684077,1.46249106742,1.72516047871,2.29373809471
6.08244759651,1.37073276446,1.33676223396,2.34771718876
5.2481244415,1.50667480204,1.73459614075,1.54501950098
5.27374060897,1.24689507413,1.82922234991,1.32618359881
7.43561551933,1.01126122061,1.26781105223,2.42359058751
6.07370320414,1.68057982748,1.48140355883,2.8798284497
7.15083582715,1.04200569894,1.22487450664,2.40225846989
5.48128851998,1.83118510368,1.9694344285,1.54865742057
5.85628333178,1.78018909467,1.87517628914,1.79474697817
10.2140723916,1.20763011192,1.74754759102,2.67863503064
7.53755693392,1.51467861267,1.50891133466,2.81144182021
3.84028747165,1.27632117163,1.29362845802,1.41376967655
0.336996224546,2.89408477042,1.28872235942,1.3873221357
4.04471454309,1.10371683333,1.64319797367,1.11167283428
8.55757096122,1.9483683907,1.98788334176,2.5812467179
2.66830389092,1.82157430517,1.42791531299,1.77973241661
3.18281695072,1.56160387186,1.27119742071,1.70646461751
7.41082609107,1.06159883452,1.13400963607,2.63961378801
4.05695178035,1.23704384777,1.82714724819,1.02061551983
7.8567058785,1.00017358842,1.45946923127,2.34434527377
2.4187346406,2.409790487,1.93388351097,1.48007920203
3.2721460298,1.79168660637,1.38600626571,2.2305365119
3.97979106031,1.43434351553,1.68944320248,1.16980592059
1.5995041059,2.16462368412,1.58639302188,1.62431185897
2.56208196003,2.15054786496,1.62071374819,2.25783633577
4.44766136924,1.48843661968,1.56241027358,1.52919520259
3.0447311226,2.62483354489,1.99488491936,2.33524144687
7.48557455097,1.17442991527,1.33198423365,2.50035739733
7.54549542529,1.072526714,1.04121774695,2.85939238285
3.93111919699,1.40798075363,1.36605000746,1.53053558982
7.25563398531,1.77883815617,1.67126929987,2.94843725844
7.08107994613,1.24231999244,1.96456984999,1.65536667563
2.44048571026,1.93655650673,1.57965514951,1.49259724237
2.75384092242,1.60097625714,1.03129988461,2.38623769824
4.38358803965,1.2206332919,1.09157383726,1.81284337482
9.01017191263,1.06361389699,1.84406386821,2.27764549118
2.17963856217,2.20910084958,1.64958162667,2.04153778314
3.53901267209,1.46824265708,1.08782812176,2.08425931805
4.87283134642,1.33027442467,1.33457817833,1.81420847831
6.99101770089,1.37043461143,1.28456558522,2.83903801019
5.57184932146,1.13427394258,1.17728873313,2.0139794039
6.54391916846,1.51901478806,1.87554632729,1.70819049823
0.653298760478,2.01098564647,1.06568535896,2.85187479822
3.74737488214,1.8639993321,1.70653589573,1.60563541478
7.14862376044,1.5353682208,1.92763032291,1.79632446724
2.34154751715,1.90697150145,1.52437547171,1.52080728155
10.8699870067,1.54516729023,1.86837021075,2.8891238508
4.58245320014,1.71916154569,1.91016256994,1.28778029619
9.31321841518,1.22718531011,1.73739304106,2.4624816333
1.08135001002,2.06744628641,1.26851753319,2.47074569223
5.72048959407,1.62469127942,1.46062403502,2.58166679386
3.47513245078,2.1932501081,1.7997570788,2.06000116502
8.54359109635,1.53187954052,1.68682775153,2.67914718311
5.07094079769,1.57285427286,1.48414411905,2.07595737104
0.0195813776362,2.46909184298,1.14298401839,1.13372498757
0.413476532095,2.85550229097,1.24067470759,1.61223331272
3.24530783156,1.42384056688,1.06789091896,1.81265737151
11.2423725601,1.11132768791,1.72168123536,2.9770017867
7.46905725909,1.42601577583,1.77153617504,2.04305286431
2.27919820329,1.76035086486,1.4274995347,1.34885119611
9.59447928625,1.54499935252,1.98376838221,2.30754699252
5.48825818937,1.0456814128,1.52653074219,1.59061784509
2.51686776121,1.7285907733,1.17512783132,2.28946790078
3.55505182131,2.56651698382,1.96179767911,2.71403499963
7.24993150948,1.45256123693,1.98843617074,1.69650127504
0.212108551557,2.40100637198,1.35196586712,2.86610604356
1.87164404066,1.9632682845,1.41592021821,1.79950734461
2.50587393837,1.6872324037,1.18944932226,1.99015902949
5.50629523873,1.03296809658,1.29293914783,1.78142795403
5.88601605432,1.68653152781,1.4506849009,2.95216859199
6.34759355058,1.1187340552,1.11519610189,2.36617659673
6.7895930516,1.15119948101,1.66536993161,1.85067713526
8.42508880685,1.33514242333,1.99220853614,1.93899837354
5.30985204933,1.31638855074,1.16060012477,2.29152404812
5.67601428111,1.3424963827,1.37007952489,2.06930157048
9.19417639462,1.39907124537,1.81956330439,2.39957138753
1.00991644443,1.82953431435,1.18489853862,1.21062092258
11.3414498036,1.28463050639,1.81217808519,2.89386206344
1.51672225221,2.02168136128,1.51044945159,1.31895862661
1.52015143049,2.05534188286,1.32568831934,2.62912352012
3.81308501563,1.65034748635,1.21387808141,2.65698680679
5.57633758925,1.01877323641,1.27765086956,1.81185385706
8.66655912347,1.41422203249,1.93623110615,2.08814493104
8.51639898135,1.41460033645,1.74649867087,2.36481711407
3.17504613726,1.24481931643,1.24149467948,1.18802862445
5.79549660217,1.43138719121,1.96404961584,1.37412271679
2.77795246196,1.90990422663,1.65626684442,1.3911733353
6.61625983499,1.13882803772,1.52628250937,1.93956341577
4.27579741785,1.54935076672,1.49120608388,1.68886757967
3.87564563531,1.89689509691,1.61271463421,2.06482106134
2.35770112927,1.61089217355,1.03100634228,2.0989196733
11.0631585715,1.45847512641,1.88766831599,2.79531255936
2.8190981952,1.85162572899,1.26550238448,2.93059001554
4.53295257241,1.46918901767,1.05049840903,2.81759349333
6.81571675916,1.51338137088,1.98990727358,1.61598890025
9.13197561876,1.0055344297,1.79448795056,2.38655730151
3.74115115361,1.01899668954,1.29118050976,1.207632497
8.79555009068,1.3977639588,1.93452397656,2.11488102054
5.81004834333,2.15976856222,1.94147651533,2.3709417955
8.91141560574,1.75977718102,1.96289996933,2.41974544407
4.67706170519,1.33805743059,1.41987469941,1.62632384191
5.02390298681,1.22089349749,1.80737585207,1.27632203343
9.05636071997,1.21819710324,1.92655110008,2.1612399979
4.96428721951,1.06540805924,1.33176530974,1.58752212503
4.48766392576,1.4940189913,1.568594949,1.54052488293
9.41719904685,1.4327982842,1.61462777496,2.95290385655
1.37283522046,2.34704209436,1.60405031583,2.33929068608
3.25942799622,1.08653469333,1.3984405307,1.01172773039
11.0334748016,1.1236092452,1.69002510635,2.96583473701
2.37876010813,2.39545999494,1.87549196016,1.68952801649
5.00675880871,1.52672336877,1.60533735913,1.70098594993
3.73119037565,1.9881106065,1.73802745996,1.80178593721
2.81521674666,1.84764025413,1.44896401114,1.89848493032
8.49014930579,1.28899240208,1.53366335572,2.61450514798
8.00010032569,1.07679875509,1.89677504399,1.97477601951
3.85244130463,1.03954523561,1.54506427596,1.10717216072
9.92361574567,1.77494208701,1.88292279502,2.99898735231
5.53948187276,1.00479685501,1.89843998329,1.39647234242
5.57417154859,1.67018201285,1.40157653591,2.9416096806
5.334433339,1.75112681235,1.58324627111,2.39303863733
0.428135834944,2.56623621117,1.01084180664,2.40939105875
3.35905010379,1.67810409921,1.29304633218,2.15568553863
2.17313745919,1.99180912824,1.42300466949,2.21836091915
1.96039782061,2.04377004943,1.42970284607,2.28787736185
7.65721559768,1.63877034876,1.62694450136,2.82129154081
4.66209842853,1.68069359825,1.6682453904,1.70211846681
3.79386054456,2.06583884451,1.65531437355,2.51813882961
3.04835416114,1.93539075849,1.46327753062,2.42047888735
7.70679321471,1.17495740724,1.86045139916,1.90479734166
5.64061211522,1.06165088796,1.08187184708,2.0715197068
4.10308810831,1.25131485016,1.65194308927,1.14846090782
4.16940131176,1.55359865001,1.69794312307,1.31353523421
4.60036094447,1.63913137141,1.2540829716,2.91994746339
5.15445685482,1.000800897,1.16999457241,1.75780500133
9.95574114397,1.09155098246,1.51820379134,2.90724345312
6.35224375035,1.5765267688,1.39921600041,2.9166310542
4.43306938428,1.98187139861,1.78974267628,1.92211418623
6.60785894371,1.27376489107,1.34509787298,2.32841582358
0.431855235463,2.50105943447,1.56172112206,1.9609121082
8.31324921967,1.09202923651,1.82130662964,2.10981257354
2.13872818239,2.22097423923,1.71120351911,1.70893632096
7.38134154426,1.9594478207,1.87196317657,2.69591001741
6.07191357242,1.3222192787,1.088902728,2.83504647743
8.10172657462,2.04457490577,1.9996499204,2.61460297185
4.23363581885,1.03178619088,1.61142053933,1.18262802864
1.13889576211,1.89948896397,1.281715492,1.31084731208
11.4180503765,1.42559414151,1.9321575268,2.76582120443
0.843034032308,2.91477737185,1.92673776831,2.20900200551
10.0116096627,1.31173116373,1.90438308994,2.42404242142
4.06457371466,1.18803889699,1.28542734926,1.4122580442
10.1890909325,1.58806943272,1.88767655493,2.71646467847
8.45227964512,1.27734833975,1.78246517038,2.1935744339
2.8001940647,1.78993537328,1.28396494556,2.35551866219
4.60588721825,1.31221826958,1.15719388496,1.98458342182
8.40528773349,1.49401607249,1.54516585178,2.95629395864
6.346049961,1.80556714463,1.60780569319,2.95649352508
8.0880983158,1.39546562821,1.64819413317,2.40930285305
3.05806887229,1.99290692643,1.68182460161,1.66843174651
5.71576491968,1.44794518969,1.26724049802,2.59706842475
6.7784870967,1.17140053499,1.38289905457,2.18728040345
0.874324512042,2.42832123049,1.62439181277,1.86157168577
9.12293721894,1.38836574562,1.55595077302,2.9248694716
0.742401878288,2.91157747424,1.9807236387,1.33464328355
7.28074234047,1.03076731763,1.42443743692,2.20970335783
4.52253013137,1.10815199297,1.15478011134,1.63206562541
2.98308065194,1.02246511137,1.102626986,1.06168123715
9.59190712467,1.03647092837,1.94151203229,2.35612249478
9.94093655567,1.05566719914,1.7457693386,2.61834052154
4.98374541181,1.5852352932,1.53495930894,1.94320283586
7.65677416916,1.16730949013,1.29332161486,2.61379022769
0.771760451202,2.88045252434,1.9252860046,1.76985673087
2.67342671227,2.50493511949,1.93548071803,1.9626918362
6.15818839554,1.91927888503,1.9170784633,2.01061677054
4.54600569573,1.45686175664,1.93371110202,1.10843130303
3.05487401621,1.72560743642,1.26545588242,2.28701264674
0.514284073394,2.82453274628,1.86157204082,1.45022549339
7.27516793251,1.2591676641,1.98149773655,1.68447474172
4.63858770914,1.03433496239,1.1243679532,1.639988761
2.64784163336,1.5692820661,1.10289780577,1.87051445793
2.45489741455,1.54604628074,1.30826133994,1.21895988052
2.83209399715,2.2811489782,1.86514195565,1.66191603174
7.83312596334,1.69016724411,1.95198537618,2.06654106138
8.19071434341,1.03269817346,1.95248534061,2.00687010162
1.25895157023,2.44919177707,1.71071830328,1.91216662438
4.46880777196,1.58730303374,1.41369536538,2.0426238778
3.41575236797,2.22587784306,1.9393944643,1.53040015746
2.29929036047,1.68468615623,1.369492457,1.31070472087
1.57364359935,2.35065554693,1.61091146438,2.63575614122
0.888462939458,2.1207743148,1.46187366107,1.19442827258
5.91916473428,1.03109942482,1.51607264221,1.72318152153
9.02559226668,1.35098310379,1.798537828,2.35710917788
9.46923049005,1.30512324981,1.55355021677,2.8969661599
6.02739750421,1.39864232339,1.43558651372,2.17241490945
8.28696600588,1.63767730071,1.64318468291,2.98891771458
6.71468388497,1.95024207753,1.80040432955,2.74003100266
8.25181143308,1.02006280512,1.87600350731,2.08557261471
4.3372391623,1.56554654443,1.60076300661,1.5334587265
1.65660615614,2.00597118426,1.60725072043,1.09208014608
5.13438056213,1.39836316176,1.3594204034,1.99269262304
10.1260343752,1.03362425138,1.9235636301,2.50550773493
5.7604856485,2.02386407396,1.78356586182,2.6817962767
8.48372571323,1.01438489953,1.2613828205,2.77578286368
5.96361731813,1.39158488774,1.73792529067,1.65081632098
2.66712509792,2.01847569278,1.75266663328,1.31048007278
6.43303261093,1.65380621063,1.60850522456,2.46620727413
8.98544402419,1.38797245243,1.64583599964,2.67098912637
3.06733593767,1.79669052298,1.33605291683,2.34338057313
5.05655717548,1.32247281366,1.38066322338,1.79632904996
0.790964147445,2.65260874887,1.79980987031,1.60539275494
5.26853707339,1.32718685796,1.96826991049,1.2293387298
7.87223795243,1.75224301509,1.96325533971,2.12675942076
10.4905551863,1.82464233851,1.97216614528,2.94021479085
4.32731338722,1.33880412115,1.17285106665,1.89500402907
2.69157276482,1.90602762196,1.34443255775,2.66829728299
2.90188502368,2.6824058815,1.97497903029,2.74580800327
6.71011356806,1.14901288744,1.96077035753,1.58877147264
9.33121363958,1.16983219392,1.64807174749,2.57266815988
5.42225481064,1.76633354451,1.9373865578,1.52343948422
11.3297739688,1.24811174735,1.88934047475,2.75583957672
12.4141364285,1.37004694185,1.94605567741,2.94897667744
6.20576249406,1.59303521092,1.92908847409,1.59513734042
3.80821371839,1.29719512739,1.25047511939,1.48189320377
0.630677279928,2.93810889798,1.94446721512,1.60380268034
1.58560776805,1.53103532579,1.02188376973,1.17486272254
9.74228187105,1.27877887699,1.69624407222,2.67086882584
0.379388834948,2.90014854057,1.84302463985,1.8545280365
3.95269835703,2.10269235604,1.74749519496,2.25905523415
8.7850639471,1.74780497002,1.85849699571,2.6792473487
1.66351404425,1.77631310798,1.01931689306,2.61184343984
7.99760489785,1.34855186104,1.77479879413,2.12191051529
1.92866548548,2.59561807359,1.93712558476,1.72400869356
6.02878163958,1.37933843939,1.67769933168,1.73944300406
1.93361205362,1.99539262138,1.49794301551,1.62771987867
7.88617231233,1.22248536104,1.81693725223,1.99325635133
7.09214207197,1.13998277115,1.77757094068,1.82724558389
4.96546387519,2.04389255519,1.9800096601,1.6546011634
1.81705346999,1.50139624789,1.05193322867,1.20286163705
5.01996954358,1.52537422443,1.87541159347,1.31412134741
0.628014415989,2.78721235276,1.17165975724,2.43535327555
2.39535438269,1.44662257397,1.07020867575,1.38880269522
7.54400585128,1.56843226917,1.93196512736,1.91348077988
3.85108726187,1.51061940139,1.76452323254,1.1052481835
7.2336430512,1.40848167242,1.92218657137,1.7579775977
7.69694181229,1.22346138659,1.87772200948,1.88327184438
8.13496956714,1.42336004744,1.71387849175,2.32904978972
9.73627238302,1.1054710061,1.66841056836,2.64395918984
10.0693551275,1.11964740057,1.84449813393,2.52009319423
5.589006204,1.58174167146,1.64713476304,1.90319493548
4.82824850997,1.44364566034,1.15642645367,2.49197154929
1.49445795776,1.99628912493,1.474086661,1.34243600803
2.3144711784,2.33222239205,1.7423551939,2.1957263595
7.80161029267,1.02336533836,1.78971346802,2.03282988192
7.7021658819,1.39850203343,1.6483340573,2.29787908979
9.36446529391,1.16370475627,1.71058145459,2.49556031619
4.93898807121,1.0894247537,1.41626912453,1.51967649091
9.02298906107,1.09105533271,1.78862512935,2.32245289762
7.04392738039,1.29538175667,1.90782959282,1.6995771858
5.91399401425,1.75414807215,1.93908958904,1.64486768208
3.64238343646,1.88455091544,1.64448144182,1.79202380091
0.272225781735,2.891810942,1.79002183565,2.20733989311
2.40628679311,1.28806742077,1.10357244048,1.06065226673
4.30731985422,1.48239840669,1.04364447511,2.77605115864
7.84687054277,1.00372342931,1.27166243299,2.54903443061
6.59513290394,2.03905096952,1.90806647029,2.47671539832
4.4930260859,1.07896170078,1.92506931633,1.09631645457
6.11467827086,1.54001811195,1.88433611815,1.59841710265
5.99619532581,1.28296460822,1.60442373922,1.75092573865
7.71831860995,1.20912547915,1.79687437916,1.97062137711
6.88078186646,1.31575610921,1.74964003176,1.83983586349
7.40953170669,1.00274447486,1.59751239697,2.08791568692
8.92760713436,1.07269614016,1.29380529709,2.920123348
8.62380391185,1.20674894061,1.93212395415,2.05381003542
4.58409024028,1.507968368,1.18754125625,2.52516654372
3.58283231893,2.01723430926,1.73461099355,1.82319040676
9.87376189307,1.32417281667,1.64610655125,2.84664071085
3.89066284653,1.83382620943,1.38023502671,2.94635682124
6.33099591696,1.49137052731,1.95038275277,1.53878716041
9.53099695196,1.75389609626,1.84400848538,2.97429309372
2.00013218266,2.55623018329,1.94842245333,1.56657869141
4.63986899298,1.35774099693,1.31715179727,1.80151068976
2.321895827,2.10372892653,1.52778169809,2.38936423261
7.95333368026,1.01343727683,1.82261219896,2.05294190704
2.18547324936,1.9859348408,1.48399733567,1.86316113204
6.6314550312,1.33548217355,1.59148398424,2.00212352249
10.1186556667,1.72857699344,1.90041366193,2.89377674272
3.78956016694,1.208416278,1.08447503331,1.55719199636
3.68906006797,2.01613485406,1.61241777896,2.45282374666
0.783905427963,2.39184421714,1.60389124583,1.59211488744
5.05542392062,1.39144949208,1.891545683,1.25044281383
4.16537586216,1.38108287304,1.1122896418,2.05957020946
4.0499906054,1.09099006623,1.78303710989,1.04496467105
3.4540951446,1.19303110584,1.43672491104,1.08707268187
10.0626742041,1.11008181655,1.75282798101,2.62670875696
3.54052305207,1.40627319038,1.68390136439,1.03003554577
8.37456316776,1.84213412265,1.99734997881,2.30157488206
8.3442079216,1.00574251584,1.83947336709,2.14597634256
10.1356707613,1.72683988143,1.98128571839,2.6444537936
10.3511396239,1.51137498886,1.819827464,2.8270305298
9.22139864609,1.17699091624,1.87507589985,2.2627842994
5.66554505828,1.62438904564,1.51103816054,2.38590870695
3.85397836665,1.24646912493,1.28656330047,1.39335740739
7.56277650739,1.20328283794,1.44843491373,2.37268099352
4.23105114663,1.41346190978,1.52730118063,1.41669889455
3.28812357611,1.65253903,1.32144709694,1.91426590988
5.07209981506,1.83701934139,1.94031309205,1.49429113369
6.42554000691,1.68357254043,1.66230921081,2.37130982975
7.73489385755,1.23975512179,1.56390167473,2.28310048148
6.27015966765,1.21268082037,1.54116811225,1.86004050492
7.62921553443,1.76456573479,1.97542882747,2.04797153028
4.39149067465,1.04849013942,1.61160866657,1.22530074177
5.019821477,1.48008223042,1.13345102129,2.83724096458
10.8805343413,1.40188262567,1.87724003104,2.72538575707
6.7809122771,1.81633667644,1.81551187365,2.32552860926
4.44407927323,1.27231438918,1.04162513732,2.03773393026
8.88586647182,1.51513894918,1.93980962053,2.19439151666
10.7927075083,1.32309058282,1.71266087861,2.96637027916
0.533586393899,2.81840437947,1.22007654803,2.23775302749
7.12983176825,1.5097116737,1.44992190637,2.82766189489
2.12623073846,2.10511517467,1.71095864315,1.33166073559
5.00286907343,1.3706775585,1.25451198256,2.09453917288
2.76219749371,1.29693739358,1.09676141708,1.23878552824
3.35373275187,1.13126496445,1.34859968943,1.0864577876
3.74773993113,1.22945314975,1.32445190684,1.30048525334
2.85077093396,1.62941784233,1.5500489967,1.14712708414
6.23610754673,1.33775614207,1.36891101525,2.26661884582
4.84278839466,1.2908664022,1.85023859485,1.20855644919
5.29014318069,1.59438652282,1.69678966482,1.72284173931
11.3315641015,1.21054666534,1.76569832633,2.94293330098
4.35153338357,1.37052734536,1.40134065491,1.58003445558
8.57967224636,1.72012192028,1.87970170919,2.49869075227
9.30061437419,1.55413535886,1.72122531829,2.86196106427
7.29700900633,1.15993450438,1.5047290153,2.17680751586
7.9643567488,1.10913997354,1.58643424446,2.25165542036
7.31666725614,1.09048210944,1.44151077118,2.2220385535
5.65614728966,1.67737911448,1.87364367995,1.61098918665
3.21711007243,1.93894433427,1.78274285408,1.33457940432
0.820023698619,2.81393529631,1.94686577858,1.29147922446
5.00792423972,1.38520182843,1.14464800428,2.40158485617
2.42540125142,1.78960273814,1.54189705434,1.23311981436
4.25523085377,1.62668929897,1.91252456794,1.12965531148
5.22032772889,1.37527840631,1.0695757319,2.68696123846
8.00244111802,1.11259805137,1.11293627122,2.97509704299
7.45575334416,1.71372999583,1.85658176232,2.22063467436
2.99426884979,1.58135159188,1.12800943619,2.08274616825
5.37263997098,1.81577682958,1.55444415398,2.78769969836
6.03209548092,1.26853439009,1.77860584884,1.56675689075
2.4469838177,2.40562221656,1.91503160128,1.57128148586
6.13406843932,1.09886408384,1.0691857543,2.32455328982
7.95668603157,1.4026628566,1.98903955252,1.84583566664
5.9786830928,1.00013757124,1.07683759774,2.13697017608
6.22231239717,1.11181817542,1.22678789625,2.15118438824
5.52380392833,1.63275426736,1.4782412471,2.45939776881
9.11928137423,1.26961503838,1.54508785298,2.75977792581
5.67144485159,1.282491354,1.44869683349,1.85426091331
1.68724222391,2.26305381007,1.8421621284,1.01845380715
11.1826276312,1.0324347837,1.97419986453,2.71980020376
6.77664694046,1.32128703114,1.17417375783,2.90281594676
6.05782250648,1.85110390048,1.64248405056,2.84370337684
3.59041708411,1.23452216208,1.19635352683,1.38084107345
7.76288537585,1.62451828154,1.63030059055,2.80724999356
6.90599561033,1.08068186841,1.70174864607,1.84832939628
6.82984906719,1.44715569764,1.83288600576,1.79436126605
4.93687805233,1.76821691019,1.74547178738,1.77944123679
4.07398447444,1.83547570274,1.82074108136,1.41338417407
5.31995506082,1.2861235363,1.06678628669,2.42311955271
5.95151839106,1.36026829216,1.49989204451,1.96419836677
3.07584642447,1.48400983887,1.11370467802,1.79914165606
5.96965276394,1.03979468052,1.82796569821,1.52698327692
6.42037409684,1.33560632572,1.85861038783,1.6050354914
4.27920464338,1.33939095156,1.86914403524,1.06322427655
4.77755093558,2.14302667885,1.86095621532,2.25812011833
2.82708397093,1.07571991331,1.12471844641,1.02005245448
0.876030890331,2.81537859003,1.09205479221,2.28875845885
4.35844254831,1.53461838496,1.17109770758,2.57798593923
8.62909305142,1.34524452442,1.46807089954,2.89509480402
6.51630611563,1.33128533491,1.38099064536,2.33080487204
1.48737107786,2.50257084182,1.77687833734,2.00218074664
5.88379583184,1.30972418782,1.780336486,1.53927415151
3.32741903571,1.73664849306,1.45156031325,1.80926798763
4.80498229709,1.76335289058,1.64267864179,1.99973331725
5.65500787199,1.12722574159,1.39043997113,1.78455813325
6.75847012381,1.44944997587,1.34690928753,2.81040259804
1.53145458039,1.77810204372,1.24548946199,1.36116785909
1.57696076662,2.03512494625,1.3774289271,2.11442969056
7.81677409844,1.66496006205,1.78477514678,2.43905882819
1.71369209515,1.68114630058,1.12353681573,1.53071167824
9.49542471106,1.00392097504,1.568638264,2.70665891224
5.34619095692,1.09957020623,1.53256274909,1.5514912837
8.30436986732,1.28306543073,1.57911460456,2.46831387874
5.4140299549,1.1260890222,1.85326244958,1.34862864489
5.47706168215,1.23416430126,1.30412497064,1.93595906615
1.95992899264,1.48233984314,1.00810886401,1.33139491182
9.28381052033,1.38984296348,1.99319807762,2.14447939185
2.65359246614,2.27019589009,1.67839933792,2.65832185274
6.13014221946,1.78333859907,1.85745262777,1.92708812628
6.07060795975,2.05802340949,1.9474970737,2.17108853849
8.30873720723,1.21671657304,1.89343963821,2.01661302073
4.9986827442,1.25704848416,1.20354464913,1.95033083268
4.18964928404,1.4894559792,1.10759001388,2.49684807376
4.7234635643,1.07734118471,1.39488896767,1.46569369128
4.31276390062,1.11881137606,1.7400159177,1.13197186273
2.22712404268,2.42437479117,1.97428863975,1.2443181033
3.09756951267,1.49722084404,1.34732608502,1.36559100202
6.60515403269,1.55419573961,1.43769111159,2.80143730898
8.14577961097,1.15747255837,1.4711147485,2.47657161708
3.87489334794,1.03948136028,1.00642546968,1.46863306388
3.68209312899,1.16515378663,1.36188952853,1.20071023468
5.67869189574,1.37759844915,1.32015970379,2.24318295102
7.88599889636,1.81354951659,1.97629689018,2.1822821241
3.71191728855,1.25052711345,1.62490596926,1.05687159789
4.30775982608,1.78371591432,1.8869870266,1.30413678805
3.12427885266,1.30160651483,1.28491956272,1.18439475909
4.3758538419,1.07400496999,1.89723296586,1.08069495916
6.50905448552,1.35582408396,1.43688292689,2.26115681525
4.36308075586,2.17283168766,1.88919252289,2.02555532695
7.99135631358,1.12304505228,1.9083953034,1.94433176137
3.96561126533,1.84724378147,1.70246528182,1.67332262051
5.85364530876,1.05013023983,1.97050393574,1.41662562401
3.98459272038,1.70196618156,1.68806851884,1.44914946341
6.83207791085,1.73973537862,1.86867972112,2.04509007814
2.00692011868,1.55839060007,1.31692292298,1.00362212393
1.41695163354,1.67693281699,1.14965913826,1.18699080182
8.76024314308,1.71161568135,1.88770671779,2.51292515668
10.2924976225,1.38930359114,1.81478958408,2.68728889842
5.49574132163,1.59731901289,1.60749853106,1.98805615079
3.48342155319,1.00480018116,1.23074575477,1.15428539737
2.72064536031,2.13358033364,1.56588419853,2.70526317671
2.56130580963,2.55567600197,1.87961882207,2.60246870929
1.37873676612,1.88545443534,1.08445745258,2.78373988456
4.71490830461,1.37646195682,1.88184362065,1.17015058742
5.41030705221,1.11395515551,1.35851617441,1.73107594526
2.51763921427,1.55574379815,1.23870922376,1.40080366035
4.78725355129,1.18504217431,1.4107250524,1.5267751404
8.95542623785,1.14138996957,1.64188582252,2.46875810223
3.48364045804,2.11607322398,1.85632853565,1.59846400182
6.1604763576,1.25980393031,1.49847113233,1.91778697028
8.44192295822,1.61311600972,1.8920873546,2.270424363
10.4491021148,1.06621790013,1.91654638142,2.56667587298
1.25003735919,2.92892066919,1.95623573451,2.81524620591
3.71552838634,1.74249972814,1.71375897569,1.36205573582
5.20533624958,2.38272620215,1.94591648534,2.93244303112
2.5401596638,1.70566324042,1.61230323415,1.02885562667
0.790346884313,2.99025313842,1.05770077116,1.26465063109
0.504734248955,2.84080173174,1.90283430108,1.14667995371
2.0036038622,2.17186635986,1.74829530046,1.30101559541
7.50550454119,1.18952415721,1.80533243359,1.90637897446
4.03208242074,1.36864752379,1.6893142359,1.1473024411
7.42273880882,1.11567735971,1.35148932883,2.38611161332
6.6256486517,1.40921509974,1.41889933241,2.45025408714
6.40457430686,1.39077285283,1.24453571536,2.77438290445
1.88996362357,1.81220617091,1.40214947238,1.30256611536
3.90826883038,1.04132900161,1.01938788656,1.47169893224
3.84258590373,2.16006207106,1.97792023228,1.45802972031
3.63533705337,1.11023938897,1.40157874708,1.13375348425
4.51246836438,1.38712454137,1.16794152369,2.11415064323
2.84443821298,2.37430374331,1.94344430355,1.5902179125
0.817824821438,2.23055489657,1.58052394075,1.02868409881
7.41861086596,1.5785088619,1.87090630468,1.99980978773
4.19253959123,1.54559344729,1.13410071776,2.67904262833
7.50196903599,1.27463263537,1.74612290864,1.99024099512
9.3438963793,1.56134308599,1.79522972049,2.68328034235
8.54020701822,1.45758479957,1.77956175105,2.35356444898
3.235780961,1.92017647917,1.61808348152,1.77483877237
2.46877591005,2.39698280512,1.90123355012,1.62512546919
2.76225812156,1.78234724744,1.24361202942,2.49344216326
3.07729077463,1.71442247839,1.47908883235,1.54161295608
6.64035385725,1.02655913316,1.59400137379,1.86936244588
3.29441361102,2.41655980018,1.87920054558,2.41700292575
11.0891097718,1.40317026995,1.79840735243,2.94430529211
7.93964896066,1.08595697584,1.43915315194,2.41197125937
5.64019127982,1.08909148553,1.00340912705,2.2154592642
5.80036438422,1.71980176129,1.53673882999,2.67576399083
3.05587119699,1.48031253134,1.29087687458,1.4104661602
6.18403638806,1.9262783134,1.85959912372,2.22262071564
6.24755474175,1.11837450411,1.47131576027,1.87890987152
10.008173836,1.35558064792,1.61912445471,2.98811496119
6.92488998882,1.06772954703,1.9838440773,1.65817783779
3.90490058326,1.90484754379,1.85618128641,1.37930913579
11.4869929858,1.06338236546,1.81711231313,2.93517603131
7.60741070272,1.64289143353,1.6073905904,2.88584349458
6.89883100054,1.01437742187,1.54851687909,1.9813022771
10.1091774219,1.07905867454,1.96189058301,2.43208428384
8.57978721246,1.53478526745,1.73922846979,2.5594210675
10.8583768213,1.33950383201,1.96702535829,2.5375927927
3.11054395532,2.05871678623,1.93761508298,1.13302534812
6.53241368407,1.47023280801,1.34273219361,2.79830849979
2.07377421621,1.80861602104,1.58580020302,1.00727583615
7.17898073213,1.79735958734,1.96472313739,1.9930924466
2.21719993553,1.43695984698,1.19256675303,1.08370259686
5.42369891345,2.01911774813,1.71142715347,2.9062721681
5.93612740833,1.35842625425,1.38093627136,2.17297928032
5.49095191769,1.23901689822,1.29721884637,1.95792484941
1.67609105585,1.91196518946,1.29844465203,1.91438820552
3.7990815562,2.15229607888,1.66945105388,2.92469395077
4.41715546116,1.52246602076,1.78295945409,1.25466451364
3.02620927267,1.62310634363,1.33164378149,1.64548215281
3.90996124005,1.68121258456,1.45559785417,1.93014268412
5.93893662944,1.23518765517,1.50669107369,1.81760960943
4.42150766509,1.48075175152,1.54391234483,1.53899904991
5.09920701857,1.07727485879,1.2078925037,1.753405148
6.40351859217,2.0002725819,1.8132677607,2.7244581998
4.42159918778,1.13093349952,1.4091918192,1.38196461141
7.61901300554,1.06752010821,1.51887749926,2.21860652827
3.60269907133,2.04296964294,1.57291828863,2.79833965976
2.75113255237,1.72212636432,1.26345142283,2.05126578076
5.83697294231,1.24898201074,1.6282168804,1.65759130422
7.80078471381,1.99164671091,1.90948371033,2.77206880118
2.79449783786,2.03196241747,1.53777489875,2.3179900429
2.0913952229,2.10372739081,1.76715353259,1.14439601711
3.94862205238,2.36840961373,1.90404043712,2.4410163139
2.19827568862,2.53848090332,1.96834201743,1.54735462599
3.73768159762,2.46921650659,1.94418341527,2.48090944085
10.5926325029,1.11860327978,1.77957658424,2.72980546872
1.49339048669,1.97329808544,1.26042347714,2.3668074536
2.05945775105,2.2784654928,1.76457163358,1.59880504212
11.8159504723,1.06763398813,1.99862951432,2.8142854078
2.40463425616,2.01712455798,1.4771292958,2.26266733149
7.66599943075,1.19628760129,1.84342134685,1.90950932101
10.920210359,1.1690617033,1.82975529994,2.7404573469
7.68566475839,1.54249085883,1.92916471765,1.93398893752
3.66718505176,1.92956579858,1.7448860723,1.60644402153
6.17457052113,1.67088370377,1.76680499625,1.97699094185
4.09060578563,1.09862351798,1.35803832901,1.30242307546
5.05352665644,1.94697541991,1.78542544449,2.1083181121
5.72429226637,1.29352627737,1.69136060708,1.58124785739
3.04857359321,1.48813939685,1.21706769589,1.56218569126
0.999795010225,2.13890840708,1.45503987707,1.46567891541
5.64053784475,1.0624574027,1.17085877613,1.96784629808
3.13012415478,1.45109287157,1.49696524882,1.11308812282
3.41934778273,1.98337575057,1.48005490496,2.92619159678
5.10088801091,1.19617249056,1.99182242424,1.18200283124
7.97165366965,1.17708588443,1.45798053088,2.45950367209
4.08841747925,1.61704643419,1.84685731804,1.15323984382
1.78428536972,1.62116997384,1.24157651365,1.11593875071
7.92609112122,1.13788982407,1.2948697839,2.66150441575
1.42718058001,2.61904510286,1.95523743256,1.2564203804
4.3213355147,2.27964880932,1.81193226262,2.92706886753
3.91561242823,2.07890672676,1.90078092062,1.56341976713
4.47654225147,1.62404731301,1.76818655288,1.37919010942
4.37450929783,1.28821028282,1.33387691702,1.57287525489
10.5462166604,1.29880660322,1.93436731667,2.50621808365
3.09301047204,2.08246630894,1.93151613204,1.17058520466
2.18178172606,1.69968063937,1.32733089295,1.37582626507
5.03277121052,2.04658154928,1.76494528074,2.51923083934
0.248966655846,2.90336855527,1.30507593903,1.06558762633
6.95629191434,1.21850032588,1.4738289275,2.1605447346
6.45956875534,1.21261748379,1.82497196174,1.62489173027
5.08134862716,1.32734166746,1.19711663599,2.1435849369
5.35673836032,1.41335280265,1.90304891357,1.32104676969
3.11117978349,1.04102590123,1.04900055128,1.15135776412
2.88562778173,2.4157045516,1.97501930621,1.58539736736
3.53080170562,1.23322354209,1.29617927599,1.25470949351
0.711098411724,2.83460911297,1.86430594167,2.05883331518
0.552890849514,2.88324059355,1.30409181952,2.59633345373
1.66025587347,1.62008000471,1.11830878056,1.28339647796
3.21528070656,2.0676056892,1.8238670684,1.4711744561
7.06351368835,1.06580493761,1.92169742692,1.73186932654
8.25999299064,1.30948437946,1.98562600992,1.90679128063
7.62371103401,1.54391744445,1.61546580688,2.60044915758
5.02189481425,1.76511881165,1.5873775325,2.28248247826
6.76156057724,1.02761207482,1.98567307523,1.64112867342
4.84560733902,2.06382333837,1.94895945735,1.73948926297
6.36919647101,1.12527068652,1.13314676824,2.35659037816
4.99590872279,1.02682670251,1.09986342834,1.78414204834
1.33185479312,1.98190498251,1.43701768518,1.27248911505
7.824744642,1.70565369247,1.80439814565,2.46471832461
4.97243201224,1.6432387484,1.48687311453,2.21863225437
9.98802005979,1.42341916798,1.73849876522,2.80253210351
8.79699521692,1.02026337558,1.41441058008,2.67977155934
7.14334162298,1.20243781514,1.82757502476,1.79396787692
3.54350806034,1.19603402142,1.47232880641,1.09138288388
8.45160971709,1.08372193622,1.54211843388,2.43683227587
12.6881872601,1.18243004235,1.99683390113,2.93960586418
2.5216772385,1.991774947,1.81480336381,1.05790204677
0.511970171199,2.00933992216,1.21787093551,1.10115312812
5.17749696129,1.68003662982,1.72424022123,1.75951692992
11.0940605068,1.05535116378,1.85598932262,2.79678906989
6.30386307359,1.55521025022,1.63193701573,2.13293696043
3.61249747948,1.51169369389,1.54288688613,1.29446969716
2.60049879223,2.4791955047,1.98640069446,1.54327137572
2.92496826581,1.47311115369,1.30272803628,1.31800409735
9.96092053202,1.12923768066,1.94510779275,2.38329193893
10.0716944476,1.37669001071,1.79343509972,2.66011434061
5.43960416297,1.92013070015,1.91424583187,1.78501568366
9.15747897583,1.26675149292,1.58144255985,2.69919707001
8.93069259889,1.1665580917,1.90404104429,2.1635708162
8.21374048015,1.32628785311,1.45642891622,2.74591985611
9.09386981956,1.15969108927,1.76582614714,2.35576664986
3.61748704451,1.8961184885,1.79818676241,1.38738437591
10.635206254,1.55058528104,1.81150444949,2.98785136171
5.72313721017,1.13675811752,1.03195868822,2.29111577571
3.95306001357,1.26318412744,1.16257915044,1.60682693423
0.513780776403,2.81466587437,1.08105316584,1.30266404607
6.69880357792,1.49904248122,1.96039506363,1.61904712461
5.56986743644,1.72379922395,1.54199190802,2.56330269951
4.59483903865,1.25555655001,1.37634716971,1.56036733098
6.1219944675,1.45437073997,1.22200278902,2.96211132374
7.08987283164,1.34411131035,1.51772056285,2.28071985234
1.21674992218,2.57562739193,1.71557186097,2.93566043311
3.26511062477,1.95060606945,1.54538674712,2.21405963151
3.29242073384,1.70914287744,1.76373891412,1.09371222443
6.33223595799,1.90600830803,1.79500349271,2.46982493514
7.60214639829,1.16807305404,1.62226797668,2.12532093878
4.29306674143,1.64507162473,1.56719238848,1.72038408301
5.53387343073,1.61494455199,1.46782134084,2.44041618423
5.00053788494,1.7328858656,1.89079940967,1.45057216509
6.15855248302,1.38356034718,1.46111478668,2.14017150399
2.334489967,2.36980650442,1.96344125747,1.22692787703
0.358216865814,2.79787230709,1.78421589834,1.6276910212
0.99439762252,2.20907045243,1.57259380281,1.20363232271
2.5840548771,1.95611973322,1.74507334395,1.17439910039
2.75869650705,1.81279251575,1.45708682366,1.70625755347
10.9896532798,1.06762508371,1.94881008978,2.6658165036
10.0643265237,1.01581627837,1.94660074856,2.48618853844
5.57229219497,1.31164417645,1.17692564977,2.35455079167
8.61945814126,1.09983279894,1.80885293802,2.19676963618
8.00897575033,1.28978572371,1.98744556632,1.84686305823
9.98705124702,1.4433408193,1.69751370679,2.92982189053
9.07307275384,1.07046329891,1.84526022843,2.28907107331
6.50278984086,1.10429150277,1.32499035647,2.11366820405
4.05650996394,2.01417128077,1.85864004515,1.61646997039
8.00338278854,1.08696603395,1.38451053027,2.50307887927
12.2234308089,1.25142180465,1.92343938351,2.91905510118
6.98283225591,1.02622428215,1.37603543231,2.16684132566
3.80300942373,2.19593245969,1.79620086777,2.28599376033
5.76949959411,1.67328010315,1.5144310215,2.57837182223
5.59455020427,1.1421166528,1.38144132639,1.78466920078
4.61219005513,2.11196327548,1.8328349253,2.21130485735
4.5547838316,1.11624671025,1.77470580146,1.17662636236
7.74903426707,1.99472058751,1.93964375954,2.62818366565
2.78205507983,2.10647680828,1.77655211207,1.49709960034
4.04030575667,1.75859565935,1.32699045754,2.88417878055
2.54625868115,2.06201851004,1.75401169793,1.33752337696
5.53123653514,1.71684321911,1.65404473229,2.14101659015
5.81174627511,2.0433358576,1.99475909273,1.88855362698
3.60843975769,2.17833357962,1.66520140654,2.98662649379
7.57419355539,1.31637602045,1.47141052753,2.48502413291
3.26725264121,1.69959392833,1.21628180808,2.53573628116
6.51257283285,1.15599394436,1.9099782849,1.57543370854
1.97014447022,1.83866882546,1.40115469831,1.44174922191
4.32640363533,1.17895443797,1.63618133466,1.20241090186
1.1928454853,1.92974625522,1.31501071536,1.37426979218
1.29155686207,2.31121196709,1.6307274345,1.73762334786
3.84342719101,1.401506605,1.33941606925,1.52705167292
9.20102563766,1.02905528571,1.66773076024,2.51170329571
4.85918824922,2.28440554602,1.97047993492,2.20264075072
4.37664498756,2.00860338098,1.8623268218,1.72068208283
4.68542151483,1.32521542175,1.07853548139,2.22013503178
3.70695929804,1.16360613742,1.61270101421,1.04105676893
9.98165321448,1.55275196273,1.89317168951,2.60351837375
2.19245187056,1.59587731166,1.28595125238,1.21958934422
6.63709844568,1.12452874324,1.54208243955,1.92379917244
6.13282364723,1.69894302815,1.93153395703,1.6620045666
10.2942625017,1.18371738485,1.80765416459,2.61142786988
3.8511241262,1.50287349827,1.50624124762,1.42380258158
5.6963855015,1.86051504731,1.64128725527,2.71737304875
5.73571124302,1.17527262584,1.31741936522,1.93535677056
8.13282727654,1.31647541296,1.38886412543,2.85563159285
4.18906681918,2.48567653471,1.94451079722,2.86937245129
2.13813898146,2.45249537999,1.8229767329,2.07135930373
5.56771887087,1.74117650178,1.94855287525,1.51912694697
4.30308890889,1.23299175497,1.80139035861,1.09785215955
3.14628391626,1.58703087363,1.13784861224,2.17941509113
6.89247198687,1.93659736871,1.98453322051,2.06880835332
8.5385585171,1.42481260448,1.83326588438,2.22463096954
4.06190429438,1.84667602547,1.47259657835,2.60415567934
1.70956801302,2.05215950586,1.47929157314,1.76014994445
1.84562925969,1.65064523888,1.20673878897,1.30348499643
5.27083119568,1.39722833268,1.53183173835,1.73662930171
7.3527081089,1.14547367369,1.37858546161,2.35270382256
5.32267855944,1.10628741757,1.61240459318,1.48517221059
6.37364035895,2.32885693661,1.99094023942,2.93250089159
9.85651517909,1.50873989774,1.91279331126,2.48322357594
4.19743540037,1.3291826419,1.60870096475,1.24688654806
9.29658705955,1.40897933844,1.99326451638,2.1524668856
9.85902130437,1.31481119168,1.88127537176,2.42177901438
3.29208364123,1.91535046246,1.42801275633,2.71191174638
2.70474090534,1.63457693828,1.51018235286,1.15519358327
5.490613218,1.33629776991,1.9695503135,1.2809057603
12.7981772451,1.34553139179,1.9684363703,2.98975701459
3.15899929728,1.4563693866,1.55923611383,1.06113576275
1.73441164642,2.00014791551,1.62581453345,1.08320408185
6.21746515077,1.25454845215,1.61578777784,1.78309230415
1.37411253118,1.76542228092,1.24461192351,1.18390182799
3.3330062765,1.94513232069,1.47486380794,2.63345237975
3.68920597881,1.84327633554,1.57585951386,1.92665809463
7.53529329121,1.02493607638,1.6080951726,2.10909859787
8.82415226677,1.78058389975,1.85568455817,2.77390911298
4.79900036104,1.22095505208,1.69339248941,1.30043572081
3.98686982958,1.00293951365,1.38329243342,1.23005399969
8.15095894221,1.22143515627,1.5866448637,2.35652002705
2.27940162087,2.31702707446,1.75251168155,2.01189003765
2.89347781565,1.57305082753,1.17924639856,1.81981058746
9.00094844248,1.2785819569,1.5506217254,2.7244179613
2.59244973254,2.56610197427,1.85666131944,2.98070313781
11.3097198745,1.33615227542,1.8673747211,2.81165265467
5.47550172611,1.25325943146,1.29594188851,1.97531855421
1.78814049934,1.93536168898,1.22261115497,2.78118167897
5.09537975675,1.17272722618,1.9196457622,1.22465401103
2.49856282872,1.46317498324,1.28888584203,1.12949094559
8.34381454013,1.23449512458,1.45935516693,2.63657676171
0.487582904736,2.69346243461,1.79231893199,1.22666852021
0.51019360282,2.92562409931,1.90104220263,1.71563146561
8.92280708463,1.15282995488,1.41559892568,2.79978739235
2.18233579283,2.26327513603,1.60103484537,2.82200392827
7.50793047363,1.08974841816,1.72479276745,1.98761922802
5.76918928388,1.14906929035,1.3718092002,1.85639953293
7.55654059528,1.17561020096,1.50067873394,2.27029734695
7.09338403492,2.12100125451,1.96036617473,2.65986025744
7.01553243261,1.42220159582,1.56325145989,2.28770403797
1.38162843244,2.10206197177,1.59124276798,1.1754468833
7.21044451797,1.07591193197,1.3880547413,2.24466739175
1.48561058901,1.87201262103,1.43554808214,1.08682876965
3.44836848795,1.4343989591,1.38267428105,1.35669938954
4.01756512612,1.9204194618,1.52276874162,2.69130025982
4.98768704306,1.90879092558,1.56762404789,2.9687340803
8.97182681767,1.49492749202,1.68928620379,2.7358877952
0.308963453127,2.07581069339,1.04611055599,2.54711325978
5.9472797372,1.14259179959,1.06513799168,2.33633140762
0.567264384387,2.25253366257,1.44968690032,1.34175647147
4.75841218856,1.33720402572,1.27015155809,1.89207565389
8.66125317841,1.30669615862,1.58014706983,2.6001319202
5.25166528957,1.74619820625,1.54991279744,2.46552859197
7.56759236865,1.90942294939,1.84991117032,2.71249609509
2.57868453668,1.12196358352,1.03493308744,1.01748427564
8.53848706332,1.26686143616,1.69137170561,2.34060791732
4.076296753,1.96874595999,1.88184627134,1.47965723651
5.90759722302,1.657596194,1.8207970869,1.75985434583
4.89246990284,1.22443238412,1.20395357187,1.85414672666
6.73579373973,1.54143350283,1.38750964953,2.99401678857
4.67248306116,1.58030776509,1.97936698887,1.14175621754
8.4203768901,1.0385391282,1.91221713141,2.08859755669
3.98734378605,1.59427843813,1.80250626359,1.16031685364
6.02441930908,1.52531004259,1.48189612038,2.34273571205
5.50123234278,1.39910325718,1.83300004118,1.42164750638
4.95617885825,1.13816584351,1.57303326838,1.41624158863
1.83977367485,2.34811136253,1.83028669831,1.36098570366
6.69146318046,1.31987729586,1.14915275378,2.93232077394
3.22366748608,1.84409490319,1.59944255799,1.61536099554
6.19930145234,1.36911921305,1.70735568521,1.74026769526
5.49784912312,1.39461501716,1.71230016768,1.55462718612
6.00127750226,1.51624124823,1.46236885051,2.36329081439
1.96760426496,1.74634275105,1.17744713458,1.86957007185
5.54841346793,1.4060499443,1.67621602621,1.62421655944
5.49388662116,1.37730032633,1.35402134157,2.09905761159
2.58526634409,1.52092344754,1.02450231675,1.86372356377
6.8289284692,1.65606155402,1.71806321024,2.28788795307
1.33304897164,2.88118775291,1.99879183948,1.94777741154
6.48514070282,1.5291516401,1.65473349651,2.09681530901
12.1123831125,1.49444382756,1.99821239842,2.83971142996
5.36797048257,1.03832419462,1.31115785144,1.72305647542
4.0518993418,1.18994286784,1.75792028466,1.05507185332
3.91463595563,1.83053615889,1.50118531689,2.29959250604
11.626825332,1.44785171249,1.97718672184,2.74014575262
5.94302416441,1.43982536618,1.71348618871,1.71648867069
2.83831139111,1.78048333456,1.24745598594,2.52742981305
3.83559385775,1.47982841485,1.38424636231,1.58487060374
7.76427106077,1.11676845802,1.34701858795,2.50340542404
9.76251771363,1.47278445899,1.9631563772,2.33785780303
3.67579671289,1.17040112129,1.45443975282,1.13378036776
5.62077564011,1.32181479307,1.01184080757,2.84381933849
4.17337092074,1.26683403406,1.87328702964,1.0251313461
4.52420069372,1.60116306211,1.23272348275,2.76088271573
4.23744615017,1.47311819383,1.63775448613,1.33684563533
3.69415919031,1.39601395967,1.34904455543,1.44521303877
0.629705217686,2.7287275598,1.78352356832,1.9815493946
1.59400359585,2.41398911491,1.68819573633,2.37418490219
4.0457591022,1.47600950295,1.00698439563,2.71609656919
5.82630915482,1.58263982554,1.8782615576,1.5629640331
2.2309357951,1.75567723385,1.10805566533,2.56776952169
3.52249025243,1.05885778357,1.06312917226,1.30603635232
4.17210938261,2.00290824208,1.72903137691,2.0989862912
5.54766599482,1.55562062079,1.81132809753,1.56326827761
4.87376574058,1.45773360869,1.29643109163,2.16823795938
10.5826192004,1.0669643334,1.9913955688,2.52770401995
5.28098608112,1.49212485207,1.9369149099,1.29754335433
2.86531324664,1.6049275266,1.16391945353,1.97415096035
9.67141976001,1.39592200451,1.6073412171,2.98166879237
7.61864515636,1.23007567076,1.33810453779,2.61828150819
1.09616392548,2.76605435041,1.99040373264,1.1995599958
8.47981981198,1.12531255235,1.31482097954,2.79644782246
4.12849959648,1.75784356114,1.46566768551,2.27238588017
7.94021784475,1.31937654311,1.56071030482,2.43394686412
2.70087104805,1.2435858482,1.14547426976,1.09242949164
9.45291308114,1.48629290156,1.75568175041,2.69804017934
3.39876739196,2.627618034,1.9780652949,2.79375226184
4.79361242835,1.69263489039,1.4418219505,2.46187440122
7.10259850041,1.06764674385,1.67781026507,1.92291389239
2.15316826711,1.80650561808,1.14310872874,2.6748600426
5.11520673556,1.41257984394,1.15646989475,2.51763723586
2.7473954797,1.66760590549,1.25955695032,1.8308717457
9.90267044143,1.12363804131,1.64022174699,2.72822799898
7.37061716912,1.01007801637,1.26795087615,2.40163972711
2.34672534191,1.62176903606,1.15586538485,1.70191696983
7.17201505074,1.50453769932,1.6208854392,2.35452237417
3.61373947682,1.49591955365,1.30397449408,1.67711195133
3.72809355246,1.26449105657,1.25905487026,1.3982031361
7.65289736159,1.84310765717,1.7737244543,2.87059287395
2.26213114436,1.66395317726,1.0101720684,2.45269165149
5.64078577508,1.07454462863,1.85383226047,1.4170357568
2.9080221621,1.30940030346,1.24833404158,1.14729079825
0.63206827756,2.95945095341,1.95889443826,1.58209539837
5.20707135174,1.81489373677,1.76100146723,1.9294840772
3.24023192523,1.28776364466,1.21893804476,1.28471011804
6.40194641064,1.6393665756,1.75093879839,2.03488242449
4.60145275272,1.73184652564,1.92764705858,1.27814070704
3.24730555011,1.19951376517,1.23670304279,1.17734373906
7.96304217706,1.40903887093,1.99917958966,1.83648414383
4.91666812045,1.42715960027,1.68656186272,1.44304670202
3.85144833332,1.44933970436,1.2747189224,1.73802709935
4.81103953831,1.87486726769,1.66351490383,2.25398306608
2.08698844381,1.86632708916,1.61178396018,1.05940536416
3.32452233731,1.41992645712,1.38938840905,1.27954809575
3.7749162461,2.00241821223,1.62952979749,2.34816245149
5.73923077456,1.43284840978,1.87921584799,1.44791088575
5.91817535473,1.60345713602,1.82112704217,1.69958677445
4.69276146025,1.80095251318,1.42959767229,2.99147971541
6.59560942674,1.03806148796,1.99589540881,1.58898519354
5.55505250343,1.95123120695,1.87674822774,1.99501546952
4.51619915305,1.66012522939,1.95677010112,1.1670456878
4.79824685394,1.14599670965,1.5219304698,1.41229471161
9.34319399068,1.09226947035,1.96260447885,2.23894930685
5.90446422864,1.01041840399,1.98864160964,1.44158382097
4.12439904336,1.08372437151,1.01466414422,1.60182164302
3.02155498285,1.41909035446,1.28912218032,1.29126582706
8.47711819609,1.55452265265,1.83754048427,2.32880075537
10.2813480042,1.35945704933,1.97641051279,2.39289179177
12.0472407488,1.28342511501,1.95871962863,2.82245692902
3.37208326013,2.46945798,1.8941655226,2.63953806161
7.65235368629,1.2295074276,1.7882104229,1.96620049201
6.80377063812,1.50715809538,1.6481302142,2.17786245491
6.66862014904,1.51041574088,1.90876229304,1.68672497907
5.9270011993,1.06415922105,1.5215087375,1.72331139009
3.83061363485,1.28169416092,1.60053809114,1.12101188444
7.49572837815,1.15542050366,1.16211225646,2.77698367438
5.24494969585,1.22461719341,1.69362450574,1.42205887481
1.46506393432,1.86944958342,1.32277352735,1.38670135855
3.91190040169,1.95470667265,1.84736903154,1.48069658453
10.1671007966,1.08179492243,1.92405979804,2.47997803663
3.85238976624,1.58973411468,1.44981245115,1.68340081563
3.42070999066,1.50859040652,1.24526398887,1.74427898975
10.1274978381,1.21376676286,1.64863883998,2.81369170294
4.61848059613,1.58154965629,1.45207358968,1.99094633204
10.4482253975,1.14255979716,1.60194058319,2.9418048538
8.4673248648,1.25095285445,1.51470509506,2.59530866871
5.80675071426,1.51907342368,1.32513092487,2.71042884072
2.6782655211,1.78547868556,1.29889963202,2.15681483874
2.85898593334,1.16008017888,1.12612407355,1.0903201176
1.74172790144,1.47955587707,1.09581117816,1.03599732417
8.56643124809,1.27523997697,1.98175523107,1.98204506086
7.27287016114,1.49196129996,1.95450505356,1.76232895677
6.76743109658,2.1848483272,1.9236384472,2.96440181113
7.7234756032,1.79166874369,1.89716188914,2.3226235692
1.34816854959,2.52805344824,1.91147150303,1.13301454498
2.4624324778,1.24190558756,1.08594510001,1.0463451619
3.91392549996,1.0113805539,1.38874376675,1.20540356262
0.874507119235,2.91802251634,1.04099306488,1.5562249503
9.48927772805,1.17644326872,1.97495345998,2.22243745302
2.44086164955,1.94022573658,1.57929641439,1.50449544084
5.74376626138,1.44276080594,1.37690517933,2.29424832176
5.37188695589,2.07912607869,1.96431815572,1.9078627848
3.30807359138,2.2423412757,1.78994082389,2.21066115878
7.28015542953,1.41789026102,1.83503987014,1.88979443639
9.44375698719,1.64466589496,1.81574427273,2.80325189312
1.46075554609,2.38053359063,1.71063823174,1.78093570111
6.97096814417,1.31123547241,1.44902692037,2.32069055951
10.632235377,1.46416802481,1.93531573306,2.59438189987
1.63545533328,2.02066950891,1.29478024007,2.76210478658
5.58952183442,1.90661984097,1.63265418516,2.91246579807
3.27581651204,1.66951967992,1.49771005525,1.49221763222
5.67472720158,1.56314307648,1.69141736859,1.81312218718
3.09847298123,2.58182719872,1.9374633443,2.67756089598
5.93302313192,1.12537225353,1.15393614422,2.16538611494
