n,B
0.78047729846,1.65024210072
0.623413308461,2.19456182803
0.848436182182,1.41927590092
0.448585830574,2.89760997002
0.617692425499,2.2153774787
0.703732234131,1.91135497256
0.582129044481,2.34729695114
0.586741533588,2.32992337928
0.867778754807,1.35243968699
0.727399267847,1.8302594006
0.673509198174,2.01621557575
0.759176668774,1.72230029055
0.589242183467,2.32053908624
0.533918704452,2.53441926725
0.764481790453,1.70434120495
0.565427461156,2.41093369199
0.88895345056,1.27821410016
0.534875273096,2.53059853661
0.876992161115,1.32029934921
0.473734785905,2.78546596877
0.668028894221,2.03542259277
0.88850548631,1.27979830763
0.930950156708,1.12610692771
0.468039422617,2.8104449335
0.712522398745,1.88114692367
0.91481960633,1.18547076832
0.484692138849,2.73805436666
0.509215510984,2.63481053073
0.962791507111,1.00416248197
0.652601589727,2.08986111167
0.859593934239,1.38081753401
0.811573920832,1.54500024464
0.514891450958,2.61144030549
0.506448854229,2.64627093296
0.451514809895,2.88429644474
0.55941419589,2.43413958902
0.820475280047,1.5147803894
0.899659629974,1.24014476136
0.897140333463,1.24914019018
0.588817885882,2.32212966667
0.577388446982,2.3652416733
0.520421555308,2.5888489816
0.731594264321,1.81595705759
0.627195496397,2.18085623798
0.872901928179,1.33459527406
0.707384841782,1.89878864828
0.475876621427,2.77613252372
0.432697331878,2.97107832457
0.899632410336,1.24024208057
0.468838838089,2.80692458765
0.827157711195,1.49204560785
0.89495429361,1.25692661286
0.795799849001,1.59842529
0.547675307004,2.47991924005
0.682592843575,1.98451893788
0.800495742306,1.58253354792
0.820901209304,1.51333264661
0.660611422124,2.06152614357
0.731497226072,1.81628768867
0.508616797888,2.63728672562
0.767380914283,1.69453153716
0.901992853724,1.23179205656
0.757670460167,1.72740146772
0.945247191087,1.07224164769
0.703247920853,1.91302272901
0.576720511125,2.36777738916
0.462765867664,2.83378657268
0.629792383651,2.17147099607
0.471801942416,2.79391680112
0.926975901134,1.1408609036
0.567059977913,2.40466124046
0.871230145859,1.3404255578
0.940996507059,1.08839350399
0.529613289312,2.55167530745
0.882373121849,1.30142047665
0.798746060346,1.58845577952
0.430428118562,2.98174975994
0.610164731871,2.24292862195
0.532808577677,2.5388593151
0.794906402094,1.60144798564
0.452032774507,2.88194926179
0.527293374089,2.56101429057
0.644278215934,2.119477096
0.617305644944,2.21678855794
0.552020192724,2.46289944709
0.940811254269,1.08909468076
0.527924472639,2.55847089963
0.574051222607,2.37792935785
0.841633010974,1.44261438209
0.598125737161,2.2873929155
0.556188027527,2.44665704794
0.797063340815,1.59415021627
0.781818609888,1.64570709287
0.808600261804,1.55508227435
0.943288492793,1.07969955379
0.640020790686,2.13469702694
0.833812957402,1.46935334957
0.677723453417,2.00148932148
0.689364829661,1.96099436181
0.957690723739,1.02420827877
0.466471896247,2.81736143851
0.723789526773,1.84258191289
0.914054523285,1.18825407341
0.854615162081,1.39800831641
0.607918618267,2.25118603051
0.952128423888,1.04582448608
0.67966124903,1.99473019031
0.573213039909,2.38112330407
0.503239958248,2.65962097149
0.466293124565,2.81815140034
0.817051550727,1.52641167934
0.572962514866,2.38207851763
0.685240821507,1.97531002327
0.462573922929,2.83464008516
0.48675501696,2.72922042779
0.527078738017,2.56187978475
0.450095513551,2.89073911454
0.608316270479,2.24972288506
0.443498443155,2.92090137811
0.682787477752,1.98384159315
0.789206603625,1.62072642702
0.533397907721,2.53650143736
0.563416115084,2.41867778011
0.624668730999,2.19000765729
0.68510279046,1.97578972306
0.674533018631,2.01263452857
0.553741417333,2.45618184814
0.924306807316,1.15072075449
0.947678818301,1.0629458138
0.806683292729,1.56157863037
0.758173284895,1.72569839331
0.869346199466,1.34698717304
0.772041809156,1.67876577813
0.764720379053,1.70353379156
0.80505158527,1.56710656181
0.624381441652,2.19104939837
0.57699071172,2.36675139306
0.627237812265,2.18070314422
0.834247489304,1.4678698018
0.461069375016,2.84133998106
0.572209139528,2.38495261555
0.852980461032,1.40364181061
0.691328630919,1.95418842438
0.678580759131,1.99849805521
0.519251429955,2.59361468994
0.482908291425,2.74571652361
0.876576096706,1.3217556409
0.717846742364,1.86290248364
0.692212574462,1.9511272066
0.49351710909,2.7004602712
0.563589631799,2.41800900076
0.636486876373,2.14736856532
0.919795688658,1.16730014678
0.443899599524,2.91905697736
0.580936557108,2.35180235857
0.483024048732,2.74521865657
0.800146174603,1.58371684926
0.522398964437,2.58081273036
0.94798896548,1.06175713042
0.802930819774,1.57428916864
0.562004153136,2.4241248357
0.886927905486,1.28537212709
0.664874615741,2.04650767557
0.662968450663,2.05321752064
0.766920408782,1.69608954964
0.441651347965,2.92941123221
0.702107020502,1.91695293043
0.763307666278,1.70831489546
0.913078050172,1.19180246213
0.675672617402,2.00865111631
0.711684501485,1.88402158524
0.880855956546,1.30675195245
0.440316058491,2.93558108438
0.624418422544,2.19091528753
0.942545230052,1.0825227448
0.705980125604,1.9036189939
0.642212619875,2.12685524602
0.879346000187,1.31205134108
0.637038696219,2.14538759159
0.889107679378,1.27766852259
0.695719206338,1.93899678427
0.830198955162,1.48168262469
0.859098641285,1.3825299908
0.510419740946,2.62983643299
0.69013653029,1.95831904985
0.658852202581,2.06773603898
0.579022944077,2.35904426724
0.435392012512,2.95846540044
0.625955812645,2.18534367865
0.624507734986,2.19059141425
0.753911370713,1.74013779318
0.676152983151,2.00697283406
0.435018257379,2.96021100907
0.763841780448,1.70650718176
0.608326154694,2.24968652338
0.758958350092,1.72303961644
0.962061741719,1.0070441062
0.434018339864,2.96488711505
0.519524480169,2.59250191859
0.459194661115,2.84971245552
0.431829779613,2.97515273399
0.436935381602,2.95127007869
0.716304206637,1.86818426242
0.91303173691,1.19197065034
0.955332964718,1.03340095891
0.903625368352,1.22593506593
0.806564404418,1.56198145421
0.766454734922,1.69766511594
0.547397826372,2.48100926723
0.735292758225,1.80336249053
0.655944269404,2.07801716986
0.550349139468,2.46943462821
0.602233225183,2.27216512892
0.720137494541,1.8550643844
0.963061340743,1.00309580401
0.75000455102,1.75338339884
0.638587213044,2.13983317636
0.82661929238,1.49387915312
0.649791134591,2.09984106273
0.562179456174,2.42344806948
0.696463461259,1.93642492622
0.704257819206,1.90954550766
0.872924934372,1.33451498989
0.447350095734,2.90324786298
0.505846692239,2.64877136625
0.485996179934,2.73246670714
0.569168238437,2.39657802827
0.58701821218,2.32888388532
0.710073834081,1.88955025236
0.835187309843,1.46466027338
0.914937020581,1.18504338386
0.831176637223,1.47834885028
0.476761926386,2.77228412554
0.458519385552,2.85273486022
0.636166019482,2.14852080463
0.519716441592,2.5917198621
0.592552281244,2.30815396493
0.836133122515,1.4614290735
0.59336696756,2.30511207008
0.587150303642,2.32838771664
0.954444303803,1.03685420606
0.738030947991,1.79404652398
0.725920126917,1.83530692469
0.442747826357,2.92435612148
0.845409220122,1.42966945663
0.614348515143,2.22759302302
0.74916138854,1.75624332543
0.630479725277,2.16899029267
0.710036714418,1.88967771042
0.833161679853,1.47157643078
0.708791168832,1.8939557036
0.828375020965,1.48789894051
0.487405043571,2.72644269046
0.951100813617,1.04979163749
0.719109580172,1.85858070183
0.660397220871,2.06228186122
0.874956030428,1.32742157656
0.766972777229,1.69591236995
0.887195058578,1.28442880535
0.637010756994,2.14548786965
0.493148558844,2.70202008836
0.759333385921,1.72176958934
0.785800182001,1.63224501675
0.74325607469,1.77628778997
0.914750096948,1.18572375005
0.908123616675,1.20974024734
0.459572281653,2.84802383131
0.508874408692,2.63622102183
0.563949096633,2.41662395283
0.957449798305,1.02514969541
0.939762844593,1.09305865545
0.611943529312,2.23640132414
0.645492784406,2.11514411701
0.879645996586,1.31099899403
0.716708052998,1.86680115645
0.561577821799,2.4257712834
0.570433046254,2.391737857
0.458433865168,2.85311788458
0.952483751779,1.04445085391
0.935379364151,1.10955638709
0.691437593114,1.95381099804
0.780689317705,1.64952525693
0.483683854504,2.74238259973
0.79476664499,1.60192078725
0.679084456636,1.99674127688
0.708002624575,1.8966652338
0.825286084628,1.49841791682
0.787250784149,1.62734008922
0.962840778893,1.0039677539
0.959791847399,1.01597774197
0.533012599193,2.53804283043
0.675633126904,2.00878910797
0.772090706952,1.67860040588
0.881700044669,1.30378658845
0.568722862832,2.39828402836
0.725483031791,1.83679897106
0.869393520056,1.3468224691
0.726095305104,1.834709006
0.570778457351,2.3904172259
0.649626656735,2.10042575222
0.555668539126,2.44867712283
0.900689389873,1.23646093496
0.731119073197,1.81757623278
0.890463069362,1.27287047661
0.872641302783,1.33550467533
0.485276547365,2.73554883322
0.565182473914,2.41187598842
0.710990110534,1.88640465232
0.77608402242,1.66509644698
0.930957476088,1.1260796727
0.751662328959,1.74776173587
0.77403184504,1.67203585029
0.493383911331,2.70102390378
0.605260405679,2.26098080446
0.535775169613,2.52700849376
0.53440808948,2.53246396974
0.582802916257,2.34475347143
0.79189979543,1.61161819939
0.873221993214,1.33347822528
0.717067575012,1.86557003384
0.453265094573,2.87637356549
0.590455302586,2.31599522333
0.887690917809,1.28267730662
0.801392519008,1.57949767425
0.623938980586,2.19265430656
0.638099980078,2.14158011745
0.904001429175,1.22458435156
0.828585866682,1.48718053847
0.674285163206,2.01350125648
0.527042352594,2.56202652924
0.896504571345,1.25140650379
0.806671352294,1.56161908798
0.518301684038,2.59748849463
0.565343520835,2.41125652264
0.81718744684,1.5259502027
0.852078835642,1.40674679167
0.466399177581,2.81768274138
0.568800495255,2.39798659784
0.850574896133,1.41192260857
0.83439056169,1.46738127957
0.668544023901,2.03361439584
0.677385363213,2.00266938102
0.804812999492,1.56791472268
0.537795220574,2.51896488729
0.77692953039,1.66223753236
0.885473136246,1.29050492918
0.531581436161,2.54377488628
0.941249158078,1.0874368628
0.44116585567,2.93165275125
0.865752028097,1.35948101678
0.893710269995,1.26134997783
0.937070579747,1.10320559061
0.564129768197,2.4159280263
0.826891325123,1.49295280633
0.59781615038,2.28854312264
0.669095815979,2.03167816089
0.767803820143,1.69310079128
0.642595568764,2.12548650807
0.704213874884,1.90969678114
0.716789994228,1.86652054763
0.553078521477,2.45876735034
0.704861574957,1.90746744671
0.877869551805,1.31722675278
0.49099524631,2.7111511336
0.68904910606,1.96208921743
0.545325646687,2.48916124285
0.549116210918,2.47426491326
0.596230987725,2.29443796209
0.745615265411,1.76827686189
0.465511564328,2.82160777246
0.539043969654,2.51400293885
0.831639527782,1.4767700396
0.944877818453,1.07365008567
0.815925852025,1.5302337329
0.454252752355,2.87191358132
0.561530106368,2.42595560616
0.695629069679,1.93930832586
0.682588974403,1.98453240371
0.783996274006,1.63834430545
0.912438079215,1.19412567254
0.605132270822,2.26145356455
0.603401240476,2.26784591872
0.866012038514,1.35857822696
0.880743389362,1.30714725228
0.791229061717,1.61388672601
0.506610626784,2.64559955645
0.442804044633,2.92409721065
0.90305518054,1.22798194628
0.681795898517,1.98729315332
0.571271499921,2.38853302706
0.708410445286,1.8952638002
0.853565438006,1.40162646152
0.437435469877,2.94894306727
0.757707414789,1.72727629757
0.774419619961,1.67072454888
0.754580161179,1.73787126492
0.628881814244,2.17475952305
0.833873083648,1.46914808569
0.817103682134,1.52623465314
0.590725133769,2.31498530596
0.806719963356,1.56145437929
0.553318671324,2.45783045237
0.874511159777,1.3289761911
0.49878474661,2.67826078407
0.877778981471,1.31754402781
0.882168946478,1.30213837151
0.498596788704,2.67904987937
0.595680732691,2.29648638594
0.68291801571,1.98338735054
0.538039704216,2.51799279843
0.588634781535,2.32281629055
0.732794182744,1.81186945844
0.67372952351,2.01544474979
0.888084469041,1.28128661602
0.957250662643,1.02592745947
0.788426306254,1.62336509581
0.89952407501,1.24062938709
0.481111051089,2.75345810802
0.862401906894,1.3710990402
0.931941775202,1.12241163216
0.45727870175,2.85829712894
0.930844947892,1.12649865731
0.445257122955,2.91282544327
0.654652175529,2.08259207793
0.658313899218,2.06963768682
0.502911769511,2.66098987599
0.761769743057,1.71352064196
0.447000738257,2.90484403433
0.619958775029,2.20711887812
0.712980145192,1.87957689814
0.849109556112,1.41696160129
0.55569345666,2.44858020036
0.849650681381,1.41510123786
0.708041003363,1.89653333863
0.712742430742,1.8803921992
0.853735787591,1.40103945324
0.821709683027,1.51058414886
0.538734549152,2.51523169376
0.715425289814,1.87119514987
0.610176264937,2.24288626704
0.565167464883,2.41193372635
0.738792188901,1.79145781857
0.536650712391,2.52351961497
0.567929841443,2.40132379493
0.647765058684,2.10704829537
0.65255421692,2.09002916639
0.926910197563,1.14110408107
0.871059808389,1.34101919838
0.438110093707,2.94580733621
0.923517171506,1.15363044718
0.624987703168,2.18885132875
0.885401732784,1.29075668604
0.579874051747,2.35582149186
0.505842600457,2.64878836456
0.591691930236,2.31136907385
0.782938282488,1.64192144432
0.523783608303,2.5751983899
0.487870007995,2.72445749691
0.898865092255,1.24298433308
0.849368205192,1.41607244328
0.92294523522,1.15573590728
0.495009954942,2.69415101948
0.769204828809,1.68836136508
0.794142967508,1.60403063217
0.709352966749,1.89202585499
0.83035300858,1.48115739916
0.673534966397,2.01612541822
0.441334453283,2.93087410926
0.433170624881,2.96885835141
0.497621363383,2.68314852623
0.552036524152,2.46283564319
0.466280749245,2.81820609356
0.671512265436,2.02320673796
0.598478624362,2.28608225965
0.721122429706,1.85169632616
0.681240150321,1.98922848719
0.884283134265,1.29469859272
0.575135924643,2.37380039578
0.919243286833,1.16932324761
0.595012106929,2.29897697096
0.917363750719,1.1761955462
0.691661796824,1.9530344616
0.919018849095,1.1701447894
0.664384415938,2.04823241576
0.847518180105,1.42242967137
0.499529609951,2.67513583136
0.508116620001,2.63935702719
0.730843841772,1.8185141682
0.811828836001,1.54413568538
0.833650278126,1.46990869355
0.456874362995,2.860112458
0.827821593741,1.48978435557
0.634017059743,2.15624559293
0.471781340961,2.79400702004
0.597531886947,2.28959955363
0.765209858096,1.70187739782
0.838575777327,1.45307839768
0.626531498717,2.18325921342
0.537628743668,2.51962698882
0.775123036813,1.66834592989
0.508467033183,2.637906465
0.769976073807,1.68575257265
0.849021514953,1.41726423317
0.511137341911,2.62687643408
0.617959250084,2.21440431213
0.706785303707,1.90084989563
0.924039974082,1.15170436348
0.785525584627,1.63317348929
0.567596947977,2.40260063481
0.938519512752,1.09775040626
0.734015658198,1.80770990516
0.669716559923,2.02950077836
0.792488315087,1.6096276468
0.66171541633,2.05763289316
0.870391761059,1.34334668541
0.650234982579,2.0982636103
0.94855020578,1.05960433086
0.598364238338,2.2865070504
0.613039231907,2.23238591476
0.476412114697,2.77380408838
0.935973125071,1.10732872702
0.842825771834,1.43852803585
0.951812069925,1.04704664215
0.697802045734,1.93180164981
0.450579018998,2.88854249444
0.507599037097,2.64150094153
0.438162703522,2.94556296479
0.880146444726,1.30924290695
0.732318615558,1.81348933418
0.686455428394,1.97109045469
0.590980081068,2.31403134994
0.917068723329,1.17727271648
0.762258014816,1.71186777668
0.694591691538,1.9428948449
0.939995800074,1.0921784828
0.862863741335,1.36949894748
0.515339271376,2.60960440736
0.664343072638,2.04837790505
0.928608512839,1.13481074762
0.644800610936,2.1176129653
0.773533259499,1.67372190565
0.436210134309,2.95464865914
0.856857515495,1.39027216388
0.541189849585,2.50549463384
0.699500853978,1.92593851085
0.667404563768,2.0376148974
0.427916941658,2.99361307236
0.717989891303,1.86241248562
0.739669657875,1.78847449903
0.791215544875,1.61393244105
0.944390243079,1.07550779172
0.735751524182,1.80180117319
0.465292706289,2.82257646575
0.770649734642,1.68347398781
0.901512783377,1.23351239591
0.493493623347,2.70055964393
0.919897417275,1.16692741302
0.929484277056,1.13155920101
0.669309605127,2.03092815714
0.599367723556,2.28278206503
0.491289073853,2.70990339378
0.684706244214,1.97716804396
0.771175144861,1.68169691923
0.713481761649,1.87785673513
0.746525836403,1.76518603455
0.456355825636,2.86244236361
0.788674807625,1.62252476951
0.542965884365,2.49847020211
0.858013614986,1.38627961774
0.468133501282,2.81003040027
0.672207597237,2.02077144434
0.82216149573,1.5090478835
0.960829550674,1.01189913652
0.799123554365,1.58717816442
0.529597460387,2.55173893037
0.872927324126,1.33450665034
0.80347538712,1.5724450507
0.462189564778,2.83635003317
0.785208222574,1.63424654999
0.663295196564,2.05206675368
0.948699302468,1.05903204322
0.662734231849,2.0540425691
0.96356529241,1.00110190865
0.49456660535,2.69602326773
0.939955104525,1.09233226763
0.453331650104,2.87607277608
0.761597827823,1.71410262188
0.631741087698,2.1644415109
0.746181808286,1.76635372585
0.494915690609,2.69454898892
0.510191422073,2.63077885077
0.60613104882,2.25777003485
0.445840361792,2.91015286655
0.93134440269,1.1246384419
0.565886985283,2.40916693097
0.962969141961,1.00346034686
0.612566247199,2.23411876617
0.613197478091,2.23180632171
0.92514120252,1.14764254335
0.814469023854,1.53517851809
0.630503938662,2.16890292904
0.455805915382,2.86491553385
0.716638645266,1.86703885103
0.860141287912,1.37892446947
0.55911344637,2.43530448091
0.793356716405,1.60669029065
0.607025630611,2.25447372023
0.820594033298,1.51437676181
0.518561987767,2.59642626665
0.519738493763,2.59163003415
0.928768948185,1.13421540415
0.432864179738,2.97029550059
0.468036865615,2.81045620118
0.869168012336,1.34760732072
0.595317454732,2.2978393662
0.582480169537,2.34597142933
0.586796106239,2.3297183238
0.659632334737,2.06498132629
0.460158493433,2.84540461214
0.584372735928,2.33883529989
0.771843390777,1.67943683381
0.458786082651,2.85154075403
0.913760675693,1.18932234308
0.738656814732,1.7919181395
0.493763711284,2.69941706387
0.69458478651,1.94291872381
0.607550311368,2.25254168451
0.554320193185,2.45392612266
0.432694485321,2.97109168232
0.572023247717,2.38566215431
0.88762363646,1.28291500796
0.776965848437,1.66211473191
0.732088932452,1.81427176195
0.903311494655,1.22706198264
0.674417159309,2.01303966197
0.504188715011,2.6556673251
0.525044007107,2.57009698776
0.943326354124,1.0795556423
0.715432827041,1.87116932537
0.522071373023,2.58214257035
0.437321922737,2.94947123477
0.864207664377,1.36483998401
0.594321153165,2.30155246729
0.486018853416,2.73236965493
0.627363613115,2.18024804378
0.868563478355,1.34971070364
0.905986742645,1.21744403103
0.538344440229,2.51678156698
0.757181717329,1.72905696934
0.724082481842,1.84158129814
0.51234969224,2.62188252935
0.571443511673,2.38787591457
0.47587993163,2.77611812405
0.639773258279,2.13558346499
0.922107114459,1.15881819908
0.427781160281,2.9942561623
0.455491420247,2.86633101287
0.655553264583,2.07940116245
0.645644961029,2.11460150397
0.447454046265,2.90277311929
0.446181606973,2.90859048395
0.947878110648,1.06218207694
0.592746477485,2.30742864432
0.596977826344,2.29165950192
0.522467769687,2.58053349459
0.441789149528,2.92877536578
0.490513332368,2.71319880286
0.540743583293,2.50726214869
0.591599867619,2.31171327488
0.461663597943,2.83869179261
0.785272843977,1.63402805359
0.547752176876,2.47961733803
0.599820892145,2.28110107467
0.916218707595,1.18037385793
0.446867460916,2.90545322655
0.948694083829,1.059052077
0.700412706852,1.92279336384
0.438061350862,2.94603376694
0.498560828016,2.67920087677
0.612825918165,2.23316733002
0.947409529149,1.06397734238
0.815732105805,1.53089144781
0.772618880688,1.676814154
0.466024141645,2.81934043761
0.565811265957,2.40945799008
0.924251949113,1.15092300524
0.710392964975,1.88845453185
0.483328898526,2.74390794701
0.56251344836,2.42215905584
0.656163036686,2.07724298996
0.777964156352,1.65873924987
0.68617703868,1.97205733967
0.429267132692,2.98722739978
0.835197833118,1.4646243292
0.79900737253,1.5875713838
0.907089161731,1.21347203821
0.916838092007,1.17811447909
0.890735982879,1.27190362208
0.465647555165,2.8210060398
0.889284678757,1.27704229788
0.802240086063,1.57662805181
0.952595360813,1.04401919457
0.731431510202,1.81651160287
0.656198267175,2.0771183263
0.68738954459,1.96784720663
0.687106204973,1.96883078818
0.931384085042,1.12449058339
0.712871324064,1.87995011767
0.575838511043,2.37112858496
0.497284126526,2.6845669575
0.672085531385,2.02119888594
0.499385442956,2.67574038991
0.664432651839,2.04806267601
0.882276892682,1.30175884078
0.803439471859,1.57256667843
0.923661128355,1.15310023166
0.661506589533,2.05836910317
0.459238946261,2.84951436661
0.610061228557,2.24330875552
0.51262414482,2.62075319854
0.526522207228,2.56412508758
0.603657797923,2.26689783872
0.922758018446,1.15642473532
0.830417610607,1.48093713819
0.937027826066,1.10336635633
0.465434068466,2.82195073806
0.527921711387,2.55848202308
0.501987781194,2.66484746337
0.863985164899,1.36561160528
0.663461647988,2.05148062342
0.95972662377,1.01623379243
0.552145585482,2.46240959281
0.426851045477,2.99866591529
0.726954747435,1.83177605598
0.436191395357,2.95473601564
0.531660255945,2.54345891918
0.636549162138,2.14714492288
0.537966482304,2.51828390336
0.813340466658,1.53900793176
0.772965317567,1.67564255481
0.496604630556,2.68742712575
0.873157851831,1.33370210473
0.635195031122,2.15200954074
0.852542214686,1.4051512181
0.672238187065,2.02066433205
0.487724441203,2.72507884876
0.538406975746,2.51653306606
0.494777895098,2.69513084247
0.934496492264,1.11286474896
0.525605348962,2.56782777807
0.803865029469,1.57112547686
0.781084206092,1.64819012878
0.528415116469,2.55649503489
0.583266104994,2.34300624805
0.852863557342,1.40404448591
0.642604346895,2.12545513791
0.523135070764,2.57782671072
0.430912041146,2.97947015106
0.721475446401,1.85048945022
0.852706071539,1.4045869053
0.43551437996,2.95789415392
0.814767318421,1.53416618109
0.444134618155,2.91797705511
0.868929284781,1.34843804459
0.592738920789,2.30745686583
0.853767297485,1.40093086703
0.522355977464,2.58098719982
0.939047778915,1.09575818969
0.667287146564,2.03802729943
0.861514710273,1.37417152716
0.493237326064,2.70164431835
0.924848400682,1.14872315613
0.65504776196,2.08119098874
0.658175977744,2.07012503034
0.915109339872,1.18441602965
0.672684355934,2.01910227102
0.622858769118,2.19657503092
0.678406367911,1.99910641065
0.767913513147,1.6927296942
0.959729217837,1.01622360951
0.727635364104,1.82945395478
0.932238890006,1.12130330959
0.90161165736,1.23315815369
0.591056295121,2.31374622184
0.895094516158,1.25642767743
0.633842664644,2.15687306779
0.630640282264,2.16841102393
0.952392552327,1.04480350627
0.579533619554,2.35711020818
0.741487454065,1.7822962573
0.674321508274,2.01337415297
0.489429066584,2.71781144512
0.536292660472,2.5249459103
0.918110751673,1.17346629583
0.889478586682,1.27635613099
0.89950131386,1.24071075412
0.838651148778,1.45282059032
0.680665434953,1.99123051547
0.591398926257,2.31246465994
0.711179656255,1.88575408633
0.86010206477,1.37906014712
0.739841130482,1.78789158524
0.839002339333,1.4516192369
0.854895645794,1.39704119191
0.834413045553,1.46730450569
0.685927300898,1.97292483706
0.736196207641,1.80028797247
0.462858621258,2.83337422912
0.870311887778,1.34362488925
0.455684618008,2.86546137677
0.593551983917,2.30442159824
0.545756837439,2.48746320869
0.830763678754,1.47975713026
0.775443413482,1.66726259276
0.47309799234,2.78824721548
0.952986656266,1.04250506372
0.894113461538,1.25991695658
0.522504632582,2.58038390285
0.692692154402,1.94946693612
0.709615187597,1.8911252493
0.510226770836,2.63063292374
0.654780151025,2.08213877142
0.656552984392,2.0758633234
0.939731085978,1.09317862138
0.588828541976,2.32208971131
0.745404993601,1.76899069292
0.693509474722,1.94663836726
0.735469979503,1.80275933001
0.752486558523,1.74496735375
0.835628990995,1.46315150103
0.496291520031,2.68874606999
0.492537691214,2.70460739717
0.551265603823,2.46584886416
0.641079949266,2.13090598978
0.874364583264,1.32948829039
0.612583649336,2.23405499761
0.84381120898,1.4351502733
0.717431587497,1.86432370606
0.555228058518,2.4503909484
0.718432105214,1.86089895608
0.464743107567,2.82501063629
0.532471381366,2.54020923717
0.748276427824,1.75924554715
0.513034592947,2.61906508531
0.61521213967,2.22443464577
0.496537367728,2.68771041073
0.940316484361,1.09096626903
0.762211725482,1.71202446801
0.814681943967,1.53445592777
0.578043848774,2.36275532152
0.60460775329,2.26338939605
0.896945087094,1.24983634738
0.906568548788,1.21534843146
0.709551258007,1.8913448083
0.549363263286,2.47329644503
0.533504505639,2.53607513868
0.457640051511,2.85667588172
0.864259094008,1.36466161145
0.748572945398,1.75823955368
0.497713348036,2.68276175967
0.503917966184,2.65679502591
0.753750816514,1.74068194934
0.933498668074,1.11659820227
0.708021969729,1.89659875065
0.933720041046,1.11577042967
0.53011219802,2.54967067304
0.688649922158,1.96347375547
0.579936928358,2.3555835219
0.443273419073,2.92193656387
0.872278729139,1.33676950916
0.513052641457,2.61899087692
0.728854421975,1.82529609258
0.692238447603,1.9510376253
0.592162685178,2.30960952938
0.954498305323,1.03664453956
0.495648594198,2.69145627687
0.861384132189,1.3746235904
0.45434053274,2.87151756396
0.695081279858,1.94120196465
0.702827528768,1.91447066736
0.680714754074,1.99105868595
0.698016775123,1.93106028506
0.76529158421,1.70160084545
0.643226772522,2.12323132674
0.491463452852,2.70916315863
0.519912901627,2.59091969228
0.762965098618,1.70947437687
0.900208511207,1.23818172231
0.63560490071,2.15053656118
0.695730167151,1.93895890108
0.458999963059,2.8505835257
0.830145878485,1.4818635762
0.913486635109,1.19031824619
0.765561421544,1.70068776148
0.666689427107,2.04012713753
0.679301171602,1.99598558397
0.62890630153,2.17467105465
0.731477274145,1.81635567056
0.907341533207,1.21256202901
0.660693525109,2.06123650711
0.65553073592,2.07948091593
0.701151193693,1.92024717517
0.7839520284,1.63849390381
0.935012138857,1.11093305598
0.889095306182,1.27771229513
0.896408749933,1.25174795124
0.622386231099,2.19829129189
0.787813550856,1.62543713459
0.458097468805,2.85462506908
0.821667637735,1.51072710219
0.81063406369,1.54818742745
0.90157967762,1.23327273377
0.62544235714,2.18720367085
0.674671509727,2.01215029417
0.460018237558,2.84603104118
0.582817404058,2.34469880815
0.890741196928,1.27188514774
0.518296366307,2.59751019882
0.87960323162,1.31114902373
0.764301890826,1.70495002134
0.57826092304,2.36193220976
0.580928184951,2.3518340101
0.533220213263,2.5372121921
0.912348601807,1.19445034337
0.492696007502,2.70393662247
0.548436917783,2.4769293168
0.815040363734,1.5332394719
0.639066568118,2.13811512969
0.497439816339,2.68391203098
0.580811308831,2.35227589787
0.674236850866,2.01367021544
0.493550388486,2.70031946571
0.558704204616,2.43689025585
0.781741709854,1.64596709365
0.556886118965,2.44394442234
0.428093972319,2.99277486926
0.845505827785,1.4293379792
0.845105094979,1.43071286074
0.707288786226,1.89911885689
0.636363937226,2.14781002136
0.956759678265,1.02784371478
0.487606063572,2.72558424735
0.851649486537,1.40822482805
0.714353568509,1.87486792055
0.788687968637,1.62248026427
0.499010163201,2.67731471944
0.779203294145,1.65454957871
0.830470658063,1.4807562688
0.79907637156,1.58733785608
0.791081375265,1.61438621124
0.703631401805,1.91170216344
0.959893009633,1.01558053502
0.537892619828,2.51857758262
0.626893804463,2.18194788061
0.78089015825,1.64884620943
0.627509249824,2.1797212444
0.664990705715,2.04609930027
0.884632917634,1.29346638699
0.439999725874,2.93704495692
0.832506673231,1.47381168656
0.706050150706,1.90337813085
0.498369766057,2.68000327378
0.92338649088,1.1541116703
0.923484072401,1.15375234099
0.913560430346,1.19005009765
0.541938039228,2.50253353628
0.429330438785,2.98692840202
0.59642656536,2.29371015755
0.690245780366,1.9579403919
0.515999405338,2.60690020174
0.922207863379,1.15844787441
0.90318554166,1.22751408659
0.791679678494,1.6123626807
0.603647313147,2.26693657952
0.756377662389,1.73178078635
0.939135008568,1.09542905426
0.434822932573,2.9611237532
0.905873750079,1.21785085351
0.656235314904,2.0769872356
0.791854617722,1.61177100073
0.716770670543,1.86658672105
0.850384249287,1.41257842279
0.470973053564,2.79754913267
0.50031388933,2.67184925598
0.501846939782,2.66543592776
0.45660129915,2.86133913368
0.569935414993,2.39364137648
0.901821014565,1.23240794914
0.669410435819,2.03057446325
0.740823729801,1.78455176789
0.552985053626,2.45913207022
0.757599424021,1.72764207842
0.593334842293,2.30523197303
0.450568730438,2.88858921687
0.605164842275,2.26133338509
0.752659971173,1.74437948689
0.925685002496,1.14563437998
0.952529545183,1.0442737548
0.476121224044,2.77506869016
0.733937691305,1.80797536587
0.957117717329,1.02644652354
0.938959006044,1.0960930979
0.498735262092,2.67846851125
0.715706820527,1.87023060418
0.548880876883,2.47518771698
0.575532460612,2.37229218839
0.724704529258,1.8394569708
0.561975266884,2.42423636573
0.719385033567,1.85763829313
0.478126277024,2.76636410475
0.933426313578,1.11686869162
0.50356719543,2.65825669223
0.563034565278,2.42014884436
0.616081277972,2.22125856958
0.957289015351,1.02577769052
0.542661254409,2.49967393424
0.631963539099,2.16363978251
0.448509766696,2.89795664186
0.604521879375,2.26370642163
0.931597087458,1.12369676903
0.441858308275,2.92845630275
0.756074438386,1.7328080771
0.457168164175,2.85879327454
0.93005610585,1.12943376934
0.443358477359,2.92154521749
0.854050753918,1.39995396154
0.91761381466,1.17528221179
0.959544936373,1.01694685895
0.815254457655,1.5325128006
0.789539051693,1.61960218278
0.757241461223,1.72885459435
0.856479485891,1.39157708041
0.79625500416,1.59688531722
0.6350886368,2.15239197682
0.738618124733,1.79204970241
0.497969621674,2.68168449055
0.860761092218,1.3767800489
0.449480525463,2.89353580859
0.733808204429,1.80841625432
0.917536643067,1.17556410591
0.700689768238,1.92183799585
0.594037261271,2.30261117501
0.698227345857,1.93033335281
0.561558907426,2.42584434763
0.811181520169,1.54633100359
0.825118011678,1.49898996647
0.570454176822,2.3916570526
0.61840914763,2.21276395767
0.908301314977,1.20909874179
0.828832106858,1.4863414734
0.848102447371,1.42042260794
0.955214395217,1.03386206983
0.847381369187,1.42289955588
0.774389416729,1.67082668341
0.485741385159,2.73355757461
0.919170227732,1.16959070373
0.895597160997,1.25463859953
0.56247852468,2.42229381741
0.593682304759,2.30393532417
0.505495702422,2.65022983486
0.591901855981,2.31058432938
0.935847777681,1.10779918304
0.609471801894,2.24547421686
0.802425284047,1.57600097844
0.440592380145,2.93430306612
0.451678207171,2.88355576937
0.695196286669,1.94080435825
0.785185626609,1.63432295087
0.69763495527,1.93237859182
0.736500774749,1.79925167655
0.907512826521,1.21194422019
0.869303913884,1.34713434742
0.932035190353,1.12206322283
0.926055708508,1.14426451138
0.624276102465,2.19143143301
0.932264010898,1.12120957781
0.592036955208,2.31007938942
0.684603569289,1.9775249719
0.655855342281,2.07833190136
0.473310195354,2.7873200796
0.443886361423,2.91911782082
0.946267723783,1.06834535313
0.689857288556,1.95928699286
0.702739142156,1.91477512889
0.756021106129,1.73298876624
0.543880755895,2.49485789137
0.788634757404,1.62266020304
0.490621538355,2.71273889972
0.845920145129,1.42791620854
0.786537702912,1.62975126351
0.794998257319,1.60113723398
0.696997304739,1.93458074713
0.56273068059,2.42132093421
0.937454033714,1.10176318583
0.484720040948,2.73793468976
0.921515749528,1.16099083971
0.43877539186,2.94271879696
0.702237224733,1.91650429581
0.549347527627,2.47335812155
0.585186911251,2.33576971798
0.593660964417,2.30401494834
0.516937312289,2.60306240016
0.491992443106,2.70691881616
0.508962717985,2.63585578806
0.577091014981,2.36637060157
0.862997987775,1.36903374115
0.703314054832,1.91279497182
0.708944912133,1.89342752977
0.53073706631,2.54716179321
0.560596495156,2.42956416639
0.951577894295,1.04795083286
0.88586931774,1.28910776577
0.798220550929,1.59023425389
0.679595021085,1.99496107146
0.542492500159,2.50034095784
0.582338267151,2.34650706158
0.627922831509,2.17822557954
0.647174686546,2.10915040549
0.52622064332,2.56534243628
0.764479620375,1.70434854886
0.561641780208,2.42552423069
0.834052696239,1.46853488121
0.807835329316,1.55767480039
0.671103774295,2.02463790338
0.700751486549,1.92162519456
0.610647871881,2.24115468653
0.938390686351,1.09823597109
0.770459846596,1.68411625246
0.431288751422,2.9776970401
0.6210736409,2.2030622969
0.95440016226,1.03702557314
0.790430961907,1.61658589668
0.822276175859,1.50865791312
0.529021833065,2.55405351947
0.693877047378,1.94536665928
0.877540728546,1.31837853597
0.727519051445,1.82985074942
0.913864003971,1.18894674328
0.7510054679,1.74998899457
0.521518409055,2.58438864845
0.508624910003,2.6372531608
0.623123461691,2.19561397011
0.752192835192,1.74596311447
0.68819091975,1.96506613187
0.610486145606,2.24174840593
0.949696418385,1.05520057045
0.441437896688,2.93039649121
0.493044469192,2.70246078615
0.829892404249,1.48272768564
0.486335312739,2.73101543272
0.632887693761,2.16031062394
0.801654165197,1.57861185009
0.716208117706,1.86851338249
0.792672667132,1.60900409459
0.703634825181,1.91169037564
0.773870918612,1.67258004696
0.921393542599,1.16143959791
0.68250416551,1.9848275702
0.848275284238,1.41982876788
0.640653136416,2.13243330476
0.765124737997,1.70216543755
0.664625154603,2.04738532152
0.50816401873,2.63916077372
0.926604151864,1.14223648494
0.5548132987,2.45200552279
0.508013466992,2.63978417644
0.664570274729,2.04757841723
0.573762295877,2.37902999808
0.856791856329,1.39049883297
0.777833863522,1.65917979154
0.50393134239,2.65673930194
0.908733533867,1.20753782904
0.656538174946,2.07591571361
0.933201573076,1.11770866056
0.950741467625,1.051177035
0.710039466641,1.88966826002
0.762964874811,1.7094751344
0.529006969483,2.55411330915
0.771613019438,1.68021596554
0.924310197975,1.15070825331
0.704993148175,1.90701466056
0.669411900041,2.03056932722
0.845109568192,1.43069751499
0.664201315997,2.04887678414
0.48814168585,2.72329821575
0.607413426222,2.25304564636
0.538721975703,2.51528163507
0.652535129676,2.09009687987
0.879678432661,1.310885197
0.801155463554,1.58030021735
0.698749727739,1.92853030362
0.464085321337,2.82792694229
0.737356319697,1.79634112662
0.863761036303,1.36638876151
0.697667997712,1.93226449679
0.565150798845,2.41199783975
0.7513444416,1.74883958162
0.433711433789,2.96632412501
0.870081393877,1.34442762409
0.56699428552,2.40491341898
0.851159865795,1.40990993016
0.667527876254,2.03718182276
0.627368964145,2.18022868681
0.62115167338,2.20277851289
0.55650328337,2.44543175674
0.514332370653,2.61373394872
0.686053102915,1.9724878323
0.672173419618,2.02089112188
0.870629949062,1.34251696506
0.82458628469,1.50079954329
0.818786181992,1.5205200057
0.592711419021,2.30755957677
0.613829142271,2.22949361276
0.510702298484,2.62867056292
0.670032876484,2.02839156132
0.616044807961,2.22139179174
0.594753278247,2.29994153453
0.465048916657,2.82365593041
0.653099773915,2.08809414943
0.860795356352,1.37666147633
0.750193392544,1.75274293139
0.57121675145,2.38874220138
0.624701554087,2.18988865354
0.766588481697,1.69721258845
0.522737129984,2.57944058817
0.456183169283,2.86321861431
0.449809440975,2.89203966496
0.74526091768,1.76947982129
0.961596497982,1.00887878561
0.485847476853,2.7331033053
0.591893693713,2.31061483846
0.691944681396,1.95205481012
0.473103411189,2.78822353598
0.572430526196,2.38410778545
0.663391285935,2.05172838353
0.908508319015,1.20835126905
0.688462789587,1.964122911
0.477005530286,2.77122615304
0.661972743169,2.05672583928
0.797513940953,1.59262545831
0.744659332506,1.77152233428
0.672007669215,2.02147155496
0.733410926703,1.80976904388
0.714318462463,1.87498825458
0.452211812552,2.88113844172
0.534429674919,2.53237775555
0.567549749219,2.40278170836
0.829761067062,1.48317539187
0.801164802033,1.58026860274
0.594124633818,2.30228530776
0.649849365725,2.09963407815
0.45546764583,2.8664380483
0.76014788419,1.71901158732
0.556490526393,2.44548132982
0.870706272613,1.34225106391
0.623667725252,2.19363851158
0.433644356899,2.96663830631
0.941260754592,1.08739294351
0.710273523161,1.88886461246
0.787827472796,1.62539005802
0.494896683076,2.69462924267
0.827680401194,1.49026531384
0.559981890944,2.43194185625
0.632046648303,2.16334028912
0.863481773435,1.36735693288
0.664397190944,2.04818746063
0.528459392291,2.5563167959
0.909498728331,1.20477242815
0.525233004732,2.56933277806
0.508613260758,2.63730136104
0.828674022372,1.4868801555
0.827956066615,1.48932626598
0.856351158774,1.39201998548
0.486508775376,2.73027341935
0.526419624966,2.56453913483
0.542954707893,2.49851435732
0.826150554116,1.49547514419
0.889550279254,1.27610240632
0.910855356527,1.1998632978
0.697384572784,1.9332432179
0.96100087527,1.01122487471
0.733450269301,1.80963506955
0.628211407511,2.17718228703
0.95687381475,1.02739842825
0.908678160007,1.20773785085
0.790171301034,1.61746404063
0.678837367472,1.99760300151
0.789135995738,1.6209652002
0.576373991197,2.36909362273
0.680185453153,1.99290304195
0.608619554123,2.2486073285
0.903462662138,1.22651928789
0.744512295694,1.77202159851
0.886140838011,1.28814994198
0.941979970921,1.08466732671
0.911718313155,1.19673633511
0.56496111911,2.4127276141
0.861501453047,1.37421742558
0.512351773972,2.62187396169
0.860448181092,1.37786277376
0.696996541811,1.93458338235
0.527883814287,2.5586346923
0.820543791402,1.51454752942
0.748152956256,1.75966446646
0.946921261174,1.06584636012
0.815075532049,1.53312010716
0.88540365402,1.29074991228
0.920049662742,1.16636948882
0.495610209781,2.69161816674
0.47459355147,2.78171982535
0.791037071409,1.61453604886
0.842434379095,1.43986917609
0.756745663883,1.73053410212
0.593795553845,2.30351280251
0.459706110195,2.8474256471
0.920513499657,1.16466897892
0.615461444211,2.22352336435
0.550798020395,2.46767783481
0.684280425732,1.97864844497
0.581532883307,2.34954863039
0.710335874197,1.88865053956
0.523464892256,2.57648975761
0.432804341076,2.97057622578
0.949871450818,1.05452724446
0.563953498301,2.41660699638
0.883423409,1.29772559625
0.704715669311,1.90796958648
0.731146490226,1.81748280515
0.583254438438,2.34305024573
0.501111923801,2.66850896188
0.66683481584,2.03961630081
0.919364856378,1.16887814491
0.638485392101,2.14019819349
0.652329823867,2.09082527636
0.784267650042,1.63742675631
0.490983159159,2.71120247379
0.865582698869,1.36006886403
0.705427183224,1.90552119297
0.512564902902,2.6209969329
0.435852475806,2.95631650571
0.878057059407,1.31656982501
0.877248310745,1.3194025443
0.443269277143,2.92195562211
0.428888503033,2.98901644356
0.468260886509,2.80946921403
0.771862071861,1.67937365358
0.612684813573,2.23368431035
0.644484458119,2.11874104743
0.672932017596,2.01823537844
0.891456609476,1.26934943055
0.930277845392,1.12860908419
0.946363259164,1.06798023398
0.538949680344,2.51437732432
0.511593971858,2.62499447719
0.589991016413,2.31773359106
0.634533513223,2.15438790483
0.604715690475,2.26299095484
0.676999946736,2.00401491296
0.827693095523,1.49022207281
0.817114597757,1.52619758591
0.656407574647,2.07637775124
0.957004078369,1.02689009473
0.871709703296,1.33875385895
0.920358203014,1.16523844484
0.485347347012,2.73524545009
0.433167269785,2.96887408144
0.798019258763,1.59091545603
0.9616080164,1.00883338566
0.757804288811,1.72694817583
0.8104508336,1.54880871411
0.770923394404,1.68254839423
0.663888610045,2.04997744278
0.740699368781,1.78497442075
0.650343773423,2.09787704093
0.612155644517,2.23562367546
0.762214722948,1.71201432144
0.57979521436,2.35611989139
0.522394149025,2.58083227396
0.720898999161,1.85246025834
0.721408258518,1.85071913708
0.833279123881,1.4711755863
0.891458065325,1.26934426864
0.721167108183,1.85154357317
0.680745311455,1.9909522254
0.854747738896,1.39755120299
0.940288958334,1.09107034601
0.75304957614,1.74305879718
0.860959379244,1.37609383232
0.896036491717,1.25307412709
0.671600702779,2.02289694171
0.675507723403,2.00922732705
0.596766512855,2.29244544281
0.917855743305,1.17439830203
0.671465398699,2.02337091913
0.962633193627,1.00478801136
0.848612349458,1.41867051418
0.484266327091,2.73988139828
0.497790014606,2.68243944156
0.795875287936,1.5981700545
0.671213524909,2.02425335207
0.583332623805,2.34275539825
0.552794330697,2.4598764155
0.883505880506,1.29743532131
0.854800846621,1.39736808243
0.862085289936,1.37219573003
0.586767172467,2.32982704034
0.468778541505,2.80718994918
0.688931281929,1.96249785075
0.960565872666,1.01293637092
0.860476276066,1.37776556913
0.690607400205,1.95668718087
0.768886419267,1.68943845424
0.818035640866,1.52306954165
0.616546868472,2.21955818341
0.537582428232,2.51981121683
0.78122736637,1.64770610051
0.728668652944,1.82592959396
0.451237496765,2.8855539883
0.83178589495,1.47627075998
0.651655714169,2.09321767515
0.656829470745,2.07488531807
0.707680415877,1.8977726441
0.799574696308,1.58565121482
0.831113530375,1.47856407225
0.821847074427,1.51011700823
0.8850861431,1.29186921106
0.706772629585,1.90089347582
0.737367866621,1.79630184877
0.818088688008,1.52288936058
0.544510561607,2.49237354722
0.461262909941,2.84047718605
0.960786907995,1.01206692108
0.713342566572,1.87833403369
0.683784203162,1.98037405288
0.794711607386,1.60210697916
0.831482055427,1.47730717068
0.882537636811,1.30084193898
0.610700802388,2.24096039051
0.760418376301,1.71809573164
0.851165507287,1.40989051667
0.803487640036,1.57240355581
0.574423952034,2.37650999464
0.883948492431,1.295877103
0.925913809386,1.14478895839
0.627866683356,2.17842860183
0.919023945434,1.1701261373
0.747060050718,1.76337298956
0.459340107521,2.84906192568
0.506540359523,2.64589115512
0.839670402862,1.44933342285
0.544657462521,2.4917943599
0.907255093731,1.21287374564
0.629626725694,2.17206908673
0.953136678066,1.04192423655
0.864172676796,1.36496132739
0.949082528013,1.05756033983
0.70745278245,1.89855509806
0.719624096162,1.85682046576
0.728927240508,1.82504778019
0.507005827301,2.64396008588
0.854077803313,1.39986073022
0.889329144747,1.2768849606
0.615311121859,2.22407281242
0.530589246284,2.54775511161
0.718015685155,1.86232419621
0.771900255165,1.67924451625
0.778859455625,1.65571212773
0.790801449626,1.61533292519
0.584610939812,2.33793813025
0.5489762047,2.47481388067
0.878052291506,1.31658653046
0.846758807793,1.4250373696
0.854892591399,1.39705172448
0.646551773207,2.11136937805
0.56100221754,2.42799550127
0.908575943769,1.20810704224
0.531505193158,2.54408055494
0.885566209051,1.29017674564
0.807348926932,1.55932313758
0.947616733924,1.06318367795
0.74930553752,1.75575435198
0.646535840512,2.11142614771
0.874843980218,1.32781319
0.64469333996,2.1179956947
0.768020241153,1.69236863126
0.465132740886,2.82328471896
0.788458031786,1.62325781405
0.801750802378,1.57828466913
0.483336893405,2.74387358132
0.576377572594,2.36908001649
0.49067654956,2.71250511738
0.437214982871,2.94996877048
0.797499142134,1.59267553629
0.775668031604,1.66650306639
0.505948095009,2.64835014566
0.487553517564,2.72580861582
0.707820486812,1.89729121056
0.590009010247,2.31766620372
0.713431454909,1.87802923338
0.649911198252,2.09941430187
0.829114311283,1.48537977249
0.788222603202,1.62405392602
0.858368528304,1.38505338237
0.77401278436,1.67210030659
0.580054032551,2.35514035873
0.544892515282,2.49086783631
0.583301758841,2.34287179126
0.45276722451,2.87862474561
0.658033434492,2.07062875319
0.532959671851,2.53825462228
0.840149788506,1.44769277123
0.868557589147,1.3497311898
0.730218799075,1.82064448586
0.807580830729,1.55853727202
0.86910878187,1.34781344403
0.783856069393,1.63881834945
0.898201911998,1.24535261762
0.545236127156,2.4895138859
0.772562280174,1.6770055709
0.457170919314,2.858780907
0.586186160545,2.33201084035
0.910940705147,1.1995541812
0.830578223639,1.48038950515
0.476689978131,2.77259667679
0.701975685585,1.91740548823
0.524134094671,2.57377894003
0.859389603928,1.38152406165
0.763677781402,1.70706222619
0.683534659293,1.98124201827
0.741268465119,1.78304039887
0.548991879017,2.47475241666
0.733520948761,1.80939438687
0.459300146478,2.84924064092
0.492721740349,2.70382760957
0.802534454299,1.57563132433
0.741115040564,1.78356177139
0.944643973436,1.07454126094
0.585564976858,2.3343470882
0.837021202391,1.45839398209
0.677241164559,2.00317275885
0.459846229227,2.84679949333
0.571086422704,2.38924019215
0.58819082126,2.32448163527
0.875527929451,1.32542226833
0.515821363693,2.60762929441
0.606610285766,2.25600382023
0.562907471811,2.42063899661
0.430301901234,2.98234467654
0.461271397807,2.84043935297
0.474047286422,2.78410215758
0.494676525102,2.69555896363
0.73259216987,1.81255752638
0.526812939513,2.56295193005
0.873020731658,1.33418067334
0.832039177634,1.47540671242
0.697654536498,1.93231097793
0.456573127661,2.86146572067
0.622678718183,2.19722889483
0.430734230203,2.98030751879
0.83987010098,1.44865001684
0.542016120937,2.50222467474
0.551602524991,2.46453162713
0.944229414914,1.07612020235
0.481178451655,2.75316738197
0.844028002611,1.43440696482
0.591868681538,2.31070833102
0.953090871785,1.04210159942
0.709386287724,1.89191140754
0.75005086187,1.75322633061
0.946623864807,1.06698391793
0.828959231322,1.48590826814
0.795625347044,1.59901568221
0.774413604491,1.67074489063
0.706341729476,1.90237527658
0.832575593794,1.47357651626
0.581390988808,2.35008477057
0.935980900797,1.10729953984
0.574505108648,2.37620102511
0.430298793478,2.98235932654
0.787868204165,1.62525232609
0.635509772446,2.15087838801
0.878026198417,1.3166779525
0.643265144581,2.12309426489
0.936557200707,1.10513528549
0.764378438579,1.70469096694
0.495182610249,2.69342224264
0.633705415483,2.1573669532
0.808253608006,1.55625720649
0.810866774532,1.54739833084
0.848269593713,1.41984832045
0.586301674453,2.33157656326
0.650507407518,2.09729565287
0.555910114143,2.44773758252
0.604478411842,2.26386690302
0.443061362308,2.92291248448
0.464087220492,2.82791851769
0.94616736574,1.06872883434
0.866225444695,1.35783713351
0.689062372586,1.96204320854
0.893207124196,1.26313745026
0.784595131308,1.63631950379
0.845096690525,1.43074169289
0.920683564653,1.16404521871
0.659169923364,2.0666139638
0.427913254478,2.99363053342
0.465108832113,2.82339059242
0.899842102982,1.23949228666
0.811202645275,1.54625936421
0.737664676543,1.79529226612
0.46504603509,2.82366869221
0.771282495564,1.68133384007
0.917815875437,1.17454398273
0.581122824451,2.35109823481
0.696865594074,1.93503570108
0.502911940996,2.66098916054
0.698421587068,1.92966285861
0.600480861246,2.27865429771
0.916062443979,1.1809435841
0.854108369701,1.39975537516
0.734404267944,1.80638686005
0.813662407989,1.53791562213
0.49238206079,2.70526695014
0.82272088293,1.50714556069
0.749426785816,1.75534307172
0.708682123382,1.89433034217
0.514996985982,2.61100754703
0.570677778281,2.39080210573
0.530138833591,2.54956368751
0.513292082808,2.61800656713
0.524327053081,2.57299775703
0.809203767685,1.55303659679
0.860775451399,1.37673035862
0.638466321079,2.14026656429
0.647367696511,2.10846306332
0.522041338136,2.58226452514
0.710104920368,1.88944351267
0.488480501047,2.72185313645
0.58604213668,2.33255237422
0.638845143342,2.13890865385
0.58510985166,2.33605975569
0.739531206762,1.78894517626
0.733589838927,1.80915980197
0.716395708794,1.8678708641
0.699624400818,1.92551229589
0.703680534489,1.91153298536
0.707273263801,1.89917221937
0.676200463577,2.00680697494
0.961999230096,1.00729072909
0.776752939376,1.66283463287
0.932043710365,1.1220314433
0.820122058064,1.51598086871
0.45027401648,2.88992793551
0.56587195287,2.40922471238
0.93366856931,1.11596292234
0.822778062328,1.50695109159
0.925882400942,1.1449050266
0.905804552591,1.21809996839
0.834372594426,1.46744263048
0.842460369851,1.43978012406
0.919739391013,1.16750639921
0.504174579403,2.65572619053
0.784892384101,1.63531445093
0.557366887208,2.44207757005
0.525529696776,2.56813349997
0.580442127628,2.35367206759
0.835234507299,1.46449906064
0.64739019677,2.10838294235
0.609519975319,2.24529719104
0.641791516712,2.12836081718
0.432708635174,2.97102528347
0.744144494162,1.77327054366
0.755664929565,1.73419552835
0.943794659814,1.07777480005
0.4337347067,2.96621512637
0.564058060943,2.41620421729
0.706944699944,1.90030182954
0.504053018113,2.65623246286
0.710752238088,1.88722115928
0.778934238603,1.65545927919
0.708415618228,1.89524602549
0.587573733174,2.32679766534
0.894766426626,1.25759496441
0.678712837248,1.9980373481
0.695421996248,1.94002409156
0.710995933291,1.88638466647
0.78386506061,1.63878794939
0.945834026985,1.07000205683
0.666006015476,2.04252900706
0.540369220298,2.50874564921
0.576883873342,2.36715704002
0.787447533679,1.62667479985
0.81437471173,1.53549857522
0.729112081653,1.82441749445
0.627195450397,2.1808564044
0.598389590111,2.28641289845
0.789477942228,1.61980883898
0.928117594492,1.1366315539
0.859860482911,1.37989573535
0.830784008509,1.4796878062
0.838707937249,1.45262634041
0.463230896721,2.83171990278
0.467079613934,2.81467780838
0.929260931618,1.13238885075
0.812466608028,1.54197244014
0.840755025931,1.4456209103
0.635538562302,2.15077493395
0.427016235291,2.99788215832
0.595682080132,2.29648136849
0.520466836996,2.58866471168
0.605400443333,2.26046419383
0.600522890738,2.27849853008
0.460762295997,2.84270955202
0.851450406904,1.40891004376
0.4289895913,2.98853866944
0.564976538994,2.41266828169
0.660443264462,2.06211940688
0.836126138626,1.46145293721
0.870151155711,1.34418468061
0.432605111108,2.97151111605
0.795834879283,1.59830677091
0.432896363669,2.97014452706
0.568298361342,2.39991086651
0.721791833985,1.84940792927
0.960447495779,1.01340183857
0.582490141385,2.34593379209
0.619410413401,2.20911560824
0.462382188789,2.83549293974
0.426951616625,2.99818871724
0.77413863771,1.67167471732
0.770812635711,1.6829230089
0.475164854922,2.77923056661
0.685744128199,1.97356118677
0.963597342047,1.00097502724
0.779136447168,1.65477559387
0.462960185122,2.8329227934
0.738889550007,1.79112676577
0.846211126285,1.42691750575
0.546730414194,2.48363259118
0.48933169162,2.71822607174
0.745785487273,1.76769901677
0.849448027814,1.41579801285
0.802175522765,1.57684665682
0.797917938923,1.59125833137
0.662756897253,2.0539627234
0.515775351202,2.60781774822
0.517204685588,2.60196925978
0.722752163701,1.84612593546
0.784129799798,1.63789284212
0.436541791498,2.95310305911
0.428130216554,2.9926032956
0.784394316723,1.63699848225
0.637661111311,2.14315422293
0.94109619587,1.08801609118
0.547593792593,2.48023941446
0.516682298253,2.60410538974
0.803149693811,1.57354799349
0.600185407811,2.27974947161
0.647775889174,2.10700974029
0.768170472996,1.6918603996
0.727937486111,1.82842335069
0.825123049322,1.49897282089
0.827786797505,1.48990288757
0.864531765527,1.36371580733
0.494616753206,2.69581143219
0.72422714442,1.84108722698
0.838883952341,1.45202423555
0.430772252328,2.98012843678
0.777593501525,1.65999249897
0.924573381558,1.14973772393
0.869111954414,1.34780240372
0.836999506342,1.45846814341
0.701329092741,1.91963393783
0.460184312664,2.84528931138
0.927525263497,1.13882671439
0.677397507244,2.00262698981
0.840162569807,1.44764902373
0.555588249781,2.44898944623
0.849284107553,1.41636155888
0.689609706282,1.96014531238
0.525468917163,2.56837914212
0.446259148169,2.9082355977
0.819372933476,1.51852649993
0.728207536943,1.82750223305
0.719756401913,1.85636788183
0.786777300278,1.62894110873
0.633935657085,2.15653846935
0.497113381018,2.6852853934
0.53504153824,2.52993492389
0.836239877278,1.46106428774
0.624491349016,2.19065083277
0.753626479409,1.74110336758
0.845540454802,1.42921916418
0.870209907245,1.34398007063
0.951497524716,1.04826105733
0.778418419958,1.65720331929
0.762929136536,1.70959609965
0.883283427549,1.29821824123
0.495350817965,2.69271242203
0.802066540839,1.57721565444
0.602140334029,2.27250883903
0.489864344753,2.71595877474
0.444120690472,2.91804104064
0.457698880989,2.856412031
0.800522950933,1.58244144334
0.496982225596,2.68583737349
0.563513594401,2.41830205257
0.627140600721,2.18105485206
0.796250373908,1.59690098357
0.64093665113,2.13141871451
0.47942567485,2.76073799701
0.883949318609,1.29587419386
0.514091885222,2.61472110199
0.876395838491,1.32238642391
0.850018673887,1.41383579591
0.479873914278,2.7587999372
0.432835628819,2.97042943949
0.667082310667,2.03874681444
0.935879704121,1.10767936534
0.679468255603,1.9954030207
0.944800578377,1.07394448674
0.786697769302,1.62921002895
0.710712943993,1.88735604563
0.571995273478,2.38576894309
0.945228019881,1.07231477185
0.441723306998,2.92907916707
0.649257011624,2.10174002998
0.840549046005,1.44632608712
0.691320377382,1.95421701408
0.901689434613,1.23287946907
0.793036638526,1.60777297268
0.898628165686,1.24383061271
0.542513075755,2.50025962248
0.497677814708,2.68291115983
0.794928663763,1.60137267333
0.68490238835,1.97648624591
0.752701222273,1.74423964883
0.445607846725,2.91121798296
0.453842726136,2.8737642047
0.841059620306,1.44457800637
0.674092024194,2.01417673596
0.9601173833,1.01469923692
0.459337493543,2.84907361563
0.783587695978,1.63972574051
0.962550703888,1.00511385805
0.430290110259,2.9824002598
0.457243708728,2.85845418409
0.506514864952,2.64599696113
0.615234991727,2.22435110631
0.560528887809,2.42982563222
0.959768261417,1.01607033836
0.586284549402,2.33164094198
0.474222475627,2.78333790346
0.725296087842,1.83743718029
0.849217138027,1.41659178143
0.826266124023,1.49508166663
0.847945231131,1.42096273258
0.709215279397,1.89249878641
0.856355638221,1.39200452579
0.684393962879,1.97825368758
0.842034125033,1.4412404313
0.942872299924,1.08128086964
0.889951676591,1.27468151752
0.663706086463,2.05061999141
0.614343376705,2.22761182224
0.676426679695,2.00601681863
0.717476880181,1.86416864229
0.904742792803,1.22191987898
0.820050946445,1.51622253837
0.464551204758,2.82586110537
0.790711631993,1.61563668666
0.690244978675,1.95794317046
0.864122000658,1.36513707659
0.687622346428,1.96703917329
0.912750690532,1.1929910699
0.764841350895,1.70312441572
0.767045455829,1.69566647574
0.542742579139,2.49935253799
0.92547962469,1.14639299289
0.722265051086,1.84779053797
0.445651009867,2.91102022528
0.639224885376,2.13754784904
0.845722048424,1.4285960327
0.693082972299,1.94811425349
0.856628862484,1.39106148362
0.438344551286,2.94471846978
0.912655195584,1.19333770979
0.591464752257,2.3122184983
0.899465168647,1.2408399627
0.641643810936,2.1288890249
0.912653618817,1.19334343299
0.90077761249,1.23614513978
0.537276773364,2.52102728904
0.447399129124,2.90302391567
0.873861046682,1.33124707379
0.911510528919,1.19748955514
0.846811338063,1.42485701157
0.607313057941,2.25341520719
0.483026818899,2.74520674332
0.593312320465,2.30531603482
0.563687270786,2.41763273297
0.454591748897,2.87038455
0.943203625381,1.08002210079
0.880471161185,1.30810307588
0.681144465022,1.98956176267
0.781138087024,1.64800795606
0.876082954781,1.32348109372
0.846765631881,1.42501393996
0.630837986508,2.16769783751
0.610751824518,2.24077310865
0.65673494515,2.07521965905
0.558875957661,2.43622463545
0.858821656696,1.38348742772
0.824019279241,1.50272885166
0.896285397971,1.25218745074
0.681534958393,1.98820177355
0.787793249933,1.62550578144
0.948438939703,1.06003130548
0.741833913867,1.78111904117
0.54296834959,2.49846046276
0.862940825704,1.36923183076
0.71753377899,1.86397384763
0.892621843229,1.2652155976
0.689186177117,1.96161386465
0.887827060064,1.28219627838
0.478037767068,2.76674776116
0.543140451638,2.49778061462
0.526300556983,2.56501979399
0.725660997926,1.83619144837
0.882336720991,1.30154847382
0.540623273704,2.50773882664
0.754241376459,1.73901937278
0.900498979629,1.23714241047
0.761434333763,1.71465610551
0.472188953372,2.79222255199
0.949582264927,1.05563958146
0.798324159436,1.58988362151
0.836730340456,1.45938814978
0.429776094948,2.98482457142
0.446396379283,2.90760764761
0.556126091558,2.44689782571
0.930454706028,1.12795110939
0.451248767979,2.8855028642
0.46300893815,2.83270612141
0.463067697829,2.83244500094
0.831462595695,1.4773735448
0.551467507142,2.46505943233
0.467748660924,2.81172651127
0.570357942013,2.39202507496
0.444385207222,2.91682609408
0.504624287091,2.65385405236
0.705340458083,1.90581958177
0.607353512442,2.2532662476
0.440266132732,2.93581206595
0.880181407729,1.30912019344
0.437684379172,2.94778564959
0.502182019139,2.66403609769
0.891150749744,1.27043373732
0.465468380619,2.82179888071
0.856511780973,1.3914656127
0.949201380359,1.05710369231
0.532370829619,2.54061189859
0.587508905104,2.32704106093
0.847366022376,1.42295226332
0.900152642099,1.23838158765
0.596250345193,2.29436592072
0.906971575832,1.21389594122
0.859998449069,1.37941855057
0.925772636534,1.1453106132
0.915579495662,1.18270364685
0.93451965808,1.11277800072
0.759607227952,1.72084228851
0.840583990538,1.44620645828
0.710759714644,1.88719549447
0.539733298298,2.51126725502
0.67194464376,2.02169227618
0.721690309617,1.84975496101
0.510752294132,2.62846432316
0.940547674812,1.09009193383
0.708167883895,1.89609730777
0.919003076809,1.17020251361
0.498197576649,2.68072660863
0.779328580729,1.65412597503
0.934918430448,1.1112842223
0.498869964988,2.67790308847
0.662320617545,2.05549986037
0.898767356262,1.24333346268
0.487602707431,2.72559857733
0.864669427261,1.36323824064
0.762794021679,1.71005343472
0.509738041644,2.6326511535
0.578786749789,2.3599391542
0.880400948975,1.30834956344
0.722250990127,1.8478385925
0.614827135261,2.22584235004
0.469982400874,2.80189687228
0.713371218177,1.87823578544
0.799620574082,1.58549593072
0.444127986359,2.91800752221
0.689093487066,1.96193530345
0.657837420348,2.07132151315
0.738834393677,1.79131431045
0.571016072946,2.3895090311
0.841305821397,1.44373493212
0.748801658345,1.75746364212
0.438990194501,2.9417224235
0.607140738936,2.25404977488
0.490892084017,2.71158934623
0.483302444694,2.74402166092
0.503705730326,2.65767932578
0.707864443747,1.8971401335
0.764811726766,1.70322466504
0.825159826885,1.49884764792
0.521928839174,2.58272136463
0.587993822596,2.3252208428
0.469019773347,2.80612846263
0.861813412562,1.37313727401
0.612420636838,2.23465238172
0.452129536768,2.88151101702
0.436802709399,2.9518877933
0.603580137668,2.26718479924
0.496817282569,2.68653170634
0.513918222164,2.61543416824
0.571560307588,2.38742980705
0.863120148508,1.36861038026
0.68728941332,1.96819478393
0.679039286592,1.9968987984
0.584843650605,2.33706186559
0.428474675102,2.99097328773
0.729146627262,1.82429970221
0.944855789248,1.07373405434
0.690439910517,1.95726759511
0.782152630789,1.64457775992
0.478104004922,2.76646064054
0.786375290312,1.6303004284
0.733436250916,1.80968280653
0.857334252077,1.38862610561
0.941219298867,1.08754994404
0.814177361786,1.53616827847
0.681134777886,1.98959550434
0.801817140517,1.578060068
0.712662684954,1.88066572483
0.820681927839,1.51407801057
0.537283365039,2.52100105849
0.454889014476,2.86904449173
0.669066991056,2.03177929068
0.497274482289,2.68460753208
0.8696209281,1.34603087515
0.791958100704,1.61142099692
0.676645077289,2.0052540724
0.739858787009,1.78783156408
0.910461259126,1.2012902251
0.641095261093,2.13085120697
0.902451305127,1.23014833891
0.655618074389,2.07917173693
0.9117649648,1.19656719576
0.855748246539,1.39410041707
0.474389063474,2.78261137511
0.693634049177,1.94620734487
0.510176256059,2.63084146149
0.827396524551,1.49123224252
0.91601807953,1.18110531259
0.764730077595,1.70350097093
0.887061462474,1.28490056406
0.851453444926,1.40889958769
0.709123641081,1.89281356289
0.582865258964,2.34451825489
0.731804990998,1.81523909775
0.453971627181,2.8731822757
0.882516305797,1.30091695681
0.874997780084,1.32727565358
0.589384708554,2.32000495202
0.586657044791,2.33024086685
0.884883017541,1.2925851092
0.85042621848,1.41243405687
0.847392046104,1.42286288659
0.44042882448,2.93505945063
0.795297305773,1.60012551734
0.893136502858,1.26338826788
0.675088453852,2.01069269163
0.646881927242,2.11019315963
0.688276201062,1.96477024355
0.667523205738,2.03719822504
0.661448983877,2.05857220753
0.558066272907,2.43936370615
0.811393152682,1.54561330205
0.64370397201,2.12152709257
0.555667360409,2.44868170779
0.686837311971,1.96976435874
0.828750383243,1.48661995504
0.438947446027,2.94192068298
0.52940086746,2.55252922891
0.548978192158,2.47480608715
0.552985321802,2.45913102372
0.63904983628,2.13817508712
0.550343103484,2.46945825789
0.633979099512,2.15638216663
0.546492612794,2.484567814
0.585207738488,2.33569133221
0.54337404553,2.49685809245
0.799772280841,1.58498243733
0.805751506864,1.56473553831
0.835949661962,1.46205592958
0.870919275959,1.34150890996
0.435353878311,2.95864344866
0.946942561552,1.06576486087
0.767520622598,1.69405887969
0.591051956131,2.31376245405
0.646150701304,2.1127986387
0.756909917977,1.72997767908
0.920005043119,1.16653301551
0.493214912933,2.70173919298
0.811349618253,1.54576094133
0.959838712879,1.01579373847
0.871097194137,1.34088891223
0.914457370639,1.18678888971
0.721088408873,1.85181264295
0.444844453178,2.9147181264
0.65376290453,2.0857431229
0.688288426342,1.96472782836
0.551891068644,2.46340395565
0.523384107,2.57681717056
0.695641061677,1.93926687681
0.62690578213,2.18190453533
0.476759732878,2.77229365384
0.449819032688,2.89199604814
0.628698433314,2.17542210425
0.47632545776,2.77418075356
0.567749175271,2.40201669508
0.905043307174,1.22083918516
0.556749459073,2.44447527501
0.47151381678,2.79517885347
0.738260937665,1.79326435759
0.859879953322,1.37982839534
0.68551897185,1.97434347659
0.488180512677,2.72313257707
0.438272830359,2.94505150535
0.446885355207,2.90537142573
0.812564456305,1.54164052442
0.927768408299,1.13792586232
0.52114754354,2.58589601503
0.736384520415,1.79964722413
0.658336732601,2.06955700983
0.593735311863,2.3037375537
0.892970513316,1.26397772484
0.911029765658,1.1992315863
0.550567644785,2.46857934014
0.959122126795,1.01860517913
0.71854463546,1.86051384792
0.827215488481,1.49184883229
0.632214625916,2.16273502464
0.91497428569,1.18490772644
0.612467404862,2.23448098413
0.597061686528,2.29134764504
0.468008769846,2.81058001105
0.723923773123,1.84212336975
0.886048584572,1.28847540452
0.520173253261,2.58985962924
0.506879280137,2.6444849587
0.637374637559,2.14418202079
0.879915449675,1.31005356602
0.734652860336,1.80554058933
0.751013948253,1.74996023797
0.712668289534,1.880646501
0.547045519919,2.48239377022
0.576470437537,2.36872722778
0.567652499365,2.40238752956
0.660946144164,2.06034543761
0.784568990798,1.63640788818
0.469768484709,2.80283663661
0.849944095358,1.41409227417
0.856021277125,1.39315837815
0.947484075354,1.06369184062
0.454258898497,2.87188585129
0.750876002697,1.7504280126
0.59161352448,2.31166221298
0.824853116694,1.49989149636
0.799239546298,1.58678558233
0.476913806181,2.7716244622
0.690039355353,1.95865587385
0.567341587233,2.4035804174
0.694151755935,1.94441639121
0.467269922203,2.81383798503
0.764662625365,1.7037292353
0.859565772505,1.38091491616
0.956169420075,1.03014483606
0.743616678034,1.77506303543
0.642036666078,2.12748427512
0.559281736458,2.43465259298
0.508300454311,2.63859593974
0.624553186691,2.19042660239
0.46185784159,2.83782671778
0.499533855432,2.67511803007
0.62713427102,2.18107775368
0.674760891079,2.01183779352
0.867945584602,1.35185963964
0.649527549321,2.10077809518
0.606542029537,2.25625532817
0.450570796305,2.88857983528
0.647403699618,2.10833486082
0.604151666746,2.26507345217
0.687481099505,1.96752941607
0.483662655288,2.74247367482
0.752895116624,1.74358237576
0.702134991374,1.9168565511
0.597885794112,2.28828434499
0.861053021436,1.37576973274
0.481282171353,2.75272005766
0.583010904567,2.34396880013
0.925893183181,1.14486518202
0.46375876343,2.82937594883
0.900241422397,1.23806398066
0.906145033692,1.2168740248
0.598153871995,2.28728840351
0.503049806853,2.66041402954
0.768289515081,1.69145768696
0.461922407848,2.83753923191
0.614634573058,2.226546604
0.812669027514,1.54128579574
0.505859383279,2.64871864509
0.45000810872,2.89113640632
0.702446690671,1.91578261163
0.445476903246,2.91181801241
0.439719387994,2.93834297298
0.614668123385,2.22642389229
0.628932490357,2.17457644086
0.857746645096,1.38720183327
0.682234740344,1.98576536341
0.787146767226,1.62769181029
0.616684622373,2.21905522648
0.470167980531,2.80108186428
0.459249538936,2.84946698747
0.524614909791,2.57183276179
0.809838844338,1.5508836489
0.465731126286,2.82063632241
0.44429729305,2.9172298261
0.803016195994,1.57400006121
0.956139865205,1.0302599818
0.540695289873,2.50745348305
0.474045237011,2.78411109933
0.459050308355,2.85035825512
0.828800548635,1.48644901223
0.659336868249,2.06602447181
0.937960356039,1.0998571828
0.709140540274,1.89275551345
0.870601536491,1.34261594692
0.490119214172,2.71487455376
0.505166213964,2.65159963675
0.523228472975,2.57744803789
0.439531821243,2.93921181682
0.882460539963,1.30111306999
0.752118094887,1.74621650243
0.95404051617,1.03842122768
0.475595337534,2.77735641492
0.949985818179,1.05408716638
0.891521765293,1.26911840455
0.905077819307,1.2207150507
0.530747329176,2.54712060453
0.441203185266,2.9314803295
0.706669674462,1.90124749766
0.496677274336,2.68712121048
0.572133512148,2.38524126344
0.708392978482,1.89532381805
0.926845076897,1.14134507781
0.659244395022,2.06635099184
0.605639389631,2.25958285851
0.954230078109,1.03768573374
0.888258760708,1.28067056042
0.486524131278,2.73020774177
0.8965033876,1.25141072212
0.581943946825,2.34799590607
0.700928659068,1.92101434772
0.479219583532,2.76162954436
0.575841783071,2.37111614681
0.693185171266,1.94776057099
0.938704832131,1.09705172605
0.437577306053,2.94828346936
0.446823841431,2.9056526369
0.694833097647,1.94206006821
0.585684096709,2.33389896606
0.730188300859,1.82074844265
0.720060745244,1.85532688477
0.64570696439,2.11438043754
0.575055809131,2.37410519101
0.85802772742,1.3862308639
0.84361840617,1.43581126199
0.697139784919,1.9340886261
0.868915168725,1.3484871612
0.940213793562,1.09135452178
0.75252364515,1.74484162897
0.525159919641,2.56962827368
0.554650836165,2.45263817403
0.782455290644,1.6435544581
0.728679485953,1.82589265069
0.577174133847,2.36605508029
0.68866931686,1.9634064797
0.523489355694,2.57639061731
0.450693133426,2.88802433498
0.840768967197,1.44557317973
0.848694064614,1.41838968705
0.960131029249,1.01464562438
0.776276892076,1.66444429013
0.926930334823,1.14102955296
0.681399587944,1.98867320025
0.574851398529,2.37488298134
0.807361664016,1.55927997555
0.945536781664,1.07113675953
0.793998368761,1.60451978059
0.615343937763,2.22395285964
0.744742306962,1.77124060144
0.782785514845,1.6424379582
0.540970259473,2.50636423366
0.689440411191,1.96073228977
0.840907968881,1.44509726499
0.696570692266,1.93605445469
0.578912473877,2.35946278568
0.529395607108,2.55255037822
0.918626888306,1.17157894348
0.741549595823,1.78208510202
0.646520571156,2.11148055447
0.808937946998,1.55393766648
0.569016953422,2.39715742597
0.906058697481,1.21718493455
0.725588163142,1.83644007998
0.461145796346,2.84099925419
0.78309008005,1.64140820958
0.740456042323,1.785801427
0.807371048728,1.55924817361
0.779255053968,1.65437457463
0.811884533717,1.54394677722
0.528671449084,2.55546327496
0.867998645838,1.3516751378
0.754825861387,1.73703865221
0.498501205338,2.6794512477
0.59363056801,2.30412836505
0.552030626875,2.46285868263
0.625586964699,2.18667974847
0.860506345655,1.37766153072
0.873639799024,1.3320196469
0.869396440731,1.34681230322
0.610813340352,2.24054732025
0.568276512128,2.39999462139
0.691683314721,1.95295993843
0.668896959673,2.03237586871
0.635394413064,2.15129294657
0.661175357996,2.05953705658
0.670180866421,2.02787268516
0.634431442001,2.15475499498
0.552142905293,2.46242006235
0.626571522481,2.18311433143
0.476875472526,2.77179094243
0.587438825956,2.32730418989
0.567343208487,2.40357419598
0.431332695011,2.9774902879
0.866338006714,1.35744619697
0.685532260837,1.97429730227
0.632720395657,2.16091311077
0.481739506304,2.75074853471
0.671458031749,2.02339672709
0.493529227328,2.70040899798
0.858643618871,1.38410275549
0.627722858337,2.17894869229
0.742016715439,1.78049795002
0.65564794067,2.07906601433
0.730784762591,1.81871550887
0.615161818394,2.2246186095
0.634626629281,2.15405304733
0.955315354582,1.03346945093
0.509181046941,2.63495301154
0.554747251261,2.45226270569
0.461711461661,2.83847860225
0.832282556932,1.47457637288
0.464016962991,2.8282301964
0.860327007028,1.37828199926
0.501061162333,2.66872131416
0.541205659128,2.50543203572
0.874759511531,1.32810838403
0.660510918085,2.06188071559
0.789274577563,1.6204965602
0.879063849241,1.31304085118
0.666820931175,2.03966508381
0.892004876975,1.26740495774
0.526346974974,2.56483240255
0.52805736156,2.55793561693
0.786819860068,1.62879719987
0.790142539494,1.61756130812
0.443310402871,2.92176639691
0.708473050363,1.89504868599
0.594049353338,2.30256607438
0.769379297359,1.68777119897
0.782285543752,1.6441283775
0.476781380627,2.77219962039
0.802901506525,1.57438843055
0.870521425564,1.34289502108
0.484418674763,2.73922757911
0.697134550511,1.93410670494
0.930592197632,1.12743947538
0.806521084022,1.56212823267
0.681071054491,1.9898174666
0.600347396635,2.27914897969
0.819489213807,1.51813139683
0.505718902074,2.64930228679
0.61365767841,2.23012126201
0.492366506847,2.70533287549
0.943776028539,1.07784567837
0.68715431765,1.96866375988
0.729142852633,1.82431257273
0.472757993213,2.78973337788
0.798660774512,1.58874441854
0.65134138836,2.09433360465
0.691059076358,1.9551222065
0.56767945101,2.40228414297
0.733675803133,1.80886708308
0.711749246189,1.88379942378
0.806452231937,1.56236151551
0.903168758212,1.22757432539
0.903237360822,1.2273280912
0.754875732847,1.73686965526
0.934672175054,1.11220679465
0.897405612561,1.24819410274
0.924043065604,1.15169296956
0.688059327328,1.96552272557
0.919879054787,1.16699469702
0.790249153064,1.6172007552
0.59733873301,2.29031755542
0.657356431454,2.07302183585
0.481469006776,2.75191445653
0.716542871431,1.86736684967
0.597381386242,2.2901589909
0.853998252972,1.4001349128
0.869770653255,1.34550962009
0.763953275394,1.70612983997
0.816422387299,1.52854799125
0.741832887445,1.78112252864
0.471067564916,2.79713471687
0.721533090901,1.85029239253
0.460654144623,2.84319207825
0.621021923818,2.20325038917
0.942454918433,1.08286552884
0.538921197234,2.51449042832
0.844431038159,1.43302489605
0.530298655712,2.54892181852
0.648792694227,2.10339141799
0.956423150718,1.02915601226
0.706419204676,1.90210883042
0.738565039336,1.79223021814
0.635773003523,2.14993257629
0.759108000445,1.72253283014
0.817064343383,1.52636823865
0.453418715613,2.87567934757
0.643520474517,2.12218234878
0.560977171713,2.42809231576
0.729345396235,1.82362197254
0.62366678495,2.19364192371
0.700310342002,1.92314637155
0.947582661739,1.0633142071
0.445790729656,2.91038018629
0.891396794177,1.26956150763
0.950012881044,1.05398301609
0.577553595991,2.36461499315
0.854827693827,1.39727550856
0.536148543149,2.52552018583
0.582639378779,2.3453705653
0.815467207554,1.53179065457
0.72595795771,1.83517779757
0.717368751328,1.864538836
0.839602802059,1.44956475255
0.505608338694,2.64976171605
0.580556213833,2.35324055765
0.724185717506,1.84122871127
0.625007037592,2.18878124822
0.846996026156,1.42422286387
0.935827305846,1.10787600911
0.78730358758,1.62716154005
0.520827850403,2.58719600857
0.484314455393,2.73967483269
0.630093699988,2.17038333437
0.527506587207,2.56015478026
0.605353264878,2.26063823147
0.882967485182,1.29932993568
0.557294465051,2.44235872175
0.540289079551,2.50906331716
0.633170578606,2.15929206272
0.899822326024,1.23956300994
0.445404591433,2.9121494317
0.89004417582,1.27435400697
0.645727225585,2.11430820061
0.587167643582,2.32832258851
0.799725293248,1.58514148083
0.868256331417,1.35077902874
0.478851768835,2.76322143667
0.911751343201,1.19661658299
0.538683986726,2.51543253086
0.504858475103,2.6528796117
0.72885050704,1.82530944274
0.881636365155,1.30401037481
0.68493057055,1.97638829048
0.508011795348,2.63979109913
0.63842609796,2.14041077
0.630272534464,2.16973792304
0.661737103439,2.05755644206
0.611528910899,2.23792181686
0.433963125716,2.96514558
0.59963643182,2.2817852252
0.775538442428,1.66694125996
0.881418484109,1.3047759738
0.930715424716,1.12698083029
0.544751204933,2.49142481646
0.486866032357,2.72874583005
0.82828328627,1.48821148656
0.821504294343,1.51128245079
0.517576994121,2.60044777486
0.451403074348,2.88480306232
0.862035487787,1.37236821313
0.936402854849,1.10571512211
0.715345021876,1.87147017331
0.803108648173,1.57368698853
0.921505191651,1.16102961248
0.884572519951,1.29367918122
0.773220197555,1.67478060204
0.641611761869,2.12900364283
0.953431194039,1.04078347692
0.547977688323,2.47873181956
0.739420049879,1.78932307633
0.851444174075,1.40893149545
0.667282458823,2.03804376473
0.592318748317,2.30902639543
0.507502584656,2.64190064055
0.696425018901,1.93655774514
0.943659427671,1.07828920528
0.842108869516,1.44098437858
0.780470761361,1.65026420288
0.475309165935,2.77860214711
0.520182726218,2.58982106575
0.512650408077,2.62064515223
0.447636328485,2.90194084758
0.449205852581,2.89478589061
0.705575228059,1.90501185248
0.556493842305,2.44546844425
0.662323277024,2.05549048892
0.78245926911,1.64354100678
0.823576700796,1.50423454893
0.86225720635,1.37160027804
0.916229838014,1.18033327277
0.632729365508,2.16088080578
0.586562845993,2.33059487491
0.753795107939,1.74053183371
0.657139457126,2.07378903646
0.707006970558,1.90008772934
0.819164191673,1.51923574224
0.768638578016,1.69027685003
0.613451392534,2.23087650726
0.874957658046,1.32741588782
0.78599330419,1.63159202496
0.71478972438,1.87337303525
0.428435636638,2.99115796693
0.644653023146,2.11813954801
0.76354272008,1.70751934044
0.712711302851,1.88049896587
0.838485022867,1.4533888115
0.928092444888,1.13672479711
0.511514608479,2.62532147804
0.910265654138,1.20199820633
0.826130569404,1.49554318409
0.87623532262,1.32294804616
0.602074141413,2.27275377956
0.582925286236,2.34429178902
0.510715225868,2.62861723406
0.4720499051,2.79283115063
0.466333413529,2.81797334951
0.939756450282,1.09308281003
0.505641001644,2.64962598246
0.586802814321,2.32969311914
0.661098734645,2.05980727455
0.906882002086,1.21421881986
0.597733763063,2.2888492749
0.66218751974,2.05596889019
0.578471434935,2.36113416535
0.61739437971,2.21646478703
0.469199021634,2.80533999666
0.646214087204,2.11257272824
0.464355037018,2.82673076089
0.549119395298,2.47425242834
0.648313267059,2.10509713354
0.50277853604,2.66154579304
0.676401467029,2.00610487937
0.59163337595,2.3115879912
0.900697439359,1.23643212287
0.724735261799,1.83935202908
0.474785234305,2.78088437489
0.455764112685,2.86510363458
0.576169626306,2.36987012194
0.815965801865,1.53009811039
0.468411424265,2.80880618476
0.431414841537,2.97710383929
0.839222458432,1.45086616078
0.701070739323,1.9205245268
0.560177193167,2.43118611493
0.631668248691,2.1647040587
0.481305960193,2.7526174711
0.741583375592,1.78197032102
0.535954346824,2.5262941841
0.903712156026,1.22562339759
0.447377492352,2.90312273359
0.436603877181,2.95281383169
0.746593097077,1.76495775026
0.637452549332,2.14390246945
0.482537453488,2.74731209543
0.818121983604,1.52277626678
0.916226072354,1.18034700367
0.591887131165,2.31063936827
0.490563717053,2.71298464553
0.826021424428,1.49591477102
0.632989856217,2.15994274874
0.884251825444,1.2948088679
0.53193997537,2.54233786413
0.80973319641,1.55124182019
0.587495060335,2.32709304293
0.754367717381,1.73859120821
0.727776004968,1.82897418563
0.480272239486,2.75707885819
0.482416176865,2.74783410509
0.475440496074,2.77803038257
0.763610071693,1.70729138843
0.427173959469,2.99713405596
0.836600750258,1.45983105161
0.517814969592,2.59947567091
0.865729595266,1.359558899
0.468783345616,2.80716880561
0.428921717005,2.98885945393
0.859096385634,1.38253778844
0.431582917038,2.97631333601
0.518191460054,2.59793840386
0.8528018703,1.4042569567
0.59308407671,2.30616805241
0.490242239999,2.71435135114
0.8818296006,1.30333125781
0.70546419187,1.90539386353
0.899640100018,1.2402145877
0.802099263683,1.57710486004
0.680922050246,1.9903365118
0.466992452265,2.815062539
0.732668511059,1.8122974989
0.722792946861,1.84598658069
0.924164771951,1.1512443765
0.42823192989,2.99212186692
0.504605592282,2.65393185456
0.600912296093,2.27705563617
0.431233131752,2.97795875242
0.447653703896,2.90186152843
0.708134111396,1.89621336622
0.82517525319,1.49879514383
0.827190429278,1.49193417838
0.680074842848,1.99328853569
0.473002493913,2.78866456276
0.827819604222,1.48979113282
0.563505028968,2.41833506577
0.741796746862,1.78124532408
0.868969652712,1.34829758224
0.716568285445,1.8672798126
0.874439706609,1.32922583666
0.439814831665,2.93790097578
0.583131605838,2.34351351293
0.616680014551,2.21907204923
0.491102600675,2.71069518762
0.854647848575,1.39789561942
0.443907552489,2.91902042554
0.587615611527,2.32664044262
0.627612766075,2.17934684278
0.853406646918,1.40217358991
0.524707013664,2.57146010063
0.467135388091,2.81443165136
0.676331105137,2.00635064061
0.552935216649,2.45932655533
0.633555528959,2.15790637599
0.427580731817,2.9952057422
0.882936875474,1.29943762472
0.828857834669,1.48625380162
0.732964890976,1.81128804787
0.58912376042,2.32098295368
0.761678919977,1.71382810127
0.680217326813,1.99279196193
0.63585020011,2.14965523991
0.567697598808,2.40221452973
0.555109413534,2.45085272719
0.616302044303,2.22045221952
0.794033069658,1.60440239499
0.575318908107,2.37310434494
0.694756375039,1.94232536229
0.535631863419,2.52757991878
0.563804764667,2.41718000712
0.472865970574,2.78926131067
0.43186034502,2.97500907136
0.467887930332,2.81111258184
0.609274139064,2.24620066304
0.516048861285,2.60669770847
0.686590492833,1.97062141026
0.665008914545,2.04603524899
0.679286698154,1.99603605045
0.808994336889,1.55374652181
0.537302911356,2.52092327828
0.818523157495,1.52141353862
0.659410252934,2.0657653674
0.811812507881,1.54419106452
0.438131850628,2.9457062729
0.834220893462,1.4679606106
0.776339426045,1.66423284278
0.633039007401,2.15976577184
0.629120852468,2.17389599534
0.929315751317,1.13218524096
0.95323023381,1.04156193638
0.534668873394,2.53142253731
0.8312791177,1.47799933648
0.668763792644,2.03284314787
0.704934106368,1.9072178393
0.753753046373,1.74067439171
0.689611972884,1.96013745401
0.567186605794,2.40417519707
0.708673340305,1.89436051823
0.850916729756,1.41074655373
0.629185810128,2.17366136474
0.454866487351,2.86914601845
0.503881547211,2.65694674932
0.825731965881,1.49690017723
0.833669890057,1.46984174545
0.722598434794,1.84665124017
0.64747149894,2.10809344525
0.484611513094,2.7384002139
0.524087122258,2.57396913652
0.468112976814,2.81012083046
0.639371847894,2.13702131711
0.898918631579,1.24279306615
0.833875081116,1.46914126649
0.79184348407,1.61180865721
0.486670931638,2.72957995249
0.696765632381,1.93538100749
0.871116980201,1.34081995804
0.819476948685,1.51817307246
0.939568378312,1.09379313584
0.592803711683,2.30721490232
0.721687715967,1.84976382681
0.604793722074,2.26270293299
0.457712360016,2.85635158123
0.860924501336,1.37621454133
0.54032500683,2.5089209019
0.773466286783,1.673948389
0.534939409776,2.53034253144
0.704152213834,1.90990904755
0.467177935524,2.81424388542
0.896691040844,1.25074194671
0.963163497431,1.00269180098
0.818942973715,1.51998733161
0.602950784866,2.26951108958
0.482496236247,2.7474894951
0.620689881455,2.20445821065
0.594044970588,2.30258242096
0.641047027444,2.13102377997
0.61811122054,2.21385014564
0.938868186887,1.0964356738
0.452522897891,2.87973022105
0.482459707599,2.74764672468
0.684670634533,1.97729183129
0.517612371192,2.60030324303
0.624766996499,2.18965139472
0.828880268392,1.48617735436
0.958282821404,1.02189262603
0.585837485501,2.33332200792
0.458749663924,2.85170378236
0.709730004479,1.89073093844
0.688071627693,1.96548004494
0.655854370962,2.07833533917
0.79904973387,1.58742801176
0.957284817362,1.02579408444
0.427193157696,2.99704301229
0.52970983361,2.55128728539
0.710308701523,1.88874383216
0.825981118883,1.49605198901
0.783485056297,1.64007277222
0.676206793114,2.00678486489
0.607653212537,2.25216288183
0.531767673058,2.54302836585
0.804219026268,1.56992655296
0.896780215736,1.25042409184
0.571281254935,2.38849575798
0.895495142218,1.25500179176
0.780511881878,1.65012517303
0.471608765611,2.79476289093
0.771836921712,1.67945871248
0.618853751415,2.21114354252
0.87885548141,1.31377145491
0.462168019006,2.83644592003
0.442270037377,2.92655763205
0.615471575451,2.22348633599
0.533509553527,2.536054953
0.629677347072,2.17188631489
0.563289005387,2.41916777935
0.498424008014,2.67977545223
0.504201346611,2.6556147239
0.581339690194,2.3502786193
0.764630826688,1.70383684544
0.830947971311,1.47912867773
0.492721613058,2.70382814881
0.9444456784,1.07529666074
0.876174779606,1.32315985907
0.585138234066,2.33595292698
0.943016933252,1.08073147114
0.434404594922,2.96307975394
0.70884798488,1.89376051221
0.686820175419,1.96982385978
0.855239996865,1.39585363648
0.848690626374,1.41840150335
0.691516082597,1.95353913709
0.693606817715,1.94630156227
0.632941804868,2.16011577231
0.548346223421,2.47728521694
0.607829364256,2.25151451152
0.533861361083,2.5346484595
0.756452685431,1.73152662383
0.667097545286,2.03869329744
0.799850886709,1.58471637028
0.429111580909,2.98796223247
0.895269568455,1.25580471248
0.749371328243,1.75553118534
0.669625591628,2.02981981463
0.640738594898,2.13212745835
0.748627356575,1.75805495981
0.865771706846,1.35941269521
0.489798174499,2.71624033436
0.856087870574,1.39292858768
0.662272563023,2.05566919725
0.891218608106,1.2701931995
0.597727601626,2.28887217187
0.893530058102,1.26199029995
0.549741851027,2.47181291348
0.856435821088,1.39172778779
0.727897806274,1.82855870156
0.53842044516,2.51647954449
0.724292099034,1.84086539316
0.596472708974,2.29353846347
0.853876027221,1.40055615883
0.470594359724,2.79921028857
0.706061736703,1.90333827959
0.686251609504,1.97179833083
0.911710355006,1.19676518705
0.76729746378,1.69481386752
0.692210085894,1.95113582291
0.89834911954,1.24482706762
0.949348175692,1.05653954094
0.621030615199,2.20321877849
0.684256000809,1.97873337125
0.630096167586,2.1703744282
0.956016105615,1.03074207267
0.962989165872,1.00338118113
0.898061806314,1.24585273747
0.506735909535,2.64507972535
0.661277249316,2.05917775069
0.761025525815,1.71604011143
0.942877296016,1.08126189403
0.756642061732,1.73088506945
0.797931444415,1.59121262781
0.790034341346,1.61792721761
0.603754288505,2.26654132827
0.924397059131,1.15038798022
0.663061992359,2.05288805063
0.518781413869,2.59553114626
0.622835186684,2.19666066595
0.619455663004,2.2089508062
0.640061583633,2.13455095967
0.892730954332,1.2648282694
0.451459642203,2.88454656677
0.91401070026,1.18841341538
0.470641674408,2.79900268393
0.567804639622,2.40180396032
0.911076897847,1.19906084984
0.813292774142,1.53916974025
0.712284413003,1.88196330646
0.522945568974,2.57859513987
0.681058800916,1.98986014935
0.731277479003,1.817036452
0.473440089218,2.78675271954
0.473092379489,2.78827174296
0.746215785006,1.76623839907
0.677855619516,2.00102807667
0.646162344405,2.11275714132
0.928174429543,1.1364208226
0.92343669081,1.15392682282
0.465329905153,2.82241179368
0.604838585488,2.26253734762
0.85233451038,1.40586646567
0.530586324542,2.54776684003
0.666927446683,2.03929085865
0.724531899157,1.84004646731
0.751061487062,1.74979903626
0.826341823842,1.49482392565
0.610213329821,2.24275015019
0.436838645224,2.95172046294
0.804190459941,1.57002330445
0.951053027553,1.04997592443
0.556844055267,2.44410780879
0.494043003755,2.69823603823
0.440627871981,2.93413895956
0.585481555559,2.33466094749
0.497166080266,2.6850636342
0.803528778152,1.57226423972
0.862685017729,1.37011821825
0.732418972943,1.81314747814
0.911726095509,1.19670812023
0.51572804728,2.608011504
0.747597141534,1.76155038962
0.820605873929,1.51433651625
0.59906649197,2.28389986819
0.636512419782,2.14727684816
0.822600338573,1.50755552545
0.494164674081,2.69772169561
0.529556137636,2.55190502967
0.471249668844,2.79633640527
0.57877787938,2.3599727666
0.586726961121,2.32997813695
0.683076423978,1.98283617012
0.740928818779,1.7841946231
0.818187320399,1.52255433709
0.753276774561,1.74228867819
0.551986247482,2.46303206898
0.586663019112,2.33021841595
0.508305084966,2.63857677109
0.91629246802,1.1801048922
0.614026573026,2.22877103111
0.457248648574,2.85843201257
0.744018797456,1.77369739659
0.900678071058,1.23650144877
0.832878647819,1.47254236506
0.723420116789,1.84384381026
0.73776045569,1.79496649569
0.665017861002,2.04600377926
0.543885965765,2.49483733239
0.832976734042,1.47220762722
0.63943698146,2.13678797819
0.571443366976,2.38787646729
0.66301697199,2.0530466176
0.528171381103,2.55747641657
0.719882108113,1.85593789358
0.485885327659,2.73294125188
0.847024611245,1.42412470848
0.503757323208,2.65746433409
0.511222003456,2.62652741721
0.871211620835,1.34049012269
0.81614537915,1.52948846158
0.63222218955,2.16270777296
0.477552945596,2.76885024556
0.688014760931,1.9656773674
0.726565731259,1.8331035176
0.573403862914,2.38039590226
0.897171901566,1.24902761984
0.572208617141,2.38495460927
0.750412587986,1.75199954622
0.752663675481,1.74436692952
0.927543040149,1.13876086292
0.694392270551,1.94358451399
0.429989383764,2.98381832297
0.869203219107,1.34748479627
0.576453590325,2.36879122675
0.672862820859,2.01847757526
0.721452694821,1.8505672276
0.860018640158,1.37934871204
0.802094316551,1.57712161028
0.822327796398,1.50848237295
0.736525373532,1.79916798245
0.620247137503,2.20606925725
0.845044768918,1.43091981146
0.440170498926,2.93625457518
0.536024431207,2.52601483
0.499482350273,2.67533399864
0.501937726114,2.66505658979
0.65658485745,2.07575057043
0.795761646505,1.59855454129
0.916867276889,1.17800797369
0.843566841161,1.43598803291
0.470818599368,2.79822652669
0.913922968829,1.18873238306
0.590826561686,2.3146057557
0.459415218788,2.84872604362
0.612410552904,2.23468933874
0.653789947055,2.08564727124
0.524695816714,2.5715054021
0.553557506675,2.45689895102
0.45923435952,2.84953488256
0.781246752962,1.64764055399
0.564203655543,2.41564346215
0.507727871598,2.64096713802
0.70569143924,1.90461205739
0.786031966184,1.63146129917
0.465859104355,2.82007025016
0.561898770969,2.42453173504
0.871266247051,1.34029973252
0.431666553332,2.9759200666
0.634324850127,2.15513837531
0.880126995167,1.30931116967
0.431558482775,2.97642824109
0.74980328435,1.75406603294
0.778925590925,1.65548851781
0.466361804409,2.81784788766
0.569193844816,2.39647996963
0.859092180883,1.38255232396
0.48903278033,2.71949923823
0.763142199728,1.70887494077
0.941971900202,1.08469793141
0.479322206281,2.76118556337
0.428923956458,2.98884886926
0.946945553311,1.06575341358
0.698510111154,1.92935730627
0.776383176543,1.66408490862
0.923866742954,1.15234273235
0.502422169535,2.66303326864
0.679381739833,1.9957046638
0.575887592886,2.37094201195
0.603111074824,2.26891847372
0.699282293621,1.926692567
0.688339092285,1.96455204752
0.517454847759,2.60094685429
0.848093166627,1.42045449362
0.655427408255,2.07984672116
0.887839998617,1.28215055975
0.716610125674,1.86713652141
0.766990989666,1.69585075148
0.658076048257,2.07047815847
0.925881450717,1.14490853802
0.561484198289,2.42613295684
0.659545180346,2.06528900347
0.862075205097,1.37223065797
0.935554364571,1.10890004879
0.845900419749,1.42798390464
0.74695547363,1.76372789255
0.463003297574,2.83273118877
0.636848567122,2.14607003703
0.508418313466,2.63810810021
0.603633456107,2.26698778129
0.585216540203,2.33565820642
0.527850925508,2.55876719166
0.752955519689,1.74337762298
0.702049277959,1.91715189805
0.844015918116,1.43444840027
0.621337744697,2.2021018969
0.897490324329,1.2478919329
0.92719322219,1.14005640148
0.750234995347,1.75260183612
0.665300383414,2.04501008286
0.726543829144,1.83317826045
0.507886597683,2.64030962029
0.687036576904,1.96907251713
0.84546404499,1.42948134503
0.814739088013,1.53426199103
0.681391958824,1.98869976969
0.694970875016,1.94158368233
0.540891888742,2.50667464849
0.781299466969,1.64746232673
0.721825767071,1.8492919416
0.707741402806,1.89756302421
0.625652046419,2.18644397416
0.626574902206,2.18310209739
0.740639443122,1.78517808853
0.525712225964,2.56739592506
0.776496685651,1.6637010997
0.539795081943,2.51102217644
0.440445453711,2.93498253618
0.593305311362,2.3053421964
0.880297978902,1.30871102486
0.767231949532,1.69503551732
0.648030377237,2.10610388581
0.790760439586,1.61547162055
0.884827236799,1.2927816809
0.695215102881,1.94073930821
0.593465665101,2.30474371983
0.644244308517,2.11959811761
0.922413991317,1.15769004318
0.561828160203,2.42480440361
0.750318603148,1.752318285
0.665745859175,2.04344361188
0.557744719262,2.44061116979
0.665405326349,2.0446410208
0.768741521794,1.68992861043
0.673228366296,2.01719823839
0.663694484985,2.05066083538
0.467015858567,2.81495921833
0.723408699776,1.84388281312
0.474844752318,2.78062501847
0.939352629411,1.09460771299
0.917666905082,1.17508826514
0.508947396689,2.63591915128
0.906776520646,1.2145989962
0.924160171536,1.15126133443
0.752323367936,1.74552058475
0.560188968999,2.43114055269
0.849569364644,1.41538083455
0.740222013069,1.78659688196
0.895025227947,1.25667422539
0.816562303777,1.52807293647
0.769569972218,1.68712622172
0.631217907866,2.16632765609
0.899266397897,1.24155042096
0.94841110602,1.06013810095
0.439402134303,2.93981272677
0.636035756682,2.14898867913
0.676318681853,2.00639403394
0.761928088086,1.71298461192
0.796111703947,1.59737016684
0.644876067108,2.1173437656
0.928713180733,1.13442236236
0.770034183029,1.68555602012
0.462788924228,2.83368406679
0.753769687311,1.74061799096
0.717842113193,1.86291832971
0.77704095441,1.66186078016
0.482353310012,2.7481047417
0.535800292344,2.52690832925
0.780709928389,1.6494555716
0.592928945431,2.30674725784
0.465025609891,2.82375915259
0.492072885631,2.70657768254
0.778024333691,1.65853578075
0.757067377766,1.72944428549
0.93175895344,1.12309335273
0.720616987864,1.85342457193
0.938396921511,1.09821247233
0.602996162059,2.26934331413
0.454685167726,2.86996334746
0.552012667855,2.4629288458
0.491793309154,2.70776346668
0.490765343546,2.7121278093
0.676171872705,2.00690684832
0.714192570422,1.8754197922
0.707935213012,1.89689691026
0.797494535111,1.59269112605
0.849966317293,1.41401585319
0.444632037359,2.91569290993
0.697550174112,1.93267134815
0.962381086623,1.00578368365
0.798133069882,1.59053030445
0.835889086416,1.46226289658
0.593096907492,2.30612015085
0.91535097083,1.183536101
0.632299516554,2.16242917431
0.532431532685,2.54036880564
0.702924628483,1.91413620635
0.565512407241,2.41060702471
0.509121507486,2.63519917539
0.455209665067,2.86759979629
0.822319112758,1.50851190262
0.808936126695,1.55394383672
0.447580790755,2.90219439519
0.828866916865,1.48622285235
0.610042629441,2.24337706778
0.893459923538,1.26223946848
0.513482087209,2.61722572258
0.54895958898,2.47487903752
0.566383032211,2.40726078625
0.579837291695,2.35596062553
0.809942382025,1.5505326246
0.444502941346,2.91628551957
0.641794709395,2.12834940055
0.931311073733,1.12476262027
0.809287908685,1.55275136899
0.492487417275,2.70482043814
0.628397921341,2.17650811449
0.568537019048,2.39899615103
0.636310738985,2.14800106159
0.790159108816,1.61750527302
0.938989529795,1.09597794843
0.764460516733,1.70441319886
0.562482471905,2.4222785858
0.804961882109,1.5674104167
0.779886354951,1.65224010555
0.841775093253,1.442127731
0.612029694474,2.23608541058
0.777476153476,1.66038927576
0.775846343987,1.66590012339
0.555021431577,2.45119520449
0.442464306399,2.92566226571
0.469288524893,2.80494638338
0.569839710491,2.39400758304
0.927252202995,1.13983801534
0.946183776072,1.06866613316
0.689617356285,1.96011878964
0.738220485428,1.7934019272
0.443655800736,2.92017773296
0.47768277315,2.76828707224
0.935259594033,1.11000547649
0.949870566753,1.0545306459
0.798059740097,1.59077846251
0.711400352555,1.88499666822
0.904459963187,1.22293663767
0.473139018092,2.78806794478
0.618823021287,2.21125552202
0.949029605862,1.05776364093
0.7325626416,1.81265810487
0.692818555124,1.94902941378
0.428119857322,2.99265233311
0.911284901094,1.19830723932
0.604336568115,2.26439063364
0.517557113261,2.60052900055
0.496873582412,2.68629469104
0.869466271934,1.34656923817
0.539977557603,2.51029845854
0.849517306185,1.41555982433
0.5228848258,2.57884149518
0.434258838163,2.96376162323
0.480808443475,2.75476376251
0.924198648427,1.1511194985
0.888536354071,1.27968916627
0.710999663319,1.88637186367
0.818763304585,1.52059772608
0.547195106353,2.48180584807
0.561078596245,2.42770027727
0.759194792896,1.72223891509
0.455159541625,2.8678255747
0.723472048287,1.84366640354
0.771443771972,1.6807883794
0.755920578693,1.73332935634
0.782120371935,1.64468682796
0.924296510367,1.1507587184
0.631039172986,2.16697220804
0.611520352629,2.23795320789
0.802536517031,1.5756243398
0.668881925489,2.03242862125
0.736223949289,1.80019357735
0.77568314416,1.66645196484
0.795510737496,1.59940343519
0.771291443532,1.68130357657
0.923233255441,1.15467583634
0.607989150856,2.25092646916
0.541875484114,2.50278100247
0.480716581276,2.75516024296
0.774672381846,1.66986982077
0.949671985771,1.0552945414
0.732303666108,1.81354025865
0.702116584742,1.91691997476
0.769453883946,1.68751890107
0.559477170117,2.43389572321
0.620396189215,2.20552682198
0.59778566707,2.2886563961
0.64371325832,2.12149393425
0.917530058374,1.17558815728
0.901559409451,1.23334535044
0.875977668376,1.32384939298
0.604449076383,2.26397521277
0.464616047722,2.82557370542
0.718713884373,1.85993466396
0.940410427813,1.09061102799
0.632108256999,2.1631182883
0.547542275094,2.4804417828
0.74384330381,1.77429337541
0.864528631485,1.36372667923
0.680212660836,1.99280822278
0.572957052929,2.38209934609
0.679385334012,1.99569213216
0.521474573645,2.58456677567
0.955068422209,1.03442959822
0.485025520172,2.73662477993
0.622660780311,2.19729404264
0.775301784272,1.66774150288
0.467673157622,2.81205940577
0.854451542782,1.39857241404
0.543299655279,2.49715184929
0.86839102839,1.35031055137
0.657345404696,2.07306082265
0.857827331948,1.3869231258
0.666672101418,2.04018801611
0.585515988697,2.33453139502
0.591274270169,2.31293086641
0.627831886706,2.17855442544
0.870982968019,1.3412869693
0.718670089243,1.86008453106
0.442526395639,2.92537616974
0.848611258384,1.41867426375
0.887814019796,1.28224235587
0.587869493307,2.32568744669
0.714719997567,1.87361200042
0.728821493251,1.82540838196
0.770981315937,1.68235248968
0.458975701391,2.85069209178
0.868499989449,1.34993155114
0.941396117831,1.08688021874
0.528663599139,2.55549486641
0.705448647586,1.90544734389
0.458114822675,2.85454729565
0.681167047122,1.98948310674
0.595265990085,2.29803107886
0.448454321359,2.89820937154
0.851184042708,1.40982673218
0.656656410191,2.0754974571
0.640804469262,2.13189171506
0.450189452591,2.89031219094
0.476078658349,2.77525378791
0.64199583719,2.12763024915
0.43638803686,2.95381947258
0.4296779033,2.9852879554
0.918454275887,1.17221027914
0.531016347878,2.54604113168
0.539138933407,2.51362592096
0.669857343664,2.02900706945
0.82194344655,1.50978932506
0.644417857538,2.1189787228
0.886711387204,1.28613648788
0.734616626865,1.80566393341
0.860689473605,1.37702788006
0.511285242782,2.6262667408
0.591278616278,2.31291461122
0.809669242724,1.5514586346
0.685989482105,1.97270883135
0.654381191175,2.08355207561
0.817400173214,1.52522779374
0.583279541688,2.34295557537
0.539625176965,2.51169618873
0.746335214232,1.76583302862
0.787063124189,1.62797463845
0.441725903256,2.92906718709
0.687803363432,1.96641094993
0.597552423572,2.28952322184
0.847649401038,1.4219789555
0.943432241251,1.07915311212
0.738667198489,1.79188283041
0.55483255157,2.45193055764
0.819050443409,1.5196222082
0.947129536275,1.06504932179
0.615418304101,2.2236810396
0.920754725167,1.1637841746
0.550661715583,2.46821119198
0.525109202297,2.56983334976
0.882463837132,1.301101475
0.51954835303,2.59240464858
0.819013146221,1.51974892489
0.861262809401,1.37504357806
0.686126528798,1.97223278296
0.685450883423,1.97458006397
0.895068806708,1.25651916128
0.631694192965,2.16461054092
0.863479954967,1.36736323671
0.471880692506,2.79357196301
0.700650513741,1.92197334636
0.843294442761,1.43692177589
0.853774352056,1.40090655602
0.655458018536,2.07973835052
0.833369047078,1.47086866019
0.608298839496,2.24978701033
0.445314354219,2.91256306749
0.69439458201,1.94357651975
0.823454627098,1.50464982069
0.569400851823,2.39568734773
0.789421365072,1.6200001675
0.483456888184,2.74335784032
0.862031447595,1.37238220556
0.439500794919,2.9393555655
0.711299378043,1.8853431989
0.70556795656,1.90503686892
0.560238113059,2.43095041465
0.894766842062,1.25759348661
0.779836767136,1.65240776454
0.489367537972,2.71807342923
0.770394866028,1.68433604037
0.44492783872,2.9143355699
0.792968236955,1.60800434147
0.878301373848,1.31571372628
0.522277290502,2.58130658987
0.458014146249,2.85499852156
0.674729030265,2.01194918535
0.816591710268,1.52797309129
0.534004451259,2.53407658294
0.950265383633,1.0530110087
0.796885155556,1.59475314632
0.702755946084,1.91471724418
0.925647373614,1.1457733884
0.558019316975,2.43954584165
0.59015640411,2.31711425667
0.468052632177,2.81038672507
0.554152452487,2.45457971547
0.64175893277,2.12847733484
0.785889775045,1.63194208194
0.444727706098,2.91525383628
0.581202234846,2.35079809176
0.721880537603,1.8491047318
0.64872557427,2.10363018269
0.690266338142,1.9578691416
0.755608862475,1.73438549561
0.929793325175,1.13041073012
0.901865707764,1.23224777446
0.93803967774,1.09955843713
0.443839423388,2.91933356393
0.682922315999,1.98337238707
0.870471181431,1.34307004306
0.895741472014,1.25412478024
0.703849823224,1.91095010393
0.510090300725,2.6311963414
0.890438079164,1.27295899714
0.44407890151,2.91823303411
0.759464344875,1.72132612363
0.621391941994,2.20190483836
0.596938257513,2.29180665831
0.760613294956,1.71743577958
0.545631038656,2.48795851177
0.496188730666,2.68917919467
0.896217381947,1.25242976605
0.784655313022,1.63611602159
0.804918239686,1.56755824672
0.795599786465,1.59910216045
0.80856184128,1.55521249882
0.667001200906,2.03903174998
0.709720928466,1.89076210713
0.468985857834,2.80627767448
0.436023978263,2.95551660976
0.433863892625,2.96561017122
0.574172384212,2.37746790765
0.914464249087,1.18676386577
0.627522577975,2.17967303681
0.58876966814,2.32231046611
0.943451162069,1.07908117657
0.897047800568,1.24947013676
0.7015682052,1.91880977105
0.465414465024,2.82203750213
0.755088504634,1.73614866175
0.439372357464,2.93995071935
0.857580942006,1.38777416045
0.510634871149,2.62894873439
0.954006466273,1.03855331034
0.963431055239,1.00163324123
0.596314803261,2.29412604147
0.605010255937,2.2619037979
0.74894498548,1.75697742131
0.536844560036,2.52274769989
0.700623446604,1.92206667599
0.899769044469,1.2397535397
0.870671675895,1.34237159613
0.648515298779,2.10437826806
0.430656197101,2.98067509083
0.867886282458,1.35206583391
0.499101869304,2.67692992349
0.742581773116,1.77857826906
0.832496135667,1.47384764223
0.66462787905,2.04737573569
0.756165698749,1.73249889148
0.824656154716,1.50056177825
0.830568144251,1.48042387318
0.943865118021,1.07750673689
0.922512694995,1.15732708055
0.802456162848,1.57589642238
0.728597022471,1.82617387501
0.894673305659,1.25792620263
0.689870853753,1.95923996819
0.891935939175,1.26764950785
0.801937237811,1.57765344916
0.532374924625,2.54059549902
0.832836689172,1.47268555312
0.539081850597,2.51385254132
0.50262336975,2.66219336208
0.670883307666,2.02541046772
0.798070015837,1.59074368812
0.831917311729,1.47582245538
0.496393784372,2.68831522415
0.692893842729,1.9487688273
0.750428537872,1.75194545459
0.776627810971,1.66325772677
0.926375733793,1.14308132483
0.799362971746,1.58636783501
0.50588776452,2.64860074716
0.823086500101,1.50590202733
0.459984348052,2.84618242555
0.517785852402,2.59959459422
0.721028661698,1.85201692122
0.881989859681,1.30276794985
0.875065405843,1.32703927865
0.490293214677,2.71413459574
0.756687633069,1.73073068924
0.770627324558,1.68354978574
0.653591623226,2.08635026846
0.649241814655,2.10179407056
0.866425552157,1.35714212409
0.711720649931,1.8838975467
0.554937076009,2.45152359954
0.879240206428,1.31242238925
0.629714043271,2.17175382561
0.902108052411,1.23137910504
0.687590798858,1.96714866604
0.515519956588,2.60886399106
0.444743125741,2.91518307465
0.437142546036,2.95030583781
0.872642240331,1.33550140426
0.63704429127,2.14536751038
0.907294994973,1.21272985836
0.47199764799,2.79305991013
0.435809950573,2.95651488524
0.695756594164,1.93886756386
0.888663364802,1.2792400523
0.568350172145,2.39971226772
0.854545911601,1.39824707236
0.50829726926,2.63860912437
0.468333427528,2.80914969321
0.684746752945,1.97702722937
0.564482656518,2.41456915637
0.95087111606,1.05067730912
0.745668554462,1.76809596142
0.554890107102,2.45170646319
0.54643885415,2.48477927356
0.909281038903,1.2055594133
0.898234779612,1.24523528304
0.622208708823,2.19893623415
0.907906375883,1.21052432072
0.789619934627,1.61932865686
0.630688507669,2.16823704784
0.505812212274,2.64891460795
0.686885915433,1.96959560218
0.483610017277,2.742699829
0.850042570544,1.41375361231
0.957762956052,1.02392593798
0.453102710363,2.87710758853
0.527887715371,2.55861897635
0.578949329455,2.35932315211
0.733540800608,1.80932678685
0.867605563608,1.35304178054
0.671066894723,2.02476713029
0.846548350567,1.42575990864
0.904586286344,1.22248255251
0.921609538422,1.16064638418
0.954831038701,1.03535216073
0.822088067178,1.50929757085
0.725704140663,1.83604417752
0.764722467126,1.70352672536
0.714382238424,1.87476964908
0.566444246735,2.40702563357
0.616540272815,2.21958226653
0.953449038432,1.04071433797
0.729690033387,1.82244698558
0.472084695982,2.79267886179
0.729517188871,1.82303625636
0.453095715849,2.87713921045
0.868332558532,1.35051391556
0.766030623021,1.69910012219
0.80735754815,1.55929392295
0.921992336962,1.15924002523
0.569913503541,2.39372521565
0.910138574591,1.20245807318
0.574496070598,2.37623543231
0.701658216238,1.91849954695
0.95616716114,1.03015363712
0.614855258367,2.22573950614
0.540024860966,2.51011087577
0.449229715282,2.89467726318
0.564835048443,2.41321274634
0.95973228605,1.01621156526
0.510865592134,2.62799700582
0.83212603953,1.47511037344
0.627068501536,2.18131572279
0.87328938376,1.33324299322
0.893750619084,1.26120659524
0.926278618468,1.14344043503
0.859601213249,1.38079236321
0.689130039215,1.96180854278
0.868775926885,1.34897162471
0.504410387184,2.65474436669
0.784473476752,1.63673083291
0.471595256782,2.79482206796
0.612734028686,2.23350398804
0.925883899164,1.14489949012
0.491149697405,2.71049518625
0.879503334335,1.31149946656
0.774290621463,1.67116076813
0.640470011755,2.13308875544
0.924480072808,1.15008185612
0.797784769118,1.59170898397
0.954437771797,1.03687956569
0.526120808885,2.56574555508
0.539464733164,2.51233280243
0.573626564858,2.37954717385
0.696229104794,1.93723467026
0.437248542702,2.94981262333
0.444488916731,2.91634990733
0.729255876065,1.82392719842
0.534135151481,2.53355431739
0.72944290213,1.82328952846
0.463535349146,2.83036774753
0.937570347062,1.10132547793
0.560837738203,2.42863134676
0.573696092812,2.37928224191
0.719735723143,1.85643861713
0.719505672262,1.85722558208
0.806198554219,1.563220996
0.892565869872,1.2654142786
0.512624867282,2.6207502263
0.438239697827,2.94520537098
0.687116721732,1.96879427776
0.569095405787,2.39685695352
0.579520299126,2.35716064261
0.681558570598,1.9881195479
0.907389014621,1.21239078883
0.499185161553,2.67658047739
0.712032324266,1.88282815412
0.4633535517,2.8311750749
0.743102405253,1.77680974484
0.577703861011,2.3640448895
0.884558378726,1.29372900221
0.801740622481,1.57831913504
0.673870576692,2.01495131794
0.945701919271,1.07050644044
0.484816227593,2.73752216892
0.457904339523,2.85549075859
0.666717737546,2.04002766245
0.906455640057,1.21575522668
0.472039208098,2.79287797597
0.597168280338,2.29095128417
0.451678372348,2.88355502073
0.623921358711,2.1927182377
0.782996673688,1.641724021
0.48213203004,2.74905754832
0.62573765344,2.18613386169
0.426709081832,2.99933967363
0.828465710451,1.48758994596
0.571064183094,2.3893251777
0.622432662233,2.19812262283
0.594327977449,2.30152702143
0.665007542081,2.04604007674
0.619880669575,2.20740322238
0.447339513577,2.90329619682
0.830653431586,1.48013306209
0.437338336747,2.94939487766
0.461024731808,2.84153904481
0.791660110215,1.61242886415
0.500391733005,2.67152325558
0.923083659054,1.15522648628
0.860074066269,1.37915699533
0.889049594822,1.27787400337
0.603740184749,2.26659343635
0.883102787747,1.29885388896
0.768753352874,1.68988858828
0.755358314512,1.73523442668
0.646279698723,2.11233889677
0.708275493165,1.89572752208
0.560309859411,2.43067284807
0.71988618916,1.85592393436
0.647702509303,2.10727096867
0.47856765056,2.76445173678
0.823771501482,1.50357184194
0.816526487824,1.52819454301
0.63929221005,2.1373066332
0.784970486426,1.63505037507
0.591064612568,2.31371510637
0.782955659409,1.64186269217
0.550911376749,2.46723434165
0.475886630006,2.7760889858
0.84120889989,1.44406683463
0.715364973953,1.87140181035
0.600293663299,2.27934815851
0.919217649624,1.1694171038
0.815477243209,1.53175658921
0.80565843095,1.56505085395
0.430412260189,2.98182449941
0.592562409706,2.30811613174
0.739322418445,1.78965500282
0.950200236492,1.05326183759
0.769202718055,1.68836850508
0.438620498647,2.94343752342
0.433436887477,2.96761032359
0.475217733171,2.77900028485
0.648659977047,2.10386354191
0.855121572802,1.39626206926
0.528314003837,2.55690211844
0.856443822548,1.39170017135
0.602342392449,2.27176123408
0.76750874632,1.69409905896
0.44314951469,2.92250674666
0.447068065415,2.9045363468
0.623931827997,2.19268025562
0.42901010299,2.98844173621
0.429152659087,2.98776815627
0.604973710717,2.2620386594
0.655463512934,2.07971889876
0.773335592368,1.67439036391
0.58207590174,2.34749761163
0.675567360303,2.00901892346
0.82392429319,1.50305202102
0.440854663204,2.93309057914
0.839345342108,1.45044571749
0.570167816891,2.39275227012
0.696357969564,1.93678940761
0.960629276705,1.01268701179
0.439034287144,2.94151794646
0.720193009878,1.85487451366
0.763185788784,1.7087274063
0.471759322335,2.7941034485
0.554733094277,2.45231783438
0.718200196074,1.86169266133
0.873945211637,1.33095314451
0.951935899189,1.04656834878
0.653762680459,2.08574391712
0.916546227074,1.17917936718
0.760584070885,1.71753472483
0.680303926639,1.99249017096
0.671571544688,2.02299908071
0.586162415122,2.33210011825
0.750325201996,1.75229590558
0.943663170276,1.07827497058
0.737653990973,1.79532861111
0.810694092472,1.54798388009
0.518973645941,2.59474718358
0.740794551879,1.78465093068
0.562296385212,2.4229967354
0.753358567135,1.74201143903
0.709215144586,1.89249924947
0.658995805716,2.06722885448
0.593511467496,2.30457279256
0.532348646598,2.54070073807
0.527399243306,2.56058747718
0.905111921465,1.22059238603
0.943129452938,1.08030396056
0.48977969798,2.71631895853
0.675470127815,2.0093587102
0.659993308721,2.0637071895
0.631183034258,2.16645340955
0.919437768583,1.16861115619
0.600432997988,2.27883169388
0.529255911083,2.55311208185
0.498645659913,2.67884468426
0.502152388556,2.66415985478
0.593048092225,2.30630239774
0.488949738957,2.71985304463
0.849722236865,1.41485519409
0.94110016574,1.08800106025
0.885470132528,1.29051552012
0.762769158799,1.71013759108
0.522136877031,2.58187661275
0.893159526575,1.26330649913
0.549484774457,2.47282021732
0.66416091514,2.04901897391
0.505147930564,2.65167566666
0.761829751219,1.71331750091
0.711097817112,1.88603497148
0.953840034463,1.03919878416
0.904007743388,1.22456166763
0.642164072165,2.12702879406
0.515397826703,2.60936443737
0.550018970003,2.47072743148
0.951710815828,1.04743765192
0.638543076105,2.13999139897
0.610108840724,2.24313388722
0.438005411973,2.94629365155
0.955617599067,1.03229357296
0.887951726643,1.28175574387
0.885732439865,1.28959053191
0.738209292205,1.79343999327
0.516497060144,2.60486323317
0.497266468941,2.68464124575
0.90396677744,1.22470883571
0.591174535958,2.31330390891
0.488808764717,2.72045378415
0.829769506567,1.48314662365
0.821425376837,1.51155075188
0.613816512432,2.2295398414
0.719947717233,1.85571348011
0.94829748351,1.06057400255
0.91959442659,1.16803741909
0.850421401335,1.41245062709
0.852154222767,1.40648723544
0.953708403258,1.03970913747
0.506458036418,2.64623282151
0.88143912381,1.30470345527
0.610273257285,2.24253008275
0.589108303897,2.32104089103
0.601946875882,2.27322475931
0.896220996867,1.25241688789
0.928915833762,1.1336702146
0.840651756674,1.44597446293
0.595460429992,2.29730681572
0.705144227081,1.90649478173
0.633615273098,2.15769135652
0.933622816973,1.11613401246
0.78448235119,1.63670082738
0.635570548021,2.15065999859
0.930396621641,1.12816722055
0.947882280075,1.06216609562
0.742897433849,1.77750598181
0.860405857272,1.37800920495
0.78620253494,1.6308845621
0.533446425801,2.53630740001
0.600628921841,2.27810559097
0.665682765558,2.04366544681
0.694648926469,1.94269691874
0.510609202752,2.62905463639
0.92617216044,1.14383403356
0.681350936605,1.98884263707
0.949977926104,1.05411753768
0.930741070403,1.12688536734
0.954452208451,1.03682351687
0.766661081026,1.6969669536
0.484517543801,2.73880335407
0.641934891305,2.12784815523
0.709423397676,1.89178394799
0.942461090397,1.08284210446
0.544083732859,2.49405701085
0.685026267604,1.97605567886
0.762803634668,1.71002089656
0.708566486687,1.89472764475
0.752638511164,1.74445223507
0.542034158171,2.50215333063
0.826438439125,1.49449496301
0.937463914968,1.10172600421
0.689788795642,1.95952443329
0.548532531705,2.47655415437
0.891004056969,1.27095366613
0.878336347224,1.31559116268
0.690771326961,1.95611916252
0.734022283507,1.80768734767
0.64149177351,2.12943278539
0.704015783999,1.9103787243
0.599971375952,2.28054303146
0.847527384617,1.42239805681
0.604706221709,2.26302590638
0.899826163445,1.23954928727
0.961162558033,1.01058832765
0.725611626493,1.83635998392
0.884986788028,1.29221939541
0.499739137455,2.67425741727
0.585437742084,2.33482579961
0.568874538455,2.39770294278
0.470915484491,2.79780159472
0.743625990559,1.7750314077
0.749821216909,1.75400521017
0.911205364443,1.19859542904
0.845351730731,1.4298667052
0.602076920591,2.27274349512
0.833712660611,1.46969574037
0.940025557318,1.09206602604
0.894617811535,1.25812358459
0.655205448029,2.08063260395
0.805824106059,1.56448958877
0.748827372916,1.75737640736
0.795019259103,1.60106618334
0.478830021272,2.76331558897
0.800641144879,1.58204133842
0.448153947988,2.89957896296
0.94101521835,1.08832266972
0.577519755709,2.36474339554
0.767849092775,1.6929476312
0.950560890868,1.05187285297
0.934007838699,1.11469383913
0.797942316058,1.59117583733
0.749640478476,1.75461823968
0.846054092648,1.42745649285
0.522130503178,2.58190249065
0.911434888639,1.1977637039
0.622524699067,2.19778830317
0.707032294302,1.90000066234
0.885085941708,1.29186992091
0.928498086757,1.135220433
0.914642915324,1.18611379692
0.698870186674,1.9281145925
0.442965634933,2.92335316155
0.722398015164,1.84733613358
0.618647441359,2.21189538706
0.728121797925,1.82779467203
0.78670932253,1.62917096376
0.584480685075,2.33842869318
0.817933098531,1.52341783215
0.93240191915,1.12069494467
0.454947783882,2.86877964475
0.742377207493,1.7792732136
0.829918374648,1.48263915449
0.556650918857,2.44485810591
0.740419404916,1.78592595282
0.824609673961,1.50071995106
0.438088117078,2.94590942423
0.700250470555,1.92335284758
0.826516639748,1.49422869236
0.679103436523,1.99667508954
0.570963164751,2.38971123165
0.498108981614,2.68109885204
0.659966194437,2.06380288451
0.468374518237,2.80896871846
0.741160359075,1.78340776644
0.881493797191,1.30451135174
0.906023407761,1.21731200921
0.915776435996,1.18198604855
0.592882772754,2.30691966775
0.443727790387,2.91984674107
0.875020345854,1.32719677995
0.691211909675,1.95459275032
0.552901319213,2.45945884424
0.823293339115,1.50519846868
0.788551424641,1.62294199968
0.938186300914,1.09900611218
0.645688278044,2.11444706065
0.498210308373,2.68067311871
0.685750726167,1.97353826405
0.723467440797,1.84368214337
0.834830369254,1.46587938077
0.625945478315,2.1853811068
0.848319686708,1.41967619957
0.429349894122,2.9868365208
0.894646200629,1.25802261141
0.86464823985,1.36331174541
0.906336961418,1.2161827525
0.851453514731,1.40889934744
0.478212927359,2.76598856204
0.764364687809,1.70473750241
0.782992133226,1.64173937251
0.643804191424,2.12116925471
0.709782664379,1.8905500971
0.69904480581,1.92751201369
0.470954813723,2.79762911864
0.560107280888,2.43145662761
0.493100223498,2.70222472326
0.471966148974,2.79319780898
0.471385235696,2.79574225981
0.92505453247,1.14796245505
0.875335849069,1.3260938637
0.909208172665,1.20582279133
0.481333406936,2.7524991151
0.652329915751,2.09082495034
0.618219138369,2.21345666394
0.839323427747,1.45052069854
0.914784516577,1.18559848148
0.852521116231,1.40522387616
0.901224388894,1.2345454264
0.724004592419,1.84184732675
0.816477868565,1.52835961911
0.790263322399,1.61715283622
0.441679286711,2.92928229971
0.904626330619,1.22233859449
0.803040282077,1.57391849843
0.717936704517,1.86259454061
0.907930053264,1.21043887326
0.754750779588,1.73729308085
0.626463703111,2.18350463779
0.94978720011,1.05485137374
0.922545687461,1.15720574627
0.461916760475,2.83756437597
0.664150834876,2.04905445173
0.890391742877,1.2731231244
0.646029361367,2.11323112994
0.604325103968,2.26443296587
0.866822247046,1.35576404861
0.950470855995,1.05221969415
0.664348390431,2.04835919123
0.516301812201,2.60566224073
0.640523022449,2.13289900689
0.848910633384,1.41764535683
0.659778868433,2.06446406599
0.669777910694,2.02928562443
0.489027619792,2.71952122392
0.664829524475,2.04666630362
0.492185944935,2.70609830149
0.792109455665,1.61090907424
0.859019433925,1.38280379896
0.807958127526,1.55725863461
0.675409448444,2.00957076915
0.526588775868,2.56385643066
0.816473077902,1.52837588466
0.923863985208,1.15235289356
0.71339684709,1.87814790316
0.858850448548,1.38338791211
0.838596404074,1.4530078449
0.53465868313,2.53146322519
0.535476557948,2.52819930986
0.950864499776,1.05070281443
0.656613805362,2.0756481675
0.952756071117,1.04339746316
0.87461394176,1.32861706371
0.758005492293,1.72626669513
0.603804902974,2.26635433257
0.655946866055,2.07800798006
0.932959157899,1.11861435236
0.878188588754,1.316108956
0.768720418698,1.68999999802
0.792136511619,1.61081756325
0.95660761365,1.02843680805
0.87576855157,1.32458080782
0.590463160918,2.31596580744
0.609671362216,2.24474093162
0.547134716704,2.48204318549
0.957667494967,1.024299066
0.56615195339,2.40814861206
0.678287702746,1.99952040377
0.827793289181,1.48988077404
0.806458782671,1.56233932061
0.66603201523,2.04243761084
0.552044234806,2.46280551951
0.589989725374,2.31773842608
0.721564426049,1.85018527504
0.902462199672,1.2301092678
0.57625917011,2.36952987253
0.92384514786,1.15242230071
0.727345658505,1.83044229823
0.588746918441,2.32239577252
0.9022303357,1.23094069995
0.525746626296,2.56725693842
0.607040759726,2.25441799691
0.637407646312,2.14406358164
0.937073058238,1.10319627045
0.9165181975,1.17928161342
0.784240668374,1.63751798419
0.755276193842,1.7355126835
0.694265234509,1.94402388597
0.626770325067,2.1823947583
0.788234269009,1.62401447779
0.603631795016,2.26699391906
0.537786630157,2.51899904909
0.804612968719,1.56859226249
0.938496620746,1.09783669717
0.525990479887,2.56627188845
0.526710544065,2.56336506209
0.898011171312,1.24603346555
0.589650375022,2.31900953464
0.806321515625,1.56280439754
0.825183939074,1.49876558094
0.61027543754,2.24252207659
0.74702850516,1.76348004481
0.882047146497,1.30256656895
0.467218454738,2.81406508264
0.89072811588,1.27193149614
0.781626930683,1.64635516461
0.7057167732,1.90452490505
0.898199559576,1.24536101541
0.552554582202,2.46081233847
0.664021916714,2.049508204
0.535068049533,2.52982912281
0.469829518499,2.80256847243
0.49924549187,2.67632739335
0.902404890474,1.23031479053
0.947241260403,1.06462164247
0.514599460417,2.61263798037
0.733893442694,1.80812602563
0.550247394354,2.46983296338
0.729648925058,1.82258713142
0.579366388814,2.35774343728
0.737803874226,1.7948188204
0.464699578168,2.82520352438
0.576003980969,2.37049963008
0.621341986691,2.2020864729
0.877822780071,1.31739060075
0.621625410697,2.20105606396
0.881866201473,1.30320261315
0.742160751463,1.780008589
0.515999854147,2.60689836407
0.563614126118,2.41791460392
0.82702690537,1.49249108721
0.725870655472,1.83547578706
0.934818529166,1.11165853727
0.747775758751,1.76094430355
0.83114560423,1.47845468698
0.786008144436,1.63154184643
0.733882655585,1.80816275438
0.513762652631,2.61607309006
0.943642241848,1.07835456896
0.809151456714,1.55321392231
0.498135769956,2.68098629218
0.715459798482,1.87107691486
0.895929402409,1.2534555407
0.753549842051,1.74136312065
0.899865414612,1.23940892129
0.742501517099,1.77885090847
0.443084500334,2.92280598107
0.43863969287,2.9433484483
0.498975092362,2.67746188949
0.920975246707,1.16297505423
0.696807943583,1.93523484615
0.775267913163,1.66785603627
0.906178557757,1.21675329119
0.924058356319,1.15163661436
0.579272275296,2.35809985361
0.689269561165,1.96132471146
0.846262781629,1.42674019983
0.955036735581,1.03455277031
0.670485222662,2.02680571459
0.575717465162,2.37158875486
0.6851031352,1.97578852494
0.635634557655,2.15042999941
0.671103996259,2.02463712562
0.769234011084,1.68826265109
0.718098884326,1.86203942078
0.690382878925,1.95746524241
0.818837895886,1.5203443187
0.484096610154,2.74060994451
0.791477831212,1.61304536045
0.792119001064,1.61087678899
0.694779249672,1.94224626453
0.771723037939,1.67984387398
0.499262235346,2.67625715896
0.806914163589,1.56079635739
0.759696194273,1.72054103281
0.656640526867,2.07555364228
0.763496084154,1.70767718109
0.534740147885,2.53113796625
0.892645255158,1.26513249223
0.475024793678,2.77984062111
0.680139533501,1.99306307595
0.86322797246,1.36823667696
0.751073485649,1.74975834989
0.535035347657,2.52995962975
0.752611945743,1.7445422907
0.872338209115,1.33656203751
0.824897746289,1.49973961154
0.572451297173,2.38402853228
0.5107878421,2.62831769124
0.494110233414,2.69795182342
0.917302343309,1.17641978455
0.938670439562,1.09718140743
0.552776662789,2.45994537771
0.632014053311,2.16345774644
0.849298204687,1.41631309584
0.736069893874,1.80071778311
0.937802256716,1.10045250641
0.948219244659,1.06087410385
0.486443925265,2.73055080224
0.481304638946,2.75262316872
0.644661857744,2.11810802515
0.571067763601,2.38931149515
0.865778524549,1.35938902498
0.430724502247,2.98035333899
0.914315284126,1.18730575424
0.564486096027,2.41455591453
0.655085573323,2.08105708867
0.945762249778,1.07027611539
0.738573668997,1.792200873
0.53999662447,2.510222847
0.455275837122,2.86730175804
0.767129007556,1.69538379641
0.429370763923,2.98673796334
0.84957642809,1.41535654831
0.497051987808,2.68554375904
0.570835558672,2.39019895598
0.512976366852,2.61930450108
0.511893300554,2.62376148532
0.441556203747,2.92985035595
0.444822088437,2.91482074128
0.59862681965,2.28553198344
0.825290387786,1.49840327029
0.570535336314,2.39134671219
0.554389185378,2.45365733632
0.530621133779,2.54762711214
0.550933024621,2.4671496539
0.7857160293,1.63252955581
0.664059335366,2.04937649791
0.573511154751,2.37998698164
0.580229704532,2.35447565856
0.831138807815,1.47847786571
0.890597478185,1.27239433613
0.648456919066,2.10458598273
0.47566596956,2.77704903612
0.820482647172,1.51475534984
0.695967923314,1.93813720946
0.778263383132,1.65772751941
0.890105297389,1.27413757902
0.763565004122,1.70744391975
0.464267246724,2.82712004841
0.562589390656,2.42186603267
0.818911988004,1.52009260223
0.548864599463,2.47525155466
0.61000544298,2.24351365259
0.702631283516,1.91514668154
0.49054820811,2.71305056367
0.702175166569,1.91671812146
0.688473466357,1.96408587197
0.811722121844,1.54449761815
0.90818092722,1.20953336634
0.830671462807,1.48007157845
0.612149192661,2.2356473268
0.959107778946,1.01866142713
0.867837756356,1.35223455338
0.951924187007,1.04661359234
0.896445615022,1.25161659115
0.653510720736,2.08663707131
0.494734475637,2.69531421008
0.901961345146,1.23190499589
0.759362138704,1.72167222323
0.596003363764,2.29528519811
0.847699377851,1.42180728797
0.525585054007,2.56790978999
0.628954206242,2.17449798826
0.944912126507,1.07351930705
0.723966610776,1.84197705431
0.69963122336,1.92548876004
0.478899493781,2.7630148313
0.814616839138,1.53467687884
0.82563284917,1.49723758016
0.493070070078,2.70235238989
0.613517374628,2.23063492105
0.869171923989,1.34759370778
0.882067780144,1.30249403288
0.583316298196,2.3428169623
0.759044944952,1.72274636432
0.960905151916,1.01160163279
0.504183265491,2.65569001859
0.908479656145,1.20845477906
0.845552288374,1.42917855942
0.754488871879,1.73818062885
0.807604250588,1.55845790599
0.797670221725,1.5920966122
0.661570250025,2.05814465994
0.681263184236,1.98914826191
0.597293184391,2.29048689097
0.480758644935,2.75497868753
0.730818982695,1.81859888699
0.754104413427,1.73948354566
0.658930198057,2.06746056463
0.665460919603,2.04444552129
0.747047303791,1.76341624835
0.669547414988,2.03009400363
0.51735296757,2.60136319272
0.574367630342,2.37672443185
0.927352684538,1.13946592184
0.494762698259,2.69519501988
0.956383834759,1.02930926605
0.546293811155,2.48534987023
0.615123673743,2.22475806365
0.852651042722,1.40477642681
0.959428302472,1.01740446406
0.458243703732,2.8539697729
0.49247506702,2.70487277612
0.809063752514,1.55351122103
0.623142921816,2.19554332179
0.762635412326,1.71059030302
0.936431026165,1.10560930094
0.602410795641,2.27150817888
0.788067971065,1.62457681674
0.62286544294,2.19655079655
0.779912685279,1.65215108137
0.492243098418,2.70585599741
0.650213629668,2.09833948773
0.843103545434,1.43757607403
0.922579507115,1.15708136404
0.589914330253,2.31802079644
0.77252925101,1.6771172723
0.463167530686,2.83200141633
0.749496938324,1.75510511545
0.794919454644,1.60140382824
0.456296729895,2.86270802759
0.924759197887,1.14905227656
0.47777049924,2.76790659578
0.581497482931,2.34968238111
0.910790875705,1.20009681371
0.519922695671,2.5908798074
0.526926519853,2.56249373694
0.755290403611,1.735464535
0.517714786165,2.59988487017
0.930901896572,1.12628662518
0.598272705877,2.28684700504
0.814232161107,1.53598232107
0.884682858858,1.29329042456
0.74331685832,1.77608133699
0.564151471725,2.41584443646
0.852345140368,1.40582986237
0.959560451783,1.01688597666
0.562151288903,2.42355680139
0.781691719144,1.64613611337
0.709409055516,1.891833208
0.721703637245,1.84970940364
0.737106999629,1.79718923989
0.500847001242,2.6696173976
0.538306546512,2.51693215707
0.809049583097,1.5535592519
0.748561763567,1.75827748912
0.861740260124,1.3733905817
0.892854372108,1.26439010459
0.676149278065,2.00698577691
0.445648713949,2.91103074395
0.633944129069,2.15650798733
0.773558891428,1.67363522571
0.871239155158,1.34039415756
0.877014642998,1.32022064529
0.873100405446,1.3339026067
0.919786025064,1.16733555151
0.785874256888,1.63199455247
0.914001235709,1.18844782763
0.899215767149,1.24173136432
0.78907350512,1.62117652268
0.467404534041,2.81324410954
0.675586326546,2.0089526467
0.907832774173,1.21078992093
0.669103073265,2.03165269961
0.541186743093,2.50550693419
0.869359532468,1.34694076679
0.898937765636,1.24272470792
0.609663041577,2.24477150314
0.954259397313,1.03757195107
0.895890180062,1.25359522614
0.706072175025,1.90330237605
0.883694340377,1.29677192076
0.525906720926,2.56661019751
0.673576063758,2.01598163022
0.960993231471,1.01125496287
0.753963579556,1.73996084831
0.743352603554,1.77595992886
0.713654275876,1.87726522242
0.763284943395,1.70839180368
0.608836510223,2.24780949986
0.440417172068,2.93511334743
0.647708605058,2.10724926757
0.820184899331,1.51576730154
0.67353024498,2.01614193735
0.615173248135,2.2245768241
0.826365787875,1.49474233215
0.766199042351,1.69853025891
0.947335974919,1.06425900603
0.696269458472,1.93709523435
0.672143983262,2.02099419927
0.914235584799,1.18759563339
0.478968359298,2.7627167345
0.648081253956,2.10592280961
0.516909806861,2.6031748776
0.675396248858,2.00961689935
0.961842155272,1.00791027556
0.453964203456,2.87321578683
0.731668583121,1.81570384329
0.805637422421,1.5651220244
0.615685048617,2.22270619736
0.80114096552,1.58034929912
0.449515750242,2.89337553908
0.814950436869,1.53354468807
0.47388017404,2.78483138086
0.952939025527,1.04268943545
0.711456994171,1.88480228827
0.828709909627,1.48675787015
0.952205501812,1.04552659893
0.460008162491,2.84607604557
0.555055992191,2.45106067005
0.791264628244,1.61376643697
0.66668687697,2.04013609809
0.506852900416,2.64459438454
0.690465059322,1.95718044188
0.780624830686,1.64974328949
0.776838399666,1.66254566882
0.473892548956,2.78477737398
0.883969844369,1.29580191809
0.563651512343,2.41777052906
0.890539414345,1.27260003359
0.522001393021,2.58242672755
0.524931462928,2.57055215143
0.743882875349,1.77415898782
0.876054366086,1.32358110201
0.872380850076,1.33641329623
0.86659256417,1.35656198812
0.840558123272,1.44629501226
0.622105161411,2.19931246967
0.536529966544,2.52400053095
0.728937938474,1.82501130043
0.92798226148,1.13713326531
0.641331041953,2.13000770931
0.626778163599,2.18236638891
0.539376007252,2.51268490762
0.903820484213,1.2252343311
0.870162453954,1.34414533366
0.559827402752,2.43253978585
0.890710970662,1.27199224372
0.810802497525,1.54761629077
0.520145741894,2.5899716282
0.485774796874,2.73341450234
0.749187415422,1.75615503757
0.685145814823,1.97564019644
0.526168862331,2.56555151461
0.507530798673,2.64178371588
0.868780515826,1.34895565919
0.540158885087,2.50957946072
0.868343533987,1.35047574244
0.933974195958,1.11481971519
0.791911911316,1.61157722062
0.752862240946,1.74369381783
0.910436578825,1.20137956337
0.782079057205,1.64482651414
0.461914659122,2.83757373199
0.524259284532,2.57327209155
0.913285859221,1.19104767558
0.632844183174,2.16046730977
0.659146354521,2.06669719213
0.717781919065,1.86312438213
0.64147173528,2.12950445667
0.442622288462,2.9249343768
0.867201832438,1.35444505645
0.429797643242,2.98472289281
0.733147060068,1.81066763515
0.525975084455,2.56633406896
0.645061618549,2.11668185152
0.955087845892,1.03435409065
0.762378449068,1.71146010581
0.822778432578,1.50694983235
0.482014572829,2.74956344175
0.674081279243,2.0142143174
0.643575860418,2.12198456017
0.932205258263,1.1214287915
0.437112723975,2.95044462079
0.810935938649,1.54716379579
0.457730809063,2.85626884457
0.495726167505,2.69112913282
0.518242904041,2.59772841265
0.570606094987,2.39107616572
0.451043244372,2.88643524108
0.69071518043,1.95631370896
0.509325168353,2.6343572335
0.569272102866,2.39618030091
0.573670475074,2.37937985434
0.457476951988,2.8574075252
0.569608407716,2.39489280892
0.774366480699,1.67090424344
0.473743554867,2.78542768987
0.696306810274,1.93696617342
0.790041312004,1.61790364399
0.481674520392,2.75102859479
0.69718541575,1.93393102619
0.912392033358,1.19429275552
0.794478748954,1.60289472792
0.444534067542,2.91614262342
0.688824414944,1.96286850492
0.465630515756,2.82108142827
0.688256308127,1.96483926201
0.552088715854,2.46263174819
0.721229585199,1.85132997216
0.929389486902,1.13191134753
0.523564903102,2.5760844754
0.954695705225,1.03587791856
0.889859122529,1.27500919346
0.884916632612,1.29246664477
0.890310271868,1.27341168439
0.465052666392,2.82363932376
0.524553948175,2.57207944388
0.66903222477,2.03190126769
0.849586876502,1.41532062338
0.775971146174,1.66547812137
0.491654568772,2.70835210288
0.692592788544,1.94981090002
0.45794241118,2.85532008195
0.80575935788,1.564708941
0.526745971067,2.56322211935
0.505084627269,2.65193892349
0.954277704794,1.03750089954
0.593478201711,2.30469693441
0.660068454767,2.06344198415
0.73265269547,1.81235136826
0.781739291544,1.64597527001
0.651820941847,2.09263117943
0.480987250553,2.75399219141
0.706152120257,1.90302740279
0.945540616756,1.07112212341
0.598038019245,2.28771877826
0.60113016736,2.2762485776
0.456931161549,2.85985737687
0.469869983318,2.80239069712
0.917559561896,1.17548039051
0.812936315284,1.54037905967
0.721808155603,1.8493521397
0.700527941953,1.92239599304
0.826647693389,1.49378244368
0.582185819928,2.34708258647
0.904364350819,1.22328028553
0.76212304126,1.7123246703
0.942139197447,1.08406344051
0.550123209638,2.47031921718
0.914773723907,1.18563776147
0.49943291329,2.67554131063
0.931722642867,1.12322872732
0.76474788269,1.70344071717
0.789130103196,1.62098512685
0.489914334193,2.71574608481
0.868037535148,1.35153990951
0.93840606881,1.09817799799
0.675340459637,2.0098118768
0.523563723976,2.57608925334
0.615872559717,2.22202105994
0.753487483235,1.74157448088
0.706170408383,1.90296450176
0.664848309591,2.04660021828
0.82701234243,1.49254068235
0.946548148248,1.06727343785
0.697675933517,1.93223709486
0.633031328918,2.15979341901
0.716054923786,1.86903812157
0.802755419342,1.57488311155
0.823714183009,1.50376684199
0.901319372665,1.23420523005
0.582598690822,2.34552411418
0.763959552583,1.70610859569
0.80985638871,1.55082416864
0.792130128605,1.61083915244
0.67928544715,1.99604041251
0.819223038974,1.5190358007
0.583526979823,2.34202256078
0.53222397082,2.54120009288
0.47891651461,2.76294115051
0.698161226142,1.93056160334
0.508323669778,2.63849984034
0.740700242872,1.78497145002
0.906218114672,1.21661082482
0.752404150568,1.7452467222
0.78646122564,1.63000985608
0.652148874984,2.09146734632
0.471859623978,2.79366421543
0.6275062944,2.17973193417
0.622604796294,2.19749737513
0.483025576076,2.74521208813
0.685243441773,1.97530091741
0.473710437088,2.78557226087
0.900706777121,1.23639869924
0.755568965914,1.73452067472
0.767440983615,1.69432831146
0.696194001576,1.93735596626
0.730658067705,1.81914729475
0.810541032485,1.54850287549
0.657892438187,2.0711270578
0.590265239419,2.31670675335
0.430194737365,2.9828498985
0.622164019322,2.19909860761
0.83653939627,1.46004073361
0.794815566798,1.60175528428
0.943238997292,1.07988767227
0.605008135179,2.26191162393
0.81180077167,1.54423086943
0.918167881559,1.17325745366
0.535555469727,2.52788457743
0.522815504102,2.57912266718
0.856121255393,1.39281338509
0.668663112577,2.03319645732
0.438771343426,2.94273757964
0.688757164281,1.96310176582
0.876307889173,1.32269415492
0.61943777927,2.20901593916
0.889832587132,1.27510313337
0.906978382831,1.21387140325
0.548352577195,2.47726028235
0.60527974391,2.26090946005
0.827958133373,1.48931922528
0.573861534796,2.37865191698
0.801534121158,1.57901827274
0.593339577538,2.30521429916
0.470304459493,2.80048265113
0.749187846724,1.75615357452
0.884239133116,1.29485357165
0.839541806564,1.44977347309
0.470245020561,2.80074360209
0.828788583432,1.48648978493
0.497062305312,2.68550033745
0.818803057376,1.52046267542
0.51078159125,2.62834347485
0.958047081495,1.02281493507
0.600767537448,2.2775919582
0.453146365905,2.87691023238
0.864302736569,1.36451024188
0.926227159525,1.14363069764
0.816206737606,1.529280149
0.92349982908,1.15369431471
0.520714238949,2.58765813313
0.918056233026,1.17366557758
0.696661043367,1.93574231652
0.51188611872,2.62379106253
0.493647399011,2.69990905379
0.808008384007,1.55708831162
0.884438496531,1.29415133444
0.629408671676,2.17285647252
0.533939686284,2.5343354105
0.730995581403,1.8179970592
0.866017716924,1.358558509
0.767095850819,1.69549597485
0.684667788849,1.97730172364
0.671211102098,2.02426184099
0.805135326788,1.56682289705
0.541109071796,2.50581449424
0.469087272975,2.80583152196
0.45905942341,2.8503174718
0.83782432435,1.45564828572
0.59562854927,2.29668070614
0.764244636992,1.70514378228
0.504700679151,2.65353615351
0.764988706791,1.70262576178
0.589235211419,2.32056521703
0.562546160574,2.42203283268
0.930434068025,1.12802789821
0.531362913196,2.54465105681
0.605869577554,2.25873401549
0.670734786889,2.02593097733
0.714858213765,1.87313831732
0.51354149224,2.61698163387
0.49816513429,2.68086291364
0.835450371822,1.46376169187
0.738561426822,1.79224250251
0.849051137794,1.41716240943
0.560287153757,2.43076068739
0.571868394029,2.38625333391
0.622064324261,2.19946085911
0.72138011513,1.85081534902
0.605763048462,2.25912683023
0.599081498772,2.28384417354
0.911730058231,1.1966937533
0.731750606017,1.81542438666
0.799620586672,1.58549588811
0.712702152858,1.88053035002
0.441360852949,2.93075220832
0.85154462533,1.40858576089
0.897547847295,1.24768673125
0.621949973222,2.19987640285
0.887691400464,1.28267560137
0.764594205132,1.70396077717
0.801065531168,1.58060467368
0.430171153567,2.98296109773
0.760805619014,1.71678462887
0.913766256448,1.18930205821
0.471872991473,2.79360568303
0.50822861896,2.63889331935
0.563718462465,2.41751253964
0.83246597682,1.47395054774
0.73997575013,1.78743396932
0.826716247228,1.49354900448
0.432490795067,2.97204770538
0.451835848906,2.88284138672
0.465950988009,2.81966390581
0.881828660588,1.30333456171
0.629555397872,2.17232663352
0.853579404436,1.40157833666
0.917123120718,1.17707413853
0.583329563824,2.34276693739
0.454241091002,2.87196619559
0.878828184892,1.31386715591
0.960752074172,1.01220396885
0.662338132073,2.05543814316
0.580790041531,2.35235631165
0.555005568398,2.4512569571
0.664409055911,2.04814570824
0.787529914373,1.62639623604
0.815754708584,1.53081471921
0.472382467332,2.79137579479
0.479365746502,2.7609972156
0.855849353647,1.39375158412
0.562933991701,2.42053671332
0.729849861089,1.82190212066
0.684873229382,1.97658759798
0.677734503332,2.00145075715
0.537218066352,2.52126091423
0.645161130451,2.11632690254
0.484581773094,2.73852779582
0.765819626487,1.69981406297
0.789985351832,1.61809289187
0.675276385418,2.01003581748
0.842740287155,1.43882097697
0.837239393171,1.4576481266
0.937420911308,1.10188781582
0.631452569043,2.16548156622
0.735595673331,1.80233155772
0.60568268819,2.2594231763
0.596339433317,2.29403438531
0.904154166665,1.22403559379
0.850589425491,1.41187262568
0.458276462544,2.85382299947
0.765577142929,1.70063456375
0.811691472687,1.54460156662
0.832511578375,1.47379494946
0.95462383985,1.03615705003
0.927624493488,1.1384591065
0.953316770545,1.04122675746
0.949908154476,1.05438602175
0.849413025412,1.41591835262
0.586148356419,2.33215297711
0.440735604128,2.93364089512
0.937745018359,1.10066799877
0.749304436583,1.75575808645
0.553552317533,2.45691918678
0.737522086281,1.79577726907
0.888041428368,1.28143873333
0.913262074453,1.19113407463
0.800351266108,1.58302261233
0.536707386965,2.52329391285
0.909261734252,1.20562919301
0.905661984865,1.21861315756
0.87417449183,1.33015233321
0.498890602784,2.67781647023
0.720305803383,1.85448875485
0.781142056923,1.64799453374
0.7868855455,1.62857509506
0.898939421915,1.24271879064
0.590255970999,2.31674145459
0.534710789029,2.53125518144
0.865718212706,1.35959841647
0.722217639496,1.8479525721
0.637120712416,2.14509323596
0.744306770155,1.77271948948
0.937872161561,1.10018929891
0.548021731457,2.47855890354
0.799859937564,1.58468573456
0.506974872989,2.64408846452
0.742905403333,1.77747891082
0.898963026728,1.24263445815
0.923080666985,1.15523749861
0.642888999941,2.12443799492
0.8528873779,1.403962438
0.600827639047,2.2773692763
0.78458125218,1.6363664309
0.926371182534,1.14309815548
0.855741252201,1.39412454771
0.70965492434,1.8909887809
0.438795427961,2.94262584167
0.66104598912,2.05999329365
0.642456431706,2.12598376627
0.572077866906,2.38545366073
0.86972159215,1.34568042824
0.838414440277,1.4536302218
0.621099419096,2.20296854612
0.606099419769,2.25788663082
0.774313835136,1.67108226895
0.720625056493,1.85339698057
0.917232227375,1.1766758011
0.63107605249,2.16683920583
0.87078181876,1.34198785653
0.830975970581,1.4790331943
0.552421379113,2.46133244969
0.80666329423,1.56164639095
0.701835534067,1.91788845677
0.867972615353,1.35176565054
0.884467106266,1.29405054945
0.751342213584,1.74884713627
0.514550208588,2.61284004794
0.790412329709,1.61664890913
0.852167159691,1.40644269281
0.917542873006,1.17554135012
0.501309824238,2.66768123006
0.488415806856,2.72212900472
0.849320623473,1.41623602394
0.85373420375,1.40104491127
0.674810074252,2.01166584341
0.668134557263,2.03505164851
0.689338184205,1.96108675497
0.770526745431,1.68388997733
0.499319380116,2.67601746515
0.706756631765,1.90094848493
0.948666695613,1.05915721408
0.677822996482,2.00114192407
0.580250503552,2.35439696837
0.873006062224,1.33423186879
0.452847429031,2.87826195765
0.611721884847,2.23721406932
0.713054317972,1.87932252007
0.841547644742,1.44290675799
0.505079999482,2.65195816984
0.737845166827,1.79467837743
0.848258484777,1.41988649046
0.583851327309,2.34079991172
0.951518482982,1.04818016368
0.942486151632,1.08274698724
0.490065244519,2.71510410648
0.868708100963,1.34920759378
0.942585339094,1.08237049058
0.913484672927,1.19032537579
0.789004716826,1.62140914102
0.587819916961,2.32587352181
0.870805294178,1.34190606378
0.615422346088,2.22366626605
0.582601746663,2.34551258176
0.568545641817,2.3989631067
0.434525418417,2.96251466746
0.911492776994,1.19755389708
0.68390761003,1.97994486265
0.917799064279,1.17460540987
0.668578402968,2.0334937402
0.55153183719,2.46480794567
0.568876699067,2.39769466597
0.600122789838,2.27998162145
0.720355270599,1.85431957976
0.792661431533,1.60904209812
0.734699635108,1.80538136298
0.782482750211,1.64346161641
0.800258931159,1.58333516936
0.600802747004,2.27746150202
0.521720918538,2.58356588044
0.874936062466,1.32749136672
0.71699204087,1.86582867377
0.604201155916,2.26489068286
0.86349730049,1.36730310708
0.503081405096,2.66028222847
0.566857736027,2.40543766231
0.942512113982,1.0826484455
0.834104277368,1.46835877333
0.549342238698,2.47337885198
0.834000223277,1.46871403038
0.88816943113,1.28098631937
0.857955457079,1.38648052988
0.741562469977,1.78204135654
0.798321083951,1.58989402964
0.79540399736,1.59976456019
0.861874184522,1.37292682765
0.663191269276,2.05243274848
0.888912155791,1.27836016519
0.428281124247,2.9918890544
0.49712737721,2.68522649551
0.899961042744,1.23906692104
0.452434197673,2.88013167024
0.506539566586,2.64589444586
0.738601346054,1.79210675767
0.903879408255,1.22502268229
0.84856272971,1.41884103457
0.942265176044,1.08358553124
0.545915329715,2.48683929278
0.485981623463,2.73252901688
0.722395408827,1.84734504053
0.674199968251,2.01379920544
0.948400185138,1.06018000191
0.707030521269,1.90000675828
0.812211742948,1.54283694697
0.886650231414,1.28635235502
0.443914648514,2.91898781267
0.565036960041,2.4124358045
0.440623926392,2.93415720258
0.490332683495,2.71396677745
0.847077049952,1.42394464095
0.593240092836,2.30558563428
0.500270080671,2.67203273818
0.566335955781,2.40744163924
0.491091321848,2.71074308652
0.798699263082,1.58861415924
0.913144727628,1.19156030343
0.464105729854,2.827836412
0.599695348478,2.28156669408
0.857157717006,1.38923569363
0.893865462553,1.26079846147
0.572013235335,2.38570037517
0.592619887388,2.30790144071
0.471721131891,2.79427070817
0.866419610353,1.35716276243
0.841515159869,1.44301801441
0.466414378909,2.81761557202
0.460205351782,2.84519536091
0.754756216714,1.73727465603
0.585257078083,2.33550564359
0.826957282298,1.49272819145
0.58855423864,2.32311835959
0.460929858361,2.84196213539
0.651624993471,2.09332672966
0.774288950042,1.67116642019
0.700692058356,1.92183009954
0.551891168172,2.46340356675
0.584386016776,2.3387852731
0.686615192734,1.9705356375
0.515058091714,2.61075700528
0.427204168061,2.99699079941
0.745514159675,1.76862009163
0.512396343874,2.62169053395
0.468411075773,2.80880771947
0.689521065918,1.9604526384
0.519740799833,2.5916206407
0.613732659476,2.22984677933
0.737906184333,1.79447084961
0.870242984851,1.34386486966
0.684854483166,1.97665275779
0.923920755446,1.15214370948
0.651933387265,2.09223208044
0.573490852758,2.38006435477
0.474188887589,2.78348441265
0.735078853632,1.80409054011
0.722028639376,1.84859852699
0.662272866096,2.05566812925
0.560651095511,2.42935301907
0.6034619449,2.26762157122
0.47693975261,2.77151178462
0.75244436271,1.74511039984
0.656292009344,2.07678663295
0.473923764891,2.78464114557
0.673700532243,2.01554617218
0.80489390771,1.567640666
0.650878425562,2.095977689
0.680664592733,1.99123344984
0.893617688157,1.26167895046
0.572785615468,2.38275316701
0.526791024746,2.56304034417
0.936248368606,1.10629533837
0.738884632363,1.79114348682
0.605059534281,2.2617219552
0.888646291781,1.27930042614
0.683759505175,1.98045995224
0.922286925271,1.15815722855
0.556185146914,2.44666824601
0.901202945609,1.23462222335
0.692732015595,1.9493289579
0.932814230688,1.11915565128
0.93871626252,1.0970086247
0.682022160486,1.98650539456
0.924329741805,1.15063619509
0.515701074262,2.6081219906
0.505851516197,2.64875132643
0.603731875064,2.26662413785
0.523733127693,2.57540288907
0.73560943113,1.80228473688
0.598320681383,2.2866688186
0.445731280275,2.91065249676
0.683917822822,1.97990934544
0.820358661991,1.51517674678
0.938167799744,1.09907581302
0.521054528382,2.58627419117
0.627373441748,2.18021248948
0.53275909233,2.53905738601
0.783228239738,1.64094108444
0.560423245941,2.43023423469
0.541240508767,2.50529405248
0.925485888509,1.14636985931
0.720529242359,1.85372463024
0.757303449015,1.72864462039
0.471522581613,2.79514045278
0.889334301625,1.27686671322
0.583172257944,2.34336018554
0.582661928832,2.34528546839
0.622686598537,2.19720027482
0.832205529777,1.4748391753
0.856478873025,1.39157919572
0.713733298927,1.87699428366
0.488100472893,2.72347404479
0.95949953665,1.01712499527
0.627049461706,2.18138461571
0.794286522997,1.60354500693
0.738429775619,1.79269019078
0.584230260423,2.33937202572
0.484379489487,2.73939573267
0.95924330996,1.01813003479
0.878526814007,1.31492361384
0.608922734186,2.24749246669
0.77890044195,1.65557354893
0.565489417134,2.41069543197
0.469079491918,2.80586575026
0.529461811677,2.55228421268
0.792803643538,1.60856107489
0.431981261697,2.97444082399
0.899069541689,1.24225388775
0.821331130297,1.51187116021
0.633820983904,2.15695108141
0.793106014448,1.60753830689
0.538244945767,2.51717697475
0.554072767336,2.45489025051
0.860902106683,1.37629204563
0.660105929891,2.06330973201
0.77830140043,1.65759897772
0.53101100272,2.5460625761
0.780148725904,1.65135301706
0.935079857275,1.11067925226
0.946351196636,1.06802633836
0.455079092167,2.86818799642
0.577024441194,2.3666233378
0.519985791318,2.59062287204
0.769764105808,1.68646955462
0.847554191393,1.42230598326
0.792371692996,1.61002210489
0.728510111764,1.82647027364
0.915011955432,1.18477058942
0.570332572738,2.39212209905
0.58900725059,2.32141970261
0.75032357471,1.75230142438
0.75041960248,1.7519757576
0.815272710692,1.53245084498
0.78232317827,1.6440011341
0.824235556914,1.50199297896
0.872837635394,1.33481962772
0.643153517604,2.12349299838
0.590443207094,2.31604050052
0.898364370095,1.2447726165
0.934179794667,1.11405035081
0.737751632246,1.79499650623
0.589809299486,2.31841419464
0.839179115092,1.45101445357
0.505802147993,2.64895641981
0.507947786334,2.64005618845
0.834649373824,1.46649749339
0.498004551456,2.6815376921
0.952637538237,1.04385604421
0.882805180007,1.29990091447
0.953422694473,1.04081640802
0.953011532943,1.04240876273
0.862441056936,1.37096341773
0.742788963375,1.77787444273
0.734690672319,1.80541187311
0.583668856155,2.3414876974
0.630758091597,2.1679860317
0.791710237023,1.61225932607
0.537755843089,2.51912148419
0.445315499193,2.91255781866
0.530477269333,2.54820464054
0.448242628286,2.89917453694
0.730151842725,1.82087271582
0.924099422231,1.15148525641
0.890142191387,1.27400693342
0.458804586397,2.85145792599
0.540365689839,2.50875964283
0.620739443727,2.20427790318
0.463280140356,2.83150115115
0.569558333859,2.39508447831
0.519338493124,2.59325983275
0.744629112662,1.77162494455
0.639768312117,2.13560117942
0.753164397172,1.7426695923
0.836832973202,1.45903736405
0.770999544904,1.68229083509
0.524044257565,2.57414271095
0.442359592145,2.92614484362
0.632851453213,2.16044112927
0.962222232328,1.0064107772
0.72661356309,1.83294028924
0.580856350375,2.35210559731
0.662862325059,2.053591338
0.447590846833,2.90214848408
0.787226324273,1.62742279755
0.576631164638,2.36811671863
0.905150902802,1.2204521652
0.813651109488,1.53795395797
0.498439475286,2.67971049154
0.770240398922,1.6848585084
0.926693547747,1.14190576291
0.880064392342,1.30953088122
