n,B
0.538078997612,2.28767077031
0.768058981382,1.40386828383
0.525145024907,2.34134250489
0.715639220409,1.60163052284
0.475540319377,2.55540456216
0.387857578092,2.97723764615
0.774047472809,1.38098074127
0.534187718695,2.30373612941
0.563155354097,2.18570139577
0.75298578576,1.46112962157
0.606450533422,2.0150040121
0.737051778114,1.5212479107
0.607492917383,2.01096349167
0.646025627871,1.86333913611
0.833335796121,1.14744579334
0.676437783577,1.74858268742
0.569483151796,2.1603634793
0.479964406701,2.53571767024
0.508781448011,2.41042857141
0.714182361786,1.60709007603
0.4805182297,2.53326214898
0.786355749696,1.33363530041
0.498287221169,2.45548997683
0.651095127683,1.8441266586
0.446065605215,2.69003893486
0.647864040057,1.85636729218
0.430094849058,2.76577111301
0.627075122542,1.93555126399
0.50058089675,2.44558812712
0.853842466733,1.06211415268
0.775955341452,1.37366993716
0.76849449654,1.40220670196
0.518315203833,2.37001022539
0.811453791054,1.23546408341
0.842949413859,1.10783850507
0.536555659637,2.29395173952
0.422274629887,2.80364349349
0.644402238996,1.86950005618
0.492185992575,2.4819782942
0.80275143221,1.26979040756
0.752336389309,1.46358702458
0.761173310877,1.43008252485
0.476481819949,2.55120421399
0.679939910826,1.73542968274
0.524598794852,2.34362673502
0.511730107415,2.39787641452
0.838945965257,1.1244114151
0.584073133756,2.10248079399
0.609134455464,2.00460622819
0.425507860251,2.78791988218
0.589266305555,2.0820473201
0.663513702854,1.79721581524
0.857585765101,1.04616820887
0.847035934288,1.09079744337
0.835968931448,1.13666126773
0.506810753845,2.41884385982
0.557660293628,2.20782739903
0.84589479279,1.09556914093
0.823198905673,1.18855482801
0.495523622123,2.46746092952
0.718076850294,1.59249382731
0.42237033036,2.80317674448
0.503101135919,2.43474276395
0.501141127263,2.44317417261
0.686773568892,1.70978810935
0.702052716615,1.65252968381
0.825647174907,1.17868266855
0.633108338484,1.91248795619
0.868014579417,1.00103104342
0.636535097839,1.89942023802
0.685461337965,1.71470979431
0.679090732607,1.73861812045
0.539363857922,2.28238120756
0.796985583243,1.29235685043
0.820124881717,1.20090240511
0.419613274377,2.81665667627
0.854163179733,1.06075288939
0.523040868541,2.35014975593
0.552416383596,2.22905284403
0.606839224359,2.01349702428
0.709486764409,1.62468282665
0.790464390054,1.31772710195
0.498199478464,2.45586936532
0.502631700547,2.43676016956
0.466814374495,2.59461727761
0.601780827181,2.03314032348
0.513833914685,2.38894906397
0.580812925654,2.11535270829
0.743176003951,1.498181917
0.416676540201,2.8310917195
0.507105984439,2.41758181034
0.822229987589,1.19245237739
0.563594637293,2.18393759909
0.623358684412,1.94979579698
0.522760813531,2.3513236168
0.851389043778,1.07249802843
0.522769665827,2.35128650612
0.833178513472,1.14808852321
0.40346890354,2.89702574815
0.504857195327,2.42720701444
0.552144818595,2.23015506275
0.546896884176,2.25151512904
0.822534092276,1.19122965892
0.70325510644,1.64802578009
0.789395755445,1.32187017304
0.758858628273,1.4388725101
0.534007948198,2.30447999796
0.863980417606,1.01862202153
0.424701077865,2.79183463578
0.713915411437,1.60809039482
0.474642683241,2.55941467734
0.634724521532,1.90632197264
0.813022253474,1.2292403027
0.400174952257,2.91373807026
0.793336031865,1.30657414854
0.391648907371,2.95751920075
0.622915376299,1.95149692364
0.458853678029,2.6308529629
0.853523532295,1.0634669687
0.645879324293,1.86389419715
0.536632482762,2.2936347336
0.579571581169,2.12026293852
0.67253318738,1.76325886293
0.464314970981,2.60594562339
0.85940033018,1.03839191647
0.822832865479,1.19002787291
0.621168619802,1.95820406856
0.612336383087,1.99222569827
0.777684038622,1.36703726228
0.556624921897,2.21200950848
0.598423420957,2.04621677151
0.651673296127,1.84193797935
0.42264347129,2.80184503929
0.426221985674,2.78445953595
0.689194884921,1.70070892751
0.456249695185,2.64280512078
0.643193036313,1.87409191873
0.462614164673,2.61367958751
0.629333644654,1.92690892766
0.721165931839,1.58091164018
0.540489424767,2.27775348638
0.436050299247,2.73728442437
0.839941917554,1.12029939054
0.716812140987,1.59723448507
0.530769446728,2.31790628641
0.592559699636,2.06913207543
0.816741447441,1.21443386088
0.748733476495,1.47720857141
0.414059362914,2.84402372616
0.467595736552,2.59108477107
0.805244364921,1.25999126916
0.612540378845,1.99143779986
0.455051035346,2.64832374127
0.532884967745,2.30913014395
0.606251411839,2.01577617705
0.813797609139,1.22615922411
0.572034503441,2.15018853246
0.471809446793,2.57210721343
0.483366727538,2.52066357405
0.595553030378,2.05742169259
0.543126902624,2.26693151268
0.733523944567,1.53451614912
0.733915422978,1.53304440339
0.739007015472,1.5138885738
0.690798280869,1.69469814492
0.672502683218,1.76337357096
0.554964828461,2.21872389555
0.421835148715,2.80578798635
0.865600988266,1.01157613278
0.619805076172,1.9634445241
0.769069997749,1.40001036285
0.639078639576,1.88973474055
0.78947936877,1.32154614634
0.744649393285,1.49262566615
0.699557399352,1.6618769965
0.84399188364,1.10350355593
0.790837856518,1.31627825781
0.6813058165,1.73030212716
0.499705267208,2.44936467778
0.687636984345,1.70655024689
0.78893543597,1.32365362631
0.81252839008,1.23120126997
0.867825285766,1.00186033892
0.55536365387,2.21710980906
0.573252697314,2.1453384478
0.478096493182,2.54401417889
0.4362543716,2.73631357648
0.569387386292,2.16074585222
0.4701779591,2.5794406413
0.804986984541,1.26100420162
0.829246878784,1.16410349719
0.634560977949,1.90694568873
0.630448547646,1.92264655312
0.631566896741,1.91837351366
0.68096841218,1.73156861147
0.729962708789,1.54789803866
0.795949513986,1.29639803679
0.861993212007,1.02722530643
0.64175589941,1.87955254652
0.8185200388,1.20732822146
0.802614169727,1.27032919184
0.459363054545,2.62852075523
0.812005406407,1.23327657912
0.723375648221,1.57262349333
0.664191949146,1.7946593195
0.775155121931,1.37673748826
0.509737826714,2.40635223481
0.410394904245,2.86223971445
0.472572122115,2.5686852235
0.730867548925,1.54449901654
0.757810923776,1.44284774695
0.443813809167,2.70059108508
0.472323536402,2.56980015281
0.805958328663,1.2571799249
0.397106143261,2.92940834553
0.68045849408,1.73348279125
0.502934235112,2.43545988076
0.733742475449,1.53369461002
0.603260692031,2.0273864301
0.6446380945,1.86860469403
0.709964464994,1.62289326453
0.669609240893,1.77425803308
0.55053983896,2.23667547798
0.505014824893,2.42653142175
0.728092087386,1.55492289441
0.542780459135,2.26835128456
0.636543134107,1.89938961824
0.577515412207,2.12840759089
0.583655308444,2.10412851973
0.525813377107,2.33854956976
0.537364998713,2.29061339649
0.594282822351,2.06238772156
0.831295491549,1.15577099368
0.582130515499,2.11014644528
0.536447135558,2.29439960322
0.535035782334,2.30022895444
0.42451683868,2.79272943123
0.462080367731,2.61611113297
0.507918659458,2.41411025734
0.846964605507,1.09109600791
0.593539790058,2.06529489259
0.416857641124,2.83019923569
0.859282015774,1.03889990144
0.704876291654,1.6419532174
0.563532511305,2.1841870013
0.812618732947,1.23084263686
0.43914436901,2.72260176962
0.417758844713,2.82576254652
0.495029319399,2.4696067884
0.555389384751,2.21700569546
0.522911228186,2.35069309983
0.49510368366,2.46928386756
0.593524920927,2.06535308586
0.803873050941,1.265384855
0.553526145637,2.22455170293
0.459517205891,2.62781533716
0.730462122626,1.54602208118
0.69203471444,1.69006372731
0.48684769402,2.50533718366
0.559337779568,2.20106057702
0.689038507081,1.70129521303
0.751544367067,1.46658320067
0.796623853101,1.29376824058
0.623632651723,1.9487447051
0.599463944239,2.04216076287
0.46910633353,2.58426740415
0.745323315862,1.49008328616
0.457388904175,2.6375700725
0.709970617451,1.62287021594
0.454486394733,2.65092704932
0.391501807308,2.95828133839
0.508340677792,2.41230891761
0.463588477416,2.60924664738
0.575764087662,2.13535601669
0.824093015059,1.18495349873
0.521340194517,2.35728421244
0.843100592196,1.1072103624
0.473871525874,2.56286403776
0.652318398846,1.83949649397
0.594837328829,2.06021923179
0.573492102266,2.14438590007
0.521928362809,2.35481516888
0.824993595289,1.18132148061
0.81987468865,1.2019050895
0.659615448022,1.81191990397
0.539687593735,2.28104960389
0.758116166196,1.44168980014
0.497652454624,2.45823563309
0.413833160787,2.84514446632
0.849453360119,1.08065444682
0.717467867353,1.59477663104
0.709902540162,1.62312524952
0.538201321408,2.28716686392
0.585000894984,2.09882409989
0.677316652666,1.74528102724
0.613906966786,1.98616222973
0.463348989688,2.61033564584
0.42771094625,2.77725910544
0.81903043334,1.2052860831
0.598452856684,2.04610198761
0.620949850015,1.95904457498
0.598455081416,2.04609331242
0.557594007277,2.20809501848
0.527360402338,2.33209314098
0.781163999339,1.35365993533
0.835414578029,1.13893558595
0.430413068844,2.76424133659
0.516972848571,2.37567239066
0.563565338574,2.18405521577
0.403817762591,2.89526220111
0.696771929863,1.67231226492
0.821669524283,1.19470449295
0.412011072785,2.85418991552
0.85620413392,1.05206857532
0.580518934011,2.11651515265
0.670473405449,1.77100641139
0.405727340712,2.88563054051
0.622066837793,1.95475426907
0.762233501953,1.42605288322
0.525643350377,2.33925987692
0.49167080338,2.48422508022
0.804830940457,1.26161818101
0.670301209251,1.77165428209
0.783487447574,1.34470862214
0.631340041707,1.91924009027
0.593199911675,2.06662523753
0.857003686526,1.04865616671
0.605175498244,2.0199502264
0.555635825264,2.21600866934
0.676371398985,1.74883210021
0.857446077985,1.04676555509
0.426804230121,2.78164155594
0.863142366194,1.02225509207
0.580087335583,2.11822221298
0.501165897065,2.44306748423
0.820462036696,1.19955067326
0.479093208004,2.53958436496
0.676462460763,1.74848997394
0.776422848763,1.37187700561
0.628028238602,1.93190283543
0.445436031737,2.69298514806
0.598609178618,2.04549245517
0.739932390738,1.51040403556
0.633542972841,1.91082926617
0.552784922129,2.22755751389
0.674531149112,1.75574751616
0.38892136396,2.9716890829
0.708377419145,1.62883852239
0.699977259765,1.66030417477
0.587884188014,2.08747725995
0.805737450696,1.25804990408
0.559709674183,2.1995618746
0.773952827764,1.38134316489
0.713372443066,1.61012494621
0.436550987624,2.73490308134
0.637701081893,1.89497884982
0.760069916314,1.43427397057
0.38788100059,2.97711534315
0.81573446031,1.21844962888
0.661468200862,1.80492910505
0.400903479167,2.91003226414
0.588784754941,2.08393852274
0.77859346569,1.36354465714
0.392617153275,2.95250846459
0.733822443366,1.5333939694
0.577867706582,2.12701111385
0.698137728787,1.66719536353
0.664162387427,1.7947707348
0.80596365126,1.25715895798
0.683603051189,1.72168116044
0.74187129767,1.50309969545
0.676188870486,1.7495178942
0.589836253741,2.07980987331
0.810818839228,1.2379802782
0.632549481511,1.91462125481
0.392848056861,2.95131501317
0.520491364667,2.36085053513
0.631167389804,1.91989968173
0.83157279245,1.15464107267
0.739806489519,1.5108781804
0.654754721996,1.83028123503
0.612375682615,1.99207390262
0.791480836515,1.31378271633
0.50282246638,2.43594020105
0.7059583921,1.63789991636
0.720795860279,1.58229943238
0.591324205158,2.07397329224
0.501974137259,2.43958814482
0.622937736467,1.95141110958
0.749248972385,1.47526087863
0.61636361652,1.97668998
0.419063719222,2.81935187587
0.563430034885,2.18459842042
0.433771159335,2.74815079076
0.469592873149,2.58207498158
0.47944754617,2.53801109218
0.729911622045,1.54808992507
0.547249027752,2.25007822969
0.409453629153,2.86693963329
0.684767707692,1.71731171829
0.605775485071,2.01762217605
0.606967395271,2.01300018151
0.46003695588,2.6254381601
0.452036166948,2.66225169571
0.510168609974,2.40451773624
0.633638247782,1.91046571833
0.53754641387,2.28986550644
0.760571941567,1.43236723675
0.411494086065,2.85676218577
0.642074274081,1.8783425285
0.458986105825,2.63024645334
0.720092159759,1.58493816041
0.849947790471,1.07857403537
0.41959358146,2.81675320897
0.414586457747,2.84141406197
0.473335109933,2.56526574992
0.720990586633,1.58156920495
0.400319481294,2.91300246001
0.745130532009,1.49081062874
0.832420910532,1.15118218559
0.845760491447,1.09613004895
0.66273662714,1.80014547607
0.499323600115,2.45101216443
0.839598944802,1.12171623489
0.42570809678,2.78694916706
0.728573290772,1.5531160661
0.53531471318,2.29907615606
0.777806053343,1.36656880541
0.479216423585,2.53903719167
0.455768445003,2.64501951053
0.830556777228,1.15877866319
0.42175548655,2.80617689281
0.504373687232,2.42928016828
0.433965481731,2.7472226098
0.465920437899,2.59866394399
0.828444584032,1.1673596478
0.448242617787,2.67987510021
0.528422278572,2.32766814898
0.406665502595,2.88091187863
0.414279351002,2.84293423853
0.785094517497,1.33850758053
0.548352342398,2.24557961633
0.673173209181,1.76085231458
0.711037366027,1.61887381285
0.641793885922,1.87940816546
0.773489646719,1.38311648672
0.449130097653,2.67574229009
0.636883213661,1.89809395662
0.437846586568,2.72875067797
0.776991089332,1.36969695485
0.492573599458,2.48028895535
0.612436445752,1.99183921064
0.845183007395,1.09854029981
0.847107833046,1.09049645201
0.595989792785,2.05571520569
0.57923390086,2.12159954444
0.547191711864,2.25031206772
0.625399233051,1.94197102576
0.629627753814,1.92578427726
0.628921827889,1.92848397917
0.713831356097,1.60840536335
0.695848121034,1.67577350324
0.506663846494,2.41947203645
0.399737421891,2.91596627973
0.804009922339,1.2648468805
0.817882326658,1.20987783895
0.597929649294,2.04814258887
0.76031591187,1.43333972127
0.650866009569,1.8449941304
0.788709113672,1.32453022401
0.819543468029,1.20323198522
0.861873323596,1.02774307648
0.521751558676,2.3555571845
0.721829017608,1.57842484317
0.546599550713,2.25272878872
0.450651798365,2.66867017188
0.503399429325,2.43346148663
0.815478747419,1.21946856623
0.807537819193,1.250952461
0.657473443935,1.82000747217
0.73859628992,1.51543486175
0.740293570674,1.50904372557
0.440625435032,2.71560128169
0.866963259625,1.00563197091
0.560877351128,2.19485971734
0.518338745146,2.3699110086
0.760891117012,1.43115472116
0.777226156713,1.36879486249
0.565135301342,2.17775730279
0.851730660612,1.07105527422
0.71699742382,1.59654000822
0.766835527365,1.40853367663
0.389974357634,2.96620905434
0.418185608683,2.82366418389
0.831060560586,1.15672788726
0.631360710193,1.9191611333
0.793868316017,1.30450362477
0.669402759448,1.77503507615
0.719863615865,1.58579509837
0.798416674899,1.28676812454
0.423860004624,2.7959219421
0.736962278214,1.5215846799
0.780105265602,1.35773349622
0.530582042918,2.31868473725
0.40652301522,2.88162798419
0.544637599714,2.26074656175
0.512903368119,2.39289488197
0.758114688284,1.44169540707
0.540935373728,2.27592154023
0.850862076484,1.07472163322
0.84487043227,1.09984381694
0.535902323656,2.29664877625
0.406699978964,2.88073863926
0.566880980562,2.17076527924
0.620311332009,1.96149835825
0.849871838238,1.0788937509
0.599605621061,2.04160873579
0.447263532579,2.68444158612
0.685359785643,1.71509071746
0.393384904539,2.94854246495
0.437476672383,2.7305058723
0.41767081426,2.82619559458
0.760469826668,1.43275511814
0.40793681822,2.87453143107
0.479256211686,2.53886052246
0.446922417187,2.6860343139
0.598502820629,2.04590716005
0.435271607663,2.74099213801
0.867550106334,1.00306520625
0.490125117647,2.49097555243
0.718409222018,1.59124784814
0.454828199896,2.64935085256
0.410316570363,2.86263051905
0.38697734869,2.98183826017
0.573689682683,2.14359991535
0.814873202535,1.22188016247
0.759605063883,1.43603907614
0.708095759167,1.62989361706
0.777013587274,1.36961062352
0.49499425311,2.46975907227
0.389660567011,2.96784082551
0.71096305797,1.6191522033
0.641559143353,1.88030042664
0.788178763726,1.32658371979
0.577297334183,2.12927225176
0.568533380621,2.16415719603
0.412693420602,2.85079880828
0.575519293462,2.13632808005
0.581078976399,2.11430098821
0.561624206497,2.19185493134
0.786679302479,1.33238455934
0.579827412244,2.11925056125
0.432245520922,2.75544909933
0.728149024028,1.55470911728
0.844975361603,1.09940631947
0.815669754611,1.21870749248
0.769509816757,1.39833131285
0.436998877102,2.73277462063
0.455069491041,2.64823869039
0.865663278647,1.01130476184
0.757771444309,1.44299750078
0.567684259583,2.16755165419
0.649660959399,1.84955789929
0.674976674975,1.75407303072
0.756593061005,1.44746602073
0.598978909592,2.04405107062
0.521134347423,2.35814873765
0.47972163142,2.53679470186
0.658110257908,1.81760243718
0.7103282958,1.62153025504
0.585746310587,2.09588809509
0.555541626747,2.2163897403
0.844194575187,1.10265973602
0.767444885851,1.40621044085
0.857069863593,1.04837346641
0.863051290169,1.02264948988
0.586371852208,2.09342560279
0.650866897008,1.84499077029
0.623163496186,1.95054474855
0.803047191747,1.2686292213
0.699996578928,1.66023180462
0.826184370521,1.17651188302
0.535674252309,2.29759073628
0.729146790864,1.55096244554
0.600740892294,2.0371873115
0.484726958236,2.51466557077
0.497010590086,2.46101436882
0.453962098639,2.65334648182
0.825486215418,1.17933276978
0.711372689165,1.61761753148
0.408347246594,2.87247497491
0.563982188676,2.18238211825
0.593247526102,2.06643884546
0.786026512893,1.33490766812
0.86242343137,1.02536611134
0.392431960508,2.95346606841
0.677086831263,1.74614434204
0.636068477071,1.90119836218
0.616572742737,1.9758843061
0.417322920051,2.8279076929
0.722468403391,1.57602669954
0.733000557711,1.53648357199
0.417472266164,2.82717257554
0.819073507311,1.20511367669
0.505842146906,2.42298781762
0.572161774037,2.14968157605
0.569224045521,2.16139811633
0.749762452622,1.47332039728
0.691735708962,1.69118441112
0.82394788386,1.18553837344
0.541680517716,2.27286246753
0.479424859038,2.53811179943
0.552734333935,2.22776274065
0.425836699308,2.78632590924
0.765184178775,1.41482539918
0.645886882973,1.86386551943
0.47034232567,2.57870100427
0.81707002268,1.21312240972
0.428656517062,2.77269650965
0.704466905197,1.64348667809
0.45097524758,2.66716922636
0.557675708452,2.20776516688
0.853477189717,1.06366346454
0.648819950978,1.85274426775
0.528127298214,2.32889683102
0.422007914194,2.80494475162
0.479329202667,2.53853645074
0.69448844834,1.68086819032
0.759169839374,1.43769129855
0.642269621355,1.87760017553
0.580601814184,2.11618741514
0.650044280432,1.84810594878
0.432863659186,2.75248968867
0.809122112552,1.24469481358
0.815486235504,1.21943873321
0.718330398651,1.59154334175
0.741696012063,1.5037602287
0.832144085013,1.15231167302
0.576915274004,2.13078747722
0.618090832733,1.97003884189
0.793672528685,1.30526533414
0.724674700251,1.5677496918
0.730711206615,1.54508636411
0.821444122887,1.19560973554
0.471986064929,2.57131440959
0.827635479872,1.17063946179
0.439341298348,2.72166992209
0.400130926753,2.91396218974
0.463846043673,2.60807589637
0.588704169693,2.08425507654
0.44761343188,2.68280878773
0.600479452923,2.03820519421
0.750980302918,1.468716403
0.796744720037,1.29329670023
0.470100198926,2.57979062042
0.846638535357,1.09246034121
0.598613390449,2.04547603331
0.814717330514,1.22250062875
0.475107574135,2.55733714847
0.451405789605,2.66517256233
0.40940737244,2.86717082126
0.799158673564,1.28386732054
0.834076770795,1.14441564463
0.705132576656,1.64099323564
0.65310484705,1.83652087812
0.635205275361,1.9044887864
0.834695072684,1.14188437923
0.38753554469,2.97891979235
0.626709141744,1.93695270504
0.415072590719,2.8390095251
0.453154427864,2.65707762175
0.641492911775,1.88055219135
0.691949054382,1.6903847811
0.501735159518,2.44061651886
0.563556650079,2.18409009546
0.602301150341,2.03111656247
0.619344925515,1.96521395841
0.633142047532,1.91235929966
0.525552901388,2.33963779595
0.539741665187,2.28082724045
0.668753309525,1.77747940063
0.475121093048,2.55727675591
0.64476288054,1.86813101432
0.848541267187,1.08448696905
0.385649047276,2.98879708971
0.710180643145,1.62208340504
0.747656223162,1.48127745708
0.43070010749,2.76286220439
0.715612056888,1.6017323242
0.785657141396,1.33633472745
0.722461988353,1.57605076157
0.458185795161,2.6339137684
0.496778969061,2.46201768258
0.567704565316,2.16747044902
0.468851671742,2.58541559754
0.529938906489,2.32135750548
0.581060557257,2.11437379305
0.584656907446,2.10017957707
0.728048160576,1.55508782249
0.692773798359,1.68729374988
0.707203248189,1.63323689435
0.55192986576,2.23102771981
0.486414413526,2.50724076135
0.49775461022,2.45779360569
0.597963795039,2.04800939069
0.466883679355,2.5943037816
0.477311904795,2.54750576764
0.716549815191,1.59821771146
0.723272186329,1.57301161841
0.61247364229,1.99169554697
0.842356687354,1.11029961803
0.732904359738,1.53684515444
0.41080130937,2.86021312744
0.525171448095,2.34123204523
0.615164496965,1.98131168451
0.799398514066,1.28292921308
0.394402952346,2.94329321769
0.485549028205,2.51104624148
0.687551438317,1.70687103339
0.437520309859,2.73029875946
0.56317438208,2.18562498008
0.782637782299,1.34798392707
0.580830861508,2.11528179907
0.673519057513,1.75955204093
0.466613020969,2.59552827692
0.505939291674,2.42257197328
0.491017459186,2.48707666897
0.782514310814,1.34845970483
0.59251540457,2.06930556406
0.681708116789,1.72879214752
0.650994037506,1.84450938995
0.788284328534,1.32617505129
0.493465689481,2.47640429739
0.673209676946,1.76071520304
0.841631641524,1.1133065901
0.392415136466,2.95355308126
0.566453013477,2.17247838667
0.54858696782,2.24462362396
0.847802329609,1.08758693575
0.451949068564,2.66265508813
0.572731410818,2.14741324479
0.774696239166,1.37849579638
0.773249780622,1.38403461425
0.481917440415,2.52706714178
0.669776906056,1.77362709663
0.748586206145,1.47776492751
0.708402368489,1.628745062
0.441584249822,2.71107878702
0.52208545301,2.35415602018
0.775554720609,1.37520588554
0.591296469003,2.07408202757
0.805267472387,1.25990031462
0.650046005004,1.84809941692
0.464645194705,2.60444639439
0.828337790133,1.16779277898
0.673258028129,1.76053341401
0.417284835903,2.82809518534
0.480058891272,2.53529860811
0.791248971054,1.31468280127
0.866257298317,1.00871483361
0.49542550413,2.46788676338
0.396299148126,2.93354539579
0.608752770452,2.00608377894
0.52970438185,2.32233263909
0.794535984384,1.30190501469
0.678444387502,1.74104532404
0.670079313588,1.77248918425
0.459042881677,2.62998646326
0.72074714475,1.58248211344
0.481588872448,2.52852075217
0.580613311714,2.11614195164
0.454554862014,2.65061125007
0.509068213337,2.40920578311
0.737844196039,1.51826583126
0.411720005831,2.85563780532
0.626019815754,1.93959309066
0.855667132895,1.05435716436
0.516983723891,2.37562648045
0.463135306769,2.61130764867
0.640785840011,1.88324044166
0.734129477596,1.5322396123
0.773440668876,1.38330396959
0.749169547839,1.47556099394
0.392931488799,2.95088392646
0.775588113196,1.37507787743
0.852396265135,1.06824135319
0.799813447302,1.28130571224
0.727949504667,1.55545823171
0.826990060039,1.17325292927
0.412804519617,2.85024709341
0.633465188821,1.91112608557
0.746619935243,1.48519000368
0.704470889618,1.64347175343
0.806472814514,1.25515267268
0.722964825091,1.57416461012
0.782077931454,1.35014085559
0.738891361642,1.51432400349
0.392915291357,2.95096761162
0.790876870468,1.31612687737
0.385906200475,2.98744835325
0.677414797591,1.7449123623
0.615226034479,1.98107441993
0.723087049812,1.57370612022
0.675616277295,1.75166940983
0.436144476299,2.73683634614
0.754852586135,1.4540614198
0.663081580718,1.79884487677
0.551081701811,2.23447291205
0.484497133076,2.51567817925
0.709426835299,1.62490733048
0.794423599821,1.30234253712
0.703007665959,1.64895263557
0.434143979829,2.74637029398
0.83840989901,1.12662177348
0.860576313149,1.03333549784
0.680139762327,1.73467936795
0.856275737995,1.05176321512
0.513354386097,2.39098184998
0.650542507462,1.84621908514
0.553041952515,2.22651495098
0.798791511404,1.28530299158
0.507552966067,2.41567196526
0.840419463732,1.11832520389
0.567191769692,2.16952164516
0.51365247244,2.38971807964
0.768418789362,1.4024955725
0.541141928037,2.27507331853
0.670924071469,1.76931096093
0.46593795812,2.59858457993
0.467390366766,2.59201282891
0.788679040077,1.32464669297
0.587160109536,2.0903243231
0.426947344131,2.7809493609
0.79531537805,1.29886948907
0.629626005861,1.92579096078
0.446359628526,2.68866406203
0.623766827364,1.94822999213
0.496953594955,2.46126122586
0.653394394398,1.83542556534
0.579090477049,2.12216735968
0.841845362505,1.11242063271
0.430938240191,2.76171858721
0.761411258404,1.42917831786
0.773782139569,1.38199672134
0.472802747251,2.56765122104
0.772391548408,1.38731844006
0.512651907736,2.39396193983
0.630765150335,1.92143660954
0.854787934036,1.05809850886
0.649635488667,1.84965438566
0.552897091937,2.22710249929
0.796455163655,1.29442625905
0.490619881497,2.48881319892
0.855165301391,1.0564935098
0.703742523053,1.64620003406
0.665977159227,1.78793283871
0.687427165808,1.70733704556
0.506640255387,2.41957292319
0.427454538999,2.77849767392
0.42821569579,2.77482260385
0.807853731526,1.24970557703
0.420283933062,2.8133712926
0.403928142518,2.89470446507
0.523950486824,2.34633973849
0.400262917555,2.91329032725
0.588654706768,2.08444938601
0.481215931424,2.53017150773
0.729184847645,1.55081952465
0.653510679109,1.83498571173
0.495182445409,2.4689418865
0.73450555633,1.53082554373
0.865581889134,1.01165933088
0.475077365202,2.55747210414
0.821973571987,1.19348295118
0.399385930391,2.91775774719
0.561326779398,2.19305129882
0.743673778863,1.49630509541
0.419612366328,2.81666112735
0.836743580848,1.13347965204
0.416015813747,2.83435044115
0.768366779273,1.40269401598
0.603045469758,2.02822286956
0.516092906605,2.37938909374
0.684046563217,1.72001714257
0.796337145172,1.29488655773
0.758840447909,1.43894150848
0.760545097065,1.43246920706
0.816757078635,1.21437148428
0.833935388253,1.14499409469
0.597245948259,2.05081031938
0.468865814239,2.58535182158
0.714140399328,1.60724731956
0.81777464334,1.21030815393
0.76888804303,1.40070485793
0.696082803298,1.67489419888
0.483954252993,2.51807142332
0.5020460439,2.43927877786
0.713643033918,1.60911102854
0.51500878059,2.38397375101
0.623836278494,1.94796358515
0.616727288441,1.97528897409
0.612035207075,1.993389127
0.744293984821,1.49396619992
0.613507967327,1.98770205259
0.400879875188,2.91015224556
0.685875304743,1.71315706156
0.655400473691,1.82784010359
0.782356968522,1.34906593174
0.730150297194,1.54719342121
0.596560452398,2.05348639811
0.529196602585,2.32444483889
0.423892129049,2.7957657133
0.446376415947,2.68858558338
0.733383454643,1.53504427919
0.711356325742,1.61767883727
0.524034755835,2.34598697715
0.506730937224,2.41918514142
0.729239793499,1.5506131754
0.483857332016,2.51849888686
0.476953773681,2.5491008676
0.843417416571,1.10589340549
0.394611513524,2.9422191988
0.607367622716,2.01144901271
0.460343708901,2.6240360844
0.557721523162,2.20758021095
0.38991936393,2.96649495437
0.698320320467,1.66651131999
0.455601438566,2.64578836353
0.461927583491,2.61680746904
0.744261140622,1.49409007348
0.83114995043,1.15636383614
0.5849220488,2.09913475861
0.534507616602,2.30241279955
0.694694460593,1.6800962307
0.461043548065,2.62083987496
0.653508016478,1.83499578307
0.4393704087,2.72153220205
0.528883887986,2.32574624359
0.641226074546,1.88156659088
0.641735489533,1.87963012244
0.712211007923,1.61447667773
0.861010057137,1.03146712767
0.537185245873,2.29135458038
0.724882170865,1.5669712016
0.767709146225,1.40520265974
0.587551891887,2.088783639
0.390278230265,2.96462988314
0.519875921922,2.36343856265
0.800123085806,1.28009374859
0.488528596997,2.49796326296
0.694381758441,1.68126797863
0.472138477728,2.57063042812
0.499531838563,2.4501131883
0.711109021429,1.61860535933
0.565626773965,2.17578765028
0.754032768888,1.45716620247
0.742568526257,1.50047192892
0.604037013288,2.02437037755
0.784399235817,1.34119138104
0.397557064259,2.92709967376
0.657839420918,1.81862523416
0.726595115842,1.56054263144
0.809657568323,1.24257727418
0.562779655909,2.18721046647
0.594487321174,2.06158788981
0.488033762233,2.50013223795
0.749736103748,1.47341998161
0.389813927997,2.96704318467
0.763532918146,1.4211108129
0.847190447539,1.0901505502
0.654110829064,1.83271591282
0.430359071689,2.76450085544
0.709984610858,1.62281779324
0.579107323133,2.12210066243
0.519526505534,2.36490876288
0.814904324818,1.22175626214
0.510763148835,2.40198751971
0.764844645307,1.41611829208
0.770991100451,1.39267295823
0.85001725717,1.07828157823
0.617502020167,1.97230544581
0.507979052899,2.41385241498
0.456786396349,2.64033760526
0.688475982494,1.70340429883
0.41426633041,2.84299871008
0.453921865822,2.65353222651
0.802622966022,1.27029466687
0.485715989571,2.51031167595
0.578752957458,2.12350387233
0.552592462782,2.22833834079
0.56507845369,2.17798518653
0.435391471986,2.74042107847
0.547435347406,2.24931817658
0.613133959601,1.9891457805
0.421441278076,2.80771140195
0.735720335665,1.52625697313
0.683467956383,1.72218804756
0.745356978127,1.48995627858
0.797444666011,1.29056489226
0.837070568727,1.13213542325
0.815987667466,1.21744034962
0.59412401699,2.06300892285
0.843949008474,1.10368200824
0.430598585597,2.76334990486
0.837129980966,1.13189110376
0.698850281788,1.66452595793
0.417504413218,2.8270143671
0.619808808546,1.96343017384
0.530154204431,2.32046254474
0.457156643982,2.63863660941
0.705254798289,1.64053542234
0.463459280027,2.60983408309
0.478701063381,2.54132644807
0.771608221683,1.3903140374
0.408411361617,2.87215387483
0.644202924797,1.87025677061
0.42921279326,2.77001598245
0.677026618473,1.74637053576
0.420526370153,2.81218466677
0.802915211688,1.26914743554
0.798501321646,1.28643731173
0.450710240382,2.66839891623
0.509038134429,2.40933402086
0.502802641587,2.43602540439
0.75086829244,1.46913994836
0.560190507013,2.19762495527
0.650162652659,1.84765762098
0.81018991231,1.24047072429
0.663603584276,1.79687699739
0.727562589386,1.55691085641
0.644186220305,1.87032019371
0.390591727883,2.96300174712
0.484854848033,2.51410223237
0.729122842247,1.55105238313
0.832438368486,1.1511109381
0.515714646789,2.38098802148
0.637539410293,1.89559452948
0.465722873614,2.59955903035
0.770364582951,1.39506684022
0.525508670967,2.33982261652
0.637961303995,1.89398796902
0.724743170074,1.56749277616
0.563617471281,2.18384593666
0.394532219166,2.94262748324
0.48524474477,2.51238541839
0.608178772571,2.00830650173
0.559433802856,2.20067356024
0.765682788574,1.41292630904
0.749347535293,1.47488843327
0.814905972724,1.22174970156
0.52021860622,2.36199728854
0.550671358035,2.23614076736
0.602186597189,2.03156204536
0.556289997495,2.21336325466
0.743679336718,1.49628413812
0.68632675016,1.71146385637
0.809254465241,1.2441715282
0.764190497262,1.41860848482
0.462336955814,2.61494207183
0.478111673572,2.54394666248
0.435087967937,2.74186727042
0.820251104385,1.20039642149
0.418333225649,2.8229387555
0.725175424582,1.5658707802
0.393201524864,2.94948918158
0.433207858354,2.75084319934
0.449230764413,2.67527389019
0.534016082192,2.30444633725
0.562586782505,2.18798539077
0.653042941505,1.83675507267
0.630088929143,1.92402113238
0.454136708782,2.65254049185
0.39678499179,2.9310539065
0.499297169521,2.45112628448
0.724514536162,1.5683506551
0.622311621063,1.9538144383
0.570299824996,2.15710400404
0.386268246312,2.9855507217
0.773359326627,1.38361532693
0.430177500492,2.76537369934
0.618523497007,1.9683738374
0.767106388282,1.40750109864
0.538275796971,2.28686009876
0.587828211217,2.08769730136
0.558859671596,2.20298809986
0.786664058687,1.33244349406
0.860783900549,1.03244153569
0.783718326933,1.34381824307
0.604550164032,2.02237764808
0.72011409371,1.58485591649
0.532439111034,2.31097801697
0.779551688541,1.35986213222
0.417233596889,2.82834746188
0.498489676451,2.45461475524
0.743797959093,1.49583683283
0.396758206743,2.93119120029
0.861542551402,1.02917086559
0.618116624941,1.96993957458
0.697909319325,1.66805106295
0.567274232142,2.16919172817
0.463539578461,2.6094689676
0.585871738067,2.09539424109
0.509645488695,2.40674558811
0.720395378525,1.58380118492
0.534805995364,2.30117891358
0.402016335801,2.9043819549
0.848401461257,1.08507381808
0.4666256596,2.59547108668
0.666668769067,1.78532786251
0.827049374515,1.17301285411
0.858952394256,1.04031443331
0.538298617144,2.28676610736
0.63406285626,1.90884571991
0.702265607547,1.65173223278
0.762264242024,1.42593601008
0.644736199333,1.8682322923
0.44362102091,2.70149637871
0.717978888721,1.59286105184
0.854329318899,1.06004735575
0.460519669404,2.62323212905
0.39046286249,2.96367087434
0.422543779161,2.8023310128
0.489157024834,2.49521088094
0.549320754337,2.24163526402
0.847953196455,1.08695438321
0.802229284829,1.27183952844
0.518094818393,2.37093919532
0.734763191099,1.52985674825
0.76237675999,1.42550820235
0.433117990497,2.75127298872
0.514374533643,2.38665875702
0.737794167523,1.51845412216
0.514354257904,2.38674462658
0.747404280085,1.48222882174
0.818979277655,1.20549082427
0.565918004713,2.1746209213
0.768150987905,1.40351729638
0.684538244832,1.71817253182
0.590022935721,2.07907723183
0.860566360681,1.03337834698
0.795626985407,1.29765523272
0.467788446994,2.59021418616
0.853537010488,1.06340981666
0.847567931786,1.08856935209
0.472842279304,2.56747401591
0.597621425475,2.04934508092
0.475598313957,2.55514565982
0.580283718337,2.11744540237
0.715195602632,1.6032930475
0.522132194801,2.35395991595
0.545445438738,2.25744322504
0.575837073041,2.13506623591
0.601474514229,2.03433205424
0.443634381029,2.70143363282
0.772424125077,1.38719382708
0.709567186767,1.62438155101
0.459312221822,2.62875341074
0.593180880297,2.06669973989
0.765887190171,1.41214763167
0.746934372269,1.48400299818
0.860026075408,1.03570303685
0.661126637513,1.80621757491
0.396276725888,2.9336604407
0.708982095384,1.6265733787
0.745807753368,1.48825535424
0.77845905974,1.36406098174
0.677749126884,1.74365656609
0.773292707613,1.38387031486
0.825059501852,1.18105549711
0.78123451369,1.35338850918
0.598126287924,2.04737557222
0.497787762917,2.45765016693
0.56069362758,2.19559921127
0.764365581412,1.41794206986
0.853550147004,1.06335411192
0.822153804788,1.19275860598
0.751375995094,1.46722001079
0.788088864544,1.32693171349
0.797183662508,1.29158377788
0.701709250999,1.65381625061
0.414510112713,2.84179188626
0.544973440807,2.25937293254
0.626048186442,1.93948440008
0.653082025637,1.83660721305
0.783207553819,1.34578780456
0.600563639175,2.03787740444
0.77470549088,1.37846035193
0.459636907303,2.62726768589
0.447467332819,2.6834904402
0.53778624606,2.28887701836
0.862367988724,1.0256058107
0.67247923021,1.76346176435
0.63114695551,1.9199777519
0.716152771951,1.59970582424
0.568243110622,2.16531728802
0.415742274616,2.83570073852
0.600661191156,2.03749759816
0.616414085448,1.97649553531
0.860307686937,1.03449169759
0.652161776303,1.84008919933
0.584637594654,2.10025569002
0.496339912232,2.46392040605
0.520402322501,2.36122485223
0.777511648082,1.36769905907
0.578972968297,2.12263262843
0.542809163728,2.26823362942
0.647971066856,1.85596157649
0.537738287432,2.28907466303
0.824076266408,1.18502100148
0.564653703126,2.17968825497
0.403014187254,2.89932626386
0.584066424393,2.10250724843
0.430885414512,2.76197223718
0.545187713053,2.25849678742
0.508748006793,2.41057119623
0.853092283754,1.06529476768
0.761353124505,1.42939923881
0.428439380724,2.7737435534
0.575044632267,2.13821351976
0.723596404689,1.57179532988
0.638649699858,1.89136726846
0.642619224391,1.87627178666
0.835402617352,1.13898463355
0.443346078813,2.70278796207
0.415251920644,2.83812307553
0.75990141674,1.43491383448
0.633211536953,1.91209408796
0.730264645921,1.54676389147
0.44546002536,2.69287280797
0.499577075606,2.44991793055
0.797567135453,1.29008671511
0.802038300602,1.27258874654
0.401126684726,2.90889796931
0.645665605537,1.86470508661
0.757305185982,1.44476589539
0.52475741728,2.34296325541
0.663843018093,1.79597447057
0.713006334169,1.61149674235
0.431746407312,2.75784103769
0.595315365878,2.05835051145
0.841967790506,1.11191296852
0.647875583187,1.85632353379
0.695699251991,1.67633129091
0.411091300753,2.85876802556
0.436225737574,2.73644977827
0.731283401235,1.54293663827
0.680991319318,1.73148262458
0.5332987853,2.30741588712
0.629186016207,1.92747351371
0.690946345612,1.69414313567
0.546352136472,2.25373897384
0.52201170303,2.35446545891
0.411949258715,2.85449733686
0.756957975016,1.44608251276
0.517978942722,2.3714277348
0.463926864243,2.60770862853
0.659724824722,1.81150708656
0.468365139899,2.58761046442
0.608629824267,2.00655979869
0.422156602583,2.80421924838
0.602881468831,2.02886032689
0.49666535072,2.462509958
0.521831532882,2.35522152757
0.634568348336,1.90691757874
0.832764489642,1.14977964595
0.479746837041,2.53668286368
0.552837814359,2.22734295123
0.487149080539,2.50401375533
0.815350073966,1.21998116551
0.808584477455,1.24681964589
0.653255675011,1.83595030445
0.466041945097,2.59811357819
0.519009250192,2.36708629778
0.636281279261,1.90038739924
0.864005015446,1.01851527821
0.711814662038,1.61596165152
0.620415710762,1.96109717437
0.596549291116,2.05352998137
0.485375816239,2.51180849099
0.4596134829,2.62737484773
0.801115866643,1.2762052796
0.710067518593,1.62250720002
0.470939480695,2.57601540173
0.51929130087,2.36589875592
0.432926426769,2.7521893628
0.674313191452,1.75656675994
0.722813823994,1.57473103395
0.415624792266,2.83628089305
0.404839862669,2.89010232989
0.514759510086,2.38502875602
0.475830555934,2.55410909625
0.701094464805,1.65611916419
0.776712493698,1.37076589489
0.859618600568,1.03745441733
0.505713358135,2.42353919972
0.799280471785,1.2833909498
0.449910506951,2.67211310851
0.538633394781,2.28538749887
0.605016438463,2.0205675656
0.652930012514,1.83718230784
0.855197608647,1.05635604295
0.62541656525,1.94190460146
0.609148077903,2.00455350091
0.823644842189,1.18675923543
0.816721650113,1.21451286073
0.638761544187,1.89094156147
0.816700566887,1.21459698964
0.618167827706,1.96974251343
0.622488994697,1.9531335059
0.702289024033,1.65164451902
0.861160132701,1.03082024249
0.655378024642,1.82792495803
0.7134613504,1.60979180821
0.401044579413,2.90931515614
0.507987311118,2.41381715907
0.832888702407,1.14927240324
0.468483919103,2.58707447119
0.475519491237,2.55549754964
0.553044173271,2.22650594436
0.609110876244,2.00469749551
0.429658853699,2.76786848861
0.548044754121,2.24683324955
0.560550932333,2.19617365443
0.808694158966,1.24638627181
0.799490505788,1.28256933798
0.481702645279,2.52801733431
0.417927329493,2.82493391973
0.39740786776,2.92786331025
0.466525523114,2.5959242383
0.467800691433,2.59015887961
0.627143662817,1.9352888357
0.757296994935,1.44479695825
0.402479966778,2.9020316783
0.755153851211,1.45292018451
0.531085052141,2.31659567763
0.466138173461,2.59767778593
0.732752990252,1.53741409449
0.429001322538,2.77103467979
0.691210792492,1.69315189832
0.485502570774,2.51125066715
0.731565411471,1.54187702596
0.597179955958,2.05106788525
0.407481165719,2.87681641927
0.492356421634,2.48123538843
0.80264241613,1.27021832515
0.566887726925,2.17073827965
0.788968693785,1.32352479675
0.764646358076,1.41687322421
0.837241832794,1.13143107208
0.560389287164,2.19682447838
0.823948042788,1.18553773303
0.40248787118,2.90199162755
0.772216493839,1.38798801687
0.475115755077,2.55730060189
0.581903886973,2.1110415294
0.501116901731,2.44327852009
0.729104307229,1.55112198996
0.575507574888,2.13637461899
0.682989249702,1.72398428474
0.46977144344,2.58127072338
0.731293710651,1.54289790337
0.570447934001,2.15651313343
0.826871651781,1.17373212357
0.629856700339,1.92490892532
0.790141468386,1.31897947297
0.463074416543,2.61158468613
0.476671228209,2.5503599063
0.606539722553,2.01465818322
0.416581243887,2.83156147216
0.653474137176,1.83512393164
0.812468126614,1.23144047528
0.831738831751,1.15396427599
0.808906471599,1.24554722503
0.583359445442,2.10529561811
0.856085942726,1.05257250706
0.390498903139,2.96348371684
0.456327197573,2.64244866735
0.861896930536,1.02764113491
0.856879107007,1.04918824548
0.857914028114,1.04476373709
0.840039807193,1.11989484659
0.506256812446,2.42121313592
0.761259267152,1.4297559019
0.805334880072,1.25963497438
0.661341218432,1.80540810087
0.462805546361,2.61280830338
0.44346534574,2.70222761307
0.518686452876,2.36844589555
0.509372036285,2.40791074553
0.848791379944,1.08343669886
0.628985440333,1.92824066173
0.579173999651,2.12183668512
0.462376615553,2.61476141698
0.837232365594,1.13147001276
0.656625136673,1.82321207261
0.470589162921,2.57759060155
0.67308529806,1.76118284779
0.40433522347,2.89264859311
0.677474433078,1.74468835523
0.779984009923,1.35819982881
0.814198279972,1.22456589551
0.547271675498,2.24998583498
0.804298207853,1.26371351023
0.383783354149,2.99860467827
0.550168205794,2.23818679555
0.57796972698,2.12660678852
0.784038664692,1.34258259852
0.663719556432,1.79643984135
0.634516560476,1.90711509513
0.789869140305,1.32003535178
0.413649118363,2.84605667989
0.53226788625,2.31168791234
0.760664336618,1.43201625811
0.749867727259,1.472922506
0.798669559111,1.28577973001
0.574645339356,2.13980018573
0.409053461498,2.8689403337
0.867556122987,1.00303887124
0.706363315513,1.63638315264
0.695926747967,1.67547890338
0.793995859854,1.30400734135
0.442198579122,2.7081850442
0.571374430018,2.15281872023
0.741973064298,1.50271618805
0.676332558229,1.74897803001
0.574341831284,2.14100660202
0.705631784813,1.6391233171
0.385666982029,2.98870300015
0.411276565241,2.85784522888
0.680679621172,1.73265268126
0.825831429768,1.17793829317
0.562019101799,2.19026703129
0.651368671817,1.8430910854
0.44411272278,2.69918803351
0.7888608645,1.32394247753
0.627924624905,1.93229936623
0.4328236296,2.75268123684
0.392625368019,2.95246599593
0.394784816101,2.94132710104
0.39062728191,2.96281716638
0.717024468259,1.59643863916
0.738898029693,1.5142988991
0.801698094122,1.27392298056
0.644972573643,1.86733509042
0.583051784569,2.10650955591
0.712861535087,1.612039289
0.663407569312,1.79761590918
0.627356483984,1.9344740447
0.620124237749,1.96221752439
0.553376592606,2.22515799106
0.625622513317,1.94111537079
0.596575218802,2.05342873791
0.455372385984,2.64684319755
0.720702931781,1.58264790903
0.62939533919,1.92667299799
0.638462608369,1.89207943494
0.429268814132,2.76974618347
0.726060044821,1.5625509338
0.610698602286,1.99855509567
0.502335954783,2.43803177832
0.775193349786,1.37659098489
0.659319534989,1.81303683541
0.561352492603,2.19294785694
0.498240556571,2.45569174318
0.86086096866,1.03210953968
0.861809647167,1.02801802211
0.499890647366,2.44856477564
0.492987562371,2.47848573928
0.635685478501,1.90265813553
0.590966163492,2.07537711836
0.396621947447,2.93188974957
0.666454403223,1.78613522521
0.475249110401,2.5567049286
0.63682577238,1.8983127859
0.80684363656,1.25369078113
0.612147088447,1.99295690829
0.866669002308,1.00691760926
0.51776189139,2.37234302266
0.445856645126,2.69101645904
0.491647141529,2.48432830997
0.42151363309,2.8073579604
0.580407802081,2.11695464325
0.3976403838,2.92667331816
0.484059034144,2.51760935954
0.727512866383,1.55709752706
0.669804556217,1.77352304967
0.72244558449,1.57611229035
0.82593240474,1.17753027761
0.535813255813,2.29701660807
0.559455339756,2.20058676182
0.614044534768,1.98563141589
0.493297602178,2.47713588052
0.642018538976,1.87855434336
0.446036139897,2.69017675409
0.592024358103,2.07122921863
0.829341236122,1.16372028361
0.678150067343,1.74215067972
0.780039490341,1.35798646406
0.57548938797,2.13644684713
0.788058737953,1.32704832551
0.48377011588,2.51888359843
0.729190318681,1.55079897827
0.520532949676,2.36067573301
0.45669123433,2.64077496304
0.81414152848,1.2247916247
0.546312406969,2.25390121251
0.759407301511,1.43678987774
0.401474724621,2.90713030153
0.655745916732,1.82653446107
0.566068422412,2.1740184408
0.8115003608,1.23527946098
0.414982701221,2.8394539736
0.692525428765,1.68822458115
0.455433972501,2.64655954068
0.591264666925,2.07420670559
0.833522182522,1.14668392256
0.505554861562,2.42421789534
0.474321935776,2.56084888826
0.552060485825,2.23049741107
0.474928925626,2.55813533251
0.394567887045,2.94244382206
0.799833458835,1.28122739619
0.59828552608,2.04675452195
0.595843008903,2.05628864739
0.519655918484,2.36436417435
0.715595971705,1.60179260689
0.797738430539,1.28941780318
0.500818040273,2.44456609098
0.606005297718,2.01673071658
0.600801423274,2.03695166848
0.625316310663,1.9422888282
0.450736647597,2.66827635705
0.758013472134,1.44207939289
0.754248131435,1.45635070198
0.833737259503,1.14580449339
0.554745350695,2.21961241609
0.658025146926,1.81792384262
0.556302750438,2.2133116998
0.471036752597,2.57557816778
0.696264923343,1.67421184321
0.853271720496,1.06453444234
0.722538271845,1.57576462996
0.621481672653,1.95700151675
0.496632875196,2.46265067889
0.485830831705,2.50980651575
0.712416218993,1.61370780645
0.658787814271,1.81504410678
0.457167995222,2.63858447538
0.863903825765,1.01895435524
0.397845454419,2.92562425669
0.741025445084,1.50628679253
0.521093794666,2.35831907789
0.830776465562,1.15788456373
0.824272137042,1.18423147588
0.717490936857,1.59469015664
0.446595611168,2.68756108171
0.58955807022,2.08090181445
0.724398819803,1.56878483261
0.602533659872,2.03021247224
0.567440651728,2.16852599013
0.436513730607,2.73508020912
0.804369585655,1.26343283961
0.409655805446,2.86592941378
0.5002279348,2.44710990891
0.56582118336,2.17500877223
0.477620532802,2.54613182608
0.568905201641,2.16267162449
0.739518322579,1.51196334911
0.51982822236,2.3636392263
0.610519263788,1.99924857863
0.419119113986,2.81908007605
0.719977812596,1.58536691462
0.735452211162,1.5272654701
0.549449938286,2.2411093927
0.665888980854,1.78826500313
0.85847963004,1.04234144501
0.725623520532,1.56418920992
0.760040002634,1.4343875695
0.429834903842,2.76702139389
0.772854466177,1.3855474253
0.865875494353,1.01037992793
0.681770219799,1.72855906176
0.676647241077,1.74779576006
0.422021797429,2.80487700195
0.468454186463,2.58720863112
0.650535158714,1.84624691331
0.594988873213,2.05962674916
0.618476834684,1.96855338524
0.501247763995,2.44271489213
0.473933666654,2.56258593723
0.771935444774,1.38906285766
0.533411266583,2.3069500662
0.510749597566,2.40204516959
0.607030756397,2.01275458379
0.591903922032,2.07170113249
0.659638258234,1.81183381079
0.661129099807,1.80620828596
0.38514198012,2.9914587658
0.737792924556,1.51845880024
0.644777182834,1.86807672537
0.400473095799,2.91222084243
0.617225692979,1.97336943288
0.46221683685,2.61548929667
0.622062065067,1.95477259499
0.763282373064,1.42206398655
0.691340205561,1.69266682373
0.728608997575,1.55298198663
0.629585169272,1.92594710632
0.617351559563,1.97288476629
0.696229418977,1.67434486806
0.504940083015,2.42685174463
0.798826029822,1.28516804087
0.489174572818,2.4951340591
0.687442150227,1.70728085476
0.674664991423,1.75524445924
0.52424676951,2.3450996144
0.543584399118,2.26505743075
0.442717806136,2.70574163656
0.834611797379,1.14222544796
0.411365859364,2.85740057556
0.763950453022,1.41952204754
0.673059418208,1.76128015364
0.630163598933,1.92373569864
0.577004771404,2.13043249193
0.855050993642,1.05697981219
0.537558639736,2.28981511025
0.837765370235,1.12927667932
0.695690434295,1.67636432954
0.424419848088,2.79320060737
0.423413549696,2.79809411522
0.439846699209,2.71927987057
0.604314425158,2.02329301026
0.552729684847,2.22778160164
0.619452043345,1.96480201096
0.643196182756,1.87407996716
0.474033834394,2.56213770779
0.712580116141,1.61309371991
0.828322541028,1.16785462013
0.568577117754,2.16398242291
0.738996924544,1.51392656614
0.476626757381,2.55055811861
0.493181875949,2.47763966513
0.691637907942,1.69155098018
0.462181094647,2.615652147
0.44543984757,2.69296728172
0.504696024691,2.42789792669
0.582790224466,2.10754183501
0.523541173947,2.34805367553
0.66709516804,1.78372206792
0.68417445604,1.71953732162
0.766052743918,1.41151687896
0.806663652953,1.25440040646
0.492256784143,2.48166969033
0.743200894564,1.49808807656
0.506762519612,2.41905009659
0.415939206058,2.83472853639
0.498612271059,2.45408488932
0.6916589248,1.69147220636
0.644238179083,1.87012291973
0.63257640105,1.91451848214
0.638991113767,1.8900678336
0.746846234814,1.484335733
0.555935228166,2.21479769898
0.560914122716,2.19471172596
0.599935712451,2.04032279174
0.448781557008,2.67736464529
0.559217391887,2.20154584384
0.581682055446,2.11191783015
0.866687155338,1.00683832372
0.452578672647,2.65974039855
0.506110890936,2.42183754132
0.556099862966,2.21413196629
0.621261897598,1.95784573104
0.396051468643,2.93481649289
0.578483246982,2.12457214859
0.671742937399,1.76623079759
0.614591342566,1.98352198131
0.605935726626,2.01700057303
0.431608412573,2.75850273483
0.692933493629,1.68669526038
0.817941614942,1.20964089023
0.757933429428,1.44238303892
0.817948527697,1.20961326185
0.462177068138,2.61567049335
0.655795018728,1.82634888746
0.61185980816,1.99406678847
0.766440037369,1.41004106844
0.682258381299,1.72672697517
0.559792387491,2.19922862021
0.405424128341,2.88715747255
0.720697757854,1.58266731084
0.788107534067,1.32685944722
0.711122534558,1.61855473292
0.836566967256,1.13420539492
0.777386196485,1.36818060845
0.515777141756,2.38072380015
0.768131516659,1.40359157713
0.521839816339,2.35518676318
0.573754026368,2.1433439824
0.649324423257,1.85083282038
0.673474306832,1.75972028252
0.452302483616,2.66101861845
0.567227869941,2.16937721168
0.847710533644,1.08797172688
0.798655190298,1.28583589703
0.691484996877,1.69212411494
0.738926978974,1.51418990801
0.721697204966,1.57891920439
0.859766546296,1.0368187118
0.595836064294,2.0563157795
0.56403437305,2.18217271357
0.824946776902,1.18151041338
0.500817396712,2.44456886415
0.818217983605,1.20853612547
0.489432073197,2.49400698594
0.648668921985,1.85331659301
0.467765037456,2.59031992691
0.528352047042,2.3279606466
0.566412327168,2.17264128484
0.62085977516,1.95939067098
0.823041650937,1.18918775618
0.653300796735,1.83577961779
0.762174787097,1.42627611054
0.502943796512,2.43541879441
0.389309635665,2.96966701132
0.39315257536,2.94974194935
0.460428042354,2.62365074085
0.803535974835,1.26670939743
0.8244639239,1.18345819807
0.588785802175,2.08393440914
0.527378369742,2.33201822304
0.551881049614,2.23122592804
0.749506555434,1.47428750322
0.469952039014,2.5804575655
0.733794854187,1.53349769204
0.669842010956,1.7733821095
0.560357792287,2.19695129638
0.763579733149,1.42093269519
0.609961922525,2.0014042766
0.774506524586,1.3792225667
0.475570287488,2.55527077423
0.575142818692,2.13782344185
0.413339102774,2.84759401116
0.400110826612,2.91406451962
0.643687715011,1.87221311645
0.565878360746,2.17477972452
0.702947343552,1.64917858985
0.725397633081,1.56503691488
0.570477649584,2.15639459464
0.481823261281,2.52748372724
0.411838964547,2.85504595634
0.56442491147,2.18060589123
0.412705307154,2.85073977434
0.845177498685,1.09856327907
0.684707107352,1.71753905321
0.818052906359,1.2091960586
0.532774084282,2.30958961881
0.391710688018,2.95719917984
0.493230737305,2.47742694995
0.530754249672,2.31796940681
0.6953885487,1.67749546306
0.584396943054,2.10120421338
0.581418664712,2.11295851155
0.413629969574,2.84615161008
0.716991245818,1.59656316481
0.681305658075,1.73030272181
0.534623738975,2.30193254987
0.75723505724,1.4450318402
0.834576985184,1.14236801377
0.459899703299,2.62606572095
0.688559419724,1.70309145665
0.859273165408,1.03893789526
0.615961437715,1.97823969471
0.595199416113,2.05880371558
0.50313163095,2.43461175393
0.447094121728,2.68523248163
0.688966384121,1.70156561722
0.507451003033,2.41610753258
0.533917728869,2.30485337092
0.440359514556,2.71685688182
0.523028849399,2.35020012661
0.653793423625,1.83391629395
0.462206849212,2.61553480191
0.427179478577,2.77982698575
0.629377666075,1.92674058199
0.767378418984,1.4064638931
0.742099150199,1.50224101548
0.622992873881,1.95119950742
0.760309255926,1.43336500099
0.499569068136,2.44995249254
0.536213931772,2.29536218397
0.402026874655,2.90432850623
0.845193584656,1.09849617672
0.775790174158,1.3743032275
0.635940780772,1.90168503758
0.773366761918,1.38358686725
0.71690609907,1.5968823132
0.669005238282,1.77653117024
0.661393917113,1.80520931157
0.512881172009,2.39298905645
0.515333498588,2.38259991051
0.470672259623,2.57721688264
0.828126539805,1.16864935678
0.554936298893,2.218839382
0.574762194788,2.13933578144
0.4195988543,2.81672736169
0.726411934473,1.56123019566
0.581470051766,2.11275545863
0.826127193278,1.17674301465
0.429364839022,2.76928378659
0.827331590654,1.17187029696
0.503366708728,2.43360200897
0.473147574259,2.56610586403
0.625739240493,1.94066809109
0.861263402335,1.03037498103
0.792538691321,1.30967380284
0.757707913959,1.44323847847
0.768338910761,1.40280034514
0.449532034786,2.67387255348
0.777975496193,1.36591818685
0.798206086416,1.28759101619
0.450527069561,2.66924918168
0.409719959373,2.86560893718
0.461473526924,2.61887788445
0.73092684266,1.54427625608
0.621650788876,1.95635197016
0.767600070093,1.40561865099
0.603023445756,2.02830847069
0.563276746383,2.18521391227
0.672839921045,1.76210546667
0.4761002729,2.55290571797
0.818793005118,1.20623622827
0.545797541912,2.25600431469
0.706404959936,1.63622716024
0.637190230003,1.89692444505
0.631713213858,1.91781464258
0.717269061926,1.59552183008
0.769530928963,1.39825070346
0.681528832779,1.72946505259
0.685557209869,1.71435018363
0.389245310847,2.97000189281
0.680489831689,1.73336514799
0.731819541829,1.54092210826
0.496152413,2.46473330753
0.786567916054,1.33281517815
0.707107466609,1.63359568019
0.776146695937,1.37293614724
0.601578028001,2.03392929819
0.463298920998,2.61056336964
0.641378173544,1.88098836131
0.458465633981,2.63263091291
0.843641610411,1.10496103125
0.653719894957,1.83419438883
0.543443688003,2.26563374088
0.59718668465,2.05104162281
0.52076068664,2.3597185977
0.497602493,2.45845183915
0.646751900729,1.86058423794
0.851101899496,1.07370996114
0.757244659012,1.44499542854
0.4449331787,2.69534059205
0.7079484365,1.63044548218
0.650583171828,1.84606509921
0.532492164366,2.31075808646
0.86304622191,1.02267143513
0.561146454292,2.19377680152
0.698212810749,1.66691408311
0.391160721104,2.96004943529
0.792269768358,1.31071872675
0.649676112715,1.84950049706
0.555793913632,2.21536921775
0.50071671956,2.44500272165
0.429373581168,2.76924169376
0.753056508834,1.46086195347
0.732709409624,1.53757789349
0.671698188647,1.76639910377
0.784875620945,1.33935268883
0.489613277571,2.49321410092
0.552674438024,2.22800574054
0.413197807795,2.84829497946
0.812908384688,1.2296925428
0.490630464834,2.4887669609
0.783801419962,1.34349775726
0.533535355061,2.30643624429
0.667267356503,1.78307367021
0.589244630372,2.0821324301
0.805230835491,1.26004452201
0.516780447332,2.37648471422
0.424603384448,2.79230906632
0.696397857947,1.67371377739
0.837477749543,1.13046049391
0.632084954541,1.91639493661
0.544066241061,2.26308460216
0.56947647421,2.16039014052
0.504254009469,2.42979351556
0.384926628316,2.99259005539
0.432757844873,2.75299605713
0.599952662701,2.04025676652
0.767405271835,1.40636149871
0.639146371804,1.88947698445
0.647297055896,1.85851690665
0.563689888834,2.18355524398
0.6079601771,2.00915320414
0.758390480024,1.4406490319
0.407214253422,2.8781558688
0.456958658153,2.6395460724
0.657893735284,1.81842011213
0.48199513942,2.52672349593
0.86535184014,1.01266115129
0.822753171494,1.19034848315
0.646472347524,1.86164453938
0.57877297895,2.12342458042
0.578103068969,2.12607838301
0.409796779905,2.86522523799
0.6314015176,1.91900524488
0.617537441119,1.97216907176
0.621401215929,1.9573105598
0.714235699389,1.60689020629
0.561764300214,2.19129153713
0.689658093895,1.69897234613
0.681184334154,1.73075811576
0.678255273305,1.7417555583
0.648477103783,1.85404353985
0.810187056175,1.24048202989
0.760803072475,1.43148921389
0.405328827453,2.88763758254
0.866619945582,1.00713185282
0.496785247293,2.46199048301
0.770704335281,1.39376878782
0.473768363096,2.56332578224
0.82897275422,1.16521648853
0.810685171537,1.23850973545
0.648160180952,1.85524472902
0.771132168377,1.39213381458
0.81442153554,1.22367774099
0.535459218989,2.29847906566
0.63385269993,1.90964748094
0.505007932531,2.4265609592
0.846961499492,1.091109008
0.697610311913,1.66917126133
0.617179670778,1.97354665698
0.656138564308,1.82505059963
0.621658036491,1.95632413474
0.547287648933,2.24992067038
0.615962055898,1.97823731238
0.44960315116,2.67354186294
0.457912755479,2.63516600743
0.720213713013,1.58448237926
0.833964603912,1.14487457307
0.797216789508,1.2914544737
0.830418747157,1.15934027026
0.797005900417,1.29227756257
0.400315320804,2.91302363269
0.587135295145,2.09042192186
0.449882280791,2.67224428855
0.689412624332,1.69989260566
0.624358619254,1.9459602791
0.657788552485,1.81881734587
0.650020431803,1.8481962766
0.694596927498,1.6804617007
0.564544067413,2.18012795682
0.782401822628,1.34889312015
0.545568249881,2.25694128285
0.588814744097,2.08382072489
0.789304474542,1.32222388689
0.502765931394,2.43618318395
0.401813505913,2.90541084336
0.494555743827,2.47166401782
0.498037218228,2.45657107563
0.603316248049,2.02717053768
0.40099414686,2.90957144407
0.635832017193,1.90209958073
0.763075306194,1.42285165181
0.446010873845,2.69029493737
0.688524798897,1.70322126468
0.53891204909,2.28424038859
0.417114580137,2.82893353788
0.759279285987,1.43727584608
0.718030903361,1.5926660672
0.796512130025,1.29420405849
0.525505147745,2.33983733901
0.543356597644,2.2659904797
0.615230638228,1.98105667005
0.815094790091,1.22099789872
0.802668020304,1.27011782629
0.519246583796,2.36608700503
0.764477513606,1.41751599276
0.536701068797,2.29335174019
0.563176657955,2.18561584034
0.820864202066,1.19793749237
0.74302767595,1.49874111375
0.624555900131,1.9452038121
0.807683676098,1.25037682975
0.688124638973,1.70472167285
0.669648584977,1.77410997589
0.630760307376,1.9214551161
0.605069179109,2.02036286234
0.681321837435,1.73024199271
0.458725666954,2.63143936577
0.733681382889,1.53392428433
0.737416087025,1.5198770042
0.550387220602,2.2372960606
0.490202838937,2.49063577514
0.61246393242,1.99173304893
0.593048196541,2.06721918853
0.421450980258,2.80766400574
0.801789272547,1.27356544047
0.665467639252,1.78985229697
0.688440667904,1.70353670943
0.60842578851,2.00734986465
0.585266009396,2.09777967842
0.676109176182,1.74981732914
0.444120751304,2.69915035873
0.681820001228,1.72837222332
0.530404338201,2.3194230527
0.767181785304,1.40721363988
0.553653623921,2.22403497738
0.687524728313,1.70697119317
0.775083375379,1.37701243731
0.543808799948,2.26413853055
0.691489857064,1.69210589806
0.540970667624,2.27577659141
0.547801782076,2.24782380873
0.47187718878,2.57180310814
0.598627251356,2.04542199019
0.852656868872,1.06713858212
0.469514818076,2.58242660044
0.468547897128,2.58678580955
0.729814862144,1.54845335809
0.637267314492,1.89663083577
0.539000797101,2.28387512092
0.437910082533,2.72844951136
0.812517286386,1.23124534547
0.720352603412,1.583961581
0.558119597462,2.20597351522
0.795842605306,1.29681480324
0.718637146353,1.59039338828
0.765820298946,1.4124024671
0.66571999523,1.78890158884
0.493927036353,2.47439719482
0.480347008647,2.5340210922
0.748668115749,1.47745549447
0.689470568035,1.69967537374
0.643185092756,1.87412209191
0.57052638625,2.15620018544
0.64578702868,1.86424437515
0.759608302247,1.4360267811
0.737902848461,1.51804507929
0.816582991052,1.21506611352
0.541452966034,2.27379638623
0.456234578898,2.64287464966
0.593703784776,2.06465311033
0.483321038736,2.52086524345
0.809692739897,1.2424381366
0.477709493135,2.54573591058
0.659799905063,1.81122372158
0.505096920744,2.42617961753
0.439586651334,2.72050938238
0.401627862829,2.90635291568
0.39668880944,2.93154694938
0.822700371839,1.19056087741
0.542777343616,2.26836405475
0.744123157342,1.49461046864
0.429944387519,2.76649472979
0.667184603943,1.78338528168
0.666646510337,1.78541169294
0.863174240554,1.02211704277
0.454668404604,2.65008762223
0.447721938903,2.68230263548
0.623164118383,1.950542361
0.478607296659,2.54174314997
0.394510071273,2.94274153405
0.612395310071,1.9919980924
0.580345625576,2.11720054892
0.772958061153,1.38515102086
0.41898270607,2.8197494256
0.409848629648,2.86496629397
0.66056780031,1.80832596626
0.581397195946,2.11304334669
0.431724651092,2.75794534991
0.565119200646,2.17782184401
0.597737524937,2.04889210332
0.713905749486,1.60812659977
0.527232911809,2.33262477769
0.652612733664,1.83838274095
0.670457778829,1.77106520379
0.538657988818,2.28528624088
0.539252193707,2.2828406179
0.593743459518,2.06449785786
0.699428387427,1.66236028765
0.833191526098,1.14803535372
0.410375505136,2.8623364903
0.593441852438,2.06567820284
0.735262576358,1.5279786995
0.476278630164,2.55211021676
0.545287414558,2.25808918172
0.595632015165,2.05711304781
0.864657718064,1.01568057672
0.730333519594,1.54650517505
0.653324821593,1.83568873763
0.865518214414,1.0119366779
0.709147321998,1.62595442375
0.867790365067,1.00201328396
0.530084055669,2.3207541183
0.39311416285,2.94994032367
0.778904575699,1.36234932295
0.67347010698,1.75973607209
0.71503151528,1.60390797267
0.67667936388,1.74767507846
0.513416195085,2.3907197654
0.474056928565,2.56203437576
0.557030734181,2.21036983289
0.662434060126,1.80128637725
0.528105922749,2.3289858825
0.605532741691,2.01856394644
0.643842774817,1.87162427956
0.772465295018,1.38703633909
0.566635945261,2.17174604734
0.687673080113,1.70641489351
0.700714487091,1.65754253175
0.849671148336,1.07973831032
0.402120595798,2.90385324134
0.834356458104,1.14327094742
0.766803824242,1.40865452463
0.787876634937,1.32775313395
0.514861871727,2.38459548441
0.401734637182,2.90581103114
0.838249841479,1.12728134498
0.441745388137,2.71031946559
0.637840943826,1.89444626443
0.767894609771,1.40449528154
0.539336819725,2.28249244334
0.598983302217,2.04403394843
0.745253042408,1.49034842256
0.658709819106,1.81533857248
0.736053246332,1.52500469312
0.402877540043,2.9000180018
0.444318052649,2.69822466005
0.84707314811,1.09064165948
0.400196486426,2.91362845408
0.698063824151,1.66747223433
0.385020260788,2.99209811968
0.57722989271,2.12953968414
0.384990718996,2.99225331867
0.484930937304,2.51376711736
0.724319865275,1.56908107175
0.841959408507,1.11194772914
0.516403021148,2.37807877362
0.728020449249,1.55519186699
0.737421268939,1.51985750345
0.4231551118,2.79935232975
0.671538773431,1.76699870137
0.75682221256,1.446597261
0.512971509133,2.39260578704
0.528485851052,2.32740340512
0.838098701527,1.12790400348
0.841763640096,1.11275944401
0.478076495448,2.54410312324
0.479958145443,2.53574544249
0.47504067081,2.55763604116
0.773209952575,1.38418704848
0.602814429287,2.02912092482
0.626839977826,1.93645166539
0.601721050491,2.03337286836
0.587416254013,2.08931698065
0.630324741872,1.92311974979
0.599867492338,2.04058853328
0.791288486807,1.31452941724
0.690448005703,1.69601115913
0.72526753292,1.56552513608
0.808917193085,1.24550484889
0.794264918038,1.30296021962
0.755401703525,1.45198116432
0.83592027915,1.13686095441
0.43283983478,2.75260369075
0.555613618578,2.21609850114
0.725127700361,1.56604986706
0.81339547368,1.22775758202
0.424859078714,2.79106751265
0.799829529242,1.28124277496
0.85705074838,1.04845512841
0.475688299352,2.55474398649
0.566833660319,2.17095466406
0.796356920957,1.29480943139
0.605890091127,2.01717759364
0.681921860465,1.72798993274
0.674943014871,1.75419953459
0.729731487649,1.54876650897
0.52824971798,2.32838686513
0.553839200015,2.2232828734
0.743951444135,1.4952580386
0.743710707002,1.49616584779
0.428057057235,2.7755881364
0.575015608834,2.13832883128
0.463312814298,2.61050017796
0.407751221128,2.87546190987
0.481356902228,2.5295474216
0.493387290698,2.4767454993
0.78245843625,1.34867499346
0.656670582201,1.82304037158
0.586854314892,2.09152719439
0.790242381874,1.31858814366
0.712591189517,1.61305223016
0.816231237353,1.21646917665
0.442819637982,2.705262684
0.742792041864,1.49962939613
0.671949788549,1.76545282618
0.715508368305,1.60212091794
0.677408864902,1.74493464723
0.484193766977,2.5170153164
0.702098296499,1.65235894953
0.478931496209,2.54030264076
0.513690608026,2.38955643332
0.796877418704,1.29277893652
0.685645959713,1.7140172919
0.503021563305,2.43508464128
0.398937706035,2.9200440887
0.652205336444,1.8399243515
0.653788292603,1.83393569989
0.641630438011,1.8800294242
0.77257018083,1.38663509854
0.473945278504,2.56253397323
0.863338086352,1.02140725678
0.410333703617,2.86254503686
0.797646043283,1.28977859197
0.652550718537,1.83861739373
0.525160130658,2.34127935629
0.449779522265,2.67272190672
0.708217226585,1.62943860283
0.652418551288,1.8391175065
0.632217485695,1.91588885587
0.647822176388,1.85652599325
0.546999899983,2.25109472526
0.786945689514,1.33135454678
0.708440515813,1.62860216175
0.49905820788,2.45215823748
0.855214720082,1.05628323028
0.702513276204,1.65080451412
0.607878523854,2.00946950956
0.726920633843,1.5593207532
0.478107325738,2.54396599978
0.820680646447,1.19867388685
0.454750155734,2.6497106677
0.592321852883,2.07006370868
0.655545264077,1.82729283159
0.400716486947,2.91098292082
0.852916787628,1.06603812426
0.782599202294,1.34813259393
0.624392882236,1.94582889279
0.813928555233,1.22563858422
0.415087114511,2.83893772098
0.70378089452,1.64605630394
0.735511779116,1.52704142344
0.431601828412,2.75853431054
0.714512140561,1.60585429587
0.477254405238,2.54776181145
0.543431616646,2.26568318551
0.474692775114,2.55919075511
0.566472337448,2.17240102029
0.563182669913,2.18559169687
0.606076539146,2.01645439436
0.671055506671,1.76881652504
0.409933037431,2.86454480685
0.515447682251,2.38211694453
0.402257917839,2.90315703506
0.758501368252,1.44022827273
0.689940050326,1.69791533011
0.810864828717,1.23779809454
0.841905039066,1.11217318967
0.700921865023,1.65676570801
0.688101368172,1.70480892953
0.473766104277,2.56333589325
0.6195243117,1.96452410043
0.680621156908,1.73287215256
0.754221679426,1.45645087053
0.4417017429,2.7105251115
0.683767884471,1.72106270689
0.60788147173,2.00945808988
0.528899467514,2.32568139619
0.684968540793,1.71655833181
0.764529744486,1.4173171633
0.704672923409,1.64271498492
0.528331036047,2.32804815699
0.717601225275,1.5942767453
0.767697696376,1.40524632812
0.808022123837,1.2490407606
0.65257010646,1.83854403313
0.747351995761,1.48242624145
0.614729488074,1.98298916834
0.811081592989,1.23693926589
0.652014482301,1.84064663519
0.588768760186,2.08400135151
0.727117549184,1.55858156636
0.506884988565,2.41852647681
0.586228200865,2.09399098794
0.701969061328,1.65284304224
0.441067380801,2.71351580829
0.792039528317,1.31161314106
0.688661742206,1.7027078099
0.797230428654,1.29140123498
0.613694252734,1.98698308967
0.396512461162,2.93245118499
0.468608493454,2.58651243177
0.44098608597,2.71389930731
0.452864500259,2.65841817818
0.836376841771,1.13498642221
0.751177052941,1.46797238333
0.426500282175,2.78311224844
0.811671994549,1.23459894204
0.806666606914,1.25438876098
0.39529284545,2.93871378778
0.778224694095,1.36496118318
0.658461092128,1.81627767703
0.67766190853,1.74398416441
0.508446047932,2.41185930773
0.462735406257,2.61312759285
0.525567420989,2.33957712666
0.520017683954,2.36284226272
0.63401001087,1.90904732078
0.801071654268,1.2763785331
0.81817108066,1.20872364501
0.637956675072,1.89400559409
0.68696391765,1.70907425736
0.430841260304,2.76218426823
0.675504373033,1.75208992076
0.633875692181,1.90955975977
0.399327665448,2.91805483268
0.805842957131,1.2576343691
0.425624283084,2.78735543949
0.779973632801,1.35823973582
0.635195143724,1.90452741534
0.40997246331,2.86434795887
0.770811357385,1.39335984261
0.802924998329,1.26910901121
0.576669905797,2.13176085329
0.571033059607,2.15417958243
0.863210707349,1.0219590908
0.605842963233,2.01736040903
0.536443434611,2.29441487745
0.702653644279,1.65027872409
0.46745401246,2.59172518529
0.512578987306,2.39427143614
0.540610725685,2.27725509841
0.826456792956,1.17541038539
0.726696996156,1.5601602173
0.713755598972,1.60868923539
0.612884239868,1.99010992854
0.652067730576,1.84044511284
0.527184416335,2.33282702489
0.787235771224,1.33023265405
0.529081422966,2.32492412036
0.388586164654,2.97343609186
0.60504597364,2.02045292925
0.739589383177,1.51169576067
0.768115485835,1.40365273237
0.856987615471,1.04872481417
0.657999123352,1.81802211757
0.65542103118,1.82776239961
0.76147521531,1.42893526035
0.807351184044,1.25168888635
0.625320735747,1.94227186857
0.836077715547,1.13621472014
0.716497651263,1.59841322455
0.849292883212,1.08132924991
0.747466016809,1.48199570569
0.657537142678,1.81976687938
0.602336915892,2.03097748206
0.849447895387,1.08067742944
0.486260732498,2.50791622443
0.412386857603,2.85232180328
0.60080799246,2.03692609569
0.644095020727,1.87066646562
0.834617652124,1.14220147033
0.481909614513,2.52710175617
0.756967223855,1.44604744422
0.649171244457,1.85141317432
0.683568764086,1.72180980751
0.477090233038,2.54849298458
0.470332968691,2.57874310501
0.44372238026,2.70102037935
0.866475198715,1.00776385078
0.621846094536,1.95560191396
0.78772712524,1.32833171194
0.822923192151,1.18966444405
0.408798077325,2.87021798222
0.502171046553,2.43874104323
0.670265065935,1.77179027128
0.594528501524,2.06142684091
0.477727927303,2.5456538763
0.845683985795,1.09644951082
0.384693830235,2.99381358111
0.787988091872,1.32732176592
0.498642527571,2.45395413105
0.774062799194,1.38092204986
0.704837816005,1.64209733779
0.642883128846,1.8752691646
0.851321357976,1.07278376882
0.721542588352,1.57949907943
0.711758878541,1.61617065043
0.442262585409,2.70788372292
0.79614544734,1.29563411031
0.718527067548,1.59080606285
0.819707935264,1.20257319025
0.57051434365,2.15624822225
0.784275784825,1.34166774633
0.760382142341,1.43308816876
0.485789394481,2.50998877767
0.472458950966,2.56919275467
0.395627355689,2.93699455103
0.510973967313,2.40109078137
0.443863423445,2.70035815459
0.460255246019,2.62444035174
0.491681361851,2.48417901778
0.54994956803,2.23907619547
0.846761305142,1.09194675054
0.523271545012,2.34918315932
0.519986322287,2.36297417193
0.42095027697,2.81011111078
0.847258434535,1.08986585193
0.840172897355,1.11934472036
0.440251274371,2.71736812524
0.575428843158,2.13668730504
0.396354476722,2.93326153625
0.795306407716,1.29890443887
0.732657763134,1.537772006
0.433806708922,2.74798096436
0.588642509152,2.08449730413
0.741588562165,1.504165116
0.576649585051,2.13184147492
0.480537108866,2.53317847796
0.494126972405,2.47352775985
0.779285626196,1.36088489249
0.625401488173,1.94196238315
0.725259377111,1.56555574165
0.628445503129,1.93030618419
0.705175970633,1.64083069212
0.585796580345,2.09569015863
0.766481258892,1.40988397096
0.653147749082,1.83635857886
0.865606326498,1.01155287813
0.76794812899,1.40429113863
0.851883279431,1.0704103958
0.412088476879,2.85380501156
0.403043137416,2.89917973605
0.730961368632,1.54414654416
0.599463704183,2.04216169827
0.695231256446,1.67808483005
0.5832355405,2.10578447313
0.536362518145,2.29474884462
0.646111446656,1.8630135643
0.866096457504,1.0094164682
0.718160898519,1.59217875589
0.498099686818,2.45630090605
0.775495092304,1.375434459
0.402058924985,2.90416596727
0.410031609455,2.86405267857
0.421618372869,2.80684640898
0.593365165077,2.06597836326
0.667634230159,1.78169226395
0.588346644852,2.08565974261
0.538940820634,2.28412196727
0.417352898156,2.82776011688
0.664266823385,1.79437713004
0.857640724811,1.04593313403
0.606076227792,2.01645560197
0.537171268636,2.29141221955
0.833542247876,1.1466018901
0.506095938662,2.42190152947
0.814021049062,1.22527077903
0.59740378842,2.05019432481
0.668810263821,1.77726502574
0.675776241384,1.75106831878
0.414490542269,2.84188874738
0.412019273511,2.85414913341
0.548303928252,2.24577691082
0.760803290014,1.43148838745
0.744752061744,1.4922383883
0.776768233167,1.3705520458
0.498938004883,2.45267745686
0.773077145805,1.38469531167
0.482082126409,2.52633881697
0.829486627743,1.1631296968
0.703267510925,1.64797931578
0.564788613516,2.17914724891
0.866166604475,1.00911050032
0.502128703858,2.43892318255
0.460849840921,2.62172419406
0.813402722376,1.22772877782
0.706436251923,1.63610994611
0.58736496524,2.0895186682
0.699050904932,1.66377438773
0.600014378728,2.04001637484
0.735694146197,1.52635548285
0.519160504128,2.36644941023
0.557734893718,2.20752623501
0.480518141779,2.53326253865
0.60901118558,2.00508338063
0.41856014803,2.82182399172
0.54502986567,2.25914219586
0.665556888431,1.78951605795
0.551635546339,2.23222289328
0.597071233994,2.0514922509
0.422829864166,2.80093666186
0.5437676384,2.26430706686
0.745765371014,1.48841528895
0.855856009378,1.05355250969
0.617019399019,1.97416387666
0.455130203131,2.64795892383
0.751839962183,1.46546510075
0.759668795482,1.43579710393
0.707736923635,1.63123779715
0.734613849357,1.53041833263
0.503893995774,2.43133824442
0.659068655329,1.8139838736
0.5997804739,2.04092751986
0.811416350747,1.23561250535
0.729024104465,1.55142318211
0.827508095833,1.17115546987
0.48734095287,2.50317151081
0.78858532231,1.32500962356
0.387827368417,2.97739539806
0.713878138081,1.60823006418
0.778999768534,1.36198352221
0.443866878114,2.70034193625
0.738409819418,1.51613681756
0.400715359049,2.91098865607
0.448904139581,2.67679395212
0.858454126552,1.04245073305
0.54610155769,2.25476234532
0.686098772238,1.71231890393
0.809274666397,1.2440916514
0.736628347172,1.52284111632
0.718854281002,1.58957935598
0.775971875455,1.37360653786
0.63763913902,1.89521473575
0.707421731606,1.63241847967
0.676623291321,1.74788573702
0.609031332309,2.00500539412
0.717229989351,1.59566828721
0.534497554373,2.30245441704
0.667216936661,1.78326352936
0.424077549467,2.79486414939
0.806562174981,1.25480044262
0.701627058206,1.65412413286
0.763945770046,1.41953986883
0.663843512031,1.79597260878
0.602173632722,2.03161246482
0.772836988973,1.38561429884
0.68122998509,1.73058676209
0.655407366168,1.82781405108
0.709463101982,1.62477146988
0.663975917734,1.79547354412
0.868138811994,1.00048656842
0.440546005478,2.71597626516
0.574441562472,2.14061014459
0.511412275516,2.39922715259
0.678123367429,1.74225095776
0.49055551158,2.48909444217
0.758103269485,1.44173872777
0.569011576349,2.16224670777
0.495667412165,2.46683698035
0.403413308727,2.8973069034
0.588164975205,2.08637364946
0.455564410176,2.64595886041
0.789563286312,1.3212209169
0.814158841873,1.22472276233
0.808634096848,1.24662359632
0.481870592157,2.52727436005
0.782269462527,1.3494030529
0.841115793214,1.115443599
0.783954844936,1.34290594857
0.562316465948,2.18907170287
0.789876794377,1.32000567863
0.423679991224,2.79679756121
0.393000307187,2.95052840309
0.391195305658,2.95987010108
0.545004707863,2.25924507132
0.671934551538,1.76551013154
0.486863553882,2.50526752689
0.476764468673,2.54994436352
0.720434888275,1.58365303232
0.461588754512,2.61835232753
0.499606762673,2.44978979793
0.419216616891,2.818601737
0.687535336174,1.70693141474
0.484399569188,2.51610814545
0.482332333253,2.52523260608
0.835615709278,1.138110655
0.589141239906,2.08253842407
0.462882289275,2.612458997
0.733168829863,1.53585106126
0.588720789991,2.08418978728
0.759615005721,1.4360013301
0.404187496415,2.8933944636
0.562118930584,2.18986570736
0.537989990588,2.28803747235
0.565693781307,2.17551917752
0.48218293774,2.52589306346
0.567966142559,2.16642450346
0.44793394018,2.68131397827
0.635797287395,1.90223195507
0.581083227849,2.11428418378
0.421823253085,2.80584605654
0.764007872091,1.41930353271
0.430591045865,2.76338612847
0.568991304402,2.16232768147
0.60614933229,2.01617206736
0.840682672264,1.11723638858
0.780860597155,1.35482763402
0.689305067945,1.70029584025
0.674557405159,1.75564882953
0.566791635251,2.17112286346
0.661069141022,1.80643448118
0.394268926449,2.94398364935
0.751982774274,1.46492485747
0.414942777202,2.8396513978
0.766489344029,1.40985315761
0.543305380508,2.2662002903
0.717784985869,1.59358791549
0.595043008612,2.05941511602
0.754223434053,1.45644422614
0.439452299123,2.72114481848
0.630591682983,1.92209951555
0.818347763957,1.20801719903
0.603512228478,2.02640901834
0.685048172386,1.7162596156
0.504804149217,2.42743439854
0.480264297716,2.53438777879
0.554747732019,2.21960277464
0.541733062566,2.27264684506
0.561290480997,2.1931973283
0.773881898402,1.38161475898
0.666275211322,1.78681015056
0.474892554221,2.55829786234
0.736936468582,1.5216817945
0.479453564952,2.53798437562
0.751221543361,1.46780413206
0.517054896725,2.37532603905
0.622325018373,1.95376300397
0.758171354438,1.44148042304
0.644772741953,1.86809358213
0.536067915499,2.29596501238
0.816319438438,1.21611742263
0.640157749553,1.88562913995
0.472047048397,2.57104071584
0.684210048882,1.71940378814
0.571602638124,2.15190920699
0.72328100837,1.57297852381
0.852126654396,1.06938162221
0.597146797573,2.0511973061
0.599976230333,2.04016496637
0.651860649721,1.84122885
0.472431923457,2.56931397592
0.452234984432,2.66133109669
0.490855310443,2.48778478285
0.426195375886,2.78458839485
0.611651563819,1.99487144907
0.587608571124,2.0885607876
0.679321598403,1.73775122984
0.560232115664,2.19745738687
0.598546498469,2.04573685008
0.426248207897,2.78433255996
0.397782474469,2.92594639097
0.521684075167,2.35584044205
0.420696744584,2.81135107732
0.652725391259,1.83795648138
0.505880428182,2.42282394204
0.652977976707,1.83700084654
0.747202057425,1.48299236964
0.531215853723,2.31605263793
0.566466968576,2.17242251523
0.675572019309,1.75183572011
0.72135831095,1.58019017754
0.865725966741,1.01103161708
0.806000891186,1.25701225797
0.562248091339,2.18934652165
0.677500261884,1.74459133608
0.7999318635,1.28084226177
0.682167848634,1.72706673573
0.725779047749,1.56360553106
0.692380668313,1.6887671194
0.759329448464,1.43708542472
0.413436449143,2.84711118353
0.679443938333,1.73729186452
0.644018327684,1.87095766893
0.407012106042,2.87917077474
0.790548575468,1.31740055094
0.48098517922,2.53119333595
0.601505663927,2.03421085248
0.729765850797,1.54863744321
0.558020333748,2.20637410228
0.462523319383,2.61409326115
0.628717341785,1.92926619423
0.427120688946,2.78011119022
0.812383384625,1.23177681413
0.521150613362,2.35808041554
0.470760742907,2.57681898979
0.793596861803,1.30555967841
0.459559258456,2.62762292874
0.574478665468,2.14046265933
0.682955976838,1.72410913876
0.761359163086,1.42937629126
0.71432622807,1.60655096999
0.394369701033,2.94346449333
0.622214151926,1.95418864929
0.751524884435,1.4666568895
0.640793463834,1.88321145165
0.789289396719,1.32228231081
0.645106513388,1.86682673822
0.506477776123,2.42026784456
0.648004997742,1.85583295549
0.567496787216,2.16830145093
0.688091633231,1.70484543194
0.834382113946,1.14316591787
0.574942006366,2.13862127054
0.862286789265,1.02595681097
0.627555111546,1.93371367964
0.610807487424,1.9981340879
0.581263258794,2.11357264168
0.471822813912,2.5720472037
0.553015054244,2.22662404277
0.67370685539,1.75884602806
0.697126410619,1.67098418236
0.68103562499,1.73131631469
0.578050300175,2.12628748717
0.588188109187,2.08628273421
0.826776855653,1.17411570014
0.601832279151,2.03294017151
0.771126955122,1.39215373985
0.790679371521,1.31689315112
0.487606722535,2.50200526113
0.590080349037,2.07885193222
0.797924886997,1.28868955679
0.752573733,1.46268896568
0.81058141661,1.23892065041
0.779558661024,1.35983532684
0.828613646654,1.16667382704
0.729929665848,1.54802215117
0.817640957665,1.21084229312
0.547151633024,2.2504755901
0.444597822269,2.69691256608
0.482245348044,2.52561713867
0.495330130151,2.46830074242
0.652300331459,1.83956486442
0.74054334971,1.50810289334
0.456824755383,2.6401613288
0.39158837135,2.95783281457
0.627845374689,1.93260267275
0.81890356406,1.20579382844
0.728251606377,1.55432395028
0.628117155567,1.93156256692
0.436288816069,2.73614974553
0.384594860698,2.99433392403
0.569890556469,2.15873716145
0.522249163428,2.35346922422
0.444845553742,2.69575124574
0.696658701335,1.67273648798
0.595286783872,2.05846222415
0.731457109222,1.5422839641
0.792902636557,1.3082592514
0.51998693021,2.36297161492
0.84217146649,1.11106815256
0.816990335476,1.21344051853
0.570146869308,2.15771429266
0.673894759169,1.75813964791
0.750722196548,1.46969235089
0.621115123264,1.95840959058
0.710881365036,1.61945825942
0.842304047027,1.11051806381
0.770373847036,1.39503144972
0.708756439177,1.62741870249
0.586463483463,2.09306499308
0.646527487446,1.86143539245
0.866779979802,1.00643284672
0.729232962885,1.55063882791
0.442639384865,2.70611053719
0.760777855518,1.43158501355
0.54165998402,2.27294673268
0.820063528385,1.20114831859
0.429746365834,2.76744737588
0.392666281395,2.95225449237
0.405919923185,2.88466119868
0.478894121905,2.54046867045
0.596888715108,2.05220473842
0.465382923367,2.60109985208
0.445589262929,2.69226778521
0.51654419646,2.37748243354
0.530360643324,2.31960461608
0.709920109892,1.62305942924
0.577160592904,2.12981450165
0.4798146223,2.53638211857
0.483860948079,2.5184829374
0.71146930671,1.61725555131
0.472624452567,2.56845056974
0.555574839263,2.21625537824
0.456705246409,2.64071056034
0.745973573449,1.48762958886
0.400386124725,2.9126633368
0.554530628671,2.22048187099
0.637808005483,1.89457168835
0.496258365368,2.46427392658
0.436518517769,2.73505744929
0.666854602395,1.78462800097
0.710049503589,1.62257468886
0.644043839632,1.87086079904
0.542758310732,2.26844206948
0.769032370499,1.40015398709
0.414080062193,2.84392119379
0.388190315563,2.97550079151
0.721598214152,1.57929046161
0.6881507943,1.7046236006
0.746946659646,1.48395661023
0.700375925709,1.65881076988
0.43479982604,2.74324097551
0.42932567747,2.76947235493
0.62203295283,1.95488437886
0.410581433272,2.86130936743
0.617637943974,1.97178214215
0.449474253219,2.67414126595
0.765187399286,1.41481313474
0.47204817594,2.57103565566
0.791223170919,1.31478294392
0.417114480029,2.8289340309
0.596889506015,2.0522016508
0.759098720561,1.43796124869
0.475979399819,2.55344495
0.54501284527,2.25921179548
0.650888215821,1.84491005116
0.419449918003,2.81745754039
0.798026275821,1.2882935041
0.648975496815,1.85215486248
0.622415240243,1.95341663871
0.392092147258,2.95522415125
0.841401798169,1.11425900538
0.474832386138,2.55856674967
0.682427718444,1.72609148285
0.795068088549,1.2998328576
0.577533921025,2.12833421242
0.731711277068,1.54132892983
0.587296508364,2.08978788026
0.761292109402,1.42963110158
0.447128847956,2.68507034379
0.687673705503,1.70641254841
0.794668171825,1.30139033861
0.838605387771,1.12581595101
0.385061796302,2.99187992779
0.730120150779,1.5473066588
0.78060140441,1.35582497081
0.720273258899,1.58425910083
0.695372588614,1.67755526449
0.769318066887,1.39906339232
0.653570150736,1.83476076427
0.816098513813,1.21699841549
0.444621403662,2.69680199985
0.523877464683,2.34664544726
0.777738767518,1.36682714416
0.501743190237,2.44058195565
0.503018129821,2.43509939377
0.698138597238,1.66719211003
0.464757979761,2.60393452193
0.520329567547,2.36153073054
0.813065501773,1.22906852166
0.803639482549,1.26630271447
0.537436177113,2.29031994343
0.865535362343,1.01186199111
0.797175772634,1.2916145737
0.759313802511,1.43714481871
0.643218534573,1.87399506566
0.548695156784,2.24418288068
0.524547883461,2.34383971136
0.447760777501,2.6821214875
0.509588446466,2.40698860687
0.390894811316,2.961428713
0.761292365321,1.42963012908
0.794969654307,1.3002162659
0.561521512013,2.19226797024
0.852464225702,1.0679538277
0.622736420723,1.95218376067
0.63146960436,1.91874515393
0.743288484506,1.49775784612
0.680259426061,1.73423012038
0.587476533865,2.08907994717
0.801817925308,1.27345307667
0.804867471159,1.26147445477
0.702269913661,1.65171610288
0.74376366015,1.49596617036
0.752219255977,1.46403019829
0.397572198077,2.9270222269
0.504576984417,2.42840832568
0.5967326758,2.05281393522
0.424380384878,2.79339234193
0.82293942696,1.18959911852
0.712260048089,1.61429293822
0.763074530477,1.42285460241
0.479756227709,2.53664119802
0.576274418408,2.13333018479
0.799862945323,1.28111199656
0.400195537335,2.91363328517
0.481970487458,2.52683252205
0.555099331457,2.21817947722
0.601924610451,2.03258101414
0.656942628527,1.82201259101
0.70607905308,1.63744794494
0.400569769451,2.91172907397
0.494165839287,2.47335877219
0.856834119762,1.04938035074
0.458978506432,2.63028125454
0.401096857707,2.90904951596
0.639565457401,1.88788232919
0.76404797597,1.41915090863
0.786578372633,1.33277475483
0.801798885829,1.27352774169
0.653304987677,1.83576376443
0.723783405723,1.57109377601
0.555597170548,2.21616503895
0.664911735419,1.79194681682
0.431348561141,2.75974918741
0.431873925849,2.75722971936
0.563863237786,2.18285948086
0.724519720353,1.56833120338
0.545521291387,2.25713319958
0.519187789329,2.36633453235
0.38848623341,2.97395715788
0.482840424811,2.52298746303
0.720128426212,1.58480217497
0.813150403289,1.2287312687
0.587828694184,2.08769540281
0.738517742436,1.51573055331
0.64848879522,1.85399923037
0.73272876932,1.53750512975
0.740149814655,1.5095851716
0.845117206731,1.09881476806
0.498273411403,2.45554968558
0.578581445751,2.12418317207
0.396724449553,2.93136424235
0.725650725222,1.56408711449
0.794519400153,1.30196958139
0.398808212537,2.92070500714
0.462236608866,2.61539921439
0.429616302625,2.76807327039
0.848674373203,1.08392809559
0.475298598494,2.55648390454
0.523223703579,2.34938360615
0.796174299665,1.29552160548
0.389797335773,2.96712946955
0.49994885514,2.44831365385
0.460711223828,2.62235718002
0.73734490233,1.52014488586
0.651575501737,1.84230814939
0.761913091908,1.42727096014
0.810458378835,1.23940786838
0.758559737419,1.44000678479
0.520332620242,2.36151789578
0.648472411753,1.85406132228
0.403613936039,2.8962924333
0.708231402605,1.62938549966
0.552742717369,2.22772872992
0.411514079919,2.85666265856
0.59383103795,2.06415516846
0.807388536295,1.25154151425
0.458074589463,2.634423724
0.718553379827,1.5907074212
0.791524690799,1.31361245603
0.820238753734,1.20044593484
0.38727509919,2.98028107342
0.673150665671,1.76093707429
0.592778927426,2.06827352144
0.388806178634,2.97228927237
0.568743427115,2.16331791587
0.847234231744,1.08996720632
0.560351707891,2.19697579639
0.487235952121,2.50363239489
0.474593229836,2.55963576183
0.415467031934,2.83706015302
0.784797624661,1.33965377783
0.856179958984,1.05217166034
0.826326433185,1.17593752953
0.671571199952,1.76687673579
0.608411316474,2.00740590725
0.77943859912,1.36029687975
0.405430876929,2.88712347772
0.720738399098,1.58251490911
0.684675384541,1.71765805838
0.723571386388,1.57188918701
0.661762478527,1.80381912224
0.460031592374,2.62546268113
0.693965110472,1.68282927388
0.422080895119,2.80458862692
0.685306799953,1.71528946924
0.753059128647,1.46085203801
0.520690095695,2.36001525013
0.555350432249,2.21716330808
0.853246372029,1.06464186816
0.712895718429,1.61191120818
0.74616137521,1.48692082324
0.695558174597,1.67685988978
0.467308631837,2.59238226719
0.838727890354,1.12531084684
0.658013868197,1.8179664353
0.821527754564,1.19527389208
0.513762625663,2.38925119112
0.866678656442,1.00687544411
0.632397694469,1.91520076969
0.703234911543,1.64810142548
0.596711554711,2.05289639995
0.638034875265,1.89370784467
0.792562538705,1.30958112932
0.734857195705,1.52950324218
0.842716165906,1.10880730853
0.441669967617,2.71067483868
0.398307308972,2.92326319178
0.733728529986,1.53374703758
0.62707751938,1.93554208676
0.814113406492,1.22490347406
0.539170839951,2.28317535963
0.622407126316,1.95344778765
0.561293263144,2.19318613547
0.640278975318,1.88516805093
0.464906724101,2.6032595861
0.565118298326,2.17782546108
0.486901262396,2.50510191673
0.619940514062,1.96292381198
0.430405164512,2.76427932449
0.713982515767,1.60783894288
0.83076502135,1.15793114751
0.443477935126,2.70216847127
0.691717241039,1.69125363067
0.68278039036,1.72476802576
0.55739802396,2.20888636773
0.651693939814,1.84185984093
0.750771255093,1.46950685962
0.43453530516,2.74450268125
0.749899672412,1.47280176413
0.632766738364,1.91379185804
0.685461165495,1.71471044125
0.694134746037,1.68219359618
0.709080845688,1.62620345094
0.73688617531,1.52187103229
0.785902499991,1.33538683802
0.811770102072,1.23420988766
0.806085579017,1.25667862281
0.417172292413,2.828649328
0.532660569063,2.3100600584
0.483787197645,2.51880824676
0.616844579846,1.97483718859
0.4830907168,2.5218820805
0.674087174203,1.75741634056
0.458268892284,2.6335327693
0.536215722069,2.29535479333
0.548785603698,2.2438144531
0.435961438848,2.73770727458
0.602078721194,2.03198159447
0.523648611582,2.34760371623
0.639144248674,1.88948506393
0.865906434875,1.01024504983
0.703188856255,1.64827393793
0.577358130571,2.12903118302
0.387906851905,2.97698036487
0.547155825672,2.25045848371
0.554043045795,2.22245688635
0.798280771583,1.2872991976
0.493383052942,2.47676394362
0.831810455928,1.15367227263
0.471193360483,2.5748743556
0.711698448815,1.61639705614
0.455092703617,2.64813172159
0.385823535398,2.98788184053
0.402918357919,2.89981135306
0.813973512288,1.22545981607
0.778581622952,1.36359015342
0.548723486879,2.24406747683
0.623514737549,1.9491970697
0.422007126473,2.80494859572
0.751322721671,1.46742148998
0.707782865775,1.63106570096
0.754140165075,1.45675954174
0.750615454285,1.47009593214
0.671457411167,1.76730473284
0.59805150191,2.04766727263
0.457725862319,2.63602346868
0.586242732742,2.09393379019
0.713323077738,1.61030991838
0.389897157241,2.96661041136
0.568861554203,2.16284598724
0.712162517314,1.61465835763
0.522280730962,2.35333680785
0.43941638458,2.72131470589
0.782920307703,1.34689508679
0.534301858207,2.30326391139
0.495068533622,2.46943649972
0.455079027479,2.64819474384
0.826689563309,1.17446886663
0.858750174458,1.04118172466
0.850532831772,1.07610973355
0.726411833616,1.56123057421
0.715138651493,1.60350647562
0.621599595255,1.95654858938
0.865166799602,1.01346656654
0.475837222546,2.55407934648
0.660780194685,1.80752459594
0.845019115981,1.09922386267
0.442330051403,2.70756615006
0.641812405281,1.87933777704
0.631293167822,1.91941915926
0.800827349213,1.27733573959
0.598736002569,2.04499799246
0.417142039355,2.82879830836
0.442181102559,2.70826732402
0.447392965961,2.68383747653
0.612036053006,1.9933858589
0.793749365734,1.30496641667
0.523603653364,2.34779199869
0.446592840724,2.6875740282
0.551526426915,2.23266609618
0.653189534612,1.83620050587
0.67097899034,1.7691043639
0.745497081226,1.48942765338
0.618478132703,1.96854839064
0.403100581046,2.89888901699
0.758211964992,1.44132634816
0.562846794112,2.18694075255
0.50538786312,2.42493314701
0.586637604207,2.09237982342
0.856315911009,1.05159187421
0.665187281646,1.79090857835
0.671002498871,1.769015929
0.819443191285,1.20363358566
0.798860628937,1.28503276996
0.426272685996,2.78421403501
0.445069146763,2.69470349895
0.650592564451,1.84602953201
0.469362662886,2.58311214212
0.824945265152,1.18151651374
0.527104220924,2.33316149953
0.60068101627,2.03742041483
0.587699885787,2.08820177771
0.791821405722,1.31246031002
0.671033700018,1.76889855666
0.388785140073,2.97239891252
0.453682188496,2.65463900767
0.846074360951,1.09481895558
0.496513290295,2.46316890976
0.789706282972,1.32066666636
0.509968977262,2.40536775166
0.551692701433,2.23199076985
0.833722822489,1.14586353447
0.432246064909,2.7554464935
0.763873327368,1.41981554695
0.55252185348,2.22862484768
0.478545001854,2.54202002138
0.443333852474,2.70284541121
0.580699352577,2.11580174293
0.735823539128,1.52586877421
0.437793711374,2.72900149472
0.596484563456,2.05378274096
0.644559992379,1.86890117764
0.687770122202,1.70605100428
0.741267190686,1.50537600664
0.386862807055,2.98243755668
0.658004549196,1.81800162744
0.510164339603,2.40453591679
0.784580450184,1.3404920359
0.519889803121,2.36338016905
0.777951867543,1.3660089198
0.48447347283,2.51578244498
0.634870050176,1.90576700395
0.500522808651,2.44583852285
0.784398941897,1.34119251526
0.414158028527,2.84353502962
0.796842693027,1.29291443566
0.544165538804,2.26267816752
0.787420396202,1.32951847285
0.775919730751,1.37380648318
0.579489422433,2.12058810414
0.643833894492,1.87165800136
0.74042436394,1.50855108137
0.859494336376,1.0379882038
0.663410077583,1.79760645355
0.846742790875,1.09202421011
0.493736613331,2.47522548228
0.729932023286,1.54801329643
0.48519067053,2.51262346417
0.662805914749,1.79988422568
0.48205693117,2.52645023188
0.656270776791,1.82455099979
0.808086876476,1.24878508169
0.782464378304,1.34865209876
0.783314842076,1.34537416306
0.388147477011,2.97572433568
0.47888082116,2.54052775919
0.460684669368,2.62247845506
0.680511711276,1.73328301111
0.63595184666,1.90164286212
0.635498729337,1.90337001711
0.609570893327,2.0029171788
0.573176237319,2.14564271017
0.750654864116,1.46994692982
0.827463255763,1.17133708509
0.46067679535,2.62251441692
0.395258013589,2.93889287633
0.470239080913,2.57916557627
0.76008473706,1.43421768728
0.601745384724,2.03327820149
0.467632449558,2.59091889728
0.775447552237,1.37561668778
0.558849565588,2.20302885249
0.814321008385,1.22407768838
0.755319063662,1.45229426811
0.599635413534,2.04149266008
0.659493858704,1.8123788327
0.685114463468,1.7160109454
0.605031132788,2.0205105315
0.496304433274,2.46407420902
0.394491902863,2.94283509636
0.526691956665,2.33488143992
0.703731415927,1.64624163864
0.859989055964,1.03586221733
0.557815958824,2.20719899621
0.556797769619,2.21131104139
0.641871718721,1.87911234235
0.42387424418,2.79585269058
0.634154629086,1.90849562677
0.49897317843,2.45252551537
0.853680851748,1.06279978249
0.648693353952,1.85322400555
0.445315184409,2.69355103407
0.513059611781,2.39223203929
0.396074511005,2.9346982117
0.843297941973,1.10639011944
0.4982647185,2.45558727131
0.544306100675,2.2621029079
0.599637336872,2.04148516657
0.774335129645,1.37987907597
0.706494419199,1.63589206182
0.481312183907,2.5297453785
0.449105765793,2.67585551735
0.543112254932,2.26699153031
0.454993460419,2.64858908482
0.530354227021,2.31963127823
0.63473393369,1.90628607847
0.773484629444,1.38313569269
0.618851092342,1.967113454
0.566828869089,2.17097383995
0.618900357075,1.96692393535
0.803359529459,1.26740254897
0.471621837193,2.57294958682
0.780845493294,1.35488575692
0.469626147021,2.58192510368
0.435259693609,2.7410489057
0.840724731094,1.1170623571
0.674914963212,1.75430496112
0.813615226239,1.22688423534
0.627571915249,1.93364935725
0.585842378483,2.09550983607
0.827226646717,1.17229522007
0.815967739703,1.21751979314
0.638954323846,1.89020784745
0.781333583985,1.35300713976
0.715100602217,1.60364906718
0.620453819079,1.9609507097
0.39629429396,2.93357030129
0.814364423643,1.22390496688
0.705963064379,1.63788241497
0.695641650165,1.67654711694
0.497904753901,2.45714404361
0.682483504938,1.72588213
0.595708185329,2.05681541877
0.830580635196,1.15868157944
0.829736126416,1.16211591788
0.397939324607,2.9251441995
0.491077769723,2.48681332954
0.700142933584,1.65968355732
0.707149243451,1.63343918946
0.842200530974,1.11094757254
0.822827205597,1.19005064389
0.387494247084,2.97913559406
0.544948970273,2.25947300349
0.569112212958,2.16184474975
0.670683096958,1.7702175069
0.528261969312,2.32833583353
0.717809547225,1.59349584574
0.844222936074,1.10254164251
0.712376525538,1.61385652808
0.67575983247,1.75112997697
0.526866054662,2.33415501372
0.824713081976,1.18245328537
0.501465934695,2.44177544008
0.468283192197,2.5879803116
0.566826007338,2.17098529355
0.527724242253,2.33057635631
0.63352392711,1.91090194252
0.731653559087,1.54154580982
0.520197968216,2.36208407181
0.681908343446,1.72804066343
0.625425436695,1.94187060259
0.610596407365,1.99895026266
0.795913416433,1.29653876215
0.588759389231,2.08403816179
0.588243130822,2.08606650894
0.745112883874,1.49087720976
0.637532563555,1.89562060436
0.448454794306,2.67888648356
0.839536666231,1.12197342157
0.582630713943,2.1081714719
0.616081051487,1.97777874705
0.624601033474,1.94503076162
0.777476432245,1.36783424041
0.500286084845,2.44685914831
0.425206536199,2.78938132266
0.756968854148,1.44604126267
0.466806147571,2.59465449378
0.454759898925,2.64966574516
0.579917369698,2.11889463248
0.811531303276,1.23515678603
0.521161371349,2.35803522931
0.675305143868,1.75283860455
0.499697760906,2.44939707108
0.788110504247,1.3268479501
0.62064948422,1.96019874638
0.526125213616,2.3372472013
0.712141979386,1.61473530697
0.782731589833,1.34762242384
0.559395287717,2.20082878917
0.861512402377,1.02930095105
0.467373766164,2.59208785915
0.695682346263,1.67639463424
0.551938922715,2.23099094692
0.438758543416,2.7244283726
0.560917871956,2.19469663702
0.855936681622,1.05320872992
0.7059085935,1.63808645154
0.592792618245,2.06821990933
0.795529456697,1.29803531678
0.638931924506,1.8902930953
0.630239606166,1.92344516392
0.684765739658,1.7173191011
0.611759967422,1.99445256175
0.581447295758,2.11284537659
0.401531635769,2.90684137172
0.838538474424,1.12609180423
0.396823823018,2.93085488019
0.858592979018,1.04185564551
0.402548585223,2.90168401716
0.637427332386,1.8960213739
0.624891005461,1.94391905446
0.563819983773,2.18303307702
0.505778162986,2.42326173989
0.759322314645,1.43711250564
0.842074120117,1.11147196839
0.844485970471,1.10144608504
0.484986206526,2.51352372146
0.703269467053,1.64797198858
0.839329702131,1.12282790506
0.738548352539,1.51561532257
0.775192308925,1.37659497391
0.748101850246,1.47959449173
0.862189699879,1.0263764121
0.606649005716,2.01423446864
0.857231035306,1.0476847914
0.483029863931,2.5221507929
0.644077691437,1.87073226404
0.502703697563,2.43645068083
0.864448408942,1.01659008885
0.459813219922,2.62646121957
0.865619216296,1.01149672574
0.614220998054,1.98495058967
0.544972771231,2.2593756707
0.437504755539,2.7303725818
0.619127727979,1.96604932478
0.75212930271,1.46437052093
0.514132480756,2.38768401315
0.777631329055,1.36723961983
0.78217968818,1.3497488891
0.593616175782,2.0649959523
0.695248560142,1.67801999356
0.582424283975,2.10898643702
0.618614328125,1.9680243508
0.652901740575,1.83728926963
0.535690351888,2.29752423542
0.866272229513,1.00864968547
0.693290428785,1.68535760628
0.553257735412,2.22563990292
0.723673327305,1.57150674926
0.660633162577,1.80807934659
0.531477575782,2.31496630672
0.745520683653,1.48933859602
0.429258800414,2.76979440798
0.553312734525,2.22541689941
0.607525644967,2.01083667791
0.488211077015,2.49935485355
0.497895502752,2.4571840628
0.756080820347,1.4494076826
0.808549381882,1.24695830409
0.390431700699,2.96383270754
0.465073426927,2.60250334775
0.786004913539,1.33499112878
0.729235555,1.55062909318
0.469651722867,2.58180990571
0.41993355404,2.8150871959
0.636690487643,1.89882819299
0.463744029575,2.60853953871
0.836779195104,1.13333327953
0.408256153628,2.87293125479
0.545199508917,2.25844856064
0.641403351193,1.88089264816
0.790101847432,1.31913310831
0.546967089102,2.25122862039
0.659966423287,1.81059528078
0.493630508076,2.47568710423
0.674247059332,1.7568153407
0.58439922265,2.10119522753
0.816275225475,1.21629375295
0.540398948788,2.27812526662
0.820129788006,1.20088273908
0.426256061992,2.78429452921
0.818056109782,1.20918325356
0.517767353445,2.37231998666
0.510427009037,2.40341781794
0.449823736483,2.67251639058
0.690199142456,1.69694405877
0.526520753531,2.33559593055
0.511072082648,2.40067351869
0.585717369237,2.09600205488
0.764322231294,1.41810707762
0.819393743866,1.20383159886
0.713386155317,1.61007356621
0.395421843557,2.93805065372
0.865135743776,1.01360170641
0.675942447546,1.75044379428
0.483111924845,2.52178843611
0.809746784817,1.24222432551
0.593411447856,2.0657972067
0.474601230541,2.55959999309
0.783406972138,1.3450189347
0.390625135935,2.96282830694
0.568956243847,2.16246772987
0.562844999913,2.18694796015
0.523447483763,2.34844610576
0.676923564667,1.74675767147
0.731551774063,1.54192826813
0.552968323287,2.22681357732
0.668254606694,1.77935664891
0.387178464415,2.9807863497
0.769564082644,1.39812411588
0.657345059764,1.82049240062
0.843703294052,1.10470443533
0.840257180127,1.11899627266
0.728011541278,1.55522531259
0.847730878243,1.08788645206
0.618668346369,1.96781651641
0.713802360794,1.60851401281
0.789118387772,1.32294488672
0.79552258904,1.29806207973
0.552076761108,2.2304313394
0.621621215105,1.95646555336
0.589833240841,2.07982169844
0.863605696958,1.02024737193
0.616397224044,1.97656049759
0.470133533388,2.57964058528
0.390360903144,2.96420042131
0.599644546269,2.04145707815
0.72762822414,1.55666444688
0.716365931724,1.59890691159
0.551075755871,2.23449707456
0.766767523109,1.40879289683
0.786673322782,1.33240767781
0.741425193858,1.50478068484
0.673167398311,1.76087416241
0.792286535334,1.31065358468
0.510125860214,2.40469974225
0.721828882925,1.5784253483
0.527307556652,2.33231349847
0.488104012642,2.49982422264
0.582391607854,2.10911545184
0.475474789155,2.55569713228
0.699104555369,1.66357340467
0.809345020055,1.24381345342
0.445034270405,2.69486690198
0.655711251272,1.82666547594
0.736816218994,1.52213425146
0.631908427012,1.9170690747
0.394904670497,2.94071032116
0.756647169749,1.44726089224
0.809999486905,1.24122441223
0.634963953727,1.90540892717
0.532646264317,2.31011934563
0.566843182291,2.17091655461
0.5883504709,2.08564470849
0.807782128773,1.24998822747
0.799465472778,1.28266727139
0.45472453638,2.64982879319
0.846252877813,1.09407291104
0.684337851677,1.71892431716
0.863308043445,1.02153742412
0.539372742832,2.28234465554
0.497096495797,2.46064233016
0.52135932551,2.35720387609
0.557257671828,2.20945318017
0.534722389025,2.30152460962
0.542978080704,2.26754134081
0.744893025563,1.4917066324
0.472750897906,2.5678836552
0.498945044008,2.45264704891
0.529045875673,2.32507205132
0.446591163942,2.68758186396
0.752323833676,1.46363452987
0.685930462223,1.71295018039
0.612383561229,1.99204347169
0.600316927654,2.03883806258
0.842141037021,1.11119438876
0.792043678303,1.31159702125
0.621623170767,1.95645804224
0.392133190444,2.95501174117
0.859645763722,1.03733771618
0.443335342271,2.70283841088
0.78383312548,1.343375465
0.408330553629,2.87255858302
0.71108405441,1.61869889719
0.401180165803,2.90862626266
0.391056642752,2.96058919977
0.636547194715,1.89937414655
0.620195112792,1.96194508053
0.551025964641,2.23469941678
0.72816409885,1.55465251619
0.515461577276,2.38205817696
0.508252894366,2.41268353184
0.686953079874,1.70911490104
0.854685194493,1.05853525478
0.579019510553,2.12244834168
0.537310536907,2.29083794615
0.791110366438,1.3152207648
0.695229032958,1.67809316141
0.73731993469,1.52023884257
0.851864660543,1.07048907906
0.46142623162,2.61909362753
0.632696649425,1.91405941854
0.44961466372,2.6734883333
0.460771749508,2.62208077639
0.546562484835,2.25288011104
0.698945401253,1.66416962259
0.795850415639,1.29678435736
0.709482893621,1.62469732725
0.633502222143,1.91098476706
0.66376102775,1.79628351931
0.829388917448,1.16352661448
0.501189599379,2.44296539699
0.458784830667,2.63116832927
0.444798494742,2.69597181245
0.716978564674,1.59661069666
0.843793056664,1.10433098292
0.722825007499,1.5746890837
0.738457269924,1.51595819699
0.51855833347,2.368985672
0.490737774607,2.48829816865
0.798642338015,1.28588613532
0.547229122113,2.25015943937
0.862198605201,1.02633792898
0.714616384214,1.6054636565
0.82781062342,1.16992982956
0.705833920914,1.63836615926
0.435876767718,2.73811025096
0.761963493528,1.42707936636
0.756388535102,1.44824133873
0.830063797565,1.16078391621
0.83749637382,1.13038385589
0.651142522266,1.84394722606
0.700379644104,1.65879684085
0.82932311979,1.16379386376
0.384498418734,2.99484108422
0.828718995161,1.16624638117
0.539891682509,2.28021037734
0.8160783961,1.21707862759
0.594305179223,2.06230027382
0.84359980098,1.10513493663
0.777515725516,1.367683407
0.835081174709,1.14030242492
0.807930560045,1.24940227228
0.423165277927,2.79930282426
0.707943599463,1.6304636015
0.720551960193,1.58321403455
0.500561981993,2.44566965934
0.766579903311,1.40950801618
0.808995127416,1.24519680149
0.460865042547,2.62165478525
0.410246331109,2.86298099035
0.540359020169,2.27828935123
0.8501347434,1.0777868658
0.454932376392,2.64887062767
0.667059698518,1.78385563682
0.799848001963,1.28117047999
0.720353168814,1.58395946089
0.65410048821,1.8327550182
0.385600859888,2.98904990895
0.668414530979,1.77875462443
0.794305649794,1.30280167655
0.654234201577,1.83224937398
0.701418856539,1.65490402851
0.73709795208,1.52107416446
0.470437507888,2.57827277581
0.43622412952,2.73645742741
0.708664953266,1.62776141306
0.748222270901,1.47913965786
0.408427975204,2.87207067743
0.624672728772,1.9447558762
0.632349463151,1.91538492375
0.829364959667,1.1636239265
0.70371967002,1.64628563594
0.599459560962,2.04217784269
0.582259514902,2.10963702863
0.641352020465,1.88108778373
0.619957432911,1.96285876776
0.540922850985,2.27597297132
0.52725407756,2.33253651088
0.834367494043,1.14322576917
0.814747464056,1.22238068823
0.716265983172,1.59928151609
0.490413622721,2.48971446762
0.653360198306,1.83555491767
0.772852127165,1.38555637518
0.812187425419,1.23255443877
0.507052950049,2.41780848613
0.709073785264,1.62622989999
0.436393182061,2.73565340152
0.783815469579,1.34344356646
0.723327546693,1.57280394133
0.796265467374,1.29516609159
0.715446991641,1.60235093753
0.554335186338,2.22127341956
0.579562382311,2.12029934439
0.700332036041,1.65897517988
0.853259092979,1.06458795797
0.527938606041,2.32968300987
0.706067726454,1.6374903722
0.673720747966,1.75879380113
0.559407179698,2.20078085988
0.586333624028,2.09357605549
0.864651413156,1.01570798009
0.731871239881,1.54072784116
0.867769068598,1.00210655134
0.793876292422,1.30447258967
0.518933235338,2.36740641879
0.414302967168,2.84281730703
0.677173797152,1.74581765336
0.789929875353,1.31979988993
0.416915616256,2.82991359287
0.479545319222,2.53757711969
0.464087193247,2.60698019236
0.849291456199,1.08133524953
0.56109268746,2.19399314595
0.519654481821,2.36437021957
0.67767463554,1.74393636049
0.68956892713,1.69930662719
0.438145561116,2.72733290679
0.696765797028,1.67233524218
0.48958863741,2.49332190563
0.629564059281,1.92602782524
0.667694201623,1.78146646396
0.570783201086,2.15517589856
0.438434182841,2.72596492727
0.53657580643,2.29386860242
0.491312626236,2.48578806309
0.438926690684,2.72363216802
0.560232207996,2.19745701504
0.651012076867,1.84444109112
0.750556276072,1.47031967096
0.709706979182,1.62385786268
0.568168005932,2.16561750106
0.625627911115,1.94109468665
0.48249964709,2.52449310263
0.438984841725,2.7233568673
0.505307470993,2.42527752027
0.750910582598,1.46898003889
0.461238516743,2.61995006949
0.842419811268,1.11003764044
0.66486892736,1.79210812208
0.78038232617,1.35666779977
0.847621807103,1.0883435871
0.509818527116,2.40600849456
0.508167748284,2.4130469313
0.518238661688,2.3703328381
0.578938482343,2.12276918224
0.392479252334,2.95322149446
0.689611295647,1.69914778963
0.841151885548,1.1152941425
0.390794975626,2.96194676024
0.547675403357,2.24833913343
0.844024972736,1.103365825
0.628752927192,1.92913006419
0.601879775968,2.03275541183
0.753794487847,1.4580683941
0.652325699605,1.83946886663
0.413293957006,2.84781795993
0.462394405371,2.61468038589
0.715252424035,1.60308010447
0.862437760043,1.02530415811
0.743372549393,1.49744089639
0.823889171503,1.18577494842
0.679234010218,1.73808011497
0.467362120134,2.5921404972
0.415397682199,2.83740278118
0.525766739349,2.33874439059
0.807572002456,1.25081756369
0.771641885478,1.39018533182
0.830649573118,1.15840103451
0.688983603628,1.70150105744
0.50098853534,2.4438314928
0.671014233932,1.76897178399
0.543592939789,2.26502245351
0.744810743855,1.49201702585
0.42239226053,2.8030697986
0.494219576165,2.47312514666
0.677956149118,1.74287899912
0.423879555867,2.79582685861
0.682321184698,1.72649128301
0.802386788022,1.27122154051
0.638290347498,1.89273520428
0.827132684347,1.17267562232
0.570380969714,2.15678027308
0.821206726843,1.19656284774
0.832239281754,1.15192331247
0.671055302179,1.76881729429
0.746256370005,1.48656229305
0.791308468073,1.31445185605
0.47082693377,2.57652137665
0.589998360409,2.07917367261
0.59111061395,2.07481070372
0.502598170317,2.43690431367
0.630712308686,1.92163853767
0.754948880148,1.45369666163
0.405531776684,2.88661526691
0.812289125398,1.23215088597
0.507161701861,2.41734368352
0.471183261685,2.57491973563
0.675741575989,1.75119857785
0.831829831894,1.15359327345
0.563607141794,2.18388740205
0.662841071187,1.79975166974
0.59938868294,2.04245403259
0.590683100278,2.07648724045
0.723731977577,1.5712867162
0.784703607345,1.34001668746
0.454355261345,2.65153198831
0.689109672397,1.70102840154
0.476716564986,2.55015784772
0.732715186268,1.53755618192
0.456287068404,2.64263322617
0.528824927185,2.32599166939
0.604278897885,2.02343097379
0.406714881906,2.88066375752
0.812912584311,1.22967586474
0.525802690624,2.33859420968
0.863961970961,1.01870206743
0.534147698168,2.30390171658
0.789667974784,1.3208151545
0.841202337296,1.11508520844
0.680678074899,1.73265848585
0.814968353767,1.22150134245
0.503627637257,2.43248158831
0.768799825731,1.40104154261
0.702643415863,1.6503170376
0.589778120836,2.08003804017
0.428036385607,2.77568790639
0.506089910701,2.42192732644
0.606037700599,2.01660503473
0.567455830272,2.16846527557
0.503086357453,2.43480625575
0.848289844181,1.08554222754
0.611393362318,1.99586929535
0.445637944629,2.69203991705
0.489496964552,2.49372302177
0.469197007463,2.58385869025
0.433025147783,2.75171707707
0.450229673116,2.67063022113
0.712827135544,1.61216817958
0.635426937618,1.90364370219
0.630863974666,1.921058979
0.426635187249,2.78245939207
0.487278959438,2.50344361288
0.43744617295,2.73065063849
0.809711907309,1.24236230854
0.772779763573,1.38583325665
0.630944494597,1.92075130823
0.548181237565,2.24627693681
0.430769723872,2.76252782579
0.503492285256,2.43306273887
0.399955403446,2.91485591966
0.741333550227,1.50512598198
0.5148825814,2.38450783212
0.432326018126,2.75506352545
0.75351379184,1.45913105485
0.66635450505,1.7865114869
0.706983991989,1.63405819955
0.65257722124,1.83851711215
0.722426034697,1.57618561891
0.813970282057,1.22547266117
0.641376663966,1.88099410002
0.843472184933,1.10566567072
0.685822145162,1.71335645069
0.537862582298,2.28856244673
0.839120872187,1.12368978245
0.707664591256,1.63150874897
0.824784566298,1.18216490628
0.64551851224,1.86526322936
0.852716301748,1.06688700368
0.557375690488,2.20897655631
0.464383153775,2.6056360077
0.729995425194,1.54777515176
0.85584579837,1.05359601906
0.625425851268,1.94186901379
0.717277100942,1.59549169708
0.442307118072,2.70767409669
0.686367422199,1.71131131584
0.753638196718,1.45866009863
0.391506716032,2.95825590211
0.580811643919,2.11535777566
0.751610769169,1.46633204453
0.634190194694,1.90835995614
0.53848022136,2.28601820191
0.66738094056,1.78264597192
0.739548650872,1.51184914447
0.720527094439,1.58330727705
0.789459083941,1.32162475831
0.505257353098,2.42549222685
0.835770837093,1.13747421841
0.57437268144,2.14088396093
0.645158740244,1.8666285254
0.618114911682,1.96994616841
0.406039768686,2.88405815598
0.752468208068,1.46308826148
0.593738587165,2.06451692377
0.527594937739,2.33111533101
0.474983492019,2.55789151274
0.620801129538,1.9596160158
0.457124390937,2.63878474654
0.523250878504,2.34926974681
0.630964164455,1.92067615066
0.424945130185,2.79064981026
0.57274124099,2.14737411042
0.746532058874,1.48552171326
0.45071948286,2.66835602014
0.808942300307,1.24540561179
0.732653246761,1.53778898061
0.686533499079,1.71068845327
0.625309313075,1.94231564734
0.600706049939,2.03732295505
0.734979713364,1.52904249902
0.470543691737,2.57779512346
0.519694599972,2.3642014135
0.657518633232,1.81983678978
0.5456615648,2.25655993803
0.829708493368,1.16222821725
0.667778863382,1.7811477083
0.821806367858,1.19415477368
0.457026911929,2.63923251085
0.400379022728,2.91269947401
0.585053610571,2.09861640836
0.848778879033,1.08348920465
0.500165383821,2.44737966923
0.757108178723,1.44551297048
0.558584114777,2.20409942958
0.423118693265,2.7995296829
0.421129718226,2.80923385947
0.592772297054,2.06829948562
0.742330247012,1.50137004244
0.626526114229,1.93765367341
0.545906237501,2.25556022468
0.419622853919,2.81660971959
0.669847287501,1.77336225425
0.392449811662,2.95337374673
0.522353024147,2.35303357828
0.504527891971,2.42861883819
0.784216371656,1.34189698942
0.581430202654,2.1129129193
0.578584691637,2.1241703153
0.665328011229,1.79037835172
0.389855245735,2.96682833228
0.548699009636,2.24416718572
0.550955252225,2.23498679636
0.469888265075,2.58074469147
0.393767316604,2.94656937959
0.580431694471,2.11686015318
0.809116344999,1.24471761503
0.818032534752,1.20927748874
0.732769129593,1.53735343389
0.60802572146,2.00889931323
0.732312364367,1.53907011901
0.460832644463,2.62180271304
0.79651507695,1.29419256351
0.721111674782,1.58111511214
0.749018745055,1.4761307941
0.429048968111,2.77080512757
0.481725589166,2.52791582305
0.660940400388,1.8069201715
0.861836474107,1.02790219215
0.531739508935,2.31387942165
0.507764587503,2.41476813867
0.472082700953,2.57088071883
0.501081490393,2.44343105458
0.731533384509,1.5419973661
0.493721906981,2.47528945979
0.426131548051,2.784897509
0.734489992919,1.53088406542
0.605024998482,2.02053434093
0.863142827987,1.0222530921
0.488448602641,2.49831379489
0.845470172342,1.09734208145
0.704111002882,1.64481979958
0.670151025355,1.77221935713
0.446955174177,2.68588132631
0.635000552384,1.90526937223
0.409660402873,2.86590644631
0.698845019429,1.66454567176
0.761957070805,1.42710378161
0.558894075177,2.2028493699
0.79702937474,1.29218595195
0.7892748994,1.32233848464
0.442336467641,2.70753594973
0.649959275986,1.84842791108
0.552150364644,2.23013254962
0.396274782591,2.93367041169
0.485909513799,2.50946046142
0.818241138803,1.20844354596
0.44702438367,2.68555811924
0.831422915483,1.15525183874
0.813213875345,1.22847911667
0.405336234962,2.8876002615
0.507114698491,2.41754456683
0.52541688517,2.34020618175
0.594315166444,2.0622612098
0.85653806432,1.0506441074
0.507682853938,2.41511719043
0.463340641542,2.61037361387
0.605342285453,2.01930296797
0.452151321402,2.66171845116
0.49805712791,2.45648496606
0.630083649171,1.92404131609
0.825945205055,1.17747855034
0.814174498283,1.22466048917
0.534761125868,2.30136443627
0.589644079852,2.08056417942
0.500983614901,2.44385269077
0.617519969357,1.97223633935
0.508876388905,2.41002368716
0.84411478999,1.10299192515
0.575930447488,2.13469552912
0.639245123576,1.88910119763
0.465689178397,2.59971171747
0.680061221663,1.73497423466
0.789926243013,1.31981397239
0.402053244296,2.90419477536
0.419683303192,2.8163134308
0.453625423342,2.65490120082
0.784738281021,1.33988284926
0.708066672851,1.63000257349
0.752054405146,1.46465387277
0.731202226813,1.54324162645
0.604576124102,2.02227685553
0.542050104004,2.27134609446
0.402599424703,2.90142646541
0.691913717537,1.69051722433
0.551527667049,2.23266105894
0.635732612953,1.90247847092
0.647499180281,1.857750532
0.647985765436,1.85590585872
0.809704827778,1.24239031602
0.527243300238,2.33258145491
0.822477499003,1.1914572435
0.849626596281,1.07992575258
0.76236719249,1.42554458022
0.507563003676,2.41562908951
0.576379844505,2.13291179178
0.457541634094,2.63686895423
0.425580372132,2.78756831505
0.771074403935,1.39235458883
0.44888995238,2.67685999585
0.415205308357,2.83835345664
0.849423609796,1.08077956255
0.472213679068,2.57029300555
0.694753778215,1.67987396069
0.394581353056,2.94237448634
0.598918943008,2.04428482222
0.524361791166,2.344618295
0.781615276764,1.35192260951
0.682321733214,1.72648922452
0.804355218343,1.26348933627
0.474095227226,2.56186302096
0.717598687993,1.59428625625
0.708225081283,1.62940917925
0.480686074737,2.53251835291
0.640483492745,1.88439021588
0.507066114404,2.41775221855
0.791114706634,1.31520392029
0.758449308948,1.44042581175
0.730712969871,1.54507974002
0.726378959765,1.56135396244
0.815085580135,1.2210345736
0.501873069511,2.44002302226
0.748226770921,1.47912266068
0.544982407703,2.25933626354
0.462302692193,2.61509815578
0.591458296696,2.07344763976
0.822818157719,1.19008704516
0.40439562387,2.89234369588
0.621363742095,1.95745450584
0.829237737261,1.16414062076
0.698120821679,1.66725870296
0.856410942629,1.05118649857
0.810899393552,1.23766116216
0.689427433926,1.6998370841
0.398677615542,2.92137173356
0.472031768436,2.57110928993
0.681660544595,1.72897069776
0.512856521228,2.39309364874
0.393585768604,2.94750589609
0.544342357584,2.26195453772
0.561708991034,2.19151395693
0.412138277258,2.85355740171
0.412449534263,2.85201035468
0.608860710161,2.00566589286
0.651761474958,1.84160421799
0.729776213452,1.54859852156
0.710963634224,1.61915004441
0.847698061895,1.08802400083
0.460106655517,2.62511952425
0.816570132294,1.21511741525
0.712087320732,1.61494009576
0.465294467043,2.60150091261
0.526037575241,2.33761317044
0.718888153527,1.58945236681
0.694710202333,1.68003724447
0.74703744978,1.48361384776
0.596763912132,2.0526919791
0.773433512418,1.38333136336
0.708533228172,1.62825485957
0.612538335135,1.99144569283
0.741439705849,1.50472600526
0.427846710897,2.77660353056
0.793803883902,1.30475431286
0.415739644263,2.83571372638
0.70222697647,1.65187693761
0.509736547535,2.40635768371
0.62596425571,1.93980595098
0.851416047635,1.07238401888
0.430268834434,2.76493460594
0.555107270353,2.21814734577
0.773005256813,1.3849704184
0.544320689924,2.26204320523
0.779272537605,1.36093520063
0.511087751272,2.40060688828
0.604514269437,2.02251701537
0.498262295784,2.45559774655
0.640186032529,1.88552156175
0.806210025919,1.25618829613
0.844123845339,1.10295422526
0.439498180098,2.72092780193
0.387332833829,2.97997924455
0.699170788905,1.66332528394
0.657319839085,1.82058766588
0.463984097978,2.60744857284
0.628650741494,1.92952097702
0.770002158852,1.39645120358
0.567165941388,2.16962498455
0.424887558671,2.79092926083
0.711817979028,1.61594922404
0.466538793769,2.59586418005
0.809425351395,1.24349577299
0.594654537387,2.06093396839
0.460594000497,2.62289258094
0.41996571217,2.81492966186
0.825066595872,1.1810268658
0.624031617539,1.94721434216
0.629953647133,1.92453829188
0.759464780151,1.43657166887
0.407814621688,2.87514401731
0.464893747287,2.60331846292
0.757465226512,1.4441589496
0.760304724353,1.43338221216
0.416492682134,2.83199810347
0.550945760156,2.23502537427
0.846054442785,1.09490218057
0.560266495754,2.19731893472
0.837775268245,1.12923592997
0.519146579409,2.36650803842
0.588931123332,2.08336361184
0.589569436566,2.080857194
0.547801025593,2.24782689318
0.855378135602,1.055587731
0.597436162126,2.05006799045
0.578244253146,2.12551896595
0.410899579895,2.85972332926
0.474768134012,2.55885391489
0.434396591746,2.74516454819
0.536839575101,2.2927803133
0.740025329541,1.51005401542
0.76611316434,1.41128666452
0.857752429399,1.04545526208
0.743353994239,1.49751085566
0.720550788671,1.58321842757
0.400113896145,2.91404889235
0.503839304464,2.4315729745
0.758982278865,1.43840321269
0.674897989164,1.754368755
0.656333141024,1.82431534817
0.567233776776,2.16935357948
0.405849549787,2.88501537241
0.806255123948,1.25601059096
0.743914334275,1.49539798326
0.769638300053,1.397840729
0.756034871561,1.44958182948
0.821169786481,1.19671113033
0.828686574665,1.16637793281
0.706887016925,1.63442145425
0.704395558262,1.64375392596
0.762049106567,1.42675391
0.683367450987,1.72256515945
0.392931748471,2.95088258488
0.693935873286,1.68293883567
0.559270033508,2.2013336455
0.433619391335,2.74887593217
0.433739025566,2.7483043084
0.8256944832,1.17849156568
0.467309976228,2.59237619022
0.531877468033,2.3133070933
0.715773241037,1.6011282468
0.806126175076,1.2565186799
0.783473143899,1.34476377843
0.595489048042,2.05767172637
0.491145651719,2.4865169564
0.752892544547,1.46148250204
0.722546347456,1.57573433897
0.534308886065,2.3032348377
0.412983094173,2.84936054328
0.410516682492,2.86163228547
0.672776775185,1.76234290417
0.513382817276,2.39086129263
0.592325373997,2.07004991542
0.494156390966,2.47339985132
0.442969521883,2.70455787596
0.558052257542,2.20624526691
0.735278888727,1.527917349
0.681990534505,1.72773219419
0.722050414371,1.57759447651
0.658697303269,1.81538582594
0.531458211286,2.315046672
0.530306706539,2.31982874968
0.737889761364,1.51809433594
0.840577122333,1.11767307759
0.415958010702,2.83463572148
0.612905214705,1.99002894046
0.711766104848,1.61614357633
0.638408892123,1.89228391827
0.556460854413,2.2126726047
0.685872575486,1.71316729833
0.479829562318,2.53631583768
0.470984193042,2.57581441324
0.782356993804,1.34906583433
0.668549870975,1.77824516623
0.645250878727,1.86627884971
0.803821076783,1.26558911914
0.617421983413,1.97261360579
0.838364729359,1.12680792863
0.73712681812,1.52096554438
0.477326660183,2.54744006583
0.826585715221,1.17488895521
0.528722512104,2.32641801424
0.433114500513,2.75128968081
0.623645172892,1.94869667081
0.723022608288,1.57394785464
0.70488862041,1.64190703689
0.636107652778,1.90104906204
0.832230843686,1.1519577384
0.738370049276,1.51628652455
0.60360563383,2.02604611057
0.650248182924,1.84733369324
0.804181778688,1.26417128438
0.648744882302,1.85302873656
0.786155538495,1.33440907755
0.526298749213,2.33652264414
0.421037311071,2.80968558247
0.575448548656,2.13660904191
0.456758591028,2.6404653896
0.737308916876,1.52028030393
0.790618727084,1.31712841767
0.562028359854,2.19022981118
0.422991450772,2.80014942945
0.825463647579,1.1794239072
0.510401269711,2.40352736555
0.402855620094,2.90012898292
0.40644865107,2.88200179938
0.599750691982,2.04104354233
0.661121437582,1.80623719155
0.444076042873,2.69936016476
0.761268196837,1.42972196938
0.633341244669,1.91159907357
0.529246531763,2.32423709497
0.854398435438,1.05975377045
0.429317294227,2.76951272314
0.420443356921,2.81259092069
0.533766487911,2.30547936654
0.555451176516,2.21675568129
0.802807983033,1.26956841075
0.735241677716,1.52805729848
0.548966583558,2.24307735032
0.801017421659,1.27659104168
0.498460799156,2.45473957837
0.805847119259,1.25761797565
0.725050028922,1.56634132871
0.728166490251,1.55464353724
0.658885937,1.81467366176
0.833415231275,1.14712112299
0.620056218417,1.96247900164
0.785653284072,1.33634962785
0.756511639831,1.44777468172
0.758773545427,1.43919541232
0.6893442348,1.70014900105
0.830451057994,1.15920881691
0.822690580917,1.19060026109
0.463580055141,2.60928493823
0.778876849364,1.36245586306
0.438295426931,2.7266225028
0.409234199327,2.86803651377
0.450260313234,2.67048790428
0.78910221302,1.32300755086
0.671436379239,1.76738384216
0.602270558559,2.03123552657
0.61946519876,1.96475142046
0.643769810444,1.87190135549
0.598785353512,2.04480559472
0.469169389803,2.58398317123
0.821690333765,1.1946209051
0.706410405684,1.63620676146
0.520830249793,2.35942628902
0.730307355243,1.54660345904
0.613956307934,1.98597183882
0.824197968805,1.18453046295
0.718207651455,1.59200349192
0.735028735993,1.52885813902
0.846840105486,1.091617037
0.571245984197,2.15333071671
0.535450871477,2.29851355453
0.746166551606,1.48690128677
0.450485060234,2.66944422207
0.764351936389,1.41799400867
0.595006397533,2.05955823987
0.556170719352,2.21384547797
0.506235196171,2.42130562564
0.776778207408,1.3705137779
0.433931744942,2.74738373074
0.824106491663,1.18489918228
0.545360609353,2.25778996947
0.540783905079,2.27654367068
0.842686356218,1.10893109472
0.806248597609,1.25603630803
0.700741271211,1.65744219999
0.839330088621,1.12282630966
0.839242677107,1.12318711015
0.583733006565,2.10382206877
0.602267035745,2.03124922612
0.549447352219,2.24111991917
0.728505828301,1.55336938576
0.419715980247,2.81615327995
0.479002525091,2.53998713067
0.70104719043,1.65629624961
0.535891191352,2.29669474839
0.64719413725,1.85890715761
0.553964112614,2.22277670522
0.44296409865,2.70458337482
0.570663113061,2.15565483139
0.763623167503,1.42076743573
0.593422233528,2.06575499115
0.533207763383,2.30779288098
0.716736836438,1.59751673765
0.703045782553,1.64880985938
0.737057218503,1.52122743939
0.394479076125,2.94290115265
0.828478162732,1.16722344606
0.605957341153,2.01691673196
0.478280777769,2.54319465499
0.680114549015,1.7347740263
0.487861334389,2.50088838234
0.830752950403,1.15798028152
0.670493300566,1.77093155988
0.810682837751,1.23851897883
0.615793920918,1.97888530038
0.791278503687,1.31456816815
0.503736958933,2.43201227704
0.484596264086,2.51524136789
0.686175759505,1.71203015459
0.629337231994,1.92689520889
0.845664733694,1.09652989391
0.403294002153,2.89791036825
0.632295965089,1.91558919234
0.831401686229,1.15533833885
0.861332646694,1.03007636559
0.614902232114,1.98232297721
0.561386019352,2.19281298568
0.600773083704,2.03706199125
0.756577062797,1.44752666958
0.480266408284,2.53437842135
0.731527312277,1.54202018219
0.552653517445,2.22809061954
0.672876392757,1.76196832943
0.638409434351,1.89228185413
0.529259487258,2.32418319206
0.390969327364,2.96104211987
0.802160205035,1.27211054117
0.493140336271,2.47782051699
0.39997350127,2.91476375448
0.417932717999,2.8249074228
0.780829330479,1.35494795416
0.588458261226,2.0852211747
0.673009130429,1.76146923273
0.81891267166,1.20575738163
0.792319394141,1.31052592071
0.814199568871,1.22456076872
0.433659686727,2.74868338345
0.588706449941,2.08424611902
0.688509515713,1.70327856794
0.400284007958,2.91318298899
0.743946459711,1.49527683543
0.566520615625,2.17220773747
0.510833911741,2.40168649579
0.530105153664,2.32066642196
0.550087087728,2.23851675383
0.800569750611,1.27834476925
0.713362058133,1.61016385867
0.76373201165,1.42035328684
0.595867473596,2.05619306665
0.680467677423,1.73344831636
0.427845010197,2.77661174184
0.640108353371,1.88581702852
0.805148183236,1.26036983021
0.820053000291,1.20119051475
0.8074018166,1.25148911573
0.637879851565,1.89429811255
0.548879972643,2.24343008599
0.428877209643,2.77163273735
0.612192520534,1.99278140448
0.519601062031,2.36459500792
0.476907476948,2.54930713257
0.563028956362,2.18620903919
0.780484045342,1.35627648726
0.810610355105,1.23880604639
0.488467385084,2.49823148749
0.404080818959,2.89393321172
0.620666005042,1.96013525896
0.487436145072,2.5027537386
0.606035568704,2.01661330368
0.412358954942,2.85246046737
0.794922974429,1.30039807478
0.611874484754,1.99401008187
0.849462745335,1.08061497555
0.639194851455,1.88929249937
0.416344335792,2.83272965154
0.45867207172,2.63168491441
0.420881179474,2.81044899223
0.728061086682,1.55503929014
0.402576873453,2.90154070634
0.845697606784,1.0963926375
0.404335941599,2.89264496783
0.804903503897,1.26133268209
0.742455382664,1.50089839466
0.737506979259,1.51953495129
0.775848596259,1.37407923176
0.425275922373,2.78904472409
0.614444877905,1.98408693078
0.578283703512,2.12536266293
0.488086021427,2.49990310285
0.447568466482,2.68301856449
0.546584804077,2.25278899151
0.770485065546,1.39460655843
0.808253847794,1.24812569984
0.596920840493,2.05207932563
0.669206004795,1.77577555409
0.492037253186,2.48262679632
0.516713406396,2.37676780785
0.863328352869,1.02144943018
0.687597566646,1.7066980577
0.532463595968,2.310876514
0.423281751386,2.79873570537
0.652092246808,1.8403523306
0.701019111653,1.65640143021
0.770149521018,1.3958883577
0.474586009837,2.55966804065
0.48832856866,2.4988398524
0.847163976056,1.09026139061
0.56091571022,2.19470533699
0.776484042122,1.37164227996
0.52316747909,2.34961919093
0.59760126323,2.04942375055
0.684535293111,1.71818360518
0.790285299486,1.31842170419
0.531015052661,2.31688632264
0.439150433197,2.72257306984
0.429698376653,2.76767829401
0.712609160888,1.61298489492
0.458057063589,2.6345041006
0.69929528686,1.66285889779
0.584602677388,2.10039330421
0.66824188325,1.7794045466
0.454795257487,2.64950272484
0.552165445665,2.23007133173
0.793150141385,1.30729699993
0.684076525118,1.71990473237
0.736612227173,1.52290176583
0.559088460797,2.20206561053
0.435528771109,2.7397671033
0.610129917304,2.0007544196
0.776939643216,1.36989436377
0.58884055349,2.08371934744
0.581210503126,2.11378113856
0.637335847339,1.89636980823
0.45855619841,2.63221586415
0.513396068036,2.39080510659
0.65187777471,1.84116403484
0.676587156395,1.74802149336
0.649815622035,1.84897203861
0.782304525385,1.34926797427
0.785986141478,1.33506366347
0.80832421635,1.24784777145
0.62384385652,1.9479345173
0.640599970333,1.8839472529
0.604796892826,2.02141977186
0.834171319033,1.14402873792
0.463561068201,2.60937126191
0.758875534046,1.43880834849
0.619684109534,1.96390963464
0.839515847126,1.12205939033
0.4146933534,2.84088513796
0.528998602735,2.32526878819
0.454964408315,2.64872298562
0.78219028713,1.3497080602
0.539217332529,2.28298405561
0.81175886972,1.23425443292
0.780251883998,1.3571695653
0.831060343299,1.15672877213
0.794458682927,1.30220596065
0.615460780644,1.98016941403
0.846372169969,1.0935742341
0.781394542311,1.3527724673
0.8438086421,1.10426613433
0.596499510643,2.05372437156
0.47229613374,2.5699230817
0.507246531012,2.41698117076
0.583992001292,2.10280070206
0.847488042272,1.0889040869
0.863295795018,1.02159049043
0.727479735061,1.55722190801
0.540012750265,2.27971262626
0.846574020759,1.09273018135
0.438624521478,2.72506315413
0.629711265263,1.92546496807
0.706419976483,1.63617091098
0.414168619755,2.84348257612
0.426745934242,2.78192356534
0.507131781179,2.41747155733
0.686910696771,1.70927384615
0.624975174944,1.94359639577
0.685176724133,1.71577739627
0.771885047316,1.38925557622
0.388516379146,2.97379995904
0.728082704254,1.55495812454
0.578638100503,2.12395877088
0.617991350907,1.97042173531
0.52977661263,2.32203228176
0.852103840589,1.06947808033
0.75574805869,1.45066877062
0.680591431923,1.73298373925
0.38865597653,2.97307214085
0.638915488008,1.89035565022
0.817589025938,1.21104976046
0.593517962408,2.06538031963
0.614621184847,1.98340687881
0.417256747366,2.82823347691
0.808040684403,1.24896747525
0.728468152104,1.55351085728
0.481793498421,2.52761538997
0.816671897709,1.21471138531
0.451016342113,2.666978587
0.599533584568,2.04188941048
0.74271463022,1.49992120334
0.558506564727,2.20441224496
0.701162177736,1.65586551822
0.387445721018,2.97938919243
0.543006897316,2.26742325134
0.600213880857,2.03923936174
0.844657255526,1.10073238469
0.703649883939,1.64654703761
0.500671273481,2.44519858561
0.791116339129,1.31519758449
0.842122833203,1.11126990375
0.468550852311,2.58677247678
0.527726979508,2.33056494759
0.636479677347,1.89963140444
0.395229229788,2.93904087838
0.449324861759,2.67483612828
0.461395404255,2.61923425882
0.74707500016,1.48347207931
0.819978111395,1.20149064903
0.607227543348,2.01199187335
0.579367167287,2.12107200392
0.424446630601,2.7930704907
0.483107580718,2.52180761742
0.712141868712,1.61473572164
0.604815218576,2.02134863222
0.670378635032,1.77136297192
0.541229354356,2.27471435632
0.722489423842,1.57594785423
0.71482755171,1.60467232341
0.389106805276,2.97072312082
0.439363610329,2.72156436428
0.71986346623,1.58579565943
0.686858905673,1.70946807435
0.719924346136,1.58556738936
0.63230738154,1.91554560108
0.69283694546,1.68705709264
0.790637729872,1.31705469883
0.726400295602,1.56127388091
0.483940486251,2.51813213702
0.792149013846,1.31118784561
0.385492078737,2.98962073423
0.596084410788,2.05534559393
0.592571141151,2.06908726389
0.561486099039,2.19241041116
0.546343802068,2.2537730075
0.67992483938,1.73548626753
0.537723182485,2.28913691492
0.781277714268,1.35322221285
0.579116417983,2.12206465436
0.506037697858,2.42215078234
0.81038322398,1.23970543959
0.714345157081,1.60648003737
0.529894707265,2.32154126213
0.473011901132,2.56671379367
0.73664134829,1.52279220102
0.847687654757,1.08806762023
0.758020760491,1.44205174355
0.765190889755,1.41479984223
0.601635201306,2.03370685836
0.718514347485,1.59085374876
0.45674638118,2.64052150394
0.742321206878,1.50140411477
0.657562232968,1.81967211378
0.819859559812,1.20196570966
0.806641212296,1.25448887367
0.455885653039,2.64448003974
0.541743339368,2.2726046747
0.565650869883,2.17569110525
0.497975362521,2.45683861682
0.554416288595,2.2209449338
0.589069255905,2.08282111047
0.718561400526,1.59067735248
0.699265541924,1.66297032612
0.656236667781,1.82467988746
0.451734821579,2.66364760895
0.649547143451,1.84998905619
0.548782303777,2.24382789444
0.798969767538,1.28460604389
0.638506678899,1.89191167415
0.45095679799,2.66725481901
0.499493185575,2.45028003643
0.544270187181,2.26224987835
0.850580410143,1.07590919878
0.656931446797,1.82205483323
0.826841368482,1.17385466565
0.806667099937,1.25438681732
0.464134323621,2.60676609559
0.443446591989,2.70231571585
0.453238290484,2.6566899791
0.716892827704,1.59693205688
0.522268426418,2.35338842114
0.852859741664,1.06627969868
0.494402434944,2.47233028103
0.397306665956,2.92838142649
0.687033905529,1.7088117912
0.76012009981,1.43408339188
0.812719258573,1.23044353491
0.806909639921,1.25343051219
0.613630033767,1.98723093126
0.609015029584,2.00506850069
0.660470264828,1.80869398908
0.72748240487,1.5572118851
0.649452658707,1.85034699766
0.47207577996,2.57091177731
0.528570310025,2.32705171064
0.787093407697,1.33078328008
0.824991324825,1.18133064322
0.839771802044,1.12100225506
0.550557291743,2.23660451695
0.837953986348,1.12850004359
0.406198364991,2.88326034469
0.508894311677,2.40994725932
0.844230296718,1.1025109921
0.804344412288,1.26353182839
0.542165659954,2.27087210367
0.669340402119,1.77526975121
0.637317298884,1.89644045463
0.784625008002,1.34032006202
0.684300357053,1.71906498277
0.437576434644,2.73003240229
0.744973652417,1.49140247264
0.549574427626,2.24060269762
0.540080658237,2.2794334618
0.839698502096,1.12130504367
0.412326956134,2.85261949668
0.634806881798,1.90600788954
0.854778358877,1.05813921685
0.709011859692,1.626461879
0.488823435532,2.49667163126
0.828241679305,1.16818252277
0.781165484795,1.35365421761
0.48881499227,2.49670861219
0.459642614772,2.62724157599
0.508804850358,2.41032876539
0.764786760085,1.41633868532
0.414617381872,2.84126103707
0.840575038528,1.11768169805
0.629396233296,1.92666957885
0.613305662302,1.98848293885
0.494488896631,2.47195451115
0.684838484713,1.7170462094
0.536143281943,2.29565384976
0.832305165234,1.15165450289
0.833285095239,1.14765299832
0.422037685233,2.8047994722
0.625582180561,1.94126992615
0.580466785477,2.11672137803
0.439457894138,2.72111835319
0.754057809515,1.45707138673
0.584387500474,2.10124143489
0.468018242396,2.58917640303
0.502273766836,2.43829922862
0.470533588529,2.57784056794
0.836788189474,1.13329631182
0.841652400266,1.11322055174
0.41880318725,2.82063057983
0.471268958547,2.57453466959
0.79952363752,1.28243971717
0.615052523543,1.98174343354
0.473075229504,2.56643001396
0.81132042708,1.2359927383
0.564753254672,2.17928903533
0.785868167588,1.33551948532
0.693721222672,1.68374321344
0.818247213454,1.20841925772
0.751457156245,1.46691305187
0.787018650417,1.33107239584
0.700779147523,1.65730031765
0.59416030161,2.06286698122
0.595426299744,2.05791694929
0.653630309371,1.83453322332
0.856345123462,1.05146727167
0.480313987088,2.53416748309
0.5267976442,2.33444043977
0.430680174574,2.76295795303
0.786656403871,1.33247308841
0.801960065945,1.27289561226
0.680841618294,1.73204456607
0.424972256902,2.79051814812
0.481503835802,2.52889707317
0.554287402646,2.22146696865
0.430057329213,2.76595153945
0.861404013515,1.02976854768
0.730003739683,1.54774392137
0.713661495775,1.60904185027
0.468674391375,2.58621516479
0.748099205923,1.47960447921
0.813626149091,1.22684081926
0.858654850313,1.04159042171
0.404448491332,2.89207685443
0.603818519232,2.02521907504
0.784271832442,1.34168299677
0.763782526821,1.4201610695
0.762107422694,1.42653221371
0.532555633334,2.31049499559
0.726679509071,1.56022585669
0.800362561866,1.27915614596
0.519571352879,2.36472002911
0.769504108636,1.39835310708
0.498260152469,2.45560701375
0.450668393429,2.66859314409
0.608649822823,2.00648236617
0.74284878172,1.4994155074
0.508619369819,2.41111988187
0.74968445448,1.47361518446
0.720266403741,1.58428480562
0.734416123884,1.53116182524
0.534027388339,2.30439954981
0.748180504538,1.47929741361
0.627495314484,1.93394257978
0.633643313078,1.91044639078
0.654466100958,1.83137249316
0.683665187194,1.72144802459
0.785583757586,1.33661819256
0.536204723409,2.29540019784
0.866233164593,1.00882012944
0.642159434842,1.87801889506
0.574853039807,2.13897477982
0.435129374395,2.74166992391
0.691601836973,1.69168617906
0.639743881853,1.88720350417
0.677603004865,1.74420541404
0.593862184596,2.06403329887
0.803048929006,1.26862239954
0.703710275315,1.64632082621
0.455767499441,2.64502386306
0.613160014904,1.98904519188
0.513372832061,2.39090363267
0.636495571078,1.89957084463
0.846109657612,1.09467146626
0.589871838426,2.07967021146
0.625184772583,1.94279298191
0.684852966652,1.71699188303
0.821974593301,1.19347884709
0.747862008992,1.48050031809
0.50692779402,2.41834348019
0.749327887408,1.47496267906
0.63545056109,1.90355364349
0.671167431239,1.76839549758
0.699625723912,1.66162104705
0.510600570752,2.40267922511
0.766349557362,1.41038587931
0.641229152457,1.88155488929
0.618020852072,1.97030818652
0.498554700256,2.45433370518
0.838634298861,1.125696754
0.419060447228,2.81936793111
0.735078617183,1.52867054775
0.858915390144,1.04047316757
0.69199998216,1.69019390353
0.464243386039,2.60627072347
0.777490886663,1.36777875535
0.838361102645,1.12682287458
0.44671848904,2.68698692455
0.544320048974,2.26204582813
0.452205115456,2.66146938205
0.631914629672,1.91704538642
0.441362049485,2.71212619036
0.455348938157,2.64695120162
0.741338920849,1.5051057467
0.680675957568,1.73266643414
0.484856069331,2.51409685321
0.496837488377,2.46176416468
0.744756814293,1.49222046076
0.62358996953,1.94890844707
0.769072277221,1.40000166194
0.830028372819,1.16092795204
0.766473297206,1.40991431368
0.399572955607,2.91680436619
0.534553946183,2.30222118591
0.708985553429,1.62656042456
0.665343920948,1.79031841007
0.400743722929,2.91084443254
0.540932068278,2.2759351157
0.465166435968,2.60208150223
0.734698027447,1.53010179223
0.722567328504,1.57565564052
0.780655022211,1.35561867326
0.736869673303,1.52193312358
0.442317634826,2.70762459406
0.765360478315,1.41415397727
0.800917258389,1.27698349652
0.45482288775,2.64937534226
0.855073203296,1.05688533427
0.58008147994,2.11824537749
0.482833681843,2.52301724797
0.674809209633,1.75470242069
0.416907446958,2.82995384101
0.518697024291,2.36840136114
0.520477077321,2.36091059385
0.572073382657,2.15003365898
0.577834339309,2.12714336204
0.594545048509,2.06136213005
0.462386345518,2.61471709755
0.476777479885,2.54988638127
0.406926496635,2.87960070884
0.802867890471,1.26933322259
0.696900049645,1.67183225361
0.779446436567,1.36026675158
0.399301467212,2.91818842556
0.533002886991,2.3086415773
0.524120427232,2.34562838113
0.42418531866,2.79434028763
0.407193362951,2.87826073333
0.723428856264,1.57242388712
0.670344377873,1.77149186185
0.485345109267,2.51194364193
0.861771564441,1.0281824386
0.765293170153,1.41441032277
0.5587483438,2.20343705284
0.530448315593,2.31924032452
0.709723778323,1.62379492976
0.629726630617,1.9254062196
0.850417962256,1.07659381087
0.432729524412,2.75313159922
0.83926096083,1.12311164661
0.598126184128,2.04737597706
0.527494540922,2.33153386651
0.852802234961,1.06652319562
0.783801105986,1.34349896829
0.752365184121,1.463478076
0.84995299281,1.07855213473
0.783889247035,1.34315898933
0.659335995611,1.81297470147
0.566931661412,2.17056245374
0.610538392524,1.99917460597
0.54953255701,2.24077311172
0.418493328973,2.82215219324
0.844485366832,1.10144859985
0.43432778418,2.74549292145
0.45276731307,2.65886769067
0.685712701104,1.71376695449
0.442040016806,2.708931647
0.723759576873,1.57118317361
0.726549676043,1.56071319019
0.814421864774,1.22367643105
0.420250920999,2.813532914
0.86466316284,1.01565691146
0.694485494651,1.68087925834
0.477845662462,2.54512999289
0.414785506514,2.84042924712
0.756103297486,1.44932249237
0.395063269724,2.93989439146
0.600825756967,2.03685694192
0.656694979825,1.82294819428
0.495823759513,2.46615867896
0.605132170189,2.02011838359
0.463982620007,2.60745528807
0.734046234273,1.53255259135
0.857458607361,1.04671198292
0.550799466172,2.23561999316
0.566157028065,2.17366358041
0.734524312203,1.5307550174
0.726987583365,1.55906943918
0.62788488491,1.93245145755
0.752496101341,1.46298271792
0.623180279341,1.95048034706
0.51277791843,2.39342717879
0.823452250617,1.1875348563
0.847414927389,1.0892103913
0.673989379455,1.75778395679
0.826779528277,1.17410488655
0.63205063336,1.9165260004
0.558832933531,2.20309592238
0.506630835004,2.41961321007
0.805390209998,1.25941716167
0.392364286782,2.95381609105
0.527922786138,2.32974893069
0.715970035481,1.60039069849
0.416046774916,2.8341976487
0.689174436711,1.7007855905
0.696925099814,1.67173840151
0.813317469643,1.22806753092
0.834360115455,1.14325597527
0.424566450163,2.79248845316
0.63583009704,1.90210689943
0.782502497183,1.34850522436
0.57959851019,2.12015636447
0.867112217934,1.00498080426
0.428027265559,2.77573192478
0.641055438452,1.88221533999
0.685151309812,1.71587272895
0.734126255576,1.5322517266
0.711940169404,1.61549142195
0.832500040424,1.15085923358
0.866389753071,1.00813682136
0.593171624174,2.06673597534
0.721201566176,1.58077800531
0.489537213608,2.49354690504
0.437903198752,2.7284821601
0.799982770486,1.28064300774
0.703276816197,1.6479444604
0.525012360222,2.34189714886
0.85715214193,1.04802192707
0.658006300224,1.81799501488
0.827662959769,1.17052813324
0.728957110086,1.5516747678
0.809128954149,1.2446677658
0.591467878811,2.07341007897
0.521261987936,2.35761264265
0.482366771289,2.5250803803
0.814374476183,1.22386497294
0.804404017421,1.26329743979
0.519869407419,2.36346596734
0.744163114732,1.4944597745
0.396379152104,2.93313495127
0.570835363993,2.15496787947
0.685406212809,1.71491656828
0.431653356948,2.75828720467
0.546540430155,2.25297015256
0.476229285883,2.55233027897
0.815867731087,1.21791845448
0.65484964244,1.8299223719
0.482165490803,2.52597020327
0.633008131319,1.91287042758
0.743418548492,1.49726746215
0.454396748195,2.65134058901
0.389689449043,2.96769058846
0.733042139083,1.53632727607
0.712087481391,1.61493949382
0.592714145107,2.0685272112
0.668502698362,1.77842273524
0.403221119526,2.89827908664
0.813988498594,1.22540022201
0.700298841117,1.65909952769
0.545960286442,2.25533941946
0.574445243851,2.14059551081
0.38476488587,2.99344006658
0.724703146125,1.56764295624
0.545548863243,2.25702051381
0.539824539901,2.28048645173
0.69545553633,1.67724446542
0.820626212876,1.19889222994
0.386605992901,2.9837817718
0.71556391125,1.60191276009
0.726462534086,1.56104027433
0.512355464414,2.39522031031
0.671004082236,1.76900997268
0.606563323505,2.01456667455
0.518852703991,2.36774559219
0.789054450031,1.32319258884
0.399264186869,2.91837854174
0.66645023275,1.78615093288
0.782975955009,1.34668059602
0.406052757396,2.8839928075
0.688833231615,1.70206484018
0.469405033978,2.58292122142
0.80647141455,1.2551581906
0.809986190018,1.24127703389
0.776627538769,1.37109181525
0.825316752917,1.18001705045
0.746510081393,1.4856046706
0.856765541014,1.04967316098
0.842053208265,1.11155870654
0.750114535654,1.47198961247
0.617794977237,1.97117762134
0.469218620725,2.58376127654
0.718943427238,1.5892451428
0.473447377456,2.56476293159
0.79502705135,1.29999270474
0.418826763692,2.82051483977
0.776041542801,1.37333939175
0.593208622697,2.06659113674
0.554511011096,2.22056131594
0.659260930008,1.8132580545
0.420521932522,2.81220638226
0.79771504096,1.28950914679
0.76016191201,1.43392460055
0.843683353653,1.10478738796
0.849070683815,1.08226324507
0.850119625156,1.07785053233
0.668046814386,1.78013890847
0.421183122446,2.80897283372
0.408597851652,2.87122012627
0.540906933621,2.27603834517
0.695847591712,1.67577548652
0.736934582422,1.52168889157
0.634371395115,1.90766877604
0.491105017624,2.48669436172
0.58686324907,2.09149204682
0.404086398674,2.89390502991
0.771747155334,1.3897828392
0.483025713896,2.52216911937
0.773968680306,1.38128246248
0.661482277148,1.80487600848
0.429539063481,2.76844503237
0.423839694312,2.79602072079
0.770107510156,1.39604882241
0.507102645646,2.41759608031
0.386284524298,2.98546543645
0.632296753886,1.91558618047
0.849541728829,1.08028276692
0.701518325015,1.65453143243
0.712130435199,1.61477855947
0.706874894577,1.63446686278
0.409579821583,2.86630903772
0.683937446568,1.72042652775
0.691641227198,1.69153853918
0.800119704301,1.28010698629
0.706260510529,1.63676824085
0.410974888242,2.85934804176
0.727260660075,1.55804433461
0.391377613385,2.95892497964
0.452909232108,2.65821130735
0.796906495988,1.2926654738
0.771367287922,1.39123510878
0.718759396413,1.58993507852
0.819415072801,1.20374618831
0.792089478524,1.31141911523
0.811601272103,1.23487936989
0.720347396892,1.5839811041
0.549983134053,2.23893963884
0.464047800221,2.60715915314
0.687793139456,1.70596469466
0.436034520114,2.73735950599
0.818544600815,1.20722997801
0.847254903487,1.08988063924
0.731509978745,1.54208531184
0.392771230608,2.95171203484
0.697696766855,1.6688473656
